dataset,id,candidate,candidate_path,hr_path,lr_path,y_psnr,y_ssim,rgb_psnr,rgb_ssim
DIV2K,0801,bicubic,generated:matlab_bicubic_resize,/home/ubuntu/scratch/sr-diffusion/benchmarks/div2k/DIV2K_valid_HR/0801.png,/home/ubuntu/scratch/sr-diffusion/benchmarks/div2k/DIV2K_valid_LR_bicubic/X4/0801x4.png,28.918895062413313,0.8018290667782313,27.643347589792107,0.7854949209702959
DIV2K,0801,dual_best98000,/home/ubuntu/scratch/sr-diffusion/benchmark_outputs/stage2_dual_best98000/DIV2K/0801/base.png,/home/ubuntu/scratch/sr-diffusion/benchmarks/div2k/DIV2K_valid_HR/0801.png,/home/ubuntu/scratch/sr-diffusion/benchmarks/div2k/DIV2K_valid_LR_bicubic/X4/0801x4.png,30.11830942813134,0.8468860364278418,28.810022860325134,0.8333733942255565
DIV2K,0801,detail_v1_step6000,/home/ubuntu/scratch/sr-diffusion/benchmark_outputs/stage2_detail_perceptual_v1_step6000/DIV2K/0801/base.png,/home/ubuntu/scratch/sr-diffusion/benchmarks/div2k/DIV2K_valid_HR/0801.png,/home/ubuntu/scratch/sr-diffusion/benchmarks/div2k/DIV2K_valid_LR_bicubic/X4/0801x4.png,29.917351062743897,0.8453918479475245,28.606234348235905,0.8316379158195759
DIV2K,0801,detail_v1_latest12000,/home/ubuntu/scratch/sr-diffusion/benchmark_outputs/stage2_detail_perceptual_v1_latest12000/DIV2K/0801/base.png,/home/ubuntu/scratch/sr-diffusion/benchmarks/div2k/DIV2K_valid_HR/0801.png,/home/ubuntu/scratch/sr-diffusion/benchmarks/div2k/DIV2K_valid_LR_bicubic/X4/0801x4.png,30.05363835349999,0.8461131105330534,28.74790661247896,0.832457534798659
DIV2K,0802,bicubic,generated:matlab_bicubic_resize,/home/ubuntu/scratch/sr-diffusion/benchmarks/div2k/DIV2K_valid_HR/0802.png,/home/ubuntu/scratch/sr-diffusion/benchmarks/div2k/DIV2K_valid_LR_bicubic/X4/0802x4.png,34.930950714771704,0.8953074359903685,33.16010272897294,0.8730661544699491
DIV2K,0802,dual_best98000,/home/ubuntu/scratch/sr-diffusion/benchmark_outputs/stage2_dual_best98000/DIV2K/0802/base.png,/home/ubuntu/scratch/sr-diffusion/benchmarks/div2k/DIV2K_valid_HR/0802.png,/home/ubuntu/scratch/sr-diffusion/benchmarks/div2k/DIV2K_valid_LR_bicubic/X4/0802x4.png,37.004690416150794,0.9181676622795344,34.7826931040021,0.8837884581381353
DIV2K,0802,detail_v1_step6000,/home/ubuntu/scratch/sr-diffusion/benchmark_outputs/stage2_detail_perceptual_v1_step6000/DIV2K/0802/base.png,/home/ubuntu/scratch/sr-diffusion/benchmarks/div2k/DIV2K_valid_HR/0802.png,/home/ubuntu/scratch/sr-diffusion/benchmarks/div2k/DIV2K_valid_LR_bicubic/X4/0802x4.png,36.782014340327216,0.9165859301056863,34.62838394906952,0.8796402519326388
DIV2K,0802,detail_v1_latest12000,/home/ubuntu/scratch/sr-diffusion/benchmark_outputs/stage2_detail_perceptual_v1_latest12000/DIV2K/0802/base.png,/home/ubuntu/scratch/sr-diffusion/benchmarks/div2k/DIV2K_valid_HR/0802.png,/home/ubuntu/scratch/sr-diffusion/benchmarks/div2k/DIV2K_valid_LR_bicubic/X4/0802x4.png,36.816894504683255,0.9173558152746946,34.65385469072017,0.8789978412889902
DIV2K,0803,bicubic,generated:matlab_bicubic_resize,/home/ubuntu/scratch/sr-diffusion/benchmarks/div2k/DIV2K_valid_HR/0803.png,/home/ubuntu/scratch/sr-diffusion/benchmarks/div2k/DIV2K_valid_LR_bicubic/X4/0803x4.png,35.05526220916966,0.9527886085921927,33.61202775229642,0.9387728926450074
DIV2K,0803,dual_best98000,/home/ubuntu/scratch/sr-diffusion/benchmark_outputs/stage2_dual_best98000/DIV2K/0803/base.png,/home/ubuntu/scratch/sr-diffusion/benchmarks/div2k/DIV2K_valid_HR/0803.png,/home/ubuntu/scratch/sr-diffusion/benchmarks/div2k/DIV2K_valid_LR_bicubic/X4/0803x4.png,41.92249344093521,0.9792460840045013,39.54812128727314,0.9670183596847649
DIV2K,0803,detail_v1_step6000,/home/ubuntu/scratch/sr-diffusion/benchmark_outputs/stage2_detail_perceptual_v1_step6000/DIV2K/0803/base.png,/home/ubuntu/scratch/sr-diffusion/benchmarks/div2k/DIV2K_valid_HR/0803.png,/home/ubuntu/scratch/sr-diffusion/benchmarks/div2k/DIV2K_valid_LR_bicubic/X4/0803x4.png,41.72675620309347,0.9788719384192858,39.38403809651136,0.9665314188391374
DIV2K,0803,detail_v1_latest12000,/home/ubuntu/scratch/sr-diffusion/benchmark_outputs/stage2_detail_perceptual_v1_latest12000/DIV2K/0803/base.png,/home/ubuntu/scratch/sr-diffusion/benchmarks/div2k/DIV2K_valid_HR/0803.png,/home/ubuntu/scratch/sr-diffusion/benchmarks/div2k/DIV2K_valid_LR_bicubic/X4/0803x4.png,41.792122830019466,0.9791567059307439,39.5183923150591,0.9668550359716264
DIV2K,0804,bicubic,generated:matlab_bicubic_resize,/home/ubuntu/scratch/sr-diffusion/benchmarks/div2k/DIV2K_valid_HR/0804.png,/home/ubuntu/scratch/sr-diffusion/benchmarks/div2k/DIV2K_valid_LR_bicubic/X4/0804x4.png,26.89838873553256,0.7363780585335264,25.382047503703042,0.7073928687788604
DIV2K,0804,dual_best98000,/home/ubuntu/scratch/sr-diffusion/benchmark_outputs/stage2_dual_best98000/DIV2K/0804/base.png,/home/ubuntu/scratch/sr-diffusion/benchmarks/div2k/DIV2K_valid_HR/0804.png,/home/ubuntu/scratch/sr-diffusion/benchmarks/div2k/DIV2K_valid_LR_bicubic/X4/0804x4.png,28.587861384656982,0.8089129869191464,27.058428977656614,0.7842130897792451
DIV2K,0804,detail_v1_step6000,/home/ubuntu/scratch/sr-diffusion/benchmark_outputs/stage2_detail_perceptual_v1_step6000/DIV2K/0804/base.png,/home/ubuntu/scratch/sr-diffusion/benchmarks/div2k/DIV2K_valid_HR/0804.png,/home/ubuntu/scratch/sr-diffusion/benchmarks/div2k/DIV2K_valid_LR_bicubic/X4/0804x4.png,28.410543211218013,0.8081682619353637,26.886857461751124,0.7835335893037699
DIV2K,0804,detail_v1_latest12000,/home/ubuntu/scratch/sr-diffusion/benchmark_outputs/stage2_detail_perceptual_v1_latest12000/DIV2K/0804/base.png,/home/ubuntu/scratch/sr-diffusion/benchmarks/div2k/DIV2K_valid_HR/0804.png,/home/ubuntu/scratch/sr-diffusion/benchmarks/div2k/DIV2K_valid_LR_bicubic/X4/0804x4.png,28.53679431635427,0.8080735577615976,27.012751255330798,0.7832427071891971
DIV2K,0805,bicubic,generated:matlab_bicubic_resize,/home/ubuntu/scratch/sr-diffusion/benchmarks/div2k/DIV2K_valid_HR/0805.png,/home/ubuntu/scratch/sr-diffusion/benchmarks/div2k/DIV2K_valid_LR_bicubic/X4/0805x4.png,28.801797612578316,0.7497834825810444,27.498127193375275,0.7192560273854601
DIV2K,0805,dual_best98000,/home/ubuntu/scratch/sr-diffusion/benchmark_outputs/stage2_dual_best98000/DIV2K/0805/base.png,/home/ubuntu/scratch/sr-diffusion/benchmarks/div2k/DIV2K_valid_HR/0805.png,/home/ubuntu/scratch/sr-diffusion/benchmarks/div2k/DIV2K_valid_LR_bicubic/X4/0805x4.png,29.5322750443031,0.7935462321955956,28.18858244919523,0.7663939685696798
DIV2K,0805,detail_v1_step6000,/home/ubuntu/scratch/sr-diffusion/benchmark_outputs/stage2_detail_perceptual_v1_step6000/DIV2K/0805/base.png,/home/ubuntu/scratch/sr-diffusion/benchmarks/div2k/DIV2K_valid_HR/0805.png,/home/ubuntu/scratch/sr-diffusion/benchmarks/div2k/DIV2K_valid_LR_bicubic/X4/0805x4.png,29.430080524936677,0.7929032826181812,28.08506730745001,0.7658752253378367
DIV2K,0805,detail_v1_latest12000,/home/ubuntu/scratch/sr-diffusion/benchmark_outputs/stage2_detail_perceptual_v1_latest12000/DIV2K/0805/base.png,/home/ubuntu/scratch/sr-diffusion/benchmarks/div2k/DIV2K_valid_HR/0805.png,/home/ubuntu/scratch/sr-diffusion/benchmarks/div2k/DIV2K_valid_LR_bicubic/X4/0805x4.png,29.47790756798737,0.7929271044830115,28.137745785120835,0.7658719314950013
DIV2K,0806,bicubic,generated:matlab_bicubic_resize,/home/ubuntu/scratch/sr-diffusion/benchmarks/div2k/DIV2K_valid_HR/0806.png,/home/ubuntu/scratch/sr-diffusion/benchmarks/div2k/DIV2K_valid_LR_bicubic/X4/0806x4.png,28.18409466223436,0.8318159177787555,26.254558110775843,0.8115800062424722
DIV2K,0806,dual_best98000,/home/ubuntu/scratch/sr-diffusion/benchmark_outputs/stage2_dual_best98000/DIV2K/0806/base.png,/home/ubuntu/scratch/sr-diffusion/benchmarks/div2k/DIV2K_valid_HR/0806.png,/home/ubuntu/scratch/sr-diffusion/benchmarks/div2k/DIV2K_valid_LR_bicubic/X4/0806x4.png,29.772426202467837,0.8710027791544853,27.800599963162718,0.8488414235574427
DIV2K,0806,detail_v1_step6000,/home/ubuntu/scratch/sr-diffusion/benchmark_outputs/stage2_detail_perceptual_v1_step6000/DIV2K/0806/base.png,/home/ubuntu/scratch/sr-diffusion/benchmarks/div2k/DIV2K_valid_HR/0806.png,/home/ubuntu/scratch/sr-diffusion/benchmarks/div2k/DIV2K_valid_LR_bicubic/X4/0806x4.png,29.708902582118423,0.8715438290656679,27.753759623622223,0.8500080418041581
DIV2K,0806,detail_v1_latest12000,/home/ubuntu/scratch/sr-diffusion/benchmark_outputs/stage2_detail_perceptual_v1_latest12000/DIV2K/0806/base.png,/home/ubuntu/scratch/sr-diffusion/benchmarks/div2k/DIV2K_valid_HR/0806.png,/home/ubuntu/scratch/sr-diffusion/benchmarks/div2k/DIV2K_valid_LR_bicubic/X4/0806x4.png,29.77023776175132,0.870927348445368,27.801209405066327,0.8493529028539731
DIV2K,0807,bicubic,generated:matlab_bicubic_resize,/home/ubuntu/scratch/sr-diffusion/benchmarks/div2k/DIV2K_valid_HR/0807.png,/home/ubuntu/scratch/sr-diffusion/benchmarks/div2k/DIV2K_valid_LR_bicubic/X4/0807x4.png,20.923770191455763,0.45080809914988274,19.426190290090723,0.4347874334579946
DIV2K,0807,dual_best98000,/home/ubuntu/scratch/sr-diffusion/benchmark_outputs/stage2_dual_best98000/DIV2K/0807/base.png,/home/ubuntu/scratch/sr-diffusion/benchmarks/div2k/DIV2K_valid_HR/0807.png,/home/ubuntu/scratch/sr-diffusion/benchmarks/div2k/DIV2K_valid_LR_bicubic/X4/0807x4.png,21.580017840755254,0.5234619278493043,20.077997242222764,0.5059935295174532
DIV2K,0807,detail_v1_step6000,/home/ubuntu/scratch/sr-diffusion/benchmark_outputs/stage2_detail_perceptual_v1_step6000/DIV2K/0807/base.png,/home/ubuntu/scratch/sr-diffusion/benchmarks/div2k/DIV2K_valid_HR/0807.png,/home/ubuntu/scratch/sr-diffusion/benchmarks/div2k/DIV2K_valid_LR_bicubic/X4/0807x4.png,21.54382352929442,0.5308147983274581,20.044161698812964,0.511840726873259
DIV2K,0807,detail_v1_latest12000,/home/ubuntu/scratch/sr-diffusion/benchmark_outputs/stage2_detail_perceptual_v1_latest12000/DIV2K/0807/base.png,/home/ubuntu/scratch/sr-diffusion/benchmarks/div2k/DIV2K_valid_HR/0807.png,/home/ubuntu/scratch/sr-diffusion/benchmarks/div2k/DIV2K_valid_LR_bicubic/X4/0807x4.png,21.567231043003282,0.5273319532270836,20.06525558818992,0.508857427186912
DIV2K,0808,bicubic,generated:matlab_bicubic_resize,/home/ubuntu/scratch/sr-diffusion/benchmarks/div2k/DIV2K_valid_HR/0808.png,/home/ubuntu/scratch/sr-diffusion/benchmarks/div2k/DIV2K_valid_LR_bicubic/X4/0808x4.png,26.835505730831436,0.7853498865703669,25.444273211617272,0.7592609647482028
DIV2K,0808,dual_best98000,/home/ubuntu/scratch/sr-diffusion/benchmark_outputs/stage2_dual_best98000/DIV2K/0808/base.png,/home/ubuntu/scratch/sr-diffusion/benchmarks/div2k/DIV2K_valid_HR/0808.png,/home/ubuntu/scratch/sr-diffusion/benchmarks/div2k/DIV2K_valid_LR_bicubic/X4/0808x4.png,27.97265117423467,0.8172416987358674,26.5781289260231,0.7923394747833535
DIV2K,0808,detail_v1_step6000,/home/ubuntu/scratch/sr-diffusion/benchmark_outputs/stage2_detail_perceptual_v1_step6000/DIV2K/0808/base.png,/home/ubuntu/scratch/sr-diffusion/benchmarks/div2k/DIV2K_valid_HR/0808.png,/home/ubuntu/scratch/sr-diffusion/benchmarks/div2k/DIV2K_valid_LR_bicubic/X4/0808x4.png,27.889566444435772,0.8182922749483635,26.49725725419949,0.7933500850172933
DIV2K,0808,detail_v1_latest12000,/home/ubuntu/scratch/sr-diffusion/benchmark_outputs/stage2_detail_perceptual_v1_latest12000/DIV2K/0808/base.png,/home/ubuntu/scratch/sr-diffusion/benchmarks/div2k/DIV2K_valid_HR/0808.png,/home/ubuntu/scratch/sr-diffusion/benchmarks/div2k/DIV2K_valid_LR_bicubic/X4/0808x4.png,27.91148600493837,0.8173647501733831,26.518976790521613,0.7925490511894183
DIV2K,0809,bicubic,generated:matlab_bicubic_resize,/home/ubuntu/scratch/sr-diffusion/benchmarks/div2k/DIV2K_valid_HR/0809.png,/home/ubuntu/scratch/sr-diffusion/benchmarks/div2k/DIV2K_valid_LR_bicubic/X4/0809x4.png,31.979711733414675,0.8339541006473665,30.476746211697915,0.8102264604946058
DIV2K,0809,dual_best98000,/home/ubuntu/scratch/sr-diffusion/benchmark_outputs/stage2_dual_best98000/DIV2K/0809/base.png,/home/ubuntu/scratch/sr-diffusion/benchmarks/div2k/DIV2K_valid_HR/0809.png,/home/ubuntu/scratch/sr-diffusion/benchmarks/div2k/DIV2K_valid_LR_bicubic/X4/0809x4.png,33.20119914334058,0.8752210649733401,31.651870749253987,0.8564820386733016
DIV2K,0809,detail_v1_step6000,/home/ubuntu/scratch/sr-diffusion/benchmark_outputs/stage2_detail_perceptual_v1_step6000/DIV2K/0809/base.png,/home/ubuntu/scratch/sr-diffusion/benchmarks/div2k/DIV2K_valid_HR/0809.png,/home/ubuntu/scratch/sr-diffusion/benchmarks/div2k/DIV2K_valid_LR_bicubic/X4/0809x4.png,32.79089402294605,0.8698121979158068,31.24241698250046,0.8507200861208046
DIV2K,0809,detail_v1_latest12000,/home/ubuntu/scratch/sr-diffusion/benchmark_outputs/stage2_detail_perceptual_v1_latest12000/DIV2K/0809/base.png,/home/ubuntu/scratch/sr-diffusion/benchmarks/div2k/DIV2K_valid_HR/0809.png,/home/ubuntu/scratch/sr-diffusion/benchmarks/div2k/DIV2K_valid_LR_bicubic/X4/0809x4.png,33.0994722698144,0.8731555950161904,31.55903596280502,0.8542108036486818
DIV2K,0810,bicubic,generated:matlab_bicubic_resize,/home/ubuntu/scratch/sr-diffusion/benchmarks/div2k/DIV2K_valid_HR/0810.png,/home/ubuntu/scratch/sr-diffusion/benchmarks/div2k/DIV2K_valid_LR_bicubic/X4/0810x4.png,26.972769027906978,0.7466473508560989,25.796789610372734,0.7213247871108165
DIV2K,0810,dual_best98000,/home/ubuntu/scratch/sr-diffusion/benchmark_outputs/stage2_dual_best98000/DIV2K/0810/base.png,/home/ubuntu/scratch/sr-diffusion/benchmarks/div2k/DIV2K_valid_HR/0810.png,/home/ubuntu/scratch/sr-diffusion/benchmarks/div2k/DIV2K_valid_LR_bicubic/X4/0810x4.png,27.580195004725752,0.7998108220031412,26.34276759873852,0.7772317925095962
DIV2K,0810,detail_v1_step6000,/home/ubuntu/scratch/sr-diffusion/benchmark_outputs/stage2_detail_perceptual_v1_step6000/DIV2K/0810/base.png,/home/ubuntu/scratch/sr-diffusion/benchmarks/div2k/DIV2K_valid_HR/0810.png,/home/ubuntu/scratch/sr-diffusion/benchmarks/div2k/DIV2K_valid_LR_bicubic/X4/0810x4.png,27.44767419647176,0.7983924889354128,26.21169158302908,0.7758922408559604
DIV2K,0810,detail_v1_latest12000,/home/ubuntu/scratch/sr-diffusion/benchmark_outputs/stage2_detail_perceptual_v1_latest12000/DIV2K/0810/base.png,/home/ubuntu/scratch/sr-diffusion/benchmarks/div2k/DIV2K_valid_HR/0810.png,/home/ubuntu/scratch/sr-diffusion/benchmarks/div2k/DIV2K_valid_LR_bicubic/X4/0810x4.png,27.548839027282156,0.7991253708273491,26.315697505518337,0.7765215219368319
DIV2K,0811,bicubic,generated:matlab_bicubic_resize,/home/ubuntu/scratch/sr-diffusion/benchmarks/div2k/DIV2K_valid_HR/0811.png,/home/ubuntu/scratch/sr-diffusion/benchmarks/div2k/DIV2K_valid_LR_bicubic/X4/0811x4.png,29.0753367233034,0.7580004037871899,27.98478754284604,0.7345698550763305
DIV2K,0811,dual_best98000,/home/ubuntu/scratch/sr-diffusion/benchmark_outputs/stage2_dual_best98000/DIV2K/0811/base.png,/home/ubuntu/scratch/sr-diffusion/benchmarks/div2k/DIV2K_valid_HR/0811.png,/home/ubuntu/scratch/sr-diffusion/benchmarks/div2k/DIV2K_valid_LR_bicubic/X4/0811x4.png,29.72748664457683,0.8046096201109242,28.574591987991802,0.7806036730588183
DIV2K,0811,detail_v1_step6000,/home/ubuntu/scratch/sr-diffusion/benchmark_outputs/stage2_detail_perceptual_v1_step6000/DIV2K/0811/base.png,/home/ubuntu/scratch/sr-diffusion/benchmarks/div2k/DIV2K_valid_HR/0811.png,/home/ubuntu/scratch/sr-diffusion/benchmarks/div2k/DIV2K_valid_LR_bicubic/X4/0811x4.png,29.538964644364615,0.80130885890171,28.3894665253372,0.776804569489984
DIV2K,0811,detail_v1_latest12000,/home/ubuntu/scratch/sr-diffusion/benchmark_outputs/stage2_detail_perceptual_v1_latest12000/DIV2K/0811/base.png,/home/ubuntu/scratch/sr-diffusion/benchmarks/div2k/DIV2K_valid_HR/0811.png,/home/ubuntu/scratch/sr-diffusion/benchmarks/div2k/DIV2K_valid_LR_bicubic/X4/0811x4.png,29.700301423334455,0.8031805318995477,28.554627856127798,0.7787143338438497
DIV2K,0812,bicubic,generated:matlab_bicubic_resize,/home/ubuntu/scratch/sr-diffusion/benchmarks/div2k/DIV2K_valid_HR/0812.png,/home/ubuntu/scratch/sr-diffusion/benchmarks/div2k/DIV2K_valid_LR_bicubic/X4/0812x4.png,26.850286416339078,0.7550489673518418,25.614347536681812,0.735071034052012
DIV2K,0812,dual_best98000,/home/ubuntu/scratch/sr-diffusion/benchmark_outputs/stage2_dual_best98000/DIV2K/0812/base.png,/home/ubuntu/scratch/sr-diffusion/benchmarks/div2k/DIV2K_valid_HR/0812.png,/home/ubuntu/scratch/sr-diffusion/benchmarks/div2k/DIV2K_valid_LR_bicubic/X4/0812x4.png,28.710581150437307,0.8199321187383456,27.46923784196367,0.8027906181723538
DIV2K,0812,detail_v1_step6000,/home/ubuntu/scratch/sr-diffusion/benchmark_outputs/stage2_detail_perceptual_v1_step6000/DIV2K/0812/base.png,/home/ubuntu/scratch/sr-diffusion/benchmarks/div2k/DIV2K_valid_HR/0812.png,/home/ubuntu/scratch/sr-diffusion/benchmarks/div2k/DIV2K_valid_LR_bicubic/X4/0812x4.png,28.540910353743286,0.819481792301067,27.29566377224899,0.8022560778615473
DIV2K,0812,detail_v1_latest12000,/home/ubuntu/scratch/sr-diffusion/benchmark_outputs/stage2_detail_perceptual_v1_latest12000/DIV2K/0812/base.png,/home/ubuntu/scratch/sr-diffusion/benchmarks/div2k/DIV2K_valid_HR/0812.png,/home/ubuntu/scratch/sr-diffusion/benchmarks/div2k/DIV2K_valid_LR_bicubic/X4/0812x4.png,28.69067994386419,0.8197260302677426,27.448580935358386,0.802532980806619
DIV2K,0813,bicubic,generated:matlab_bicubic_resize,/home/ubuntu/scratch/sr-diffusion/benchmarks/div2k/DIV2K_valid_HR/0813.png,/home/ubuntu/scratch/sr-diffusion/benchmarks/div2k/DIV2K_valid_LR_bicubic/X4/0813x4.png,30.20637705153463,0.8579755667057617,28.822028775596156,0.8334216255418824
DIV2K,0813,dual_best98000,/home/ubuntu/scratch/sr-diffusion/benchmark_outputs/stage2_dual_best98000/DIV2K/0813/base.png,/home/ubuntu/scratch/sr-diffusion/benchmarks/div2k/DIV2K_valid_HR/0813.png,/home/ubuntu/scratch/sr-diffusion/benchmarks/div2k/DIV2K_valid_LR_bicubic/X4/0813x4.png,32.49716312683945,0.8960667533239162,31.037420062455695,0.8732978064154726
DIV2K,0813,detail_v1_step6000,/home/ubuntu/scratch/sr-diffusion/benchmark_outputs/stage2_detail_perceptual_v1_step6000/DIV2K/0813/base.png,/home/ubuntu/scratch/sr-diffusion/benchmarks/div2k/DIV2K_valid_HR/0813.png,/home/ubuntu/scratch/sr-diffusion/benchmarks/div2k/DIV2K_valid_LR_bicubic/X4/0813x4.png,32.34436640604435,0.8955577983871768,30.889795197893648,0.8726900925877047
DIV2K,0813,detail_v1_latest12000,/home/ubuntu/scratch/sr-diffusion/benchmark_outputs/stage2_detail_perceptual_v1_latest12000/DIV2K/0813/base.png,/home/ubuntu/scratch/sr-diffusion/benchmarks/div2k/DIV2K_valid_HR/0813.png,/home/ubuntu/scratch/sr-diffusion/benchmarks/div2k/DIV2K_valid_LR_bicubic/X4/0813x4.png,32.48243548508793,0.8959633371891677,31.030300409893993,0.8728521820387983
DIV2K,0814,bicubic,generated:matlab_bicubic_resize,/home/ubuntu/scratch/sr-diffusion/benchmarks/div2k/DIV2K_valid_HR/0814.png,/home/ubuntu/scratch/sr-diffusion/benchmarks/div2k/DIV2K_valid_LR_bicubic/X4/0814x4.png,27.949684886370715,0.8735567824279529,26.554310588486246,0.8599674429816595
DIV2K,0814,dual_best98000,/home/ubuntu/scratch/sr-diffusion/benchmark_outputs/stage2_dual_best98000/DIV2K/0814/base.png,/home/ubuntu/scratch/sr-diffusion/benchmarks/div2k/DIV2K_valid_HR/0814.png,/home/ubuntu/scratch/sr-diffusion/benchmarks/div2k/DIV2K_valid_LR_bicubic/X4/0814x4.png,29.254270398379933,0.9024965194572944,27.819038234561056,0.8895811880286556
DIV2K,0814,detail_v1_step6000,/home/ubuntu/scratch/sr-diffusion/benchmark_outputs/stage2_detail_perceptual_v1_step6000/DIV2K/0814/base.png,/home/ubuntu/scratch/sr-diffusion/benchmarks/div2k/DIV2K_valid_HR/0814.png,/home/ubuntu/scratch/sr-diffusion/benchmarks/div2k/DIV2K_valid_LR_bicubic/X4/0814x4.png,29.201310681340196,0.9037653611925697,27.76427321250498,0.8910211673798827
DIV2K,0814,detail_v1_latest12000,/home/ubuntu/scratch/sr-diffusion/benchmark_outputs/stage2_detail_perceptual_v1_latest12000/DIV2K/0814/base.png,/home/ubuntu/scratch/sr-diffusion/benchmarks/div2k/DIV2K_valid_HR/0814.png,/home/ubuntu/scratch/sr-diffusion/benchmarks/div2k/DIV2K_valid_LR_bicubic/X4/0814x4.png,29.225048773698376,0.9032022594107123,27.784990918496824,0.8902816343679826
DIV2K,0815,bicubic,generated:matlab_bicubic_resize,/home/ubuntu/scratch/sr-diffusion/benchmarks/div2k/DIV2K_valid_HR/0815.png,/home/ubuntu/scratch/sr-diffusion/benchmarks/div2k/DIV2K_valid_LR_bicubic/X4/0815x4.png,33.81687062488898,0.9121340016665614,31.655587982723944,0.8905805053574912
DIV2K,0815,dual_best98000,/home/ubuntu/scratch/sr-diffusion/benchmark_outputs/stage2_dual_best98000/DIV2K/0815/base.png,/home/ubuntu/scratch/sr-diffusion/benchmarks/div2k/DIV2K_valid_HR/0815.png,/home/ubuntu/scratch/sr-diffusion/benchmarks/div2k/DIV2K_valid_LR_bicubic/X4/0815x4.png,35.81807143643448,0.9319162029137302,33.50269575941593,0.9123369293501401
DIV2K,0815,detail_v1_step6000,/home/ubuntu/scratch/sr-diffusion/benchmark_outputs/stage2_detail_perceptual_v1_step6000/DIV2K/0815/base.png,/home/ubuntu/scratch/sr-diffusion/benchmarks/div2k/DIV2K_valid_HR/0815.png,/home/ubuntu/scratch/sr-diffusion/benchmarks/div2k/DIV2K_valid_LR_bicubic/X4/0815x4.png,35.85005745585837,0.932131936275437,33.52811663187927,0.9126012088525363
DIV2K,0815,detail_v1_latest12000,/home/ubuntu/scratch/sr-diffusion/benchmark_outputs/stage2_detail_perceptual_v1_latest12000/DIV2K/0815/base.png,/home/ubuntu/scratch/sr-diffusion/benchmarks/div2k/DIV2K_valid_HR/0815.png,/home/ubuntu/scratch/sr-diffusion/benchmarks/div2k/DIV2K_valid_LR_bicubic/X4/0815x4.png,35.873601653845625,0.9321594039202578,33.556753762941554,0.9125781128868775
DIV2K,0816,bicubic,generated:matlab_bicubic_resize,/home/ubuntu/scratch/sr-diffusion/benchmarks/div2k/DIV2K_valid_HR/0816.png,/home/ubuntu/scratch/sr-diffusion/benchmarks/div2k/DIV2K_valid_LR_bicubic/X4/0816x4.png,31.00305407963418,0.8159233707727152,29.697207748413625,0.7912232439913568
DIV2K,0816,dual_best98000,/home/ubuntu/scratch/sr-diffusion/benchmark_outputs/stage2_dual_best98000/DIV2K/0816/base.png,/home/ubuntu/scratch/sr-diffusion/benchmarks/div2k/DIV2K_valid_HR/0816.png,/home/ubuntu/scratch/sr-diffusion/benchmarks/div2k/DIV2K_valid_LR_bicubic/X4/0816x4.png,32.84579520558192,0.8574570676972276,31.505077397452602,0.8361900638248604
DIV2K,0816,detail_v1_step6000,/home/ubuntu/scratch/sr-diffusion/benchmark_outputs/stage2_detail_perceptual_v1_step6000/DIV2K/0816/base.png,/home/ubuntu/scratch/sr-diffusion/benchmarks/div2k/DIV2K_valid_HR/0816.png,/home/ubuntu/scratch/sr-diffusion/benchmarks/div2k/DIV2K_valid_LR_bicubic/X4/0816x4.png,32.74267090070872,0.8567089041762973,31.403498661476704,0.8354087023841007
DIV2K,0816,detail_v1_latest12000,/home/ubuntu/scratch/sr-diffusion/benchmark_outputs/stage2_detail_perceptual_v1_latest12000/DIV2K/0816/base.png,/home/ubuntu/scratch/sr-diffusion/benchmarks/div2k/DIV2K_valid_HR/0816.png,/home/ubuntu/scratch/sr-diffusion/benchmarks/div2k/DIV2K_valid_LR_bicubic/X4/0816x4.png,32.82315756072268,0.856884715571919,31.486606759825023,0.8355452604547562
DIV2K,0817,bicubic,generated:matlab_bicubic_resize,/home/ubuntu/scratch/sr-diffusion/benchmarks/div2k/DIV2K_valid_HR/0817.png,/home/ubuntu/scratch/sr-diffusion/benchmarks/div2k/DIV2K_valid_LR_bicubic/X4/0817x4.png,31.788819354848957,0.8670286157101559,29.948732829223555,0.8460299578435024
DIV2K,0817,dual_best98000,/home/ubuntu/scratch/sr-diffusion/benchmark_outputs/stage2_dual_best98000/DIV2K/0817/base.png,/home/ubuntu/scratch/sr-diffusion/benchmarks/div2k/DIV2K_valid_HR/0817.png,/home/ubuntu/scratch/sr-diffusion/benchmarks/div2k/DIV2K_valid_LR_bicubic/X4/0817x4.png,33.210039873632134,0.8976190056364779,31.358645271820144,0.8771294188129141
DIV2K,0817,detail_v1_step6000,/home/ubuntu/scratch/sr-diffusion/benchmark_outputs/stage2_detail_perceptual_v1_step6000/DIV2K/0817/base.png,/home/ubuntu/scratch/sr-diffusion/benchmarks/div2k/DIV2K_valid_HR/0817.png,/home/ubuntu/scratch/sr-diffusion/benchmarks/div2k/DIV2K_valid_LR_bicubic/X4/0817x4.png,32.84813338528677,0.8951742726150598,30.999029560300173,0.8743724010491443
DIV2K,0817,detail_v1_latest12000,/home/ubuntu/scratch/sr-diffusion/benchmark_outputs/stage2_detail_perceptual_v1_latest12000/DIV2K/0817/base.png,/home/ubuntu/scratch/sr-diffusion/benchmarks/div2k/DIV2K_valid_HR/0817.png,/home/ubuntu/scratch/sr-diffusion/benchmarks/div2k/DIV2K_valid_LR_bicubic/X4/0817x4.png,33.13447996486629,0.8968297371391658,31.296660585389425,0.8761301007392209
DIV2K,0818,bicubic,generated:matlab_bicubic_resize,/home/ubuntu/scratch/sr-diffusion/benchmarks/div2k/DIV2K_valid_HR/0818.png,/home/ubuntu/scratch/sr-diffusion/benchmarks/div2k/DIV2K_valid_LR_bicubic/X4/0818x4.png,27.844286231432886,0.8601930564322972,26.551832777424465,0.8465231602733815
DIV2K,0818,dual_best98000,/home/ubuntu/scratch/sr-diffusion/benchmark_outputs/stage2_dual_best98000/DIV2K/0818/base.png,/home/ubuntu/scratch/sr-diffusion/benchmarks/div2k/DIV2K_valid_HR/0818.png,/home/ubuntu/scratch/sr-diffusion/benchmarks/div2k/DIV2K_valid_LR_bicubic/X4/0818x4.png,29.87809024392094,0.9048483756279588,28.518943331337123,0.8909912331533786
DIV2K,0818,detail_v1_step6000,/home/ubuntu/scratch/sr-diffusion/benchmark_outputs/stage2_detail_perceptual_v1_step6000/DIV2K/0818/base.png,/home/ubuntu/scratch/sr-diffusion/benchmarks/div2k/DIV2K_valid_HR/0818.png,/home/ubuntu/scratch/sr-diffusion/benchmarks/div2k/DIV2K_valid_LR_bicubic/X4/0818x4.png,29.86197594713208,0.9060384214516595,28.475350608722458,0.8911331095562773
DIV2K,0818,detail_v1_latest12000,/home/ubuntu/scratch/sr-diffusion/benchmark_outputs/stage2_detail_perceptual_v1_latest12000/DIV2K/0818/base.png,/home/ubuntu/scratch/sr-diffusion/benchmarks/div2k/DIV2K_valid_HR/0818.png,/home/ubuntu/scratch/sr-diffusion/benchmarks/div2k/DIV2K_valid_LR_bicubic/X4/0818x4.png,29.882982200892137,0.905402185206698,28.50827615090193,0.8906990575674673
DIV2K,0819,bicubic,generated:matlab_bicubic_resize,/home/ubuntu/scratch/sr-diffusion/benchmarks/div2k/DIV2K_valid_HR/0819.png,/home/ubuntu/scratch/sr-diffusion/benchmarks/div2k/DIV2K_valid_LR_bicubic/X4/0819x4.png,27.95957605572735,0.7707426840006759,26.37853157446488,0.74507536082521
DIV2K,0819,dual_best98000,/home/ubuntu/scratch/sr-diffusion/benchmark_outputs/stage2_dual_best98000/DIV2K/0819/base.png,/home/ubuntu/scratch/sr-diffusion/benchmarks/div2k/DIV2K_valid_HR/0819.png,/home/ubuntu/scratch/sr-diffusion/benchmarks/div2k/DIV2K_valid_LR_bicubic/X4/0819x4.png,29.3461375826277,0.8291800091716881,27.721436471526456,0.8084543086263851
DIV2K,0819,detail_v1_step6000,/home/ubuntu/scratch/sr-diffusion/benchmark_outputs/stage2_detail_perceptual_v1_step6000/DIV2K/0819/base.png,/home/ubuntu/scratch/sr-diffusion/benchmarks/div2k/DIV2K_valid_HR/0819.png,/home/ubuntu/scratch/sr-diffusion/benchmarks/div2k/DIV2K_valid_LR_bicubic/X4/0819x4.png,29.212350175910444,0.8298626174298278,27.594248825162616,0.8093945076563894
DIV2K,0819,detail_v1_latest12000,/home/ubuntu/scratch/sr-diffusion/benchmark_outputs/stage2_detail_perceptual_v1_latest12000/DIV2K/0819/base.png,/home/ubuntu/scratch/sr-diffusion/benchmarks/div2k/DIV2K_valid_HR/0819.png,/home/ubuntu/scratch/sr-diffusion/benchmarks/div2k/DIV2K_valid_LR_bicubic/X4/0819x4.png,29.278351029711164,0.8292417660145669,27.659268102456835,0.8084853783656855
DIV2K,0820,bicubic,generated:matlab_bicubic_resize,/home/ubuntu/scratch/sr-diffusion/benchmarks/div2k/DIV2K_valid_HR/0820.png,/home/ubuntu/scratch/sr-diffusion/benchmarks/div2k/DIV2K_valid_LR_bicubic/X4/0820x4.png,23.010632059767715,0.6890144914993952,21.617918585228594,0.6675543918039016
DIV2K,0820,dual_best98000,/home/ubuntu/scratch/sr-diffusion/benchmark_outputs/stage2_dual_best98000/DIV2K/0820/base.png,/home/ubuntu/scratch/sr-diffusion/benchmarks/div2k/DIV2K_valid_HR/0820.png,/home/ubuntu/scratch/sr-diffusion/benchmarks/div2k/DIV2K_valid_LR_bicubic/X4/0820x4.png,25.39944935840069,0.8050717357050542,24.008441897471474,0.7895565569108806
DIV2K,0820,detail_v1_step6000,/home/ubuntu/scratch/sr-diffusion/benchmark_outputs/stage2_detail_perceptual_v1_step6000/DIV2K/0820/base.png,/home/ubuntu/scratch/sr-diffusion/benchmarks/div2k/DIV2K_valid_HR/0820.png,/home/ubuntu/scratch/sr-diffusion/benchmarks/div2k/DIV2K_valid_LR_bicubic/X4/0820x4.png,25.334979122547516,0.806531756086573,23.943983736482704,0.7912534223239565
DIV2K,0820,detail_v1_latest12000,/home/ubuntu/scratch/sr-diffusion/benchmark_outputs/stage2_detail_perceptual_v1_latest12000/DIV2K/0820/base.png,/home/ubuntu/scratch/sr-diffusion/benchmarks/div2k/DIV2K_valid_HR/0820.png,/home/ubuntu/scratch/sr-diffusion/benchmarks/div2k/DIV2K_valid_LR_bicubic/X4/0820x4.png,25.422915956467122,0.8059147119718981,24.033948682947972,0.7905206201336216
DIV2K,0821,bicubic,generated:matlab_bicubic_resize,/home/ubuntu/scratch/sr-diffusion/benchmarks/div2k/DIV2K_valid_HR/0821.png,/home/ubuntu/scratch/sr-diffusion/benchmarks/div2k/DIV2K_valid_LR_bicubic/X4/0821x4.png,26.450391489233557,0.8393145324076938,25.171369469536856,0.8098951567637608
DIV2K,0821,dual_best98000,/home/ubuntu/scratch/sr-diffusion/benchmark_outputs/stage2_dual_best98000/DIV2K/0821/base.png,/home/ubuntu/scratch/sr-diffusion/benchmarks/div2k/DIV2K_valid_HR/0821.png,/home/ubuntu/scratch/sr-diffusion/benchmarks/div2k/DIV2K_valid_LR_bicubic/X4/0821x4.png,32.61151315378647,0.9321330733610933,31.146263658830126,0.9134010951094397
DIV2K,0821,detail_v1_step6000,/home/ubuntu/scratch/sr-diffusion/benchmark_outputs/stage2_detail_perceptual_v1_step6000/DIV2K/0821/base.png,/home/ubuntu/scratch/sr-diffusion/benchmarks/div2k/DIV2K_valid_HR/0821.png,/home/ubuntu/scratch/sr-diffusion/benchmarks/div2k/DIV2K_valid_LR_bicubic/X4/0821x4.png,32.551378936254636,0.9326017322172878,31.090364196763176,0.914799026780457
DIV2K,0821,detail_v1_latest12000,/home/ubuntu/scratch/sr-diffusion/benchmark_outputs/stage2_detail_perceptual_v1_latest12000/DIV2K/0821/base.png,/home/ubuntu/scratch/sr-diffusion/benchmarks/div2k/DIV2K_valid_HR/0821.png,/home/ubuntu/scratch/sr-diffusion/benchmarks/div2k/DIV2K_valid_LR_bicubic/X4/0821x4.png,32.765322709509604,0.932923509358836,31.34156601991332,0.9148250343810042
DIV2K,0822,bicubic,generated:matlab_bicubic_resize,/home/ubuntu/scratch/sr-diffusion/benchmarks/div2k/DIV2K_valid_HR/0822.png,/home/ubuntu/scratch/sr-diffusion/benchmarks/div2k/DIV2K_valid_LR_bicubic/X4/0822x4.png,29.28314948991222,0.8080404432984737,27.977955435337556,0.7837239224104194
DIV2K,0822,dual_best98000,/home/ubuntu/scratch/sr-diffusion/benchmark_outputs/stage2_dual_best98000/DIV2K/0822/base.png,/home/ubuntu/scratch/sr-diffusion/benchmarks/div2k/DIV2K_valid_HR/0822.png,/home/ubuntu/scratch/sr-diffusion/benchmarks/div2k/DIV2K_valid_LR_bicubic/X4/0822x4.png,31.75722377880075,0.8810699040890368,30.27446675408929,0.8603308450763995
DIV2K,0822,detail_v1_step6000,/home/ubuntu/scratch/sr-diffusion/benchmark_outputs/stage2_detail_perceptual_v1_step6000/DIV2K/0822/base.png,/home/ubuntu/scratch/sr-diffusion/benchmarks/div2k/DIV2K_valid_HR/0822.png,/home/ubuntu/scratch/sr-diffusion/benchmarks/div2k/DIV2K_valid_LR_bicubic/X4/0822x4.png,31.49612000150711,0.8789087272327083,30.03960635492735,0.858170041762815
DIV2K,0822,detail_v1_latest12000,/home/ubuntu/scratch/sr-diffusion/benchmark_outputs/stage2_detail_perceptual_v1_latest12000/DIV2K/0822/base.png,/home/ubuntu/scratch/sr-diffusion/benchmarks/div2k/DIV2K_valid_HR/0822.png,/home/ubuntu/scratch/sr-diffusion/benchmarks/div2k/DIV2K_valid_LR_bicubic/X4/0822x4.png,31.71767849050982,0.8806873241045726,30.254878095448014,0.8599892238919349
DIV2K,0823,bicubic,generated:matlab_bicubic_resize,/home/ubuntu/scratch/sr-diffusion/benchmarks/div2k/DIV2K_valid_HR/0823.png,/home/ubuntu/scratch/sr-diffusion/benchmarks/div2k/DIV2K_valid_LR_bicubic/X4/0823x4.png,25.70637388528983,0.7705294852763311,24.375875469953723,0.7505081697702325
DIV2K,0823,dual_best98000,/home/ubuntu/scratch/sr-diffusion/benchmark_outputs/stage2_dual_best98000/DIV2K/0823/base.png,/home/ubuntu/scratch/sr-diffusion/benchmarks/div2k/DIV2K_valid_HR/0823.png,/home/ubuntu/scratch/sr-diffusion/benchmarks/div2k/DIV2K_valid_LR_bicubic/X4/0823x4.png,27.0626279831451,0.824121187192384,25.711270237148472,0.8040589622943269
DIV2K,0823,detail_v1_step6000,/home/ubuntu/scratch/sr-diffusion/benchmark_outputs/stage2_detail_perceptual_v1_step6000/DIV2K/0823/base.png,/home/ubuntu/scratch/sr-diffusion/benchmarks/div2k/DIV2K_valid_HR/0823.png,/home/ubuntu/scratch/sr-diffusion/benchmarks/div2k/DIV2K_valid_LR_bicubic/X4/0823x4.png,27.015826549270123,0.8262683175710017,25.663436066658207,0.806379265982012
DIV2K,0823,detail_v1_latest12000,/home/ubuntu/scratch/sr-diffusion/benchmark_outputs/stage2_detail_perceptual_v1_latest12000/DIV2K/0823/base.png,/home/ubuntu/scratch/sr-diffusion/benchmarks/div2k/DIV2K_valid_HR/0823.png,/home/ubuntu/scratch/sr-diffusion/benchmarks/div2k/DIV2K_valid_LR_bicubic/X4/0823x4.png,27.03741998694934,0.8254071456652956,25.68511063538633,0.8050324491064594
DIV2K,0824,bicubic,generated:matlab_bicubic_resize,/home/ubuntu/scratch/sr-diffusion/benchmarks/div2k/DIV2K_valid_HR/0824.png,/home/ubuntu/scratch/sr-diffusion/benchmarks/div2k/DIV2K_valid_LR_bicubic/X4/0824x4.png,26.72851404137316,0.8438952770081909,25.337210146303015,0.8293048289258164
DIV2K,0824,dual_best98000,/home/ubuntu/scratch/sr-diffusion/benchmark_outputs/stage2_dual_best98000/DIV2K/0824/base.png,/home/ubuntu/scratch/sr-diffusion/benchmarks/div2k/DIV2K_valid_HR/0824.png,/home/ubuntu/scratch/sr-diffusion/benchmarks/div2k/DIV2K_valid_LR_bicubic/X4/0824x4.png,29.52885877107689,0.8976711869614347,28.088864258260365,0.884981730416424
DIV2K,0824,detail_v1_step6000,/home/ubuntu/scratch/sr-diffusion/benchmark_outputs/stage2_detail_perceptual_v1_step6000/DIV2K/0824/base.png,/home/ubuntu/scratch/sr-diffusion/benchmarks/div2k/DIV2K_valid_HR/0824.png,/home/ubuntu/scratch/sr-diffusion/benchmarks/div2k/DIV2K_valid_LR_bicubic/X4/0824x4.png,29.52164303436693,0.8988324154597307,28.08240238225599,0.8861089128494841
DIV2K,0824,detail_v1_latest12000,/home/ubuntu/scratch/sr-diffusion/benchmark_outputs/stage2_detail_perceptual_v1_latest12000/DIV2K/0824/base.png,/home/ubuntu/scratch/sr-diffusion/benchmarks/div2k/DIV2K_valid_HR/0824.png,/home/ubuntu/scratch/sr-diffusion/benchmarks/div2k/DIV2K_valid_LR_bicubic/X4/0824x4.png,29.546302473320445,0.8982394606237292,28.108280366598656,0.8855168237155864
DIV2K,0825,bicubic,generated:matlab_bicubic_resize,/home/ubuntu/scratch/sr-diffusion/benchmarks/div2k/DIV2K_valid_HR/0825.png,/home/ubuntu/scratch/sr-diffusion/benchmarks/div2k/DIV2K_valid_LR_bicubic/X4/0825x4.png,26.15678238943612,0.7552285909923018,24.751175199099258,0.7327109414742417
DIV2K,0825,dual_best98000,/home/ubuntu/scratch/sr-diffusion/benchmark_outputs/stage2_dual_best98000/DIV2K/0825/base.png,/home/ubuntu/scratch/sr-diffusion/benchmarks/div2k/DIV2K_valid_HR/0825.png,/home/ubuntu/scratch/sr-diffusion/benchmarks/div2k/DIV2K_valid_LR_bicubic/X4/0825x4.png,28.522943467647792,0.8309496233772266,27.105406626215654,0.8120316636762883
DIV2K,0825,detail_v1_step6000,/home/ubuntu/scratch/sr-diffusion/benchmark_outputs/stage2_detail_perceptual_v1_step6000/DIV2K/0825/base.png,/home/ubuntu/scratch/sr-diffusion/benchmarks/div2k/DIV2K_valid_HR/0825.png,/home/ubuntu/scratch/sr-diffusion/benchmarks/div2k/DIV2K_valid_LR_bicubic/X4/0825x4.png,28.462475763545385,0.8316900352246345,27.042527066332894,0.812776257467465
DIV2K,0825,detail_v1_latest12000,/home/ubuntu/scratch/sr-diffusion/benchmark_outputs/stage2_detail_perceptual_v1_latest12000/DIV2K/0825/base.png,/home/ubuntu/scratch/sr-diffusion/benchmarks/div2k/DIV2K_valid_HR/0825.png,/home/ubuntu/scratch/sr-diffusion/benchmarks/div2k/DIV2K_valid_LR_bicubic/X4/0825x4.png,28.516276062638426,0.831653158869732,27.100365269284026,0.8127070837667754
DIV2K,0826,bicubic,generated:matlab_bicubic_resize,/home/ubuntu/scratch/sr-diffusion/benchmarks/div2k/DIV2K_valid_HR/0826.png,/home/ubuntu/scratch/sr-diffusion/benchmarks/div2k/DIV2K_valid_LR_bicubic/X4/0826x4.png,24.16530630140638,0.7035666673474312,22.943933081945463,0.6855092764438577
DIV2K,0826,dual_best98000,/home/ubuntu/scratch/sr-diffusion/benchmark_outputs/stage2_dual_best98000/DIV2K/0826/base.png,/home/ubuntu/scratch/sr-diffusion/benchmarks/div2k/DIV2K_valid_HR/0826.png,/home/ubuntu/scratch/sr-diffusion/benchmarks/div2k/DIV2K_valid_LR_bicubic/X4/0826x4.png,25.288016646349103,0.7701096420703842,24.051505807354012,0.7530158652491957
DIV2K,0826,detail_v1_step6000,/home/ubuntu/scratch/sr-diffusion/benchmark_outputs/stage2_detail_perceptual_v1_step6000/DIV2K/0826/base.png,/home/ubuntu/scratch/sr-diffusion/benchmarks/div2k/DIV2K_valid_HR/0826.png,/home/ubuntu/scratch/sr-diffusion/benchmarks/div2k/DIV2K_valid_LR_bicubic/X4/0826x4.png,25.234929495075473,0.7721957072806515,23.99546742227592,0.7549238615569092
DIV2K,0826,detail_v1_latest12000,/home/ubuntu/scratch/sr-diffusion/benchmark_outputs/stage2_detail_perceptual_v1_latest12000/DIV2K/0826/base.png,/home/ubuntu/scratch/sr-diffusion/benchmarks/div2k/DIV2K_valid_HR/0826.png,/home/ubuntu/scratch/sr-diffusion/benchmarks/div2k/DIV2K_valid_LR_bicubic/X4/0826x4.png,25.276561088984412,0.77049059904854,24.04329427711978,0.7534207072825322
DIV2K,0827,bicubic,generated:matlab_bicubic_resize,/home/ubuntu/scratch/sr-diffusion/benchmarks/div2k/DIV2K_valid_HR/0827.png,/home/ubuntu/scratch/sr-diffusion/benchmarks/div2k/DIV2K_valid_LR_bicubic/X4/0827x4.png,31.854097550119796,0.8712306061707175,30.49099731700653,0.8465892177779093
DIV2K,0827,dual_best98000,/home/ubuntu/scratch/sr-diffusion/benchmark_outputs/stage2_dual_best98000/DIV2K/0827/base.png,/home/ubuntu/scratch/sr-diffusion/benchmarks/div2k/DIV2K_valid_HR/0827.png,/home/ubuntu/scratch/sr-diffusion/benchmarks/div2k/DIV2K_valid_LR_bicubic/X4/0827x4.png,34.409194895112066,0.9006746077271183,32.99431377471267,0.8787820640783446
DIV2K,0827,detail_v1_step6000,/home/ubuntu/scratch/sr-diffusion/benchmark_outputs/stage2_detail_perceptual_v1_step6000/DIV2K/0827/base.png,/home/ubuntu/scratch/sr-diffusion/benchmarks/div2k/DIV2K_valid_HR/0827.png,/home/ubuntu/scratch/sr-diffusion/benchmarks/div2k/DIV2K_valid_LR_bicubic/X4/0827x4.png,34.45853175843483,0.9005333030329364,33.05134408021566,0.8786158204254145
DIV2K,0827,detail_v1_latest12000,/home/ubuntu/scratch/sr-diffusion/benchmark_outputs/stage2_detail_perceptual_v1_latest12000/DIV2K/0827/base.png,/home/ubuntu/scratch/sr-diffusion/benchmarks/div2k/DIV2K_valid_HR/0827.png,/home/ubuntu/scratch/sr-diffusion/benchmarks/div2k/DIV2K_valid_LR_bicubic/X4/0827x4.png,34.486317162528636,0.9007202196311717,33.085109287579414,0.87877416084308
DIV2K,0828,bicubic,generated:matlab_bicubic_resize,/home/ubuntu/scratch/sr-diffusion/benchmarks/div2k/DIV2K_valid_HR/0828.png,/home/ubuntu/scratch/sr-diffusion/benchmarks/div2k/DIV2K_valid_LR_bicubic/X4/0828x4.png,17.39569011692606,0.6771524769222559,16.453211649848477,0.6455010307601051
DIV2K,0828,dual_best98000,/home/ubuntu/scratch/sr-diffusion/benchmark_outputs/stage2_dual_best98000/DIV2K/0828/base.png,/home/ubuntu/scratch/sr-diffusion/benchmarks/div2k/DIV2K_valid_HR/0828.png,/home/ubuntu/scratch/sr-diffusion/benchmarks/div2k/DIV2K_valid_LR_bicubic/X4/0828x4.png,20.71016624023465,0.8790822291498499,19.63741263178536,0.8343356970041512
DIV2K,0828,detail_v1_step6000,/home/ubuntu/scratch/sr-diffusion/benchmark_outputs/stage2_detail_perceptual_v1_step6000/DIV2K/0828/base.png,/home/ubuntu/scratch/sr-diffusion/benchmarks/div2k/DIV2K_valid_HR/0828.png,/home/ubuntu/scratch/sr-diffusion/benchmarks/div2k/DIV2K_valid_LR_bicubic/X4/0828x4.png,20.746223139137104,0.8813210968539998,19.67498762531455,0.8361582555701158
DIV2K,0828,detail_v1_latest12000,/home/ubuntu/scratch/sr-diffusion/benchmark_outputs/stage2_detail_perceptual_v1_latest12000/DIV2K/0828/base.png,/home/ubuntu/scratch/sr-diffusion/benchmarks/div2k/DIV2K_valid_HR/0828.png,/home/ubuntu/scratch/sr-diffusion/benchmarks/div2k/DIV2K_valid_LR_bicubic/X4/0828x4.png,20.786715141421194,0.8822665834695945,19.711920876872,0.8394953848531355
DIV2K,0829,bicubic,generated:matlab_bicubic_resize,/home/ubuntu/scratch/sr-diffusion/benchmarks/div2k/DIV2K_valid_HR/0829.png,/home/ubuntu/scratch/sr-diffusion/benchmarks/div2k/DIV2K_valid_LR_bicubic/X4/0829x4.png,27.25706643294403,0.5485463858688163,25.9539061447768,0.4987054141568446
DIV2K,0829,dual_best98000,/home/ubuntu/scratch/sr-diffusion/benchmark_outputs/stage2_dual_best98000/DIV2K/0829/base.png,/home/ubuntu/scratch/sr-diffusion/benchmarks/div2k/DIV2K_valid_HR/0829.png,/home/ubuntu/scratch/sr-diffusion/benchmarks/div2k/DIV2K_valid_LR_bicubic/X4/0829x4.png,27.82103802973312,0.5764942409593694,26.503232769663555,0.5293377762216925
DIV2K,0829,detail_v1_step6000,/home/ubuntu/scratch/sr-diffusion/benchmark_outputs/stage2_detail_perceptual_v1_step6000/DIV2K/0829/base.png,/home/ubuntu/scratch/sr-diffusion/benchmarks/div2k/DIV2K_valid_HR/0829.png,/home/ubuntu/scratch/sr-diffusion/benchmarks/div2k/DIV2K_valid_LR_bicubic/X4/0829x4.png,27.77554492601752,0.578575408060284,26.459034622921784,0.531606324095801
DIV2K,0829,detail_v1_latest12000,/home/ubuntu/scratch/sr-diffusion/benchmark_outputs/stage2_detail_perceptual_v1_latest12000/DIV2K/0829/base.png,/home/ubuntu/scratch/sr-diffusion/benchmarks/div2k/DIV2K_valid_HR/0829.png,/home/ubuntu/scratch/sr-diffusion/benchmarks/div2k/DIV2K_valid_LR_bicubic/X4/0829x4.png,27.794058720961388,0.5774169872119931,26.47714458807463,0.5302454043890565
DIV2K,0830,bicubic,generated:matlab_bicubic_resize,/home/ubuntu/scratch/sr-diffusion/benchmarks/div2k/DIV2K_valid_HR/0830.png,/home/ubuntu/scratch/sr-diffusion/benchmarks/div2k/DIV2K_valid_LR_bicubic/X4/0830x4.png,25.12575267992629,0.6954199430784254,23.568442634928097,0.6675536021751868
DIV2K,0830,dual_best98000,/home/ubuntu/scratch/sr-diffusion/benchmark_outputs/stage2_dual_best98000/DIV2K/0830/base.png,/home/ubuntu/scratch/sr-diffusion/benchmarks/div2k/DIV2K_valid_HR/0830.png,/home/ubuntu/scratch/sr-diffusion/benchmarks/div2k/DIV2K_valid_LR_bicubic/X4/0830x4.png,25.81411082826588,0.737664933149918,24.256318278737723,0.7119958964126619
DIV2K,0830,detail_v1_step6000,/home/ubuntu/scratch/sr-diffusion/benchmark_outputs/stage2_detail_perceptual_v1_step6000/DIV2K/0830/base.png,/home/ubuntu/scratch/sr-diffusion/benchmarks/div2k/DIV2K_valid_HR/0830.png,/home/ubuntu/scratch/sr-diffusion/benchmarks/div2k/DIV2K_valid_LR_bicubic/X4/0830x4.png,25.75002614779801,0.74024272852389,24.19731925722654,0.7148143017105784
DIV2K,0830,detail_v1_latest12000,/home/ubuntu/scratch/sr-diffusion/benchmark_outputs/stage2_detail_perceptual_v1_latest12000/DIV2K/0830/base.png,/home/ubuntu/scratch/sr-diffusion/benchmarks/div2k/DIV2K_valid_HR/0830.png,/home/ubuntu/scratch/sr-diffusion/benchmarks/div2k/DIV2K_valid_LR_bicubic/X4/0830x4.png,25.79524787274932,0.7394845312487572,24.239527904215965,0.7139189307319517
DIV2K,0831,bicubic,generated:matlab_bicubic_resize,/home/ubuntu/scratch/sr-diffusion/benchmarks/div2k/DIV2K_valid_HR/0831.png,/home/ubuntu/scratch/sr-diffusion/benchmarks/div2k/DIV2K_valid_LR_bicubic/X4/0831x4.png,28.14138461458141,0.8105542933049013,26.779227016435524,0.7894537114438371
DIV2K,0831,dual_best98000,/home/ubuntu/scratch/sr-diffusion/benchmark_outputs/stage2_dual_best98000/DIV2K/0831/base.png,/home/ubuntu/scratch/sr-diffusion/benchmarks/div2k/DIV2K_valid_HR/0831.png,/home/ubuntu/scratch/sr-diffusion/benchmarks/div2k/DIV2K_valid_LR_bicubic/X4/0831x4.png,31.225294579635193,0.8834660125777526,29.833405762401824,0.866190555835043
DIV2K,0831,detail_v1_step6000,/home/ubuntu/scratch/sr-diffusion/benchmark_outputs/stage2_detail_perceptual_v1_step6000/DIV2K/0831/base.png,/home/ubuntu/scratch/sr-diffusion/benchmarks/div2k/DIV2K_valid_HR/0831.png,/home/ubuntu/scratch/sr-diffusion/benchmarks/div2k/DIV2K_valid_LR_bicubic/X4/0831x4.png,31.118375862348472,0.8837545794963361,29.738142551918422,0.8666672239633807
DIV2K,0831,detail_v1_latest12000,/home/ubuntu/scratch/sr-diffusion/benchmark_outputs/stage2_detail_perceptual_v1_latest12000/DIV2K/0831/base.png,/home/ubuntu/scratch/sr-diffusion/benchmarks/div2k/DIV2K_valid_HR/0831.png,/home/ubuntu/scratch/sr-diffusion/benchmarks/div2k/DIV2K_valid_LR_bicubic/X4/0831x4.png,31.189607100869775,0.8840614201220405,29.807987447624114,0.8667010659554828
DIV2K,0832,bicubic,generated:matlab_bicubic_resize,/home/ubuntu/scratch/sr-diffusion/benchmarks/div2k/DIV2K_valid_HR/0832.png,/home/ubuntu/scratch/sr-diffusion/benchmarks/div2k/DIV2K_valid_LR_bicubic/X4/0832x4.png,29.225716614587753,0.8403021315318532,27.53608584787915,0.8141462926715027
DIV2K,0832,dual_best98000,/home/ubuntu/scratch/sr-diffusion/benchmark_outputs/stage2_dual_best98000/DIV2K/0832/base.png,/home/ubuntu/scratch/sr-diffusion/benchmarks/div2k/DIV2K_valid_HR/0832.png,/home/ubuntu/scratch/sr-diffusion/benchmarks/div2k/DIV2K_valid_LR_bicubic/X4/0832x4.png,31.611709089485732,0.8938060958610003,29.90939160653745,0.872829991498922
DIV2K,0832,detail_v1_step6000,/home/ubuntu/scratch/sr-diffusion/benchmark_outputs/stage2_detail_perceptual_v1_step6000/DIV2K/0832/base.png,/home/ubuntu/scratch/sr-diffusion/benchmarks/div2k/DIV2K_valid_HR/0832.png,/home/ubuntu/scratch/sr-diffusion/benchmarks/div2k/DIV2K_valid_LR_bicubic/X4/0832x4.png,31.28056631210434,0.8918140711120921,29.61128889503522,0.8710899821353336
DIV2K,0832,detail_v1_latest12000,/home/ubuntu/scratch/sr-diffusion/benchmark_outputs/stage2_detail_perceptual_v1_latest12000/DIV2K/0832/base.png,/home/ubuntu/scratch/sr-diffusion/benchmarks/div2k/DIV2K_valid_HR/0832.png,/home/ubuntu/scratch/sr-diffusion/benchmarks/div2k/DIV2K_valid_LR_bicubic/X4/0832x4.png,31.414583833751422,0.8926671214098734,29.73664152114567,0.8718169348102173
DIV2K,0833,bicubic,generated:matlab_bicubic_resize,/home/ubuntu/scratch/sr-diffusion/benchmarks/div2k/DIV2K_valid_HR/0833.png,/home/ubuntu/scratch/sr-diffusion/benchmarks/div2k/DIV2K_valid_LR_bicubic/X4/0833x4.png,31.420016074736633,0.8908395280985896,30.03113379165754,0.8699477924596066
DIV2K,0833,dual_best98000,/home/ubuntu/scratch/sr-diffusion/benchmark_outputs/stage2_dual_best98000/DIV2K/0833/base.png,/home/ubuntu/scratch/sr-diffusion/benchmarks/div2k/DIV2K_valid_HR/0833.png,/home/ubuntu/scratch/sr-diffusion/benchmarks/div2k/DIV2K_valid_LR_bicubic/X4/0833x4.png,35.17576135768656,0.9219203885297477,33.652199181111584,0.9022378205510752
DIV2K,0833,detail_v1_step6000,/home/ubuntu/scratch/sr-diffusion/benchmark_outputs/stage2_detail_perceptual_v1_step6000/DIV2K/0833/base.png,/home/ubuntu/scratch/sr-diffusion/benchmarks/div2k/DIV2K_valid_HR/0833.png,/home/ubuntu/scratch/sr-diffusion/benchmarks/div2k/DIV2K_valid_LR_bicubic/X4/0833x4.png,35.09337698947646,0.9217077739585965,33.57138795678272,0.9020054311700867
DIV2K,0833,detail_v1_latest12000,/home/ubuntu/scratch/sr-diffusion/benchmark_outputs/stage2_detail_perceptual_v1_latest12000/DIV2K/0833/base.png,/home/ubuntu/scratch/sr-diffusion/benchmarks/div2k/DIV2K_valid_HR/0833.png,/home/ubuntu/scratch/sr-diffusion/benchmarks/div2k/DIV2K_valid_LR_bicubic/X4/0833x4.png,35.176178562400004,0.9217934011519134,33.66228377093803,0.902069581132731
DIV2K,0834,bicubic,generated:matlab_bicubic_resize,/home/ubuntu/scratch/sr-diffusion/benchmarks/div2k/DIV2K_valid_HR/0834.png,/home/ubuntu/scratch/sr-diffusion/benchmarks/div2k/DIV2K_valid_LR_bicubic/X4/0834x4.png,25.853368134297575,0.7409508668272855,24.404115364539756,0.7239628432851175
DIV2K,0834,dual_best98000,/home/ubuntu/scratch/sr-diffusion/benchmark_outputs/stage2_dual_best98000/DIV2K/0834/base.png,/home/ubuntu/scratch/sr-diffusion/benchmarks/div2k/DIV2K_valid_HR/0834.png,/home/ubuntu/scratch/sr-diffusion/benchmarks/div2k/DIV2K_valid_LR_bicubic/X4/0834x4.png,26.693727350704854,0.785320940336951,25.23094365240713,0.7704828343835365
DIV2K,0834,detail_v1_step6000,/home/ubuntu/scratch/sr-diffusion/benchmark_outputs/stage2_detail_perceptual_v1_step6000/DIV2K/0834/base.png,/home/ubuntu/scratch/sr-diffusion/benchmarks/div2k/DIV2K_valid_HR/0834.png,/home/ubuntu/scratch/sr-diffusion/benchmarks/div2k/DIV2K_valid_LR_bicubic/X4/0834x4.png,26.613626414293023,0.7869970792046135,25.151328281393685,0.772328549516191
DIV2K,0834,detail_v1_latest12000,/home/ubuntu/scratch/sr-diffusion/benchmark_outputs/stage2_detail_perceptual_v1_latest12000/DIV2K/0834/base.png,/home/ubuntu/scratch/sr-diffusion/benchmarks/div2k/DIV2K_valid_HR/0834.png,/home/ubuntu/scratch/sr-diffusion/benchmarks/div2k/DIV2K_valid_LR_bicubic/X4/0834x4.png,26.642249485054357,0.7858246795083244,25.18038923478249,0.7710382964004706
DIV2K,0835,bicubic,generated:matlab_bicubic_resize,/home/ubuntu/scratch/sr-diffusion/benchmarks/div2k/DIV2K_valid_HR/0835.png,/home/ubuntu/scratch/sr-diffusion/benchmarks/div2k/DIV2K_valid_LR_bicubic/X4/0835x4.png,23.55993075755734,0.5430498668158362,22.176743757819565,0.5164406757958061
DIV2K,0835,dual_best98000,/home/ubuntu/scratch/sr-diffusion/benchmark_outputs/stage2_dual_best98000/DIV2K/0835/base.png,/home/ubuntu/scratch/sr-diffusion/benchmarks/div2k/DIV2K_valid_HR/0835.png,/home/ubuntu/scratch/sr-diffusion/benchmarks/div2k/DIV2K_valid_LR_bicubic/X4/0835x4.png,24.070813618313736,0.6094899687747847,22.684734486600288,0.5875319626024952
DIV2K,0835,detail_v1_step6000,/home/ubuntu/scratch/sr-diffusion/benchmark_outputs/stage2_detail_perceptual_v1_step6000/DIV2K/0835/base.png,/home/ubuntu/scratch/sr-diffusion/benchmarks/div2k/DIV2K_valid_HR/0835.png,/home/ubuntu/scratch/sr-diffusion/benchmarks/div2k/DIV2K_valid_LR_bicubic/X4/0835x4.png,23.986051038610597,0.610350036469338,22.59762328429675,0.588246241070166
DIV2K,0835,detail_v1_latest12000,/home/ubuntu/scratch/sr-diffusion/benchmark_outputs/stage2_detail_perceptual_v1_latest12000/DIV2K/0835/base.png,/home/ubuntu/scratch/sr-diffusion/benchmarks/div2k/DIV2K_valid_HR/0835.png,/home/ubuntu/scratch/sr-diffusion/benchmarks/div2k/DIV2K_valid_LR_bicubic/X4/0835x4.png,24.03739883788804,0.609081582616211,22.65033507969062,0.5868680793686379
DIV2K,0836,bicubic,generated:matlab_bicubic_resize,/home/ubuntu/scratch/sr-diffusion/benchmarks/div2k/DIV2K_valid_HR/0836.png,/home/ubuntu/scratch/sr-diffusion/benchmarks/div2k/DIV2K_valid_LR_bicubic/X4/0836x4.png,24.4980134752776,0.7195839126047728,23.1812210281786,0.6994364652809635
DIV2K,0836,dual_best98000,/home/ubuntu/scratch/sr-diffusion/benchmark_outputs/stage2_dual_best98000/DIV2K/0836/base.png,/home/ubuntu/scratch/sr-diffusion/benchmarks/div2k/DIV2K_valid_HR/0836.png,/home/ubuntu/scratch/sr-diffusion/benchmarks/div2k/DIV2K_valid_LR_bicubic/X4/0836x4.png,26.968977758450357,0.8073701569071783,25.63632861889664,0.7884771726043072
DIV2K,0836,detail_v1_step6000,/home/ubuntu/scratch/sr-diffusion/benchmark_outputs/stage2_detail_perceptual_v1_step6000/DIV2K/0836/base.png,/home/ubuntu/scratch/sr-diffusion/benchmarks/div2k/DIV2K_valid_HR/0836.png,/home/ubuntu/scratch/sr-diffusion/benchmarks/div2k/DIV2K_valid_LR_bicubic/X4/0836x4.png,26.95501742311408,0.8095791692114663,25.61966703325016,0.7906489591401167
DIV2K,0836,detail_v1_latest12000,/home/ubuntu/scratch/sr-diffusion/benchmark_outputs/stage2_detail_perceptual_v1_latest12000/DIV2K/0836/base.png,/home/ubuntu/scratch/sr-diffusion/benchmarks/div2k/DIV2K_valid_HR/0836.png,/home/ubuntu/scratch/sr-diffusion/benchmarks/div2k/DIV2K_valid_LR_bicubic/X4/0836x4.png,26.80505660847695,0.8082649937762668,25.47991080493285,0.7893201044822412
DIV2K,0837,bicubic,generated:matlab_bicubic_resize,/home/ubuntu/scratch/sr-diffusion/benchmarks/div2k/DIV2K_valid_HR/0837.png,/home/ubuntu/scratch/sr-diffusion/benchmarks/div2k/DIV2K_valid_LR_bicubic/X4/0837x4.png,25.137499144603122,0.7444186636485949,23.78504123299759,0.7236731173617127
DIV2K,0837,dual_best98000,/home/ubuntu/scratch/sr-diffusion/benchmark_outputs/stage2_dual_best98000/DIV2K/0837/base.png,/home/ubuntu/scratch/sr-diffusion/benchmarks/div2k/DIV2K_valid_HR/0837.png,/home/ubuntu/scratch/sr-diffusion/benchmarks/div2k/DIV2K_valid_LR_bicubic/X4/0837x4.png,27.34416638080315,0.8375555075058793,25.969767550460308,0.8221488264125196
DIV2K,0837,detail_v1_step6000,/home/ubuntu/scratch/sr-diffusion/benchmark_outputs/stage2_detail_perceptual_v1_step6000/DIV2K/0837/base.png,/home/ubuntu/scratch/sr-diffusion/benchmarks/div2k/DIV2K_valid_HR/0837.png,/home/ubuntu/scratch/sr-diffusion/benchmarks/div2k/DIV2K_valid_LR_bicubic/X4/0837x4.png,27.315713375177346,0.8398817537309565,25.94207293370477,0.8246297426888098
DIV2K,0837,detail_v1_latest12000,/home/ubuntu/scratch/sr-diffusion/benchmark_outputs/stage2_detail_perceptual_v1_latest12000/DIV2K/0837/base.png,/home/ubuntu/scratch/sr-diffusion/benchmarks/div2k/DIV2K_valid_HR/0837.png,/home/ubuntu/scratch/sr-diffusion/benchmarks/div2k/DIV2K_valid_LR_bicubic/X4/0837x4.png,27.347140830928556,0.8388525033345808,25.974412644802783,0.8234864813833497
DIV2K,0838,bicubic,generated:matlab_bicubic_resize,/home/ubuntu/scratch/sr-diffusion/benchmarks/div2k/DIV2K_valid_HR/0838.png,/home/ubuntu/scratch/sr-diffusion/benchmarks/div2k/DIV2K_valid_LR_bicubic/X4/0838x4.png,38.58874061016144,0.9210635627316786,36.91729655604777,0.8966391753306858
DIV2K,0838,dual_best98000,/home/ubuntu/scratch/sr-diffusion/benchmark_outputs/stage2_dual_best98000/DIV2K/0838/base.png,/home/ubuntu/scratch/sr-diffusion/benchmarks/div2k/DIV2K_valid_HR/0838.png,/home/ubuntu/scratch/sr-diffusion/benchmarks/div2k/DIV2K_valid_LR_bicubic/X4/0838x4.png,39.092106245633936,0.9276832274863442,37.302200619328424,0.904252164577592
DIV2K,0838,detail_v1_step6000,/home/ubuntu/scratch/sr-diffusion/benchmark_outputs/stage2_detail_perceptual_v1_step6000/DIV2K/0838/base.png,/home/ubuntu/scratch/sr-diffusion/benchmarks/div2k/DIV2K_valid_HR/0838.png,/home/ubuntu/scratch/sr-diffusion/benchmarks/div2k/DIV2K_valid_LR_bicubic/X4/0838x4.png,38.76821919506665,0.9258800673297978,36.98833337957984,0.9020778883594059
DIV2K,0838,detail_v1_latest12000,/home/ubuntu/scratch/sr-diffusion/benchmark_outputs/stage2_detail_perceptual_v1_latest12000/DIV2K/0838/base.png,/home/ubuntu/scratch/sr-diffusion/benchmarks/div2k/DIV2K_valid_HR/0838.png,/home/ubuntu/scratch/sr-diffusion/benchmarks/div2k/DIV2K_valid_LR_bicubic/X4/0838x4.png,38.92840061191936,0.9268832375444086,37.18923849157461,0.9032847006764841
DIV2K,0839,bicubic,generated:matlab_bicubic_resize,/home/ubuntu/scratch/sr-diffusion/benchmarks/div2k/DIV2K_valid_HR/0839.png,/home/ubuntu/scratch/sr-diffusion/benchmarks/div2k/DIV2K_valid_LR_bicubic/X4/0839x4.png,29.444209110837612,0.8011187268899189,28.14416322728757,0.7846547790335422
DIV2K,0839,dual_best98000,/home/ubuntu/scratch/sr-diffusion/benchmark_outputs/stage2_dual_best98000/DIV2K/0839/base.png,/home/ubuntu/scratch/sr-diffusion/benchmarks/div2k/DIV2K_valid_HR/0839.png,/home/ubuntu/scratch/sr-diffusion/benchmarks/div2k/DIV2K_valid_LR_bicubic/X4/0839x4.png,30.176143239561654,0.8321982272720341,28.85027663745762,0.7928491632938485
DIV2K,0839,detail_v1_step6000,/home/ubuntu/scratch/sr-diffusion/benchmark_outputs/stage2_detail_perceptual_v1_step6000/DIV2K/0839/base.png,/home/ubuntu/scratch/sr-diffusion/benchmarks/div2k/DIV2K_valid_HR/0839.png,/home/ubuntu/scratch/sr-diffusion/benchmarks/div2k/DIV2K_valid_LR_bicubic/X4/0839x4.png,30.12479040669705,0.8330498523708447,28.790138764498053,0.7939674621564462
DIV2K,0839,detail_v1_latest12000,/home/ubuntu/scratch/sr-diffusion/benchmark_outputs/stage2_detail_perceptual_v1_latest12000/DIV2K/0839/base.png,/home/ubuntu/scratch/sr-diffusion/benchmarks/div2k/DIV2K_valid_HR/0839.png,/home/ubuntu/scratch/sr-diffusion/benchmarks/div2k/DIV2K_valid_LR_bicubic/X4/0839x4.png,30.192536112354414,0.832422171104375,28.864662235875088,0.7933485401763946
DIV2K,0840,bicubic,generated:matlab_bicubic_resize,/home/ubuntu/scratch/sr-diffusion/benchmarks/div2k/DIV2K_valid_HR/0840.png,/home/ubuntu/scratch/sr-diffusion/benchmarks/div2k/DIV2K_valid_LR_bicubic/X4/0840x4.png,28.37692160995907,0.7777173188993565,27.000884377212717,0.7563137198922415
DIV2K,0840,dual_best98000,/home/ubuntu/scratch/sr-diffusion/benchmark_outputs/stage2_dual_best98000/DIV2K/0840/base.png,/home/ubuntu/scratch/sr-diffusion/benchmarks/div2k/DIV2K_valid_HR/0840.png,/home/ubuntu/scratch/sr-diffusion/benchmarks/div2k/DIV2K_valid_LR_bicubic/X4/0840x4.png,29.64953457485855,0.8267017008655051,28.257149047897563,0.8091570556858909
DIV2K,0840,detail_v1_step6000,/home/ubuntu/scratch/sr-diffusion/benchmark_outputs/stage2_detail_perceptual_v1_step6000/DIV2K/0840/base.png,/home/ubuntu/scratch/sr-diffusion/benchmarks/div2k/DIV2K_valid_HR/0840.png,/home/ubuntu/scratch/sr-diffusion/benchmarks/div2k/DIV2K_valid_LR_bicubic/X4/0840x4.png,29.59976256290333,0.8273386719225221,28.2129332953385,0.8100980106289706
DIV2K,0840,detail_v1_latest12000,/home/ubuntu/scratch/sr-diffusion/benchmark_outputs/stage2_detail_perceptual_v1_latest12000/DIV2K/0840/base.png,/home/ubuntu/scratch/sr-diffusion/benchmarks/div2k/DIV2K_valid_HR/0840.png,/home/ubuntu/scratch/sr-diffusion/benchmarks/div2k/DIV2K_valid_LR_bicubic/X4/0840x4.png,29.643201096192406,0.82707263514503,28.256934397702107,0.809699011157437
DIV2K,0841,bicubic,generated:matlab_bicubic_resize,/home/ubuntu/scratch/sr-diffusion/benchmarks/div2k/DIV2K_valid_HR/0841.png,/home/ubuntu/scratch/sr-diffusion/benchmarks/div2k/DIV2K_valid_LR_bicubic/X4/0841x4.png,27.61888247768015,0.8119890574807829,26.20629057688246,0.7926534278558516
DIV2K,0841,dual_best98000,/home/ubuntu/scratch/sr-diffusion/benchmark_outputs/stage2_dual_best98000/DIV2K/0841/base.png,/home/ubuntu/scratch/sr-diffusion/benchmarks/div2k/DIV2K_valid_HR/0841.png,/home/ubuntu/scratch/sr-diffusion/benchmarks/div2k/DIV2K_valid_LR_bicubic/X4/0841x4.png,29.161929023717192,0.8659439199883586,27.745575033657776,0.8489390217010415
DIV2K,0841,detail_v1_step6000,/home/ubuntu/scratch/sr-diffusion/benchmark_outputs/stage2_detail_perceptual_v1_step6000/DIV2K/0841/base.png,/home/ubuntu/scratch/sr-diffusion/benchmarks/div2k/DIV2K_valid_HR/0841.png,/home/ubuntu/scratch/sr-diffusion/benchmarks/div2k/DIV2K_valid_LR_bicubic/X4/0841x4.png,29.08549795142985,0.8661352320724965,27.672834461723383,0.8490388708970774
DIV2K,0841,detail_v1_latest12000,/home/ubuntu/scratch/sr-diffusion/benchmark_outputs/stage2_detail_perceptual_v1_latest12000/DIV2K/0841/base.png,/home/ubuntu/scratch/sr-diffusion/benchmarks/div2k/DIV2K_valid_HR/0841.png,/home/ubuntu/scratch/sr-diffusion/benchmarks/div2k/DIV2K_valid_LR_bicubic/X4/0841x4.png,29.158222626605866,0.8662831031810888,27.746206149037256,0.8492540302546331
DIV2K,0842,bicubic,generated:matlab_bicubic_resize,/home/ubuntu/scratch/sr-diffusion/benchmarks/div2k/DIV2K_valid_HR/0842.png,/home/ubuntu/scratch/sr-diffusion/benchmarks/div2k/DIV2K_valid_LR_bicubic/X4/0842x4.png,29.58260866669736,0.8319339139489491,28.35307873802314,0.8162910929554587
DIV2K,0842,dual_best98000,/home/ubuntu/scratch/sr-diffusion/benchmark_outputs/stage2_dual_best98000/DIV2K/0842/base.png,/home/ubuntu/scratch/sr-diffusion/benchmarks/div2k/DIV2K_valid_HR/0842.png,/home/ubuntu/scratch/sr-diffusion/benchmarks/div2k/DIV2K_valid_LR_bicubic/X4/0842x4.png,30.578612709321774,0.8628203474443137,29.31282072210418,0.8492424925220677
DIV2K,0842,detail_v1_step6000,/home/ubuntu/scratch/sr-diffusion/benchmark_outputs/stage2_detail_perceptual_v1_step6000/DIV2K/0842/base.png,/home/ubuntu/scratch/sr-diffusion/benchmarks/div2k/DIV2K_valid_HR/0842.png,/home/ubuntu/scratch/sr-diffusion/benchmarks/div2k/DIV2K_valid_LR_bicubic/X4/0842x4.png,30.382461349038984,0.8615425106247254,29.115331181525228,0.8479057117552712
DIV2K,0842,detail_v1_latest12000,/home/ubuntu/scratch/sr-diffusion/benchmark_outputs/stage2_detail_perceptual_v1_latest12000/DIV2K/0842/base.png,/home/ubuntu/scratch/sr-diffusion/benchmarks/div2k/DIV2K_valid_HR/0842.png,/home/ubuntu/scratch/sr-diffusion/benchmarks/div2k/DIV2K_valid_LR_bicubic/X4/0842x4.png,30.52876042746037,0.8618128211975489,29.266430152795778,0.8481399729907139
DIV2K,0843,bicubic,generated:matlab_bicubic_resize,/home/ubuntu/scratch/sr-diffusion/benchmarks/div2k/DIV2K_valid_HR/0843.png,/home/ubuntu/scratch/sr-diffusion/benchmarks/div2k/DIV2K_valid_LR_bicubic/X4/0843x4.png,38.79516168124559,0.9791280394714008,37.04508902587868,0.9715153376891975
DIV2K,0843,dual_best98000,/home/ubuntu/scratch/sr-diffusion/benchmark_outputs/stage2_dual_best98000/DIV2K/0843/base.png,/home/ubuntu/scratch/sr-diffusion/benchmarks/div2k/DIV2K_valid_HR/0843.png,/home/ubuntu/scratch/sr-diffusion/benchmarks/div2k/DIV2K_valid_LR_bicubic/X4/0843x4.png,42.64317888057605,0.9844767708712857,40.43156313375804,0.9767422667371135
DIV2K,0843,detail_v1_step6000,/home/ubuntu/scratch/sr-diffusion/benchmark_outputs/stage2_detail_perceptual_v1_step6000/DIV2K/0843/base.png,/home/ubuntu/scratch/sr-diffusion/benchmarks/div2k/DIV2K_valid_HR/0843.png,/home/ubuntu/scratch/sr-diffusion/benchmarks/div2k/DIV2K_valid_LR_bicubic/X4/0843x4.png,42.47607403756386,0.9843047963241135,40.40154180537145,0.9762046982723612
DIV2K,0843,detail_v1_latest12000,/home/ubuntu/scratch/sr-diffusion/benchmark_outputs/stage2_detail_perceptual_v1_latest12000/DIV2K/0843/base.png,/home/ubuntu/scratch/sr-diffusion/benchmarks/div2k/DIV2K_valid_HR/0843.png,/home/ubuntu/scratch/sr-diffusion/benchmarks/div2k/DIV2K_valid_LR_bicubic/X4/0843x4.png,42.50824951108022,0.9843575247794194,40.453711887171735,0.9766092020387998
DIV2K,0844,bicubic,generated:matlab_bicubic_resize,/home/ubuntu/scratch/sr-diffusion/benchmarks/div2k/DIV2K_valid_HR/0844.png,/home/ubuntu/scratch/sr-diffusion/benchmarks/div2k/DIV2K_valid_LR_bicubic/X4/0844x4.png,39.984156546854365,0.9839795531714791,37.93295091421095,0.9769001107656626
DIV2K,0844,dual_best98000,/home/ubuntu/scratch/sr-diffusion/benchmark_outputs/stage2_dual_best98000/DIV2K/0844/base.png,/home/ubuntu/scratch/sr-diffusion/benchmarks/div2k/DIV2K_valid_HR/0844.png,/home/ubuntu/scratch/sr-diffusion/benchmarks/div2k/DIV2K_valid_LR_bicubic/X4/0844x4.png,44.67304470323472,0.9897500367894357,41.50937096327199,0.9823052373489528
DIV2K,0844,detail_v1_step6000,/home/ubuntu/scratch/sr-diffusion/benchmark_outputs/stage2_detail_perceptual_v1_step6000/DIV2K/0844/base.png,/home/ubuntu/scratch/sr-diffusion/benchmarks/div2k/DIV2K_valid_HR/0844.png,/home/ubuntu/scratch/sr-diffusion/benchmarks/div2k/DIV2K_valid_LR_bicubic/X4/0844x4.png,44.51181286294122,0.989104656066908,41.52895649262416,0.9815477834728599
DIV2K,0844,detail_v1_latest12000,/home/ubuntu/scratch/sr-diffusion/benchmark_outputs/stage2_detail_perceptual_v1_latest12000/DIV2K/0844/base.png,/home/ubuntu/scratch/sr-diffusion/benchmarks/div2k/DIV2K_valid_HR/0844.png,/home/ubuntu/scratch/sr-diffusion/benchmarks/div2k/DIV2K_valid_LR_bicubic/X4/0844x4.png,44.70557586030338,0.9895552333495113,41.76483208721571,0.9821099412768538
DIV2K,0845,bicubic,generated:matlab_bicubic_resize,/home/ubuntu/scratch/sr-diffusion/benchmarks/div2k/DIV2K_valid_HR/0845.png,/home/ubuntu/scratch/sr-diffusion/benchmarks/div2k/DIV2K_valid_LR_bicubic/X4/0845x4.png,22.771336688509614,0.6744974205793997,21.417171560474163,0.646723376957475
DIV2K,0845,dual_best98000,/home/ubuntu/scratch/sr-diffusion/benchmark_outputs/stage2_dual_best98000/DIV2K/0845/base.png,/home/ubuntu/scratch/sr-diffusion/benchmarks/div2k/DIV2K_valid_HR/0845.png,/home/ubuntu/scratch/sr-diffusion/benchmarks/div2k/DIV2K_valid_LR_bicubic/X4/0845x4.png,24.889682498160024,0.7786545671737775,23.508940507277284,0.7530096538851104
DIV2K,0845,detail_v1_step6000,/home/ubuntu/scratch/sr-diffusion/benchmark_outputs/stage2_detail_perceptual_v1_step6000/DIV2K/0845/base.png,/home/ubuntu/scratch/sr-diffusion/benchmarks/div2k/DIV2K_valid_HR/0845.png,/home/ubuntu/scratch/sr-diffusion/benchmarks/div2k/DIV2K_valid_LR_bicubic/X4/0845x4.png,24.812963323385176,0.7797087117973531,23.434601276593824,0.7542247322626027
DIV2K,0845,detail_v1_latest12000,/home/ubuntu/scratch/sr-diffusion/benchmark_outputs/stage2_detail_perceptual_v1_latest12000/DIV2K/0845/base.png,/home/ubuntu/scratch/sr-diffusion/benchmarks/div2k/DIV2K_valid_HR/0845.png,/home/ubuntu/scratch/sr-diffusion/benchmarks/div2k/DIV2K_valid_LR_bicubic/X4/0845x4.png,24.862027636877873,0.7772234149682454,23.483138356473738,0.7514394834257264
DIV2K,0846,bicubic,generated:matlab_bicubic_resize,/home/ubuntu/scratch/sr-diffusion/benchmarks/div2k/DIV2K_valid_HR/0846.png,/home/ubuntu/scratch/sr-diffusion/benchmarks/div2k/DIV2K_valid_LR_bicubic/X4/0846x4.png,23.51793099963556,0.7167937902475218,22.18363916800381,0.6881915441559089
DIV2K,0846,dual_best98000,/home/ubuntu/scratch/sr-diffusion/benchmark_outputs/stage2_dual_best98000/DIV2K/0846/base.png,/home/ubuntu/scratch/sr-diffusion/benchmarks/div2k/DIV2K_valid_HR/0846.png,/home/ubuntu/scratch/sr-diffusion/benchmarks/div2k/DIV2K_valid_LR_bicubic/X4/0846x4.png,26.362172388877717,0.8048883774408554,25.028873419910834,0.7851432925184522
DIV2K,0846,detail_v1_step6000,/home/ubuntu/scratch/sr-diffusion/benchmark_outputs/stage2_detail_perceptual_v1_step6000/DIV2K/0846/base.png,/home/ubuntu/scratch/sr-diffusion/benchmarks/div2k/DIV2K_valid_HR/0846.png,/home/ubuntu/scratch/sr-diffusion/benchmarks/div2k/DIV2K_valid_LR_bicubic/X4/0846x4.png,26.33651719415218,0.8059773916360651,25.00519204658923,0.786793328203017
DIV2K,0846,detail_v1_latest12000,/home/ubuntu/scratch/sr-diffusion/benchmark_outputs/stage2_detail_perceptual_v1_latest12000/DIV2K/0846/base.png,/home/ubuntu/scratch/sr-diffusion/benchmarks/div2k/DIV2K_valid_HR/0846.png,/home/ubuntu/scratch/sr-diffusion/benchmarks/div2k/DIV2K_valid_LR_bicubic/X4/0846x4.png,26.326920706653212,0.8048105098540552,24.995262162012743,0.7852160278920098
DIV2K,0847,bicubic,generated:matlab_bicubic_resize,/home/ubuntu/scratch/sr-diffusion/benchmarks/div2k/DIV2K_valid_HR/0847.png,/home/ubuntu/scratch/sr-diffusion/benchmarks/div2k/DIV2K_valid_LR_bicubic/X4/0847x4.png,26.57145017829948,0.7657698246987819,25.08212595283936,0.7370018205482506
DIV2K,0847,dual_best98000,/home/ubuntu/scratch/sr-diffusion/benchmark_outputs/stage2_dual_best98000/DIV2K/0847/base.png,/home/ubuntu/scratch/sr-diffusion/benchmarks/div2k/DIV2K_valid_HR/0847.png,/home/ubuntu/scratch/sr-diffusion/benchmarks/div2k/DIV2K_valid_LR_bicubic/X4/0847x4.png,28.89763413531154,0.840520893802311,27.359240410870328,0.8159670330930983
DIV2K,0847,detail_v1_step6000,/home/ubuntu/scratch/sr-diffusion/benchmark_outputs/stage2_detail_perceptual_v1_step6000/DIV2K/0847/base.png,/home/ubuntu/scratch/sr-diffusion/benchmarks/div2k/DIV2K_valid_HR/0847.png,/home/ubuntu/scratch/sr-diffusion/benchmarks/div2k/DIV2K_valid_LR_bicubic/X4/0847x4.png,28.795133980334878,0.8404978634402678,27.256867049907257,0.8160000633857263
DIV2K,0847,detail_v1_latest12000,/home/ubuntu/scratch/sr-diffusion/benchmark_outputs/stage2_detail_perceptual_v1_latest12000/DIV2K/0847/base.png,/home/ubuntu/scratch/sr-diffusion/benchmarks/div2k/DIV2K_valid_HR/0847.png,/home/ubuntu/scratch/sr-diffusion/benchmarks/div2k/DIV2K_valid_LR_bicubic/X4/0847x4.png,28.881946832332204,0.8408016561402462,27.34078262698301,0.8161587629358191
DIV2K,0848,bicubic,generated:matlab_bicubic_resize,/home/ubuntu/scratch/sr-diffusion/benchmarks/div2k/DIV2K_valid_HR/0848.png,/home/ubuntu/scratch/sr-diffusion/benchmarks/div2k/DIV2K_valid_LR_bicubic/X4/0848x4.png,26.367516854617822,0.710048976220453,25.057212394608605,0.6727054606774363
DIV2K,0848,dual_best98000,/home/ubuntu/scratch/sr-diffusion/benchmark_outputs/stage2_dual_best98000/DIV2K/0848/base.png,/home/ubuntu/scratch/sr-diffusion/benchmarks/div2k/DIV2K_valid_HR/0848.png,/home/ubuntu/scratch/sr-diffusion/benchmarks/div2k/DIV2K_valid_LR_bicubic/X4/0848x4.png,28.358489480006707,0.7665971346238056,27.0401579808181,0.7305895367470937
DIV2K,0848,detail_v1_step6000,/home/ubuntu/scratch/sr-diffusion/benchmark_outputs/stage2_detail_perceptual_v1_step6000/DIV2K/0848/base.png,/home/ubuntu/scratch/sr-diffusion/benchmarks/div2k/DIV2K_valid_HR/0848.png,/home/ubuntu/scratch/sr-diffusion/benchmarks/div2k/DIV2K_valid_LR_bicubic/X4/0848x4.png,28.37593093776169,0.7688949952040438,27.054545320118784,0.733050497092651
DIV2K,0848,detail_v1_latest12000,/home/ubuntu/scratch/sr-diffusion/benchmark_outputs/stage2_detail_perceptual_v1_latest12000/DIV2K/0848/base.png,/home/ubuntu/scratch/sr-diffusion/benchmarks/div2k/DIV2K_valid_HR/0848.png,/home/ubuntu/scratch/sr-diffusion/benchmarks/div2k/DIV2K_valid_LR_bicubic/X4/0848x4.png,28.36860530866052,0.7673821633248676,27.050808091896847,0.7310254799622934
DIV2K,0849,bicubic,generated:matlab_bicubic_resize,/home/ubuntu/scratch/sr-diffusion/benchmarks/div2k/DIV2K_valid_HR/0849.png,/home/ubuntu/scratch/sr-diffusion/benchmarks/div2k/DIV2K_valid_LR_bicubic/X4/0849x4.png,21.024443377156878,0.6340396171576069,19.576233492811138,0.6183207674118105
DIV2K,0849,dual_best98000,/home/ubuntu/scratch/sr-diffusion/benchmark_outputs/stage2_dual_best98000/DIV2K/0849/base.png,/home/ubuntu/scratch/sr-diffusion/benchmarks/div2k/DIV2K_valid_HR/0849.png,/home/ubuntu/scratch/sr-diffusion/benchmarks/div2k/DIV2K_valid_LR_bicubic/X4/0849x4.png,23.404210288983222,0.7679690924976014,21.985370944301916,0.7553337138683759
DIV2K,0849,detail_v1_step6000,/home/ubuntu/scratch/sr-diffusion/benchmark_outputs/stage2_detail_perceptual_v1_step6000/DIV2K/0849/base.png,/home/ubuntu/scratch/sr-diffusion/benchmarks/div2k/DIV2K_valid_HR/0849.png,/home/ubuntu/scratch/sr-diffusion/benchmarks/div2k/DIV2K_valid_LR_bicubic/X4/0849x4.png,23.372194946973867,0.7724159437107708,21.946463845737163,0.7592665850598658
DIV2K,0849,detail_v1_latest12000,/home/ubuntu/scratch/sr-diffusion/benchmark_outputs/stage2_detail_perceptual_v1_latest12000/DIV2K/0849/base.png,/home/ubuntu/scratch/sr-diffusion/benchmarks/div2k/DIV2K_valid_HR/0849.png,/home/ubuntu/scratch/sr-diffusion/benchmarks/div2k/DIV2K_valid_LR_bicubic/X4/0849x4.png,23.400056492942806,0.7708013309178423,21.978954575133386,0.7579076602363674
DIV2K,0850,bicubic,generated:matlab_bicubic_resize,/home/ubuntu/scratch/sr-diffusion/benchmarks/div2k/DIV2K_valid_HR/0850.png,/home/ubuntu/scratch/sr-diffusion/benchmarks/div2k/DIV2K_valid_LR_bicubic/X4/0850x4.png,28.106013843028514,0.7905462951653007,26.70376347817792,0.7670063318884669
DIV2K,0850,dual_best98000,/home/ubuntu/scratch/sr-diffusion/benchmark_outputs/stage2_dual_best98000/DIV2K/0850/base.png,/home/ubuntu/scratch/sr-diffusion/benchmarks/div2k/DIV2K_valid_HR/0850.png,/home/ubuntu/scratch/sr-diffusion/benchmarks/div2k/DIV2K_valid_LR_bicubic/X4/0850x4.png,30.26044998224997,0.8526880984343457,28.848103893011263,0.8336278715054801
DIV2K,0850,detail_v1_step6000,/home/ubuntu/scratch/sr-diffusion/benchmark_outputs/stage2_detail_perceptual_v1_step6000/DIV2K/0850/base.png,/home/ubuntu/scratch/sr-diffusion/benchmarks/div2k/DIV2K_valid_HR/0850.png,/home/ubuntu/scratch/sr-diffusion/benchmarks/div2k/DIV2K_valid_LR_bicubic/X4/0850x4.png,30.187175903614826,0.8526157991193676,28.778483408170004,0.8335949659822286
DIV2K,0850,detail_v1_latest12000,/home/ubuntu/scratch/sr-diffusion/benchmark_outputs/stage2_detail_perceptual_v1_latest12000/DIV2K/0850/base.png,/home/ubuntu/scratch/sr-diffusion/benchmarks/div2k/DIV2K_valid_HR/0850.png,/home/ubuntu/scratch/sr-diffusion/benchmarks/div2k/DIV2K_valid_LR_bicubic/X4/0850x4.png,30.25792060544141,0.8525540669205349,28.851562865993774,0.83347365618427
DIV2K,0851,bicubic,generated:matlab_bicubic_resize,/home/ubuntu/scratch/sr-diffusion/benchmarks/div2k/DIV2K_valid_HR/0851.png,/home/ubuntu/scratch/sr-diffusion/benchmarks/div2k/DIV2K_valid_LR_bicubic/X4/0851x4.png,28.182544875104583,0.8605111163227975,26.745562766356006,0.835585324520479
DIV2K,0851,dual_best98000,/home/ubuntu/scratch/sr-diffusion/benchmark_outputs/stage2_dual_best98000/DIV2K/0851/base.png,/home/ubuntu/scratch/sr-diffusion/benchmarks/div2k/DIV2K_valid_HR/0851.png,/home/ubuntu/scratch/sr-diffusion/benchmarks/div2k/DIV2K_valid_LR_bicubic/X4/0851x4.png,29.467227461270603,0.891916182766639,28.002675447989375,0.8638511641640084
DIV2K,0851,detail_v1_step6000,/home/ubuntu/scratch/sr-diffusion/benchmark_outputs/stage2_detail_perceptual_v1_step6000/DIV2K/0851/base.png,/home/ubuntu/scratch/sr-diffusion/benchmarks/div2k/DIV2K_valid_HR/0851.png,/home/ubuntu/scratch/sr-diffusion/benchmarks/div2k/DIV2K_valid_LR_bicubic/X4/0851x4.png,29.414930786130896,0.8924269184003686,27.94554330261224,0.8618865277046983
DIV2K,0851,detail_v1_latest12000,/home/ubuntu/scratch/sr-diffusion/benchmark_outputs/stage2_detail_perceptual_v1_latest12000/DIV2K/0851/base.png,/home/ubuntu/scratch/sr-diffusion/benchmarks/div2k/DIV2K_valid_HR/0851.png,/home/ubuntu/scratch/sr-diffusion/benchmarks/div2k/DIV2K_valid_LR_bicubic/X4/0851x4.png,29.47234729229324,0.892148040454091,28.00359212266652,0.865153983741085
DIV2K,0852,bicubic,generated:matlab_bicubic_resize,/home/ubuntu/scratch/sr-diffusion/benchmarks/div2k/DIV2K_valid_HR/0852.png,/home/ubuntu/scratch/sr-diffusion/benchmarks/div2k/DIV2K_valid_LR_bicubic/X4/0852x4.png,30.01651473080573,0.7966093388976564,28.931460710283122,0.7914344819694402
DIV2K,0852,dual_best98000,/home/ubuntu/scratch/sr-diffusion/benchmark_outputs/stage2_dual_best98000/DIV2K/0852/base.png,/home/ubuntu/scratch/sr-diffusion/benchmarks/div2k/DIV2K_valid_HR/0852.png,/home/ubuntu/scratch/sr-diffusion/benchmarks/div2k/DIV2K_valid_LR_bicubic/X4/0852x4.png,30.853678188039353,0.8392267145108184,29.77647247552322,0.821739119740725
DIV2K,0852,detail_v1_step6000,/home/ubuntu/scratch/sr-diffusion/benchmark_outputs/stage2_detail_perceptual_v1_step6000/DIV2K/0852/base.png,/home/ubuntu/scratch/sr-diffusion/benchmarks/div2k/DIV2K_valid_HR/0852.png,/home/ubuntu/scratch/sr-diffusion/benchmarks/div2k/DIV2K_valid_LR_bicubic/X4/0852x4.png,30.802700615257642,0.8398319850905331,29.728058109917978,0.8211444061072505
DIV2K,0852,detail_v1_latest12000,/home/ubuntu/scratch/sr-diffusion/benchmark_outputs/stage2_detail_perceptual_v1_latest12000/DIV2K/0852/base.png,/home/ubuntu/scratch/sr-diffusion/benchmarks/div2k/DIV2K_valid_HR/0852.png,/home/ubuntu/scratch/sr-diffusion/benchmarks/div2k/DIV2K_valid_LR_bicubic/X4/0852x4.png,30.828932179119057,0.8381082724551538,29.75350160031651,0.8202256871076702
DIV2K,0853,bicubic,generated:matlab_bicubic_resize,/home/ubuntu/scratch/sr-diffusion/benchmarks/div2k/DIV2K_valid_HR/0853.png,/home/ubuntu/scratch/sr-diffusion/benchmarks/div2k/DIV2K_valid_LR_bicubic/X4/0853x4.png,32.69575241445451,0.923973484235545,30.85875839069338,0.8993461361700793
DIV2K,0853,dual_best98000,/home/ubuntu/scratch/sr-diffusion/benchmark_outputs/stage2_dual_best98000/DIV2K/0853/base.png,/home/ubuntu/scratch/sr-diffusion/benchmarks/div2k/DIV2K_valid_HR/0853.png,/home/ubuntu/scratch/sr-diffusion/benchmarks/div2k/DIV2K_valid_LR_bicubic/X4/0853x4.png,35.39565444202626,0.9474647502817422,33.41171158655284,0.9243406094157307
DIV2K,0853,detail_v1_step6000,/home/ubuntu/scratch/sr-diffusion/benchmark_outputs/stage2_detail_perceptual_v1_step6000/DIV2K/0853/base.png,/home/ubuntu/scratch/sr-diffusion/benchmarks/div2k/DIV2K_valid_HR/0853.png,/home/ubuntu/scratch/sr-diffusion/benchmarks/div2k/DIV2K_valid_LR_bicubic/X4/0853x4.png,35.26613743799785,0.9469437210195849,33.24586983099262,0.9238320348085032
DIV2K,0853,detail_v1_latest12000,/home/ubuntu/scratch/sr-diffusion/benchmark_outputs/stage2_detail_perceptual_v1_latest12000/DIV2K/0853/base.png,/home/ubuntu/scratch/sr-diffusion/benchmarks/div2k/DIV2K_valid_HR/0853.png,/home/ubuntu/scratch/sr-diffusion/benchmarks/div2k/DIV2K_valid_LR_bicubic/X4/0853x4.png,35.37690336524888,0.9475858171127847,33.37900136673786,0.9242199199262072
DIV2K,0854,bicubic,generated:matlab_bicubic_resize,/home/ubuntu/scratch/sr-diffusion/benchmarks/div2k/DIV2K_valid_HR/0854.png,/home/ubuntu/scratch/sr-diffusion/benchmarks/div2k/DIV2K_valid_LR_bicubic/X4/0854x4.png,24.6867183385205,0.6854442793760797,23.38569287341246,0.6616990961018834
DIV2K,0854,dual_best98000,/home/ubuntu/scratch/sr-diffusion/benchmark_outputs/stage2_dual_best98000/DIV2K/0854/base.png,/home/ubuntu/scratch/sr-diffusion/benchmarks/div2k/DIV2K_valid_HR/0854.png,/home/ubuntu/scratch/sr-diffusion/benchmarks/div2k/DIV2K_valid_LR_bicubic/X4/0854x4.png,26.088907661810676,0.750354067417435,24.768463850174243,0.7295444161941078
DIV2K,0854,detail_v1_step6000,/home/ubuntu/scratch/sr-diffusion/benchmark_outputs/stage2_detail_perceptual_v1_step6000/DIV2K/0854/base.png,/home/ubuntu/scratch/sr-diffusion/benchmarks/div2k/DIV2K_valid_HR/0854.png,/home/ubuntu/scratch/sr-diffusion/benchmarks/div2k/DIV2K_valid_LR_bicubic/X4/0854x4.png,26.03454225365564,0.7526478791738531,24.71177626627268,0.7320366552941772
DIV2K,0854,detail_v1_latest12000,/home/ubuntu/scratch/sr-diffusion/benchmark_outputs/stage2_detail_perceptual_v1_latest12000/DIV2K/0854/base.png,/home/ubuntu/scratch/sr-diffusion/benchmarks/div2k/DIV2K_valid_HR/0854.png,/home/ubuntu/scratch/sr-diffusion/benchmarks/div2k/DIV2K_valid_LR_bicubic/X4/0854x4.png,26.073398728062436,0.7514331232781679,24.752841210615962,0.7306871779082557
DIV2K,0855,bicubic,generated:matlab_bicubic_resize,/home/ubuntu/scratch/sr-diffusion/benchmarks/div2k/DIV2K_valid_HR/0855.png,/home/ubuntu/scratch/sr-diffusion/benchmarks/div2k/DIV2K_valid_LR_bicubic/X4/0855x4.png,29.367724335942135,0.7443501491614422,28.024251869467793,0.7065827775432524
DIV2K,0855,dual_best98000,/home/ubuntu/scratch/sr-diffusion/benchmark_outputs/stage2_dual_best98000/DIV2K/0855/base.png,/home/ubuntu/scratch/sr-diffusion/benchmarks/div2k/DIV2K_valid_HR/0855.png,/home/ubuntu/scratch/sr-diffusion/benchmarks/div2k/DIV2K_valid_LR_bicubic/X4/0855x4.png,30.31916332332969,0.7800138889316381,28.955342597421577,0.7444559465338436
DIV2K,0855,detail_v1_step6000,/home/ubuntu/scratch/sr-diffusion/benchmark_outputs/stage2_detail_perceptual_v1_step6000/DIV2K/0855/base.png,/home/ubuntu/scratch/sr-diffusion/benchmarks/div2k/DIV2K_valid_HR/0855.png,/home/ubuntu/scratch/sr-diffusion/benchmarks/div2k/DIV2K_valid_LR_bicubic/X4/0855x4.png,30.209742089403736,0.7799265940671337,28.854343539520883,0.7444578384021799
DIV2K,0855,detail_v1_latest12000,/home/ubuntu/scratch/sr-diffusion/benchmark_outputs/stage2_detail_perceptual_v1_latest12000/DIV2K/0855/base.png,/home/ubuntu/scratch/sr-diffusion/benchmarks/div2k/DIV2K_valid_HR/0855.png,/home/ubuntu/scratch/sr-diffusion/benchmarks/div2k/DIV2K_valid_LR_bicubic/X4/0855x4.png,30.301001352604466,0.7797547376054639,28.945145057763646,0.7440824782827721
DIV2K,0856,bicubic,generated:matlab_bicubic_resize,/home/ubuntu/scratch/sr-diffusion/benchmarks/div2k/DIV2K_valid_HR/0856.png,/home/ubuntu/scratch/sr-diffusion/benchmarks/div2k/DIV2K_valid_LR_bicubic/X4/0856x4.png,26.41288026624835,0.6604388907257019,23.214276433100775,0.6175533063644586
DIV2K,0856,dual_best98000,/home/ubuntu/scratch/sr-diffusion/benchmark_outputs/stage2_dual_best98000/DIV2K/0856/base.png,/home/ubuntu/scratch/sr-diffusion/benchmarks/div2k/DIV2K_valid_HR/0856.png,/home/ubuntu/scratch/sr-diffusion/benchmarks/div2k/DIV2K_valid_LR_bicubic/X4/0856x4.png,27.160446827670278,0.7178182905219617,23.94277045858005,0.6752539074265655
DIV2K,0856,detail_v1_step6000,/home/ubuntu/scratch/sr-diffusion/benchmark_outputs/stage2_detail_perceptual_v1_step6000/DIV2K/0856/base.png,/home/ubuntu/scratch/sr-diffusion/benchmarks/div2k/DIV2K_valid_HR/0856.png,/home/ubuntu/scratch/sr-diffusion/benchmarks/div2k/DIV2K_valid_LR_bicubic/X4/0856x4.png,27.077610715128625,0.7213693275832391,23.895945038844,0.6783927870672756
DIV2K,0856,detail_v1_latest12000,/home/ubuntu/scratch/sr-diffusion/benchmark_outputs/stage2_detail_perceptual_v1_latest12000/DIV2K/0856/base.png,/home/ubuntu/scratch/sr-diffusion/benchmarks/div2k/DIV2K_valid_HR/0856.png,/home/ubuntu/scratch/sr-diffusion/benchmarks/div2k/DIV2K_valid_LR_bicubic/X4/0856x4.png,27.100928218434476,0.719549422512067,23.91542968720351,0.67672751500499
DIV2K,0857,bicubic,generated:matlab_bicubic_resize,/home/ubuntu/scratch/sr-diffusion/benchmarks/div2k/DIV2K_valid_HR/0857.png,/home/ubuntu/scratch/sr-diffusion/benchmarks/div2k/DIV2K_valid_LR_bicubic/X4/0857x4.png,35.448676466665596,0.8284359962108077,33.9965574064447,0.7856961851851801
DIV2K,0857,dual_best98000,/home/ubuntu/scratch/sr-diffusion/benchmark_outputs/stage2_dual_best98000/DIV2K/0857/base.png,/home/ubuntu/scratch/sr-diffusion/benchmarks/div2k/DIV2K_valid_HR/0857.png,/home/ubuntu/scratch/sr-diffusion/benchmarks/div2k/DIV2K_valid_LR_bicubic/X4/0857x4.png,36.07158608223769,0.8331308447068703,34.56556100510239,0.7906854907931825
DIV2K,0857,detail_v1_step6000,/home/ubuntu/scratch/sr-diffusion/benchmark_outputs/stage2_detail_perceptual_v1_step6000/DIV2K/0857/base.png,/home/ubuntu/scratch/sr-diffusion/benchmarks/div2k/DIV2K_valid_HR/0857.png,/home/ubuntu/scratch/sr-diffusion/benchmarks/div2k/DIV2K_valid_LR_bicubic/X4/0857x4.png,36.00565724330001,0.8329104367873449,34.52455995866176,0.7904993706375167
DIV2K,0857,detail_v1_latest12000,/home/ubuntu/scratch/sr-diffusion/benchmark_outputs/stage2_detail_perceptual_v1_latest12000/DIV2K/0857/base.png,/home/ubuntu/scratch/sr-diffusion/benchmarks/div2k/DIV2K_valid_HR/0857.png,/home/ubuntu/scratch/sr-diffusion/benchmarks/div2k/DIV2K_valid_LR_bicubic/X4/0857x4.png,36.01959368097058,0.8330186476941269,34.51810140106539,0.7905882631633981
DIV2K,0858,bicubic,generated:matlab_bicubic_resize,/home/ubuntu/scratch/sr-diffusion/benchmarks/div2k/DIV2K_valid_HR/0858.png,/home/ubuntu/scratch/sr-diffusion/benchmarks/div2k/DIV2K_valid_LR_bicubic/X4/0858x4.png,28.23299192161112,0.7409549318478025,27.01838741511296,0.7196610649204738
DIV2K,0858,dual_best98000,/home/ubuntu/scratch/sr-diffusion/benchmark_outputs/stage2_dual_best98000/DIV2K/0858/base.png,/home/ubuntu/scratch/sr-diffusion/benchmarks/div2k/DIV2K_valid_HR/0858.png,/home/ubuntu/scratch/sr-diffusion/benchmarks/div2k/DIV2K_valid_LR_bicubic/X4/0858x4.png,29.59929400758792,0.7996422287459268,28.34555496523938,0.7777124801287
DIV2K,0858,detail_v1_step6000,/home/ubuntu/scratch/sr-diffusion/benchmark_outputs/stage2_detail_perceptual_v1_step6000/DIV2K/0858/base.png,/home/ubuntu/scratch/sr-diffusion/benchmarks/div2k/DIV2K_valid_HR/0858.png,/home/ubuntu/scratch/sr-diffusion/benchmarks/div2k/DIV2K_valid_LR_bicubic/X4/0858x4.png,29.52371032499714,0.8002634206274332,28.27065587532287,0.7763601899498624
DIV2K,0858,detail_v1_latest12000,/home/ubuntu/scratch/sr-diffusion/benchmark_outputs/stage2_detail_perceptual_v1_latest12000/DIV2K/0858/base.png,/home/ubuntu/scratch/sr-diffusion/benchmarks/div2k/DIV2K_valid_HR/0858.png,/home/ubuntu/scratch/sr-diffusion/benchmarks/div2k/DIV2K_valid_LR_bicubic/X4/0858x4.png,29.559243499268714,0.7990308807726857,28.30758433352476,0.7755406377420124
DIV2K,0859,bicubic,generated:matlab_bicubic_resize,/home/ubuntu/scratch/sr-diffusion/benchmarks/div2k/DIV2K_valid_HR/0859.png,/home/ubuntu/scratch/sr-diffusion/benchmarks/div2k/DIV2K_valid_LR_bicubic/X4/0859x4.png,25.32469415163254,0.6324553301007961,24.059457077726382,0.6017599599222823
DIV2K,0859,dual_best98000,/home/ubuntu/scratch/sr-diffusion/benchmark_outputs/stage2_dual_best98000/DIV2K/0859/base.png,/home/ubuntu/scratch/sr-diffusion/benchmarks/div2k/DIV2K_valid_HR/0859.png,/home/ubuntu/scratch/sr-diffusion/benchmarks/div2k/DIV2K_valid_LR_bicubic/X4/0859x4.png,26.281459491681332,0.7015329964996289,24.98461998389958,0.6743214324860407
DIV2K,0859,detail_v1_step6000,/home/ubuntu/scratch/sr-diffusion/benchmark_outputs/stage2_detail_perceptual_v1_step6000/DIV2K/0859/base.png,/home/ubuntu/scratch/sr-diffusion/benchmarks/div2k/DIV2K_valid_HR/0859.png,/home/ubuntu/scratch/sr-diffusion/benchmarks/div2k/DIV2K_valid_LR_bicubic/X4/0859x4.png,26.120509587905545,0.6997968115938259,24.817760291193416,0.6724911585581325
DIV2K,0859,detail_v1_latest12000,/home/ubuntu/scratch/sr-diffusion/benchmark_outputs/stage2_detail_perceptual_v1_latest12000/DIV2K/0859/base.png,/home/ubuntu/scratch/sr-diffusion/benchmarks/div2k/DIV2K_valid_HR/0859.png,/home/ubuntu/scratch/sr-diffusion/benchmarks/div2k/DIV2K_valid_LR_bicubic/X4/0859x4.png,26.22501578389194,0.6997606177914085,24.92671273152668,0.6723657974102945
DIV2K,0860,bicubic,generated:matlab_bicubic_resize,/home/ubuntu/scratch/sr-diffusion/benchmarks/div2k/DIV2K_valid_HR/0860.png,/home/ubuntu/scratch/sr-diffusion/benchmarks/div2k/DIV2K_valid_LR_bicubic/X4/0860x4.png,21.030943613589912,0.5397377758968388,19.671944612057757,0.5221869202230508
DIV2K,0860,dual_best98000,/home/ubuntu/scratch/sr-diffusion/benchmark_outputs/stage2_dual_best98000/DIV2K/0860/base.png,/home/ubuntu/scratch/sr-diffusion/benchmarks/div2k/DIV2K_valid_HR/0860.png,/home/ubuntu/scratch/sr-diffusion/benchmarks/div2k/DIV2K_valid_LR_bicubic/X4/0860x4.png,21.834580697083975,0.6311824350938376,20.466468469732337,0.6175096656689707
DIV2K,0860,detail_v1_step6000,/home/ubuntu/scratch/sr-diffusion/benchmark_outputs/stage2_detail_perceptual_v1_step6000/DIV2K/0860/base.png,/home/ubuntu/scratch/sr-diffusion/benchmarks/div2k/DIV2K_valid_HR/0860.png,/home/ubuntu/scratch/sr-diffusion/benchmarks/div2k/DIV2K_valid_LR_bicubic/X4/0860x4.png,21.794790188789545,0.6354086240996631,20.424431069789524,0.6216893330951399
DIV2K,0860,detail_v1_latest12000,/home/ubuntu/scratch/sr-diffusion/benchmark_outputs/stage2_detail_perceptual_v1_latest12000/DIV2K/0860/base.png,/home/ubuntu/scratch/sr-diffusion/benchmarks/div2k/DIV2K_valid_HR/0860.png,/home/ubuntu/scratch/sr-diffusion/benchmarks/div2k/DIV2K_valid_LR_bicubic/X4/0860x4.png,21.81865039842301,0.6318950968151126,20.449640799648453,0.6181556228524681
DIV2K,0861,bicubic,generated:matlab_bicubic_resize,/home/ubuntu/scratch/sr-diffusion/benchmarks/div2k/DIV2K_valid_HR/0861.png,/home/ubuntu/scratch/sr-diffusion/benchmarks/div2k/DIV2K_valid_LR_bicubic/X4/0861x4.png,22.390981203316073,0.6546742911046685,21.175928119334976,0.6328544467379293
DIV2K,0861,dual_best98000,/home/ubuntu/scratch/sr-diffusion/benchmark_outputs/stage2_dual_best98000/DIV2K/0861/base.png,/home/ubuntu/scratch/sr-diffusion/benchmarks/div2k/DIV2K_valid_HR/0861.png,/home/ubuntu/scratch/sr-diffusion/benchmarks/div2k/DIV2K_valid_LR_bicubic/X4/0861x4.png,23.883643513072652,0.7611971879721343,22.660738952890725,0.7361086030071037
DIV2K,0861,detail_v1_step6000,/home/ubuntu/scratch/sr-diffusion/benchmark_outputs/stage2_detail_perceptual_v1_step6000/DIV2K/0861/base.png,/home/ubuntu/scratch/sr-diffusion/benchmarks/div2k/DIV2K_valid_HR/0861.png,/home/ubuntu/scratch/sr-diffusion/benchmarks/div2k/DIV2K_valid_LR_bicubic/X4/0861x4.png,23.871602524973426,0.7643114765615366,22.649457075799187,0.7399476743477441
DIV2K,0861,detail_v1_latest12000,/home/ubuntu/scratch/sr-diffusion/benchmark_outputs/stage2_detail_perceptual_v1_latest12000/DIV2K/0861/base.png,/home/ubuntu/scratch/sr-diffusion/benchmarks/div2k/DIV2K_valid_HR/0861.png,/home/ubuntu/scratch/sr-diffusion/benchmarks/div2k/DIV2K_valid_LR_bicubic/X4/0861x4.png,23.882912991814838,0.7620674624674936,22.659535729826136,0.7351086226049378
DIV2K,0862,bicubic,generated:matlab_bicubic_resize,/home/ubuntu/scratch/sr-diffusion/benchmarks/div2k/DIV2K_valid_HR/0862.png,/home/ubuntu/scratch/sr-diffusion/benchmarks/div2k/DIV2K_valid_LR_bicubic/X4/0862x4.png,33.7794601347183,0.834622411060717,32.387137781045524,0.8030785848932416
DIV2K,0862,dual_best98000,/home/ubuntu/scratch/sr-diffusion/benchmark_outputs/stage2_dual_best98000/DIV2K/0862/base.png,/home/ubuntu/scratch/sr-diffusion/benchmarks/div2k/DIV2K_valid_HR/0862.png,/home/ubuntu/scratch/sr-diffusion/benchmarks/div2k/DIV2K_valid_LR_bicubic/X4/0862x4.png,34.24437891003,0.8502869568238767,32.80775007723425,0.8203534594219434
DIV2K,0862,detail_v1_step6000,/home/ubuntu/scratch/sr-diffusion/benchmark_outputs/stage2_detail_perceptual_v1_step6000/DIV2K/0862/base.png,/home/ubuntu/scratch/sr-diffusion/benchmarks/div2k/DIV2K_valid_HR/0862.png,/home/ubuntu/scratch/sr-diffusion/benchmarks/div2k/DIV2K_valid_LR_bicubic/X4/0862x4.png,34.131406906304285,0.8505394485348958,32.719329662031356,0.8208521560572387
DIV2K,0862,detail_v1_latest12000,/home/ubuntu/scratch/sr-diffusion/benchmark_outputs/stage2_detail_perceptual_v1_latest12000/DIV2K/0862/base.png,/home/ubuntu/scratch/sr-diffusion/benchmarks/div2k/DIV2K_valid_HR/0862.png,/home/ubuntu/scratch/sr-diffusion/benchmarks/div2k/DIV2K_valid_LR_bicubic/X4/0862x4.png,34.201877806523015,0.8503443423025568,32.77895977964158,0.8204321819396698
DIV2K,0863,bicubic,generated:matlab_bicubic_resize,/home/ubuntu/scratch/sr-diffusion/benchmarks/div2k/DIV2K_valid_HR/0863.png,/home/ubuntu/scratch/sr-diffusion/benchmarks/div2k/DIV2K_valid_LR_bicubic/X4/0863x4.png,33.414160830957144,0.8976468834791831,32.0811352672992,0.8798784466004825
DIV2K,0863,dual_best98000,/home/ubuntu/scratch/sr-diffusion/benchmark_outputs/stage2_dual_best98000/DIV2K/0863/base.png,/home/ubuntu/scratch/sr-diffusion/benchmarks/div2k/DIV2K_valid_HR/0863.png,/home/ubuntu/scratch/sr-diffusion/benchmarks/div2k/DIV2K_valid_LR_bicubic/X4/0863x4.png,34.25280962717321,0.9126133518632183,32.875222559514114,0.8960405761586238
DIV2K,0863,detail_v1_step6000,/home/ubuntu/scratch/sr-diffusion/benchmark_outputs/stage2_detail_perceptual_v1_step6000/DIV2K/0863/base.png,/home/ubuntu/scratch/sr-diffusion/benchmarks/div2k/DIV2K_valid_HR/0863.png,/home/ubuntu/scratch/sr-diffusion/benchmarks/div2k/DIV2K_valid_LR_bicubic/X4/0863x4.png,34.03148285208917,0.91136959813322,32.667196012863556,0.8947070521403999
DIV2K,0863,detail_v1_latest12000,/home/ubuntu/scratch/sr-diffusion/benchmark_outputs/stage2_detail_perceptual_v1_latest12000/DIV2K/0863/base.png,/home/ubuntu/scratch/sr-diffusion/benchmarks/div2k/DIV2K_valid_HR/0863.png,/home/ubuntu/scratch/sr-diffusion/benchmarks/div2k/DIV2K_valid_LR_bicubic/X4/0863x4.png,34.20719730849527,0.9121541796820999,32.84541544180243,0.8957548980682226
DIV2K,0864,bicubic,generated:matlab_bicubic_resize,/home/ubuntu/scratch/sr-diffusion/benchmarks/div2k/DIV2K_valid_HR/0864.png,/home/ubuntu/scratch/sr-diffusion/benchmarks/div2k/DIV2K_valid_LR_bicubic/X4/0864x4.png,29.903125796212542,0.7551268327774266,28.646204620572387,0.7281009221762149
DIV2K,0864,dual_best98000,/home/ubuntu/scratch/sr-diffusion/benchmark_outputs/stage2_dual_best98000/DIV2K/0864/base.png,/home/ubuntu/scratch/sr-diffusion/benchmarks/div2k/DIV2K_valid_HR/0864.png,/home/ubuntu/scratch/sr-diffusion/benchmarks/div2k/DIV2K_valid_LR_bicubic/X4/0864x4.png,31.03753767173268,0.8041496168151737,29.749973975295468,0.781604106502538
DIV2K,0864,detail_v1_step6000,/home/ubuntu/scratch/sr-diffusion/benchmark_outputs/stage2_detail_perceptual_v1_step6000/DIV2K/0864/base.png,/home/ubuntu/scratch/sr-diffusion/benchmarks/div2k/DIV2K_valid_HR/0864.png,/home/ubuntu/scratch/sr-diffusion/benchmarks/div2k/DIV2K_valid_LR_bicubic/X4/0864x4.png,30.93546699268224,0.8026596255761786,29.647828260860884,0.7800482348306317
DIV2K,0864,detail_v1_latest12000,/home/ubuntu/scratch/sr-diffusion/benchmark_outputs/stage2_detail_perceptual_v1_latest12000/DIV2K/0864/base.png,/home/ubuntu/scratch/sr-diffusion/benchmarks/div2k/DIV2K_valid_HR/0864.png,/home/ubuntu/scratch/sr-diffusion/benchmarks/div2k/DIV2K_valid_LR_bicubic/X4/0864x4.png,31.022671145467346,0.8033263488844479,29.739456149918713,0.7806820791180419
DIV2K,0865,bicubic,generated:matlab_bicubic_resize,/home/ubuntu/scratch/sr-diffusion/benchmarks/div2k/DIV2K_valid_HR/0865.png,/home/ubuntu/scratch/sr-diffusion/benchmarks/div2k/DIV2K_valid_LR_bicubic/X4/0865x4.png,27.6874818194118,0.7397082633258846,26.311970394584314,0.7147938193039262
DIV2K,0865,dual_best98000,/home/ubuntu/scratch/sr-diffusion/benchmark_outputs/stage2_dual_best98000/DIV2K/0865/base.png,/home/ubuntu/scratch/sr-diffusion/benchmarks/div2k/DIV2K_valid_HR/0865.png,/home/ubuntu/scratch/sr-diffusion/benchmarks/div2k/DIV2K_valid_LR_bicubic/X4/0865x4.png,28.535719485736376,0.7796055611009941,27.159241765914153,0.7574295325130436
DIV2K,0865,detail_v1_step6000,/home/ubuntu/scratch/sr-diffusion/benchmark_outputs/stage2_detail_perceptual_v1_step6000/DIV2K/0865/base.png,/home/ubuntu/scratch/sr-diffusion/benchmarks/div2k/DIV2K_valid_HR/0865.png,/home/ubuntu/scratch/sr-diffusion/benchmarks/div2k/DIV2K_valid_LR_bicubic/X4/0865x4.png,28.439740337405187,0.7795590093442577,27.067326644779005,0.7574648627329799
DIV2K,0865,detail_v1_latest12000,/home/ubuntu/scratch/sr-diffusion/benchmark_outputs/stage2_detail_perceptual_v1_latest12000/DIV2K/0865/base.png,/home/ubuntu/scratch/sr-diffusion/benchmarks/div2k/DIV2K_valid_HR/0865.png,/home/ubuntu/scratch/sr-diffusion/benchmarks/div2k/DIV2K_valid_LR_bicubic/X4/0865x4.png,28.49211005687147,0.779208875418694,27.11835174125516,0.7569844929774111
DIV2K,0866,bicubic,generated:matlab_bicubic_resize,/home/ubuntu/scratch/sr-diffusion/benchmarks/div2k/DIV2K_valid_HR/0866.png,/home/ubuntu/scratch/sr-diffusion/benchmarks/div2k/DIV2K_valid_LR_bicubic/X4/0866x4.png,25.76912258812304,0.769161545054304,24.348665687586553,0.7523383410698726
DIV2K,0866,dual_best98000,/home/ubuntu/scratch/sr-diffusion/benchmark_outputs/stage2_dual_best98000/DIV2K/0866/base.png,/home/ubuntu/scratch/sr-diffusion/benchmarks/div2k/DIV2K_valid_HR/0866.png,/home/ubuntu/scratch/sr-diffusion/benchmarks/div2k/DIV2K_valid_LR_bicubic/X4/0866x4.png,26.246788664599055,0.8068592933099069,24.819053978423327,0.7916270878983159
DIV2K,0866,detail_v1_step6000,/home/ubuntu/scratch/sr-diffusion/benchmark_outputs/stage2_detail_perceptual_v1_step6000/DIV2K/0866/base.png,/home/ubuntu/scratch/sr-diffusion/benchmarks/div2k/DIV2K_valid_HR/0866.png,/home/ubuntu/scratch/sr-diffusion/benchmarks/div2k/DIV2K_valid_LR_bicubic/X4/0866x4.png,26.132137788664483,0.8074803531212923,24.707096261081027,0.7921459010552209
DIV2K,0866,detail_v1_latest12000,/home/ubuntu/scratch/sr-diffusion/benchmark_outputs/stage2_detail_perceptual_v1_latest12000/DIV2K/0866/base.png,/home/ubuntu/scratch/sr-diffusion/benchmarks/div2k/DIV2K_valid_HR/0866.png,/home/ubuntu/scratch/sr-diffusion/benchmarks/div2k/DIV2K_valid_LR_bicubic/X4/0866x4.png,26.18479701234139,0.8070791872140327,24.757622349176252,0.7917637884961523
DIV2K,0867,bicubic,generated:matlab_bicubic_resize,/home/ubuntu/scratch/sr-diffusion/benchmarks/div2k/DIV2K_valid_HR/0867.png,/home/ubuntu/scratch/sr-diffusion/benchmarks/div2k/DIV2K_valid_LR_bicubic/X4/0867x4.png,27.15107167706242,0.7773868122837911,26.09706260241024,0.7674415879340847
DIV2K,0867,dual_best98000,/home/ubuntu/scratch/sr-diffusion/benchmark_outputs/stage2_dual_best98000/DIV2K/0867/base.png,/home/ubuntu/scratch/sr-diffusion/benchmarks/div2k/DIV2K_valid_HR/0867.png,/home/ubuntu/scratch/sr-diffusion/benchmarks/div2k/DIV2K_valid_LR_bicubic/X4/0867x4.png,28.922281786008753,0.8602337149633884,27.771013877946373,0.8447547565533448
DIV2K,0867,detail_v1_step6000,/home/ubuntu/scratch/sr-diffusion/benchmark_outputs/stage2_detail_perceptual_v1_step6000/DIV2K/0867/base.png,/home/ubuntu/scratch/sr-diffusion/benchmarks/div2k/DIV2K_valid_HR/0867.png,/home/ubuntu/scratch/sr-diffusion/benchmarks/div2k/DIV2K_valid_LR_bicubic/X4/0867x4.png,28.653326485630288,0.8574280331072022,27.49187291141519,0.8407969570063211
DIV2K,0867,detail_v1_latest12000,/home/ubuntu/scratch/sr-diffusion/benchmark_outputs/stage2_detail_perceptual_v1_latest12000/DIV2K/0867/base.png,/home/ubuntu/scratch/sr-diffusion/benchmarks/div2k/DIV2K_valid_HR/0867.png,/home/ubuntu/scratch/sr-diffusion/benchmarks/div2k/DIV2K_valid_LR_bicubic/X4/0867x4.png,28.894800158488053,0.8600661738256083,27.7455121457681,0.8440480307654991
DIV2K,0868,bicubic,generated:matlab_bicubic_resize,/home/ubuntu/scratch/sr-diffusion/benchmarks/div2k/DIV2K_valid_HR/0868.png,/home/ubuntu/scratch/sr-diffusion/benchmarks/div2k/DIV2K_valid_LR_bicubic/X4/0868x4.png,30.902370410302744,0.9379222150106817,29.55224204564073,0.9336486282783653
DIV2K,0868,dual_best98000,/home/ubuntu/scratch/sr-diffusion/benchmark_outputs/stage2_dual_best98000/DIV2K/0868/base.png,/home/ubuntu/scratch/sr-diffusion/benchmarks/div2k/DIV2K_valid_HR/0868.png,/home/ubuntu/scratch/sr-diffusion/benchmarks/div2k/DIV2K_valid_LR_bicubic/X4/0868x4.png,33.559997726871615,0.960156416669519,32.27423851188904,0.9562511152480239
DIV2K,0868,detail_v1_step6000,/home/ubuntu/scratch/sr-diffusion/benchmark_outputs/stage2_detail_perceptual_v1_step6000/DIV2K/0868/base.png,/home/ubuntu/scratch/sr-diffusion/benchmarks/div2k/DIV2K_valid_HR/0868.png,/home/ubuntu/scratch/sr-diffusion/benchmarks/div2k/DIV2K_valid_LR_bicubic/X4/0868x4.png,33.4346826274713,0.9604010754572887,32.16292338799769,0.9562952799419434
DIV2K,0868,detail_v1_latest12000,/home/ubuntu/scratch/sr-diffusion/benchmark_outputs/stage2_detail_perceptual_v1_latest12000/DIV2K/0868/base.png,/home/ubuntu/scratch/sr-diffusion/benchmarks/div2k/DIV2K_valid_HR/0868.png,/home/ubuntu/scratch/sr-diffusion/benchmarks/div2k/DIV2K_valid_LR_bicubic/X4/0868x4.png,33.60564691147172,0.9602915462606406,32.32758439719647,0.9563328693877734
DIV2K,0869,bicubic,generated:matlab_bicubic_resize,/home/ubuntu/scratch/sr-diffusion/benchmarks/div2k/DIV2K_valid_HR/0869.png,/home/ubuntu/scratch/sr-diffusion/benchmarks/div2k/DIV2K_valid_LR_bicubic/X4/0869x4.png,24.09092863645175,0.7497491566697656,22.72169306335448,0.7350252020994793
DIV2K,0869,dual_best98000,/home/ubuntu/scratch/sr-diffusion/benchmark_outputs/stage2_dual_best98000/DIV2K/0869/base.png,/home/ubuntu/scratch/sr-diffusion/benchmarks/div2k/DIV2K_valid_HR/0869.png,/home/ubuntu/scratch/sr-diffusion/benchmarks/div2k/DIV2K_valid_LR_bicubic/X4/0869x4.png,24.92632467158469,0.8021029064075598,23.561078899838964,0.7895961251394521
DIV2K,0869,detail_v1_step6000,/home/ubuntu/scratch/sr-diffusion/benchmark_outputs/stage2_detail_perceptual_v1_step6000/DIV2K/0869/base.png,/home/ubuntu/scratch/sr-diffusion/benchmarks/div2k/DIV2K_valid_HR/0869.png,/home/ubuntu/scratch/sr-diffusion/benchmarks/div2k/DIV2K_valid_LR_bicubic/X4/0869x4.png,24.86216536738005,0.8031494306309412,23.49773571832133,0.7906216125754515
DIV2K,0869,detail_v1_latest12000,/home/ubuntu/scratch/sr-diffusion/benchmark_outputs/stage2_detail_perceptual_v1_latest12000/DIV2K/0869/base.png,/home/ubuntu/scratch/sr-diffusion/benchmarks/div2k/DIV2K_valid_HR/0869.png,/home/ubuntu/scratch/sr-diffusion/benchmarks/div2k/DIV2K_valid_LR_bicubic/X4/0869x4.png,24.89727089243384,0.8017532664660334,23.53276223060124,0.7892152194564813
DIV2K,0870,bicubic,generated:matlab_bicubic_resize,/home/ubuntu/scratch/sr-diffusion/benchmarks/div2k/DIV2K_valid_HR/0870.png,/home/ubuntu/scratch/sr-diffusion/benchmarks/div2k/DIV2K_valid_LR_bicubic/X4/0870x4.png,28.262181647547475,0.8051200396988059,26.950020765616884,0.784116708520377
DIV2K,0870,dual_best98000,/home/ubuntu/scratch/sr-diffusion/benchmark_outputs/stage2_dual_best98000/DIV2K/0870/base.png,/home/ubuntu/scratch/sr-diffusion/benchmarks/div2k/DIV2K_valid_HR/0870.png,/home/ubuntu/scratch/sr-diffusion/benchmarks/div2k/DIV2K_valid_LR_bicubic/X4/0870x4.png,29.677359496351976,0.8582784705921244,28.311404681044667,0.8395833236700015
DIV2K,0870,detail_v1_step6000,/home/ubuntu/scratch/sr-diffusion/benchmark_outputs/stage2_detail_perceptual_v1_step6000/DIV2K/0870/base.png,/home/ubuntu/scratch/sr-diffusion/benchmarks/div2k/DIV2K_valid_HR/0870.png,/home/ubuntu/scratch/sr-diffusion/benchmarks/div2k/DIV2K_valid_LR_bicubic/X4/0870x4.png,29.450166227306866,0.856831581881667,28.0872458850221,0.838053788818755
DIV2K,0870,detail_v1_latest12000,/home/ubuntu/scratch/sr-diffusion/benchmark_outputs/stage2_detail_perceptual_v1_latest12000/DIV2K/0870/base.png,/home/ubuntu/scratch/sr-diffusion/benchmarks/div2k/DIV2K_valid_HR/0870.png,/home/ubuntu/scratch/sr-diffusion/benchmarks/div2k/DIV2K_valid_LR_bicubic/X4/0870x4.png,29.615947956546506,0.8578353187061438,28.253106514517885,0.8390487341809143
DIV2K,0871,bicubic,generated:matlab_bicubic_resize,/home/ubuntu/scratch/sr-diffusion/benchmarks/div2k/DIV2K_valid_HR/0871.png,/home/ubuntu/scratch/sr-diffusion/benchmarks/div2k/DIV2K_valid_LR_bicubic/X4/0871x4.png,30.950863219785376,0.86500006512986,29.41408743258254,0.8482038486210272
DIV2K,0871,dual_best98000,/home/ubuntu/scratch/sr-diffusion/benchmark_outputs/stage2_dual_best98000/DIV2K/0871/base.png,/home/ubuntu/scratch/sr-diffusion/benchmarks/div2k/DIV2K_valid_HR/0871.png,/home/ubuntu/scratch/sr-diffusion/benchmarks/div2k/DIV2K_valid_LR_bicubic/X4/0871x4.png,32.98200360969775,0.9108365309637444,31.365244058863453,0.8959990245457522
DIV2K,0871,detail_v1_step6000,/home/ubuntu/scratch/sr-diffusion/benchmark_outputs/stage2_detail_perceptual_v1_step6000/DIV2K/0871/base.png,/home/ubuntu/scratch/sr-diffusion/benchmarks/div2k/DIV2K_valid_HR/0871.png,/home/ubuntu/scratch/sr-diffusion/benchmarks/div2k/DIV2K_valid_LR_bicubic/X4/0871x4.png,32.61870149334426,0.9075346221605574,31.01819109018916,0.8922940889314805
DIV2K,0871,detail_v1_latest12000,/home/ubuntu/scratch/sr-diffusion/benchmark_outputs/stage2_detail_perceptual_v1_latest12000/DIV2K/0871/base.png,/home/ubuntu/scratch/sr-diffusion/benchmarks/div2k/DIV2K_valid_HR/0871.png,/home/ubuntu/scratch/sr-diffusion/benchmarks/div2k/DIV2K_valid_LR_bicubic/X4/0871x4.png,32.98752552911334,0.9099779815116744,31.386251661023085,0.8950067806614249
DIV2K,0872,bicubic,generated:matlab_bicubic_resize,/home/ubuntu/scratch/sr-diffusion/benchmarks/div2k/DIV2K_valid_HR/0872.png,/home/ubuntu/scratch/sr-diffusion/benchmarks/div2k/DIV2K_valid_LR_bicubic/X4/0872x4.png,23.691701290838886,0.6277498254749015,22.43637353595485,0.5975030224972765
DIV2K,0872,dual_best98000,/home/ubuntu/scratch/sr-diffusion/benchmark_outputs/stage2_dual_best98000/DIV2K/0872/base.png,/home/ubuntu/scratch/sr-diffusion/benchmarks/div2k/DIV2K_valid_HR/0872.png,/home/ubuntu/scratch/sr-diffusion/benchmarks/div2k/DIV2K_valid_LR_bicubic/X4/0872x4.png,25.032507011982105,0.6997971865983349,23.7497118392708,0.6710708983849748
DIV2K,0872,detail_v1_step6000,/home/ubuntu/scratch/sr-diffusion/benchmark_outputs/stage2_detail_perceptual_v1_step6000/DIV2K/0872/base.png,/home/ubuntu/scratch/sr-diffusion/benchmarks/div2k/DIV2K_valid_HR/0872.png,/home/ubuntu/scratch/sr-diffusion/benchmarks/div2k/DIV2K_valid_LR_bicubic/X4/0872x4.png,25.03452813532642,0.7039808750577228,23.74927457950474,0.6754764989632882
DIV2K,0872,detail_v1_latest12000,/home/ubuntu/scratch/sr-diffusion/benchmark_outputs/stage2_detail_perceptual_v1_latest12000/DIV2K/0872/base.png,/home/ubuntu/scratch/sr-diffusion/benchmarks/div2k/DIV2K_valid_HR/0872.png,/home/ubuntu/scratch/sr-diffusion/benchmarks/div2k/DIV2K_valid_LR_bicubic/X4/0872x4.png,25.03383822081553,0.7011632117440552,23.75017260602632,0.6724786637814396
DIV2K,0873,bicubic,generated:matlab_bicubic_resize,/home/ubuntu/scratch/sr-diffusion/benchmarks/div2k/DIV2K_valid_HR/0873.png,/home/ubuntu/scratch/sr-diffusion/benchmarks/div2k/DIV2K_valid_LR_bicubic/X4/0873x4.png,24.000094384905452,0.6670170096796554,22.676219820751196,0.6463358553919484
DIV2K,0873,dual_best98000,/home/ubuntu/scratch/sr-diffusion/benchmark_outputs/stage2_dual_best98000/DIV2K/0873/base.png,/home/ubuntu/scratch/sr-diffusion/benchmarks/div2k/DIV2K_valid_HR/0873.png,/home/ubuntu/scratch/sr-diffusion/benchmarks/div2k/DIV2K_valid_LR_bicubic/X4/0873x4.png,25.140293609591442,0.7363051893434523,23.80244571872384,0.7181078115002361
DIV2K,0873,detail_v1_step6000,/home/ubuntu/scratch/sr-diffusion/benchmark_outputs/stage2_detail_perceptual_v1_step6000/DIV2K/0873/base.png,/home/ubuntu/scratch/sr-diffusion/benchmarks/div2k/DIV2K_valid_HR/0873.png,/home/ubuntu/scratch/sr-diffusion/benchmarks/div2k/DIV2K_valid_LR_bicubic/X4/0873x4.png,25.134055488226537,0.74195911944058,23.794302794248445,0.7239843803318998
DIV2K,0873,detail_v1_latest12000,/home/ubuntu/scratch/sr-diffusion/benchmark_outputs/stage2_detail_perceptual_v1_latest12000/DIV2K/0873/base.png,/home/ubuntu/scratch/sr-diffusion/benchmarks/div2k/DIV2K_valid_HR/0873.png,/home/ubuntu/scratch/sr-diffusion/benchmarks/div2k/DIV2K_valid_LR_bicubic/X4/0873x4.png,25.13870534209321,0.73993636639618,23.79983779880164,0.7219208340180877
DIV2K,0874,bicubic,generated:matlab_bicubic_resize,/home/ubuntu/scratch/sr-diffusion/benchmarks/div2k/DIV2K_valid_HR/0874.png,/home/ubuntu/scratch/sr-diffusion/benchmarks/div2k/DIV2K_valid_LR_bicubic/X4/0874x4.png,29.589149963150767,0.7601703899590856,28.199253170565896,0.7271920216730723
DIV2K,0874,dual_best98000,/home/ubuntu/scratch/sr-diffusion/benchmark_outputs/stage2_dual_best98000/DIV2K/0874/base.png,/home/ubuntu/scratch/sr-diffusion/benchmarks/div2k/DIV2K_valid_HR/0874.png,/home/ubuntu/scratch/sr-diffusion/benchmarks/div2k/DIV2K_valid_LR_bicubic/X4/0874x4.png,31.217826327115276,0.8118655384214243,29.794815270637976,0.7836141679451226
DIV2K,0874,detail_v1_step6000,/home/ubuntu/scratch/sr-diffusion/benchmark_outputs/stage2_detail_perceptual_v1_step6000/DIV2K/0874/base.png,/home/ubuntu/scratch/sr-diffusion/benchmarks/div2k/DIV2K_valid_HR/0874.png,/home/ubuntu/scratch/sr-diffusion/benchmarks/div2k/DIV2K_valid_LR_bicubic/X4/0874x4.png,31.075484604596426,0.810528885145313,29.65875262492307,0.7824397816730854
DIV2K,0874,detail_v1_latest12000,/home/ubuntu/scratch/sr-diffusion/benchmark_outputs/stage2_detail_perceptual_v1_latest12000/DIV2K/0874/base.png,/home/ubuntu/scratch/sr-diffusion/benchmarks/div2k/DIV2K_valid_HR/0874.png,/home/ubuntu/scratch/sr-diffusion/benchmarks/div2k/DIV2K_valid_LR_bicubic/X4/0874x4.png,31.190254716689026,0.8113773684034672,29.770951954526595,0.783148620624111
DIV2K,0875,bicubic,generated:matlab_bicubic_resize,/home/ubuntu/scratch/sr-diffusion/benchmarks/div2k/DIV2K_valid_HR/0875.png,/home/ubuntu/scratch/sr-diffusion/benchmarks/div2k/DIV2K_valid_LR_bicubic/X4/0875x4.png,23.66745196078936,0.5733736480813545,22.420361583855776,0.5421617203878851
DIV2K,0875,dual_best98000,/home/ubuntu/scratch/sr-diffusion/benchmark_outputs/stage2_dual_best98000/DIV2K/0875/base.png,/home/ubuntu/scratch/sr-diffusion/benchmarks/div2k/DIV2K_valid_HR/0875.png,/home/ubuntu/scratch/sr-diffusion/benchmarks/div2k/DIV2K_valid_LR_bicubic/X4/0875x4.png,25.534971336711656,0.6842535840932099,24.244383292724176,0.6582207039332387
DIV2K,0875,detail_v1_step6000,/home/ubuntu/scratch/sr-diffusion/benchmark_outputs/stage2_detail_perceptual_v1_step6000/DIV2K/0875/base.png,/home/ubuntu/scratch/sr-diffusion/benchmarks/div2k/DIV2K_valid_HR/0875.png,/home/ubuntu/scratch/sr-diffusion/benchmarks/div2k/DIV2K_valid_LR_bicubic/X4/0875x4.png,25.50834666659543,0.6885202366383802,24.21827094058793,0.6630502420558186
DIV2K,0875,detail_v1_latest12000,/home/ubuntu/scratch/sr-diffusion/benchmark_outputs/stage2_detail_perceptual_v1_latest12000/DIV2K/0875/base.png,/home/ubuntu/scratch/sr-diffusion/benchmarks/div2k/DIV2K_valid_HR/0875.png,/home/ubuntu/scratch/sr-diffusion/benchmarks/div2k/DIV2K_valid_LR_bicubic/X4/0875x4.png,25.523571830368503,0.6858187704929496,24.23436354035909,0.6599143769383968
DIV2K,0876,bicubic,generated:matlab_bicubic_resize,/home/ubuntu/scratch/sr-diffusion/benchmarks/div2k/DIV2K_valid_HR/0876.png,/home/ubuntu/scratch/sr-diffusion/benchmarks/div2k/DIV2K_valid_LR_bicubic/X4/0876x4.png,22.535149011766755,0.5117065522501167,21.43399919375785,0.4835952469723179
DIV2K,0876,dual_best98000,/home/ubuntu/scratch/sr-diffusion/benchmark_outputs/stage2_dual_best98000/DIV2K/0876/base.png,/home/ubuntu/scratch/sr-diffusion/benchmarks/div2k/DIV2K_valid_HR/0876.png,/home/ubuntu/scratch/sr-diffusion/benchmarks/div2k/DIV2K_valid_LR_bicubic/X4/0876x4.png,23.067427734886728,0.5910385192732341,21.964033700598517,0.5658215706107123
DIV2K,0876,detail_v1_step6000,/home/ubuntu/scratch/sr-diffusion/benchmark_outputs/stage2_detail_perceptual_v1_step6000/DIV2K/0876/base.png,/home/ubuntu/scratch/sr-diffusion/benchmarks/div2k/DIV2K_valid_HR/0876.png,/home/ubuntu/scratch/sr-diffusion/benchmarks/div2k/DIV2K_valid_LR_bicubic/X4/0876x4.png,23.018159056853207,0.5937736252488957,21.914073729141272,0.5672193584781641
DIV2K,0876,detail_v1_latest12000,/home/ubuntu/scratch/sr-diffusion/benchmark_outputs/stage2_detail_perceptual_v1_latest12000/DIV2K/0876/base.png,/home/ubuntu/scratch/sr-diffusion/benchmarks/div2k/DIV2K_valid_HR/0876.png,/home/ubuntu/scratch/sr-diffusion/benchmarks/div2k/DIV2K_valid_LR_bicubic/X4/0876x4.png,23.04132747233284,0.5916775951325379,21.937531735322327,0.5652793093749032
DIV2K,0877,bicubic,generated:matlab_bicubic_resize,/home/ubuntu/scratch/sr-diffusion/benchmarks/div2k/DIV2K_valid_HR/0877.png,/home/ubuntu/scratch/sr-diffusion/benchmarks/div2k/DIV2K_valid_LR_bicubic/X4/0877x4.png,36.90720316722345,0.9512193034062388,35.44206235873748,0.940718820023104
DIV2K,0877,dual_best98000,/home/ubuntu/scratch/sr-diffusion/benchmark_outputs/stage2_dual_best98000/DIV2K/0877/base.png,/home/ubuntu/scratch/sr-diffusion/benchmarks/div2k/DIV2K_valid_HR/0877.png,/home/ubuntu/scratch/sr-diffusion/benchmarks/div2k/DIV2K_valid_LR_bicubic/X4/0877x4.png,40.918668730543224,0.9738442389915324,39.20589839731757,0.9637083456665639
DIV2K,0877,detail_v1_step6000,/home/ubuntu/scratch/sr-diffusion/benchmark_outputs/stage2_detail_perceptual_v1_step6000/DIV2K/0877/base.png,/home/ubuntu/scratch/sr-diffusion/benchmarks/div2k/DIV2K_valid_HR/0877.png,/home/ubuntu/scratch/sr-diffusion/benchmarks/div2k/DIV2K_valid_LR_bicubic/X4/0877x4.png,41.05110400149947,0.974036438489491,39.34905272338426,0.9636944968226256
DIV2K,0877,detail_v1_latest12000,/home/ubuntu/scratch/sr-diffusion/benchmark_outputs/stage2_detail_perceptual_v1_latest12000/DIV2K/0877/base.png,/home/ubuntu/scratch/sr-diffusion/benchmarks/div2k/DIV2K_valid_HR/0877.png,/home/ubuntu/scratch/sr-diffusion/benchmarks/div2k/DIV2K_valid_LR_bicubic/X4/0877x4.png,41.138744277624454,0.9741525473446956,39.474044191085945,0.9640916140324226
DIV2K,0878,bicubic,generated:matlab_bicubic_resize,/home/ubuntu/scratch/sr-diffusion/benchmarks/div2k/DIV2K_valid_HR/0878.png,/home/ubuntu/scratch/sr-diffusion/benchmarks/div2k/DIV2K_valid_LR_bicubic/X4/0878x4.png,30.31253975870529,0.855330205362406,28.823349851422876,0.8353318189775746
DIV2K,0878,dual_best98000,/home/ubuntu/scratch/sr-diffusion/benchmark_outputs/stage2_dual_best98000/DIV2K/0878/base.png,/home/ubuntu/scratch/sr-diffusion/benchmarks/div2k/DIV2K_valid_HR/0878.png,/home/ubuntu/scratch/sr-diffusion/benchmarks/div2k/DIV2K_valid_LR_bicubic/X4/0878x4.png,33.4785625660503,0.907961786025671,31.90462601308716,0.8921683170838479
DIV2K,0878,detail_v1_step6000,/home/ubuntu/scratch/sr-diffusion/benchmark_outputs/stage2_detail_perceptual_v1_step6000/DIV2K/0878/base.png,/home/ubuntu/scratch/sr-diffusion/benchmarks/div2k/DIV2K_valid_HR/0878.png,/home/ubuntu/scratch/sr-diffusion/benchmarks/div2k/DIV2K_valid_LR_bicubic/X4/0878x4.png,33.49017413808796,0.909057986020204,31.913708567009923,0.8933932990042021
DIV2K,0878,detail_v1_latest12000,/home/ubuntu/scratch/sr-diffusion/benchmark_outputs/stage2_detail_perceptual_v1_latest12000/DIV2K/0878/base.png,/home/ubuntu/scratch/sr-diffusion/benchmarks/div2k/DIV2K_valid_HR/0878.png,/home/ubuntu/scratch/sr-diffusion/benchmarks/div2k/DIV2K_valid_LR_bicubic/X4/0878x4.png,33.51865715634386,0.9085169558201363,31.942527395896896,0.8927279860118323
DIV2K,0879,bicubic,generated:matlab_bicubic_resize,/home/ubuntu/scratch/sr-diffusion/benchmarks/div2k/DIV2K_valid_HR/0879.png,/home/ubuntu/scratch/sr-diffusion/benchmarks/div2k/DIV2K_valid_LR_bicubic/X4/0879x4.png,26.7570462254599,0.8253695962763796,25.416341829117442,0.8038246646268199
DIV2K,0879,dual_best98000,/home/ubuntu/scratch/sr-diffusion/benchmark_outputs/stage2_dual_best98000/DIV2K/0879/base.png,/home/ubuntu/scratch/sr-diffusion/benchmarks/div2k/DIV2K_valid_HR/0879.png,/home/ubuntu/scratch/sr-diffusion/benchmarks/div2k/DIV2K_valid_LR_bicubic/X4/0879x4.png,28.380572972592617,0.8744684450138307,27.02540702120345,0.8544835426788371
DIV2K,0879,detail_v1_step6000,/home/ubuntu/scratch/sr-diffusion/benchmark_outputs/stage2_detail_perceptual_v1_step6000/DIV2K/0879/base.png,/home/ubuntu/scratch/sr-diffusion/benchmarks/div2k/DIV2K_valid_HR/0879.png,/home/ubuntu/scratch/sr-diffusion/benchmarks/div2k/DIV2K_valid_LR_bicubic/X4/0879x4.png,28.263613670420163,0.8750272657288322,26.875573500753525,0.8524163324318078
DIV2K,0879,detail_v1_latest12000,/home/ubuntu/scratch/sr-diffusion/benchmark_outputs/stage2_detail_perceptual_v1_latest12000/DIV2K/0879/base.png,/home/ubuntu/scratch/sr-diffusion/benchmarks/div2k/DIV2K_valid_HR/0879.png,/home/ubuntu/scratch/sr-diffusion/benchmarks/div2k/DIV2K_valid_LR_bicubic/X4/0879x4.png,28.373655280659122,0.8749235174718248,27.017005709169087,0.8547413516535404
DIV2K,0880,bicubic,generated:matlab_bicubic_resize,/home/ubuntu/scratch/sr-diffusion/benchmarks/div2k/DIV2K_valid_HR/0880.png,/home/ubuntu/scratch/sr-diffusion/benchmarks/div2k/DIV2K_valid_LR_bicubic/X4/0880x4.png,31.90791769212824,0.8798384678672005,30.548764397967993,0.8667103493325418
DIV2K,0880,dual_best98000,/home/ubuntu/scratch/sr-diffusion/benchmark_outputs/stage2_dual_best98000/DIV2K/0880/base.png,/home/ubuntu/scratch/sr-diffusion/benchmarks/div2k/DIV2K_valid_HR/0880.png,/home/ubuntu/scratch/sr-diffusion/benchmarks/div2k/DIV2K_valid_LR_bicubic/X4/0880x4.png,32.810472613653616,0.9068595704566437,31.41063605728408,0.8955580476276529
DIV2K,0880,detail_v1_step6000,/home/ubuntu/scratch/sr-diffusion/benchmark_outputs/stage2_detail_perceptual_v1_step6000/DIV2K/0880/base.png,/home/ubuntu/scratch/sr-diffusion/benchmarks/div2k/DIV2K_valid_HR/0880.png,/home/ubuntu/scratch/sr-diffusion/benchmarks/div2k/DIV2K_valid_LR_bicubic/X4/0880x4.png,32.51035653876569,0.9043466547254209,31.122856951444987,0.8930635281777678
DIV2K,0880,detail_v1_latest12000,/home/ubuntu/scratch/sr-diffusion/benchmark_outputs/stage2_detail_perceptual_v1_latest12000/DIV2K/0880/base.png,/home/ubuntu/scratch/sr-diffusion/benchmarks/div2k/DIV2K_valid_HR/0880.png,/home/ubuntu/scratch/sr-diffusion/benchmarks/div2k/DIV2K_valid_LR_bicubic/X4/0880x4.png,32.74025129523087,0.9057852558447335,31.35188662398356,0.8944954074681298
DIV2K,0881,bicubic,generated:matlab_bicubic_resize,/home/ubuntu/scratch/sr-diffusion/benchmarks/div2k/DIV2K_valid_HR/0881.png,/home/ubuntu/scratch/sr-diffusion/benchmarks/div2k/DIV2K_valid_LR_bicubic/X4/0881x4.png,26.38470257503924,0.7513893630704347,24.953038347429924,0.7305250509099168
DIV2K,0881,dual_best98000,/home/ubuntu/scratch/sr-diffusion/benchmark_outputs/stage2_dual_best98000/DIV2K/0881/base.png,/home/ubuntu/scratch/sr-diffusion/benchmarks/div2k/DIV2K_valid_HR/0881.png,/home/ubuntu/scratch/sr-diffusion/benchmarks/div2k/DIV2K_valid_LR_bicubic/X4/0881x4.png,27.23649140660811,0.7849624205147814,25.79704955459438,0.7659375840256425
DIV2K,0881,detail_v1_step6000,/home/ubuntu/scratch/sr-diffusion/benchmark_outputs/stage2_detail_perceptual_v1_step6000/DIV2K/0881/base.png,/home/ubuntu/scratch/sr-diffusion/benchmarks/div2k/DIV2K_valid_HR/0881.png,/home/ubuntu/scratch/sr-diffusion/benchmarks/div2k/DIV2K_valid_LR_bicubic/X4/0881x4.png,27.234379453152677,0.7879966894790609,25.797456044837112,0.769251302339906
DIV2K,0881,detail_v1_latest12000,/home/ubuntu/scratch/sr-diffusion/benchmark_outputs/stage2_detail_perceptual_v1_latest12000/DIV2K/0881/base.png,/home/ubuntu/scratch/sr-diffusion/benchmarks/div2k/DIV2K_valid_HR/0881.png,/home/ubuntu/scratch/sr-diffusion/benchmarks/div2k/DIV2K_valid_LR_bicubic/X4/0881x4.png,27.229237436856444,0.7864998140005383,25.792046729615343,0.7675575072546555
DIV2K,0882,bicubic,generated:matlab_bicubic_resize,/home/ubuntu/scratch/sr-diffusion/benchmarks/div2k/DIV2K_valid_HR/0882.png,/home/ubuntu/scratch/sr-diffusion/benchmarks/div2k/DIV2K_valid_LR_bicubic/X4/0882x4.png,32.834659059762096,0.9470841661922387,31.33276990156024,0.928730481549875
DIV2K,0882,dual_best98000,/home/ubuntu/scratch/sr-diffusion/benchmark_outputs/stage2_dual_best98000/DIV2K/0882/base.png,/home/ubuntu/scratch/sr-diffusion/benchmarks/div2k/DIV2K_valid_HR/0882.png,/home/ubuntu/scratch/sr-diffusion/benchmarks/div2k/DIV2K_valid_LR_bicubic/X4/0882x4.png,34.950921282027664,0.9610041009883465,33.31760700371032,0.9428338344377257
DIV2K,0882,detail_v1_step6000,/home/ubuntu/scratch/sr-diffusion/benchmark_outputs/stage2_detail_perceptual_v1_step6000/DIV2K/0882/base.png,/home/ubuntu/scratch/sr-diffusion/benchmarks/div2k/DIV2K_valid_HR/0882.png,/home/ubuntu/scratch/sr-diffusion/benchmarks/div2k/DIV2K_valid_LR_bicubic/X4/0882x4.png,34.95030597164071,0.9608597232694058,33.32112964134134,0.9425129973764759
DIV2K,0882,detail_v1_latest12000,/home/ubuntu/scratch/sr-diffusion/benchmark_outputs/stage2_detail_perceptual_v1_latest12000/DIV2K/0882/base.png,/home/ubuntu/scratch/sr-diffusion/benchmarks/div2k/DIV2K_valid_HR/0882.png,/home/ubuntu/scratch/sr-diffusion/benchmarks/div2k/DIV2K_valid_LR_bicubic/X4/0882x4.png,35.16772848430703,0.9611592936716152,33.527442055254745,0.942889915754602
DIV2K,0883,bicubic,generated:matlab_bicubic_resize,/home/ubuntu/scratch/sr-diffusion/benchmarks/div2k/DIV2K_valid_HR/0883.png,/home/ubuntu/scratch/sr-diffusion/benchmarks/div2k/DIV2K_valid_LR_bicubic/X4/0883x4.png,26.672392283903477,0.699399412656511,24.903360754767967,0.6604065734610973
DIV2K,0883,dual_best98000,/home/ubuntu/scratch/sr-diffusion/benchmark_outputs/stage2_dual_best98000/DIV2K/0883/base.png,/home/ubuntu/scratch/sr-diffusion/benchmarks/div2k/DIV2K_valid_HR/0883.png,/home/ubuntu/scratch/sr-diffusion/benchmarks/div2k/DIV2K_valid_LR_bicubic/X4/0883x4.png,27.687468263384503,0.7606699830381591,25.853547339810504,0.7246693144443427
DIV2K,0883,detail_v1_step6000,/home/ubuntu/scratch/sr-diffusion/benchmark_outputs/stage2_detail_perceptual_v1_step6000/DIV2K/0883/base.png,/home/ubuntu/scratch/sr-diffusion/benchmarks/div2k/DIV2K_valid_HR/0883.png,/home/ubuntu/scratch/sr-diffusion/benchmarks/div2k/DIV2K_valid_LR_bicubic/X4/0883x4.png,27.387606814600545,0.7568815016353263,25.56619100673676,0.7206491480586769
DIV2K,0883,detail_v1_latest12000,/home/ubuntu/scratch/sr-diffusion/benchmark_outputs/stage2_detail_perceptual_v1_latest12000/DIV2K/0883/base.png,/home/ubuntu/scratch/sr-diffusion/benchmarks/div2k/DIV2K_valid_HR/0883.png,/home/ubuntu/scratch/sr-diffusion/benchmarks/div2k/DIV2K_valid_LR_bicubic/X4/0883x4.png,27.565073963285414,0.7573397213672861,25.73709727041443,0.7209101463909898
DIV2K,0884,bicubic,generated:matlab_bicubic_resize,/home/ubuntu/scratch/sr-diffusion/benchmarks/div2k/DIV2K_valid_HR/0884.png,/home/ubuntu/scratch/sr-diffusion/benchmarks/div2k/DIV2K_valid_LR_bicubic/X4/0884x4.png,25.932550617489515,0.6811603228602474,24.1140716375031,0.6414805570994759
DIV2K,0884,dual_best98000,/home/ubuntu/scratch/sr-diffusion/benchmark_outputs/stage2_dual_best98000/DIV2K/0884/base.png,/home/ubuntu/scratch/sr-diffusion/benchmarks/div2k/DIV2K_valid_HR/0884.png,/home/ubuntu/scratch/sr-diffusion/benchmarks/div2k/DIV2K_valid_LR_bicubic/X4/0884x4.png,27.502582417670215,0.7592214607096988,25.579388177223265,0.7240756624038625
DIV2K,0884,detail_v1_step6000,/home/ubuntu/scratch/sr-diffusion/benchmark_outputs/stage2_detail_perceptual_v1_step6000/DIV2K/0884/base.png,/home/ubuntu/scratch/sr-diffusion/benchmarks/div2k/DIV2K_valid_HR/0884.png,/home/ubuntu/scratch/sr-diffusion/benchmarks/div2k/DIV2K_valid_LR_bicubic/X4/0884x4.png,27.512911825820716,0.76421951547918,25.597758545819588,0.7302155777136236
DIV2K,0884,detail_v1_latest12000,/home/ubuntu/scratch/sr-diffusion/benchmark_outputs/stage2_detail_perceptual_v1_latest12000/DIV2K/0884/base.png,/home/ubuntu/scratch/sr-diffusion/benchmarks/div2k/DIV2K_valid_HR/0884.png,/home/ubuntu/scratch/sr-diffusion/benchmarks/div2k/DIV2K_valid_LR_bicubic/X4/0884x4.png,27.530005770733332,0.7621796770547721,25.609909311722078,0.7276533891712615
DIV2K,0885,bicubic,generated:matlab_bicubic_resize,/home/ubuntu/scratch/sr-diffusion/benchmarks/div2k/DIV2K_valid_HR/0885.png,/home/ubuntu/scratch/sr-diffusion/benchmarks/div2k/DIV2K_valid_LR_bicubic/X4/0885x4.png,23.23773909763997,0.515336661825981,21.849574732610378,0.49506962650441766
DIV2K,0885,dual_best98000,/home/ubuntu/scratch/sr-diffusion/benchmark_outputs/stage2_dual_best98000/DIV2K/0885/base.png,/home/ubuntu/scratch/sr-diffusion/benchmarks/div2k/DIV2K_valid_HR/0885.png,/home/ubuntu/scratch/sr-diffusion/benchmarks/div2k/DIV2K_valid_LR_bicubic/X4/0885x4.png,23.956725630210286,0.5895522278215974,22.561598655518182,0.5660357483033156
DIV2K,0885,detail_v1_step6000,/home/ubuntu/scratch/sr-diffusion/benchmark_outputs/stage2_detail_perceptual_v1_step6000/DIV2K/0885/base.png,/home/ubuntu/scratch/sr-diffusion/benchmarks/div2k/DIV2K_valid_HR/0885.png,/home/ubuntu/scratch/sr-diffusion/benchmarks/div2k/DIV2K_valid_LR_bicubic/X4/0885x4.png,23.95081835126145,0.596596216027802,22.552252456095914,0.5724418976841105
DIV2K,0885,detail_v1_latest12000,/home/ubuntu/scratch/sr-diffusion/benchmark_outputs/stage2_detail_perceptual_v1_latest12000/DIV2K/0885/base.png,/home/ubuntu/scratch/sr-diffusion/benchmarks/div2k/DIV2K_valid_HR/0885.png,/home/ubuntu/scratch/sr-diffusion/benchmarks/div2k/DIV2K_valid_LR_bicubic/X4/0885x4.png,23.957578513185883,0.5939824499763438,22.563577429921335,0.5700769833492477
DIV2K,0886,bicubic,generated:matlab_bicubic_resize,/home/ubuntu/scratch/sr-diffusion/benchmarks/div2k/DIV2K_valid_HR/0886.png,/home/ubuntu/scratch/sr-diffusion/benchmarks/div2k/DIV2K_valid_LR_bicubic/X4/0886x4.png,35.324427073198564,0.9233415733806059,33.316461124845056,0.9022115171189272
DIV2K,0886,dual_best98000,/home/ubuntu/scratch/sr-diffusion/benchmark_outputs/stage2_dual_best98000/DIV2K/0886/base.png,/home/ubuntu/scratch/sr-diffusion/benchmarks/div2k/DIV2K_valid_HR/0886.png,/home/ubuntu/scratch/sr-diffusion/benchmarks/div2k/DIV2K_valid_LR_bicubic/X4/0886x4.png,37.746877793125556,0.9362891667681729,35.722992917954,0.9149850762739646
DIV2K,0886,detail_v1_step6000,/home/ubuntu/scratch/sr-diffusion/benchmark_outputs/stage2_detail_perceptual_v1_step6000/DIV2K/0886/base.png,/home/ubuntu/scratch/sr-diffusion/benchmarks/div2k/DIV2K_valid_HR/0886.png,/home/ubuntu/scratch/sr-diffusion/benchmarks/div2k/DIV2K_valid_LR_bicubic/X4/0886x4.png,37.50287743244567,0.9355395796237613,35.49190162155582,0.9142584410360758
DIV2K,0886,detail_v1_latest12000,/home/ubuntu/scratch/sr-diffusion/benchmark_outputs/stage2_detail_perceptual_v1_latest12000/DIV2K/0886/base.png,/home/ubuntu/scratch/sr-diffusion/benchmarks/div2k/DIV2K_valid_HR/0886.png,/home/ubuntu/scratch/sr-diffusion/benchmarks/div2k/DIV2K_valid_LR_bicubic/X4/0886x4.png,37.67943265668823,0.9360141739714825,35.666556486440946,0.9149473508588303
DIV2K,0887,bicubic,generated:matlab_bicubic_resize,/home/ubuntu/scratch/sr-diffusion/benchmarks/div2k/DIV2K_valid_HR/0887.png,/home/ubuntu/scratch/sr-diffusion/benchmarks/div2k/DIV2K_valid_LR_bicubic/X4/0887x4.png,24.815082096726954,0.7019525550392715,23.874017592280943,0.7080484218752496
DIV2K,0887,dual_best98000,/home/ubuntu/scratch/sr-diffusion/benchmark_outputs/stage2_dual_best98000/DIV2K/0887/base.png,/home/ubuntu/scratch/sr-diffusion/benchmarks/div2k/DIV2K_valid_HR/0887.png,/home/ubuntu/scratch/sr-diffusion/benchmarks/div2k/DIV2K_valid_LR_bicubic/X4/0887x4.png,25.99278823536958,0.756841386476249,25.092303296541264,0.7576864925469543
DIV2K,0887,detail_v1_step6000,/home/ubuntu/scratch/sr-diffusion/benchmark_outputs/stage2_detail_perceptual_v1_step6000/DIV2K/0887/base.png,/home/ubuntu/scratch/sr-diffusion/benchmarks/div2k/DIV2K_valid_HR/0887.png,/home/ubuntu/scratch/sr-diffusion/benchmarks/div2k/DIV2K_valid_LR_bicubic/X4/0887x4.png,25.912946448357722,0.7601868787970734,25.008520044844587,0.7591005282450798
DIV2K,0887,detail_v1_latest12000,/home/ubuntu/scratch/sr-diffusion/benchmark_outputs/stage2_detail_perceptual_v1_latest12000/DIV2K/0887/base.png,/home/ubuntu/scratch/sr-diffusion/benchmarks/div2k/DIV2K_valid_HR/0887.png,/home/ubuntu/scratch/sr-diffusion/benchmarks/div2k/DIV2K_valid_LR_bicubic/X4/0887x4.png,25.936668329099852,0.7586004396256613,25.032346100037962,0.7575678091908347
DIV2K,0888,bicubic,generated:matlab_bicubic_resize,/home/ubuntu/scratch/sr-diffusion/benchmarks/div2k/DIV2K_valid_HR/0888.png,/home/ubuntu/scratch/sr-diffusion/benchmarks/div2k/DIV2K_valid_LR_bicubic/X4/0888x4.png,29.05220551841627,0.8447629206197457,27.5604678932014,0.8245712464976535
DIV2K,0888,dual_best98000,/home/ubuntu/scratch/sr-diffusion/benchmark_outputs/stage2_dual_best98000/DIV2K/0888/base.png,/home/ubuntu/scratch/sr-diffusion/benchmarks/div2k/DIV2K_valid_HR/0888.png,/home/ubuntu/scratch/sr-diffusion/benchmarks/div2k/DIV2K_valid_LR_bicubic/X4/0888x4.png,31.69696321832445,0.8950341734463974,30.230134615461527,0.8775124949312804
DIV2K,0888,detail_v1_step6000,/home/ubuntu/scratch/sr-diffusion/benchmark_outputs/stage2_detail_perceptual_v1_step6000/DIV2K/0888/base.png,/home/ubuntu/scratch/sr-diffusion/benchmarks/div2k/DIV2K_valid_HR/0888.png,/home/ubuntu/scratch/sr-diffusion/benchmarks/div2k/DIV2K_valid_LR_bicubic/X4/0888x4.png,31.59305280266937,0.8951430340725743,30.133104444447266,0.8776809635640773
DIV2K,0888,detail_v1_latest12000,/home/ubuntu/scratch/sr-diffusion/benchmark_outputs/stage2_detail_perceptual_v1_latest12000/DIV2K/0888/base.png,/home/ubuntu/scratch/sr-diffusion/benchmarks/div2k/DIV2K_valid_HR/0888.png,/home/ubuntu/scratch/sr-diffusion/benchmarks/div2k/DIV2K_valid_LR_bicubic/X4/0888x4.png,31.676378253884586,0.8954052448418388,30.222023099044538,0.8778048608623134
DIV2K,0889,bicubic,generated:matlab_bicubic_resize,/home/ubuntu/scratch/sr-diffusion/benchmarks/div2k/DIV2K_valid_HR/0889.png,/home/ubuntu/scratch/sr-diffusion/benchmarks/div2k/DIV2K_valid_LR_bicubic/X4/0889x4.png,28.796657415892287,0.8533591721431573,27.22117864814145,0.8335877105525529
DIV2K,0889,dual_best98000,/home/ubuntu/scratch/sr-diffusion/benchmark_outputs/stage2_dual_best98000/DIV2K/0889/base.png,/home/ubuntu/scratch/sr-diffusion/benchmarks/div2k/DIV2K_valid_HR/0889.png,/home/ubuntu/scratch/sr-diffusion/benchmarks/div2k/DIV2K_valid_LR_bicubic/X4/0889x4.png,31.910662412131426,0.9147922449853337,30.2623742676677,0.8994993497797245
DIV2K,0889,detail_v1_step6000,/home/ubuntu/scratch/sr-diffusion/benchmark_outputs/stage2_detail_perceptual_v1_step6000/DIV2K/0889/base.png,/home/ubuntu/scratch/sr-diffusion/benchmarks/div2k/DIV2K_valid_HR/0889.png,/home/ubuntu/scratch/sr-diffusion/benchmarks/div2k/DIV2K_valid_LR_bicubic/X4/0889x4.png,31.890241390195925,0.9150906652597154,30.23208755684694,0.9000129404292974
DIV2K,0889,detail_v1_latest12000,/home/ubuntu/scratch/sr-diffusion/benchmark_outputs/stage2_detail_perceptual_v1_latest12000/DIV2K/0889/base.png,/home/ubuntu/scratch/sr-diffusion/benchmarks/div2k/DIV2K_valid_HR/0889.png,/home/ubuntu/scratch/sr-diffusion/benchmarks/div2k/DIV2K_valid_LR_bicubic/X4/0889x4.png,31.960428044089745,0.9149528058471456,30.3181874848449,0.8998014582968411
DIV2K,0890,bicubic,generated:matlab_bicubic_resize,/home/ubuntu/scratch/sr-diffusion/benchmarks/div2k/DIV2K_valid_HR/0890.png,/home/ubuntu/scratch/sr-diffusion/benchmarks/div2k/DIV2K_valid_LR_bicubic/X4/0890x4.png,25.899954838004923,0.7074273581750954,24.594596466012938,0.6940400511523941
DIV2K,0890,dual_best98000,/home/ubuntu/scratch/sr-diffusion/benchmark_outputs/stage2_dual_best98000/DIV2K/0890/base.png,/home/ubuntu/scratch/sr-diffusion/benchmarks/div2k/DIV2K_valid_HR/0890.png,/home/ubuntu/scratch/sr-diffusion/benchmarks/div2k/DIV2K_valid_LR_bicubic/X4/0890x4.png,26.46395502538748,0.7515762820677274,25.16209068846298,0.739846910194989
DIV2K,0890,detail_v1_step6000,/home/ubuntu/scratch/sr-diffusion/benchmark_outputs/stage2_detail_perceptual_v1_step6000/DIV2K/0890/base.png,/home/ubuntu/scratch/sr-diffusion/benchmarks/div2k/DIV2K_valid_HR/0890.png,/home/ubuntu/scratch/sr-diffusion/benchmarks/div2k/DIV2K_valid_LR_bicubic/X4/0890x4.png,26.368247885902672,0.7527882579099218,25.068442863838605,0.7409359813482334
DIV2K,0890,detail_v1_latest12000,/home/ubuntu/scratch/sr-diffusion/benchmark_outputs/stage2_detail_perceptual_v1_latest12000/DIV2K/0890/base.png,/home/ubuntu/scratch/sr-diffusion/benchmarks/div2k/DIV2K_valid_HR/0890.png,/home/ubuntu/scratch/sr-diffusion/benchmarks/div2k/DIV2K_valid_LR_bicubic/X4/0890x4.png,26.42652913058148,0.7513906051312494,25.125896811258094,0.7394408495360493
DIV2K,0891,bicubic,generated:matlab_bicubic_resize,/home/ubuntu/scratch/sr-diffusion/benchmarks/div2k/DIV2K_valid_HR/0891.png,/home/ubuntu/scratch/sr-diffusion/benchmarks/div2k/DIV2K_valid_LR_bicubic/X4/0891x4.png,25.104913819513165,0.7275471856761191,23.799262578641958,0.7047911748069247
DIV2K,0891,dual_best98000,/home/ubuntu/scratch/sr-diffusion/benchmark_outputs/stage2_dual_best98000/DIV2K/0891/base.png,/home/ubuntu/scratch/sr-diffusion/benchmarks/div2k/DIV2K_valid_HR/0891.png,/home/ubuntu/scratch/sr-diffusion/benchmarks/div2k/DIV2K_valid_LR_bicubic/X4/0891x4.png,27.801981881810423,0.8353256221144398,26.47248957310515,0.8120845595436436
DIV2K,0891,detail_v1_step6000,/home/ubuntu/scratch/sr-diffusion/benchmark_outputs/stage2_detail_perceptual_v1_step6000/DIV2K/0891/base.png,/home/ubuntu/scratch/sr-diffusion/benchmarks/div2k/DIV2K_valid_HR/0891.png,/home/ubuntu/scratch/sr-diffusion/benchmarks/div2k/DIV2K_valid_LR_bicubic/X4/0891x4.png,27.76806711907373,0.8364774308206514,26.434611988377497,0.8131950456798772
DIV2K,0891,detail_v1_latest12000,/home/ubuntu/scratch/sr-diffusion/benchmark_outputs/stage2_detail_perceptual_v1_latest12000/DIV2K/0891/base.png,/home/ubuntu/scratch/sr-diffusion/benchmarks/div2k/DIV2K_valid_HR/0891.png,/home/ubuntu/scratch/sr-diffusion/benchmarks/div2k/DIV2K_valid_LR_bicubic/X4/0891x4.png,27.818743734883054,0.8363103824225534,26.493053112491044,0.8131666612444559
DIV2K,0892,bicubic,generated:matlab_bicubic_resize,/home/ubuntu/scratch/sr-diffusion/benchmarks/div2k/DIV2K_valid_HR/0892.png,/home/ubuntu/scratch/sr-diffusion/benchmarks/div2k/DIV2K_valid_LR_bicubic/X4/0892x4.png,26.57078744165719,0.8041714754118309,25.29440848248194,0.7906969342943561
DIV2K,0892,dual_best98000,/home/ubuntu/scratch/sr-diffusion/benchmark_outputs/stage2_dual_best98000/DIV2K/0892/base.png,/home/ubuntu/scratch/sr-diffusion/benchmarks/div2k/DIV2K_valid_HR/0892.png,/home/ubuntu/scratch/sr-diffusion/benchmarks/div2k/DIV2K_valid_LR_bicubic/X4/0892x4.png,30.33941139130316,0.9070523759469674,28.971639305730832,0.8959346434265734
DIV2K,0892,detail_v1_step6000,/home/ubuntu/scratch/sr-diffusion/benchmark_outputs/stage2_detail_perceptual_v1_step6000/DIV2K/0892/base.png,/home/ubuntu/scratch/sr-diffusion/benchmarks/div2k/DIV2K_valid_HR/0892.png,/home/ubuntu/scratch/sr-diffusion/benchmarks/div2k/DIV2K_valid_LR_bicubic/X4/0892x4.png,30.130637947922587,0.9057922381851266,28.768691052419356,0.8945641738152631
DIV2K,0892,detail_v1_latest12000,/home/ubuntu/scratch/sr-diffusion/benchmark_outputs/stage2_detail_perceptual_v1_latest12000/DIV2K/0892/base.png,/home/ubuntu/scratch/sr-diffusion/benchmarks/div2k/DIV2K_valid_HR/0892.png,/home/ubuntu/scratch/sr-diffusion/benchmarks/div2k/DIV2K_valid_LR_bicubic/X4/0892x4.png,30.32782700852941,0.9067163201685461,28.960046700817173,0.895452942377324
DIV2K,0893,bicubic,generated:matlab_bicubic_resize,/home/ubuntu/scratch/sr-diffusion/benchmarks/div2k/DIV2K_valid_HR/0893.png,/home/ubuntu/scratch/sr-diffusion/benchmarks/div2k/DIV2K_valid_LR_bicubic/X4/0893x4.png,32.524773611385115,0.8279593162739151,30.978702819223265,0.7898480984000941
DIV2K,0893,dual_best98000,/home/ubuntu/scratch/sr-diffusion/benchmark_outputs/stage2_dual_best98000/DIV2K/0893/base.png,/home/ubuntu/scratch/sr-diffusion/benchmarks/div2k/DIV2K_valid_HR/0893.png,/home/ubuntu/scratch/sr-diffusion/benchmarks/div2k/DIV2K_valid_LR_bicubic/X4/0893x4.png,34.53119095216235,0.8497944690492515,32.9894005166558,0.8126585650707541
DIV2K,0893,detail_v1_step6000,/home/ubuntu/scratch/sr-diffusion/benchmark_outputs/stage2_detail_perceptual_v1_step6000/DIV2K/0893/base.png,/home/ubuntu/scratch/sr-diffusion/benchmarks/div2k/DIV2K_valid_HR/0893.png,/home/ubuntu/scratch/sr-diffusion/benchmarks/div2k/DIV2K_valid_LR_bicubic/X4/0893x4.png,34.51619604950553,0.8502132375148637,32.98630476137353,0.8133071891015026
DIV2K,0893,detail_v1_latest12000,/home/ubuntu/scratch/sr-diffusion/benchmark_outputs/stage2_detail_perceptual_v1_latest12000/DIV2K/0893/base.png,/home/ubuntu/scratch/sr-diffusion/benchmarks/div2k/DIV2K_valid_HR/0893.png,/home/ubuntu/scratch/sr-diffusion/benchmarks/div2k/DIV2K_valid_LR_bicubic/X4/0893x4.png,34.55401438068081,0.8501723587866972,33.028053168330366,0.8132088462339708
DIV2K,0894,bicubic,generated:matlab_bicubic_resize,/home/ubuntu/scratch/sr-diffusion/benchmarks/div2k/DIV2K_valid_HR/0894.png,/home/ubuntu/scratch/sr-diffusion/benchmarks/div2k/DIV2K_valid_LR_bicubic/X4/0894x4.png,30.739337680331985,0.8635810337834654,29.343367348939225,0.8458350800161888
DIV2K,0894,dual_best98000,/home/ubuntu/scratch/sr-diffusion/benchmark_outputs/stage2_dual_best98000/DIV2K/0894/base.png,/home/ubuntu/scratch/sr-diffusion/benchmarks/div2k/DIV2K_valid_HR/0894.png,/home/ubuntu/scratch/sr-diffusion/benchmarks/div2k/DIV2K_valid_LR_bicubic/X4/0894x4.png,32.87785644930425,0.9017733161217837,31.485104620462472,0.886878141278526
DIV2K,0894,detail_v1_step6000,/home/ubuntu/scratch/sr-diffusion/benchmark_outputs/stage2_detail_perceptual_v1_step6000/DIV2K/0894/base.png,/home/ubuntu/scratch/sr-diffusion/benchmarks/div2k/DIV2K_valid_HR/0894.png,/home/ubuntu/scratch/sr-diffusion/benchmarks/div2k/DIV2K_valid_LR_bicubic/X4/0894x4.png,32.77815886541272,0.9013849462458694,31.390984301091844,0.8864531909392123
DIV2K,0894,detail_v1_latest12000,/home/ubuntu/scratch/sr-diffusion/benchmark_outputs/stage2_detail_perceptual_v1_latest12000/DIV2K/0894/base.png,/home/ubuntu/scratch/sr-diffusion/benchmarks/div2k/DIV2K_valid_HR/0894.png,/home/ubuntu/scratch/sr-diffusion/benchmarks/div2k/DIV2K_valid_LR_bicubic/X4/0894x4.png,32.84272846481183,0.9011253868029073,31.45729057719933,0.8860010961080983
DIV2K,0895,bicubic,generated:matlab_bicubic_resize,/home/ubuntu/scratch/sr-diffusion/benchmarks/div2k/DIV2K_valid_HR/0895.png,/home/ubuntu/scratch/sr-diffusion/benchmarks/div2k/DIV2K_valid_LR_bicubic/X4/0895x4.png,21.034498832028884,0.49905801182492426,19.719265494766923,0.47684620262602806
DIV2K,0895,dual_best98000,/home/ubuntu/scratch/sr-diffusion/benchmark_outputs/stage2_dual_best98000/DIV2K/0895/base.png,/home/ubuntu/scratch/sr-diffusion/benchmarks/div2k/DIV2K_valid_HR/0895.png,/home/ubuntu/scratch/sr-diffusion/benchmarks/div2k/DIV2K_valid_LR_bicubic/X4/0895x4.png,21.623369586326714,0.5709330911181459,20.294778733584906,0.5506672832017334
DIV2K,0895,detail_v1_step6000,/home/ubuntu/scratch/sr-diffusion/benchmark_outputs/stage2_detail_perceptual_v1_step6000/DIV2K/0895/base.png,/home/ubuntu/scratch/sr-diffusion/benchmarks/div2k/DIV2K_valid_HR/0895.png,/home/ubuntu/scratch/sr-diffusion/benchmarks/div2k/DIV2K_valid_LR_bicubic/X4/0895x4.png,21.58372142607402,0.5758753773783076,20.25346840605943,0.55557091937083
DIV2K,0895,detail_v1_latest12000,/home/ubuntu/scratch/sr-diffusion/benchmark_outputs/stage2_detail_perceptual_v1_latest12000/DIV2K/0895/base.png,/home/ubuntu/scratch/sr-diffusion/benchmarks/div2k/DIV2K_valid_HR/0895.png,/home/ubuntu/scratch/sr-diffusion/benchmarks/div2k/DIV2K_valid_LR_bicubic/X4/0895x4.png,21.600859154541084,0.5729587231156726,20.270313296393276,0.5525522650233695
DIV2K,0896,bicubic,generated:matlab_bicubic_resize,/home/ubuntu/scratch/sr-diffusion/benchmarks/div2k/DIV2K_valid_HR/0896.png,/home/ubuntu/scratch/sr-diffusion/benchmarks/div2k/DIV2K_valid_LR_bicubic/X4/0896x4.png,34.926128738567066,0.9450622254346444,33.51237444146571,0.9252180732354267
DIV2K,0896,dual_best98000,/home/ubuntu/scratch/sr-diffusion/benchmark_outputs/stage2_dual_best98000/DIV2K/0896/base.png,/home/ubuntu/scratch/sr-diffusion/benchmarks/div2k/DIV2K_valid_HR/0896.png,/home/ubuntu/scratch/sr-diffusion/benchmarks/div2k/DIV2K_valid_LR_bicubic/X4/0896x4.png,38.85023697274984,0.957845156671917,37.11421256529225,0.9376886755906652
DIV2K,0896,detail_v1_step6000,/home/ubuntu/scratch/sr-diffusion/benchmark_outputs/stage2_detail_perceptual_v1_step6000/DIV2K/0896/base.png,/home/ubuntu/scratch/sr-diffusion/benchmarks/div2k/DIV2K_valid_HR/0896.png,/home/ubuntu/scratch/sr-diffusion/benchmarks/div2k/DIV2K_valid_LR_bicubic/X4/0896x4.png,39.039038592340745,0.9580608157153091,37.30024138681117,0.9380200677614009
DIV2K,0896,detail_v1_latest12000,/home/ubuntu/scratch/sr-diffusion/benchmark_outputs/stage2_detail_perceptual_v1_latest12000/DIV2K/0896/base.png,/home/ubuntu/scratch/sr-diffusion/benchmarks/div2k/DIV2K_valid_HR/0896.png,/home/ubuntu/scratch/sr-diffusion/benchmarks/div2k/DIV2K_valid_LR_bicubic/X4/0896x4.png,39.13616308843743,0.9581613239791006,37.39904943318835,0.9381224964546355
DIV2K,0897,bicubic,generated:matlab_bicubic_resize,/home/ubuntu/scratch/sr-diffusion/benchmarks/div2k/DIV2K_valid_HR/0897.png,/home/ubuntu/scratch/sr-diffusion/benchmarks/div2k/DIV2K_valid_LR_bicubic/X4/0897x4.png,21.989878054736604,0.6260526715555877,20.89749370466705,0.5878256296779435
DIV2K,0897,dual_best98000,/home/ubuntu/scratch/sr-diffusion/benchmark_outputs/stage2_dual_best98000/DIV2K/0897/base.png,/home/ubuntu/scratch/sr-diffusion/benchmarks/div2k/DIV2K_valid_HR/0897.png,/home/ubuntu/scratch/sr-diffusion/benchmarks/div2k/DIV2K_valid_LR_bicubic/X4/0897x4.png,22.929019415286177,0.7098182828673929,21.783727021168104,0.6722104285103784
DIV2K,0897,detail_v1_step6000,/home/ubuntu/scratch/sr-diffusion/benchmark_outputs/stage2_detail_perceptual_v1_step6000/DIV2K/0897/base.png,/home/ubuntu/scratch/sr-diffusion/benchmarks/div2k/DIV2K_valid_HR/0897.png,/home/ubuntu/scratch/sr-diffusion/benchmarks/div2k/DIV2K_valid_LR_bicubic/X4/0897x4.png,22.69032855880056,0.712015944506895,21.556851189408373,0.6704735128651308
DIV2K,0897,detail_v1_latest12000,/home/ubuntu/scratch/sr-diffusion/benchmark_outputs/stage2_detail_perceptual_v1_latest12000/DIV2K/0897/base.png,/home/ubuntu/scratch/sr-diffusion/benchmarks/div2k/DIV2K_valid_HR/0897.png,/home/ubuntu/scratch/sr-diffusion/benchmarks/div2k/DIV2K_valid_LR_bicubic/X4/0897x4.png,22.81956109204991,0.7113721686769288,21.68006605789893,0.6720514911537517
DIV2K,0898,bicubic,generated:matlab_bicubic_resize,/home/ubuntu/scratch/sr-diffusion/benchmarks/div2k/DIV2K_valid_HR/0898.png,/home/ubuntu/scratch/sr-diffusion/benchmarks/div2k/DIV2K_valid_LR_bicubic/X4/0898x4.png,33.0788056753139,0.9094627159705704,31.561386489853334,0.8860976440029417
DIV2K,0898,dual_best98000,/home/ubuntu/scratch/sr-diffusion/benchmark_outputs/stage2_dual_best98000/DIV2K/0898/base.png,/home/ubuntu/scratch/sr-diffusion/benchmarks/div2k/DIV2K_valid_HR/0898.png,/home/ubuntu/scratch/sr-diffusion/benchmarks/div2k/DIV2K_valid_LR_bicubic/X4/0898x4.png,35.377232576129416,0.9271962298346119,33.77751656160923,0.902713120380248
DIV2K,0898,detail_v1_step6000,/home/ubuntu/scratch/sr-diffusion/benchmark_outputs/stage2_detail_perceptual_v1_step6000/DIV2K/0898/base.png,/home/ubuntu/scratch/sr-diffusion/benchmarks/div2k/DIV2K_valid_HR/0898.png,/home/ubuntu/scratch/sr-diffusion/benchmarks/div2k/DIV2K_valid_LR_bicubic/X4/0898x4.png,35.28985583431701,0.9281974971173982,33.72178434365709,0.9035672485979971
DIV2K,0898,detail_v1_latest12000,/home/ubuntu/scratch/sr-diffusion/benchmark_outputs/stage2_detail_perceptual_v1_latest12000/DIV2K/0898/base.png,/home/ubuntu/scratch/sr-diffusion/benchmarks/div2k/DIV2K_valid_HR/0898.png,/home/ubuntu/scratch/sr-diffusion/benchmarks/div2k/DIV2K_valid_LR_bicubic/X4/0898x4.png,35.3294425881502,0.9278444068571394,33.74824112648176,0.9032643318052064
DIV2K,0899,bicubic,generated:matlab_bicubic_resize,/home/ubuntu/scratch/sr-diffusion/benchmarks/div2k/DIV2K_valid_HR/0899.png,/home/ubuntu/scratch/sr-diffusion/benchmarks/div2k/DIV2K_valid_LR_bicubic/X4/0899x4.png,27.52752355169043,0.8396631687608713,26.251827225588514,0.8218287074995767
DIV2K,0899,dual_best98000,/home/ubuntu/scratch/sr-diffusion/benchmark_outputs/stage2_dual_best98000/DIV2K/0899/base.png,/home/ubuntu/scratch/sr-diffusion/benchmarks/div2k/DIV2K_valid_HR/0899.png,/home/ubuntu/scratch/sr-diffusion/benchmarks/div2k/DIV2K_valid_LR_bicubic/X4/0899x4.png,31.829246745911757,0.9084306112219996,30.53551321128408,0.8915581260351076
DIV2K,0899,detail_v1_step6000,/home/ubuntu/scratch/sr-diffusion/benchmark_outputs/stage2_detail_perceptual_v1_step6000/DIV2K/0899/base.png,/home/ubuntu/scratch/sr-diffusion/benchmarks/div2k/DIV2K_valid_HR/0899.png,/home/ubuntu/scratch/sr-diffusion/benchmarks/div2k/DIV2K_valid_LR_bicubic/X4/0899x4.png,31.705867431151773,0.9102254051871852,30.381408763283805,0.8931597528297354
DIV2K,0899,detail_v1_latest12000,/home/ubuntu/scratch/sr-diffusion/benchmark_outputs/stage2_detail_perceptual_v1_latest12000/DIV2K/0899/base.png,/home/ubuntu/scratch/sr-diffusion/benchmarks/div2k/DIV2K_valid_HR/0899.png,/home/ubuntu/scratch/sr-diffusion/benchmarks/div2k/DIV2K_valid_LR_bicubic/X4/0899x4.png,31.74622234738818,0.9093733346201709,30.450908016714145,0.8925138026135445
DIV2K,0900,bicubic,generated:matlab_bicubic_resize,/home/ubuntu/scratch/sr-diffusion/benchmarks/div2k/DIV2K_valid_HR/0900.png,/home/ubuntu/scratch/sr-diffusion/benchmarks/div2k/DIV2K_valid_LR_bicubic/X4/0900x4.png,25.213752267128676,0.7793385761806038,24.165001637123133,0.7631525935717841
DIV2K,0900,dual_best98000,/home/ubuntu/scratch/sr-diffusion/benchmark_outputs/stage2_dual_best98000/DIV2K/0900/base.png,/home/ubuntu/scratch/sr-diffusion/benchmarks/div2k/DIV2K_valid_HR/0900.png,/home/ubuntu/scratch/sr-diffusion/benchmarks/div2k/DIV2K_valid_LR_bicubic/X4/0900x4.png,28.804590674620528,0.8709906074063007,27.628882991339168,0.8497465396104786
DIV2K,0900,detail_v1_step6000,/home/ubuntu/scratch/sr-diffusion/benchmark_outputs/stage2_detail_perceptual_v1_step6000/DIV2K/0900/base.png,/home/ubuntu/scratch/sr-diffusion/benchmarks/div2k/DIV2K_valid_HR/0900.png,/home/ubuntu/scratch/sr-diffusion/benchmarks/div2k/DIV2K_valid_LR_bicubic/X4/0900x4.png,28.896331033131922,0.8730973426282346,27.72629889378961,0.8509152204818066
DIV2K,0900,detail_v1_latest12000,/home/ubuntu/scratch/sr-diffusion/benchmark_outputs/stage2_detail_perceptual_v1_latest12000/DIV2K/0900/base.png,/home/ubuntu/scratch/sr-diffusion/benchmarks/div2k/DIV2K_valid_HR/0900.png,/home/ubuntu/scratch/sr-diffusion/benchmarks/div2k/DIV2K_valid_LR_bicubic/X4/0900x4.png,28.863472212912605,0.871729645194602,27.69554619067354,0.849149146845441
Set5,img_001,bicubic,generated:matlab_bicubic_resize,/home/ubuntu/scratch/sr-diffusion/benchmarks/selfexsr/SelfExSR-master/data/Set5/image_SRF_4/img_001_SRF_4_HR.png,/home/ubuntu/scratch/sr-diffusion/benchmarks/selfexsr/SelfExSR-master/data/Set5/image_SRF_4/img_001_SRF_4_LR.png,31.78644431960816,0.8576563348104564,30.36962867013581,0.8287889836474539
Set5,img_001,dual_best98000,/home/ubuntu/scratch/sr-diffusion/benchmark_outputs/stage2_dual_best98000/Set5/img_001/base.png,/home/ubuntu/scratch/sr-diffusion/benchmarks/selfexsr/SelfExSR-master/data/Set5/image_SRF_4/img_001_SRF_4_HR.png,/home/ubuntu/scratch/sr-diffusion/benchmarks/selfexsr/SelfExSR-master/data/Set5/image_SRF_4/img_001_SRF_4_LR.png,33.6278268983624,0.8929167050391401,32.067007336869665,0.8668151495843596
Set5,img_001,detail_v1_step6000,/home/ubuntu/scratch/sr-diffusion/benchmark_outputs/stage2_detail_perceptual_v1_step6000/Set5/img_001/base.png,/home/ubuntu/scratch/sr-diffusion/benchmarks/selfexsr/SelfExSR-master/data/Set5/image_SRF_4/img_001_SRF_4_HR.png,/home/ubuntu/scratch/sr-diffusion/benchmarks/selfexsr/SelfExSR-master/data/Set5/image_SRF_4/img_001_SRF_4_LR.png,33.30858455207428,0.8917514509100394,31.756805673737848,0.8656852855107319
Set5,img_001,detail_v1_latest12000,/home/ubuntu/scratch/sr-diffusion/benchmark_outputs/stage2_detail_perceptual_v1_latest12000/Set5/img_001/base.png,/home/ubuntu/scratch/sr-diffusion/benchmarks/selfexsr/SelfExSR-master/data/Set5/image_SRF_4/img_001_SRF_4_HR.png,/home/ubuntu/scratch/sr-diffusion/benchmarks/selfexsr/SelfExSR-master/data/Set5/image_SRF_4/img_001_SRF_4_LR.png,33.606186676777654,0.8926392330001919,32.06174143337637,0.8664753208824411
Set5,img_002,bicubic,generated:matlab_bicubic_resize,/home/ubuntu/scratch/sr-diffusion/benchmarks/selfexsr/SelfExSR-master/data/Set5/image_SRF_4/img_002_SRF_4_HR.png,/home/ubuntu/scratch/sr-diffusion/benchmarks/selfexsr/SelfExSR-master/data/Set5/image_SRF_4/img_002_SRF_4_LR.png,30.187039204040854,0.8738086449040812,28.21878365581817,0.8487544677565205
Set5,img_002,dual_best98000,/home/ubuntu/scratch/sr-diffusion/benchmark_outputs/stage2_dual_best98000/Set5/img_002/base.png,/home/ubuntu/scratch/sr-diffusion/benchmarks/selfexsr/SelfExSR-master/data/Set5/image_SRF_4/img_002_SRF_4_HR.png,/home/ubuntu/scratch/sr-diffusion/benchmarks/selfexsr/SelfExSR-master/data/Set5/image_SRF_4/img_002_SRF_4_LR.png,34.13141371085362,0.9359544427748601,31.838080132113873,0.9093930278812428
Set5,img_002,detail_v1_step6000,/home/ubuntu/scratch/sr-diffusion/benchmark_outputs/stage2_detail_perceptual_v1_step6000/Set5/img_002/base.png,/home/ubuntu/scratch/sr-diffusion/benchmarks/selfexsr/SelfExSR-master/data/Set5/image_SRF_4/img_002_SRF_4_HR.png,/home/ubuntu/scratch/sr-diffusion/benchmarks/selfexsr/SelfExSR-master/data/Set5/image_SRF_4/img_002_SRF_4_LR.png,34.12316607536369,0.9373920165540992,31.845016965291393,0.9111559098069547
Set5,img_002,detail_v1_latest12000,/home/ubuntu/scratch/sr-diffusion/benchmark_outputs/stage2_detail_perceptual_v1_latest12000/Set5/img_002/base.png,/home/ubuntu/scratch/sr-diffusion/benchmarks/selfexsr/SelfExSR-master/data/Set5/image_SRF_4/img_002_SRF_4_HR.png,/home/ubuntu/scratch/sr-diffusion/benchmarks/selfexsr/SelfExSR-master/data/Set5/image_SRF_4/img_002_SRF_4_LR.png,34.16882130176916,0.9370426533222356,31.85127638717301,0.907867843948252
Set5,img_003,bicubic,generated:matlab_bicubic_resize,/home/ubuntu/scratch/sr-diffusion/benchmarks/selfexsr/SelfExSR-master/data/Set5/image_SRF_4/img_003_SRF_4_HR.png,/home/ubuntu/scratch/sr-diffusion/benchmarks/selfexsr/SelfExSR-master/data/Set5/image_SRF_4/img_003_SRF_4_LR.png,22.10101141896677,0.7374837825309141,20.865133023716393,0.7012266482200533
Set5,img_003,dual_best98000,/home/ubuntu/scratch/sr-diffusion/benchmark_outputs/stage2_dual_best98000/Set5/img_003/base.png,/home/ubuntu/scratch/sr-diffusion/benchmarks/selfexsr/SelfExSR-master/data/Set5/image_SRF_4/img_003_SRF_4_HR.png,/home/ubuntu/scratch/sr-diffusion/benchmarks/selfexsr/SelfExSR-master/data/Set5/image_SRF_4/img_003_SRF_4_LR.png,27.562418268366883,0.9158331649458057,26.137367611673007,0.8943974786533814
Set5,img_003,detail_v1_step6000,/home/ubuntu/scratch/sr-diffusion/benchmark_outputs/stage2_detail_perceptual_v1_step6000/Set5/img_003/base.png,/home/ubuntu/scratch/sr-diffusion/benchmarks/selfexsr/SelfExSR-master/data/Set5/image_SRF_4/img_003_SRF_4_HR.png,/home/ubuntu/scratch/sr-diffusion/benchmarks/selfexsr/SelfExSR-master/data/Set5/image_SRF_4/img_003_SRF_4_LR.png,27.535288078705964,0.915668430623039,26.120548137042103,0.8946303984266303
Set5,img_003,detail_v1_latest12000,/home/ubuntu/scratch/sr-diffusion/benchmark_outputs/stage2_detail_perceptual_v1_latest12000/Set5/img_003/base.png,/home/ubuntu/scratch/sr-diffusion/benchmarks/selfexsr/SelfExSR-master/data/Set5/image_SRF_4/img_003_SRF_4_HR.png,/home/ubuntu/scratch/sr-diffusion/benchmarks/selfexsr/SelfExSR-master/data/Set5/image_SRF_4/img_003_SRF_4_LR.png,27.718325115209538,0.9168659135600029,26.287774565848267,0.8954846526440164
Set5,img_004,bicubic,generated:matlab_bicubic_resize,/home/ubuntu/scratch/sr-diffusion/benchmarks/selfexsr/SelfExSR-master/data/Set5/image_SRF_4/img_004_SRF_4_HR.png,/home/ubuntu/scratch/sr-diffusion/benchmarks/selfexsr/SelfExSR-master/data/Set5/image_SRF_4/img_004_SRF_4_LR.png,31.615044379089795,0.7546651990438243,28.893878067925943,0.673476973043872
Set5,img_004,dual_best98000,/home/ubuntu/scratch/sr-diffusion/benchmark_outputs/stage2_dual_best98000/Set5/img_004/base.png,/home/ubuntu/scratch/sr-diffusion/benchmarks/selfexsr/SelfExSR-master/data/Set5/image_SRF_4/img_004_SRF_4_HR.png,/home/ubuntu/scratch/sr-diffusion/benchmarks/selfexsr/SelfExSR-master/data/Set5/image_SRF_4/img_004_SRF_4_LR.png,32.64846895456901,0.7934444536822094,29.66590429689227,0.7035316857876501
Set5,img_004,detail_v1_step6000,/home/ubuntu/scratch/sr-diffusion/benchmark_outputs/stage2_detail_perceptual_v1_step6000/Set5/img_004/base.png,/home/ubuntu/scratch/sr-diffusion/benchmarks/selfexsr/SelfExSR-master/data/Set5/image_SRF_4/img_004_SRF_4_HR.png,/home/ubuntu/scratch/sr-diffusion/benchmarks/selfexsr/SelfExSR-master/data/Set5/image_SRF_4/img_004_SRF_4_LR.png,32.49518586593569,0.7916340613740812,29.568857643514352,0.7025839744711792
Set5,img_004,detail_v1_latest12000,/home/ubuntu/scratch/sr-diffusion/benchmark_outputs/stage2_detail_perceptual_v1_latest12000/Set5/img_004/base.png,/home/ubuntu/scratch/sr-diffusion/benchmarks/selfexsr/SelfExSR-master/data/Set5/image_SRF_4/img_004_SRF_4_HR.png,/home/ubuntu/scratch/sr-diffusion/benchmarks/selfexsr/SelfExSR-master/data/Set5/image_SRF_4/img_004_SRF_4_LR.png,32.57748675054674,0.7919867232010679,29.628068818900456,0.699676931847416
Set5,img_005,bicubic,generated:matlab_bicubic_resize,/home/ubuntu/scratch/sr-diffusion/benchmarks/selfexsr/SelfExSR-master/data/Set5/image_SRF_4/img_005_SRF_4_HR.png,/home/ubuntu/scratch/sr-diffusion/benchmarks/selfexsr/SelfExSR-master/data/Set5/image_SRF_4/img_005_SRF_4_LR.png,26.469228437508818,0.8326993870636418,25.132357747489973,0.8145988666039453
Set5,img_005,dual_best98000,/home/ubuntu/scratch/sr-diffusion/benchmark_outputs/stage2_dual_best98000/Set5/img_005/base.png,/home/ubuntu/scratch/sr-diffusion/benchmarks/selfexsr/SelfExSR-master/data/Set5/image_SRF_4/img_005_SRF_4_HR.png,/home/ubuntu/scratch/sr-diffusion/benchmarks/selfexsr/SelfExSR-master/data/Set5/image_SRF_4/img_005_SRF_4_LR.png,30.340378791330643,0.9094599934193675,28.82880184253919,0.8935273314888431
Set5,img_005,detail_v1_step6000,/home/ubuntu/scratch/sr-diffusion/benchmark_outputs/stage2_detail_perceptual_v1_step6000/Set5/img_005/base.png,/home/ubuntu/scratch/sr-diffusion/benchmarks/selfexsr/SelfExSR-master/data/Set5/image_SRF_4/img_005_SRF_4_HR.png,/home/ubuntu/scratch/sr-diffusion/benchmarks/selfexsr/SelfExSR-master/data/Set5/image_SRF_4/img_005_SRF_4_LR.png,30.30362220030574,0.9112111367038543,28.822549812601924,0.896472430713822
Set5,img_005,detail_v1_latest12000,/home/ubuntu/scratch/sr-diffusion/benchmark_outputs/stage2_detail_perceptual_v1_latest12000/Set5/img_005/base.png,/home/ubuntu/scratch/sr-diffusion/benchmarks/selfexsr/SelfExSR-master/data/Set5/image_SRF_4/img_005_SRF_4_HR.png,/home/ubuntu/scratch/sr-diffusion/benchmarks/selfexsr/SelfExSR-master/data/Set5/image_SRF_4/img_005_SRF_4_LR.png,30.375593901798915,0.9105769277435976,28.853677833141873,0.8947653348636723
Set14,img_001,bicubic,generated:matlab_bicubic_resize,/home/ubuntu/scratch/sr-diffusion/benchmarks/selfexsr/SelfExSR-master/data/Set14/image_SRF_4/img_001_SRF_4_HR.png,/home/ubuntu/scratch/sr-diffusion/benchmarks/selfexsr/SelfExSR-master/data/Set14/image_SRF_4/img_001_SRF_4_LR.png,22.438539562079363,0.4528149568741965,20.426101423819,0.3908910604689663
Set14,img_001,dual_best98000,/home/ubuntu/scratch/sr-diffusion/benchmark_outputs/stage2_dual_best98000/Set14/img_001/base.png,/home/ubuntu/scratch/sr-diffusion/benchmarks/selfexsr/SelfExSR-master/data/Set14/image_SRF_4/img_001_SRF_4_HR.png,/home/ubuntu/scratch/sr-diffusion/benchmarks/selfexsr/SelfExSR-master/data/Set14/image_SRF_4/img_001_SRF_4_LR.png,22.84696919362892,0.5243672617637606,20.83120689542116,0.45971941893085805
Set14,img_001,detail_v1_step6000,/home/ubuntu/scratch/sr-diffusion/benchmark_outputs/stage2_detail_perceptual_v1_step6000/Set14/img_001/base.png,/home/ubuntu/scratch/sr-diffusion/benchmarks/selfexsr/SelfExSR-master/data/Set14/image_SRF_4/img_001_SRF_4_HR.png,/home/ubuntu/scratch/sr-diffusion/benchmarks/selfexsr/SelfExSR-master/data/Set14/image_SRF_4/img_001_SRF_4_LR.png,22.759461230499006,0.5278411555158478,20.74289719143585,0.4630960516574432
Set14,img_001,detail_v1_latest12000,/home/ubuntu/scratch/sr-diffusion/benchmark_outputs/stage2_detail_perceptual_v1_latest12000/Set14/img_001/base.png,/home/ubuntu/scratch/sr-diffusion/benchmarks/selfexsr/SelfExSR-master/data/Set14/image_SRF_4/img_001_SRF_4_HR.png,/home/ubuntu/scratch/sr-diffusion/benchmarks/selfexsr/SelfExSR-master/data/Set14/image_SRF_4/img_001_SRF_4_LR.png,22.821238154340904,0.5244384759453404,20.806459548185856,0.45941133186673677
Set14,img_002,bicubic,generated:matlab_bicubic_resize,/home/ubuntu/scratch/sr-diffusion/benchmarks/selfexsr/SelfExSR-master/data/Set14/image_SRF_4/img_002_SRF_4_HR.png,/home/ubuntu/scratch/sr-diffusion/benchmarks/selfexsr/SelfExSR-master/data/Set14/image_SRF_4/img_002_SRF_4_LR.png,25.148765403428214,0.6870669895797502,23.622110738449962,0.6494997824723283
Set14,img_002,dual_best98000,/home/ubuntu/scratch/sr-diffusion/benchmark_outputs/stage2_dual_best98000/Set14/img_002/base.png,/home/ubuntu/scratch/sr-diffusion/benchmarks/selfexsr/SelfExSR-master/data/Set14/image_SRF_4/img_002_SRF_4_HR.png,/home/ubuntu/scratch/sr-diffusion/benchmarks/selfexsr/SelfExSR-master/data/Set14/image_SRF_4/img_002_SRF_4_LR.png,25.274910493129553,0.7408088851406227,23.74590003531839,0.7064935960184474
Set14,img_002,detail_v1_step6000,/home/ubuntu/scratch/sr-diffusion/benchmark_outputs/stage2_detail_perceptual_v1_step6000/Set14/img_002/base.png,/home/ubuntu/scratch/sr-diffusion/benchmarks/selfexsr/SelfExSR-master/data/Set14/image_SRF_4/img_002_SRF_4_HR.png,/home/ubuntu/scratch/sr-diffusion/benchmarks/selfexsr/SelfExSR-master/data/Set14/image_SRF_4/img_002_SRF_4_LR.png,24.928914055810793,0.735313627672071,23.40876859931434,0.7012137284929602
Set14,img_002,detail_v1_latest12000,/home/ubuntu/scratch/sr-diffusion/benchmark_outputs/stage2_detail_perceptual_v1_latest12000/Set14/img_002/base.png,/home/ubuntu/scratch/sr-diffusion/benchmarks/selfexsr/SelfExSR-master/data/Set14/image_SRF_4/img_002_SRF_4_HR.png,/home/ubuntu/scratch/sr-diffusion/benchmarks/selfexsr/SelfExSR-master/data/Set14/image_SRF_4/img_002_SRF_4_LR.png,25.20676392436066,0.7401433474412912,23.684633049892547,0.705851822343376
Set14,img_003,bicubic,generated:matlab_bicubic_resize,/home/ubuntu/scratch/sr-diffusion/benchmarks/selfexsr/SelfExSR-master/data/Set14/image_SRF_4/img_003_SRF_4_HR.png,/home/ubuntu/scratch/sr-diffusion/benchmarks/selfexsr/SelfExSR-master/data/Set14/image_SRF_4/img_003_SRF_4_LR.png,24.467984282080238,0.5666729215010292,23.146062970203506,0.5402903592065974
Set14,img_003,dual_best98000,/home/ubuntu/scratch/sr-diffusion/benchmark_outputs/stage2_dual_best98000/Set14/img_003/base.png,/home/ubuntu/scratch/sr-diffusion/benchmarks/selfexsr/SelfExSR-master/data/Set14/image_SRF_4/img_003_SRF_4_HR.png,/home/ubuntu/scratch/sr-diffusion/benchmarks/selfexsr/SelfExSR-master/data/Set14/image_SRF_4/img_003_SRF_4_LR.png,25.372424915274525,0.6397427106115877,24.046906211323183,0.6180881186618019
Set14,img_003,detail_v1_step6000,/home/ubuntu/scratch/sr-diffusion/benchmark_outputs/stage2_detail_perceptual_v1_step6000/Set14/img_003/base.png,/home/ubuntu/scratch/sr-diffusion/benchmarks/selfexsr/SelfExSR-master/data/Set14/image_SRF_4/img_003_SRF_4_HR.png,/home/ubuntu/scratch/sr-diffusion/benchmarks/selfexsr/SelfExSR-master/data/Set14/image_SRF_4/img_003_SRF_4_LR.png,25.2181004475178,0.640618252817734,23.893833183934404,0.619317756786255
Set14,img_003,detail_v1_latest12000,/home/ubuntu/scratch/sr-diffusion/benchmark_outputs/stage2_detail_perceptual_v1_latest12000/Set14/img_003/base.png,/home/ubuntu/scratch/sr-diffusion/benchmarks/selfexsr/SelfExSR-master/data/Set14/image_SRF_4/img_003_SRF_4_HR.png,/home/ubuntu/scratch/sr-diffusion/benchmarks/selfexsr/SelfExSR-master/data/Set14/image_SRF_4/img_003_SRF_4_LR.png,25.31900380731433,0.6394416158157499,23.99291333436674,0.6178767010637466
Set14,img_004,bicubic,generated:matlab_bicubic_resize,/home/ubuntu/scratch/sr-diffusion/benchmarks/selfexsr/SelfExSR-master/data/Set14/image_SRF_4/img_004_SRF_4_HR.png,/home/ubuntu/scratch/sr-diffusion/benchmarks/selfexsr/SelfExSR-master/data/Set14/image_SRF_4/img_004_SRF_4_LR.png,25.47568074536597,0.5222966648514882,24.148822449279955,0.47878570980352236
Set14,img_004,dual_best98000,/home/ubuntu/scratch/sr-diffusion/benchmark_outputs/stage2_dual_best98000/Set14/img_004/base.png,/home/ubuntu/scratch/sr-diffusion/benchmarks/selfexsr/SelfExSR-master/data/Set14/image_SRF_4/img_004_SRF_4_HR.png,/home/ubuntu/scratch/sr-diffusion/benchmarks/selfexsr/SelfExSR-master/data/Set14/image_SRF_4/img_004_SRF_4_LR.png,26.33001117063602,0.5654837530505553,24.993679726761066,0.5258688132241387
Set14,img_004,detail_v1_step6000,/home/ubuntu/scratch/sr-diffusion/benchmark_outputs/stage2_detail_perceptual_v1_step6000/Set14/img_004/base.png,/home/ubuntu/scratch/sr-diffusion/benchmarks/selfexsr/SelfExSR-master/data/Set14/image_SRF_4/img_004_SRF_4_HR.png,/home/ubuntu/scratch/sr-diffusion/benchmarks/selfexsr/SelfExSR-master/data/Set14/image_SRF_4/img_004_SRF_4_LR.png,26.328667281097502,0.5697060552851343,24.9918328666842,0.530805357704479
Set14,img_004,detail_v1_latest12000,/home/ubuntu/scratch/sr-diffusion/benchmark_outputs/stage2_detail_perceptual_v1_latest12000/Set14/img_004/base.png,/home/ubuntu/scratch/sr-diffusion/benchmarks/selfexsr/SelfExSR-master/data/Set14/image_SRF_4/img_004_SRF_4_HR.png,/home/ubuntu/scratch/sr-diffusion/benchmarks/selfexsr/SelfExSR-master/data/Set14/image_SRF_4/img_004_SRF_4_LR.png,26.30358359341536,0.5671635854926822,24.96726603917057,0.5278675623109023
Set14,img_005,bicubic,generated:matlab_bicubic_resize,/home/ubuntu/scratch/sr-diffusion/benchmarks/selfexsr/SelfExSR-master/data/Set14/image_SRF_4/img_005_SRF_4_HR.png,/home/ubuntu/scratch/sr-diffusion/benchmarks/selfexsr/SelfExSR-master/data/Set14/image_SRF_4/img_005_SRF_4_LR.png,21.691584246329803,0.5837121821599296,20.206558848287948,0.5666020474108563
Set14,img_005,dual_best98000,/home/ubuntu/scratch/sr-diffusion/benchmark_outputs/stage2_dual_best98000/Set14/img_005/base.png,/home/ubuntu/scratch/sr-diffusion/benchmarks/selfexsr/SelfExSR-master/data/Set14/image_SRF_4/img_005_SRF_4_HR.png,/home/ubuntu/scratch/sr-diffusion/benchmarks/selfexsr/SelfExSR-master/data/Set14/image_SRF_4/img_005_SRF_4_LR.png,23.248041976258655,0.7033838171939353,21.73276928265861,0.6840497123566314
Set14,img_005,detail_v1_step6000,/home/ubuntu/scratch/sr-diffusion/benchmark_outputs/stage2_detail_perceptual_v1_step6000/Set14/img_005/base.png,/home/ubuntu/scratch/sr-diffusion/benchmarks/selfexsr/SelfExSR-master/data/Set14/image_SRF_4/img_005_SRF_4_HR.png,/home/ubuntu/scratch/sr-diffusion/benchmarks/selfexsr/SelfExSR-master/data/Set14/image_SRF_4/img_005_SRF_4_LR.png,23.234616051326235,0.7096279636581734,21.718390022260298,0.689718685733815
Set14,img_005,detail_v1_latest12000,/home/ubuntu/scratch/sr-diffusion/benchmark_outputs/stage2_detail_perceptual_v1_latest12000/Set14/img_005/base.png,/home/ubuntu/scratch/sr-diffusion/benchmarks/selfexsr/SelfExSR-master/data/Set14/image_SRF_4/img_005_SRF_4_HR.png,/home/ubuntu/scratch/sr-diffusion/benchmarks/selfexsr/SelfExSR-master/data/Set14/image_SRF_4/img_005_SRF_4_LR.png,23.24087026910442,0.7064041326253068,21.72449211755363,0.6866109532609378
Set14,img_006,bicubic,generated:matlab_bicubic_resize,/home/ubuntu/scratch/sr-diffusion/benchmarks/selfexsr/SelfExSR-master/data/Set14/image_SRF_4/img_006_SRF_4_HR.png,/home/ubuntu/scratch/sr-diffusion/benchmarks/selfexsr/SelfExSR-master/data/Set14/image_SRF_4/img_006_SRF_4_LR.png,31.579034313181214,0.7529349310150952,28.855726524648496,0.671835281646958
Set14,img_006,dual_best98000,/home/ubuntu/scratch/sr-diffusion/benchmark_outputs/stage2_dual_best98000/Set14/img_006/base.png,/home/ubuntu/scratch/sr-diffusion/benchmarks/selfexsr/SelfExSR-master/data/Set14/image_SRF_4/img_006_SRF_4_HR.png,/home/ubuntu/scratch/sr-diffusion/benchmarks/selfexsr/SelfExSR-master/data/Set14/image_SRF_4/img_006_SRF_4_LR.png,32.70653424157244,0.7936546097014407,29.695667516767507,0.7066508276790332
Set14,img_006,detail_v1_step6000,/home/ubuntu/scratch/sr-diffusion/benchmark_outputs/stage2_detail_perceptual_v1_step6000/Set14/img_006/base.png,/home/ubuntu/scratch/sr-diffusion/benchmarks/selfexsr/SelfExSR-master/data/Set14/image_SRF_4/img_006_SRF_4_HR.png,/home/ubuntu/scratch/sr-diffusion/benchmarks/selfexsr/SelfExSR-master/data/Set14/image_SRF_4/img_006_SRF_4_LR.png,32.59429703666004,0.7921545327562096,29.627927458692334,0.7080053740510243
Set14,img_006,detail_v1_latest12000,/home/ubuntu/scratch/sr-diffusion/benchmark_outputs/stage2_detail_perceptual_v1_latest12000/Set14/img_006/base.png,/home/ubuntu/scratch/sr-diffusion/benchmarks/selfexsr/SelfExSR-master/data/Set14/image_SRF_4/img_006_SRF_4_HR.png,/home/ubuntu/scratch/sr-diffusion/benchmarks/selfexsr/SelfExSR-master/data/Set14/image_SRF_4/img_006_SRF_4_LR.png,32.66920250304921,0.7925192312291067,29.68163931036992,0.7062451826021725
Set14,img_007,bicubic,generated:matlab_bicubic_resize,/home/ubuntu/scratch/sr-diffusion/benchmarks/selfexsr/SelfExSR-master/data/Set14/image_SRF_4/img_007_SRF_4_HR.png,/home/ubuntu/scratch/sr-diffusion/benchmarks/selfexsr/SelfExSR-master/data/Set14/image_SRF_4/img_007_SRF_4_LR.png,25.522553042397767,0.7221104536160406,23.71370526905103,0.6950639370122467
Set14,img_007,dual_best98000,/home/ubuntu/scratch/sr-diffusion/benchmark_outputs/stage2_dual_best98000/Set14/img_007/base.png,/home/ubuntu/scratch/sr-diffusion/benchmarks/selfexsr/SelfExSR-master/data/Set14/image_SRF_4/img_007_SRF_4_HR.png,/home/ubuntu/scratch/sr-diffusion/benchmarks/selfexsr/SelfExSR-master/data/Set14/image_SRF_4/img_007_SRF_4_LR.png,27.828262099754035,0.8017518110394527,25.82123699844352,0.768683558122308
Set14,img_007,detail_v1_step6000,/home/ubuntu/scratch/sr-diffusion/benchmark_outputs/stage2_detail_perceptual_v1_step6000/Set14/img_007/base.png,/home/ubuntu/scratch/sr-diffusion/benchmarks/selfexsr/SelfExSR-master/data/Set14/image_SRF_4/img_007_SRF_4_HR.png,/home/ubuntu/scratch/sr-diffusion/benchmarks/selfexsr/SelfExSR-master/data/Set14/image_SRF_4/img_007_SRF_4_LR.png,27.722467395897,0.8033667092204462,25.730848998001843,0.7698374082959973
Set14,img_007,detail_v1_latest12000,/home/ubuntu/scratch/sr-diffusion/benchmark_outputs/stage2_detail_perceptual_v1_latest12000/Set14/img_007/base.png,/home/ubuntu/scratch/sr-diffusion/benchmarks/selfexsr/SelfExSR-master/data/Set14/image_SRF_4/img_007_SRF_4_HR.png,/home/ubuntu/scratch/sr-diffusion/benchmarks/selfexsr/SelfExSR-master/data/Set14/image_SRF_4/img_007_SRF_4_LR.png,27.781569838629785,0.8029114582681074,25.781641525649853,0.7702101451037088
Set14,img_008,bicubic,generated:matlab_bicubic_resize,/home/ubuntu/scratch/sr-diffusion/benchmarks/selfexsr/SelfExSR-master/data/Set14/image_SRF_4/img_008_SRF_4_HR.png,/home/ubuntu/scratch/sr-diffusion/benchmarks/selfexsr/SelfExSR-master/data/Set14/image_SRF_4/img_008_SRF_4_LR.png,29.399180980865744,0.8667537393949221,27.942815764750627,0.8471641899868861
Set14,img_008,dual_best98000,/home/ubuntu/scratch/sr-diffusion/benchmark_outputs/stage2_dual_best98000/Set14/img_008/base.png,/home/ubuntu/scratch/sr-diffusion/benchmarks/selfexsr/SelfExSR-master/data/Set14/image_SRF_4/img_008_SRF_4_HR.png,/home/ubuntu/scratch/sr-diffusion/benchmarks/selfexsr/SelfExSR-master/data/Set14/image_SRF_4/img_008_SRF_4_LR.png,33.18988828502754,0.927303402128689,31.54759168281076,0.9100495746864397
Set14,img_008,detail_v1_step6000,/home/ubuntu/scratch/sr-diffusion/benchmark_outputs/stage2_detail_perceptual_v1_step6000/Set14/img_008/base.png,/home/ubuntu/scratch/sr-diffusion/benchmarks/selfexsr/SelfExSR-master/data/Set14/image_SRF_4/img_008_SRF_4_HR.png,/home/ubuntu/scratch/sr-diffusion/benchmarks/selfexsr/SelfExSR-master/data/Set14/image_SRF_4/img_008_SRF_4_LR.png,32.87234810666649,0.9270710767291894,31.24060202325436,0.9098672805571378
Set14,img_008,detail_v1_latest12000,/home/ubuntu/scratch/sr-diffusion/benchmark_outputs/stage2_detail_perceptual_v1_latest12000/Set14/img_008/base.png,/home/ubuntu/scratch/sr-diffusion/benchmarks/selfexsr/SelfExSR-master/data/Set14/image_SRF_4/img_008_SRF_4_HR.png,/home/ubuntu/scratch/sr-diffusion/benchmarks/selfexsr/SelfExSR-master/data/Set14/image_SRF_4/img_008_SRF_4_LR.png,33.115299272634395,0.9277903070186498,31.47717466996701,0.9105926233626324
Set14,img_009,bicubic,generated:matlab_bicubic_resize,/home/ubuntu/scratch/sr-diffusion/benchmarks/selfexsr/SelfExSR-master/data/Set14/image_SRF_4/img_009_SRF_4_HR.png,/home/ubuntu/scratch/sr-diffusion/benchmarks/selfexsr/SelfExSR-master/data/Set14/image_SRF_4/img_009_SRF_4_LR.png,29.83956362715532,0.8143334339419335,28.285882235641875,0.7398948976507816
Set14,img_009,dual_best98000,/home/ubuntu/scratch/sr-diffusion/benchmark_outputs/stage2_dual_best98000/Set14/img_009/base.png,/home/ubuntu/scratch/sr-diffusion/benchmarks/selfexsr/SelfExSR-master/data/Set14/image_SRF_4/img_009_SRF_4_HR.png,/home/ubuntu/scratch/sr-diffusion/benchmarks/selfexsr/SelfExSR-master/data/Set14/image_SRF_4/img_009_SRF_4_LR.png,32.05795816006993,0.8560911832743934,29.99806632280807,0.7801595810032177
Set14,img_009,detail_v1_step6000,/home/ubuntu/scratch/sr-diffusion/benchmark_outputs/stage2_detail_perceptual_v1_step6000/Set14/img_009/base.png,/home/ubuntu/scratch/sr-diffusion/benchmarks/selfexsr/SelfExSR-master/data/Set14/image_SRF_4/img_009_SRF_4_HR.png,/home/ubuntu/scratch/sr-diffusion/benchmarks/selfexsr/SelfExSR-master/data/Set14/image_SRF_4/img_009_SRF_4_LR.png,31.6859586767133,0.8580667535211707,29.548656152004142,0.7818465509281244
Set14,img_009,detail_v1_latest12000,/home/ubuntu/scratch/sr-diffusion/benchmark_outputs/stage2_detail_perceptual_v1_latest12000/Set14/img_009/base.png,/home/ubuntu/scratch/sr-diffusion/benchmarks/selfexsr/SelfExSR-master/data/Set14/image_SRF_4/img_009_SRF_4_HR.png,/home/ubuntu/scratch/sr-diffusion/benchmarks/selfexsr/SelfExSR-master/data/Set14/image_SRF_4/img_009_SRF_4_LR.png,31.409085656123544,0.8570837246232293,29.233765803060216,0.7806943193495703
Set14,img_010,bicubic,generated:matlab_bicubic_resize,/home/ubuntu/scratch/sr-diffusion/benchmarks/selfexsr/SelfExSR-master/data/Set14/image_SRF_4/img_010_SRF_4_HR.png,/home/ubuntu/scratch/sr-diffusion/benchmarks/selfexsr/SelfExSR-master/data/Set14/image_SRF_4/img_010_SRF_4_LR.png,25.69774964383376,0.6763730659141758,24.375828331957024,0.6442896984785456
Set14,img_010,dual_best98000,/home/ubuntu/scratch/sr-diffusion/benchmark_outputs/stage2_dual_best98000/Set14/img_010/base.png,/home/ubuntu/scratch/sr-diffusion/benchmarks/selfexsr/SelfExSR-master/data/Set14/image_SRF_4/img_010_SRF_4_HR.png,/home/ubuntu/scratch/sr-diffusion/benchmarks/selfexsr/SelfExSR-master/data/Set14/image_SRF_4/img_010_SRF_4_LR.png,27.257650516516186,0.743619006126924,25.932093387724123,0.7155156580803013
Set14,img_010,detail_v1_step6000,/home/ubuntu/scratch/sr-diffusion/benchmark_outputs/stage2_detail_perceptual_v1_step6000/Set14/img_010/base.png,/home/ubuntu/scratch/sr-diffusion/benchmarks/selfexsr/SelfExSR-master/data/Set14/image_SRF_4/img_010_SRF_4_HR.png,/home/ubuntu/scratch/sr-diffusion/benchmarks/selfexsr/SelfExSR-master/data/Set14/image_SRF_4/img_010_SRF_4_LR.png,27.268094048861503,0.7465014410310699,25.943288942384836,0.7182137062600317
Set14,img_010,detail_v1_latest12000,/home/ubuntu/scratch/sr-diffusion/benchmark_outputs/stage2_detail_perceptual_v1_latest12000/Set14/img_010/base.png,/home/ubuntu/scratch/sr-diffusion/benchmarks/selfexsr/SelfExSR-master/data/Set14/image_SRF_4/img_010_SRF_4_HR.png,/home/ubuntu/scratch/sr-diffusion/benchmarks/selfexsr/SelfExSR-master/data/Set14/image_SRF_4/img_010_SRF_4_LR.png,27.251177270695916,0.7441365465647716,25.9261201614208,0.7155250670398936
Set14,img_011,bicubic,generated:matlab_bicubic_resize,/home/ubuntu/scratch/sr-diffusion/benchmarks/selfexsr/SelfExSR-master/data/Set14/image_SRF_4/img_011_SRF_4_HR.png,/home/ubuntu/scratch/sr-diffusion/benchmarks/selfexsr/SelfExSR-master/data/Set14/image_SRF_4/img_011_SRF_4_LR.png,27.460085440327433,0.8815876528993428,26.159299860095608,0.8645013607341226
Set14,img_011,dual_best98000,/home/ubuntu/scratch/sr-diffusion/benchmark_outputs/stage2_dual_best98000/Set14/img_011/base.png,/home/ubuntu/scratch/sr-diffusion/benchmarks/selfexsr/SelfExSR-master/data/Set14/image_SRF_4/img_011_SRF_4_HR.png,/home/ubuntu/scratch/sr-diffusion/benchmarks/selfexsr/SelfExSR-master/data/Set14/image_SRF_4/img_011_SRF_4_LR.png,31.799545219908254,0.9383738049675566,30.35479508003966,0.9245942363616985
Set14,img_011,detail_v1_step6000,/home/ubuntu/scratch/sr-diffusion/benchmark_outputs/stage2_detail_perceptual_v1_step6000/Set14/img_011/base.png,/home/ubuntu/scratch/sr-diffusion/benchmarks/selfexsr/SelfExSR-master/data/Set14/image_SRF_4/img_011_SRF_4_HR.png,/home/ubuntu/scratch/sr-diffusion/benchmarks/selfexsr/SelfExSR-master/data/Set14/image_SRF_4/img_011_SRF_4_LR.png,31.729355921893703,0.9381051021849118,30.27754912421888,0.9242846215030364
Set14,img_011,detail_v1_latest12000,/home/ubuntu/scratch/sr-diffusion/benchmark_outputs/stage2_detail_perceptual_v1_latest12000/Set14/img_011/base.png,/home/ubuntu/scratch/sr-diffusion/benchmarks/selfexsr/SelfExSR-master/data/Set14/image_SRF_4/img_011_SRF_4_HR.png,/home/ubuntu/scratch/sr-diffusion/benchmarks/selfexsr/SelfExSR-master/data/Set14/image_SRF_4/img_011_SRF_4_LR.png,31.934675734978416,0.9387510324956915,30.486133602721782,0.9249880597363208
Set14,img_012,bicubic,generated:matlab_bicubic_resize,/home/ubuntu/scratch/sr-diffusion/benchmarks/selfexsr/SelfExSR-master/data/Set14/image_SRF_4/img_012_SRF_4_HR.png,/home/ubuntu/scratch/sr-diffusion/benchmarks/selfexsr/SelfExSR-master/data/Set14/image_SRF_4/img_012_SRF_4_LR.png,30.594995925144815,0.8378823604823411,28.586832638902877,0.7514794473223185
Set14,img_012,dual_best98000,/home/ubuntu/scratch/sr-diffusion/benchmark_outputs/stage2_dual_best98000/Set14/img_012/base.png,/home/ubuntu/scratch/sr-diffusion/benchmarks/selfexsr/SelfExSR-master/data/Set14/image_SRF_4/img_012_SRF_4_HR.png,/home/ubuntu/scratch/sr-diffusion/benchmarks/selfexsr/SelfExSR-master/data/Set14/image_SRF_4/img_012_SRF_4_LR.png,33.85124219872359,0.8756009488935466,30.863753113148608,0.7859468360325105
Set14,img_012,detail_v1_step6000,/home/ubuntu/scratch/sr-diffusion/benchmark_outputs/stage2_detail_perceptual_v1_step6000/Set14/img_012/base.png,/home/ubuntu/scratch/sr-diffusion/benchmarks/selfexsr/SelfExSR-master/data/Set14/image_SRF_4/img_012_SRF_4_HR.png,/home/ubuntu/scratch/sr-diffusion/benchmarks/selfexsr/SelfExSR-master/data/Set14/image_SRF_4/img_012_SRF_4_LR.png,33.97221343324838,0.8774452146441459,30.938202873152548,0.7875913290215409
Set14,img_012,detail_v1_latest12000,/home/ubuntu/scratch/sr-diffusion/benchmark_outputs/stage2_detail_perceptual_v1_latest12000/Set14/img_012/base.png,/home/ubuntu/scratch/sr-diffusion/benchmarks/selfexsr/SelfExSR-master/data/Set14/image_SRF_4/img_012_SRF_4_HR.png,/home/ubuntu/scratch/sr-diffusion/benchmarks/selfexsr/SelfExSR-master/data/Set14/image_SRF_4/img_012_SRF_4_LR.png,33.94467672867647,0.8765778299279803,30.923169775036694,0.7867701789295177
Set14,img_013,bicubic,generated:matlab_bicubic_resize,/home/ubuntu/scratch/sr-diffusion/benchmarks/selfexsr/SelfExSR-master/data/Set14/image_SRF_4/img_013_SRF_4_HR.png,/home/ubuntu/scratch/sr-diffusion/benchmarks/selfexsr/SelfExSR-master/data/Set14/image_SRF_4/img_013_SRF_4_LR.png,21.918751658583236,0.8191591789793446,20.32663844151134,0.7988054773002943
Set14,img_013,dual_best98000,/home/ubuntu/scratch/sr-diffusion/benchmark_outputs/stage2_dual_best98000/Set14/img_013/base.png,/home/ubuntu/scratch/sr-diffusion/benchmarks/selfexsr/SelfExSR-master/data/Set14/image_SRF_4/img_013_SRF_4_HR.png,/home/ubuntu/scratch/sr-diffusion/benchmarks/selfexsr/SelfExSR-master/data/Set14/image_SRF_4/img_013_SRF_4_LR.png,26.4619559189928,0.9415862044720391,24.764130413871158,0.9277979141118912
Set14,img_013,detail_v1_step6000,/home/ubuntu/scratch/sr-diffusion/benchmark_outputs/stage2_detail_perceptual_v1_step6000/Set14/img_013/base.png,/home/ubuntu/scratch/sr-diffusion/benchmarks/selfexsr/SelfExSR-master/data/Set14/image_SRF_4/img_013_SRF_4_HR.png,/home/ubuntu/scratch/sr-diffusion/benchmarks/selfexsr/SelfExSR-master/data/Set14/image_SRF_4/img_013_SRF_4_LR.png,26.448786119857996,0.9424486566628881,24.759668216724258,0.9294611979009576
Set14,img_013,detail_v1_latest12000,/home/ubuntu/scratch/sr-diffusion/benchmark_outputs/stage2_detail_perceptual_v1_latest12000/Set14/img_013/base.png,/home/ubuntu/scratch/sr-diffusion/benchmarks/selfexsr/SelfExSR-master/data/Set14/image_SRF_4/img_013_SRF_4_HR.png,/home/ubuntu/scratch/sr-diffusion/benchmarks/selfexsr/SelfExSR-master/data/Set14/image_SRF_4/img_013_SRF_4_LR.png,26.47280744752608,0.9421229080275425,24.782593045514496,0.9288197403843926
Set14,img_014,bicubic,generated:matlab_bicubic_resize,/home/ubuntu/scratch/sr-diffusion/benchmarks/selfexsr/SelfExSR-master/data/Set14/image_SRF_4/img_014_SRF_4_HR.png,/home/ubuntu/scratch/sr-diffusion/benchmarks/selfexsr/SelfExSR-master/data/Set14/image_SRF_4/img_014_SRF_4_LR.png,24.06409731888616,0.6850491717292527,22.733617565885538,0.6562341244114772
Set14,img_014,dual_best98000,/home/ubuntu/scratch/sr-diffusion/benchmark_outputs/stage2_dual_best98000/Set14/img_014/base.png,/home/ubuntu/scratch/sr-diffusion/benchmarks/selfexsr/SelfExSR-master/data/Set14/image_SRF_4/img_014_SRF_4_HR.png,/home/ubuntu/scratch/sr-diffusion/benchmarks/selfexsr/SelfExSR-master/data/Set14/image_SRF_4/img_014_SRF_4_LR.png,27.191772844626243,0.7758024814093186,25.791975683202644,0.7559521202512202
Set14,img_014,detail_v1_step6000,/home/ubuntu/scratch/sr-diffusion/benchmark_outputs/stage2_detail_perceptual_v1_step6000/Set14/img_014/base.png,/home/ubuntu/scratch/sr-diffusion/benchmarks/selfexsr/SelfExSR-master/data/Set14/image_SRF_4/img_014_SRF_4_HR.png,/home/ubuntu/scratch/sr-diffusion/benchmarks/selfexsr/SelfExSR-master/data/Set14/image_SRF_4/img_014_SRF_4_LR.png,27.103444919734265,0.7786733400457899,25.701208469444538,0.7581243743571083
Set14,img_014,detail_v1_latest12000,/home/ubuntu/scratch/sr-diffusion/benchmark_outputs/stage2_detail_perceptual_v1_latest12000/Set14/img_014/base.png,/home/ubuntu/scratch/sr-diffusion/benchmarks/selfexsr/SelfExSR-master/data/Set14/image_SRF_4/img_014_SRF_4_HR.png,/home/ubuntu/scratch/sr-diffusion/benchmarks/selfexsr/SelfExSR-master/data/Set14/image_SRF_4/img_014_SRF_4_LR.png,27.17064465207994,0.7763647090130565,25.77285233056541,0.7563269180750233
Urban100,img_001,bicubic,generated:matlab_bicubic_resize,/home/ubuntu/scratch/sr-diffusion/benchmarks/selfexsr/SelfExSR-master/data/Urban100/image_SRF_4/img_001_SRF_4_HR.png,/home/ubuntu/scratch/sr-diffusion/benchmarks/selfexsr/SelfExSR-master/data/Urban100/image_SRF_4/img_001_SRF_4_LR.png,25.110482954456664,0.6683022129799351,23.69721977262563,0.6327362860643113
Urban100,img_001,dual_best98000,/home/ubuntu/scratch/sr-diffusion/benchmark_outputs/stage2_dual_best98000/Urban100/img_001/base.png,/home/ubuntu/scratch/sr-diffusion/benchmarks/selfexsr/SelfExSR-master/data/Urban100/image_SRF_4/img_001_SRF_4_HR.png,/home/ubuntu/scratch/sr-diffusion/benchmarks/selfexsr/SelfExSR-master/data/Urban100/image_SRF_4/img_001_SRF_4_LR.png,27.42321673372477,0.7609749654528506,26.006628232892695,0.7289492541933681
Urban100,img_001,detail_v1_step6000,/home/ubuntu/scratch/sr-diffusion/benchmark_outputs/stage2_detail_perceptual_v1_step6000/Urban100/img_001/base.png,/home/ubuntu/scratch/sr-diffusion/benchmarks/selfexsr/SelfExSR-master/data/Urban100/image_SRF_4/img_001_SRF_4_HR.png,/home/ubuntu/scratch/sr-diffusion/benchmarks/selfexsr/SelfExSR-master/data/Urban100/image_SRF_4/img_001_SRF_4_LR.png,27.422392664542976,0.7631637015554107,26.00772949630846,0.7315407654668418
Urban100,img_001,detail_v1_latest12000,/home/ubuntu/scratch/sr-diffusion/benchmark_outputs/stage2_detail_perceptual_v1_latest12000/Urban100/img_001/base.png,/home/ubuntu/scratch/sr-diffusion/benchmarks/selfexsr/SelfExSR-master/data/Urban100/image_SRF_4/img_001_SRF_4_HR.png,/home/ubuntu/scratch/sr-diffusion/benchmarks/selfexsr/SelfExSR-master/data/Urban100/image_SRF_4/img_001_SRF_4_LR.png,27.442514458183474,0.7624476717607983,26.025815151175063,0.7305492246734561
Urban100,img_002,bicubic,generated:matlab_bicubic_resize,/home/ubuntu/scratch/sr-diffusion/benchmarks/selfexsr/SelfExSR-master/data/Urban100/image_SRF_4/img_002_SRF_4_HR.png,/home/ubuntu/scratch/sr-diffusion/benchmarks/selfexsr/SelfExSR-master/data/Urban100/image_SRF_4/img_002_SRF_4_LR.png,24.18377354976073,0.6785306447604319,22.87118080890748,0.6529762804661953
Urban100,img_002,dual_best98000,/home/ubuntu/scratch/sr-diffusion/benchmark_outputs/stage2_dual_best98000/Urban100/img_002/base.png,/home/ubuntu/scratch/sr-diffusion/benchmarks/selfexsr/SelfExSR-master/data/Urban100/image_SRF_4/img_002_SRF_4_HR.png,/home/ubuntu/scratch/sr-diffusion/benchmarks/selfexsr/SelfExSR-master/data/Urban100/image_SRF_4/img_002_SRF_4_LR.png,26.225019480604583,0.7997637382119288,24.83874741908479,0.7773841364198878
Urban100,img_002,detail_v1_step6000,/home/ubuntu/scratch/sr-diffusion/benchmark_outputs/stage2_detail_perceptual_v1_step6000/Urban100/img_002/base.png,/home/ubuntu/scratch/sr-diffusion/benchmarks/selfexsr/SelfExSR-master/data/Urban100/image_SRF_4/img_002_SRF_4_HR.png,/home/ubuntu/scratch/sr-diffusion/benchmarks/selfexsr/SelfExSR-master/data/Urban100/image_SRF_4/img_002_SRF_4_LR.png,26.177811439033015,0.8038741186177514,24.78826306571873,0.781685012443479
Urban100,img_002,detail_v1_latest12000,/home/ubuntu/scratch/sr-diffusion/benchmark_outputs/stage2_detail_perceptual_v1_latest12000/Urban100/img_002/base.png,/home/ubuntu/scratch/sr-diffusion/benchmarks/selfexsr/SelfExSR-master/data/Urban100/image_SRF_4/img_002_SRF_4_HR.png,/home/ubuntu/scratch/sr-diffusion/benchmarks/selfexsr/SelfExSR-master/data/Urban100/image_SRF_4/img_002_SRF_4_LR.png,26.22981857808241,0.8027104360117162,24.841793822327446,0.7803438720104111
Urban100,img_003,bicubic,generated:matlab_bicubic_resize,/home/ubuntu/scratch/sr-diffusion/benchmarks/selfexsr/SelfExSR-master/data/Urban100/image_SRF_4/img_003_SRF_4_HR.png,/home/ubuntu/scratch/sr-diffusion/benchmarks/selfexsr/SelfExSR-master/data/Urban100/image_SRF_4/img_003_SRF_4_LR.png,22.021559986783167,0.5512587250901113,20.458597006646123,0.512082699357618
Urban100,img_003,dual_best98000,/home/ubuntu/scratch/sr-diffusion/benchmark_outputs/stage2_dual_best98000/Urban100/img_003/base.png,/home/ubuntu/scratch/sr-diffusion/benchmarks/selfexsr/SelfExSR-master/data/Urban100/image_SRF_4/img_003_SRF_4_HR.png,/home/ubuntu/scratch/sr-diffusion/benchmarks/selfexsr/SelfExSR-master/data/Urban100/image_SRF_4/img_003_SRF_4_LR.png,23.575880677964935,0.6671429862457876,21.976435033033006,0.6299164510177795
Urban100,img_003,detail_v1_step6000,/home/ubuntu/scratch/sr-diffusion/benchmark_outputs/stage2_detail_perceptual_v1_step6000/Urban100/img_003/base.png,/home/ubuntu/scratch/sr-diffusion/benchmarks/selfexsr/SelfExSR-master/data/Urban100/image_SRF_4/img_003_SRF_4_HR.png,/home/ubuntu/scratch/sr-diffusion/benchmarks/selfexsr/SelfExSR-master/data/Urban100/image_SRF_4/img_003_SRF_4_LR.png,23.56210289513185,0.6719791046772529,21.96598850148628,0.6352757664999734
Urban100,img_003,detail_v1_latest12000,/home/ubuntu/scratch/sr-diffusion/benchmark_outputs/stage2_detail_perceptual_v1_latest12000/Urban100/img_003/base.png,/home/ubuntu/scratch/sr-diffusion/benchmarks/selfexsr/SelfExSR-master/data/Urban100/image_SRF_4/img_003_SRF_4_HR.png,/home/ubuntu/scratch/sr-diffusion/benchmarks/selfexsr/SelfExSR-master/data/Urban100/image_SRF_4/img_003_SRF_4_LR.png,23.57197176664431,0.6687333151900177,21.97367788144875,0.6315637982391525
Urban100,img_004,bicubic,generated:matlab_bicubic_resize,/home/ubuntu/scratch/sr-diffusion/benchmarks/selfexsr/SelfExSR-master/data/Urban100/image_SRF_4/img_004_SRF_4_HR.png,/home/ubuntu/scratch/sr-diffusion/benchmarks/selfexsr/SelfExSR-master/data/Urban100/image_SRF_4/img_004_SRF_4_LR.png,21.085270653159476,0.6794218742848984,19.809291388948008,0.6515208689708104
Urban100,img_004,dual_best98000,/home/ubuntu/scratch/sr-diffusion/benchmark_outputs/stage2_dual_best98000/Urban100/img_004/base.png,/home/ubuntu/scratch/sr-diffusion/benchmarks/selfexsr/SelfExSR-master/data/Urban100/image_SRF_4/img_004_SRF_4_HR.png,/home/ubuntu/scratch/sr-diffusion/benchmarks/selfexsr/SelfExSR-master/data/Urban100/image_SRF_4/img_004_SRF_4_LR.png,22.70509459948762,0.8086181891499434,21.394373619553633,0.7924237247624416
Urban100,img_004,detail_v1_step6000,/home/ubuntu/scratch/sr-diffusion/benchmark_outputs/stage2_detail_perceptual_v1_step6000/Urban100/img_004/base.png,/home/ubuntu/scratch/sr-diffusion/benchmarks/selfexsr/SelfExSR-master/data/Urban100/image_SRF_4/img_004_SRF_4_HR.png,/home/ubuntu/scratch/sr-diffusion/benchmarks/selfexsr/SelfExSR-master/data/Urban100/image_SRF_4/img_004_SRF_4_LR.png,22.665866914715963,0.8102103571334249,21.350537163252884,0.7924104762035222
Urban100,img_004,detail_v1_latest12000,/home/ubuntu/scratch/sr-diffusion/benchmark_outputs/stage2_detail_perceptual_v1_latest12000/Urban100/img_004/base.png,/home/ubuntu/scratch/sr-diffusion/benchmarks/selfexsr/SelfExSR-master/data/Urban100/image_SRF_4/img_004_SRF_4_HR.png,/home/ubuntu/scratch/sr-diffusion/benchmarks/selfexsr/SelfExSR-master/data/Urban100/image_SRF_4/img_004_SRF_4_LR.png,22.697265894208623,0.8097416236206262,21.384549414682287,0.7932203485686861
Urban100,img_005,bicubic,generated:matlab_bicubic_resize,/home/ubuntu/scratch/sr-diffusion/benchmarks/selfexsr/SelfExSR-master/data/Urban100/image_SRF_4/img_005_SRF_4_HR.png,/home/ubuntu/scratch/sr-diffusion/benchmarks/selfexsr/SelfExSR-master/data/Urban100/image_SRF_4/img_005_SRF_4_LR.png,23.311374224937737,0.834758260244483,21.978461981947895,0.8124589627858788
Urban100,img_005,dual_best98000,/home/ubuntu/scratch/sr-diffusion/benchmark_outputs/stage2_dual_best98000/Urban100/img_005/base.png,/home/ubuntu/scratch/sr-diffusion/benchmarks/selfexsr/SelfExSR-master/data/Urban100/image_SRF_4/img_005_SRF_4_HR.png,/home/ubuntu/scratch/sr-diffusion/benchmarks/selfexsr/SelfExSR-master/data/Urban100/image_SRF_4/img_005_SRF_4_LR.png,26.590612695041933,0.9343869532173379,25.225967662517558,0.9180331266867015
Urban100,img_005,detail_v1_step6000,/home/ubuntu/scratch/sr-diffusion/benchmark_outputs/stage2_detail_perceptual_v1_step6000/Urban100/img_005/base.png,/home/ubuntu/scratch/sr-diffusion/benchmarks/selfexsr/SelfExSR-master/data/Urban100/image_SRF_4/img_005_SRF_4_HR.png,/home/ubuntu/scratch/sr-diffusion/benchmarks/selfexsr/SelfExSR-master/data/Urban100/image_SRF_4/img_005_SRF_4_LR.png,26.65803504334501,0.936050007162706,25.303555547386452,0.9202248630168498
Urban100,img_005,detail_v1_latest12000,/home/ubuntu/scratch/sr-diffusion/benchmark_outputs/stage2_detail_perceptual_v1_latest12000/Urban100/img_005/base.png,/home/ubuntu/scratch/sr-diffusion/benchmarks/selfexsr/SelfExSR-master/data/Urban100/image_SRF_4/img_005_SRF_4_HR.png,/home/ubuntu/scratch/sr-diffusion/benchmarks/selfexsr/SelfExSR-master/data/Urban100/image_SRF_4/img_005_SRF_4_LR.png,26.691176230852072,0.9358486623111464,25.330746388684137,0.9202037490909336
Urban100,img_006,bicubic,generated:matlab_bicubic_resize,/home/ubuntu/scratch/sr-diffusion/benchmarks/selfexsr/SelfExSR-master/data/Urban100/image_SRF_4/img_006_SRF_4_HR.png,/home/ubuntu/scratch/sr-diffusion/benchmarks/selfexsr/SelfExSR-master/data/Urban100/image_SRF_4/img_006_SRF_4_LR.png,20.518094027848935,0.4899617850676942,19.166741325675908,0.4594142985163327
Urban100,img_006,dual_best98000,/home/ubuntu/scratch/sr-diffusion/benchmark_outputs/stage2_dual_best98000/Urban100/img_006/base.png,/home/ubuntu/scratch/sr-diffusion/benchmarks/selfexsr/SelfExSR-master/data/Urban100/image_SRF_4/img_006_SRF_4_HR.png,/home/ubuntu/scratch/sr-diffusion/benchmarks/selfexsr/SelfExSR-master/data/Urban100/image_SRF_4/img_006_SRF_4_LR.png,22.108501235616636,0.5991955271822649,20.762663458926426,0.5715541925906914
Urban100,img_006,detail_v1_step6000,/home/ubuntu/scratch/sr-diffusion/benchmark_outputs/stage2_detail_perceptual_v1_step6000/Urban100/img_006/base.png,/home/ubuntu/scratch/sr-diffusion/benchmarks/selfexsr/SelfExSR-master/data/Urban100/image_SRF_4/img_006_SRF_4_HR.png,/home/ubuntu/scratch/sr-diffusion/benchmarks/selfexsr/SelfExSR-master/data/Urban100/image_SRF_4/img_006_SRF_4_LR.png,22.104775905863395,0.6050662730381764,20.758111370348583,0.5771157119588416
Urban100,img_006,detail_v1_latest12000,/home/ubuntu/scratch/sr-diffusion/benchmark_outputs/stage2_detail_perceptual_v1_latest12000/Urban100/img_006/base.png,/home/ubuntu/scratch/sr-diffusion/benchmarks/selfexsr/SelfExSR-master/data/Urban100/image_SRF_4/img_006_SRF_4_HR.png,/home/ubuntu/scratch/sr-diffusion/benchmarks/selfexsr/SelfExSR-master/data/Urban100/image_SRF_4/img_006_SRF_4_LR.png,22.083437231119678,0.6009666257012063,20.73888449965631,0.5732976335017249
Urban100,img_007,bicubic,generated:matlab_bicubic_resize,/home/ubuntu/scratch/sr-diffusion/benchmarks/selfexsr/SelfExSR-master/data/Urban100/image_SRF_4/img_007_SRF_4_HR.png,/home/ubuntu/scratch/sr-diffusion/benchmarks/selfexsr/SelfExSR-master/data/Urban100/image_SRF_4/img_007_SRF_4_LR.png,26.1711519966253,0.7707393411138527,24.716818522012044,0.7449178324099822
Urban100,img_007,dual_best98000,/home/ubuntu/scratch/sr-diffusion/benchmark_outputs/stage2_dual_best98000/Urban100/img_007/base.png,/home/ubuntu/scratch/sr-diffusion/benchmarks/selfexsr/SelfExSR-master/data/Urban100/image_SRF_4/img_007_SRF_4_HR.png,/home/ubuntu/scratch/sr-diffusion/benchmarks/selfexsr/SelfExSR-master/data/Urban100/image_SRF_4/img_007_SRF_4_LR.png,29.252307489616356,0.8548154294993144,27.686800158565696,0.83347123998789
Urban100,img_007,detail_v1_step6000,/home/ubuntu/scratch/sr-diffusion/benchmark_outputs/stage2_detail_perceptual_v1_step6000/Urban100/img_007/base.png,/home/ubuntu/scratch/sr-diffusion/benchmarks/selfexsr/SelfExSR-master/data/Urban100/image_SRF_4/img_007_SRF_4_HR.png,/home/ubuntu/scratch/sr-diffusion/benchmarks/selfexsr/SelfExSR-master/data/Urban100/image_SRF_4/img_007_SRF_4_LR.png,29.24426333105668,0.8567672375395166,27.68830603838978,0.8359371660549915
Urban100,img_007,detail_v1_latest12000,/home/ubuntu/scratch/sr-diffusion/benchmark_outputs/stage2_detail_perceptual_v1_latest12000/Urban100/img_007/base.png,/home/ubuntu/scratch/sr-diffusion/benchmarks/selfexsr/SelfExSR-master/data/Urban100/image_SRF_4/img_007_SRF_4_HR.png,/home/ubuntu/scratch/sr-diffusion/benchmarks/selfexsr/SelfExSR-master/data/Urban100/image_SRF_4/img_007_SRF_4_LR.png,29.29168086903831,0.8564232243980529,27.730400603402245,0.8353262383687635
Urban100,img_008,bicubic,generated:matlab_bicubic_resize,/home/ubuntu/scratch/sr-diffusion/benchmarks/selfexsr/SelfExSR-master/data/Urban100/image_SRF_4/img_008_SRF_4_HR.png,/home/ubuntu/scratch/sr-diffusion/benchmarks/selfexsr/SelfExSR-master/data/Urban100/image_SRF_4/img_008_SRF_4_LR.png,19.72837325759844,0.49172464689950457,18.479764705190938,0.47930188207983715
Urban100,img_008,dual_best98000,/home/ubuntu/scratch/sr-diffusion/benchmark_outputs/stage2_dual_best98000/Urban100/img_008/base.png,/home/ubuntu/scratch/sr-diffusion/benchmarks/selfexsr/SelfExSR-master/data/Urban100/image_SRF_4/img_008_SRF_4_HR.png,/home/ubuntu/scratch/sr-diffusion/benchmarks/selfexsr/SelfExSR-master/data/Urban100/image_SRF_4/img_008_SRF_4_LR.png,21.022498439796085,0.6237614100848095,19.789305780364334,0.6137296681261958
Urban100,img_008,detail_v1_step6000,/home/ubuntu/scratch/sr-diffusion/benchmark_outputs/stage2_detail_perceptual_v1_step6000/Urban100/img_008/base.png,/home/ubuntu/scratch/sr-diffusion/benchmarks/selfexsr/SelfExSR-master/data/Urban100/image_SRF_4/img_008_SRF_4_HR.png,/home/ubuntu/scratch/sr-diffusion/benchmarks/selfexsr/SelfExSR-master/data/Urban100/image_SRF_4/img_008_SRF_4_LR.png,21.010487422000285,0.6296008044237921,19.7684412912392,0.6193931304860191
Urban100,img_008,detail_v1_latest12000,/home/ubuntu/scratch/sr-diffusion/benchmark_outputs/stage2_detail_perceptual_v1_latest12000/Urban100/img_008/base.png,/home/ubuntu/scratch/sr-diffusion/benchmarks/selfexsr/SelfExSR-master/data/Urban100/image_SRF_4/img_008_SRF_4_HR.png,/home/ubuntu/scratch/sr-diffusion/benchmarks/selfexsr/SelfExSR-master/data/Urban100/image_SRF_4/img_008_SRF_4_LR.png,21.019530159055194,0.6260022004176852,19.783616468544473,0.6158890868443604
Urban100,img_009,bicubic,generated:matlab_bicubic_resize,/home/ubuntu/scratch/sr-diffusion/benchmarks/selfexsr/SelfExSR-master/data/Urban100/image_SRF_4/img_009_SRF_4_HR.png,/home/ubuntu/scratch/sr-diffusion/benchmarks/selfexsr/SelfExSR-master/data/Urban100/image_SRF_4/img_009_SRF_4_LR.png,30.886290260912315,0.8562595033270494,29.316788091720575,0.8347944565597789
Urban100,img_009,dual_best98000,/home/ubuntu/scratch/sr-diffusion/benchmark_outputs/stage2_dual_best98000/Urban100/img_009/base.png,/home/ubuntu/scratch/sr-diffusion/benchmarks/selfexsr/SelfExSR-master/data/Urban100/image_SRF_4/img_009_SRF_4_HR.png,/home/ubuntu/scratch/sr-diffusion/benchmarks/selfexsr/SelfExSR-master/data/Urban100/image_SRF_4/img_009_SRF_4_LR.png,33.528970572640404,0.9221971659408349,31.752398291462463,0.9018271506801175
Urban100,img_009,detail_v1_step6000,/home/ubuntu/scratch/sr-diffusion/benchmark_outputs/stage2_detail_perceptual_v1_step6000/Urban100/img_009/base.png,/home/ubuntu/scratch/sr-diffusion/benchmarks/selfexsr/SelfExSR-master/data/Urban100/image_SRF_4/img_009_SRF_4_HR.png,/home/ubuntu/scratch/sr-diffusion/benchmarks/selfexsr/SelfExSR-master/data/Urban100/image_SRF_4/img_009_SRF_4_LR.png,33.5096905667467,0.9248638502858878,31.72429665148809,0.904414626505465
Urban100,img_009,detail_v1_latest12000,/home/ubuntu/scratch/sr-diffusion/benchmark_outputs/stage2_detail_perceptual_v1_latest12000/Urban100/img_009/base.png,/home/ubuntu/scratch/sr-diffusion/benchmarks/selfexsr/SelfExSR-master/data/Urban100/image_SRF_4/img_009_SRF_4_HR.png,/home/ubuntu/scratch/sr-diffusion/benchmarks/selfexsr/SelfExSR-master/data/Urban100/image_SRF_4/img_009_SRF_4_LR.png,33.57373097122589,0.9250534606131993,31.78775134882537,0.9045783811715568
Urban100,img_010,bicubic,generated:matlab_bicubic_resize,/home/ubuntu/scratch/sr-diffusion/benchmarks/selfexsr/SelfExSR-master/data/Urban100/image_SRF_4/img_010_SRF_4_HR.png,/home/ubuntu/scratch/sr-diffusion/benchmarks/selfexsr/SelfExSR-master/data/Urban100/image_SRF_4/img_010_SRF_4_LR.png,23.595973487219002,0.7884330666099826,22.2239239383996,0.7646972902911452
Urban100,img_010,dual_best98000,/home/ubuntu/scratch/sr-diffusion/benchmark_outputs/stage2_dual_best98000/Urban100/img_010/base.png,/home/ubuntu/scratch/sr-diffusion/benchmarks/selfexsr/SelfExSR-master/data/Urban100/image_SRF_4/img_010_SRF_4_HR.png,/home/ubuntu/scratch/sr-diffusion/benchmarks/selfexsr/SelfExSR-master/data/Urban100/image_SRF_4/img_010_SRF_4_LR.png,26.5545311842422,0.8722213250093532,25.15982269559447,0.8506508242500613
Urban100,img_010,detail_v1_step6000,/home/ubuntu/scratch/sr-diffusion/benchmark_outputs/stage2_detail_perceptual_v1_step6000/Urban100/img_010/base.png,/home/ubuntu/scratch/sr-diffusion/benchmarks/selfexsr/SelfExSR-master/data/Urban100/image_SRF_4/img_010_SRF_4_HR.png,/home/ubuntu/scratch/sr-diffusion/benchmarks/selfexsr/SelfExSR-master/data/Urban100/image_SRF_4/img_010_SRF_4_LR.png,26.609215005402838,0.8747591258813662,25.21656971413603,0.8533232247226094
Urban100,img_010,detail_v1_latest12000,/home/ubuntu/scratch/sr-diffusion/benchmark_outputs/stage2_detail_perceptual_v1_latest12000/Urban100/img_010/base.png,/home/ubuntu/scratch/sr-diffusion/benchmarks/selfexsr/SelfExSR-master/data/Urban100/image_SRF_4/img_010_SRF_4_HR.png,/home/ubuntu/scratch/sr-diffusion/benchmarks/selfexsr/SelfExSR-master/data/Urban100/image_SRF_4/img_010_SRF_4_LR.png,26.607375919560287,0.8735260954568657,25.21204564879005,0.8518954840801837
Urban100,img_011,bicubic,generated:matlab_bicubic_resize,/home/ubuntu/scratch/sr-diffusion/benchmarks/selfexsr/SelfExSR-master/data/Urban100/image_SRF_4/img_011_SRF_4_HR.png,/home/ubuntu/scratch/sr-diffusion/benchmarks/selfexsr/SelfExSR-master/data/Urban100/image_SRF_4/img_011_SRF_4_LR.png,16.031358558877024,0.6068667465305941,14.709437247000285,0.565020670379502
Urban100,img_011,dual_best98000,/home/ubuntu/scratch/sr-diffusion/benchmark_outputs/stage2_dual_best98000/Urban100/img_011/base.png,/home/ubuntu/scratch/sr-diffusion/benchmarks/selfexsr/SelfExSR-master/data/Urban100/image_SRF_4/img_011_SRF_4_HR.png,/home/ubuntu/scratch/sr-diffusion/benchmarks/selfexsr/SelfExSR-master/data/Urban100/image_SRF_4/img_011_SRF_4_LR.png,17.774285729700786,0.7862265972951814,16.4510114585366,0.7353646581092058
Urban100,img_011,detail_v1_step6000,/home/ubuntu/scratch/sr-diffusion/benchmark_outputs/stage2_detail_perceptual_v1_step6000/Urban100/img_011/base.png,/home/ubuntu/scratch/sr-diffusion/benchmarks/selfexsr/SelfExSR-master/data/Urban100/image_SRF_4/img_011_SRF_4_HR.png,/home/ubuntu/scratch/sr-diffusion/benchmarks/selfexsr/SelfExSR-master/data/Urban100/image_SRF_4/img_011_SRF_4_LR.png,17.730590579450674,0.7844045132999148,16.4067151413049,0.7309405644708059
Urban100,img_011,detail_v1_latest12000,/home/ubuntu/scratch/sr-diffusion/benchmark_outputs/stage2_detail_perceptual_v1_latest12000/Urban100/img_011/base.png,/home/ubuntu/scratch/sr-diffusion/benchmarks/selfexsr/SelfExSR-master/data/Urban100/image_SRF_4/img_011_SRF_4_HR.png,/home/ubuntu/scratch/sr-diffusion/benchmarks/selfexsr/SelfExSR-master/data/Urban100/image_SRF_4/img_011_SRF_4_LR.png,17.7172880319636,0.784439374377956,16.392908560822708,0.735693114335465
Urban100,img_012,bicubic,generated:matlab_bicubic_resize,/home/ubuntu/scratch/sr-diffusion/benchmarks/selfexsr/SelfExSR-master/data/Urban100/image_SRF_4/img_012_SRF_4_HR.png,/home/ubuntu/scratch/sr-diffusion/benchmarks/selfexsr/SelfExSR-master/data/Urban100/image_SRF_4/img_012_SRF_4_LR.png,22.536116494431294,0.6136292692255034,20.666621513321285,0.5890983187520201
Urban100,img_012,dual_best98000,/home/ubuntu/scratch/sr-diffusion/benchmark_outputs/stage2_dual_best98000/Urban100/img_012/base.png,/home/ubuntu/scratch/sr-diffusion/benchmarks/selfexsr/SelfExSR-master/data/Urban100/image_SRF_4/img_012_SRF_4_HR.png,/home/ubuntu/scratch/sr-diffusion/benchmarks/selfexsr/SelfExSR-master/data/Urban100/image_SRF_4/img_012_SRF_4_LR.png,23.577732875191245,0.710636926143572,21.693198135953608,0.6842867895916326
Urban100,img_012,detail_v1_step6000,/home/ubuntu/scratch/sr-diffusion/benchmark_outputs/stage2_detail_perceptual_v1_step6000/Urban100/img_012/base.png,/home/ubuntu/scratch/sr-diffusion/benchmarks/selfexsr/SelfExSR-master/data/Urban100/image_SRF_4/img_012_SRF_4_HR.png,/home/ubuntu/scratch/sr-diffusion/benchmarks/selfexsr/SelfExSR-master/data/Urban100/image_SRF_4/img_012_SRF_4_LR.png,23.556912554990177,0.7149666927544446,21.674251206072654,0.6883126551867073
Urban100,img_012,detail_v1_latest12000,/home/ubuntu/scratch/sr-diffusion/benchmark_outputs/stage2_detail_perceptual_v1_latest12000/Urban100/img_012/base.png,/home/ubuntu/scratch/sr-diffusion/benchmarks/selfexsr/SelfExSR-master/data/Urban100/image_SRF_4/img_012_SRF_4_HR.png,/home/ubuntu/scratch/sr-diffusion/benchmarks/selfexsr/SelfExSR-master/data/Urban100/image_SRF_4/img_012_SRF_4_LR.png,23.582812411364458,0.712774732247136,21.69821300143406,0.6861354078861016
Urban100,img_013,bicubic,generated:matlab_bicubic_resize,/home/ubuntu/scratch/sr-diffusion/benchmarks/selfexsr/SelfExSR-master/data/Urban100/image_SRF_4/img_013_SRF_4_HR.png,/home/ubuntu/scratch/sr-diffusion/benchmarks/selfexsr/SelfExSR-master/data/Urban100/image_SRF_4/img_013_SRF_4_LR.png,26.44583405951056,0.7254128631762082,25.244462678198474,0.6781621029284265
Urban100,img_013,dual_best98000,/home/ubuntu/scratch/sr-diffusion/benchmark_outputs/stage2_dual_best98000/Urban100/img_013/base.png,/home/ubuntu/scratch/sr-diffusion/benchmarks/selfexsr/SelfExSR-master/data/Urban100/image_SRF_4/img_013_SRF_4_HR.png,/home/ubuntu/scratch/sr-diffusion/benchmarks/selfexsr/SelfExSR-master/data/Urban100/image_SRF_4/img_013_SRF_4_LR.png,29.051176581499135,0.825286730420047,27.700154062846707,0.7799695069681594
Urban100,img_013,detail_v1_step6000,/home/ubuntu/scratch/sr-diffusion/benchmark_outputs/stage2_detail_perceptual_v1_step6000/Urban100/img_013/base.png,/home/ubuntu/scratch/sr-diffusion/benchmarks/selfexsr/SelfExSR-master/data/Urban100/image_SRF_4/img_013_SRF_4_HR.png,/home/ubuntu/scratch/sr-diffusion/benchmarks/selfexsr/SelfExSR-master/data/Urban100/image_SRF_4/img_013_SRF_4_LR.png,28.9684517562282,0.8274659097761343,27.599317946676987,0.7825831587517018
Urban100,img_013,detail_v1_latest12000,/home/ubuntu/scratch/sr-diffusion/benchmark_outputs/stage2_detail_perceptual_v1_latest12000/Urban100/img_013/base.png,/home/ubuntu/scratch/sr-diffusion/benchmarks/selfexsr/SelfExSR-master/data/Urban100/image_SRF_4/img_013_SRF_4_HR.png,/home/ubuntu/scratch/sr-diffusion/benchmarks/selfexsr/SelfExSR-master/data/Urban100/image_SRF_4/img_013_SRF_4_LR.png,29.090244831944645,0.8266992413251828,27.730057107632287,0.7813941796881968
Urban100,img_014,bicubic,generated:matlab_bicubic_resize,/home/ubuntu/scratch/sr-diffusion/benchmarks/selfexsr/SelfExSR-master/data/Urban100/image_SRF_4/img_014_SRF_4_HR.png,/home/ubuntu/scratch/sr-diffusion/benchmarks/selfexsr/SelfExSR-master/data/Urban100/image_SRF_4/img_014_SRF_4_LR.png,21.339486599437528,0.5807748130564734,20.048655752752946,0.5588578874082599
Urban100,img_014,dual_best98000,/home/ubuntu/scratch/sr-diffusion/benchmark_outputs/stage2_dual_best98000/Urban100/img_014/base.png,/home/ubuntu/scratch/sr-diffusion/benchmarks/selfexsr/SelfExSR-master/data/Urban100/image_SRF_4/img_014_SRF_4_HR.png,/home/ubuntu/scratch/sr-diffusion/benchmarks/selfexsr/SelfExSR-master/data/Urban100/image_SRF_4/img_014_SRF_4_LR.png,22.238900542090615,0.6732321267014076,20.944583761870494,0.6543960241562344
Urban100,img_014,detail_v1_step6000,/home/ubuntu/scratch/sr-diffusion/benchmark_outputs/stage2_detail_perceptual_v1_step6000/Urban100/img_014/base.png,/home/ubuntu/scratch/sr-diffusion/benchmarks/selfexsr/SelfExSR-master/data/Urban100/image_SRF_4/img_014_SRF_4_HR.png,/home/ubuntu/scratch/sr-diffusion/benchmarks/selfexsr/SelfExSR-master/data/Urban100/image_SRF_4/img_014_SRF_4_LR.png,22.239605643945918,0.6799503303864105,20.945575601788214,0.6614435984263464
Urban100,img_014,detail_v1_latest12000,/home/ubuntu/scratch/sr-diffusion/benchmark_outputs/stage2_detail_perceptual_v1_latest12000/Urban100/img_014/base.png,/home/ubuntu/scratch/sr-diffusion/benchmarks/selfexsr/SelfExSR-master/data/Urban100/image_SRF_4/img_014_SRF_4_HR.png,/home/ubuntu/scratch/sr-diffusion/benchmarks/selfexsr/SelfExSR-master/data/Urban100/image_SRF_4/img_014_SRF_4_LR.png,22.246613196999135,0.6767561293433195,20.95269688177579,0.65810609313427
Urban100,img_015,bicubic,generated:matlab_bicubic_resize,/home/ubuntu/scratch/sr-diffusion/benchmarks/selfexsr/SelfExSR-master/data/Urban100/image_SRF_4/img_015_SRF_4_HR.png,/home/ubuntu/scratch/sr-diffusion/benchmarks/selfexsr/SelfExSR-master/data/Urban100/image_SRF_4/img_015_SRF_4_LR.png,23.002766171959212,0.60500655424017,21.7063326522903,0.558017262981414
Urban100,img_015,dual_best98000,/home/ubuntu/scratch/sr-diffusion/benchmark_outputs/stage2_dual_best98000/Urban100/img_015/base.png,/home/ubuntu/scratch/sr-diffusion/benchmarks/selfexsr/SelfExSR-master/data/Urban100/image_SRF_4/img_015_SRF_4_HR.png,/home/ubuntu/scratch/sr-diffusion/benchmarks/selfexsr/SelfExSR-master/data/Urban100/image_SRF_4/img_015_SRF_4_LR.png,25.665972539746402,0.7228797052303172,24.24176735215047,0.6773728075089455
Urban100,img_015,detail_v1_step6000,/home/ubuntu/scratch/sr-diffusion/benchmark_outputs/stage2_detail_perceptual_v1_step6000/Urban100/img_015/base.png,/home/ubuntu/scratch/sr-diffusion/benchmarks/selfexsr/SelfExSR-master/data/Urban100/image_SRF_4/img_015_SRF_4_HR.png,/home/ubuntu/scratch/sr-diffusion/benchmarks/selfexsr/SelfExSR-master/data/Urban100/image_SRF_4/img_015_SRF_4_LR.png,25.661304705082305,0.725759012182438,24.228403486081703,0.680756068711417
Urban100,img_015,detail_v1_latest12000,/home/ubuntu/scratch/sr-diffusion/benchmark_outputs/stage2_detail_perceptual_v1_latest12000/Urban100/img_015/base.png,/home/ubuntu/scratch/sr-diffusion/benchmarks/selfexsr/SelfExSR-master/data/Urban100/image_SRF_4/img_015_SRF_4_HR.png,/home/ubuntu/scratch/sr-diffusion/benchmarks/selfexsr/SelfExSR-master/data/Urban100/image_SRF_4/img_015_SRF_4_LR.png,25.70265439373108,0.7239198026338945,24.274491240127944,0.6782248560672107
Urban100,img_016,bicubic,generated:matlab_bicubic_resize,/home/ubuntu/scratch/sr-diffusion/benchmarks/selfexsr/SelfExSR-master/data/Urban100/image_SRF_4/img_016_SRF_4_HR.png,/home/ubuntu/scratch/sr-diffusion/benchmarks/selfexsr/SelfExSR-master/data/Urban100/image_SRF_4/img_016_SRF_4_LR.png,25.472137160590236,0.8257433416558179,24.113360268811668,0.8071895969020878
Urban100,img_016,dual_best98000,/home/ubuntu/scratch/sr-diffusion/benchmark_outputs/stage2_dual_best98000/Urban100/img_016/base.png,/home/ubuntu/scratch/sr-diffusion/benchmarks/selfexsr/SelfExSR-master/data/Urban100/image_SRF_4/img_016_SRF_4_HR.png,/home/ubuntu/scratch/sr-diffusion/benchmarks/selfexsr/SelfExSR-master/data/Urban100/image_SRF_4/img_016_SRF_4_LR.png,29.141973837125043,0.9028403110249641,27.72514058874796,0.8886205853212127
Urban100,img_016,detail_v1_step6000,/home/ubuntu/scratch/sr-diffusion/benchmark_outputs/stage2_detail_perceptual_v1_step6000/Urban100/img_016/base.png,/home/ubuntu/scratch/sr-diffusion/benchmarks/selfexsr/SelfExSR-master/data/Urban100/image_SRF_4/img_016_SRF_4_HR.png,/home/ubuntu/scratch/sr-diffusion/benchmarks/selfexsr/SelfExSR-master/data/Urban100/image_SRF_4/img_016_SRF_4_LR.png,29.17307901136904,0.904048198317118,27.75567491939285,0.8897590397550998
Urban100,img_016,detail_v1_latest12000,/home/ubuntu/scratch/sr-diffusion/benchmark_outputs/stage2_detail_perceptual_v1_latest12000/Urban100/img_016/base.png,/home/ubuntu/scratch/sr-diffusion/benchmarks/selfexsr/SelfExSR-master/data/Urban100/image_SRF_4/img_016_SRF_4_HR.png,/home/ubuntu/scratch/sr-diffusion/benchmarks/selfexsr/SelfExSR-master/data/Urban100/image_SRF_4/img_016_SRF_4_LR.png,29.260922337986663,0.9038157090322473,27.84258561544563,0.8895565291728554
Urban100,img_017,bicubic,generated:matlab_bicubic_resize,/home/ubuntu/scratch/sr-diffusion/benchmarks/selfexsr/SelfExSR-master/data/Urban100/image_SRF_4/img_017_SRF_4_HR.png,/home/ubuntu/scratch/sr-diffusion/benchmarks/selfexsr/SelfExSR-master/data/Urban100/image_SRF_4/img_017_SRF_4_LR.png,23.449101860001576,0.7141190695411981,22.02103895989201,0.6971294491763044
Urban100,img_017,dual_best98000,/home/ubuntu/scratch/sr-diffusion/benchmark_outputs/stage2_dual_best98000/Urban100/img_017/base.png,/home/ubuntu/scratch/sr-diffusion/benchmarks/selfexsr/SelfExSR-master/data/Urban100/image_SRF_4/img_017_SRF_4_HR.png,/home/ubuntu/scratch/sr-diffusion/benchmarks/selfexsr/SelfExSR-master/data/Urban100/image_SRF_4/img_017_SRF_4_LR.png,25.229192884519538,0.8129908838864508,23.744231220491834,0.7971617875375144
Urban100,img_017,detail_v1_step6000,/home/ubuntu/scratch/sr-diffusion/benchmark_outputs/stage2_detail_perceptual_v1_step6000/Urban100/img_017/base.png,/home/ubuntu/scratch/sr-diffusion/benchmarks/selfexsr/SelfExSR-master/data/Urban100/image_SRF_4/img_017_SRF_4_HR.png,/home/ubuntu/scratch/sr-diffusion/benchmarks/selfexsr/SelfExSR-master/data/Urban100/image_SRF_4/img_017_SRF_4_LR.png,25.10201390796558,0.8152075829001331,23.615076355883815,0.799268771195892
Urban100,img_017,detail_v1_latest12000,/home/ubuntu/scratch/sr-diffusion/benchmark_outputs/stage2_detail_perceptual_v1_latest12000/Urban100/img_017/base.png,/home/ubuntu/scratch/sr-diffusion/benchmarks/selfexsr/SelfExSR-master/data/Urban100/image_SRF_4/img_017_SRF_4_HR.png,/home/ubuntu/scratch/sr-diffusion/benchmarks/selfexsr/SelfExSR-master/data/Urban100/image_SRF_4/img_017_SRF_4_LR.png,25.210385154027563,0.815092362731649,23.724928753226287,0.7991341715053988
Urban100,img_018,bicubic,generated:matlab_bicubic_resize,/home/ubuntu/scratch/sr-diffusion/benchmarks/selfexsr/SelfExSR-master/data/Urban100/image_SRF_4/img_018_SRF_4_HR.png,/home/ubuntu/scratch/sr-diffusion/benchmarks/selfexsr/SelfExSR-master/data/Urban100/image_SRF_4/img_018_SRF_4_LR.png,24.851534571243633,0.6183057502946545,23.097980869944436,0.5794852449779938
Urban100,img_018,dual_best98000,/home/ubuntu/scratch/sr-diffusion/benchmark_outputs/stage2_dual_best98000/Urban100/img_018/base.png,/home/ubuntu/scratch/sr-diffusion/benchmarks/selfexsr/SelfExSR-master/data/Urban100/image_SRF_4/img_018_SRF_4_HR.png,/home/ubuntu/scratch/sr-diffusion/benchmarks/selfexsr/SelfExSR-master/data/Urban100/image_SRF_4/img_018_SRF_4_LR.png,26.229043984762228,0.7016283119818836,24.42543746996701,0.6614261381451717
Urban100,img_018,detail_v1_step6000,/home/ubuntu/scratch/sr-diffusion/benchmark_outputs/stage2_detail_perceptual_v1_step6000/Urban100/img_018/base.png,/home/ubuntu/scratch/sr-diffusion/benchmarks/selfexsr/SelfExSR-master/data/Urban100/image_SRF_4/img_018_SRF_4_HR.png,/home/ubuntu/scratch/sr-diffusion/benchmarks/selfexsr/SelfExSR-master/data/Urban100/image_SRF_4/img_018_SRF_4_LR.png,26.102973141913843,0.7030541137545897,24.32302431283087,0.6627125169144057
Urban100,img_018,detail_v1_latest12000,/home/ubuntu/scratch/sr-diffusion/benchmark_outputs/stage2_detail_perceptual_v1_latest12000/Urban100/img_018/base.png,/home/ubuntu/scratch/sr-diffusion/benchmarks/selfexsr/SelfExSR-master/data/Urban100/image_SRF_4/img_018_SRF_4_HR.png,/home/ubuntu/scratch/sr-diffusion/benchmarks/selfexsr/SelfExSR-master/data/Urban100/image_SRF_4/img_018_SRF_4_LR.png,26.19359960741886,0.7030759784142271,24.402633660126767,0.6625947533547294
Urban100,img_019,bicubic,generated:matlab_bicubic_resize,/home/ubuntu/scratch/sr-diffusion/benchmarks/selfexsr/SelfExSR-master/data/Urban100/image_SRF_4/img_019_SRF_4_HR.png,/home/ubuntu/scratch/sr-diffusion/benchmarks/selfexsr/SelfExSR-master/data/Urban100/image_SRF_4/img_019_SRF_4_LR.png,19.04144760906948,0.6518664380843459,17.699774648424395,0.6018977901345693
Urban100,img_019,dual_best98000,/home/ubuntu/scratch/sr-diffusion/benchmark_outputs/stage2_dual_best98000/Urban100/img_019/base.png,/home/ubuntu/scratch/sr-diffusion/benchmarks/selfexsr/SelfExSR-master/data/Urban100/image_SRF_4/img_019_SRF_4_HR.png,/home/ubuntu/scratch/sr-diffusion/benchmarks/selfexsr/SelfExSR-master/data/Urban100/image_SRF_4/img_019_SRF_4_LR.png,21.048966255822954,0.7798992427140589,19.61026161225178,0.7273051510866774
Urban100,img_019,detail_v1_step6000,/home/ubuntu/scratch/sr-diffusion/benchmark_outputs/stage2_detail_perceptual_v1_step6000/Urban100/img_019/base.png,/home/ubuntu/scratch/sr-diffusion/benchmarks/selfexsr/SelfExSR-master/data/Urban100/image_SRF_4/img_019_SRF_4_HR.png,/home/ubuntu/scratch/sr-diffusion/benchmarks/selfexsr/SelfExSR-master/data/Urban100/image_SRF_4/img_019_SRF_4_LR.png,21.023480225663494,0.7820590970616631,19.5858110096658,0.7274543708512171
Urban100,img_019,detail_v1_latest12000,/home/ubuntu/scratch/sr-diffusion/benchmark_outputs/stage2_detail_perceptual_v1_latest12000/Urban100/img_019/base.png,/home/ubuntu/scratch/sr-diffusion/benchmarks/selfexsr/SelfExSR-master/data/Urban100/image_SRF_4/img_019_SRF_4_HR.png,/home/ubuntu/scratch/sr-diffusion/benchmarks/selfexsr/SelfExSR-master/data/Urban100/image_SRF_4/img_019_SRF_4_LR.png,21.040826151186938,0.780151196594619,19.603960575766905,0.7267244989878371
Urban100,img_020,bicubic,generated:matlab_bicubic_resize,/home/ubuntu/scratch/sr-diffusion/benchmarks/selfexsr/SelfExSR-master/data/Urban100/image_SRF_4/img_020_SRF_4_HR.png,/home/ubuntu/scratch/sr-diffusion/benchmarks/selfexsr/SelfExSR-master/data/Urban100/image_SRF_4/img_020_SRF_4_LR.png,20.47143042494578,0.5949958970158172,19.09909649288525,0.5767426496533842
Urban100,img_020,dual_best98000,/home/ubuntu/scratch/sr-diffusion/benchmark_outputs/stage2_dual_best98000/Urban100/img_020/base.png,/home/ubuntu/scratch/sr-diffusion/benchmarks/selfexsr/SelfExSR-master/data/Urban100/image_SRF_4/img_020_SRF_4_HR.png,/home/ubuntu/scratch/sr-diffusion/benchmarks/selfexsr/SelfExSR-master/data/Urban100/image_SRF_4/img_020_SRF_4_LR.png,21.819379940768656,0.6990420133522501,20.44730609418142,0.682372794726311
Urban100,img_020,detail_v1_step6000,/home/ubuntu/scratch/sr-diffusion/benchmark_outputs/stage2_detail_perceptual_v1_step6000/Urban100/img_020/base.png,/home/ubuntu/scratch/sr-diffusion/benchmarks/selfexsr/SelfExSR-master/data/Urban100/image_SRF_4/img_020_SRF_4_HR.png,/home/ubuntu/scratch/sr-diffusion/benchmarks/selfexsr/SelfExSR-master/data/Urban100/image_SRF_4/img_020_SRF_4_LR.png,21.78257939315205,0.7043849037981912,20.409795509388168,0.6876996510882111
Urban100,img_020,detail_v1_latest12000,/home/ubuntu/scratch/sr-diffusion/benchmark_outputs/stage2_detail_perceptual_v1_latest12000/Urban100/img_020/base.png,/home/ubuntu/scratch/sr-diffusion/benchmarks/selfexsr/SelfExSR-master/data/Urban100/image_SRF_4/img_020_SRF_4_HR.png,/home/ubuntu/scratch/sr-diffusion/benchmarks/selfexsr/SelfExSR-master/data/Urban100/image_SRF_4/img_020_SRF_4_LR.png,21.801829943656283,0.701808030405864,20.429956279785095,0.685157078757831
Urban100,img_021,bicubic,generated:matlab_bicubic_resize,/home/ubuntu/scratch/sr-diffusion/benchmarks/selfexsr/SelfExSR-master/data/Urban100/image_SRF_4/img_021_SRF_4_HR.png,/home/ubuntu/scratch/sr-diffusion/benchmarks/selfexsr/SelfExSR-master/data/Urban100/image_SRF_4/img_021_SRF_4_LR.png,27.735499361159384,0.7207112520844714,26.336831057074292,0.6863556240964371
Urban100,img_021,dual_best98000,/home/ubuntu/scratch/sr-diffusion/benchmark_outputs/stage2_dual_best98000/Urban100/img_021/base.png,/home/ubuntu/scratch/sr-diffusion/benchmarks/selfexsr/SelfExSR-master/data/Urban100/image_SRF_4/img_021_SRF_4_HR.png,/home/ubuntu/scratch/sr-diffusion/benchmarks/selfexsr/SelfExSR-master/data/Urban100/image_SRF_4/img_021_SRF_4_LR.png,29.367819584365044,0.7797686267657794,27.971421934168124,0.7517895010616019
Urban100,img_021,detail_v1_step6000,/home/ubuntu/scratch/sr-diffusion/benchmark_outputs/stage2_detail_perceptual_v1_step6000/Urban100/img_021/base.png,/home/ubuntu/scratch/sr-diffusion/benchmarks/selfexsr/SelfExSR-master/data/Urban100/image_SRF_4/img_021_SRF_4_HR.png,/home/ubuntu/scratch/sr-diffusion/benchmarks/selfexsr/SelfExSR-master/data/Urban100/image_SRF_4/img_021_SRF_4_LR.png,29.326479293680926,0.7806531002880546,27.930063880787067,0.7530357484831507
Urban100,img_021,detail_v1_latest12000,/home/ubuntu/scratch/sr-diffusion/benchmark_outputs/stage2_detail_perceptual_v1_latest12000/Urban100/img_021/base.png,/home/ubuntu/scratch/sr-diffusion/benchmarks/selfexsr/SelfExSR-master/data/Urban100/image_SRF_4/img_021_SRF_4_HR.png,/home/ubuntu/scratch/sr-diffusion/benchmarks/selfexsr/SelfExSR-master/data/Urban100/image_SRF_4/img_021_SRF_4_LR.png,29.368660013865036,0.7799601894476227,27.971004228362332,0.7520845432048716
Urban100,img_022,bicubic,generated:matlab_bicubic_resize,/home/ubuntu/scratch/sr-diffusion/benchmarks/selfexsr/SelfExSR-master/data/Urban100/image_SRF_4/img_022_SRF_4_HR.png,/home/ubuntu/scratch/sr-diffusion/benchmarks/selfexsr/SelfExSR-master/data/Urban100/image_SRF_4/img_022_SRF_4_LR.png,25.082862403988138,0.6928358011919832,23.75551337537223,0.6706292351691059
Urban100,img_022,dual_best98000,/home/ubuntu/scratch/sr-diffusion/benchmark_outputs/stage2_dual_best98000/Urban100/img_022/base.png,/home/ubuntu/scratch/sr-diffusion/benchmarks/selfexsr/SelfExSR-master/data/Urban100/image_SRF_4/img_022_SRF_4_HR.png,/home/ubuntu/scratch/sr-diffusion/benchmarks/selfexsr/SelfExSR-master/data/Urban100/image_SRF_4/img_022_SRF_4_LR.png,25.90544685205652,0.7475396412304609,24.566853235076593,0.7263474002395413
Urban100,img_022,detail_v1_step6000,/home/ubuntu/scratch/sr-diffusion/benchmark_outputs/stage2_detail_perceptual_v1_step6000/Urban100/img_022/base.png,/home/ubuntu/scratch/sr-diffusion/benchmarks/selfexsr/SelfExSR-master/data/Urban100/image_SRF_4/img_022_SRF_4_HR.png,/home/ubuntu/scratch/sr-diffusion/benchmarks/selfexsr/SelfExSR-master/data/Urban100/image_SRF_4/img_022_SRF_4_LR.png,25.87278720042424,0.7519298718853228,24.534394076112328,0.7308622233951554
Urban100,img_022,detail_v1_latest12000,/home/ubuntu/scratch/sr-diffusion/benchmark_outputs/stage2_detail_perceptual_v1_latest12000/Urban100/img_022/base.png,/home/ubuntu/scratch/sr-diffusion/benchmarks/selfexsr/SelfExSR-master/data/Urban100/image_SRF_4/img_022_SRF_4_HR.png,/home/ubuntu/scratch/sr-diffusion/benchmarks/selfexsr/SelfExSR-master/data/Urban100/image_SRF_4/img_022_SRF_4_LR.png,25.89936281571058,0.7500137779475743,24.562700362252446,0.7289566601786074
Urban100,img_023,bicubic,generated:matlab_bicubic_resize,/home/ubuntu/scratch/sr-diffusion/benchmarks/selfexsr/SelfExSR-master/data/Urban100/image_SRF_4/img_023_SRF_4_HR.png,/home/ubuntu/scratch/sr-diffusion/benchmarks/selfexsr/SelfExSR-master/data/Urban100/image_SRF_4/img_023_SRF_4_LR.png,26.437912811680576,0.8046619030325985,24.787371565806126,0.7828074913802666
Urban100,img_023,dual_best98000,/home/ubuntu/scratch/sr-diffusion/benchmark_outputs/stage2_dual_best98000/Urban100/img_023/base.png,/home/ubuntu/scratch/sr-diffusion/benchmarks/selfexsr/SelfExSR-master/data/Urban100/image_SRF_4/img_023_SRF_4_HR.png,/home/ubuntu/scratch/sr-diffusion/benchmarks/selfexsr/SelfExSR-master/data/Urban100/image_SRF_4/img_023_SRF_4_LR.png,29.268637214432985,0.8908372216681696,27.491748174337225,0.8693092571096371
Urban100,img_023,detail_v1_step6000,/home/ubuntu/scratch/sr-diffusion/benchmark_outputs/stage2_detail_perceptual_v1_step6000/Urban100/img_023/base.png,/home/ubuntu/scratch/sr-diffusion/benchmarks/selfexsr/SelfExSR-master/data/Urban100/image_SRF_4/img_023_SRF_4_HR.png,/home/ubuntu/scratch/sr-diffusion/benchmarks/selfexsr/SelfExSR-master/data/Urban100/image_SRF_4/img_023_SRF_4_LR.png,29.38749574913694,0.8945854558635723,27.599121946201066,0.8733001925013005
Urban100,img_023,detail_v1_latest12000,/home/ubuntu/scratch/sr-diffusion/benchmark_outputs/stage2_detail_perceptual_v1_latest12000/Urban100/img_023/base.png,/home/ubuntu/scratch/sr-diffusion/benchmarks/selfexsr/SelfExSR-master/data/Urban100/image_SRF_4/img_023_SRF_4_HR.png,/home/ubuntu/scratch/sr-diffusion/benchmarks/selfexsr/SelfExSR-master/data/Urban100/image_SRF_4/img_023_SRF_4_LR.png,29.282680923116672,0.8908518066500005,27.506907403200394,0.8691932400246292
Urban100,img_024,bicubic,generated:matlab_bicubic_resize,/home/ubuntu/scratch/sr-diffusion/benchmarks/selfexsr/SelfExSR-master/data/Urban100/image_SRF_4/img_024_SRF_4_HR.png,/home/ubuntu/scratch/sr-diffusion/benchmarks/selfexsr/SelfExSR-master/data/Urban100/image_SRF_4/img_024_SRF_4_LR.png,18.140174179153,0.45926104901959813,16.82093152536217,0.4420837595672789
Urban100,img_024,dual_best98000,/home/ubuntu/scratch/sr-diffusion/benchmark_outputs/stage2_dual_best98000/Urban100/img_024/base.png,/home/ubuntu/scratch/sr-diffusion/benchmarks/selfexsr/SelfExSR-master/data/Urban100/image_SRF_4/img_024_SRF_4_HR.png,/home/ubuntu/scratch/sr-diffusion/benchmarks/selfexsr/SelfExSR-master/data/Urban100/image_SRF_4/img_024_SRF_4_LR.png,19.53314278366502,0.6019698749266397,18.181545208366135,0.5856126175641905
Urban100,img_024,detail_v1_step6000,/home/ubuntu/scratch/sr-diffusion/benchmark_outputs/stage2_detail_perceptual_v1_step6000/Urban100/img_024/base.png,/home/ubuntu/scratch/sr-diffusion/benchmarks/selfexsr/SelfExSR-master/data/Urban100/image_SRF_4/img_024_SRF_4_HR.png,/home/ubuntu/scratch/sr-diffusion/benchmarks/selfexsr/SelfExSR-master/data/Urban100/image_SRF_4/img_024_SRF_4_LR.png,19.578306895131973,0.605578804308793,18.221159075472563,0.5896542526869776
Urban100,img_024,detail_v1_latest12000,/home/ubuntu/scratch/sr-diffusion/benchmark_outputs/stage2_detail_perceptual_v1_latest12000/Urban100/img_024/base.png,/home/ubuntu/scratch/sr-diffusion/benchmarks/selfexsr/SelfExSR-master/data/Urban100/image_SRF_4/img_024_SRF_4_HR.png,/home/ubuntu/scratch/sr-diffusion/benchmarks/selfexsr/SelfExSR-master/data/Urban100/image_SRF_4/img_024_SRF_4_LR.png,19.576846527982525,0.6055544011673005,18.221982745223958,0.5892217408972928
Urban100,img_025,bicubic,generated:matlab_bicubic_resize,/home/ubuntu/scratch/sr-diffusion/benchmarks/selfexsr/SelfExSR-master/data/Urban100/image_SRF_4/img_025_SRF_4_HR.png,/home/ubuntu/scratch/sr-diffusion/benchmarks/selfexsr/SelfExSR-master/data/Urban100/image_SRF_4/img_025_SRF_4_LR.png,26.168014348225917,0.8009403041606461,24.845806912334307,0.7701841103828319
Urban100,img_025,dual_best98000,/home/ubuntu/scratch/sr-diffusion/benchmark_outputs/stage2_dual_best98000/Urban100/img_025/base.png,/home/ubuntu/scratch/sr-diffusion/benchmarks/selfexsr/SelfExSR-master/data/Urban100/image_SRF_4/img_025_SRF_4_HR.png,/home/ubuntu/scratch/sr-diffusion/benchmarks/selfexsr/SelfExSR-master/data/Urban100/image_SRF_4/img_025_SRF_4_LR.png,31.494190255645734,0.8935432220130498,30.02386986406457,0.8680538655907689
Urban100,img_025,detail_v1_step6000,/home/ubuntu/scratch/sr-diffusion/benchmark_outputs/stage2_detail_perceptual_v1_step6000/Urban100/img_025/base.png,/home/ubuntu/scratch/sr-diffusion/benchmarks/selfexsr/SelfExSR-master/data/Urban100/image_SRF_4/img_025_SRF_4_HR.png,/home/ubuntu/scratch/sr-diffusion/benchmarks/selfexsr/SelfExSR-master/data/Urban100/image_SRF_4/img_025_SRF_4_LR.png,31.54450495299915,0.8927884524319362,30.06469643790915,0.8674351666102327
Urban100,img_025,detail_v1_latest12000,/home/ubuntu/scratch/sr-diffusion/benchmark_outputs/stage2_detail_perceptual_v1_latest12000/Urban100/img_025/base.png,/home/ubuntu/scratch/sr-diffusion/benchmarks/selfexsr/SelfExSR-master/data/Urban100/image_SRF_4/img_025_SRF_4_HR.png,/home/ubuntu/scratch/sr-diffusion/benchmarks/selfexsr/SelfExSR-master/data/Urban100/image_SRF_4/img_025_SRF_4_LR.png,31.53160081143861,0.8932926108605169,30.062813857764755,0.8679412978541796
Urban100,img_026,bicubic,generated:matlab_bicubic_resize,/home/ubuntu/scratch/sr-diffusion/benchmarks/selfexsr/SelfExSR-master/data/Urban100/image_SRF_4/img_026_SRF_4_HR.png,/home/ubuntu/scratch/sr-diffusion/benchmarks/selfexsr/SelfExSR-master/data/Urban100/image_SRF_4/img_026_SRF_4_LR.png,25.468174238299003,0.6153236323313762,24.082437383122645,0.5583346002499285
Urban100,img_026,dual_best98000,/home/ubuntu/scratch/sr-diffusion/benchmark_outputs/stage2_dual_best98000/Urban100/img_026/base.png,/home/ubuntu/scratch/sr-diffusion/benchmarks/selfexsr/SelfExSR-master/data/Urban100/image_SRF_4/img_026_SRF_4_HR.png,/home/ubuntu/scratch/sr-diffusion/benchmarks/selfexsr/SelfExSR-master/data/Urban100/image_SRF_4/img_026_SRF_4_LR.png,27.61158153041073,0.6929741648858309,26.157633402376206,0.6389143504713332
Urban100,img_026,detail_v1_step6000,/home/ubuntu/scratch/sr-diffusion/benchmark_outputs/stage2_detail_perceptual_v1_step6000/Urban100/img_026/base.png,/home/ubuntu/scratch/sr-diffusion/benchmarks/selfexsr/SelfExSR-master/data/Urban100/image_SRF_4/img_026_SRF_4_HR.png,/home/ubuntu/scratch/sr-diffusion/benchmarks/selfexsr/SelfExSR-master/data/Urban100/image_SRF_4/img_026_SRF_4_LR.png,27.59019445130006,0.6955035742890319,26.139366388289087,0.6421317204952037
Urban100,img_026,detail_v1_latest12000,/home/ubuntu/scratch/sr-diffusion/benchmark_outputs/stage2_detail_perceptual_v1_latest12000/Urban100/img_026/base.png,/home/ubuntu/scratch/sr-diffusion/benchmarks/selfexsr/SelfExSR-master/data/Urban100/image_SRF_4/img_026_SRF_4_HR.png,/home/ubuntu/scratch/sr-diffusion/benchmarks/selfexsr/SelfExSR-master/data/Urban100/image_SRF_4/img_026_SRF_4_LR.png,27.5514741291239,0.6942191976479178,26.102159087392064,0.6406078678442315
Urban100,img_027,bicubic,generated:matlab_bicubic_resize,/home/ubuntu/scratch/sr-diffusion/benchmarks/selfexsr/SelfExSR-master/data/Urban100/image_SRF_4/img_027_SRF_4_HR.png,/home/ubuntu/scratch/sr-diffusion/benchmarks/selfexsr/SelfExSR-master/data/Urban100/image_SRF_4/img_027_SRF_4_LR.png,26.571111713129145,0.722375305655982,25.350413226721493,0.697351647449011
Urban100,img_027,dual_best98000,/home/ubuntu/scratch/sr-diffusion/benchmark_outputs/stage2_dual_best98000/Urban100/img_027/base.png,/home/ubuntu/scratch/sr-diffusion/benchmarks/selfexsr/SelfExSR-master/data/Urban100/image_SRF_4/img_027_SRF_4_HR.png,/home/ubuntu/scratch/sr-diffusion/benchmarks/selfexsr/SelfExSR-master/data/Urban100/image_SRF_4/img_027_SRF_4_LR.png,28.078195186400542,0.7886742541693744,26.849015098882475,0.7671580771127547
Urban100,img_027,detail_v1_step6000,/home/ubuntu/scratch/sr-diffusion/benchmark_outputs/stage2_detail_perceptual_v1_step6000/Urban100/img_027/base.png,/home/ubuntu/scratch/sr-diffusion/benchmarks/selfexsr/SelfExSR-master/data/Urban100/image_SRF_4/img_027_SRF_4_HR.png,/home/ubuntu/scratch/sr-diffusion/benchmarks/selfexsr/SelfExSR-master/data/Urban100/image_SRF_4/img_027_SRF_4_LR.png,28.122464515158786,0.7931715916866967,26.895928769428394,0.7719995585463244
Urban100,img_027,detail_v1_latest12000,/home/ubuntu/scratch/sr-diffusion/benchmark_outputs/stage2_detail_perceptual_v1_latest12000/Urban100/img_027/base.png,/home/ubuntu/scratch/sr-diffusion/benchmarks/selfexsr/SelfExSR-master/data/Urban100/image_SRF_4/img_027_SRF_4_HR.png,/home/ubuntu/scratch/sr-diffusion/benchmarks/selfexsr/SelfExSR-master/data/Urban100/image_SRF_4/img_027_SRF_4_LR.png,28.101730649944017,0.7913213713560159,26.87492824652443,0.7699692667635163
Urban100,img_028,bicubic,generated:matlab_bicubic_resize,/home/ubuntu/scratch/sr-diffusion/benchmarks/selfexsr/SelfExSR-master/data/Urban100/image_SRF_4/img_028_SRF_4_HR.png,/home/ubuntu/scratch/sr-diffusion/benchmarks/selfexsr/SelfExSR-master/data/Urban100/image_SRF_4/img_028_SRF_4_LR.png,28.47685602262951,0.8123672591345243,27.154934710752773,0.79059496267949
Urban100,img_028,dual_best98000,/home/ubuntu/scratch/sr-diffusion/benchmark_outputs/stage2_dual_best98000/Urban100/img_028/base.png,/home/ubuntu/scratch/sr-diffusion/benchmarks/selfexsr/SelfExSR-master/data/Urban100/image_SRF_4/img_028_SRF_4_HR.png,/home/ubuntu/scratch/sr-diffusion/benchmarks/selfexsr/SelfExSR-master/data/Urban100/image_SRF_4/img_028_SRF_4_LR.png,31.123631782149378,0.8713702434093787,29.788564028854687,0.853322667316809
Urban100,img_028,detail_v1_step6000,/home/ubuntu/scratch/sr-diffusion/benchmark_outputs/stage2_detail_perceptual_v1_step6000/Urban100/img_028/base.png,/home/ubuntu/scratch/sr-diffusion/benchmarks/selfexsr/SelfExSR-master/data/Urban100/image_SRF_4/img_028_SRF_4_HR.png,/home/ubuntu/scratch/sr-diffusion/benchmarks/selfexsr/SelfExSR-master/data/Urban100/image_SRF_4/img_028_SRF_4_LR.png,31.090347282527212,0.8723928828927604,29.760132833797726,0.8545655974719665
Urban100,img_028,detail_v1_latest12000,/home/ubuntu/scratch/sr-diffusion/benchmark_outputs/stage2_detail_perceptual_v1_latest12000/Urban100/img_028/base.png,/home/ubuntu/scratch/sr-diffusion/benchmarks/selfexsr/SelfExSR-master/data/Urban100/image_SRF_4/img_028_SRF_4_HR.png,/home/ubuntu/scratch/sr-diffusion/benchmarks/selfexsr/SelfExSR-master/data/Urban100/image_SRF_4/img_028_SRF_4_LR.png,31.14465973233444,0.8721194635517229,29.814697305969684,0.8542100308453406
Urban100,img_029,bicubic,generated:matlab_bicubic_resize,/home/ubuntu/scratch/sr-diffusion/benchmarks/selfexsr/SelfExSR-master/data/Urban100/image_SRF_4/img_029_SRF_4_HR.png,/home/ubuntu/scratch/sr-diffusion/benchmarks/selfexsr/SelfExSR-master/data/Urban100/image_SRF_4/img_029_SRF_4_LR.png,22.79958062053137,0.7110182465975007,21.490713410403337,0.682164906893559
Urban100,img_029,dual_best98000,/home/ubuntu/scratch/sr-diffusion/benchmark_outputs/stage2_dual_best98000/Urban100/img_029/base.png,/home/ubuntu/scratch/sr-diffusion/benchmarks/selfexsr/SelfExSR-master/data/Urban100/image_SRF_4/img_029_SRF_4_HR.png,/home/ubuntu/scratch/sr-diffusion/benchmarks/selfexsr/SelfExSR-master/data/Urban100/image_SRF_4/img_029_SRF_4_LR.png,26.601664519716735,0.8538006379922781,25.21908398708934,0.8315860232881677
Urban100,img_029,detail_v1_step6000,/home/ubuntu/scratch/sr-diffusion/benchmark_outputs/stage2_detail_perceptual_v1_step6000/Urban100/img_029/base.png,/home/ubuntu/scratch/sr-diffusion/benchmarks/selfexsr/SelfExSR-master/data/Urban100/image_SRF_4/img_029_SRF_4_HR.png,/home/ubuntu/scratch/sr-diffusion/benchmarks/selfexsr/SelfExSR-master/data/Urban100/image_SRF_4/img_029_SRF_4_LR.png,26.590118696054944,0.8550692312173725,25.205512379980128,0.8323736214984904
Urban100,img_029,detail_v1_latest12000,/home/ubuntu/scratch/sr-diffusion/benchmark_outputs/stage2_detail_perceptual_v1_latest12000/Urban100/img_029/base.png,/home/ubuntu/scratch/sr-diffusion/benchmarks/selfexsr/SelfExSR-master/data/Urban100/image_SRF_4/img_029_SRF_4_HR.png,/home/ubuntu/scratch/sr-diffusion/benchmarks/selfexsr/SelfExSR-master/data/Urban100/image_SRF_4/img_029_SRF_4_LR.png,26.602156053263872,0.8543993528049486,25.22243126784756,0.8318387498879011
Urban100,img_030,bicubic,generated:matlab_bicubic_resize,/home/ubuntu/scratch/sr-diffusion/benchmarks/selfexsr/SelfExSR-master/data/Urban100/image_SRF_4/img_030_SRF_4_HR.png,/home/ubuntu/scratch/sr-diffusion/benchmarks/selfexsr/SelfExSR-master/data/Urban100/image_SRF_4/img_030_SRF_4_LR.png,21.64530328657936,0.6249268923872517,19.984138515071017,0.5920848201870732
Urban100,img_030,dual_best98000,/home/ubuntu/scratch/sr-diffusion/benchmark_outputs/stage2_dual_best98000/Urban100/img_030/base.png,/home/ubuntu/scratch/sr-diffusion/benchmarks/selfexsr/SelfExSR-master/data/Urban100/image_SRF_4/img_030_SRF_4_HR.png,/home/ubuntu/scratch/sr-diffusion/benchmarks/selfexsr/SelfExSR-master/data/Urban100/image_SRF_4/img_030_SRF_4_LR.png,23.904183388203577,0.7774649493526612,22.110667899235544,0.7493150756683696
Urban100,img_030,detail_v1_step6000,/home/ubuntu/scratch/sr-diffusion/benchmark_outputs/stage2_detail_perceptual_v1_step6000/Urban100/img_030/base.png,/home/ubuntu/scratch/sr-diffusion/benchmarks/selfexsr/SelfExSR-master/data/Urban100/image_SRF_4/img_030_SRF_4_HR.png,/home/ubuntu/scratch/sr-diffusion/benchmarks/selfexsr/SelfExSR-master/data/Urban100/image_SRF_4/img_030_SRF_4_LR.png,23.873625383941043,0.7826983412920157,22.087742817619322,0.7553040050243133
Urban100,img_030,detail_v1_latest12000,/home/ubuntu/scratch/sr-diffusion/benchmark_outputs/stage2_detail_perceptual_v1_latest12000/Urban100/img_030/base.png,/home/ubuntu/scratch/sr-diffusion/benchmarks/selfexsr/SelfExSR-master/data/Urban100/image_SRF_4/img_030_SRF_4_HR.png,/home/ubuntu/scratch/sr-diffusion/benchmarks/selfexsr/SelfExSR-master/data/Urban100/image_SRF_4/img_030_SRF_4_LR.png,23.934827076259353,0.7825215831544966,22.144566458472525,0.7552807174348063
Urban100,img_031,bicubic,generated:matlab_bicubic_resize,/home/ubuntu/scratch/sr-diffusion/benchmarks/selfexsr/SelfExSR-master/data/Urban100/image_SRF_4/img_031_SRF_4_HR.png,/home/ubuntu/scratch/sr-diffusion/benchmarks/selfexsr/SelfExSR-master/data/Urban100/image_SRF_4/img_031_SRF_4_LR.png,22.79683221903957,0.6870075042678402,21.391999868687815,0.6649916990338259
Urban100,img_031,dual_best98000,/home/ubuntu/scratch/sr-diffusion/benchmark_outputs/stage2_dual_best98000/Urban100/img_031/base.png,/home/ubuntu/scratch/sr-diffusion/benchmarks/selfexsr/SelfExSR-master/data/Urban100/image_SRF_4/img_031_SRF_4_HR.png,/home/ubuntu/scratch/sr-diffusion/benchmarks/selfexsr/SelfExSR-master/data/Urban100/image_SRF_4/img_031_SRF_4_LR.png,23.779325632737482,0.7638031836254566,22.34423393217856,0.7420010466720338
Urban100,img_031,detail_v1_step6000,/home/ubuntu/scratch/sr-diffusion/benchmark_outputs/stage2_detail_perceptual_v1_step6000/Urban100/img_031/base.png,/home/ubuntu/scratch/sr-diffusion/benchmarks/selfexsr/SelfExSR-master/data/Urban100/image_SRF_4/img_031_SRF_4_HR.png,/home/ubuntu/scratch/sr-diffusion/benchmarks/selfexsr/SelfExSR-master/data/Urban100/image_SRF_4/img_031_SRF_4_LR.png,23.801161513791406,0.7693667232214856,22.363203943238766,0.7467554525515351
Urban100,img_031,detail_v1_latest12000,/home/ubuntu/scratch/sr-diffusion/benchmark_outputs/stage2_detail_perceptual_v1_latest12000/Urban100/img_031/base.png,/home/ubuntu/scratch/sr-diffusion/benchmarks/selfexsr/SelfExSR-master/data/Urban100/image_SRF_4/img_031_SRF_4_HR.png,/home/ubuntu/scratch/sr-diffusion/benchmarks/selfexsr/SelfExSR-master/data/Urban100/image_SRF_4/img_031_SRF_4_LR.png,23.800995117169403,0.7671893119050567,22.363084512620958,0.7443380753239962
Urban100,img_032,bicubic,generated:matlab_bicubic_resize,/home/ubuntu/scratch/sr-diffusion/benchmarks/selfexsr/SelfExSR-master/data/Urban100/image_SRF_4/img_032_SRF_4_HR.png,/home/ubuntu/scratch/sr-diffusion/benchmarks/selfexsr/SelfExSR-master/data/Urban100/image_SRF_4/img_032_SRF_4_LR.png,26.00785081222884,0.7514998473682752,24.597136549902846,0.7285312638078062
Urban100,img_032,dual_best98000,/home/ubuntu/scratch/sr-diffusion/benchmark_outputs/stage2_dual_best98000/Urban100/img_032/base.png,/home/ubuntu/scratch/sr-diffusion/benchmarks/selfexsr/SelfExSR-master/data/Urban100/image_SRF_4/img_032_SRF_4_HR.png,/home/ubuntu/scratch/sr-diffusion/benchmarks/selfexsr/SelfExSR-master/data/Urban100/image_SRF_4/img_032_SRF_4_LR.png,28.5774781249272,0.838321117077434,27.039941872491614,0.817714176803579
Urban100,img_032,detail_v1_step6000,/home/ubuntu/scratch/sr-diffusion/benchmark_outputs/stage2_detail_perceptual_v1_step6000/Urban100/img_032/base.png,/home/ubuntu/scratch/sr-diffusion/benchmarks/selfexsr/SelfExSR-master/data/Urban100/image_SRF_4/img_032_SRF_4_HR.png,/home/ubuntu/scratch/sr-diffusion/benchmarks/selfexsr/SelfExSR-master/data/Urban100/image_SRF_4/img_032_SRF_4_LR.png,28.5479772636951,0.840340925835519,27.00963411252578,0.8200483201324175
Urban100,img_032,detail_v1_latest12000,/home/ubuntu/scratch/sr-diffusion/benchmark_outputs/stage2_detail_perceptual_v1_latest12000/Urban100/img_032/base.png,/home/ubuntu/scratch/sr-diffusion/benchmarks/selfexsr/SelfExSR-master/data/Urban100/image_SRF_4/img_032_SRF_4_HR.png,/home/ubuntu/scratch/sr-diffusion/benchmarks/selfexsr/SelfExSR-master/data/Urban100/image_SRF_4/img_032_SRF_4_LR.png,28.51203801852012,0.8375713866016651,26.978192711577314,0.8169518546560167
Urban100,img_033,bicubic,generated:matlab_bicubic_resize,/home/ubuntu/scratch/sr-diffusion/benchmarks/selfexsr/SelfExSR-master/data/Urban100/image_SRF_4/img_033_SRF_4_HR.png,/home/ubuntu/scratch/sr-diffusion/benchmarks/selfexsr/SelfExSR-master/data/Urban100/image_SRF_4/img_033_SRF_4_LR.png,24.167953582777212,0.6706355854112618,22.66140686366622,0.6407841406456082
Urban100,img_033,dual_best98000,/home/ubuntu/scratch/sr-diffusion/benchmark_outputs/stage2_dual_best98000/Urban100/img_033/base.png,/home/ubuntu/scratch/sr-diffusion/benchmarks/selfexsr/SelfExSR-master/data/Urban100/image_SRF_4/img_033_SRF_4_HR.png,/home/ubuntu/scratch/sr-diffusion/benchmarks/selfexsr/SelfExSR-master/data/Urban100/image_SRF_4/img_033_SRF_4_LR.png,26.834406328231005,0.7857611027601593,25.103207523909763,0.7569296688201658
Urban100,img_033,detail_v1_step6000,/home/ubuntu/scratch/sr-diffusion/benchmark_outputs/stage2_detail_perceptual_v1_step6000/Urban100/img_033/base.png,/home/ubuntu/scratch/sr-diffusion/benchmarks/selfexsr/SelfExSR-master/data/Urban100/image_SRF_4/img_033_SRF_4_HR.png,/home/ubuntu/scratch/sr-diffusion/benchmarks/selfexsr/SelfExSR-master/data/Urban100/image_SRF_4/img_033_SRF_4_LR.png,26.78036913530167,0.7871913913658958,25.05549722488148,0.7581217287366826
Urban100,img_033,detail_v1_latest12000,/home/ubuntu/scratch/sr-diffusion/benchmark_outputs/stage2_detail_perceptual_v1_latest12000/Urban100/img_033/base.png,/home/ubuntu/scratch/sr-diffusion/benchmarks/selfexsr/SelfExSR-master/data/Urban100/image_SRF_4/img_033_SRF_4_HR.png,/home/ubuntu/scratch/sr-diffusion/benchmarks/selfexsr/SelfExSR-master/data/Urban100/image_SRF_4/img_033_SRF_4_LR.png,26.81899335680894,0.7868328983096207,25.09421198658796,0.7579322350575328
Urban100,img_034,bicubic,generated:matlab_bicubic_resize,/home/ubuntu/scratch/sr-diffusion/benchmarks/selfexsr/SelfExSR-master/data/Urban100/image_SRF_4/img_034_SRF_4_HR.png,/home/ubuntu/scratch/sr-diffusion/benchmarks/selfexsr/SelfExSR-master/data/Urban100/image_SRF_4/img_034_SRF_4_LR.png,21.412567909441897,0.47979171570901513,19.597627017947644,0.4673951596165613
Urban100,img_034,dual_best98000,/home/ubuntu/scratch/sr-diffusion/benchmark_outputs/stage2_dual_best98000/Urban100/img_034/base.png,/home/ubuntu/scratch/sr-diffusion/benchmarks/selfexsr/SelfExSR-master/data/Urban100/image_SRF_4/img_034_SRF_4_HR.png,/home/ubuntu/scratch/sr-diffusion/benchmarks/selfexsr/SelfExSR-master/data/Urban100/image_SRF_4/img_034_SRF_4_LR.png,22.890694415707845,0.5723979739659758,20.977788246556877,0.5591107309207365
Urban100,img_034,detail_v1_step6000,/home/ubuntu/scratch/sr-diffusion/benchmark_outputs/stage2_detail_perceptual_v1_step6000/Urban100/img_034/base.png,/home/ubuntu/scratch/sr-diffusion/benchmarks/selfexsr/SelfExSR-master/data/Urban100/image_SRF_4/img_034_SRF_4_HR.png,/home/ubuntu/scratch/sr-diffusion/benchmarks/selfexsr/SelfExSR-master/data/Urban100/image_SRF_4/img_034_SRF_4_LR.png,22.86491987895365,0.5772585667672947,20.955933585793105,0.5631170033888626
Urban100,img_034,detail_v1_latest12000,/home/ubuntu/scratch/sr-diffusion/benchmark_outputs/stage2_detail_perceptual_v1_latest12000/Urban100/img_034/base.png,/home/ubuntu/scratch/sr-diffusion/benchmarks/selfexsr/SelfExSR-master/data/Urban100/image_SRF_4/img_034_SRF_4_HR.png,/home/ubuntu/scratch/sr-diffusion/benchmarks/selfexsr/SelfExSR-master/data/Urban100/image_SRF_4/img_034_SRF_4_LR.png,22.873518747484646,0.5742300620820441,20.962829811532906,0.5601974145663966
Urban100,img_035,bicubic,generated:matlab_bicubic_resize,/home/ubuntu/scratch/sr-diffusion/benchmarks/selfexsr/SelfExSR-master/data/Urban100/image_SRF_4/img_035_SRF_4_HR.png,/home/ubuntu/scratch/sr-diffusion/benchmarks/selfexsr/SelfExSR-master/data/Urban100/image_SRF_4/img_035_SRF_4_LR.png,24.730892723398036,0.7224750863577866,23.351272276342495,0.6977418310682971
Urban100,img_035,dual_best98000,/home/ubuntu/scratch/sr-diffusion/benchmark_outputs/stage2_dual_best98000/Urban100/img_035/base.png,/home/ubuntu/scratch/sr-diffusion/benchmarks/selfexsr/SelfExSR-master/data/Urban100/image_SRF_4/img_035_SRF_4_HR.png,/home/ubuntu/scratch/sr-diffusion/benchmarks/selfexsr/SelfExSR-master/data/Urban100/image_SRF_4/img_035_SRF_4_LR.png,28.097471162378547,0.8450035492651523,26.66923628567819,0.8222295026081551
Urban100,img_035,detail_v1_step6000,/home/ubuntu/scratch/sr-diffusion/benchmark_outputs/stage2_detail_perceptual_v1_step6000/Urban100/img_035/base.png,/home/ubuntu/scratch/sr-diffusion/benchmarks/selfexsr/SelfExSR-master/data/Urban100/image_SRF_4/img_035_SRF_4_HR.png,/home/ubuntu/scratch/sr-diffusion/benchmarks/selfexsr/SelfExSR-master/data/Urban100/image_SRF_4/img_035_SRF_4_LR.png,28.136439400938485,0.8497031643623568,26.70397613508548,0.8271218598122797
Urban100,img_035,detail_v1_latest12000,/home/ubuntu/scratch/sr-diffusion/benchmark_outputs/stage2_detail_perceptual_v1_latest12000/Urban100/img_035/base.png,/home/ubuntu/scratch/sr-diffusion/benchmarks/selfexsr/SelfExSR-master/data/Urban100/image_SRF_4/img_035_SRF_4_HR.png,/home/ubuntu/scratch/sr-diffusion/benchmarks/selfexsr/SelfExSR-master/data/Urban100/image_SRF_4/img_035_SRF_4_LR.png,28.139690096052572,0.8482706677712188,26.70606547747429,0.8255228044811213
Urban100,img_036,bicubic,generated:matlab_bicubic_resize,/home/ubuntu/scratch/sr-diffusion/benchmarks/selfexsr/SelfExSR-master/data/Urban100/image_SRF_4/img_036_SRF_4_HR.png,/home/ubuntu/scratch/sr-diffusion/benchmarks/selfexsr/SelfExSR-master/data/Urban100/image_SRF_4/img_036_SRF_4_LR.png,25.2265927557459,0.7865896164860853,23.90467144386917,0.7683587246965725
Urban100,img_036,dual_best98000,/home/ubuntu/scratch/sr-diffusion/benchmark_outputs/stage2_dual_best98000/Urban100/img_036/base.png,/home/ubuntu/scratch/sr-diffusion/benchmarks/selfexsr/SelfExSR-master/data/Urban100/image_SRF_4/img_036_SRF_4_HR.png,/home/ubuntu/scratch/sr-diffusion/benchmarks/selfexsr/SelfExSR-master/data/Urban100/image_SRF_4/img_036_SRF_4_LR.png,28.537488852283744,0.8809940505024593,27.204760983948198,0.8678022106103608
Urban100,img_036,detail_v1_step6000,/home/ubuntu/scratch/sr-diffusion/benchmark_outputs/stage2_detail_perceptual_v1_step6000/Urban100/img_036/base.png,/home/ubuntu/scratch/sr-diffusion/benchmarks/selfexsr/SelfExSR-master/data/Urban100/image_SRF_4/img_036_SRF_4_HR.png,/home/ubuntu/scratch/sr-diffusion/benchmarks/selfexsr/SelfExSR-master/data/Urban100/image_SRF_4/img_036_SRF_4_LR.png,28.439482161744092,0.8807310402452521,27.11059001576183,0.8675282331047046
Urban100,img_036,detail_v1_latest12000,/home/ubuntu/scratch/sr-diffusion/benchmark_outputs/stage2_detail_perceptual_v1_latest12000/Urban100/img_036/base.png,/home/ubuntu/scratch/sr-diffusion/benchmarks/selfexsr/SelfExSR-master/data/Urban100/image_SRF_4/img_036_SRF_4_HR.png,/home/ubuntu/scratch/sr-diffusion/benchmarks/selfexsr/SelfExSR-master/data/Urban100/image_SRF_4/img_036_SRF_4_LR.png,28.47412814982861,0.8801160142627954,27.14576056405758,0.8669063955838797
Urban100,img_037,bicubic,generated:matlab_bicubic_resize,/home/ubuntu/scratch/sr-diffusion/benchmarks/selfexsr/SelfExSR-master/data/Urban100/image_SRF_4/img_037_SRF_4_HR.png,/home/ubuntu/scratch/sr-diffusion/benchmarks/selfexsr/SelfExSR-master/data/Urban100/image_SRF_4/img_037_SRF_4_LR.png,24.219663268886865,0.7049515228198201,22.882611155539344,0.6765738002356008
Urban100,img_037,dual_best98000,/home/ubuntu/scratch/sr-diffusion/benchmark_outputs/stage2_dual_best98000/Urban100/img_037/base.png,/home/ubuntu/scratch/sr-diffusion/benchmarks/selfexsr/SelfExSR-master/data/Urban100/image_SRF_4/img_037_SRF_4_HR.png,/home/ubuntu/scratch/sr-diffusion/benchmarks/selfexsr/SelfExSR-master/data/Urban100/image_SRF_4/img_037_SRF_4_LR.png,25.98699239238499,0.7814701330409679,24.59913099197375,0.7555003911441373
Urban100,img_037,detail_v1_step6000,/home/ubuntu/scratch/sr-diffusion/benchmark_outputs/stage2_detail_perceptual_v1_step6000/Urban100/img_037/base.png,/home/ubuntu/scratch/sr-diffusion/benchmarks/selfexsr/SelfExSR-master/data/Urban100/image_SRF_4/img_037_SRF_4_HR.png,/home/ubuntu/scratch/sr-diffusion/benchmarks/selfexsr/SelfExSR-master/data/Urban100/image_SRF_4/img_037_SRF_4_LR.png,25.918867058559208,0.7847186438906862,24.53037047867008,0.7590480627897831
Urban100,img_037,detail_v1_latest12000,/home/ubuntu/scratch/sr-diffusion/benchmark_outputs/stage2_detail_perceptual_v1_latest12000/Urban100/img_037/base.png,/home/ubuntu/scratch/sr-diffusion/benchmarks/selfexsr/SelfExSR-master/data/Urban100/image_SRF_4/img_037_SRF_4_HR.png,/home/ubuntu/scratch/sr-diffusion/benchmarks/selfexsr/SelfExSR-master/data/Urban100/image_SRF_4/img_037_SRF_4_LR.png,25.97731503093868,0.7824079424958922,24.5897423084739,0.7565127270297878
Urban100,img_038,bicubic,generated:matlab_bicubic_resize,/home/ubuntu/scratch/sr-diffusion/benchmarks/selfexsr/SelfExSR-master/data/Urban100/image_SRF_4/img_038_SRF_4_HR.png,/home/ubuntu/scratch/sr-diffusion/benchmarks/selfexsr/SelfExSR-master/data/Urban100/image_SRF_4/img_038_SRF_4_LR.png,24.610881305853823,0.5279054728153404,23.30372851227349,0.4780555847615065
Urban100,img_038,dual_best98000,/home/ubuntu/scratch/sr-diffusion/benchmark_outputs/stage2_dual_best98000/Urban100/img_038/base.png,/home/ubuntu/scratch/sr-diffusion/benchmarks/selfexsr/SelfExSR-master/data/Urban100/image_SRF_4/img_038_SRF_4_HR.png,/home/ubuntu/scratch/sr-diffusion/benchmarks/selfexsr/SelfExSR-master/data/Urban100/image_SRF_4/img_038_SRF_4_LR.png,26.754676508333155,0.662141312915503,25.306156406864506,0.611495475027995
Urban100,img_038,detail_v1_step6000,/home/ubuntu/scratch/sr-diffusion/benchmark_outputs/stage2_detail_perceptual_v1_step6000/Urban100/img_038/base.png,/home/ubuntu/scratch/sr-diffusion/benchmarks/selfexsr/SelfExSR-master/data/Urban100/image_SRF_4/img_038_SRF_4_HR.png,/home/ubuntu/scratch/sr-diffusion/benchmarks/selfexsr/SelfExSR-master/data/Urban100/image_SRF_4/img_038_SRF_4_LR.png,26.774155554655152,0.668042016696441,25.317821116741936,0.6180149714672286
Urban100,img_038,detail_v1_latest12000,/home/ubuntu/scratch/sr-diffusion/benchmark_outputs/stage2_detail_perceptual_v1_latest12000/Urban100/img_038/base.png,/home/ubuntu/scratch/sr-diffusion/benchmarks/selfexsr/SelfExSR-master/data/Urban100/image_SRF_4/img_038_SRF_4_HR.png,/home/ubuntu/scratch/sr-diffusion/benchmarks/selfexsr/SelfExSR-master/data/Urban100/image_SRF_4/img_038_SRF_4_LR.png,26.78083254242513,0.6655122505296925,25.329649795827542,0.6151390834819491
Urban100,img_039,bicubic,generated:matlab_bicubic_resize,/home/ubuntu/scratch/sr-diffusion/benchmarks/selfexsr/SelfExSR-master/data/Urban100/image_SRF_4/img_039_SRF_4_HR.png,/home/ubuntu/scratch/sr-diffusion/benchmarks/selfexsr/SelfExSR-master/data/Urban100/image_SRF_4/img_039_SRF_4_LR.png,20.86096248287879,0.580224226360583,19.540952563301733,0.5601706351998925
Urban100,img_039,dual_best98000,/home/ubuntu/scratch/sr-diffusion/benchmark_outputs/stage2_dual_best98000/Urban100/img_039/base.png,/home/ubuntu/scratch/sr-diffusion/benchmarks/selfexsr/SelfExSR-master/data/Urban100/image_SRF_4/img_039_SRF_4_HR.png,/home/ubuntu/scratch/sr-diffusion/benchmarks/selfexsr/SelfExSR-master/data/Urban100/image_SRF_4/img_039_SRF_4_LR.png,22.678463344140013,0.7163244740475917,21.301621979270912,0.6963814419676995
Urban100,img_039,detail_v1_step6000,/home/ubuntu/scratch/sr-diffusion/benchmark_outputs/stage2_detail_perceptual_v1_step6000/Urban100/img_039/base.png,/home/ubuntu/scratch/sr-diffusion/benchmarks/selfexsr/SelfExSR-master/data/Urban100/image_SRF_4/img_039_SRF_4_HR.png,/home/ubuntu/scratch/sr-diffusion/benchmarks/selfexsr/SelfExSR-master/data/Urban100/image_SRF_4/img_039_SRF_4_LR.png,22.736935890289494,0.7248885175625551,21.352255731359193,0.7045608999684513
Urban100,img_039,detail_v1_latest12000,/home/ubuntu/scratch/sr-diffusion/benchmark_outputs/stage2_detail_perceptual_v1_latest12000/Urban100/img_039/base.png,/home/ubuntu/scratch/sr-diffusion/benchmarks/selfexsr/SelfExSR-master/data/Urban100/image_SRF_4/img_039_SRF_4_HR.png,/home/ubuntu/scratch/sr-diffusion/benchmarks/selfexsr/SelfExSR-master/data/Urban100/image_SRF_4/img_039_SRF_4_LR.png,22.731355557031023,0.722014105636676,21.349642249662097,0.7016539459310259
Urban100,img_040,bicubic,generated:matlab_bicubic_resize,/home/ubuntu/scratch/sr-diffusion/benchmarks/selfexsr/SelfExSR-master/data/Urban100/image_SRF_4/img_040_SRF_4_HR.png,/home/ubuntu/scratch/sr-diffusion/benchmarks/selfexsr/SelfExSR-master/data/Urban100/image_SRF_4/img_040_SRF_4_LR.png,19.391685258669202,0.7048607787993993,18.10707768593921,0.6856945961240904
Urban100,img_040,dual_best98000,/home/ubuntu/scratch/sr-diffusion/benchmark_outputs/stage2_dual_best98000/Urban100/img_040/base.png,/home/ubuntu/scratch/sr-diffusion/benchmarks/selfexsr/SelfExSR-master/data/Urban100/image_SRF_4/img_040_SRF_4_HR.png,/home/ubuntu/scratch/sr-diffusion/benchmarks/selfexsr/SelfExSR-master/data/Urban100/image_SRF_4/img_040_SRF_4_LR.png,26.76686612526837,0.9356129506786679,25.370564127018717,0.9249313177819433
Urban100,img_040,detail_v1_step6000,/home/ubuntu/scratch/sr-diffusion/benchmark_outputs/stage2_detail_perceptual_v1_step6000/Urban100/img_040/base.png,/home/ubuntu/scratch/sr-diffusion/benchmarks/selfexsr/SelfExSR-master/data/Urban100/image_SRF_4/img_040_SRF_4_HR.png,/home/ubuntu/scratch/sr-diffusion/benchmarks/selfexsr/SelfExSR-master/data/Urban100/image_SRF_4/img_040_SRF_4_LR.png,26.532048977312634,0.9326007617289018,25.136804558046673,0.9222996865944273
Urban100,img_040,detail_v1_latest12000,/home/ubuntu/scratch/sr-diffusion/benchmark_outputs/stage2_detail_perceptual_v1_latest12000/Urban100/img_040/base.png,/home/ubuntu/scratch/sr-diffusion/benchmarks/selfexsr/SelfExSR-master/data/Urban100/image_SRF_4/img_040_SRF_4_HR.png,/home/ubuntu/scratch/sr-diffusion/benchmarks/selfexsr/SelfExSR-master/data/Urban100/image_SRF_4/img_040_SRF_4_LR.png,26.685861313540364,0.9344258283072172,25.277079992203973,0.9249993202371486
Urban100,img_041,bicubic,generated:matlab_bicubic_resize,/home/ubuntu/scratch/sr-diffusion/benchmarks/selfexsr/SelfExSR-master/data/Urban100/image_SRF_4/img_041_SRF_4_HR.png,/home/ubuntu/scratch/sr-diffusion/benchmarks/selfexsr/SelfExSR-master/data/Urban100/image_SRF_4/img_041_SRF_4_LR.png,21.00269685618043,0.670134208158125,19.564343684985086,0.6540011303932478
Urban100,img_041,dual_best98000,/home/ubuntu/scratch/sr-diffusion/benchmark_outputs/stage2_dual_best98000/Urban100/img_041/base.png,/home/ubuntu/scratch/sr-diffusion/benchmarks/selfexsr/SelfExSR-master/data/Urban100/image_SRF_4/img_041_SRF_4_HR.png,/home/ubuntu/scratch/sr-diffusion/benchmarks/selfexsr/SelfExSR-master/data/Urban100/image_SRF_4/img_041_SRF_4_LR.png,24.97682233167638,0.8464465802974406,23.491842664717737,0.8319780208220693
Urban100,img_041,detail_v1_step6000,/home/ubuntu/scratch/sr-diffusion/benchmark_outputs/stage2_detail_perceptual_v1_step6000/Urban100/img_041/base.png,/home/ubuntu/scratch/sr-diffusion/benchmarks/selfexsr/SelfExSR-master/data/Urban100/image_SRF_4/img_041_SRF_4_HR.png,/home/ubuntu/scratch/sr-diffusion/benchmarks/selfexsr/SelfExSR-master/data/Urban100/image_SRF_4/img_041_SRF_4_LR.png,24.929097569902584,0.8493651408958288,23.45027525712625,0.8336410440789069
Urban100,img_041,detail_v1_latest12000,/home/ubuntu/scratch/sr-diffusion/benchmark_outputs/stage2_detail_perceptual_v1_latest12000/Urban100/img_041/base.png,/home/ubuntu/scratch/sr-diffusion/benchmarks/selfexsr/SelfExSR-master/data/Urban100/image_SRF_4/img_041_SRF_4_HR.png,/home/ubuntu/scratch/sr-diffusion/benchmarks/selfexsr/SelfExSR-master/data/Urban100/image_SRF_4/img_041_SRF_4_LR.png,24.99429776896072,0.8476516958996049,23.513062817925267,0.8330237071517322
Urban100,img_042,bicubic,generated:matlab_bicubic_resize,/home/ubuntu/scratch/sr-diffusion/benchmarks/selfexsr/SelfExSR-master/data/Urban100/image_SRF_4/img_042_SRF_4_HR.png,/home/ubuntu/scratch/sr-diffusion/benchmarks/selfexsr/SelfExSR-master/data/Urban100/image_SRF_4/img_042_SRF_4_LR.png,24.833446070514263,0.7700563414029394,23.511524758637524,0.7541242615940987
Urban100,img_042,dual_best98000,/home/ubuntu/scratch/sr-diffusion/benchmark_outputs/stage2_dual_best98000/Urban100/img_042/base.png,/home/ubuntu/scratch/sr-diffusion/benchmarks/selfexsr/SelfExSR-master/data/Urban100/image_SRF_4/img_042_SRF_4_HR.png,/home/ubuntu/scratch/sr-diffusion/benchmarks/selfexsr/SelfExSR-master/data/Urban100/image_SRF_4/img_042_SRF_4_LR.png,28.440538656532425,0.8774749993567559,27.103758496568165,0.8668935707009616
Urban100,img_042,detail_v1_step6000,/home/ubuntu/scratch/sr-diffusion/benchmark_outputs/stage2_detail_perceptual_v1_step6000/Urban100/img_042/base.png,/home/ubuntu/scratch/sr-diffusion/benchmarks/selfexsr/SelfExSR-master/data/Urban100/image_SRF_4/img_042_SRF_4_HR.png,/home/ubuntu/scratch/sr-diffusion/benchmarks/selfexsr/SelfExSR-master/data/Urban100/image_SRF_4/img_042_SRF_4_LR.png,28.308946342495133,0.8770714523440953,26.973997756430737,0.8665859829286143
Urban100,img_042,detail_v1_latest12000,/home/ubuntu/scratch/sr-diffusion/benchmark_outputs/stage2_detail_perceptual_v1_latest12000/Urban100/img_042/base.png,/home/ubuntu/scratch/sr-diffusion/benchmarks/selfexsr/SelfExSR-master/data/Urban100/image_SRF_4/img_042_SRF_4_HR.png,/home/ubuntu/scratch/sr-diffusion/benchmarks/selfexsr/SelfExSR-master/data/Urban100/image_SRF_4/img_042_SRF_4_LR.png,28.433890987432076,0.8770012180228107,27.102064386812728,0.8665691082006995
Urban100,img_043,bicubic,generated:matlab_bicubic_resize,/home/ubuntu/scratch/sr-diffusion/benchmarks/selfexsr/SelfExSR-master/data/Urban100/image_SRF_4/img_043_SRF_4_HR.png,/home/ubuntu/scratch/sr-diffusion/benchmarks/selfexsr/SelfExSR-master/data/Urban100/image_SRF_4/img_043_SRF_4_LR.png,22.09214145472089,0.7866731227688118,20.8580983774256,0.7546120155027055
Urban100,img_043,dual_best98000,/home/ubuntu/scratch/sr-diffusion/benchmark_outputs/stage2_dual_best98000/Urban100/img_043/base.png,/home/ubuntu/scratch/sr-diffusion/benchmarks/selfexsr/SelfExSR-master/data/Urban100/image_SRF_4/img_043_SRF_4_HR.png,/home/ubuntu/scratch/sr-diffusion/benchmarks/selfexsr/SelfExSR-master/data/Urban100/image_SRF_4/img_043_SRF_4_LR.png,31.54396979804558,0.929821441909029,29.763881429477983,0.9017408753977684
Urban100,img_043,detail_v1_step6000,/home/ubuntu/scratch/sr-diffusion/benchmark_outputs/stage2_detail_perceptual_v1_step6000/Urban100/img_043/base.png,/home/ubuntu/scratch/sr-diffusion/benchmarks/selfexsr/SelfExSR-master/data/Urban100/image_SRF_4/img_043_SRF_4_HR.png,/home/ubuntu/scratch/sr-diffusion/benchmarks/selfexsr/SelfExSR-master/data/Urban100/image_SRF_4/img_043_SRF_4_LR.png,31.459058454321283,0.9298361240170107,29.707618597974452,0.9019394938781162
Urban100,img_043,detail_v1_latest12000,/home/ubuntu/scratch/sr-diffusion/benchmark_outputs/stage2_detail_perceptual_v1_latest12000/Urban100/img_043/base.png,/home/ubuntu/scratch/sr-diffusion/benchmarks/selfexsr/SelfExSR-master/data/Urban100/image_SRF_4/img_043_SRF_4_HR.png,/home/ubuntu/scratch/sr-diffusion/benchmarks/selfexsr/SelfExSR-master/data/Urban100/image_SRF_4/img_043_SRF_4_LR.png,31.487945999880793,0.9296948216686419,29.783367597447242,0.9013867473329418
Urban100,img_044,bicubic,generated:matlab_bicubic_resize,/home/ubuntu/scratch/sr-diffusion/benchmarks/selfexsr/SelfExSR-master/data/Urban100/image_SRF_4/img_044_SRF_4_HR.png,/home/ubuntu/scratch/sr-diffusion/benchmarks/selfexsr/SelfExSR-master/data/Urban100/image_SRF_4/img_044_SRF_4_LR.png,26.91824147945563,0.725331923031809,25.119099097292512,0.6917636583408248
Urban100,img_044,dual_best98000,/home/ubuntu/scratch/sr-diffusion/benchmark_outputs/stage2_dual_best98000/Urban100/img_044/base.png,/home/ubuntu/scratch/sr-diffusion/benchmarks/selfexsr/SelfExSR-master/data/Urban100/image_SRF_4/img_044_SRF_4_HR.png,/home/ubuntu/scratch/sr-diffusion/benchmarks/selfexsr/SelfExSR-master/data/Urban100/image_SRF_4/img_044_SRF_4_LR.png,29.607851875281778,0.8364364786950498,27.907631216163935,0.811239022317006
Urban100,img_044,detail_v1_step6000,/home/ubuntu/scratch/sr-diffusion/benchmark_outputs/stage2_detail_perceptual_v1_step6000/Urban100/img_044/base.png,/home/ubuntu/scratch/sr-diffusion/benchmarks/selfexsr/SelfExSR-master/data/Urban100/image_SRF_4/img_044_SRF_4_HR.png,/home/ubuntu/scratch/sr-diffusion/benchmarks/selfexsr/SelfExSR-master/data/Urban100/image_SRF_4/img_044_SRF_4_LR.png,28.958726416495292,0.8291948773099438,27.3139348139231,0.8049431721748875
Urban100,img_044,detail_v1_latest12000,/home/ubuntu/scratch/sr-diffusion/benchmark_outputs/stage2_detail_perceptual_v1_latest12000/Urban100/img_044/base.png,/home/ubuntu/scratch/sr-diffusion/benchmarks/selfexsr/SelfExSR-master/data/Urban100/image_SRF_4/img_044_SRF_4_HR.png,/home/ubuntu/scratch/sr-diffusion/benchmarks/selfexsr/SelfExSR-master/data/Urban100/image_SRF_4/img_044_SRF_4_LR.png,29.419875592042985,0.8325621367845516,27.741421128299592,0.8077363828031806
Urban100,img_045,bicubic,generated:matlab_bicubic_resize,/home/ubuntu/scratch/sr-diffusion/benchmarks/selfexsr/SelfExSR-master/data/Urban100/image_SRF_4/img_045_SRF_4_HR.png,/home/ubuntu/scratch/sr-diffusion/benchmarks/selfexsr/SelfExSR-master/data/Urban100/image_SRF_4/img_045_SRF_4_LR.png,20.942833540092014,0.5233487106974949,19.62091222821528,0.5020304116095443
Urban100,img_045,dual_best98000,/home/ubuntu/scratch/sr-diffusion/benchmark_outputs/stage2_dual_best98000/Urban100/img_045/base.png,/home/ubuntu/scratch/sr-diffusion/benchmarks/selfexsr/SelfExSR-master/data/Urban100/image_SRF_4/img_045_SRF_4_HR.png,/home/ubuntu/scratch/sr-diffusion/benchmarks/selfexsr/SelfExSR-master/data/Urban100/image_SRF_4/img_045_SRF_4_LR.png,22.79548979774823,0.6495661877292986,21.47679978106499,0.6297588660812244
Urban100,img_045,detail_v1_step6000,/home/ubuntu/scratch/sr-diffusion/benchmark_outputs/stage2_detail_perceptual_v1_step6000/Urban100/img_045/base.png,/home/ubuntu/scratch/sr-diffusion/benchmarks/selfexsr/SelfExSR-master/data/Urban100/image_SRF_4/img_045_SRF_4_HR.png,/home/ubuntu/scratch/sr-diffusion/benchmarks/selfexsr/SelfExSR-master/data/Urban100/image_SRF_4/img_045_SRF_4_LR.png,22.8077339965788,0.6539935117220391,21.48930210390664,0.6346212565023818
Urban100,img_045,detail_v1_latest12000,/home/ubuntu/scratch/sr-diffusion/benchmark_outputs/stage2_detail_perceptual_v1_latest12000/Urban100/img_045/base.png,/home/ubuntu/scratch/sr-diffusion/benchmarks/selfexsr/SelfExSR-master/data/Urban100/image_SRF_4/img_045_SRF_4_HR.png,/home/ubuntu/scratch/sr-diffusion/benchmarks/selfexsr/SelfExSR-master/data/Urban100/image_SRF_4/img_045_SRF_4_LR.png,22.81395527737463,0.6511321707216462,21.493201579117766,0.6316873433919795
Urban100,img_046,bicubic,generated:matlab_bicubic_resize,/home/ubuntu/scratch/sr-diffusion/benchmarks/selfexsr/SelfExSR-master/data/Urban100/image_SRF_4/img_046_SRF_4_HR.png,/home/ubuntu/scratch/sr-diffusion/benchmarks/selfexsr/SelfExSR-master/data/Urban100/image_SRF_4/img_046_SRF_4_LR.png,22.6917189526936,0.676226715727056,21.248513202494657,0.668251983807448
Urban100,img_046,dual_best98000,/home/ubuntu/scratch/sr-diffusion/benchmark_outputs/stage2_dual_best98000/Urban100/img_046/base.png,/home/ubuntu/scratch/sr-diffusion/benchmarks/selfexsr/SelfExSR-master/data/Urban100/image_SRF_4/img_046_SRF_4_HR.png,/home/ubuntu/scratch/sr-diffusion/benchmarks/selfexsr/SelfExSR-master/data/Urban100/image_SRF_4/img_046_SRF_4_LR.png,23.426073066294677,0.743140388920677,21.993649700361605,0.7368908336888625
Urban100,img_046,detail_v1_step6000,/home/ubuntu/scratch/sr-diffusion/benchmark_outputs/stage2_detail_perceptual_v1_step6000/Urban100/img_046/base.png,/home/ubuntu/scratch/sr-diffusion/benchmarks/selfexsr/SelfExSR-master/data/Urban100/image_SRF_4/img_046_SRF_4_HR.png,/home/ubuntu/scratch/sr-diffusion/benchmarks/selfexsr/SelfExSR-master/data/Urban100/image_SRF_4/img_046_SRF_4_LR.png,23.366361200827022,0.7445487010592373,21.92943967700314,0.7382614467378749
Urban100,img_046,detail_v1_latest12000,/home/ubuntu/scratch/sr-diffusion/benchmark_outputs/stage2_detail_perceptual_v1_latest12000/Urban100/img_046/base.png,/home/ubuntu/scratch/sr-diffusion/benchmarks/selfexsr/SelfExSR-master/data/Urban100/image_SRF_4/img_046_SRF_4_HR.png,/home/ubuntu/scratch/sr-diffusion/benchmarks/selfexsr/SelfExSR-master/data/Urban100/image_SRF_4/img_046_SRF_4_LR.png,23.398047309733748,0.743642674640336,21.962786927141167,0.7372723175010462
Urban100,img_047,bicubic,generated:matlab_bicubic_resize,/home/ubuntu/scratch/sr-diffusion/benchmarks/selfexsr/SelfExSR-master/data/Urban100/image_SRF_4/img_047_SRF_4_HR.png,/home/ubuntu/scratch/sr-diffusion/benchmarks/selfexsr/SelfExSR-master/data/Urban100/image_SRF_4/img_047_SRF_4_LR.png,20.007095585686237,0.6283830771696631,18.531197246602172,0.6143848155612385
Urban100,img_047,dual_best98000,/home/ubuntu/scratch/sr-diffusion/benchmark_outputs/stage2_dual_best98000/Urban100/img_047/base.png,/home/ubuntu/scratch/sr-diffusion/benchmarks/selfexsr/SelfExSR-master/data/Urban100/image_SRF_4/img_047_SRF_4_HR.png,/home/ubuntu/scratch/sr-diffusion/benchmarks/selfexsr/SelfExSR-master/data/Urban100/image_SRF_4/img_047_SRF_4_LR.png,21.448711446584298,0.7371164803463799,19.963344080717718,0.7247583311918899
Urban100,img_047,detail_v1_step6000,/home/ubuntu/scratch/sr-diffusion/benchmark_outputs/stage2_detail_perceptual_v1_step6000/Urban100/img_047/base.png,/home/ubuntu/scratch/sr-diffusion/benchmarks/selfexsr/SelfExSR-master/data/Urban100/image_SRF_4/img_047_SRF_4_HR.png,/home/ubuntu/scratch/sr-diffusion/benchmarks/selfexsr/SelfExSR-master/data/Urban100/image_SRF_4/img_047_SRF_4_LR.png,21.448901128094533,0.7439074864905483,19.964786592682135,0.731554156793565
Urban100,img_047,detail_v1_latest12000,/home/ubuntu/scratch/sr-diffusion/benchmark_outputs/stage2_detail_perceptual_v1_latest12000/Urban100/img_047/base.png,/home/ubuntu/scratch/sr-diffusion/benchmarks/selfexsr/SelfExSR-master/data/Urban100/image_SRF_4/img_047_SRF_4_HR.png,/home/ubuntu/scratch/sr-diffusion/benchmarks/selfexsr/SelfExSR-master/data/Urban100/image_SRF_4/img_047_SRF_4_LR.png,21.47624833655856,0.7411558701226972,19.989637404117822,0.7288269207844499
Urban100,img_048,bicubic,generated:matlab_bicubic_resize,/home/ubuntu/scratch/sr-diffusion/benchmarks/selfexsr/SelfExSR-master/data/Urban100/image_SRF_4/img_048_SRF_4_HR.png,/home/ubuntu/scratch/sr-diffusion/benchmarks/selfexsr/SelfExSR-master/data/Urban100/image_SRF_4/img_048_SRF_4_LR.png,18.182879256931443,0.6728650110790243,16.901513469311208,0.6598791606787104
Urban100,img_048,dual_best98000,/home/ubuntu/scratch/sr-diffusion/benchmark_outputs/stage2_dual_best98000/Urban100/img_048/base.png,/home/ubuntu/scratch/sr-diffusion/benchmarks/selfexsr/SelfExSR-master/data/Urban100/image_SRF_4/img_048_SRF_4_HR.png,/home/ubuntu/scratch/sr-diffusion/benchmarks/selfexsr/SelfExSR-master/data/Urban100/image_SRF_4/img_048_SRF_4_LR.png,19.607753325767796,0.786469056942945,18.30859260672481,0.7749146023474781
Urban100,img_048,detail_v1_step6000,/home/ubuntu/scratch/sr-diffusion/benchmark_outputs/stage2_detail_perceptual_v1_step6000/Urban100/img_048/base.png,/home/ubuntu/scratch/sr-diffusion/benchmarks/selfexsr/SelfExSR-master/data/Urban100/image_SRF_4/img_048_SRF_4_HR.png,/home/ubuntu/scratch/sr-diffusion/benchmarks/selfexsr/SelfExSR-master/data/Urban100/image_SRF_4/img_048_SRF_4_LR.png,19.59707818603333,0.7862328784234031,18.296843835300965,0.7749813044096752
Urban100,img_048,detail_v1_latest12000,/home/ubuntu/scratch/sr-diffusion/benchmark_outputs/stage2_detail_perceptual_v1_latest12000/Urban100/img_048/base.png,/home/ubuntu/scratch/sr-diffusion/benchmarks/selfexsr/SelfExSR-master/data/Urban100/image_SRF_4/img_048_SRF_4_HR.png,/home/ubuntu/scratch/sr-diffusion/benchmarks/selfexsr/SelfExSR-master/data/Urban100/image_SRF_4/img_048_SRF_4_LR.png,19.60755392353217,0.785148218854333,18.307223098889388,0.773956482503097
Urban100,img_049,bicubic,generated:matlab_bicubic_resize,/home/ubuntu/scratch/sr-diffusion/benchmarks/selfexsr/SelfExSR-master/data/Urban100/image_SRF_4/img_049_SRF_4_HR.png,/home/ubuntu/scratch/sr-diffusion/benchmarks/selfexsr/SelfExSR-master/data/Urban100/image_SRF_4/img_049_SRF_4_LR.png,20.491151262248792,0.5935690480451038,19.012331275059587,0.5686011087235571
Urban100,img_049,dual_best98000,/home/ubuntu/scratch/sr-diffusion/benchmark_outputs/stage2_dual_best98000/Urban100/img_049/base.png,/home/ubuntu/scratch/sr-diffusion/benchmarks/selfexsr/SelfExSR-master/data/Urban100/image_SRF_4/img_049_SRF_4_HR.png,/home/ubuntu/scratch/sr-diffusion/benchmarks/selfexsr/SelfExSR-master/data/Urban100/image_SRF_4/img_049_SRF_4_LR.png,23.095668078329666,0.7319815686891451,21.561900580493855,0.7110923503479119
Urban100,img_049,detail_v1_step6000,/home/ubuntu/scratch/sr-diffusion/benchmark_outputs/stage2_detail_perceptual_v1_step6000/Urban100/img_049/base.png,/home/ubuntu/scratch/sr-diffusion/benchmarks/selfexsr/SelfExSR-master/data/Urban100/image_SRF_4/img_049_SRF_4_HR.png,/home/ubuntu/scratch/sr-diffusion/benchmarks/selfexsr/SelfExSR-master/data/Urban100/image_SRF_4/img_049_SRF_4_LR.png,23.09487812253735,0.7361123687759427,21.563035136433413,0.714893634353808
Urban100,img_049,detail_v1_latest12000,/home/ubuntu/scratch/sr-diffusion/benchmark_outputs/stage2_detail_perceptual_v1_latest12000/Urban100/img_049/base.png,/home/ubuntu/scratch/sr-diffusion/benchmarks/selfexsr/SelfExSR-master/data/Urban100/image_SRF_4/img_049_SRF_4_HR.png,/home/ubuntu/scratch/sr-diffusion/benchmarks/selfexsr/SelfExSR-master/data/Urban100/image_SRF_4/img_049_SRF_4_LR.png,23.099231751153468,0.7329502720919563,21.566000443141586,0.7118252066900878
Urban100,img_050,bicubic,generated:matlab_bicubic_resize,/home/ubuntu/scratch/sr-diffusion/benchmarks/selfexsr/SelfExSR-master/data/Urban100/image_SRF_4/img_050_SRF_4_HR.png,/home/ubuntu/scratch/sr-diffusion/benchmarks/selfexsr/SelfExSR-master/data/Urban100/image_SRF_4/img_050_SRF_4_LR.png,23.72529140831636,0.6699619756516622,22.305910161572218,0.6516819966792108
Urban100,img_050,dual_best98000,/home/ubuntu/scratch/sr-diffusion/benchmark_outputs/stage2_dual_best98000/Urban100/img_050/base.png,/home/ubuntu/scratch/sr-diffusion/benchmarks/selfexsr/SelfExSR-master/data/Urban100/image_SRF_4/img_050_SRF_4_HR.png,/home/ubuntu/scratch/sr-diffusion/benchmarks/selfexsr/SelfExSR-master/data/Urban100/image_SRF_4/img_050_SRF_4_LR.png,24.94665324655653,0.7532848253107642,23.511764532344568,0.7351555135231974
Urban100,img_050,detail_v1_step6000,/home/ubuntu/scratch/sr-diffusion/benchmark_outputs/stage2_detail_perceptual_v1_step6000/Urban100/img_050/base.png,/home/ubuntu/scratch/sr-diffusion/benchmarks/selfexsr/SelfExSR-master/data/Urban100/image_SRF_4/img_050_SRF_4_HR.png,/home/ubuntu/scratch/sr-diffusion/benchmarks/selfexsr/SelfExSR-master/data/Urban100/image_SRF_4/img_050_SRF_4_LR.png,24.885349339221957,0.7569515834608617,23.45279221793822,0.738352325519935
Urban100,img_050,detail_v1_latest12000,/home/ubuntu/scratch/sr-diffusion/benchmark_outputs/stage2_detail_perceptual_v1_latest12000/Urban100/img_050/base.png,/home/ubuntu/scratch/sr-diffusion/benchmarks/selfexsr/SelfExSR-master/data/Urban100/image_SRF_4/img_050_SRF_4_HR.png,/home/ubuntu/scratch/sr-diffusion/benchmarks/selfexsr/SelfExSR-master/data/Urban100/image_SRF_4/img_050_SRF_4_LR.png,24.9501829046541,0.754313022207958,23.518190474943694,0.7359650338246343
Urban100,img_051,bicubic,generated:matlab_bicubic_resize,/home/ubuntu/scratch/sr-diffusion/benchmarks/selfexsr/SelfExSR-master/data/Urban100/image_SRF_4/img_051_SRF_4_HR.png,/home/ubuntu/scratch/sr-diffusion/benchmarks/selfexsr/SelfExSR-master/data/Urban100/image_SRF_4/img_051_SRF_4_LR.png,24.84742653850928,0.7408279273793514,23.367992046813278,0.7158928348871253
Urban100,img_051,dual_best98000,/home/ubuntu/scratch/sr-diffusion/benchmark_outputs/stage2_dual_best98000/Urban100/img_051/base.png,/home/ubuntu/scratch/sr-diffusion/benchmarks/selfexsr/SelfExSR-master/data/Urban100/image_SRF_4/img_051_SRF_4_HR.png,/home/ubuntu/scratch/sr-diffusion/benchmarks/selfexsr/SelfExSR-master/data/Urban100/image_SRF_4/img_051_SRF_4_LR.png,26.8615879670994,0.8293720588319153,25.349026426281377,0.8071010469122754
Urban100,img_051,detail_v1_step6000,/home/ubuntu/scratch/sr-diffusion/benchmark_outputs/stage2_detail_perceptual_v1_step6000/Urban100/img_051/base.png,/home/ubuntu/scratch/sr-diffusion/benchmarks/selfexsr/SelfExSR-master/data/Urban100/image_SRF_4/img_051_SRF_4_HR.png,/home/ubuntu/scratch/sr-diffusion/benchmarks/selfexsr/SelfExSR-master/data/Urban100/image_SRF_4/img_051_SRF_4_LR.png,26.835049659671885,0.832225857136797,25.32605819148217,0.810155142756679
Urban100,img_051,detail_v1_latest12000,/home/ubuntu/scratch/sr-diffusion/benchmark_outputs/stage2_detail_perceptual_v1_latest12000/Urban100/img_051/base.png,/home/ubuntu/scratch/sr-diffusion/benchmarks/selfexsr/SelfExSR-master/data/Urban100/image_SRF_4/img_051_SRF_4_HR.png,/home/ubuntu/scratch/sr-diffusion/benchmarks/selfexsr/SelfExSR-master/data/Urban100/image_SRF_4/img_051_SRF_4_LR.png,26.87689190061041,0.8313320264262782,25.365200506981825,0.8091023151614899
Urban100,img_052,bicubic,generated:matlab_bicubic_resize,/home/ubuntu/scratch/sr-diffusion/benchmarks/selfexsr/SelfExSR-master/data/Urban100/image_SRF_4/img_052_SRF_4_HR.png,/home/ubuntu/scratch/sr-diffusion/benchmarks/selfexsr/SelfExSR-master/data/Urban100/image_SRF_4/img_052_SRF_4_LR.png,23.785195376147236,0.7401753449221598,22.445042963767087,0.7185802140880594
Urban100,img_052,dual_best98000,/home/ubuntu/scratch/sr-diffusion/benchmark_outputs/stage2_dual_best98000/Urban100/img_052/base.png,/home/ubuntu/scratch/sr-diffusion/benchmarks/selfexsr/SelfExSR-master/data/Urban100/image_SRF_4/img_052_SRF_4_HR.png,/home/ubuntu/scratch/sr-diffusion/benchmarks/selfexsr/SelfExSR-master/data/Urban100/image_SRF_4/img_052_SRF_4_LR.png,28.35067182456122,0.8934347040735877,26.976004102627847,0.878528024716919
Urban100,img_052,detail_v1_step6000,/home/ubuntu/scratch/sr-diffusion/benchmark_outputs/stage2_detail_perceptual_v1_step6000/Urban100/img_052/base.png,/home/ubuntu/scratch/sr-diffusion/benchmarks/selfexsr/SelfExSR-master/data/Urban100/image_SRF_4/img_052_SRF_4_HR.png,/home/ubuntu/scratch/sr-diffusion/benchmarks/selfexsr/SelfExSR-master/data/Urban100/image_SRF_4/img_052_SRF_4_LR.png,28.164231308674562,0.8924630048171245,26.787738652582274,0.8774482492495631
Urban100,img_052,detail_v1_latest12000,/home/ubuntu/scratch/sr-diffusion/benchmark_outputs/stage2_detail_perceptual_v1_latest12000/Urban100/img_052/base.png,/home/ubuntu/scratch/sr-diffusion/benchmarks/selfexsr/SelfExSR-master/data/Urban100/image_SRF_4/img_052_SRF_4_HR.png,/home/ubuntu/scratch/sr-diffusion/benchmarks/selfexsr/SelfExSR-master/data/Urban100/image_SRF_4/img_052_SRF_4_LR.png,28.25607068781361,0.8927439603911558,26.88128217194308,0.8777377123939395
Urban100,img_053,bicubic,generated:matlab_bicubic_resize,/home/ubuntu/scratch/sr-diffusion/benchmarks/selfexsr/SelfExSR-master/data/Urban100/image_SRF_4/img_053_SRF_4_HR.png,/home/ubuntu/scratch/sr-diffusion/benchmarks/selfexsr/SelfExSR-master/data/Urban100/image_SRF_4/img_053_SRF_4_LR.png,20.27552170517115,0.5916167372659874,18.948100146673607,0.5738004048373174
Urban100,img_053,dual_best98000,/home/ubuntu/scratch/sr-diffusion/benchmark_outputs/stage2_dual_best98000/Urban100/img_053/base.png,/home/ubuntu/scratch/sr-diffusion/benchmarks/selfexsr/SelfExSR-master/data/Urban100/image_SRF_4/img_053_SRF_4_HR.png,/home/ubuntu/scratch/sr-diffusion/benchmarks/selfexsr/SelfExSR-master/data/Urban100/image_SRF_4/img_053_SRF_4_LR.png,22.171922129509753,0.7140370529758097,20.831764188830384,0.6995903555270763
Urban100,img_053,detail_v1_step6000,/home/ubuntu/scratch/sr-diffusion/benchmark_outputs/stage2_detail_perceptual_v1_step6000/Urban100/img_053/base.png,/home/ubuntu/scratch/sr-diffusion/benchmarks/selfexsr/SelfExSR-master/data/Urban100/image_SRF_4/img_053_SRF_4_HR.png,/home/ubuntu/scratch/sr-diffusion/benchmarks/selfexsr/SelfExSR-master/data/Urban100/image_SRF_4/img_053_SRF_4_LR.png,22.170734494639284,0.7198050458194547,20.8304304540648,0.7056144843804998
Urban100,img_053,detail_v1_latest12000,/home/ubuntu/scratch/sr-diffusion/benchmark_outputs/stage2_detail_perceptual_v1_latest12000/Urban100/img_053/base.png,/home/ubuntu/scratch/sr-diffusion/benchmarks/selfexsr/SelfExSR-master/data/Urban100/image_SRF_4/img_053_SRF_4_HR.png,/home/ubuntu/scratch/sr-diffusion/benchmarks/selfexsr/SelfExSR-master/data/Urban100/image_SRF_4/img_053_SRF_4_LR.png,22.206557887235387,0.7181464684213982,20.866738252967373,0.7039160822544298
Urban100,img_054,bicubic,generated:matlab_bicubic_resize,/home/ubuntu/scratch/sr-diffusion/benchmarks/selfexsr/SelfExSR-master/data/Urban100/image_SRF_4/img_054_SRF_4_HR.png,/home/ubuntu/scratch/sr-diffusion/benchmarks/selfexsr/SelfExSR-master/data/Urban100/image_SRF_4/img_054_SRF_4_LR.png,19.9679984484084,0.5294832020168456,18.462318399415004,0.5077649767009186
Urban100,img_054,dual_best98000,/home/ubuntu/scratch/sr-diffusion/benchmark_outputs/stage2_dual_best98000/Urban100/img_054/base.png,/home/ubuntu/scratch/sr-diffusion/benchmarks/selfexsr/SelfExSR-master/data/Urban100/image_SRF_4/img_054_SRF_4_HR.png,/home/ubuntu/scratch/sr-diffusion/benchmarks/selfexsr/SelfExSR-master/data/Urban100/image_SRF_4/img_054_SRF_4_LR.png,20.91670618400491,0.6352928711825812,19.43472578157457,0.6159509989511283
Urban100,img_054,detail_v1_step6000,/home/ubuntu/scratch/sr-diffusion/benchmark_outputs/stage2_detail_perceptual_v1_step6000/Urban100/img_054/base.png,/home/ubuntu/scratch/sr-diffusion/benchmarks/selfexsr/SelfExSR-master/data/Urban100/image_SRF_4/img_054_SRF_4_HR.png,/home/ubuntu/scratch/sr-diffusion/benchmarks/selfexsr/SelfExSR-master/data/Urban100/image_SRF_4/img_054_SRF_4_LR.png,20.864305424200232,0.6398905265314754,19.387670048780286,0.6210306019499918
Urban100,img_054,detail_v1_latest12000,/home/ubuntu/scratch/sr-diffusion/benchmark_outputs/stage2_detail_perceptual_v1_latest12000/Urban100/img_054/base.png,/home/ubuntu/scratch/sr-diffusion/benchmarks/selfexsr/SelfExSR-master/data/Urban100/image_SRF_4/img_054_SRF_4_HR.png,/home/ubuntu/scratch/sr-diffusion/benchmarks/selfexsr/SelfExSR-master/data/Urban100/image_SRF_4/img_054_SRF_4_LR.png,20.884409165278814,0.6357733070262341,19.406044633446882,0.6166455690980656
Urban100,img_055,bicubic,generated:matlab_bicubic_resize,/home/ubuntu/scratch/sr-diffusion/benchmarks/selfexsr/SelfExSR-master/data/Urban100/image_SRF_4/img_055_SRF_4_HR.png,/home/ubuntu/scratch/sr-diffusion/benchmarks/selfexsr/SelfExSR-master/data/Urban100/image_SRF_4/img_055_SRF_4_LR.png,25.068140830626966,0.7840401628465447,23.25238087418668,0.745199953423127
Urban100,img_055,dual_best98000,/home/ubuntu/scratch/sr-diffusion/benchmark_outputs/stage2_dual_best98000/Urban100/img_055/base.png,/home/ubuntu/scratch/sr-diffusion/benchmarks/selfexsr/SelfExSR-master/data/Urban100/image_SRF_4/img_055_SRF_4_HR.png,/home/ubuntu/scratch/sr-diffusion/benchmarks/selfexsr/SelfExSR-master/data/Urban100/image_SRF_4/img_055_SRF_4_LR.png,31.84168539223191,0.9390057748166705,29.8926081817268,0.9037856239349932
Urban100,img_055,detail_v1_step6000,/home/ubuntu/scratch/sr-diffusion/benchmark_outputs/stage2_detail_perceptual_v1_step6000/Urban100/img_055/base.png,/home/ubuntu/scratch/sr-diffusion/benchmarks/selfexsr/SelfExSR-master/data/Urban100/image_SRF_4/img_055_SRF_4_HR.png,/home/ubuntu/scratch/sr-diffusion/benchmarks/selfexsr/SelfExSR-master/data/Urban100/image_SRF_4/img_055_SRF_4_LR.png,31.516896766172373,0.9372199230606553,29.622157197288015,0.901853274010176
Urban100,img_055,detail_v1_latest12000,/home/ubuntu/scratch/sr-diffusion/benchmark_outputs/stage2_detail_perceptual_v1_latest12000/Urban100/img_055/base.png,/home/ubuntu/scratch/sr-diffusion/benchmarks/selfexsr/SelfExSR-master/data/Urban100/image_SRF_4/img_055_SRF_4_HR.png,/home/ubuntu/scratch/sr-diffusion/benchmarks/selfexsr/SelfExSR-master/data/Urban100/image_SRF_4/img_055_SRF_4_LR.png,31.895442863344094,0.9397802625531141,29.984000822912748,0.9045844421743411
Urban100,img_056,bicubic,generated:matlab_bicubic_resize,/home/ubuntu/scratch/sr-diffusion/benchmarks/selfexsr/SelfExSR-master/data/Urban100/image_SRF_4/img_056_SRF_4_HR.png,/home/ubuntu/scratch/sr-diffusion/benchmarks/selfexsr/SelfExSR-master/data/Urban100/image_SRF_4/img_056_SRF_4_LR.png,22.174241841591886,0.6261250186854361,20.839418622425082,0.6029252339850175
Urban100,img_056,dual_best98000,/home/ubuntu/scratch/sr-diffusion/benchmark_outputs/stage2_dual_best98000/Urban100/img_056/base.png,/home/ubuntu/scratch/sr-diffusion/benchmarks/selfexsr/SelfExSR-master/data/Urban100/image_SRF_4/img_056_SRF_4_HR.png,/home/ubuntu/scratch/sr-diffusion/benchmarks/selfexsr/SelfExSR-master/data/Urban100/image_SRF_4/img_056_SRF_4_LR.png,24.570987475676105,0.7630459195514545,23.199562609928776,0.744049770924475
Urban100,img_056,detail_v1_step6000,/home/ubuntu/scratch/sr-diffusion/benchmark_outputs/stage2_detail_perceptual_v1_step6000/Urban100/img_056/base.png,/home/ubuntu/scratch/sr-diffusion/benchmarks/selfexsr/SelfExSR-master/data/Urban100/image_SRF_4/img_056_SRF_4_HR.png,/home/ubuntu/scratch/sr-diffusion/benchmarks/selfexsr/SelfExSR-master/data/Urban100/image_SRF_4/img_056_SRF_4_LR.png,24.54275891640986,0.7664409724287427,23.171102803075843,0.7475272278489814
Urban100,img_056,detail_v1_latest12000,/home/ubuntu/scratch/sr-diffusion/benchmark_outputs/stage2_detail_perceptual_v1_latest12000/Urban100/img_056/base.png,/home/ubuntu/scratch/sr-diffusion/benchmarks/selfexsr/SelfExSR-master/data/Urban100/image_SRF_4/img_056_SRF_4_HR.png,/home/ubuntu/scratch/sr-diffusion/benchmarks/selfexsr/SelfExSR-master/data/Urban100/image_SRF_4/img_056_SRF_4_LR.png,24.582500031045072,0.7662335472304002,23.209632463976636,0.7472267948831196
Urban100,img_057,bicubic,generated:matlab_bicubic_resize,/home/ubuntu/scratch/sr-diffusion/benchmarks/selfexsr/SelfExSR-master/data/Urban100/image_SRF_4/img_057_SRF_4_HR.png,/home/ubuntu/scratch/sr-diffusion/benchmarks/selfexsr/SelfExSR-master/data/Urban100/image_SRF_4/img_057_SRF_4_LR.png,26.145526808060247,0.794574110439895,24.76279223334525,0.7698670534147487
Urban100,img_057,dual_best98000,/home/ubuntu/scratch/sr-diffusion/benchmark_outputs/stage2_dual_best98000/Urban100/img_057/base.png,/home/ubuntu/scratch/sr-diffusion/benchmarks/selfexsr/SelfExSR-master/data/Urban100/image_SRF_4/img_057_SRF_4_HR.png,/home/ubuntu/scratch/sr-diffusion/benchmarks/selfexsr/SelfExSR-master/data/Urban100/image_SRF_4/img_057_SRF_4_LR.png,30.198812645426983,0.8821707468037409,28.76607561190066,0.8630379144535625
Urban100,img_057,detail_v1_step6000,/home/ubuntu/scratch/sr-diffusion/benchmark_outputs/stage2_detail_perceptual_v1_step6000/Urban100/img_057/base.png,/home/ubuntu/scratch/sr-diffusion/benchmarks/selfexsr/SelfExSR-master/data/Urban100/image_SRF_4/img_057_SRF_4_HR.png,/home/ubuntu/scratch/sr-diffusion/benchmarks/selfexsr/SelfExSR-master/data/Urban100/image_SRF_4/img_057_SRF_4_LR.png,30.27934027466476,0.8841545467920866,28.848134854194814,0.8653173912420447
Urban100,img_057,detail_v1_latest12000,/home/ubuntu/scratch/sr-diffusion/benchmark_outputs/stage2_detail_perceptual_v1_latest12000/Urban100/img_057/base.png,/home/ubuntu/scratch/sr-diffusion/benchmarks/selfexsr/SelfExSR-master/data/Urban100/image_SRF_4/img_057_SRF_4_HR.png,/home/ubuntu/scratch/sr-diffusion/benchmarks/selfexsr/SelfExSR-master/data/Urban100/image_SRF_4/img_057_SRF_4_LR.png,30.24706965959688,0.8827277685441441,28.82002134195976,0.8636901878747554
Urban100,img_058,bicubic,generated:matlab_bicubic_resize,/home/ubuntu/scratch/sr-diffusion/benchmarks/selfexsr/SelfExSR-master/data/Urban100/image_SRF_4/img_058_SRF_4_HR.png,/home/ubuntu/scratch/sr-diffusion/benchmarks/selfexsr/SelfExSR-master/data/Urban100/image_SRF_4/img_058_SRF_4_LR.png,22.335133607483645,0.715923789681161,20.924090155138636,0.6951134906191685
Urban100,img_058,dual_best98000,/home/ubuntu/scratch/sr-diffusion/benchmark_outputs/stage2_dual_best98000/Urban100/img_058/base.png,/home/ubuntu/scratch/sr-diffusion/benchmarks/selfexsr/SelfExSR-master/data/Urban100/image_SRF_4/img_058_SRF_4_HR.png,/home/ubuntu/scratch/sr-diffusion/benchmarks/selfexsr/SelfExSR-master/data/Urban100/image_SRF_4/img_058_SRF_4_LR.png,25.023067239928846,0.8274947974833248,23.565190490258004,0.8132379978406249
Urban100,img_058,detail_v1_step6000,/home/ubuntu/scratch/sr-diffusion/benchmark_outputs/stage2_detail_perceptual_v1_step6000/Urban100/img_058/base.png,/home/ubuntu/scratch/sr-diffusion/benchmarks/selfexsr/SelfExSR-master/data/Urban100/image_SRF_4/img_058_SRF_4_HR.png,/home/ubuntu/scratch/sr-diffusion/benchmarks/selfexsr/SelfExSR-master/data/Urban100/image_SRF_4/img_058_SRF_4_LR.png,25.060964941069305,0.833044124940079,23.609559011123345,0.8194995342849195
Urban100,img_058,detail_v1_latest12000,/home/ubuntu/scratch/sr-diffusion/benchmark_outputs/stage2_detail_perceptual_v1_latest12000/Urban100/img_058/base.png,/home/ubuntu/scratch/sr-diffusion/benchmarks/selfexsr/SelfExSR-master/data/Urban100/image_SRF_4/img_058_SRF_4_HR.png,/home/ubuntu/scratch/sr-diffusion/benchmarks/selfexsr/SelfExSR-master/data/Urban100/image_SRF_4/img_058_SRF_4_LR.png,25.06782502196382,0.830972031108547,23.61238158120573,0.8172459455820752
Urban100,img_059,bicubic,generated:matlab_bicubic_resize,/home/ubuntu/scratch/sr-diffusion/benchmarks/selfexsr/SelfExSR-master/data/Urban100/image_SRF_4/img_059_SRF_4_HR.png,/home/ubuntu/scratch/sr-diffusion/benchmarks/selfexsr/SelfExSR-master/data/Urban100/image_SRF_4/img_059_SRF_4_LR.png,20.449160975430836,0.6559406586703311,19.04378153774288,0.6338896868023464
Urban100,img_059,dual_best98000,/home/ubuntu/scratch/sr-diffusion/benchmark_outputs/stage2_dual_best98000/Urban100/img_059/base.png,/home/ubuntu/scratch/sr-diffusion/benchmarks/selfexsr/SelfExSR-master/data/Urban100/image_SRF_4/img_059_SRF_4_HR.png,/home/ubuntu/scratch/sr-diffusion/benchmarks/selfexsr/SelfExSR-master/data/Urban100/image_SRF_4/img_059_SRF_4_LR.png,21.402802786883647,0.7335683861612923,20.021910966616787,0.7148635904981017
Urban100,img_059,detail_v1_step6000,/home/ubuntu/scratch/sr-diffusion/benchmark_outputs/stage2_detail_perceptual_v1_step6000/Urban100/img_059/base.png,/home/ubuntu/scratch/sr-diffusion/benchmarks/selfexsr/SelfExSR-master/data/Urban100/image_SRF_4/img_059_SRF_4_HR.png,/home/ubuntu/scratch/sr-diffusion/benchmarks/selfexsr/SelfExSR-master/data/Urban100/image_SRF_4/img_059_SRF_4_LR.png,21.415008398289757,0.7347546377717356,20.03499923891889,0.7161624100557636
Urban100,img_059,detail_v1_latest12000,/home/ubuntu/scratch/sr-diffusion/benchmark_outputs/stage2_detail_perceptual_v1_latest12000/Urban100/img_059/base.png,/home/ubuntu/scratch/sr-diffusion/benchmarks/selfexsr/SelfExSR-master/data/Urban100/image_SRF_4/img_059_SRF_4_HR.png,/home/ubuntu/scratch/sr-diffusion/benchmarks/selfexsr/SelfExSR-master/data/Urban100/image_SRF_4/img_059_SRF_4_LR.png,21.42599885058289,0.7328632964660553,20.04300705869676,0.7141080165145456
Urban100,img_060,bicubic,generated:matlab_bicubic_resize,/home/ubuntu/scratch/sr-diffusion/benchmarks/selfexsr/SelfExSR-master/data/Urban100/image_SRF_4/img_060_SRF_4_HR.png,/home/ubuntu/scratch/sr-diffusion/benchmarks/selfexsr/SelfExSR-master/data/Urban100/image_SRF_4/img_060_SRF_4_LR.png,21.094933614459986,0.44162461676640524,19.646111926582286,0.42211323001803835
Urban100,img_060,dual_best98000,/home/ubuntu/scratch/sr-diffusion/benchmark_outputs/stage2_dual_best98000/Urban100/img_060/base.png,/home/ubuntu/scratch/sr-diffusion/benchmarks/selfexsr/SelfExSR-master/data/Urban100/image_SRF_4/img_060_SRF_4_HR.png,/home/ubuntu/scratch/sr-diffusion/benchmarks/selfexsr/SelfExSR-master/data/Urban100/image_SRF_4/img_060_SRF_4_LR.png,22.36086724709456,0.5563995202263194,20.964020891781946,0.5390289079355747
Urban100,img_060,detail_v1_step6000,/home/ubuntu/scratch/sr-diffusion/benchmark_outputs/stage2_detail_perceptual_v1_step6000/Urban100/img_060/base.png,/home/ubuntu/scratch/sr-diffusion/benchmarks/selfexsr/SelfExSR-master/data/Urban100/image_SRF_4/img_060_SRF_4_HR.png,/home/ubuntu/scratch/sr-diffusion/benchmarks/selfexsr/SelfExSR-master/data/Urban100/image_SRF_4/img_060_SRF_4_LR.png,22.312962511546456,0.5594748209464436,20.916099441569614,0.5418299908736947
Urban100,img_060,detail_v1_latest12000,/home/ubuntu/scratch/sr-diffusion/benchmark_outputs/stage2_detail_perceptual_v1_latest12000/Urban100/img_060/base.png,/home/ubuntu/scratch/sr-diffusion/benchmarks/selfexsr/SelfExSR-master/data/Urban100/image_SRF_4/img_060_SRF_4_HR.png,/home/ubuntu/scratch/sr-diffusion/benchmarks/selfexsr/SelfExSR-master/data/Urban100/image_SRF_4/img_060_SRF_4_LR.png,22.359786451255484,0.5582008264926721,20.964077555030478,0.5405478505851079
Urban100,img_061,bicubic,generated:matlab_bicubic_resize,/home/ubuntu/scratch/sr-diffusion/benchmarks/selfexsr/SelfExSR-master/data/Urban100/image_SRF_4/img_061_SRF_4_HR.png,/home/ubuntu/scratch/sr-diffusion/benchmarks/selfexsr/SelfExSR-master/data/Urban100/image_SRF_4/img_061_SRF_4_LR.png,22.90211902548743,0.6254687414841348,21.388877699761313,0.6068448148202013
Urban100,img_061,dual_best98000,/home/ubuntu/scratch/sr-diffusion/benchmark_outputs/stage2_dual_best98000/Urban100/img_061/base.png,/home/ubuntu/scratch/sr-diffusion/benchmarks/selfexsr/SelfExSR-master/data/Urban100/image_SRF_4/img_061_SRF_4_HR.png,/home/ubuntu/scratch/sr-diffusion/benchmarks/selfexsr/SelfExSR-master/data/Urban100/image_SRF_4/img_061_SRF_4_LR.png,24.257671603567825,0.7343585009284709,22.67257624867037,0.7161961046357365
Urban100,img_061,detail_v1_step6000,/home/ubuntu/scratch/sr-diffusion/benchmark_outputs/stage2_detail_perceptual_v1_step6000/Urban100/img_061/base.png,/home/ubuntu/scratch/sr-diffusion/benchmarks/selfexsr/SelfExSR-master/data/Urban100/image_SRF_4/img_061_SRF_4_HR.png,/home/ubuntu/scratch/sr-diffusion/benchmarks/selfexsr/SelfExSR-master/data/Urban100/image_SRF_4/img_061_SRF_4_LR.png,24.160885026840496,0.7377849455482358,22.574736541748045,0.7188129308948682
Urban100,img_061,detail_v1_latest12000,/home/ubuntu/scratch/sr-diffusion/benchmark_outputs/stage2_detail_perceptual_v1_latest12000/Urban100/img_061/base.png,/home/ubuntu/scratch/sr-diffusion/benchmarks/selfexsr/SelfExSR-master/data/Urban100/image_SRF_4/img_061_SRF_4_HR.png,/home/ubuntu/scratch/sr-diffusion/benchmarks/selfexsr/SelfExSR-master/data/Urban100/image_SRF_4/img_061_SRF_4_LR.png,24.194048490476867,0.7357763435809161,22.610322989030497,0.7173064084580955
Urban100,img_062,bicubic,generated:matlab_bicubic_resize,/home/ubuntu/scratch/sr-diffusion/benchmarks/selfexsr/SelfExSR-master/data/Urban100/image_SRF_4/img_062_SRF_4_HR.png,/home/ubuntu/scratch/sr-diffusion/benchmarks/selfexsr/SelfExSR-master/data/Urban100/image_SRF_4/img_062_SRF_4_LR.png,19.8606624401761,0.6458850221229868,18.431772770315842,0.624203593745086
Urban100,img_062,dual_best98000,/home/ubuntu/scratch/sr-diffusion/benchmark_outputs/stage2_dual_best98000/Urban100/img_062/base.png,/home/ubuntu/scratch/sr-diffusion/benchmarks/selfexsr/SelfExSR-master/data/Urban100/image_SRF_4/img_062_SRF_4_HR.png,/home/ubuntu/scratch/sr-diffusion/benchmarks/selfexsr/SelfExSR-master/data/Urban100/image_SRF_4/img_062_SRF_4_LR.png,20.909679037683127,0.7700797848379379,19.489797514891336,0.7482312556424041
Urban100,img_062,detail_v1_step6000,/home/ubuntu/scratch/sr-diffusion/benchmark_outputs/stage2_detail_perceptual_v1_step6000/Urban100/img_062/base.png,/home/ubuntu/scratch/sr-diffusion/benchmarks/selfexsr/SelfExSR-master/data/Urban100/image_SRF_4/img_062_SRF_4_HR.png,/home/ubuntu/scratch/sr-diffusion/benchmarks/selfexsr/SelfExSR-master/data/Urban100/image_SRF_4/img_062_SRF_4_LR.png,20.946745269940426,0.7709857958087626,19.525840059867623,0.7477808852300899
Urban100,img_062,detail_v1_latest12000,/home/ubuntu/scratch/sr-diffusion/benchmark_outputs/stage2_detail_perceptual_v1_latest12000/Urban100/img_062/base.png,/home/ubuntu/scratch/sr-diffusion/benchmarks/selfexsr/SelfExSR-master/data/Urban100/image_SRF_4/img_062_SRF_4_HR.png,/home/ubuntu/scratch/sr-diffusion/benchmarks/selfexsr/SelfExSR-master/data/Urban100/image_SRF_4/img_062_SRF_4_LR.png,20.94577525810747,0.7703313954076847,19.526871036119353,0.7469588911786972
Urban100,img_063,bicubic,generated:matlab_bicubic_resize,/home/ubuntu/scratch/sr-diffusion/benchmarks/selfexsr/SelfExSR-master/data/Urban100/image_SRF_4/img_063_SRF_4_HR.png,/home/ubuntu/scratch/sr-diffusion/benchmarks/selfexsr/SelfExSR-master/data/Urban100/image_SRF_4/img_063_SRF_4_LR.png,17.954628605229544,0.43123074051208443,16.747532272380383,0.3862504228612314
Urban100,img_063,dual_best98000,/home/ubuntu/scratch/sr-diffusion/benchmark_outputs/stage2_dual_best98000/Urban100/img_063/base.png,/home/ubuntu/scratch/sr-diffusion/benchmarks/selfexsr/SelfExSR-master/data/Urban100/image_SRF_4/img_063_SRF_4_HR.png,/home/ubuntu/scratch/sr-diffusion/benchmarks/selfexsr/SelfExSR-master/data/Urban100/image_SRF_4/img_063_SRF_4_LR.png,21.856965695560177,0.6006780941854506,20.512819748985606,0.5576607331030106
Urban100,img_063,detail_v1_step6000,/home/ubuntu/scratch/sr-diffusion/benchmark_outputs/stage2_detail_perceptual_v1_step6000/Urban100/img_063/base.png,/home/ubuntu/scratch/sr-diffusion/benchmarks/selfexsr/SelfExSR-master/data/Urban100/image_SRF_4/img_063_SRF_4_HR.png,/home/ubuntu/scratch/sr-diffusion/benchmarks/selfexsr/SelfExSR-master/data/Urban100/image_SRF_4/img_063_SRF_4_LR.png,21.861496100121407,0.6038529131064618,20.5128020988736,0.56119485717758
Urban100,img_063,detail_v1_latest12000,/home/ubuntu/scratch/sr-diffusion/benchmark_outputs/stage2_detail_perceptual_v1_latest12000/Urban100/img_063/base.png,/home/ubuntu/scratch/sr-diffusion/benchmarks/selfexsr/SelfExSR-master/data/Urban100/image_SRF_4/img_063_SRF_4_HR.png,/home/ubuntu/scratch/sr-diffusion/benchmarks/selfexsr/SelfExSR-master/data/Urban100/image_SRF_4/img_063_SRF_4_LR.png,21.845492458204863,0.6027087885025635,20.49960808979958,0.5598313350337353
Urban100,img_064,bicubic,generated:matlab_bicubic_resize,/home/ubuntu/scratch/sr-diffusion/benchmarks/selfexsr/SelfExSR-master/data/Urban100/image_SRF_4/img_064_SRF_4_HR.png,/home/ubuntu/scratch/sr-diffusion/benchmarks/selfexsr/SelfExSR-master/data/Urban100/image_SRF_4/img_064_SRF_4_LR.png,24.911751884280868,0.7029744157187847,23.597111586733543,0.6828821297683958
Urban100,img_064,dual_best98000,/home/ubuntu/scratch/sr-diffusion/benchmark_outputs/stage2_dual_best98000/Urban100/img_064/base.png,/home/ubuntu/scratch/sr-diffusion/benchmarks/selfexsr/SelfExSR-master/data/Urban100/image_SRF_4/img_064_SRF_4_HR.png,/home/ubuntu/scratch/sr-diffusion/benchmarks/selfexsr/SelfExSR-master/data/Urban100/image_SRF_4/img_064_SRF_4_LR.png,26.227575293992132,0.7681138524551054,24.869199332999305,0.7503451170683858
Urban100,img_064,detail_v1_step6000,/home/ubuntu/scratch/sr-diffusion/benchmark_outputs/stage2_detail_perceptual_v1_step6000/Urban100/img_064/base.png,/home/ubuntu/scratch/sr-diffusion/benchmarks/selfexsr/SelfExSR-master/data/Urban100/image_SRF_4/img_064_SRF_4_HR.png,/home/ubuntu/scratch/sr-diffusion/benchmarks/selfexsr/SelfExSR-master/data/Urban100/image_SRF_4/img_064_SRF_4_LR.png,26.212535602031938,0.7715263092854542,24.84929152341952,0.7538659396029471
Urban100,img_064,detail_v1_latest12000,/home/ubuntu/scratch/sr-diffusion/benchmark_outputs/stage2_detail_perceptual_v1_latest12000/Urban100/img_064/base.png,/home/ubuntu/scratch/sr-diffusion/benchmarks/selfexsr/SelfExSR-master/data/Urban100/image_SRF_4/img_064_SRF_4_HR.png,/home/ubuntu/scratch/sr-diffusion/benchmarks/selfexsr/SelfExSR-master/data/Urban100/image_SRF_4/img_064_SRF_4_LR.png,26.24822097169682,0.7698543613043812,24.886857675241597,0.7521132504000425
Urban100,img_065,bicubic,generated:matlab_bicubic_resize,/home/ubuntu/scratch/sr-diffusion/benchmarks/selfexsr/SelfExSR-master/data/Urban100/image_SRF_4/img_065_SRF_4_HR.png,/home/ubuntu/scratch/sr-diffusion/benchmarks/selfexsr/SelfExSR-master/data/Urban100/image_SRF_4/img_065_SRF_4_LR.png,23.92499605826941,0.6100779728996248,22.26002238285279,0.5861429211045038
Urban100,img_065,dual_best98000,/home/ubuntu/scratch/sr-diffusion/benchmark_outputs/stage2_dual_best98000/Urban100/img_065/base.png,/home/ubuntu/scratch/sr-diffusion/benchmarks/selfexsr/SelfExSR-master/data/Urban100/image_SRF_4/img_065_SRF_4_HR.png,/home/ubuntu/scratch/sr-diffusion/benchmarks/selfexsr/SelfExSR-master/data/Urban100/image_SRF_4/img_065_SRF_4_LR.png,25.207499897016163,0.7051781845535158,23.53492951824114,0.6839970111686373
Urban100,img_065,detail_v1_step6000,/home/ubuntu/scratch/sr-diffusion/benchmark_outputs/stage2_detail_perceptual_v1_step6000/Urban100/img_065/base.png,/home/ubuntu/scratch/sr-diffusion/benchmarks/selfexsr/SelfExSR-master/data/Urban100/image_SRF_4/img_065_SRF_4_HR.png,/home/ubuntu/scratch/sr-diffusion/benchmarks/selfexsr/SelfExSR-master/data/Urban100/image_SRF_4/img_065_SRF_4_LR.png,25.141565728059014,0.7074627123920814,23.463494115168846,0.6868848405814699
Urban100,img_065,detail_v1_latest12000,/home/ubuntu/scratch/sr-diffusion/benchmark_outputs/stage2_detail_perceptual_v1_latest12000/Urban100/img_065/base.png,/home/ubuntu/scratch/sr-diffusion/benchmarks/selfexsr/SelfExSR-master/data/Urban100/image_SRF_4/img_065_SRF_4_HR.png,/home/ubuntu/scratch/sr-diffusion/benchmarks/selfexsr/SelfExSR-master/data/Urban100/image_SRF_4/img_065_SRF_4_LR.png,25.1928165128427,0.707357702903086,23.518701483584618,0.6863904670709781
Urban100,img_066,bicubic,generated:matlab_bicubic_resize,/home/ubuntu/scratch/sr-diffusion/benchmarks/selfexsr/SelfExSR-master/data/Urban100/image_SRF_4/img_066_SRF_4_HR.png,/home/ubuntu/scratch/sr-diffusion/benchmarks/selfexsr/SelfExSR-master/data/Urban100/image_SRF_4/img_066_SRF_4_LR.png,21.337516884349167,0.5568841163810392,20.014394519723876,0.5298076075752408
Urban100,img_066,dual_best98000,/home/ubuntu/scratch/sr-diffusion/benchmark_outputs/stage2_dual_best98000/Urban100/img_066/base.png,/home/ubuntu/scratch/sr-diffusion/benchmarks/selfexsr/SelfExSR-master/data/Urban100/image_SRF_4/img_066_SRF_4_HR.png,/home/ubuntu/scratch/sr-diffusion/benchmarks/selfexsr/SelfExSR-master/data/Urban100/image_SRF_4/img_066_SRF_4_LR.png,22.201003742258717,0.6350873982258819,20.874958112466064,0.6116798897271649
Urban100,img_066,detail_v1_step6000,/home/ubuntu/scratch/sr-diffusion/benchmark_outputs/stage2_detail_perceptual_v1_step6000/Urban100/img_066/base.png,/home/ubuntu/scratch/sr-diffusion/benchmarks/selfexsr/SelfExSR-master/data/Urban100/image_SRF_4/img_066_SRF_4_HR.png,/home/ubuntu/scratch/sr-diffusion/benchmarks/selfexsr/SelfExSR-master/data/Urban100/image_SRF_4/img_066_SRF_4_LR.png,22.204508809038664,0.6407510863399868,20.877842032879393,0.6177339413665462
Urban100,img_066,detail_v1_latest12000,/home/ubuntu/scratch/sr-diffusion/benchmark_outputs/stage2_detail_perceptual_v1_latest12000/Urban100/img_066/base.png,/home/ubuntu/scratch/sr-diffusion/benchmarks/selfexsr/SelfExSR-master/data/Urban100/image_SRF_4/img_066_SRF_4_HR.png,/home/ubuntu/scratch/sr-diffusion/benchmarks/selfexsr/SelfExSR-master/data/Urban100/image_SRF_4/img_066_SRF_4_LR.png,22.20061194858919,0.637971317335624,20.87449001991819,0.6147315785713046
Urban100,img_067,bicubic,generated:matlab_bicubic_resize,/home/ubuntu/scratch/sr-diffusion/benchmarks/selfexsr/SelfExSR-master/data/Urban100/image_SRF_4/img_067_SRF_4_HR.png,/home/ubuntu/scratch/sr-diffusion/benchmarks/selfexsr/SelfExSR-master/data/Urban100/image_SRF_4/img_067_SRF_4_LR.png,16.962489608668506,0.7029382744368726,15.483680219744985,0.6748043606725272
Urban100,img_067,dual_best98000,/home/ubuntu/scratch/sr-diffusion/benchmark_outputs/stage2_dual_best98000/Urban100/img_067/base.png,/home/ubuntu/scratch/sr-diffusion/benchmarks/selfexsr/SelfExSR-master/data/Urban100/image_SRF_4/img_067_SRF_4_HR.png,/home/ubuntu/scratch/sr-diffusion/benchmarks/selfexsr/SelfExSR-master/data/Urban100/image_SRF_4/img_067_SRF_4_LR.png,18.67111801702042,0.8467784828652365,17.24069869605553,0.8206897838519308
Urban100,img_067,detail_v1_step6000,/home/ubuntu/scratch/sr-diffusion/benchmark_outputs/stage2_detail_perceptual_v1_step6000/Urban100/img_067/base.png,/home/ubuntu/scratch/sr-diffusion/benchmarks/selfexsr/SelfExSR-master/data/Urban100/image_SRF_4/img_067_SRF_4_HR.png,/home/ubuntu/scratch/sr-diffusion/benchmarks/selfexsr/SelfExSR-master/data/Urban100/image_SRF_4/img_067_SRF_4_LR.png,18.525017167943027,0.8455107765334355,17.097524385165663,0.8186051245575738
Urban100,img_067,detail_v1_latest12000,/home/ubuntu/scratch/sr-diffusion/benchmark_outputs/stage2_detail_perceptual_v1_latest12000/Urban100/img_067/base.png,/home/ubuntu/scratch/sr-diffusion/benchmarks/selfexsr/SelfExSR-master/data/Urban100/image_SRF_4/img_067_SRF_4_HR.png,/home/ubuntu/scratch/sr-diffusion/benchmarks/selfexsr/SelfExSR-master/data/Urban100/image_SRF_4/img_067_SRF_4_LR.png,18.578074288825736,0.844725100758559,17.14831007703734,0.819662913561099
Urban100,img_068,bicubic,generated:matlab_bicubic_resize,/home/ubuntu/scratch/sr-diffusion/benchmarks/selfexsr/SelfExSR-master/data/Urban100/image_SRF_4/img_068_SRF_4_HR.png,/home/ubuntu/scratch/sr-diffusion/benchmarks/selfexsr/SelfExSR-master/data/Urban100/image_SRF_4/img_068_SRF_4_LR.png,26.92462701535408,0.7504753116811578,25.571603386377486,0.7264514571759983
Urban100,img_068,dual_best98000,/home/ubuntu/scratch/sr-diffusion/benchmark_outputs/stage2_dual_best98000/Urban100/img_068/base.png,/home/ubuntu/scratch/sr-diffusion/benchmarks/selfexsr/SelfExSR-master/data/Urban100/image_SRF_4/img_068_SRF_4_HR.png,/home/ubuntu/scratch/sr-diffusion/benchmarks/selfexsr/SelfExSR-master/data/Urban100/image_SRF_4/img_068_SRF_4_LR.png,29.665760664869797,0.8631320260527218,28.247426789031778,0.8443407351097103
Urban100,img_068,detail_v1_step6000,/home/ubuntu/scratch/sr-diffusion/benchmark_outputs/stage2_detail_perceptual_v1_step6000/Urban100/img_068/base.png,/home/ubuntu/scratch/sr-diffusion/benchmarks/selfexsr/SelfExSR-master/data/Urban100/image_SRF_4/img_068_SRF_4_HR.png,/home/ubuntu/scratch/sr-diffusion/benchmarks/selfexsr/SelfExSR-master/data/Urban100/image_SRF_4/img_068_SRF_4_LR.png,29.802776825336174,0.8689439009943074,28.380800610525696,0.850366033796158
Urban100,img_068,detail_v1_latest12000,/home/ubuntu/scratch/sr-diffusion/benchmark_outputs/stage2_detail_perceptual_v1_latest12000/Urban100/img_068/base.png,/home/ubuntu/scratch/sr-diffusion/benchmarks/selfexsr/SelfExSR-master/data/Urban100/image_SRF_4/img_068_SRF_4_HR.png,/home/ubuntu/scratch/sr-diffusion/benchmarks/selfexsr/SelfExSR-master/data/Urban100/image_SRF_4/img_068_SRF_4_LR.png,29.794740323423504,0.8668012093152068,28.37480150129089,0.8479254222747806
Urban100,img_069,bicubic,generated:matlab_bicubic_resize,/home/ubuntu/scratch/sr-diffusion/benchmarks/selfexsr/SelfExSR-master/data/Urban100/image_SRF_4/img_069_SRF_4_HR.png,/home/ubuntu/scratch/sr-diffusion/benchmarks/selfexsr/SelfExSR-master/data/Urban100/image_SRF_4/img_069_SRF_4_LR.png,22.899728023100604,0.6307582042739128,21.61501155011212,0.6047569190455709
Urban100,img_069,dual_best98000,/home/ubuntu/scratch/sr-diffusion/benchmark_outputs/stage2_dual_best98000/Urban100/img_069/base.png,/home/ubuntu/scratch/sr-diffusion/benchmarks/selfexsr/SelfExSR-master/data/Urban100/image_SRF_4/img_069_SRF_4_HR.png,/home/ubuntu/scratch/sr-diffusion/benchmarks/selfexsr/SelfExSR-master/data/Urban100/image_SRF_4/img_069_SRF_4_LR.png,24.542368565192998,0.7435486725859456,23.21917555149004,0.721934893199986
Urban100,img_069,detail_v1_step6000,/home/ubuntu/scratch/sr-diffusion/benchmark_outputs/stage2_detail_perceptual_v1_step6000/Urban100/img_069/base.png,/home/ubuntu/scratch/sr-diffusion/benchmarks/selfexsr/SelfExSR-master/data/Urban100/image_SRF_4/img_069_SRF_4_HR.png,/home/ubuntu/scratch/sr-diffusion/benchmarks/selfexsr/SelfExSR-master/data/Urban100/image_SRF_4/img_069_SRF_4_LR.png,24.525795111072213,0.7472458684865148,23.19972882866798,0.7258407650762871
Urban100,img_069,detail_v1_latest12000,/home/ubuntu/scratch/sr-diffusion/benchmark_outputs/stage2_detail_perceptual_v1_latest12000/Urban100/img_069/base.png,/home/ubuntu/scratch/sr-diffusion/benchmarks/selfexsr/SelfExSR-master/data/Urban100/image_SRF_4/img_069_SRF_4_HR.png,/home/ubuntu/scratch/sr-diffusion/benchmarks/selfexsr/SelfExSR-master/data/Urban100/image_SRF_4/img_069_SRF_4_LR.png,24.557442012063188,0.7456364258979342,23.232913051764797,0.7241199662018714
Urban100,img_070,bicubic,generated:matlab_bicubic_resize,/home/ubuntu/scratch/sr-diffusion/benchmarks/selfexsr/SelfExSR-master/data/Urban100/image_SRF_4/img_070_SRF_4_HR.png,/home/ubuntu/scratch/sr-diffusion/benchmarks/selfexsr/SelfExSR-master/data/Urban100/image_SRF_4/img_070_SRF_4_LR.png,21.5011553622232,0.5264459858423846,20.184022242586362,0.5049707153824903
Urban100,img_070,dual_best98000,/home/ubuntu/scratch/sr-diffusion/benchmark_outputs/stage2_dual_best98000/Urban100/img_070/base.png,/home/ubuntu/scratch/sr-diffusion/benchmarks/selfexsr/SelfExSR-master/data/Urban100/image_SRF_4/img_070_SRF_4_HR.png,/home/ubuntu/scratch/sr-diffusion/benchmarks/selfexsr/SelfExSR-master/data/Urban100/image_SRF_4/img_070_SRF_4_LR.png,22.075462666879346,0.58801270741792,20.75307958696247,0.5670851292714816
Urban100,img_070,detail_v1_step6000,/home/ubuntu/scratch/sr-diffusion/benchmark_outputs/stage2_detail_perceptual_v1_step6000/Urban100/img_070/base.png,/home/ubuntu/scratch/sr-diffusion/benchmarks/selfexsr/SelfExSR-master/data/Urban100/image_SRF_4/img_070_SRF_4_HR.png,/home/ubuntu/scratch/sr-diffusion/benchmarks/selfexsr/SelfExSR-master/data/Urban100/image_SRF_4/img_070_SRF_4_LR.png,22.036201012284288,0.5929291783015309,20.711795804058994,0.5722652403446914
Urban100,img_070,detail_v1_latest12000,/home/ubuntu/scratch/sr-diffusion/benchmark_outputs/stage2_detail_perceptual_v1_latest12000/Urban100/img_070/base.png,/home/ubuntu/scratch/sr-diffusion/benchmarks/selfexsr/SelfExSR-master/data/Urban100/image_SRF_4/img_070_SRF_4_HR.png,/home/ubuntu/scratch/sr-diffusion/benchmarks/selfexsr/SelfExSR-master/data/Urban100/image_SRF_4/img_070_SRF_4_LR.png,22.057237201391693,0.5901310145346456,20.7341284829681,0.5694865637524099
Urban100,img_071,bicubic,generated:matlab_bicubic_resize,/home/ubuntu/scratch/sr-diffusion/benchmarks/selfexsr/SelfExSR-master/data/Urban100/image_SRF_4/img_071_SRF_4_HR.png,/home/ubuntu/scratch/sr-diffusion/benchmarks/selfexsr/SelfExSR-master/data/Urban100/image_SRF_4/img_071_SRF_4_LR.png,25.7148361950504,0.5557747978767604,24.323834417593467,0.5119210460806672
Urban100,img_071,dual_best98000,/home/ubuntu/scratch/sr-diffusion/benchmark_outputs/stage2_dual_best98000/Urban100/img_071/base.png,/home/ubuntu/scratch/sr-diffusion/benchmarks/selfexsr/SelfExSR-master/data/Urban100/image_SRF_4/img_071_SRF_4_HR.png,/home/ubuntu/scratch/sr-diffusion/benchmarks/selfexsr/SelfExSR-master/data/Urban100/image_SRF_4/img_071_SRF_4_LR.png,27.62477484857976,0.6452943113907073,26.26762050145014,0.6068117545132026
Urban100,img_071,detail_v1_step6000,/home/ubuntu/scratch/sr-diffusion/benchmark_outputs/stage2_detail_perceptual_v1_step6000/Urban100/img_071/base.png,/home/ubuntu/scratch/sr-diffusion/benchmarks/selfexsr/SelfExSR-master/data/Urban100/image_SRF_4/img_071_SRF_4_HR.png,/home/ubuntu/scratch/sr-diffusion/benchmarks/selfexsr/SelfExSR-master/data/Urban100/image_SRF_4/img_071_SRF_4_LR.png,27.634291016771712,0.6497043083707724,26.280462837797796,0.612108158326443
Urban100,img_071,detail_v1_latest12000,/home/ubuntu/scratch/sr-diffusion/benchmark_outputs/stage2_detail_perceptual_v1_latest12000/Urban100/img_071/base.png,/home/ubuntu/scratch/sr-diffusion/benchmarks/selfexsr/SelfExSR-master/data/Urban100/image_SRF_4/img_071_SRF_4_HR.png,/home/ubuntu/scratch/sr-diffusion/benchmarks/selfexsr/SelfExSR-master/data/Urban100/image_SRF_4/img_071_SRF_4_LR.png,27.650869107744388,0.646779359303258,26.2930155252031,0.6084292161704893
Urban100,img_072,bicubic,generated:matlab_bicubic_resize,/home/ubuntu/scratch/sr-diffusion/benchmarks/selfexsr/SelfExSR-master/data/Urban100/image_SRF_4/img_072_SRF_4_HR.png,/home/ubuntu/scratch/sr-diffusion/benchmarks/selfexsr/SelfExSR-master/data/Urban100/image_SRF_4/img_072_SRF_4_LR.png,16.684619670248853,0.5620626042916426,15.362698358372116,0.5462410819094191
Urban100,img_072,dual_best98000,/home/ubuntu/scratch/sr-diffusion/benchmark_outputs/stage2_dual_best98000/Urban100/img_072/base.png,/home/ubuntu/scratch/sr-diffusion/benchmarks/selfexsr/SelfExSR-master/data/Urban100/image_SRF_4/img_072_SRF_4_HR.png,/home/ubuntu/scratch/sr-diffusion/benchmarks/selfexsr/SelfExSR-master/data/Urban100/image_SRF_4/img_072_SRF_4_LR.png,19.600525006590107,0.7932776106477711,18.272392267237553,0.78580394073638
Urban100,img_072,detail_v1_step6000,/home/ubuntu/scratch/sr-diffusion/benchmark_outputs/stage2_detail_perceptual_v1_step6000/Urban100/img_072/base.png,/home/ubuntu/scratch/sr-diffusion/benchmarks/selfexsr/SelfExSR-master/data/Urban100/image_SRF_4/img_072_SRF_4_HR.png,/home/ubuntu/scratch/sr-diffusion/benchmarks/selfexsr/SelfExSR-master/data/Urban100/image_SRF_4/img_072_SRF_4_LR.png,19.634760498383812,0.7972778725625153,18.306702255579182,0.7891560658029207
Urban100,img_072,detail_v1_latest12000,/home/ubuntu/scratch/sr-diffusion/benchmark_outputs/stage2_detail_perceptual_v1_latest12000/Urban100/img_072/base.png,/home/ubuntu/scratch/sr-diffusion/benchmarks/selfexsr/SelfExSR-master/data/Urban100/image_SRF_4/img_072_SRF_4_HR.png,/home/ubuntu/scratch/sr-diffusion/benchmarks/selfexsr/SelfExSR-master/data/Urban100/image_SRF_4/img_072_SRF_4_LR.png,19.63837075644699,0.7940125153129224,18.31022048886495,0.7867117502387354
Urban100,img_073,bicubic,generated:matlab_bicubic_resize,/home/ubuntu/scratch/sr-diffusion/benchmarks/selfexsr/SelfExSR-master/data/Urban100/image_SRF_4/img_073_SRF_4_HR.png,/home/ubuntu/scratch/sr-diffusion/benchmarks/selfexsr/SelfExSR-master/data/Urban100/image_SRF_4/img_073_SRF_4_LR.png,19.47599854140567,0.43737217106819615,18.20376431177828,0.42032032153526444
Urban100,img_073,dual_best98000,/home/ubuntu/scratch/sr-diffusion/benchmark_outputs/stage2_dual_best98000/Urban100/img_073/base.png,/home/ubuntu/scratch/sr-diffusion/benchmarks/selfexsr/SelfExSR-master/data/Urban100/image_SRF_4/img_073_SRF_4_HR.png,/home/ubuntu/scratch/sr-diffusion/benchmarks/selfexsr/SelfExSR-master/data/Urban100/image_SRF_4/img_073_SRF_4_LR.png,19.970672987633733,0.533841464190461,18.657896702572636,0.5136027150741698
Urban100,img_073,detail_v1_step6000,/home/ubuntu/scratch/sr-diffusion/benchmark_outputs/stage2_detail_perceptual_v1_step6000/Urban100/img_073/base.png,/home/ubuntu/scratch/sr-diffusion/benchmarks/selfexsr/SelfExSR-master/data/Urban100/image_SRF_4/img_073_SRF_4_HR.png,/home/ubuntu/scratch/sr-diffusion/benchmarks/selfexsr/SelfExSR-master/data/Urban100/image_SRF_4/img_073_SRF_4_LR.png,19.884255059901403,0.5391636689235981,18.56599059620049,0.5179732317336975
Urban100,img_073,detail_v1_latest12000,/home/ubuntu/scratch/sr-diffusion/benchmark_outputs/stage2_detail_perceptual_v1_latest12000/Urban100/img_073/base.png,/home/ubuntu/scratch/sr-diffusion/benchmarks/selfexsr/SelfExSR-master/data/Urban100/image_SRF_4/img_073_SRF_4_HR.png,/home/ubuntu/scratch/sr-diffusion/benchmarks/selfexsr/SelfExSR-master/data/Urban100/image_SRF_4/img_073_SRF_4_LR.png,19.895644990088005,0.5357730762120394,18.58297213704092,0.5151046564140221
Urban100,img_074,bicubic,generated:matlab_bicubic_resize,/home/ubuntu/scratch/sr-diffusion/benchmarks/selfexsr/SelfExSR-master/data/Urban100/image_SRF_4/img_074_SRF_4_HR.png,/home/ubuntu/scratch/sr-diffusion/benchmarks/selfexsr/SelfExSR-master/data/Urban100/image_SRF_4/img_074_SRF_4_LR.png,22.16004435238125,0.5552510470857125,20.638845555173738,0.5383828999443776
Urban100,img_074,dual_best98000,/home/ubuntu/scratch/sr-diffusion/benchmark_outputs/stage2_dual_best98000/Urban100/img_074/base.png,/home/ubuntu/scratch/sr-diffusion/benchmarks/selfexsr/SelfExSR-master/data/Urban100/image_SRF_4/img_074_SRF_4_HR.png,/home/ubuntu/scratch/sr-diffusion/benchmarks/selfexsr/SelfExSR-master/data/Urban100/image_SRF_4/img_074_SRF_4_LR.png,23.323182881439717,0.6729975000669053,21.839618384679458,0.6606924013144017
Urban100,img_074,detail_v1_step6000,/home/ubuntu/scratch/sr-diffusion/benchmark_outputs/stage2_detail_perceptual_v1_step6000/Urban100/img_074/base.png,/home/ubuntu/scratch/sr-diffusion/benchmarks/selfexsr/SelfExSR-master/data/Urban100/image_SRF_4/img_074_SRF_4_HR.png,/home/ubuntu/scratch/sr-diffusion/benchmarks/selfexsr/SelfExSR-master/data/Urban100/image_SRF_4/img_074_SRF_4_LR.png,23.298095689459707,0.6815867671964702,21.81665189781331,0.6696810447161442
Urban100,img_074,detail_v1_latest12000,/home/ubuntu/scratch/sr-diffusion/benchmark_outputs/stage2_detail_perceptual_v1_latest12000/Urban100/img_074/base.png,/home/ubuntu/scratch/sr-diffusion/benchmarks/selfexsr/SelfExSR-master/data/Urban100/image_SRF_4/img_074_SRF_4_HR.png,/home/ubuntu/scratch/sr-diffusion/benchmarks/selfexsr/SelfExSR-master/data/Urban100/image_SRF_4/img_074_SRF_4_LR.png,23.307608192217177,0.679152937221924,21.826938825916876,0.6668811187011904
Urban100,img_075,bicubic,generated:matlab_bicubic_resize,/home/ubuntu/scratch/sr-diffusion/benchmarks/selfexsr/SelfExSR-master/data/Urban100/image_SRF_4/img_075_SRF_4_HR.png,/home/ubuntu/scratch/sr-diffusion/benchmarks/selfexsr/SelfExSR-master/data/Urban100/image_SRF_4/img_075_SRF_4_LR.png,27.090153565785986,0.8028352842743274,25.376615933932243,0.7762417404025778
Urban100,img_075,dual_best98000,/home/ubuntu/scratch/sr-diffusion/benchmark_outputs/stage2_dual_best98000/Urban100/img_075/base.png,/home/ubuntu/scratch/sr-diffusion/benchmarks/selfexsr/SelfExSR-master/data/Urban100/image_SRF_4/img_075_SRF_4_HR.png,/home/ubuntu/scratch/sr-diffusion/benchmarks/selfexsr/SelfExSR-master/data/Urban100/image_SRF_4/img_075_SRF_4_LR.png,31.096776933805188,0.8802806435820208,29.29218764364634,0.8558119446443899
Urban100,img_075,detail_v1_step6000,/home/ubuntu/scratch/sr-diffusion/benchmark_outputs/stage2_detail_perceptual_v1_step6000/Urban100/img_075/base.png,/home/ubuntu/scratch/sr-diffusion/benchmarks/selfexsr/SelfExSR-master/data/Urban100/image_SRF_4/img_075_SRF_4_HR.png,/home/ubuntu/scratch/sr-diffusion/benchmarks/selfexsr/SelfExSR-master/data/Urban100/image_SRF_4/img_075_SRF_4_LR.png,31.176150470803353,0.8814689521810022,29.37217104711658,0.8570365983437109
Urban100,img_075,detail_v1_latest12000,/home/ubuntu/scratch/sr-diffusion/benchmark_outputs/stage2_detail_perceptual_v1_latest12000/Urban100/img_075/base.png,/home/ubuntu/scratch/sr-diffusion/benchmarks/selfexsr/SelfExSR-master/data/Urban100/image_SRF_4/img_075_SRF_4_HR.png,/home/ubuntu/scratch/sr-diffusion/benchmarks/selfexsr/SelfExSR-master/data/Urban100/image_SRF_4/img_075_SRF_4_LR.png,31.154413582381302,0.8806691585578609,29.349050343026647,0.8562610008623809
Urban100,img_076,bicubic,generated:matlab_bicubic_resize,/home/ubuntu/scratch/sr-diffusion/benchmarks/selfexsr/SelfExSR-master/data/Urban100/image_SRF_4/img_076_SRF_4_HR.png,/home/ubuntu/scratch/sr-diffusion/benchmarks/selfexsr/SelfExSR-master/data/Urban100/image_SRF_4/img_076_SRF_4_LR.png,21.574132843644364,0.628848509706735,20.113184236409694,0.6098270398803406
Urban100,img_076,dual_best98000,/home/ubuntu/scratch/sr-diffusion/benchmark_outputs/stage2_dual_best98000/Urban100/img_076/base.png,/home/ubuntu/scratch/sr-diffusion/benchmarks/selfexsr/SelfExSR-master/data/Urban100/image_SRF_4/img_076_SRF_4_HR.png,/home/ubuntu/scratch/sr-diffusion/benchmarks/selfexsr/SelfExSR-master/data/Urban100/image_SRF_4/img_076_SRF_4_LR.png,22.32448664858518,0.7001624470002032,20.84540912710886,0.680833851141597
Urban100,img_076,detail_v1_step6000,/home/ubuntu/scratch/sr-diffusion/benchmark_outputs/stage2_detail_perceptual_v1_step6000/Urban100/img_076/base.png,/home/ubuntu/scratch/sr-diffusion/benchmarks/selfexsr/SelfExSR-master/data/Urban100/image_SRF_4/img_076_SRF_4_HR.png,/home/ubuntu/scratch/sr-diffusion/benchmarks/selfexsr/SelfExSR-master/data/Urban100/image_SRF_4/img_076_SRF_4_LR.png,22.24440147692116,0.7036962968138675,20.77110226770928,0.6840686227500378
Urban100,img_076,detail_v1_latest12000,/home/ubuntu/scratch/sr-diffusion/benchmark_outputs/stage2_detail_perceptual_v1_latest12000/Urban100/img_076/base.png,/home/ubuntu/scratch/sr-diffusion/benchmarks/selfexsr/SelfExSR-master/data/Urban100/image_SRF_4/img_076_SRF_4_HR.png,/home/ubuntu/scratch/sr-diffusion/benchmarks/selfexsr/SelfExSR-master/data/Urban100/image_SRF_4/img_076_SRF_4_LR.png,22.3155037777221,0.7030686811871012,20.839915929713694,0.6835243221277412
Urban100,img_077,bicubic,generated:matlab_bicubic_resize,/home/ubuntu/scratch/sr-diffusion/benchmarks/selfexsr/SelfExSR-master/data/Urban100/image_SRF_4/img_077_SRF_4_HR.png,/home/ubuntu/scratch/sr-diffusion/benchmarks/selfexsr/SelfExSR-master/data/Urban100/image_SRF_4/img_077_SRF_4_LR.png,22.01419953080282,0.6000805835814893,20.60811889634405,0.5819953452372909
Urban100,img_077,dual_best98000,/home/ubuntu/scratch/sr-diffusion/benchmark_outputs/stage2_dual_best98000/Urban100/img_077/base.png,/home/ubuntu/scratch/sr-diffusion/benchmarks/selfexsr/SelfExSR-master/data/Urban100/image_SRF_4/img_077_SRF_4_HR.png,/home/ubuntu/scratch/sr-diffusion/benchmarks/selfexsr/SelfExSR-master/data/Urban100/image_SRF_4/img_077_SRF_4_LR.png,22.556718824878942,0.6659567824342822,21.152595164297257,0.6484230125674116
Urban100,img_077,detail_v1_step6000,/home/ubuntu/scratch/sr-diffusion/benchmark_outputs/stage2_detail_perceptual_v1_step6000/Urban100/img_077/base.png,/home/ubuntu/scratch/sr-diffusion/benchmarks/selfexsr/SelfExSR-master/data/Urban100/image_SRF_4/img_077_SRF_4_HR.png,/home/ubuntu/scratch/sr-diffusion/benchmarks/selfexsr/SelfExSR-master/data/Urban100/image_SRF_4/img_077_SRF_4_LR.png,22.50964483378433,0.6700522253828097,21.107799499683605,0.65246170185883
Urban100,img_077,detail_v1_latest12000,/home/ubuntu/scratch/sr-diffusion/benchmark_outputs/stage2_detail_perceptual_v1_latest12000/Urban100/img_077/base.png,/home/ubuntu/scratch/sr-diffusion/benchmarks/selfexsr/SelfExSR-master/data/Urban100/image_SRF_4/img_077_SRF_4_HR.png,/home/ubuntu/scratch/sr-diffusion/benchmarks/selfexsr/SelfExSR-master/data/Urban100/image_SRF_4/img_077_SRF_4_LR.png,22.54442583781795,0.6677564083615952,21.14182445540013,0.6501521260503457
Urban100,img_078,bicubic,generated:matlab_bicubic_resize,/home/ubuntu/scratch/sr-diffusion/benchmarks/selfexsr/SelfExSR-master/data/Urban100/image_SRF_4/img_078_SRF_4_HR.png,/home/ubuntu/scratch/sr-diffusion/benchmarks/selfexsr/SelfExSR-master/data/Urban100/image_SRF_4/img_078_SRF_4_LR.png,25.704446418878426,0.679749846331392,24.545880840535965,0.6369629563270108
Urban100,img_078,dual_best98000,/home/ubuntu/scratch/sr-diffusion/benchmark_outputs/stage2_dual_best98000/Urban100/img_078/base.png,/home/ubuntu/scratch/sr-diffusion/benchmarks/selfexsr/SelfExSR-master/data/Urban100/image_SRF_4/img_078_SRF_4_HR.png,/home/ubuntu/scratch/sr-diffusion/benchmarks/selfexsr/SelfExSR-master/data/Urban100/image_SRF_4/img_078_SRF_4_LR.png,26.94688581786415,0.7619998419458069,25.737555397530876,0.7261715409269153
Urban100,img_078,detail_v1_step6000,/home/ubuntu/scratch/sr-diffusion/benchmark_outputs/stage2_detail_perceptual_v1_step6000/Urban100/img_078/base.png,/home/ubuntu/scratch/sr-diffusion/benchmarks/selfexsr/SelfExSR-master/data/Urban100/image_SRF_4/img_078_SRF_4_HR.png,/home/ubuntu/scratch/sr-diffusion/benchmarks/selfexsr/SelfExSR-master/data/Urban100/image_SRF_4/img_078_SRF_4_LR.png,26.905509314780048,0.7623699538685046,25.6964975717211,0.7260407001908691
Urban100,img_078,detail_v1_latest12000,/home/ubuntu/scratch/sr-diffusion/benchmark_outputs/stage2_detail_perceptual_v1_latest12000/Urban100/img_078/base.png,/home/ubuntu/scratch/sr-diffusion/benchmarks/selfexsr/SelfExSR-master/data/Urban100/image_SRF_4/img_078_SRF_4_HR.png,/home/ubuntu/scratch/sr-diffusion/benchmarks/selfexsr/SelfExSR-master/data/Urban100/image_SRF_4/img_078_SRF_4_LR.png,26.965547889748173,0.7619042777656763,25.75763385957543,0.7249371676865298
Urban100,img_079,bicubic,generated:matlab_bicubic_resize,/home/ubuntu/scratch/sr-diffusion/benchmarks/selfexsr/SelfExSR-master/data/Urban100/image_SRF_4/img_079_SRF_4_HR.png,/home/ubuntu/scratch/sr-diffusion/benchmarks/selfexsr/SelfExSR-master/data/Urban100/image_SRF_4/img_079_SRF_4_LR.png,23.82218745021425,0.5927952265593148,22.398722205031262,0.5629260070884378
Urban100,img_079,dual_best98000,/home/ubuntu/scratch/sr-diffusion/benchmark_outputs/stage2_dual_best98000/Urban100/img_079/base.png,/home/ubuntu/scratch/sr-diffusion/benchmarks/selfexsr/SelfExSR-master/data/Urban100/image_SRF_4/img_079_SRF_4_HR.png,/home/ubuntu/scratch/sr-diffusion/benchmarks/selfexsr/SelfExSR-master/data/Urban100/image_SRF_4/img_079_SRF_4_LR.png,25.032150082297917,0.6757485630139153,23.597343610884653,0.6471552712188205
Urban100,img_079,detail_v1_step6000,/home/ubuntu/scratch/sr-diffusion/benchmark_outputs/stage2_detail_perceptual_v1_step6000/Urban100/img_079/base.png,/home/ubuntu/scratch/sr-diffusion/benchmarks/selfexsr/SelfExSR-master/data/Urban100/image_SRF_4/img_079_SRF_4_HR.png,/home/ubuntu/scratch/sr-diffusion/benchmarks/selfexsr/SelfExSR-master/data/Urban100/image_SRF_4/img_079_SRF_4_LR.png,25.00483408060759,0.6804117015944542,23.571250986613833,0.6519413727961253
Urban100,img_079,detail_v1_latest12000,/home/ubuntu/scratch/sr-diffusion/benchmark_outputs/stage2_detail_perceptual_v1_latest12000/Urban100/img_079/base.png,/home/ubuntu/scratch/sr-diffusion/benchmarks/selfexsr/SelfExSR-master/data/Urban100/image_SRF_4/img_079_SRF_4_HR.png,/home/ubuntu/scratch/sr-diffusion/benchmarks/selfexsr/SelfExSR-master/data/Urban100/image_SRF_4/img_079_SRF_4_LR.png,25.028422488794778,0.6784332194751761,23.594242228554197,0.6498514399819952
Urban100,img_080,bicubic,generated:matlab_bicubic_resize,/home/ubuntu/scratch/sr-diffusion/benchmarks/selfexsr/SelfExSR-master/data/Urban100/image_SRF_4/img_080_SRF_4_HR.png,/home/ubuntu/scratch/sr-diffusion/benchmarks/selfexsr/SelfExSR-master/data/Urban100/image_SRF_4/img_080_SRF_4_LR.png,32.706356430289325,0.9169993844651327,31.217245633222475,0.9005277676179433
Urban100,img_080,dual_best98000,/home/ubuntu/scratch/sr-diffusion/benchmark_outputs/stage2_dual_best98000/Urban100/img_080/base.png,/home/ubuntu/scratch/sr-diffusion/benchmarks/selfexsr/SelfExSR-master/data/Urban100/image_SRF_4/img_080_SRF_4_HR.png,/home/ubuntu/scratch/sr-diffusion/benchmarks/selfexsr/SelfExSR-master/data/Urban100/image_SRF_4/img_080_SRF_4_LR.png,35.22989549090446,0.9474974011720868,33.655387228708136,0.9327426769499322
Urban100,img_080,detail_v1_step6000,/home/ubuntu/scratch/sr-diffusion/benchmark_outputs/stage2_detail_perceptual_v1_step6000/Urban100/img_080/base.png,/home/ubuntu/scratch/sr-diffusion/benchmarks/selfexsr/SelfExSR-master/data/Urban100/image_SRF_4/img_080_SRF_4_HR.png,/home/ubuntu/scratch/sr-diffusion/benchmarks/selfexsr/SelfExSR-master/data/Urban100/image_SRF_4/img_080_SRF_4_LR.png,35.12890117300033,0.947971902875844,33.56491838723346,0.9333046540890183
Urban100,img_080,detail_v1_latest12000,/home/ubuntu/scratch/sr-diffusion/benchmark_outputs/stage2_detail_perceptual_v1_latest12000/Urban100/img_080/base.png,/home/ubuntu/scratch/sr-diffusion/benchmarks/selfexsr/SelfExSR-master/data/Urban100/image_SRF_4/img_080_SRF_4_HR.png,/home/ubuntu/scratch/sr-diffusion/benchmarks/selfexsr/SelfExSR-master/data/Urban100/image_SRF_4/img_080_SRF_4_LR.png,35.217816956044075,0.9481640635184508,33.669528457698895,0.9335612593990518
Urban100,img_081,bicubic,generated:matlab_bicubic_resize,/home/ubuntu/scratch/sr-diffusion/benchmarks/selfexsr/SelfExSR-master/data/Urban100/image_SRF_4/img_081_SRF_4_HR.png,/home/ubuntu/scratch/sr-diffusion/benchmarks/selfexsr/SelfExSR-master/data/Urban100/image_SRF_4/img_081_SRF_4_LR.png,28.579735396030856,0.8933234270449036,26.40244610994577,0.8616432886350124
Urban100,img_081,dual_best98000,/home/ubuntu/scratch/sr-diffusion/benchmark_outputs/stage2_dual_best98000/Urban100/img_081/base.png,/home/ubuntu/scratch/sr-diffusion/benchmarks/selfexsr/SelfExSR-master/data/Urban100/image_SRF_4/img_081_SRF_4_HR.png,/home/ubuntu/scratch/sr-diffusion/benchmarks/selfexsr/SelfExSR-master/data/Urban100/image_SRF_4/img_081_SRF_4_LR.png,35.502480412935526,0.964411922473657,32.67176920863393,0.9206533478430198
Urban100,img_081,detail_v1_step6000,/home/ubuntu/scratch/sr-diffusion/benchmark_outputs/stage2_detail_perceptual_v1_step6000/Urban100/img_081/base.png,/home/ubuntu/scratch/sr-diffusion/benchmarks/selfexsr/SelfExSR-master/data/Urban100/image_SRF_4/img_081_SRF_4_HR.png,/home/ubuntu/scratch/sr-diffusion/benchmarks/selfexsr/SelfExSR-master/data/Urban100/image_SRF_4/img_081_SRF_4_LR.png,35.34173517445972,0.9642023177316306,32.52709451128338,0.9198715063884846
Urban100,img_081,detail_v1_latest12000,/home/ubuntu/scratch/sr-diffusion/benchmark_outputs/stage2_detail_perceptual_v1_latest12000/Urban100/img_081/base.png,/home/ubuntu/scratch/sr-diffusion/benchmarks/selfexsr/SelfExSR-master/data/Urban100/image_SRF_4/img_081_SRF_4_HR.png,/home/ubuntu/scratch/sr-diffusion/benchmarks/selfexsr/SelfExSR-master/data/Urban100/image_SRF_4/img_081_SRF_4_LR.png,35.68177858433774,0.9646280919608321,32.807001832014684,0.9204701138581662
Urban100,img_082,bicubic,generated:matlab_bicubic_resize,/home/ubuntu/scratch/sr-diffusion/benchmarks/selfexsr/SelfExSR-master/data/Urban100/image_SRF_4/img_082_SRF_4_HR.png,/home/ubuntu/scratch/sr-diffusion/benchmarks/selfexsr/SelfExSR-master/data/Urban100/image_SRF_4/img_082_SRF_4_LR.png,27.710101765329625,0.8738831917033252,26.25330802094092,0.8489874052292788
Urban100,img_082,dual_best98000,/home/ubuntu/scratch/sr-diffusion/benchmark_outputs/stage2_dual_best98000/Urban100/img_082/base.png,/home/ubuntu/scratch/sr-diffusion/benchmarks/selfexsr/SelfExSR-master/data/Urban100/image_SRF_4/img_082_SRF_4_HR.png,/home/ubuntu/scratch/sr-diffusion/benchmarks/selfexsr/SelfExSR-master/data/Urban100/image_SRF_4/img_082_SRF_4_LR.png,30.807884044630246,0.9343697207841591,29.128825266384347,0.9064780786710395
Urban100,img_082,detail_v1_step6000,/home/ubuntu/scratch/sr-diffusion/benchmark_outputs/stage2_detail_perceptual_v1_step6000/Urban100/img_082/base.png,/home/ubuntu/scratch/sr-diffusion/benchmarks/selfexsr/SelfExSR-master/data/Urban100/image_SRF_4/img_082_SRF_4_HR.png,/home/ubuntu/scratch/sr-diffusion/benchmarks/selfexsr/SelfExSR-master/data/Urban100/image_SRF_4/img_082_SRF_4_LR.png,30.985088801020744,0.9351974312677442,29.309036802430313,0.9064668803046292
Urban100,img_082,detail_v1_latest12000,/home/ubuntu/scratch/sr-diffusion/benchmark_outputs/stage2_detail_perceptual_v1_latest12000/Urban100/img_082/base.png,/home/ubuntu/scratch/sr-diffusion/benchmarks/selfexsr/SelfExSR-master/data/Urban100/image_SRF_4/img_082_SRF_4_HR.png,/home/ubuntu/scratch/sr-diffusion/benchmarks/selfexsr/SelfExSR-master/data/Urban100/image_SRF_4/img_082_SRF_4_LR.png,31.123249553025456,0.9354626760523396,29.433532090690846,0.907377845243862
Urban100,img_083,bicubic,generated:matlab_bicubic_resize,/home/ubuntu/scratch/sr-diffusion/benchmarks/selfexsr/SelfExSR-master/data/Urban100/image_SRF_4/img_083_SRF_4_HR.png,/home/ubuntu/scratch/sr-diffusion/benchmarks/selfexsr/SelfExSR-master/data/Urban100/image_SRF_4/img_083_SRF_4_LR.png,20.492521283207495,0.5547641805052183,19.238530480652592,0.5321064364732476
Urban100,img_083,dual_best98000,/home/ubuntu/scratch/sr-diffusion/benchmark_outputs/stage2_dual_best98000/Urban100/img_083/base.png,/home/ubuntu/scratch/sr-diffusion/benchmarks/selfexsr/SelfExSR-master/data/Urban100/image_SRF_4/img_083_SRF_4_HR.png,/home/ubuntu/scratch/sr-diffusion/benchmarks/selfexsr/SelfExSR-master/data/Urban100/image_SRF_4/img_083_SRF_4_LR.png,21.963208667494918,0.6761831053278413,20.692530713365112,0.6566659210292968
Urban100,img_083,detail_v1_step6000,/home/ubuntu/scratch/sr-diffusion/benchmark_outputs/stage2_detail_perceptual_v1_step6000/Urban100/img_083/base.png,/home/ubuntu/scratch/sr-diffusion/benchmarks/selfexsr/SelfExSR-master/data/Urban100/image_SRF_4/img_083_SRF_4_HR.png,/home/ubuntu/scratch/sr-diffusion/benchmarks/selfexsr/SelfExSR-master/data/Urban100/image_SRF_4/img_083_SRF_4_LR.png,21.931810212748385,0.6804698565083022,20.66027515345564,0.660800944028949
Urban100,img_083,detail_v1_latest12000,/home/ubuntu/scratch/sr-diffusion/benchmark_outputs/stage2_detail_perceptual_v1_latest12000/Urban100/img_083/base.png,/home/ubuntu/scratch/sr-diffusion/benchmarks/selfexsr/SelfExSR-master/data/Urban100/image_SRF_4/img_083_SRF_4_HR.png,/home/ubuntu/scratch/sr-diffusion/benchmarks/selfexsr/SelfExSR-master/data/Urban100/image_SRF_4/img_083_SRF_4_LR.png,21.955950805890826,0.6782418327284477,20.685321372489387,0.658481180164498
Urban100,img_084,bicubic,generated:matlab_bicubic_resize,/home/ubuntu/scratch/sr-diffusion/benchmarks/selfexsr/SelfExSR-master/data/Urban100/image_SRF_4/img_084_SRF_4_HR.png,/home/ubuntu/scratch/sr-diffusion/benchmarks/selfexsr/SelfExSR-master/data/Urban100/image_SRF_4/img_084_SRF_4_LR.png,26.475556054499076,0.7158806514340254,25.087999910013018,0.686546856856721
Urban100,img_084,dual_best98000,/home/ubuntu/scratch/sr-diffusion/benchmark_outputs/stage2_dual_best98000/Urban100/img_084/base.png,/home/ubuntu/scratch/sr-diffusion/benchmarks/selfexsr/SelfExSR-master/data/Urban100/image_SRF_4/img_084_SRF_4_HR.png,/home/ubuntu/scratch/sr-diffusion/benchmarks/selfexsr/SelfExSR-master/data/Urban100/image_SRF_4/img_084_SRF_4_LR.png,28.262010223251327,0.7991759507775946,26.71574912745647,0.7707448651791015
Urban100,img_084,detail_v1_step6000,/home/ubuntu/scratch/sr-diffusion/benchmark_outputs/stage2_detail_perceptual_v1_step6000/Urban100/img_084/base.png,/home/ubuntu/scratch/sr-diffusion/benchmarks/selfexsr/SelfExSR-master/data/Urban100/image_SRF_4/img_084_SRF_4_HR.png,/home/ubuntu/scratch/sr-diffusion/benchmarks/selfexsr/SelfExSR-master/data/Urban100/image_SRF_4/img_084_SRF_4_LR.png,28.17156725413063,0.8006785298078386,26.633332359351797,0.772124503250858
Urban100,img_084,detail_v1_latest12000,/home/ubuntu/scratch/sr-diffusion/benchmark_outputs/stage2_detail_perceptual_v1_latest12000/Urban100/img_084/base.png,/home/ubuntu/scratch/sr-diffusion/benchmarks/selfexsr/SelfExSR-master/data/Urban100/image_SRF_4/img_084_SRF_4_HR.png,/home/ubuntu/scratch/sr-diffusion/benchmarks/selfexsr/SelfExSR-master/data/Urban100/image_SRF_4/img_084_SRF_4_LR.png,28.283725447403235,0.801369245148587,26.738824497762714,0.7728032657612144
Urban100,img_085,bicubic,generated:matlab_bicubic_resize,/home/ubuntu/scratch/sr-diffusion/benchmarks/selfexsr/SelfExSR-master/data/Urban100/image_SRF_4/img_085_SRF_4_HR.png,/home/ubuntu/scratch/sr-diffusion/benchmarks/selfexsr/SelfExSR-master/data/Urban100/image_SRF_4/img_085_SRF_4_LR.png,25.903557171401093,0.837408964475899,24.36979725863731,0.8246066351645766
Urban100,img_085,dual_best98000,/home/ubuntu/scratch/sr-diffusion/benchmark_outputs/stage2_dual_best98000/Urban100/img_085/base.png,/home/ubuntu/scratch/sr-diffusion/benchmarks/selfexsr/SelfExSR-master/data/Urban100/image_SRF_4/img_085_SRF_4_HR.png,/home/ubuntu/scratch/sr-diffusion/benchmarks/selfexsr/SelfExSR-master/data/Urban100/image_SRF_4/img_085_SRF_4_LR.png,27.78037619626932,0.8904203529392024,26.201751583447283,0.8727922541248998
Urban100,img_085,detail_v1_step6000,/home/ubuntu/scratch/sr-diffusion/benchmark_outputs/stage2_detail_perceptual_v1_step6000/Urban100/img_085/base.png,/home/ubuntu/scratch/sr-diffusion/benchmarks/selfexsr/SelfExSR-master/data/Urban100/image_SRF_4/img_085_SRF_4_HR.png,/home/ubuntu/scratch/sr-diffusion/benchmarks/selfexsr/SelfExSR-master/data/Urban100/image_SRF_4/img_085_SRF_4_LR.png,27.670412818205282,0.8913288077939037,26.110403404775187,0.8746304140777398
Urban100,img_085,detail_v1_latest12000,/home/ubuntu/scratch/sr-diffusion/benchmark_outputs/stage2_detail_perceptual_v1_latest12000/Urban100/img_085/base.png,/home/ubuntu/scratch/sr-diffusion/benchmarks/selfexsr/SelfExSR-master/data/Urban100/image_SRF_4/img_085_SRF_4_HR.png,/home/ubuntu/scratch/sr-diffusion/benchmarks/selfexsr/SelfExSR-master/data/Urban100/image_SRF_4/img_085_SRF_4_LR.png,27.728726174841803,0.8912224368558427,26.162263568287962,0.8752766030114044
Urban100,img_086,bicubic,generated:matlab_bicubic_resize,/home/ubuntu/scratch/sr-diffusion/benchmarks/selfexsr/SelfExSR-master/data/Urban100/image_SRF_4/img_086_SRF_4_HR.png,/home/ubuntu/scratch/sr-diffusion/benchmarks/selfexsr/SelfExSR-master/data/Urban100/image_SRF_4/img_086_SRF_4_LR.png,28.00742953694785,0.832379757879749,26.61515987427469,0.8120987792030729
Urban100,img_086,dual_best98000,/home/ubuntu/scratch/sr-diffusion/benchmark_outputs/stage2_dual_best98000/Urban100/img_086/base.png,/home/ubuntu/scratch/sr-diffusion/benchmarks/selfexsr/SelfExSR-master/data/Urban100/image_SRF_4/img_086_SRF_4_HR.png,/home/ubuntu/scratch/sr-diffusion/benchmarks/selfexsr/SelfExSR-master/data/Urban100/image_SRF_4/img_086_SRF_4_LR.png,29.75912912692224,0.8825255484895733,28.274156834031174,0.8636361188595557
Urban100,img_086,detail_v1_step6000,/home/ubuntu/scratch/sr-diffusion/benchmark_outputs/stage2_detail_perceptual_v1_step6000/Urban100/img_086/base.png,/home/ubuntu/scratch/sr-diffusion/benchmarks/selfexsr/SelfExSR-master/data/Urban100/image_SRF_4/img_086_SRF_4_HR.png,/home/ubuntu/scratch/sr-diffusion/benchmarks/selfexsr/SelfExSR-master/data/Urban100/image_SRF_4/img_086_SRF_4_LR.png,29.646219385682762,0.8817520021476731,28.17512725050628,0.8632765883054372
Urban100,img_086,detail_v1_latest12000,/home/ubuntu/scratch/sr-diffusion/benchmark_outputs/stage2_detail_perceptual_v1_latest12000/Urban100/img_086/base.png,/home/ubuntu/scratch/sr-diffusion/benchmarks/selfexsr/SelfExSR-master/data/Urban100/image_SRF_4/img_086_SRF_4_HR.png,/home/ubuntu/scratch/sr-diffusion/benchmarks/selfexsr/SelfExSR-master/data/Urban100/image_SRF_4/img_086_SRF_4_LR.png,29.819697114775078,0.8815884565708022,28.352257620941362,0.8628161022567534
Urban100,img_087,bicubic,generated:matlab_bicubic_resize,/home/ubuntu/scratch/sr-diffusion/benchmarks/selfexsr/SelfExSR-master/data/Urban100/image_SRF_4/img_087_SRF_4_HR.png,/home/ubuntu/scratch/sr-diffusion/benchmarks/selfexsr/SelfExSR-master/data/Urban100/image_SRF_4/img_087_SRF_4_LR.png,22.854783608600584,0.7409205376535272,21.57692792936598,0.7136399195167463
Urban100,img_087,dual_best98000,/home/ubuntu/scratch/sr-diffusion/benchmark_outputs/stage2_dual_best98000/Urban100/img_087/base.png,/home/ubuntu/scratch/sr-diffusion/benchmarks/selfexsr/SelfExSR-master/data/Urban100/image_SRF_4/img_087_SRF_4_HR.png,/home/ubuntu/scratch/sr-diffusion/benchmarks/selfexsr/SelfExSR-master/data/Urban100/image_SRF_4/img_087_SRF_4_LR.png,27.082352543490245,0.8699725070318031,25.65656198203483,0.8452810318059304
Urban100,img_087,detail_v1_step6000,/home/ubuntu/scratch/sr-diffusion/benchmark_outputs/stage2_detail_perceptual_v1_step6000/Urban100/img_087/base.png,/home/ubuntu/scratch/sr-diffusion/benchmarks/selfexsr/SelfExSR-master/data/Urban100/image_SRF_4/img_087_SRF_4_HR.png,/home/ubuntu/scratch/sr-diffusion/benchmarks/selfexsr/SelfExSR-master/data/Urban100/image_SRF_4/img_087_SRF_4_LR.png,27.252572219812123,0.8741886965838426,25.8199713575235,0.8499704979184176
Urban100,img_087,detail_v1_latest12000,/home/ubuntu/scratch/sr-diffusion/benchmark_outputs/stage2_detail_perceptual_v1_latest12000/Urban100/img_087/base.png,/home/ubuntu/scratch/sr-diffusion/benchmarks/selfexsr/SelfExSR-master/data/Urban100/image_SRF_4/img_087_SRF_4_HR.png,/home/ubuntu/scratch/sr-diffusion/benchmarks/selfexsr/SelfExSR-master/data/Urban100/image_SRF_4/img_087_SRF_4_LR.png,27.171104284522194,0.8723262734347689,25.745461660291955,0.8479430934385577
Urban100,img_088,bicubic,generated:matlab_bicubic_resize,/home/ubuntu/scratch/sr-diffusion/benchmarks/selfexsr/SelfExSR-master/data/Urban100/image_SRF_4/img_088_SRF_4_HR.png,/home/ubuntu/scratch/sr-diffusion/benchmarks/selfexsr/SelfExSR-master/data/Urban100/image_SRF_4/img_088_SRF_4_LR.png,18.644704344038225,0.4173516924383566,17.255712839961348,0.3979057756018543
Urban100,img_088,dual_best98000,/home/ubuntu/scratch/sr-diffusion/benchmark_outputs/stage2_dual_best98000/Urban100/img_088/base.png,/home/ubuntu/scratch/sr-diffusion/benchmarks/selfexsr/SelfExSR-master/data/Urban100/image_SRF_4/img_088_SRF_4_HR.png,/home/ubuntu/scratch/sr-diffusion/benchmarks/selfexsr/SelfExSR-master/data/Urban100/image_SRF_4/img_088_SRF_4_LR.png,19.66094791730815,0.5419440078891777,18.308999742414315,0.5209166208361432
Urban100,img_088,detail_v1_step6000,/home/ubuntu/scratch/sr-diffusion/benchmark_outputs/stage2_detail_perceptual_v1_step6000/Urban100/img_088/base.png,/home/ubuntu/scratch/sr-diffusion/benchmarks/selfexsr/SelfExSR-master/data/Urban100/image_SRF_4/img_088_SRF_4_HR.png,/home/ubuntu/scratch/sr-diffusion/benchmarks/selfexsr/SelfExSR-master/data/Urban100/image_SRF_4/img_088_SRF_4_LR.png,19.648867148147776,0.5498762178907489,18.297729654524005,0.5287544133141803
Urban100,img_088,detail_v1_latest12000,/home/ubuntu/scratch/sr-diffusion/benchmark_outputs/stage2_detail_perceptual_v1_latest12000/Urban100/img_088/base.png,/home/ubuntu/scratch/sr-diffusion/benchmarks/selfexsr/SelfExSR-master/data/Urban100/image_SRF_4/img_088_SRF_4_HR.png,/home/ubuntu/scratch/sr-diffusion/benchmarks/selfexsr/SelfExSR-master/data/Urban100/image_SRF_4/img_088_SRF_4_LR.png,19.650874759463818,0.5452788784752282,18.298661382518716,0.5241922201581152
Urban100,img_089,bicubic,generated:matlab_bicubic_resize,/home/ubuntu/scratch/sr-diffusion/benchmarks/selfexsr/SelfExSR-master/data/Urban100/image_SRF_4/img_089_SRF_4_HR.png,/home/ubuntu/scratch/sr-diffusion/benchmarks/selfexsr/SelfExSR-master/data/Urban100/image_SRF_4/img_089_SRF_4_LR.png,25.44994008394699,0.6229809491015779,24.107622115883313,0.5966288481692756
Urban100,img_089,dual_best98000,/home/ubuntu/scratch/sr-diffusion/benchmark_outputs/stage2_dual_best98000/Urban100/img_089/base.png,/home/ubuntu/scratch/sr-diffusion/benchmarks/selfexsr/SelfExSR-master/data/Urban100/image_SRF_4/img_089_SRF_4_HR.png,/home/ubuntu/scratch/sr-diffusion/benchmarks/selfexsr/SelfExSR-master/data/Urban100/image_SRF_4/img_089_SRF_4_LR.png,26.521853458542385,0.7105645874948218,25.172738305000788,0.6895891182236803
Urban100,img_089,detail_v1_step6000,/home/ubuntu/scratch/sr-diffusion/benchmark_outputs/stage2_detail_perceptual_v1_step6000/Urban100/img_089/base.png,/home/ubuntu/scratch/sr-diffusion/benchmarks/selfexsr/SelfExSR-master/data/Urban100/image_SRF_4/img_089_SRF_4_HR.png,/home/ubuntu/scratch/sr-diffusion/benchmarks/selfexsr/SelfExSR-master/data/Urban100/image_SRF_4/img_089_SRF_4_LR.png,26.351900204641474,0.7116992392380925,25.005873865168795,0.6910930283586296
Urban100,img_089,detail_v1_latest12000,/home/ubuntu/scratch/sr-diffusion/benchmark_outputs/stage2_detail_perceptual_v1_latest12000/Urban100/img_089/base.png,/home/ubuntu/scratch/sr-diffusion/benchmarks/selfexsr/SelfExSR-master/data/Urban100/image_SRF_4/img_089_SRF_4_HR.png,/home/ubuntu/scratch/sr-diffusion/benchmarks/selfexsr/SelfExSR-master/data/Urban100/image_SRF_4/img_089_SRF_4_LR.png,26.465447404744452,0.7118112026334051,25.119785136792984,0.6910047223959861
Urban100,img_090,bicubic,generated:matlab_bicubic_resize,/home/ubuntu/scratch/sr-diffusion/benchmarks/selfexsr/SelfExSR-master/data/Urban100/image_SRF_4/img_090_SRF_4_HR.png,/home/ubuntu/scratch/sr-diffusion/benchmarks/selfexsr/SelfExSR-master/data/Urban100/image_SRF_4/img_090_SRF_4_LR.png,30.489126990740566,0.8877037437147648,29.08928910023015,0.8744792277239869
Urban100,img_090,dual_best98000,/home/ubuntu/scratch/sr-diffusion/benchmark_outputs/stage2_dual_best98000/Urban100/img_090/base.png,/home/ubuntu/scratch/sr-diffusion/benchmarks/selfexsr/SelfExSR-master/data/Urban100/image_SRF_4/img_090_SRF_4_HR.png,/home/ubuntu/scratch/sr-diffusion/benchmarks/selfexsr/SelfExSR-master/data/Urban100/image_SRF_4/img_090_SRF_4_LR.png,36.941913393690356,0.9705083273374268,35.256179633527005,0.9591257767972299
Urban100,img_090,detail_v1_step6000,/home/ubuntu/scratch/sr-diffusion/benchmark_outputs/stage2_detail_perceptual_v1_step6000/Urban100/img_090/base.png,/home/ubuntu/scratch/sr-diffusion/benchmarks/selfexsr/SelfExSR-master/data/Urban100/image_SRF_4/img_090_SRF_4_HR.png,/home/ubuntu/scratch/sr-diffusion/benchmarks/selfexsr/SelfExSR-master/data/Urban100/image_SRF_4/img_090_SRF_4_LR.png,36.85064173600202,0.9698840378535477,35.18693499802293,0.9582657192816466
Urban100,img_090,detail_v1_latest12000,/home/ubuntu/scratch/sr-diffusion/benchmark_outputs/stage2_detail_perceptual_v1_latest12000/Urban100/img_090/base.png,/home/ubuntu/scratch/sr-diffusion/benchmarks/selfexsr/SelfExSR-master/data/Urban100/image_SRF_4/img_090_SRF_4_HR.png,/home/ubuntu/scratch/sr-diffusion/benchmarks/selfexsr/SelfExSR-master/data/Urban100/image_SRF_4/img_090_SRF_4_LR.png,37.082088032869585,0.9709670217831204,35.41194130261409,0.9597015449938505
Urban100,img_091,bicubic,generated:matlab_bicubic_resize,/home/ubuntu/scratch/sr-diffusion/benchmarks/selfexsr/SelfExSR-master/data/Urban100/image_SRF_4/img_091_SRF_4_HR.png,/home/ubuntu/scratch/sr-diffusion/benchmarks/selfexsr/SelfExSR-master/data/Urban100/image_SRF_4/img_091_SRF_4_LR.png,22.170031135555753,0.5264059432229115,20.335570160185238,0.4885278364312444
Urban100,img_091,dual_best98000,/home/ubuntu/scratch/sr-diffusion/benchmark_outputs/stage2_dual_best98000/Urban100/img_091/base.png,/home/ubuntu/scratch/sr-diffusion/benchmarks/selfexsr/SelfExSR-master/data/Urban100/image_SRF_4/img_091_SRF_4_HR.png,/home/ubuntu/scratch/sr-diffusion/benchmarks/selfexsr/SelfExSR-master/data/Urban100/image_SRF_4/img_091_SRF_4_LR.png,23.34898075064663,0.622784060201393,21.540673018825743,0.5867648642429327
Urban100,img_091,detail_v1_step6000,/home/ubuntu/scratch/sr-diffusion/benchmark_outputs/stage2_detail_perceptual_v1_step6000/Urban100/img_091/base.png,/home/ubuntu/scratch/sr-diffusion/benchmarks/selfexsr/SelfExSR-master/data/Urban100/image_SRF_4/img_091_SRF_4_HR.png,/home/ubuntu/scratch/sr-diffusion/benchmarks/selfexsr/SelfExSR-master/data/Urban100/image_SRF_4/img_091_SRF_4_LR.png,23.34576646124214,0.630232833978901,21.546455804812798,0.5947782187313672
Urban100,img_091,detail_v1_latest12000,/home/ubuntu/scratch/sr-diffusion/benchmark_outputs/stage2_detail_perceptual_v1_latest12000/Urban100/img_091/base.png,/home/ubuntu/scratch/sr-diffusion/benchmarks/selfexsr/SelfExSR-master/data/Urban100/image_SRF_4/img_091_SRF_4_HR.png,/home/ubuntu/scratch/sr-diffusion/benchmarks/selfexsr/SelfExSR-master/data/Urban100/image_SRF_4/img_091_SRF_4_LR.png,23.34314624039024,0.6237054432832384,21.537920151806812,0.5877284164356901
Urban100,img_092,bicubic,generated:matlab_bicubic_resize,/home/ubuntu/scratch/sr-diffusion/benchmarks/selfexsr/SelfExSR-master/data/Urban100/image_SRF_4/img_092_SRF_4_HR.png,/home/ubuntu/scratch/sr-diffusion/benchmarks/selfexsr/SelfExSR-master/data/Urban100/image_SRF_4/img_092_SRF_4_LR.png,16.579708965098842,0.4376793156427288,15.257800488179388,0.41495884881514894
Urban100,img_092,dual_best98000,/home/ubuntu/scratch/sr-diffusion/benchmark_outputs/stage2_dual_best98000/Urban100/img_092/base.png,/home/ubuntu/scratch/sr-diffusion/benchmarks/selfexsr/SelfExSR-master/data/Urban100/image_SRF_4/img_092_SRF_4_HR.png,/home/ubuntu/scratch/sr-diffusion/benchmarks/selfexsr/SelfExSR-master/data/Urban100/image_SRF_4/img_092_SRF_4_LR.png,18.400401980462235,0.6171360094614289,17.074099056452535,0.5968658127139179
Urban100,img_092,detail_v1_step6000,/home/ubuntu/scratch/sr-diffusion/benchmark_outputs/stage2_detail_perceptual_v1_step6000/Urban100/img_092/base.png,/home/ubuntu/scratch/sr-diffusion/benchmarks/selfexsr/SelfExSR-master/data/Urban100/image_SRF_4/img_092_SRF_4_HR.png,/home/ubuntu/scratch/sr-diffusion/benchmarks/selfexsr/SelfExSR-master/data/Urban100/image_SRF_4/img_092_SRF_4_LR.png,18.45403690861371,0.6221228950688734,17.127781734235086,0.6020160076960548
Urban100,img_092,detail_v1_latest12000,/home/ubuntu/scratch/sr-diffusion/benchmark_outputs/stage2_detail_perceptual_v1_latest12000/Urban100/img_092/base.png,/home/ubuntu/scratch/sr-diffusion/benchmarks/selfexsr/SelfExSR-master/data/Urban100/image_SRF_4/img_092_SRF_4_HR.png,/home/ubuntu/scratch/sr-diffusion/benchmarks/selfexsr/SelfExSR-master/data/Urban100/image_SRF_4/img_092_SRF_4_LR.png,18.44019963503834,0.6182305298045222,17.113082095118695,0.5979409244064818
Urban100,img_093,bicubic,generated:matlab_bicubic_resize,/home/ubuntu/scratch/sr-diffusion/benchmarks/selfexsr/SelfExSR-master/data/Urban100/image_SRF_4/img_093_SRF_4_HR.png,/home/ubuntu/scratch/sr-diffusion/benchmarks/selfexsr/SelfExSR-master/data/Urban100/image_SRF_4/img_093_SRF_4_LR.png,23.62163465546349,0.8064754805791969,22.2849320653021,0.7851331521289729
Urban100,img_093,dual_best98000,/home/ubuntu/scratch/sr-diffusion/benchmark_outputs/stage2_dual_best98000/Urban100/img_093/base.png,/home/ubuntu/scratch/sr-diffusion/benchmarks/selfexsr/SelfExSR-master/data/Urban100/image_SRF_4/img_093_SRF_4_HR.png,/home/ubuntu/scratch/sr-diffusion/benchmarks/selfexsr/SelfExSR-master/data/Urban100/image_SRF_4/img_093_SRF_4_LR.png,28.10898567736252,0.9158997320005352,26.610825444675292,0.8964060696585089
Urban100,img_093,detail_v1_step6000,/home/ubuntu/scratch/sr-diffusion/benchmark_outputs/stage2_detail_perceptual_v1_step6000/Urban100/img_093/base.png,/home/ubuntu/scratch/sr-diffusion/benchmarks/selfexsr/SelfExSR-master/data/Urban100/image_SRF_4/img_093_SRF_4_HR.png,/home/ubuntu/scratch/sr-diffusion/benchmarks/selfexsr/SelfExSR-master/data/Urban100/image_SRF_4/img_093_SRF_4_LR.png,28.119351118839887,0.9164184444673953,26.62112748911406,0.8975102604680355
Urban100,img_093,detail_v1_latest12000,/home/ubuntu/scratch/sr-diffusion/benchmark_outputs/stage2_detail_perceptual_v1_latest12000/Urban100/img_093/base.png,/home/ubuntu/scratch/sr-diffusion/benchmarks/selfexsr/SelfExSR-master/data/Urban100/image_SRF_4/img_093_SRF_4_HR.png,/home/ubuntu/scratch/sr-diffusion/benchmarks/selfexsr/SelfExSR-master/data/Urban100/image_SRF_4/img_093_SRF_4_LR.png,28.03040146963433,0.9150162606204788,26.560230064222292,0.8963055396169928
Urban100,img_094,bicubic,generated:matlab_bicubic_resize,/home/ubuntu/scratch/sr-diffusion/benchmarks/selfexsr/SelfExSR-master/data/Urban100/image_SRF_4/img_094_SRF_4_HR.png,/home/ubuntu/scratch/sr-diffusion/benchmarks/selfexsr/SelfExSR-master/data/Urban100/image_SRF_4/img_094_SRF_4_LR.png,25.35078280652025,0.702365251061718,24.005260783022546,0.6598044661493275
Urban100,img_094,dual_best98000,/home/ubuntu/scratch/sr-diffusion/benchmark_outputs/stage2_dual_best98000/Urban100/img_094/base.png,/home/ubuntu/scratch/sr-diffusion/benchmarks/selfexsr/SelfExSR-master/data/Urban100/image_SRF_4/img_094_SRF_4_HR.png,/home/ubuntu/scratch/sr-diffusion/benchmarks/selfexsr/SelfExSR-master/data/Urban100/image_SRF_4/img_094_SRF_4_LR.png,26.986932057746735,0.777032770607178,25.58927008544119,0.7373357808981451
Urban100,img_094,detail_v1_step6000,/home/ubuntu/scratch/sr-diffusion/benchmark_outputs/stage2_detail_perceptual_v1_step6000/Urban100/img_094/base.png,/home/ubuntu/scratch/sr-diffusion/benchmarks/selfexsr/SelfExSR-master/data/Urban100/image_SRF_4/img_094_SRF_4_HR.png,/home/ubuntu/scratch/sr-diffusion/benchmarks/selfexsr/SelfExSR-master/data/Urban100/image_SRF_4/img_094_SRF_4_LR.png,26.977309663191512,0.7800664439496117,25.57606345521702,0.740601659726507
Urban100,img_094,detail_v1_latest12000,/home/ubuntu/scratch/sr-diffusion/benchmark_outputs/stage2_detail_perceptual_v1_latest12000/Urban100/img_094/base.png,/home/ubuntu/scratch/sr-diffusion/benchmarks/selfexsr/SelfExSR-master/data/Urban100/image_SRF_4/img_094_SRF_4_HR.png,/home/ubuntu/scratch/sr-diffusion/benchmarks/selfexsr/SelfExSR-master/data/Urban100/image_SRF_4/img_094_SRF_4_LR.png,27.001489108665325,0.7788801150165422,25.60241249741571,0.7390898866446656
Urban100,img_095,bicubic,generated:matlab_bicubic_resize,/home/ubuntu/scratch/sr-diffusion/benchmarks/selfexsr/SelfExSR-master/data/Urban100/image_SRF_4/img_095_SRF_4_HR.png,/home/ubuntu/scratch/sr-diffusion/benchmarks/selfexsr/SelfExSR-master/data/Urban100/image_SRF_4/img_095_SRF_4_LR.png,18.738898452137253,0.28046515620843215,17.416977140260517,0.2571851351658216
Urban100,img_095,dual_best98000,/home/ubuntu/scratch/sr-diffusion/benchmark_outputs/stage2_dual_best98000/Urban100/img_095/base.png,/home/ubuntu/scratch/sr-diffusion/benchmarks/selfexsr/SelfExSR-master/data/Urban100/image_SRF_4/img_095_SRF_4_HR.png,/home/ubuntu/scratch/sr-diffusion/benchmarks/selfexsr/SelfExSR-master/data/Urban100/image_SRF_4/img_095_SRF_4_LR.png,19.92150012018733,0.3973154856882958,18.59786766538821,0.37643475362100354
Urban100,img_095,detail_v1_step6000,/home/ubuntu/scratch/sr-diffusion/benchmark_outputs/stage2_detail_perceptual_v1_step6000/Urban100/img_095/base.png,/home/ubuntu/scratch/sr-diffusion/benchmarks/selfexsr/SelfExSR-master/data/Urban100/image_SRF_4/img_095_SRF_4_HR.png,/home/ubuntu/scratch/sr-diffusion/benchmarks/selfexsr/SelfExSR-master/data/Urban100/image_SRF_4/img_095_SRF_4_LR.png,19.967998898495964,0.40608748921584087,18.64377714027159,0.3856157150769468
Urban100,img_095,detail_v1_latest12000,/home/ubuntu/scratch/sr-diffusion/benchmark_outputs/stage2_detail_perceptual_v1_latest12000/Urban100/img_095/base.png,/home/ubuntu/scratch/sr-diffusion/benchmarks/selfexsr/SelfExSR-master/data/Urban100/image_SRF_4/img_095_SRF_4_HR.png,/home/ubuntu/scratch/sr-diffusion/benchmarks/selfexsr/SelfExSR-master/data/Urban100/image_SRF_4/img_095_SRF_4_LR.png,19.925730926950916,0.39943654783647853,18.601046243439757,0.3785020600440465
Urban100,img_096,bicubic,generated:matlab_bicubic_resize,/home/ubuntu/scratch/sr-diffusion/benchmarks/selfexsr/SelfExSR-master/data/Urban100/image_SRF_4/img_096_SRF_4_HR.png,/home/ubuntu/scratch/sr-diffusion/benchmarks/selfexsr/SelfExSR-master/data/Urban100/image_SRF_4/img_096_SRF_4_LR.png,21.327421052126798,0.6858057978565768,20.05920811161748,0.6679038897495114
Urban100,img_096,dual_best98000,/home/ubuntu/scratch/sr-diffusion/benchmark_outputs/stage2_dual_best98000/Urban100/img_096/base.png,/home/ubuntu/scratch/sr-diffusion/benchmarks/selfexsr/SelfExSR-master/data/Urban100/image_SRF_4/img_096_SRF_4_HR.png,/home/ubuntu/scratch/sr-diffusion/benchmarks/selfexsr/SelfExSR-master/data/Urban100/image_SRF_4/img_096_SRF_4_LR.png,23.554720990730544,0.8233742603376678,22.255897401794016,0.8087558597063816
Urban100,img_096,detail_v1_step6000,/home/ubuntu/scratch/sr-diffusion/benchmark_outputs/stage2_detail_perceptual_v1_step6000/Urban100/img_096/base.png,/home/ubuntu/scratch/sr-diffusion/benchmarks/selfexsr/SelfExSR-master/data/Urban100/image_SRF_4/img_096_SRF_4_HR.png,/home/ubuntu/scratch/sr-diffusion/benchmarks/selfexsr/SelfExSR-master/data/Urban100/image_SRF_4/img_096_SRF_4_LR.png,23.64916534325151,0.8293465424918562,22.355223235209994,0.8152036034140666
Urban100,img_096,detail_v1_latest12000,/home/ubuntu/scratch/sr-diffusion/benchmark_outputs/stage2_detail_perceptual_v1_latest12000/Urban100/img_096/base.png,/home/ubuntu/scratch/sr-diffusion/benchmarks/selfexsr/SelfExSR-master/data/Urban100/image_SRF_4/img_096_SRF_4_HR.png,/home/ubuntu/scratch/sr-diffusion/benchmarks/selfexsr/SelfExSR-master/data/Urban100/image_SRF_4/img_096_SRF_4_LR.png,23.614131686545555,0.8269193326983295,22.318958624975167,0.8125135801590301
Urban100,img_097,bicubic,generated:matlab_bicubic_resize,/home/ubuntu/scratch/sr-diffusion/benchmarks/selfexsr/SelfExSR-master/data/Urban100/image_SRF_4/img_097_SRF_4_HR.png,/home/ubuntu/scratch/sr-diffusion/benchmarks/selfexsr/SelfExSR-master/data/Urban100/image_SRF_4/img_097_SRF_4_LR.png,23.01924917937921,0.6425917195725455,21.616160742138646,0.6207394537234351
Urban100,img_097,dual_best98000,/home/ubuntu/scratch/sr-diffusion/benchmark_outputs/stage2_dual_best98000/Urban100/img_097/base.png,/home/ubuntu/scratch/sr-diffusion/benchmarks/selfexsr/SelfExSR-master/data/Urban100/image_SRF_4/img_097_SRF_4_HR.png,/home/ubuntu/scratch/sr-diffusion/benchmarks/selfexsr/SelfExSR-master/data/Urban100/image_SRF_4/img_097_SRF_4_LR.png,24.441229286512485,0.7399229626460214,23.024082538494905,0.7214741120852511
Urban100,img_097,detail_v1_step6000,/home/ubuntu/scratch/sr-diffusion/benchmark_outputs/stage2_detail_perceptual_v1_step6000/Urban100/img_097/base.png,/home/ubuntu/scratch/sr-diffusion/benchmarks/selfexsr/SelfExSR-master/data/Urban100/image_SRF_4/img_097_SRF_4_HR.png,/home/ubuntu/scratch/sr-diffusion/benchmarks/selfexsr/SelfExSR-master/data/Urban100/image_SRF_4/img_097_SRF_4_LR.png,24.354585610645792,0.7420312593133048,22.941630279243583,0.7238772332728957
Urban100,img_097,detail_v1_latest12000,/home/ubuntu/scratch/sr-diffusion/benchmark_outputs/stage2_detail_perceptual_v1_latest12000/Urban100/img_097/base.png,/home/ubuntu/scratch/sr-diffusion/benchmarks/selfexsr/SelfExSR-master/data/Urban100/image_SRF_4/img_097_SRF_4_HR.png,/home/ubuntu/scratch/sr-diffusion/benchmarks/selfexsr/SelfExSR-master/data/Urban100/image_SRF_4/img_097_SRF_4_LR.png,24.415019001446552,0.740558361029501,23.000009804029492,0.7222480096021533
Urban100,img_098,bicubic,generated:matlab_bicubic_resize,/home/ubuntu/scratch/sr-diffusion/benchmarks/selfexsr/SelfExSR-master/data/Urban100/image_SRF_4/img_098_SRF_4_HR.png,/home/ubuntu/scratch/sr-diffusion/benchmarks/selfexsr/SelfExSR-master/data/Urban100/image_SRF_4/img_098_SRF_4_LR.png,19.650224898986636,0.3910293974969752,18.258377424138242,0.3688940507314927
Urban100,img_098,dual_best98000,/home/ubuntu/scratch/sr-diffusion/benchmark_outputs/stage2_dual_best98000/Urban100/img_098/base.png,/home/ubuntu/scratch/sr-diffusion/benchmarks/selfexsr/SelfExSR-master/data/Urban100/image_SRF_4/img_098_SRF_4_HR.png,/home/ubuntu/scratch/sr-diffusion/benchmarks/selfexsr/SelfExSR-master/data/Urban100/image_SRF_4/img_098_SRF_4_LR.png,20.474280782929423,0.5077801522644567,19.087642674670487,0.48694962782406015
Urban100,img_098,detail_v1_step6000,/home/ubuntu/scratch/sr-diffusion/benchmark_outputs/stage2_detail_perceptual_v1_step6000/Urban100/img_098/base.png,/home/ubuntu/scratch/sr-diffusion/benchmarks/selfexsr/SelfExSR-master/data/Urban100/image_SRF_4/img_098_SRF_4_HR.png,/home/ubuntu/scratch/sr-diffusion/benchmarks/selfexsr/SelfExSR-master/data/Urban100/image_SRF_4/img_098_SRF_4_LR.png,20.453769767715468,0.5142783658966943,19.067192257852547,0.4931856773478504
Urban100,img_098,detail_v1_latest12000,/home/ubuntu/scratch/sr-diffusion/benchmark_outputs/stage2_detail_perceptual_v1_latest12000/Urban100/img_098/base.png,/home/ubuntu/scratch/sr-diffusion/benchmarks/selfexsr/SelfExSR-master/data/Urban100/image_SRF_4/img_098_SRF_4_HR.png,/home/ubuntu/scratch/sr-diffusion/benchmarks/selfexsr/SelfExSR-master/data/Urban100/image_SRF_4/img_098_SRF_4_LR.png,20.469552370354435,0.510045471408185,19.084246511024517,0.48912457805555204
Urban100,img_099,bicubic,generated:matlab_bicubic_resize,/home/ubuntu/scratch/sr-diffusion/benchmarks/selfexsr/SelfExSR-master/data/Urban100/image_SRF_4/img_099_SRF_4_HR.png,/home/ubuntu/scratch/sr-diffusion/benchmarks/selfexsr/SelfExSR-master/data/Urban100/image_SRF_4/img_099_SRF_4_LR.png,22.41167859246712,0.5877647141808264,20.391473192480497,0.5395311834601922
Urban100,img_099,dual_best98000,/home/ubuntu/scratch/sr-diffusion/benchmark_outputs/stage2_dual_best98000/Urban100/img_099/base.png,/home/ubuntu/scratch/sr-diffusion/benchmarks/selfexsr/SelfExSR-master/data/Urban100/image_SRF_4/img_099_SRF_4_HR.png,/home/ubuntu/scratch/sr-diffusion/benchmarks/selfexsr/SelfExSR-master/data/Urban100/image_SRF_4/img_099_SRF_4_LR.png,25.16202680103074,0.754484328828895,22.799954129771717,0.7030464880129429
Urban100,img_099,detail_v1_step6000,/home/ubuntu/scratch/sr-diffusion/benchmark_outputs/stage2_detail_perceptual_v1_step6000/Urban100/img_099/base.png,/home/ubuntu/scratch/sr-diffusion/benchmarks/selfexsr/SelfExSR-master/data/Urban100/image_SRF_4/img_099_SRF_4_HR.png,/home/ubuntu/scratch/sr-diffusion/benchmarks/selfexsr/SelfExSR-master/data/Urban100/image_SRF_4/img_099_SRF_4_LR.png,25.044769909341596,0.7571299446382194,22.710659959953787,0.706425038830382
Urban100,img_099,detail_v1_latest12000,/home/ubuntu/scratch/sr-diffusion/benchmark_outputs/stage2_detail_perceptual_v1_latest12000/Urban100/img_099/base.png,/home/ubuntu/scratch/sr-diffusion/benchmarks/selfexsr/SelfExSR-master/data/Urban100/image_SRF_4/img_099_SRF_4_HR.png,/home/ubuntu/scratch/sr-diffusion/benchmarks/selfexsr/SelfExSR-master/data/Urban100/image_SRF_4/img_099_SRF_4_LR.png,25.176462791882965,0.7582025161192464,22.81142653630353,0.7066835137914595
Urban100,img_100,bicubic,generated:matlab_bicubic_resize,/home/ubuntu/scratch/sr-diffusion/benchmarks/selfexsr/SelfExSR-master/data/Urban100/image_SRF_4/img_100_SRF_4_HR.png,/home/ubuntu/scratch/sr-diffusion/benchmarks/selfexsr/SelfExSR-master/data/Urban100/image_SRF_4/img_100_SRF_4_LR.png,22.284320491581596,0.599815193772396,19.6234725089187,0.5319749851254348
Urban100,img_100,dual_best98000,/home/ubuntu/scratch/sr-diffusion/benchmark_outputs/stage2_dual_best98000/Urban100/img_100/base.png,/home/ubuntu/scratch/sr-diffusion/benchmarks/selfexsr/SelfExSR-master/data/Urban100/image_SRF_4/img_100_SRF_4_HR.png,/home/ubuntu/scratch/sr-diffusion/benchmarks/selfexsr/SelfExSR-master/data/Urban100/image_SRF_4/img_100_SRF_4_LR.png,26.018065999541307,0.742199725701123,22.045515456187395,0.669538532914169
Urban100,img_100,detail_v1_step6000,/home/ubuntu/scratch/sr-diffusion/benchmark_outputs/stage2_detail_perceptual_v1_step6000/Urban100/img_100/base.png,/home/ubuntu/scratch/sr-diffusion/benchmarks/selfexsr/SelfExSR-master/data/Urban100/image_SRF_4/img_100_SRF_4_HR.png,/home/ubuntu/scratch/sr-diffusion/benchmarks/selfexsr/SelfExSR-master/data/Urban100/image_SRF_4/img_100_SRF_4_LR.png,26.000772880730082,0.7446164322235266,22.040584585110558,0.6720947819109825
Urban100,img_100,detail_v1_latest12000,/home/ubuntu/scratch/sr-diffusion/benchmark_outputs/stage2_detail_perceptual_v1_latest12000/Urban100/img_100/base.png,/home/ubuntu/scratch/sr-diffusion/benchmarks/selfexsr/SelfExSR-master/data/Urban100/image_SRF_4/img_100_SRF_4_HR.png,/home/ubuntu/scratch/sr-diffusion/benchmarks/selfexsr/SelfExSR-master/data/Urban100/image_SRF_4/img_100_SRF_4_LR.png,26.04144083091633,0.7435214477545273,22.06160740034148,0.6707462038113432
