dataset,id,candidate,candidate_path,hr_path,lr_path,y_psnr,y_ssim,rgb_psnr
DIV2K,0801,bicubic,generated:matlab_bicubic_resize,<benchmark_root>/div2k/DIV2K_valid_HR/0801.png,<benchmark_root>/div2k/DIV2K_valid_LR_bicubic/X4/0801x4.png,28.918895062413313,0.8018290667782313,27.643347589792107
DIV2K,0801,detail_base,<output_root>/detail_v1d/DIV2K/0801/base.png,<benchmark_root>/div2k/DIV2K_valid_HR/0801.png,<benchmark_root>/div2k/DIV2K_valid_LR_bicubic/X4/0801x4.png,30.118486437329164,0.8468877741874965,28.81023260633667
DIV2K,0801,detail_v1d,<output_root>/detail_v1d/DIV2K/0801/detail.png,<benchmark_root>/div2k/DIV2K_valid_HR/0801.png,<benchmark_root>/div2k/DIV2K_valid_LR_bicubic/X4/0801x4.png,30.190559438446975,0.8500374714501521,28.902801024973517
DIV2K,0801,refiner_condition,<output_root>/refiner_v2/DIV2K/0801/condition.png,<benchmark_root>/div2k/DIV2K_valid_HR/0801.png,<benchmark_root>/div2k/DIV2K_valid_LR_bicubic/X4/0801x4.png,29.688800461660048,0.8367930469538153,28.273589244091113
DIV2K,0801,refiner_v2,<output_root>/refiner_v2/DIV2K/0801/refined.png,<benchmark_root>/div2k/DIV2K_valid_HR/0801.png,<benchmark_root>/div2k/DIV2K_valid_LR_bicubic/X4/0801x4.png,29.660583740862407,0.8413000177162352,28.337090606110454
DIV2K,0801,RealESRNet_x4plus,<output_root>/realesrgan/DIV2K/0801/RealESRNet_x4plus.png,<benchmark_root>/div2k/DIV2K_valid_HR/0801.png,<benchmark_root>/div2k/DIV2K_valid_LR_bicubic/X4/0801x4.png,28.384115985286343,0.8168083871274223,26.935164436272455
DIV2K,0801,RealESRGAN_x4plus,<output_root>/realesrgan/DIV2K/0801/RealESRGAN_x4plus.png,<benchmark_root>/div2k/DIV2K_valid_HR/0801.png,<benchmark_root>/div2k/DIV2K_valid_LR_bicubic/X4/0801x4.png,25.886530265517223,0.7270672615482674,24.405289863647113
DIV2K,0802,bicubic,generated:matlab_bicubic_resize,<benchmark_root>/div2k/DIV2K_valid_HR/0802.png,<benchmark_root>/div2k/DIV2K_valid_LR_bicubic/X4/0802x4.png,34.930950714771704,0.8953074359903685,33.16010272897294
DIV2K,0802,detail_base,<output_root>/detail_v1d/DIV2K/0802/base.png,<benchmark_root>/div2k/DIV2K_valid_HR/0802.png,<benchmark_root>/div2k/DIV2K_valid_LR_bicubic/X4/0802x4.png,37.004483108230176,0.9181654282329026,34.78261763453797
DIV2K,0802,detail_v1d,<output_root>/detail_v1d/DIV2K/0802/detail.png,<benchmark_root>/div2k/DIV2K_valid_HR/0802.png,<benchmark_root>/div2k/DIV2K_valid_LR_bicubic/X4/0802x4.png,37.200726923281586,0.9204770331985122,34.98928999653157
DIV2K,0802,refiner_condition,<output_root>/refiner_v2/DIV2K/0802/condition.png,<benchmark_root>/div2k/DIV2K_valid_HR/0802.png,<benchmark_root>/div2k/DIV2K_valid_LR_bicubic/X4/0802x4.png,35.53019992764563,0.910891136793912,33.198738396471626
DIV2K,0802,refiner_v2,<output_root>/refiner_v2/DIV2K/0802/refined.png,<benchmark_root>/div2k/DIV2K_valid_HR/0802.png,<benchmark_root>/div2k/DIV2K_valid_LR_bicubic/X4/0802x4.png,35.99140967201736,0.9155359327240821,33.760506682770625
DIV2K,0802,RealESRNet_x4plus,<output_root>/realesrgan/DIV2K/0802/RealESRNet_x4plus.png,<benchmark_root>/div2k/DIV2K_valid_HR/0802.png,<benchmark_root>/div2k/DIV2K_valid_LR_bicubic/X4/0802x4.png,35.10271711943808,0.8879450417216112,32.045565855508606
DIV2K,0802,RealESRGAN_x4plus,<output_root>/realesrgan/DIV2K/0802/RealESRGAN_x4plus.png,<benchmark_root>/div2k/DIV2K_valid_HR/0802.png,<benchmark_root>/div2k/DIV2K_valid_LR_bicubic/X4/0802x4.png,33.40505321833346,0.8746417135803137,30.347533387249243
DIV2K,0803,bicubic,generated:matlab_bicubic_resize,<benchmark_root>/div2k/DIV2K_valid_HR/0803.png,<benchmark_root>/div2k/DIV2K_valid_LR_bicubic/X4/0803x4.png,35.05526220916966,0.9527886085921927,33.61202775229642
DIV2K,0803,detail_base,<output_root>/detail_v1d/DIV2K/0803/base.png,<benchmark_root>/div2k/DIV2K_valid_HR/0803.png,<benchmark_root>/div2k/DIV2K_valid_LR_bicubic/X4/0803x4.png,41.92151685868018,0.9792438976281268,39.547125263587624
DIV2K,0803,detail_v1d,<output_root>/detail_v1d/DIV2K/0803/detail.png,<benchmark_root>/div2k/DIV2K_valid_HR/0803.png,<benchmark_root>/div2k/DIV2K_valid_LR_bicubic/X4/0803x4.png,42.49394962245789,0.9812945362231851,40.07120250278936
DIV2K,0803,refiner_condition,<output_root>/refiner_v2/DIV2K/0803/condition.png,<benchmark_root>/div2k/DIV2K_valid_HR/0803.png,<benchmark_root>/div2k/DIV2K_valid_LR_bicubic/X4/0803x4.png,38.082705370535564,0.971956834029555,35.79226067025748
DIV2K,0803,refiner_v2,<output_root>/refiner_v2/DIV2K/0803/refined.png,<benchmark_root>/div2k/DIV2K_valid_HR/0803.png,<benchmark_root>/div2k/DIV2K_valid_LR_bicubic/X4/0803x4.png,39.5042505561143,0.9744314300485188,37.117263121357915
DIV2K,0803,RealESRNet_x4plus,<output_root>/realesrgan/DIV2K/0803/RealESRNet_x4plus.png,<benchmark_root>/div2k/DIV2K_valid_HR/0803.png,<benchmark_root>/div2k/DIV2K_valid_LR_bicubic/X4/0803x4.png,38.481266044108374,0.9696002269298796,34.420138655946865
DIV2K,0803,RealESRGAN_x4plus,<output_root>/realesrgan/DIV2K/0803/RealESRGAN_x4plus.png,<benchmark_root>/div2k/DIV2K_valid_HR/0803.png,<benchmark_root>/div2k/DIV2K_valid_LR_bicubic/X4/0803x4.png,35.716216356510905,0.9570421728070543,31.25597835927449
DIV2K,0804,bicubic,generated:matlab_bicubic_resize,<benchmark_root>/div2k/DIV2K_valid_HR/0804.png,<benchmark_root>/div2k/DIV2K_valid_LR_bicubic/X4/0804x4.png,26.89838873553256,0.7363780585335264,25.382047503703042
DIV2K,0804,detail_base,<output_root>/detail_v1d/DIV2K/0804/base.png,<benchmark_root>/div2k/DIV2K_valid_HR/0804.png,<benchmark_root>/div2k/DIV2K_valid_LR_bicubic/X4/0804x4.png,28.587854253218307,0.8089092580980562,27.05843437504585
DIV2K,0804,detail_v1d,<output_root>/detail_v1d/DIV2K/0804/detail.png,<benchmark_root>/div2k/DIV2K_valid_HR/0804.png,<benchmark_root>/div2k/DIV2K_valid_LR_bicubic/X4/0804x4.png,28.769273226093468,0.8160453292897702,27.26323582444362
DIV2K,0804,refiner_condition,<output_root>/refiner_v2/DIV2K/0804/condition.png,<benchmark_root>/div2k/DIV2K_valid_HR/0804.png,<benchmark_root>/div2k/DIV2K_valid_LR_bicubic/X4/0804x4.png,28.118423947605606,0.7947410725502615,26.473447498021635
DIV2K,0804,refiner_v2,<output_root>/refiner_v2/DIV2K/0804/refined.png,<benchmark_root>/div2k/DIV2K_valid_HR/0804.png,<benchmark_root>/div2k/DIV2K_valid_LR_bicubic/X4/0804x4.png,28.26680586241453,0.8020671350648302,26.736020066789862
DIV2K,0804,RealESRNet_x4plus,<output_root>/realesrgan/DIV2K/0804/RealESRNet_x4plus.png,<benchmark_root>/div2k/DIV2K_valid_HR/0804.png,<benchmark_root>/div2k/DIV2K_valid_LR_bicubic/X4/0804x4.png,27.678471558531452,0.7895689481211424,25.55479281285741
DIV2K,0804,RealESRGAN_x4plus,<output_root>/realesrgan/DIV2K/0804/RealESRGAN_x4plus.png,<benchmark_root>/div2k/DIV2K_valid_HR/0804.png,<benchmark_root>/div2k/DIV2K_valid_LR_bicubic/X4/0804x4.png,24.031418693195683,0.6976087868859298,22.278440183797695
DIV2K,0805,bicubic,generated:matlab_bicubic_resize,<benchmark_root>/div2k/DIV2K_valid_HR/0805.png,<benchmark_root>/div2k/DIV2K_valid_LR_bicubic/X4/0805x4.png,28.801797612578316,0.7497834825810444,27.498127193375275
DIV2K,0805,detail_base,<output_root>/detail_v1d/DIV2K/0805/base.png,<benchmark_root>/div2k/DIV2K_valid_HR/0805.png,<benchmark_root>/div2k/DIV2K_valid_LR_bicubic/X4/0805x4.png,29.532253133410755,0.7935464874060509,28.18856584588014
DIV2K,0805,detail_v1d,<output_root>/detail_v1d/DIV2K/0805/detail.png,<benchmark_root>/div2k/DIV2K_valid_HR/0805.png,<benchmark_root>/div2k/DIV2K_valid_LR_bicubic/X4/0805x4.png,29.617442326370586,0.7967301664066944,28.281015609862767
DIV2K,0805,refiner_condition,<output_root>/refiner_v2/DIV2K/0805/condition.png,<benchmark_root>/div2k/DIV2K_valid_HR/0805.png,<benchmark_root>/div2k/DIV2K_valid_LR_bicubic/X4/0805x4.png,29.016975651645296,0.7789780579399028,27.604670880644644
DIV2K,0805,refiner_v2,<output_root>/refiner_v2/DIV2K/0805/refined.png,<benchmark_root>/div2k/DIV2K_valid_HR/0805.png,<benchmark_root>/div2k/DIV2K_valid_LR_bicubic/X4/0805x4.png,29.028608937445185,0.7884779331103567,27.646727558338515
DIV2K,0805,RealESRNet_x4plus,<output_root>/realesrgan/DIV2K/0805/RealESRNet_x4plus.png,<benchmark_root>/div2k/DIV2K_valid_HR/0805.png,<benchmark_root>/div2k/DIV2K_valid_LR_bicubic/X4/0805x4.png,29.02850899386319,0.7828374680052097,27.466339932081798
DIV2K,0805,RealESRGAN_x4plus,<output_root>/realesrgan/DIV2K/0805/RealESRGAN_x4plus.png,<benchmark_root>/div2k/DIV2K_valid_HR/0805.png,<benchmark_root>/div2k/DIV2K_valid_LR_bicubic/X4/0805x4.png,26.141843740872446,0.6937994470856828,24.70820182881253
DIV2K,0806,bicubic,generated:matlab_bicubic_resize,<benchmark_root>/div2k/DIV2K_valid_HR/0806.png,<benchmark_root>/div2k/DIV2K_valid_LR_bicubic/X4/0806x4.png,28.18409466223436,0.8318159177787555,26.254558110775843
DIV2K,0806,detail_base,<output_root>/detail_v1d/DIV2K/0806/base.png,<benchmark_root>/div2k/DIV2K_valid_HR/0806.png,<benchmark_root>/div2k/DIV2K_valid_LR_bicubic/X4/0806x4.png,29.77235067175643,0.8710027762622441,27.800482106286545
DIV2K,0806,detail_v1d,<output_root>/detail_v1d/DIV2K/0806/detail.png,<benchmark_root>/div2k/DIV2K_valid_HR/0806.png,<benchmark_root>/div2k/DIV2K_valid_LR_bicubic/X4/0806x4.png,29.98815466778117,0.8758564492970712,28.034219312760982
DIV2K,0806,refiner_condition,<output_root>/refiner_v2/DIV2K/0806/condition.png,<benchmark_root>/div2k/DIV2K_valid_HR/0806.png,<benchmark_root>/div2k/DIV2K_valid_LR_bicubic/X4/0806x4.png,29.183930192554524,0.8580217017537346,27.06973436875402
DIV2K,0806,refiner_v2,<output_root>/refiner_v2/DIV2K/0806/refined.png,<benchmark_root>/div2k/DIV2K_valid_HR/0806.png,<benchmark_root>/div2k/DIV2K_valid_LR_bicubic/X4/0806x4.png,29.40281314466844,0.8647253899473425,27.418855352337435
DIV2K,0806,RealESRNet_x4plus,<output_root>/realesrgan/DIV2K/0806/RealESRNet_x4plus.png,<benchmark_root>/div2k/DIV2K_valid_HR/0806.png,<benchmark_root>/div2k/DIV2K_valid_LR_bicubic/X4/0806x4.png,29.208407702095673,0.8594331756576332,26.895244486253944
DIV2K,0806,RealESRGAN_x4plus,<output_root>/realesrgan/DIV2K/0806/RealESRGAN_x4plus.png,<benchmark_root>/div2k/DIV2K_valid_HR/0806.png,<benchmark_root>/div2k/DIV2K_valid_LR_bicubic/X4/0806x4.png,26.744629932376775,0.7993961015426251,24.78076868788351
DIV2K,0807,bicubic,generated:matlab_bicubic_resize,<benchmark_root>/div2k/DIV2K_valid_HR/0807.png,<benchmark_root>/div2k/DIV2K_valid_LR_bicubic/X4/0807x4.png,20.923770191455763,0.45080809914988274,19.426190290090723
DIV2K,0807,detail_base,<output_root>/detail_v1d/DIV2K/0807/base.png,<benchmark_root>/div2k/DIV2K_valid_HR/0807.png,<benchmark_root>/div2k/DIV2K_valid_LR_bicubic/X4/0807x4.png,21.580029247977635,0.5234618772790431,20.077999478147348
DIV2K,0807,detail_v1d,<output_root>/detail_v1d/DIV2K/0807/detail.png,<benchmark_root>/div2k/DIV2K_valid_HR/0807.png,<benchmark_root>/div2k/DIV2K_valid_LR_bicubic/X4/0807x4.png,21.664331996687615,0.5314166916877137,20.17298469519752
DIV2K,0807,refiner_condition,<output_root>/refiner_v2/DIV2K/0807/condition.png,<benchmark_root>/div2k/DIV2K_valid_HR/0807.png,<benchmark_root>/div2k/DIV2K_valid_LR_bicubic/X4/0807x4.png,21.281138725354474,0.4913373265354957,19.692591499693947
DIV2K,0807,refiner_v2,<output_root>/refiner_v2/DIV2K/0807/refined.png,<benchmark_root>/div2k/DIV2K_valid_HR/0807.png,<benchmark_root>/div2k/DIV2K_valid_LR_bicubic/X4/0807x4.png,21.464770693216053,0.5143506978791897,19.958240260673236
DIV2K,0807,RealESRNet_x4plus,<output_root>/realesrgan/DIV2K/0807/RealESRNet_x4plus.png,<benchmark_root>/div2k/DIV2K_valid_HR/0807.png,<benchmark_root>/div2k/DIV2K_valid_LR_bicubic/X4/0807x4.png,21.347433528731095,0.4942177804626393,19.55217213497636
DIV2K,0807,RealESRGAN_x4plus,<output_root>/realesrgan/DIV2K/0807/RealESRGAN_x4plus.png,<benchmark_root>/div2k/DIV2K_valid_HR/0807.png,<benchmark_root>/div2k/DIV2K_valid_LR_bicubic/X4/0807x4.png,19.587288607350956,0.4348472574801182,17.968043232158443
DIV2K,0808,bicubic,generated:matlab_bicubic_resize,<benchmark_root>/div2k/DIV2K_valid_HR/0808.png,<benchmark_root>/div2k/DIV2K_valid_LR_bicubic/X4/0808x4.png,26.835505730831436,0.7853498865703669,25.444273211617272
DIV2K,0808,detail_base,<output_root>/detail_v1d/DIV2K/0808/base.png,<benchmark_root>/div2k/DIV2K_valid_HR/0808.png,<benchmark_root>/div2k/DIV2K_valid_LR_bicubic/X4/0808x4.png,27.972556738709144,0.8172373775136671,26.57811877934614
DIV2K,0808,detail_v1d,<output_root>/detail_v1d/DIV2K/0808/detail.png,<benchmark_root>/div2k/DIV2K_valid_HR/0808.png,<benchmark_root>/div2k/DIV2K_valid_LR_bicubic/X4/0808x4.png,28.11169947069008,0.8211711519445624,26.722507608807703
DIV2K,0808,refiner_condition,<output_root>/refiner_v2/DIV2K/0808/condition.png,<benchmark_root>/div2k/DIV2K_valid_HR/0808.png,<benchmark_root>/div2k/DIV2K_valid_LR_bicubic/X4/0808x4.png,27.65822712704445,0.8063177229667314,26.18220492303376
DIV2K,0808,refiner_v2,<output_root>/refiner_v2/DIV2K/0808/refined.png,<benchmark_root>/div2k/DIV2K_valid_HR/0808.png,<benchmark_root>/div2k/DIV2K_valid_LR_bicubic/X4/0808x4.png,27.79034917500936,0.8132991068943366,26.359397837681968
DIV2K,0808,RealESRNet_x4plus,<output_root>/realesrgan/DIV2K/0808/RealESRNet_x4plus.png,<benchmark_root>/div2k/DIV2K_valid_HR/0808.png,<benchmark_root>/div2k/DIV2K_valid_LR_bicubic/X4/0808x4.png,27.63561714360796,0.8061597000097633,25.998651028768958
DIV2K,0808,RealESRGAN_x4plus,<output_root>/realesrgan/DIV2K/0808/RealESRGAN_x4plus.png,<benchmark_root>/div2k/DIV2K_valid_HR/0808.png,<benchmark_root>/div2k/DIV2K_valid_LR_bicubic/X4/0808x4.png,25.67587261484515,0.7637832125575605,24.09819082234092
DIV2K,0809,bicubic,generated:matlab_bicubic_resize,<benchmark_root>/div2k/DIV2K_valid_HR/0809.png,<benchmark_root>/div2k/DIV2K_valid_LR_bicubic/X4/0809x4.png,31.979711733414675,0.8339541006473665,30.476746211697915
DIV2K,0809,detail_base,<output_root>/detail_v1d/DIV2K/0809/base.png,<benchmark_root>/div2k/DIV2K_valid_HR/0809.png,<benchmark_root>/div2k/DIV2K_valid_LR_bicubic/X4/0809x4.png,33.20114384846822,0.8752192837382302,31.65180910368673
DIV2K,0809,detail_v1d,<output_root>/detail_v1d/DIV2K/0809/detail.png,<benchmark_root>/div2k/DIV2K_valid_HR/0809.png,<benchmark_root>/div2k/DIV2K_valid_LR_bicubic/X4/0809x4.png,33.32429979068013,0.8786794026471845,31.791923787972646
DIV2K,0809,refiner_condition,<output_root>/refiner_v2/DIV2K/0809/condition.png,<benchmark_root>/div2k/DIV2K_valid_HR/0809.png,<benchmark_root>/div2k/DIV2K_valid_LR_bicubic/X4/0809x4.png,32.704577591180836,0.8682329299288888,31.0410553790256
DIV2K,0809,refiner_v2,<output_root>/refiner_v2/DIV2K/0809/refined.png,<benchmark_root>/div2k/DIV2K_valid_HR/0809.png,<benchmark_root>/div2k/DIV2K_valid_LR_bicubic/X4/0809x4.png,32.548601971614936,0.870425848785767,30.963047893858715
DIV2K,0809,RealESRNet_x4plus,<output_root>/realesrgan/DIV2K/0809/RealESRNet_x4plus.png,<benchmark_root>/div2k/DIV2K_valid_HR/0809.png,<benchmark_root>/div2k/DIV2K_valid_LR_bicubic/X4/0809x4.png,30.807193208761532,0.8440358116071027,28.875269052494545
DIV2K,0809,RealESRGAN_x4plus,<output_root>/realesrgan/DIV2K/0809/RealESRGAN_x4plus.png,<benchmark_root>/div2k/DIV2K_valid_HR/0809.png,<benchmark_root>/div2k/DIV2K_valid_LR_bicubic/X4/0809x4.png,28.13839589795849,0.7459883921865198,26.275286952261972
DIV2K,0810,bicubic,generated:matlab_bicubic_resize,<benchmark_root>/div2k/DIV2K_valid_HR/0810.png,<benchmark_root>/div2k/DIV2K_valid_LR_bicubic/X4/0810x4.png,26.972769027906978,0.7466473508560989,25.796789610372734
DIV2K,0810,detail_base,<output_root>/detail_v1d/DIV2K/0810/base.png,<benchmark_root>/div2k/DIV2K_valid_HR/0810.png,<benchmark_root>/div2k/DIV2K_valid_LR_bicubic/X4/0810x4.png,27.58029167815602,0.7998129727941933,26.342808197140144
DIV2K,0810,detail_v1d,<output_root>/detail_v1d/DIV2K/0810/detail.png,<benchmark_root>/div2k/DIV2K_valid_HR/0810.png,<benchmark_root>/div2k/DIV2K_valid_LR_bicubic/X4/0810x4.png,27.637552673049743,0.8025776503572716,26.41816604955479
DIV2K,0810,refiner_condition,<output_root>/refiner_v2/DIV2K/0810/condition.png,<benchmark_root>/div2k/DIV2K_valid_HR/0810.png,<benchmark_root>/div2k/DIV2K_valid_LR_bicubic/X4/0810x4.png,27.41599526567185,0.7896979001047627,26.093730582298754
DIV2K,0810,refiner_v2,<output_root>/refiner_v2/DIV2K/0810/refined.png,<benchmark_root>/div2k/DIV2K_valid_HR/0810.png,<benchmark_root>/div2k/DIV2K_valid_LR_bicubic/X4/0810x4.png,27.44829208177554,0.7957476226156912,26.198828852646994
DIV2K,0810,RealESRNet_x4plus,<output_root>/realesrgan/DIV2K/0810/RealESRNet_x4plus.png,<benchmark_root>/div2k/DIV2K_valid_HR/0810.png,<benchmark_root>/div2k/DIV2K_valid_LR_bicubic/X4/0810x4.png,26.372660656120924,0.7890134019640797,25.041077691785357
DIV2K,0810,RealESRGAN_x4plus,<output_root>/realesrgan/DIV2K/0810/RealESRGAN_x4plus.png,<benchmark_root>/div2k/DIV2K_valid_HR/0810.png,<benchmark_root>/div2k/DIV2K_valid_LR_bicubic/X4/0810x4.png,23.290378068813023,0.6844755889196291,21.940665047089766
DIV2K,0811,bicubic,generated:matlab_bicubic_resize,<benchmark_root>/div2k/DIV2K_valid_HR/0811.png,<benchmark_root>/div2k/DIV2K_valid_LR_bicubic/X4/0811x4.png,29.0753367233034,0.7580004037871899,27.98478754284604
DIV2K,0811,detail_base,<output_root>/detail_v1d/DIV2K/0811/base.png,<benchmark_root>/div2k/DIV2K_valid_HR/0811.png,<benchmark_root>/div2k/DIV2K_valid_LR_bicubic/X4/0811x4.png,29.727430892087305,0.8046126564432746,28.574513795360478
DIV2K,0811,detail_v1d,<output_root>/detail_v1d/DIV2K/0811/detail.png,<benchmark_root>/div2k/DIV2K_valid_HR/0811.png,<benchmark_root>/div2k/DIV2K_valid_LR_bicubic/X4/0811x4.png,29.846074168818756,0.809328922233065,28.709491346225555
DIV2K,0811,refiner_condition,<output_root>/refiner_v2/DIV2K/0811/condition.png,<benchmark_root>/div2k/DIV2K_valid_HR/0811.png,<benchmark_root>/div2k/DIV2K_valid_LR_bicubic/X4/0811x4.png,29.450522441970534,0.7979676686916083,28.201547338022745
DIV2K,0811,refiner_v2,<output_root>/refiner_v2/DIV2K/0811/refined.png,<benchmark_root>/div2k/DIV2K_valid_HR/0811.png,<benchmark_root>/div2k/DIV2K_valid_LR_bicubic/X4/0811x4.png,29.471970495271208,0.8020315316028801,28.294581137828686
DIV2K,0811,RealESRNet_x4plus,<output_root>/realesrgan/DIV2K/0811/RealESRNet_x4plus.png,<benchmark_root>/div2k/DIV2K_valid_HR/0811.png,<benchmark_root>/div2k/DIV2K_valid_LR_bicubic/X4/0811x4.png,28.822259069537548,0.788291016812497,27.458142637366876
DIV2K,0811,RealESRGAN_x4plus,<output_root>/realesrgan/DIV2K/0811/RealESRGAN_x4plus.png,<benchmark_root>/div2k/DIV2K_valid_HR/0811.png,<benchmark_root>/div2k/DIV2K_valid_LR_bicubic/X4/0811x4.png,24.965558508895857,0.6584211698656346,23.653013556696393
DIV2K,0812,bicubic,generated:matlab_bicubic_resize,<benchmark_root>/div2k/DIV2K_valid_HR/0812.png,<benchmark_root>/div2k/DIV2K_valid_LR_bicubic/X4/0812x4.png,26.850286416339078,0.7550489673518418,25.614347536681812
DIV2K,0812,detail_base,<output_root>/detail_v1d/DIV2K/0812/base.png,<benchmark_root>/div2k/DIV2K_valid_HR/0812.png,<benchmark_root>/div2k/DIV2K_valid_LR_bicubic/X4/0812x4.png,28.710566183448833,0.8199297203861079,27.469176093636975
DIV2K,0812,detail_v1d,<output_root>/detail_v1d/DIV2K/0812/detail.png,<benchmark_root>/div2k/DIV2K_valid_HR/0812.png,<benchmark_root>/div2k/DIV2K_valid_LR_bicubic/X4/0812x4.png,28.906894181351035,0.8257866499422571,27.6732907544565
DIV2K,0812,refiner_condition,<output_root>/refiner_v2/DIV2K/0812/condition.png,<benchmark_root>/div2k/DIV2K_valid_HR/0812.png,<benchmark_root>/div2k/DIV2K_valid_LR_bicubic/X4/0812x4.png,28.125345639218942,0.8048445273436048,26.80020581448926
DIV2K,0812,refiner_v2,<output_root>/refiner_v2/DIV2K/0812/refined.png,<benchmark_root>/div2k/DIV2K_valid_HR/0812.png,<benchmark_root>/div2k/DIV2K_valid_LR_bicubic/X4/0812x4.png,28.125702332616793,0.8100373558665757,26.858019630144447
DIV2K,0812,RealESRNet_x4plus,<output_root>/realesrgan/DIV2K/0812/RealESRNet_x4plus.png,<benchmark_root>/div2k/DIV2K_valid_HR/0812.png,<benchmark_root>/div2k/DIV2K_valid_LR_bicubic/X4/0812x4.png,27.80742471346903,0.8103493958413636,26.47182964568529
DIV2K,0812,RealESRGAN_x4plus,<output_root>/realesrgan/DIV2K/0812/RealESRGAN_x4plus.png,<benchmark_root>/div2k/DIV2K_valid_HR/0812.png,<benchmark_root>/div2k/DIV2K_valid_LR_bicubic/X4/0812x4.png,24.792696884368702,0.7375877287615289,23.445487703790896
DIV2K,0813,bicubic,generated:matlab_bicubic_resize,<benchmark_root>/div2k/DIV2K_valid_HR/0813.png,<benchmark_root>/div2k/DIV2K_valid_LR_bicubic/X4/0813x4.png,30.20637705153463,0.8579755667057617,28.822028775596156
DIV2K,0813,detail_base,<output_root>/detail_v1d/DIV2K/0813/base.png,<benchmark_root>/div2k/DIV2K_valid_HR/0813.png,<benchmark_root>/div2k/DIV2K_valid_LR_bicubic/X4/0813x4.png,32.49723378854056,0.8960696512217112,31.03748721689601
DIV2K,0813,detail_v1d,<output_root>/detail_v1d/DIV2K/0813/detail.png,<benchmark_root>/div2k/DIV2K_valid_HR/0813.png,<benchmark_root>/div2k/DIV2K_valid_LR_bicubic/X4/0813x4.png,32.67479761382407,0.8992255858534854,31.224331061935217
DIV2K,0813,refiner_condition,<output_root>/refiner_v2/DIV2K/0813/condition.png,<benchmark_root>/div2k/DIV2K_valid_HR/0813.png,<benchmark_root>/div2k/DIV2K_valid_LR_bicubic/X4/0813x4.png,31.930812405390352,0.8871368471616862,30.24296154395078
DIV2K,0813,refiner_v2,<output_root>/refiner_v2/DIV2K/0813/refined.png,<benchmark_root>/div2k/DIV2K_valid_HR/0813.png,<benchmark_root>/div2k/DIV2K_valid_LR_bicubic/X4/0813x4.png,32.12266619377515,0.8913661829903611,30.640525253679417
DIV2K,0813,RealESRNet_x4plus,<output_root>/realesrgan/DIV2K/0813/RealESRNet_x4plus.png,<benchmark_root>/div2k/DIV2K_valid_HR/0813.png,<benchmark_root>/div2k/DIV2K_valid_LR_bicubic/X4/0813x4.png,31.406103370665114,0.8825906044220191,29.42374917587189
DIV2K,0813,RealESRGAN_x4plus,<output_root>/realesrgan/DIV2K/0813/RealESRGAN_x4plus.png,<benchmark_root>/div2k/DIV2K_valid_HR/0813.png,<benchmark_root>/div2k/DIV2K_valid_LR_bicubic/X4/0813x4.png,28.94389852064803,0.85104483131852,27.06246685700371
DIV2K,0814,bicubic,generated:matlab_bicubic_resize,<benchmark_root>/div2k/DIV2K_valid_HR/0814.png,<benchmark_root>/div2k/DIV2K_valid_LR_bicubic/X4/0814x4.png,27.949684886370715,0.8735567824279529,26.554310588486246
DIV2K,0814,detail_base,<output_root>/detail_v1d/DIV2K/0814/base.png,<benchmark_root>/div2k/DIV2K_valid_HR/0814.png,<benchmark_root>/div2k/DIV2K_valid_LR_bicubic/X4/0814x4.png,29.25432466613467,0.902496123445859,27.819113421451846
DIV2K,0814,detail_v1d,<output_root>/detail_v1d/DIV2K/0814/detail.png,<benchmark_root>/div2k/DIV2K_valid_HR/0814.png,<benchmark_root>/div2k/DIV2K_valid_LR_bicubic/X4/0814x4.png,29.496519339090366,0.9076857023440925,28.064802020456163
DIV2K,0814,refiner_condition,<output_root>/refiner_v2/DIV2K/0814/condition.png,<benchmark_root>/div2k/DIV2K_valid_HR/0814.png,<benchmark_root>/div2k/DIV2K_valid_LR_bicubic/X4/0814x4.png,24.713171751235187,0.8756248423212435,23.325779025744268
DIV2K,0814,refiner_v2,<output_root>/refiner_v2/DIV2K/0814/refined.png,<benchmark_root>/div2k/DIV2K_valid_HR/0814.png,<benchmark_root>/div2k/DIV2K_valid_LR_bicubic/X4/0814x4.png,24.31893292837341,0.8742125912074306,22.958529468244073
DIV2K,0814,RealESRNet_x4plus,<output_root>/realesrgan/DIV2K/0814/RealESRNet_x4plus.png,<benchmark_root>/div2k/DIV2K_valid_HR/0814.png,<benchmark_root>/div2k/DIV2K_valid_LR_bicubic/X4/0814x4.png,28.77717643769026,0.8947639480439045,27.127687648852607
DIV2K,0814,RealESRGAN_x4plus,<output_root>/realesrgan/DIV2K/0814/RealESRGAN_x4plus.png,<benchmark_root>/div2k/DIV2K_valid_HR/0814.png,<benchmark_root>/div2k/DIV2K_valid_LR_bicubic/X4/0814x4.png,27.549171955338053,0.8737945233362154,25.90501571068863
DIV2K,0815,bicubic,generated:matlab_bicubic_resize,<benchmark_root>/div2k/DIV2K_valid_HR/0815.png,<benchmark_root>/div2k/DIV2K_valid_LR_bicubic/X4/0815x4.png,33.81687062488898,0.9121340016665614,31.655587982723944
DIV2K,0815,detail_base,<output_root>/detail_v1d/DIV2K/0815/base.png,<benchmark_root>/div2k/DIV2K_valid_HR/0815.png,<benchmark_root>/div2k/DIV2K_valid_LR_bicubic/X4/0815x4.png,35.81818685970884,0.9319151568687556,33.50266870388053
DIV2K,0815,detail_v1d,<output_root>/detail_v1d/DIV2K/0815/detail.png,<benchmark_root>/div2k/DIV2K_valid_HR/0815.png,<benchmark_root>/div2k/DIV2K_valid_LR_bicubic/X4/0815x4.png,36.05667449215864,0.9342974305159292,33.74556034780011
DIV2K,0815,refiner_condition,<output_root>/refiner_v2/DIV2K/0815/condition.png,<benchmark_root>/div2k/DIV2K_valid_HR/0815.png,<benchmark_root>/div2k/DIV2K_valid_LR_bicubic/X4/0815x4.png,35.012063923031505,0.9258011729312042,32.42875817011549
DIV2K,0815,refiner_v2,<output_root>/refiner_v2/DIV2K/0815/refined.png,<benchmark_root>/div2k/DIV2K_valid_HR/0815.png,<benchmark_root>/div2k/DIV2K_valid_LR_bicubic/X4/0815x4.png,35.45210187597597,0.929096282969421,33.17233616508567
DIV2K,0815,RealESRNet_x4plus,<output_root>/realesrgan/DIV2K/0815/RealESRNet_x4plus.png,<benchmark_root>/div2k/DIV2K_valid_HR/0815.png,<benchmark_root>/div2k/DIV2K_valid_LR_bicubic/X4/0815x4.png,33.771841866728074,0.9172743981504557,30.38978347503636
DIV2K,0815,RealESRGAN_x4plus,<output_root>/realesrgan/DIV2K/0815/RealESRGAN_x4plus.png,<benchmark_root>/div2k/DIV2K_valid_HR/0815.png,<benchmark_root>/div2k/DIV2K_valid_LR_bicubic/X4/0815x4.png,31.645770764481025,0.8946106454899643,28.534731697190452
DIV2K,0816,bicubic,generated:matlab_bicubic_resize,<benchmark_root>/div2k/DIV2K_valid_HR/0816.png,<benchmark_root>/div2k/DIV2K_valid_LR_bicubic/X4/0816x4.png,31.00305407963418,0.8159233707727152,29.697207748413625
DIV2K,0816,detail_base,<output_root>/detail_v1d/DIV2K/0816/base.png,<benchmark_root>/div2k/DIV2K_valid_HR/0816.png,<benchmark_root>/div2k/DIV2K_valid_LR_bicubic/X4/0816x4.png,32.84593069401471,0.857457584484904,31.505162512463336
DIV2K,0816,detail_v1d,<output_root>/detail_v1d/DIV2K/0816/detail.png,<benchmark_root>/div2k/DIV2K_valid_HR/0816.png,<benchmark_root>/div2k/DIV2K_valid_LR_bicubic/X4/0816x4.png,32.96425709260458,0.8607925220882295,31.6272956700141
DIV2K,0816,refiner_condition,<output_root>/refiner_v2/DIV2K/0816/condition.png,<benchmark_root>/div2k/DIV2K_valid_HR/0816.png,<benchmark_root>/div2k/DIV2K_valid_LR_bicubic/X4/0816x4.png,32.3723724587161,0.8501050925077854,30.92956899663088
DIV2K,0816,refiner_v2,<output_root>/refiner_v2/DIV2K/0816/refined.png,<benchmark_root>/div2k/DIV2K_valid_HR/0816.png,<benchmark_root>/div2k/DIV2K_valid_LR_bicubic/X4/0816x4.png,32.57882008704978,0.8550413726672199,31.22710295032711
DIV2K,0816,RealESRNet_x4plus,<output_root>/realesrgan/DIV2K/0816/RealESRNet_x4plus.png,<benchmark_root>/div2k/DIV2K_valid_HR/0816.png,<benchmark_root>/div2k/DIV2K_valid_LR_bicubic/X4/0816x4.png,32.14088577073692,0.8461446014772653,30.692180965550055
DIV2K,0816,RealESRGAN_x4plus,<output_root>/realesrgan/DIV2K/0816/RealESRGAN_x4plus.png,<benchmark_root>/div2k/DIV2K_valid_HR/0816.png,<benchmark_root>/div2k/DIV2K_valid_LR_bicubic/X4/0816x4.png,30.195102972339235,0.8055664957069388,28.75045950780432
DIV2K,0817,bicubic,generated:matlab_bicubic_resize,<benchmark_root>/div2k/DIV2K_valid_HR/0817.png,<benchmark_root>/div2k/DIV2K_valid_LR_bicubic/X4/0817x4.png,31.788819354848957,0.8670286157101559,29.948732829223555
DIV2K,0817,detail_base,<output_root>/detail_v1d/DIV2K/0817/base.png,<benchmark_root>/div2k/DIV2K_valid_HR/0817.png,<benchmark_root>/div2k/DIV2K_valid_LR_bicubic/X4/0817x4.png,33.21006396185146,0.8976182290004914,31.3587446749956
DIV2K,0817,detail_v1d,<output_root>/detail_v1d/DIV2K/0817/detail.png,<benchmark_root>/div2k/DIV2K_valid_HR/0817.png,<benchmark_root>/div2k/DIV2K_valid_LR_bicubic/X4/0817x4.png,33.35410505086812,0.9011270631254846,31.536553001281796
DIV2K,0817,refiner_condition,<output_root>/refiner_v2/DIV2K/0817/condition.png,<benchmark_root>/div2k/DIV2K_valid_HR/0817.png,<benchmark_root>/div2k/DIV2K_valid_LR_bicubic/X4/0817x4.png,26.59486371035279,0.8820312095343691,24.092774891807657
DIV2K,0817,refiner_v2,<output_root>/refiner_v2/DIV2K/0817/refined.png,<benchmark_root>/div2k/DIV2K_valid_HR/0817.png,<benchmark_root>/div2k/DIV2K_valid_LR_bicubic/X4/0817x4.png,30.09613347607688,0.8839310010681217,27.024330913185118
DIV2K,0817,RealESRNet_x4plus,<output_root>/realesrgan/DIV2K/0817/RealESRNet_x4plus.png,<benchmark_root>/div2k/DIV2K_valid_HR/0817.png,<benchmark_root>/div2k/DIV2K_valid_LR_bicubic/X4/0817x4.png,30.815246173798787,0.8726693819313662,26.50895547782463
DIV2K,0817,RealESRGAN_x4plus,<output_root>/realesrgan/DIV2K/0817/RealESRGAN_x4plus.png,<benchmark_root>/div2k/DIV2K_valid_HR/0817.png,<benchmark_root>/div2k/DIV2K_valid_LR_bicubic/X4/0817x4.png,28.73214012136931,0.8217513372639693,24.890888425395357
DIV2K,0818,bicubic,generated:matlab_bicubic_resize,<benchmark_root>/div2k/DIV2K_valid_HR/0818.png,<benchmark_root>/div2k/DIV2K_valid_LR_bicubic/X4/0818x4.png,27.844286231432886,0.8601930564322972,26.551832777424465
DIV2K,0818,detail_base,<output_root>/detail_v1d/DIV2K/0818/base.png,<benchmark_root>/div2k/DIV2K_valid_HR/0818.png,<benchmark_root>/div2k/DIV2K_valid_LR_bicubic/X4/0818x4.png,29.878176106007945,0.9048489211876768,28.519023875877522
DIV2K,0818,detail_v1d,<output_root>/detail_v1d/DIV2K/0818/detail.png,<benchmark_root>/div2k/DIV2K_valid_HR/0818.png,<benchmark_root>/div2k/DIV2K_valid_LR_bicubic/X4/0818x4.png,30.019613415074424,0.9084801657712771,28.6685799122463
DIV2K,0818,refiner_condition,<output_root>/refiner_v2/DIV2K/0818/condition.png,<benchmark_root>/div2k/DIV2K_valid_HR/0818.png,<benchmark_root>/div2k/DIV2K_valid_LR_bicubic/X4/0818x4.png,29.344221177682492,0.894513658946255,27.86043354779441
DIV2K,0818,refiner_v2,<output_root>/refiner_v2/DIV2K/0818/refined.png,<benchmark_root>/div2k/DIV2K_valid_HR/0818.png,<benchmark_root>/div2k/DIV2K_valid_LR_bicubic/X4/0818x4.png,29.56012060918841,0.9015135763874009,28.175489883258923
DIV2K,0818,RealESRNet_x4plus,<output_root>/realesrgan/DIV2K/0818/RealESRNet_x4plus.png,<benchmark_root>/div2k/DIV2K_valid_HR/0818.png,<benchmark_root>/div2k/DIV2K_valid_LR_bicubic/X4/0818x4.png,29.106567390826644,0.8903014905307214,27.051649074835428
DIV2K,0818,RealESRGAN_x4plus,<output_root>/realesrgan/DIV2K/0818/RealESRGAN_x4plus.png,<benchmark_root>/div2k/DIV2K_valid_HR/0818.png,<benchmark_root>/div2k/DIV2K_valid_LR_bicubic/X4/0818x4.png,26.352405224623983,0.8337917864324841,24.529708964640875
DIV2K,0819,bicubic,generated:matlab_bicubic_resize,<benchmark_root>/div2k/DIV2K_valid_HR/0819.png,<benchmark_root>/div2k/DIV2K_valid_LR_bicubic/X4/0819x4.png,27.95957605572735,0.7707426840006759,26.37853157446488
DIV2K,0819,detail_base,<output_root>/detail_v1d/DIV2K/0819/base.png,<benchmark_root>/div2k/DIV2K_valid_HR/0819.png,<benchmark_root>/div2k/DIV2K_valid_LR_bicubic/X4/0819x4.png,29.346171899198424,0.8291827877827389,27.72149707824758
DIV2K,0819,detail_v1d,<output_root>/detail_v1d/DIV2K/0819/detail.png,<benchmark_root>/div2k/DIV2K_valid_HR/0819.png,<benchmark_root>/div2k/DIV2K_valid_LR_bicubic/X4/0819x4.png,29.483664958487438,0.834848920083399,27.861037571915745
DIV2K,0819,refiner_condition,<output_root>/refiner_v2/DIV2K/0819/condition.png,<benchmark_root>/div2k/DIV2K_valid_HR/0819.png,<benchmark_root>/div2k/DIV2K_valid_LR_bicubic/X4/0819x4.png,28.92100647295318,0.8181668382944657,27.2441224780416
DIV2K,0819,refiner_v2,<output_root>/refiner_v2/DIV2K/0819/refined.png,<benchmark_root>/div2k/DIV2K_valid_HR/0819.png,<benchmark_root>/div2k/DIV2K_valid_LR_bicubic/X4/0819x4.png,29.07995005132738,0.8267522543945321,27.460846811961307
DIV2K,0819,RealESRNet_x4plus,<output_root>/realesrgan/DIV2K/0819/RealESRNet_x4plus.png,<benchmark_root>/div2k/DIV2K_valid_HR/0819.png,<benchmark_root>/div2k/DIV2K_valid_LR_bicubic/X4/0819x4.png,28.385759972390034,0.8109649766852745,26.384847217555
DIV2K,0819,RealESRGAN_x4plus,<output_root>/realesrgan/DIV2K/0819/RealESRGAN_x4plus.png,<benchmark_root>/div2k/DIV2K_valid_HR/0819.png,<benchmark_root>/div2k/DIV2K_valid_LR_bicubic/X4/0819x4.png,25.708684880858975,0.7134547635438847,23.8885165377703
DIV2K,0820,bicubic,generated:matlab_bicubic_resize,<benchmark_root>/div2k/DIV2K_valid_HR/0820.png,<benchmark_root>/div2k/DIV2K_valid_LR_bicubic/X4/0820x4.png,23.010632059767715,0.6890144914993952,21.617918585228594
DIV2K,0820,detail_base,<output_root>/detail_v1d/DIV2K/0820/base.png,<benchmark_root>/div2k/DIV2K_valid_HR/0820.png,<benchmark_root>/div2k/DIV2K_valid_LR_bicubic/X4/0820x4.png,25.399455903745455,0.8050721813682111,24.008532132373297
DIV2K,0820,detail_v1d,<output_root>/detail_v1d/DIV2K/0820/detail.png,<benchmark_root>/div2k/DIV2K_valid_HR/0820.png,<benchmark_root>/div2k/DIV2K_valid_LR_bicubic/X4/0820x4.png,25.85554318248186,0.8178894921729665,24.466199972969985
DIV2K,0820,refiner_condition,<output_root>/refiner_v2/DIV2K/0820/condition.png,<benchmark_root>/div2k/DIV2K_valid_HR/0820.png,<benchmark_root>/div2k/DIV2K_valid_LR_bicubic/X4/0820x4.png,25.17258600878638,0.7810949050898042,23.748699467435884
DIV2K,0820,refiner_v2,<output_root>/refiner_v2/DIV2K/0820/refined.png,<benchmark_root>/div2k/DIV2K_valid_HR/0820.png,<benchmark_root>/div2k/DIV2K_valid_LR_bicubic/X4/0820x4.png,25.359047452072083,0.7933192809892348,23.939230458581516
DIV2K,0820,RealESRNet_x4plus,<output_root>/realesrgan/DIV2K/0820/RealESRNet_x4plus.png,<benchmark_root>/div2k/DIV2K_valid_HR/0820.png,<benchmark_root>/div2k/DIV2K_valid_LR_bicubic/X4/0820x4.png,24.708993457009623,0.7837695550370202,23.193568147678086
DIV2K,0820,RealESRGAN_x4plus,<output_root>/realesrgan/DIV2K/0820/RealESRGAN_x4plus.png,<benchmark_root>/div2k/DIV2K_valid_HR/0820.png,<benchmark_root>/div2k/DIV2K_valid_LR_bicubic/X4/0820x4.png,21.822449763379108,0.7037168452807514,20.388534121827853
DIV2K,0821,bicubic,generated:matlab_bicubic_resize,<benchmark_root>/div2k/DIV2K_valid_HR/0821.png,<benchmark_root>/div2k/DIV2K_valid_LR_bicubic/X4/0821x4.png,26.450391489233557,0.8393145324076938,25.171369469536856
DIV2K,0821,detail_base,<output_root>/detail_v1d/DIV2K/0821/base.png,<benchmark_root>/div2k/DIV2K_valid_HR/0821.png,<benchmark_root>/div2k/DIV2K_valid_LR_bicubic/X4/0821x4.png,32.61128139097713,0.9321300039251129,31.14610871006451
DIV2K,0821,detail_v1d,<output_root>/detail_v1d/DIV2K/0821/detail.png,<benchmark_root>/div2k/DIV2K_valid_HR/0821.png,<benchmark_root>/div2k/DIV2K_valid_LR_bicubic/X4/0821x4.png,32.89088232090086,0.9375192564453187,31.42025832941673
DIV2K,0821,refiner_condition,<output_root>/refiner_v2/DIV2K/0821/condition.png,<benchmark_root>/div2k/DIV2K_valid_HR/0821.png,<benchmark_root>/div2k/DIV2K_valid_LR_bicubic/X4/0821x4.png,29.700376664671076,0.9027618125094383,28.365284898288103
DIV2K,0821,refiner_v2,<output_root>/refiner_v2/DIV2K/0821/refined.png,<benchmark_root>/div2k/DIV2K_valid_HR/0821.png,<benchmark_root>/div2k/DIV2K_valid_LR_bicubic/X4/0821x4.png,31.30770257685443,0.9187386540468677,30.035122377515453
DIV2K,0821,RealESRNet_x4plus,<output_root>/realesrgan/DIV2K/0821/RealESRNet_x4plus.png,<benchmark_root>/div2k/DIV2K_valid_HR/0821.png,<benchmark_root>/div2k/DIV2K_valid_LR_bicubic/X4/0821x4.png,31.05615815611632,0.9134908296086531,29.0230940822897
DIV2K,0821,RealESRGAN_x4plus,<output_root>/realesrgan/DIV2K/0821/RealESRGAN_x4plus.png,<benchmark_root>/div2k/DIV2K_valid_HR/0821.png,<benchmark_root>/div2k/DIV2K_valid_LR_bicubic/X4/0821x4.png,28.402031767560807,0.8819502566269104,26.440426532409663
DIV2K,0822,bicubic,generated:matlab_bicubic_resize,<benchmark_root>/div2k/DIV2K_valid_HR/0822.png,<benchmark_root>/div2k/DIV2K_valid_LR_bicubic/X4/0822x4.png,29.28314948991222,0.8080404432984737,27.977955435337556
DIV2K,0822,detail_base,<output_root>/detail_v1d/DIV2K/0822/base.png,<benchmark_root>/div2k/DIV2K_valid_HR/0822.png,<benchmark_root>/div2k/DIV2K_valid_LR_bicubic/X4/0822x4.png,31.757274794833762,0.8810708186736433,30.274490661934102
DIV2K,0822,detail_v1d,<output_root>/detail_v1d/DIV2K/0822/detail.png,<benchmark_root>/div2k/DIV2K_valid_HR/0822.png,<benchmark_root>/div2k/DIV2K_valid_LR_bicubic/X4/0822x4.png,31.976305025000013,0.8869269518748222,30.49176136442727
DIV2K,0822,refiner_condition,<output_root>/refiner_v2/DIV2K/0822/condition.png,<benchmark_root>/div2k/DIV2K_valid_HR/0822.png,<benchmark_root>/div2k/DIV2K_valid_LR_bicubic/X4/0822x4.png,31.082727164143883,0.8645318328556378,29.57558488146756
DIV2K,0822,refiner_v2,<output_root>/refiner_v2/DIV2K/0822/refined.png,<benchmark_root>/div2k/DIV2K_valid_HR/0822.png,<benchmark_root>/div2k/DIV2K_valid_LR_bicubic/X4/0822x4.png,31.27318403125318,0.8732582322037691,29.841132439147277
DIV2K,0822,RealESRNet_x4plus,<output_root>/realesrgan/DIV2K/0822/RealESRNet_x4plus.png,<benchmark_root>/div2k/DIV2K_valid_HR/0822.png,<benchmark_root>/div2k/DIV2K_valid_LR_bicubic/X4/0822x4.png,29.720331383352132,0.8452297214218711,28.057388118353654
DIV2K,0822,RealESRGAN_x4plus,<output_root>/realesrgan/DIV2K/0822/RealESRGAN_x4plus.png,<benchmark_root>/div2k/DIV2K_valid_HR/0822.png,<benchmark_root>/div2k/DIV2K_valid_LR_bicubic/X4/0822x4.png,26.58550653089322,0.780418807161359,24.941358616303347
DIV2K,0823,bicubic,generated:matlab_bicubic_resize,<benchmark_root>/div2k/DIV2K_valid_HR/0823.png,<benchmark_root>/div2k/DIV2K_valid_LR_bicubic/X4/0823x4.png,25.70637388528983,0.7705294852763311,24.375875469953723
DIV2K,0823,detail_base,<output_root>/detail_v1d/DIV2K/0823/base.png,<benchmark_root>/div2k/DIV2K_valid_HR/0823.png,<benchmark_root>/div2k/DIV2K_valid_LR_bicubic/X4/0823x4.png,27.062689275560302,0.8241237838375074,25.711264882998556
DIV2K,0823,detail_v1d,<output_root>/detail_v1d/DIV2K/0823/detail.png,<benchmark_root>/div2k/DIV2K_valid_HR/0823.png,<benchmark_root>/div2k/DIV2K_valid_LR_bicubic/X4/0823x4.png,27.292326989166575,0.8321604660538292,25.946858532171056
DIV2K,0823,refiner_condition,<output_root>/refiner_v2/DIV2K/0823/condition.png,<benchmark_root>/div2k/DIV2K_valid_HR/0823.png,<benchmark_root>/div2k/DIV2K_valid_LR_bicubic/X4/0823x4.png,25.740147154917004,0.803979497623731,24.221348429053062
DIV2K,0823,refiner_v2,<output_root>/refiner_v2/DIV2K/0823/refined.png,<benchmark_root>/div2k/DIV2K_valid_HR/0823.png,<benchmark_root>/div2k/DIV2K_valid_LR_bicubic/X4/0823x4.png,26.028778953539167,0.8128560974191726,24.58193339983287
DIV2K,0823,RealESRNet_x4plus,<output_root>/realesrgan/DIV2K/0823/RealESRNet_x4plus.png,<benchmark_root>/div2k/DIV2K_valid_HR/0823.png,<benchmark_root>/div2k/DIV2K_valid_LR_bicubic/X4/0823x4.png,26.525770102968306,0.8090453769269347,24.97630069817076
DIV2K,0823,RealESRGAN_x4plus,<output_root>/realesrgan/DIV2K/0823/RealESRGAN_x4plus.png,<benchmark_root>/div2k/DIV2K_valid_HR/0823.png,<benchmark_root>/div2k/DIV2K_valid_LR_bicubic/X4/0823x4.png,24.159826224165673,0.7531961422450353,22.679270097600117
DIV2K,0824,bicubic,generated:matlab_bicubic_resize,<benchmark_root>/div2k/DIV2K_valid_HR/0824.png,<benchmark_root>/div2k/DIV2K_valid_LR_bicubic/X4/0824x4.png,26.72851404137316,0.8438952770081909,25.337210146303015
DIV2K,0824,detail_base,<output_root>/detail_v1d/DIV2K/0824/base.png,<benchmark_root>/div2k/DIV2K_valid_HR/0824.png,<benchmark_root>/div2k/DIV2K_valid_LR_bicubic/X4/0824x4.png,29.52884760920623,0.8976725104277777,28.088796260484344
DIV2K,0824,detail_v1d,<output_root>/detail_v1d/DIV2K/0824/detail.png,<benchmark_root>/div2k/DIV2K_valid_HR/0824.png,<benchmark_root>/div2k/DIV2K_valid_LR_bicubic/X4/0824x4.png,29.84876136013765,0.9028367764629447,28.409970732370404
DIV2K,0824,refiner_condition,<output_root>/refiner_v2/DIV2K/0824/condition.png,<benchmark_root>/div2k/DIV2K_valid_HR/0824.png,<benchmark_root>/div2k/DIV2K_valid_LR_bicubic/X4/0824x4.png,27.38452998502514,0.8792320270639069,25.797993302465933
DIV2K,0824,refiner_v2,<output_root>/refiner_v2/DIV2K/0824/refined.png,<benchmark_root>/div2k/DIV2K_valid_HR/0824.png,<benchmark_root>/div2k/DIV2K_valid_LR_bicubic/X4/0824x4.png,27.68226630073224,0.8838939406563785,26.14799306047921
DIV2K,0824,RealESRNet_x4plus,<output_root>/realesrgan/DIV2K/0824/RealESRNet_x4plus.png,<benchmark_root>/div2k/DIV2K_valid_HR/0824.png,<benchmark_root>/div2k/DIV2K_valid_LR_bicubic/X4/0824x4.png,28.295220176022756,0.884859429794574,26.666044365599117
DIV2K,0824,RealESRGAN_x4plus,<output_root>/realesrgan/DIV2K/0824/RealESRGAN_x4plus.png,<benchmark_root>/div2k/DIV2K_valid_HR/0824.png,<benchmark_root>/div2k/DIV2K_valid_LR_bicubic/X4/0824x4.png,26.624405131433146,0.8563078247197216,25.011386003225404
DIV2K,0825,bicubic,generated:matlab_bicubic_resize,<benchmark_root>/div2k/DIV2K_valid_HR/0825.png,<benchmark_root>/div2k/DIV2K_valid_LR_bicubic/X4/0825x4.png,26.15678238943612,0.7552285909923018,24.751175199099258
DIV2K,0825,detail_base,<output_root>/detail_v1d/DIV2K/0825/base.png,<benchmark_root>/div2k/DIV2K_valid_HR/0825.png,<benchmark_root>/div2k/DIV2K_valid_LR_bicubic/X4/0825x4.png,28.523087497218928,0.830954919265964,27.105544594765234
DIV2K,0825,detail_v1d,<output_root>/detail_v1d/DIV2K/0825/detail.png,<benchmark_root>/div2k/DIV2K_valid_HR/0825.png,<benchmark_root>/div2k/DIV2K_valid_LR_bicubic/X4/0825x4.png,28.759181489098985,0.8380139388620559,27.344445166943196
DIV2K,0825,refiner_condition,<output_root>/refiner_v2/DIV2K/0825/condition.png,<benchmark_root>/div2k/DIV2K_valid_HR/0825.png,<benchmark_root>/div2k/DIV2K_valid_LR_bicubic/X4/0825x4.png,27.99916652885601,0.8159032394955278,26.522196387514676
DIV2K,0825,refiner_v2,<output_root>/refiner_v2/DIV2K/0825/refined.png,<benchmark_root>/div2k/DIV2K_valid_HR/0825.png,<benchmark_root>/div2k/DIV2K_valid_LR_bicubic/X4/0825x4.png,28.22090032866383,0.8251718454606318,26.792199223624348
DIV2K,0825,RealESRNet_x4plus,<output_root>/realesrgan/DIV2K/0825/RealESRNet_x4plus.png,<benchmark_root>/div2k/DIV2K_valid_HR/0825.png,<benchmark_root>/div2k/DIV2K_valid_LR_bicubic/X4/0825x4.png,27.635239943716275,0.8108686759550245,25.816468300861946
DIV2K,0825,RealESRGAN_x4plus,<output_root>/realesrgan/DIV2K/0825/RealESRGAN_x4plus.png,<benchmark_root>/div2k/DIV2K_valid_HR/0825.png,<benchmark_root>/div2k/DIV2K_valid_LR_bicubic/X4/0825x4.png,25.087958878645203,0.7302900822897295,23.341010005191034
DIV2K,0826,bicubic,generated:matlab_bicubic_resize,<benchmark_root>/div2k/DIV2K_valid_HR/0826.png,<benchmark_root>/div2k/DIV2K_valid_LR_bicubic/X4/0826x4.png,24.16530630140638,0.7035666673474312,22.943933081945463
DIV2K,0826,detail_base,<output_root>/detail_v1d/DIV2K/0826/base.png,<benchmark_root>/div2k/DIV2K_valid_HR/0826.png,<benchmark_root>/div2k/DIV2K_valid_LR_bicubic/X4/0826x4.png,25.288044594073604,0.7701072411164439,24.051551463182868
DIV2K,0826,detail_v1d,<output_root>/detail_v1d/DIV2K/0826/detail.png,<benchmark_root>/div2k/DIV2K_valid_HR/0826.png,<benchmark_root>/div2k/DIV2K_valid_LR_bicubic/X4/0826x4.png,25.42547996819891,0.777428856333099,24.189145174731586
DIV2K,0826,refiner_condition,<output_root>/refiner_v2/DIV2K/0826/condition.png,<benchmark_root>/div2k/DIV2K_valid_HR/0826.png,<benchmark_root>/div2k/DIV2K_valid_LR_bicubic/X4/0826x4.png,24.918586629844977,0.748017220466837,23.646002923743445
DIV2K,0826,refiner_v2,<output_root>/refiner_v2/DIV2K/0826/refined.png,<benchmark_root>/div2k/DIV2K_valid_HR/0826.png,<benchmark_root>/div2k/DIV2K_valid_LR_bicubic/X4/0826x4.png,25.049265350474258,0.7596157447659935,23.80356633905743
DIV2K,0826,RealESRNet_x4plus,<output_root>/realesrgan/DIV2K/0826/RealESRNet_x4plus.png,<benchmark_root>/div2k/DIV2K_valid_HR/0826.png,<benchmark_root>/div2k/DIV2K_valid_LR_bicubic/X4/0826x4.png,24.794037954697522,0.7512972619714999,23.15067535550942
DIV2K,0826,RealESRGAN_x4plus,<output_root>/realesrgan/DIV2K/0826/RealESRGAN_x4plus.png,<benchmark_root>/div2k/DIV2K_valid_HR/0826.png,<benchmark_root>/div2k/DIV2K_valid_LR_bicubic/X4/0826x4.png,22.926871224461113,0.7065543085749891,21.337184879882344
DIV2K,0827,bicubic,generated:matlab_bicubic_resize,<benchmark_root>/div2k/DIV2K_valid_HR/0827.png,<benchmark_root>/div2k/DIV2K_valid_LR_bicubic/X4/0827x4.png,31.854097550119796,0.8712306061707175,30.49099731700653
DIV2K,0827,detail_base,<output_root>/detail_v1d/DIV2K/0827/base.png,<benchmark_root>/div2k/DIV2K_valid_HR/0827.png,<benchmark_root>/div2k/DIV2K_valid_LR_bicubic/X4/0827x4.png,34.40908347673259,0.9006685564821226,32.9942759549268
DIV2K,0827,detail_v1d,<output_root>/detail_v1d/DIV2K/0827/detail.png,<benchmark_root>/div2k/DIV2K_valid_HR/0827.png,<benchmark_root>/div2k/DIV2K_valid_LR_bicubic/X4/0827x4.png,34.768668804490645,0.9039207916098246,33.350372116519736
DIV2K,0827,refiner_condition,<output_root>/refiner_v2/DIV2K/0827/condition.png,<benchmark_root>/div2k/DIV2K_valid_HR/0827.png,<benchmark_root>/div2k/DIV2K_valid_LR_bicubic/X4/0827x4.png,33.27784680139828,0.8918990517139512,31.890999915028413
DIV2K,0827,refiner_v2,<output_root>/refiner_v2/DIV2K/0827/refined.png,<benchmark_root>/div2k/DIV2K_valid_HR/0827.png,<benchmark_root>/div2k/DIV2K_valid_LR_bicubic/X4/0827x4.png,33.7203820636936,0.8953807305151875,32.34905776630848
DIV2K,0827,RealESRNet_x4plus,<output_root>/realesrgan/DIV2K/0827/RealESRNet_x4plus.png,<benchmark_root>/div2k/DIV2K_valid_HR/0827.png,<benchmark_root>/div2k/DIV2K_valid_LR_bicubic/X4/0827x4.png,33.223951555465725,0.8889309971949342,31.576764977040114
DIV2K,0827,RealESRGAN_x4plus,<output_root>/realesrgan/DIV2K/0827/RealESRGAN_x4plus.png,<benchmark_root>/div2k/DIV2K_valid_HR/0827.png,<benchmark_root>/div2k/DIV2K_valid_LR_bicubic/X4/0827x4.png,31.33023025705899,0.8622082879263706,29.692588850209077
DIV2K,0828,bicubic,generated:matlab_bicubic_resize,<benchmark_root>/div2k/DIV2K_valid_HR/0828.png,<benchmark_root>/div2k/DIV2K_valid_LR_bicubic/X4/0828x4.png,17.39569011692606,0.6771524769222559,16.453211649848477
DIV2K,0828,detail_base,<output_root>/detail_v1d/DIV2K/0828/base.png,<benchmark_root>/div2k/DIV2K_valid_HR/0828.png,<benchmark_root>/div2k/DIV2K_valid_LR_bicubic/X4/0828x4.png,20.710159955509035,0.8790824123022309,19.63742875982003
DIV2K,0828,detail_v1d,<output_root>/detail_v1d/DIV2K/0828/detail.png,<benchmark_root>/div2k/DIV2K_valid_HR/0828.png,<benchmark_root>/div2k/DIV2K_valid_LR_bicubic/X4/0828x4.png,21.53323722554958,0.9029435423049001,20.485658577803306
DIV2K,0828,refiner_condition,<output_root>/refiner_v2/DIV2K/0828/condition.png,<benchmark_root>/div2k/DIV2K_valid_HR/0828.png,<benchmark_root>/div2k/DIV2K_valid_LR_bicubic/X4/0828x4.png,18.74543814702041,0.7886868722536146,17.67268644436693
DIV2K,0828,refiner_v2,<output_root>/refiner_v2/DIV2K/0828/refined.png,<benchmark_root>/div2k/DIV2K_valid_HR/0828.png,<benchmark_root>/div2k/DIV2K_valid_LR_bicubic/X4/0828x4.png,19.2065305918092,0.8129912501423742,18.15590487338952
DIV2K,0828,RealESRNet_x4plus,<output_root>/realesrgan/DIV2K/0828/RealESRNet_x4plus.png,<benchmark_root>/div2k/DIV2K_valid_HR/0828.png,<benchmark_root>/div2k/DIV2K_valid_LR_bicubic/X4/0828x4.png,19.73228025496055,0.8398918077707754,18.62611085127379
DIV2K,0828,RealESRGAN_x4plus,<output_root>/realesrgan/DIV2K/0828/RealESRGAN_x4plus.png,<benchmark_root>/div2k/DIV2K_valid_HR/0828.png,<benchmark_root>/div2k/DIV2K_valid_LR_bicubic/X4/0828x4.png,19.31678542322171,0.845908578854015,17.933300687075054
DIV2K,0829,bicubic,generated:matlab_bicubic_resize,<benchmark_root>/div2k/DIV2K_valid_HR/0829.png,<benchmark_root>/div2k/DIV2K_valid_LR_bicubic/X4/0829x4.png,27.25706643294403,0.5485463858688163,25.9539061447768
DIV2K,0829,detail_base,<output_root>/detail_v1d/DIV2K/0829/base.png,<benchmark_root>/div2k/DIV2K_valid_HR/0829.png,<benchmark_root>/div2k/DIV2K_valid_LR_bicubic/X4/0829x4.png,27.821015898417627,0.5764889786665734,26.503212082125724
DIV2K,0829,detail_v1d,<output_root>/detail_v1d/DIV2K/0829/detail.png,<benchmark_root>/div2k/DIV2K_valid_HR/0829.png,<benchmark_root>/div2k/DIV2K_valid_LR_bicubic/X4/0829x4.png,27.865082406068534,0.5782421465326492,26.55086961267984
DIV2K,0829,refiner_condition,<output_root>/refiner_v2/DIV2K/0829/condition.png,<benchmark_root>/div2k/DIV2K_valid_HR/0829.png,<benchmark_root>/div2k/DIV2K_valid_LR_bicubic/X4/0829x4.png,27.618033821772006,0.5664836590386125,26.25168351347243
DIV2K,0829,refiner_v2,<output_root>/refiner_v2/DIV2K/0829/refined.png,<benchmark_root>/div2k/DIV2K_valid_HR/0829.png,<benchmark_root>/div2k/DIV2K_valid_LR_bicubic/X4/0829x4.png,27.68900536496353,0.5743296978882411,26.343986617991327
DIV2K,0829,RealESRNet_x4plus,<output_root>/realesrgan/DIV2K/0829/RealESRNet_x4plus.png,<benchmark_root>/div2k/DIV2K_valid_HR/0829.png,<benchmark_root>/div2k/DIV2K_valid_LR_bicubic/X4/0829x4.png,27.392883833594375,0.5562640131258104,25.841690343318305
DIV2K,0829,RealESRGAN_x4plus,<output_root>/realesrgan/DIV2K/0829/RealESRGAN_x4plus.png,<benchmark_root>/div2k/DIV2K_valid_HR/0829.png,<benchmark_root>/div2k/DIV2K_valid_LR_bicubic/X4/0829x4.png,26.84287790913683,0.5392907085735362,25.061947892307238
DIV2K,0830,bicubic,generated:matlab_bicubic_resize,<benchmark_root>/div2k/DIV2K_valid_HR/0830.png,<benchmark_root>/div2k/DIV2K_valid_LR_bicubic/X4/0830x4.png,25.12575267992629,0.6954199430784254,23.568442634928097
DIV2K,0830,detail_base,<output_root>/detail_v1d/DIV2K/0830/base.png,<benchmark_root>/div2k/DIV2K_valid_HR/0830.png,<benchmark_root>/div2k/DIV2K_valid_LR_bicubic/X4/0830x4.png,25.81413093198995,0.7376683894962158,24.256349376763346
DIV2K,0830,detail_v1d,<output_root>/detail_v1d/DIV2K/0830/detail.png,<benchmark_root>/div2k/DIV2K_valid_HR/0830.png,<benchmark_root>/div2k/DIV2K_valid_LR_bicubic/X4/0830x4.png,25.95901381764882,0.7452804127881719,24.40056330343527
DIV2K,0830,refiner_condition,<output_root>/refiner_v2/DIV2K/0830/condition.png,<benchmark_root>/div2k/DIV2K_valid_HR/0830.png,<benchmark_root>/div2k/DIV2K_valid_LR_bicubic/X4/0830x4.png,25.641400760155776,0.725106973073968,24.037528217434165
DIV2K,0830,refiner_v2,<output_root>/refiner_v2/DIV2K/0830/refined.png,<benchmark_root>/div2k/DIV2K_valid_HR/0830.png,<benchmark_root>/div2k/DIV2K_valid_LR_bicubic/X4/0830x4.png,25.689337306869866,0.7324989039799104,24.12831596852197
DIV2K,0830,RealESRNet_x4plus,<output_root>/realesrgan/DIV2K/0830/RealESRNet_x4plus.png,<benchmark_root>/div2k/DIV2K_valid_HR/0830.png,<benchmark_root>/div2k/DIV2K_valid_LR_bicubic/X4/0830x4.png,25.626876052810793,0.730449674480931,23.95249672010302
DIV2K,0830,RealESRGAN_x4plus,<output_root>/realesrgan/DIV2K/0830/RealESRGAN_x4plus.png,<benchmark_root>/div2k/DIV2K_valid_HR/0830.png,<benchmark_root>/div2k/DIV2K_valid_LR_bicubic/X4/0830x4.png,23.29914904853242,0.6616894530418429,21.748445517964946
DIV2K,0831,bicubic,generated:matlab_bicubic_resize,<benchmark_root>/div2k/DIV2K_valid_HR/0831.png,<benchmark_root>/div2k/DIV2K_valid_LR_bicubic/X4/0831x4.png,28.14138461458141,0.8105542933049013,26.779227016435524
DIV2K,0831,detail_base,<output_root>/detail_v1d/DIV2K/0831/base.png,<benchmark_root>/div2k/DIV2K_valid_HR/0831.png,<benchmark_root>/div2k/DIV2K_valid_LR_bicubic/X4/0831x4.png,31.225145700696963,0.8834651590299861,29.833245112324647
DIV2K,0831,detail_v1d,<output_root>/detail_v1d/DIV2K/0831/detail.png,<benchmark_root>/div2k/DIV2K_valid_HR/0831.png,<benchmark_root>/div2k/DIV2K_valid_LR_bicubic/X4/0831x4.png,31.56173085832513,0.890939261425812,30.172897775431768
DIV2K,0831,refiner_condition,<output_root>/refiner_v2/DIV2K/0831/condition.png,<benchmark_root>/div2k/DIV2K_valid_HR/0831.png,<benchmark_root>/div2k/DIV2K_valid_LR_bicubic/X4/0831x4.png,30.362576193134988,0.8661688591659188,28.93407464256557
DIV2K,0831,refiner_v2,<output_root>/refiner_v2/DIV2K/0831/refined.png,<benchmark_root>/div2k/DIV2K_valid_HR/0831.png,<benchmark_root>/div2k/DIV2K_valid_LR_bicubic/X4/0831x4.png,30.66207572543783,0.8742827028110158,29.28169867313816
DIV2K,0831,RealESRNet_x4plus,<output_root>/realesrgan/DIV2K/0831/RealESRNet_x4plus.png,<benchmark_root>/div2k/DIV2K_valid_HR/0831.png,<benchmark_root>/div2k/DIV2K_valid_LR_bicubic/X4/0831x4.png,30.11724678905584,0.8654235754671848,28.391466279381014
DIV2K,0831,RealESRGAN_x4plus,<output_root>/realesrgan/DIV2K/0831/RealESRGAN_x4plus.png,<benchmark_root>/div2k/DIV2K_valid_HR/0831.png,<benchmark_root>/div2k/DIV2K_valid_LR_bicubic/X4/0831x4.png,27.57885541637283,0.8131919231034055,25.897211984317792
DIV2K,0832,bicubic,generated:matlab_bicubic_resize,<benchmark_root>/div2k/DIV2K_valid_HR/0832.png,<benchmark_root>/div2k/DIV2K_valid_LR_bicubic/X4/0832x4.png,29.225716614587753,0.8403021315318532,27.53608584787915
DIV2K,0832,detail_base,<output_root>/detail_v1d/DIV2K/0832/base.png,<benchmark_root>/div2k/DIV2K_valid_HR/0832.png,<benchmark_root>/div2k/DIV2K_valid_LR_bicubic/X4/0832x4.png,31.611632660621773,0.8938078903831923,29.90937126105031
DIV2K,0832,detail_v1d,<output_root>/detail_v1d/DIV2K/0832/detail.png,<benchmark_root>/div2k/DIV2K_valid_HR/0832.png,<benchmark_root>/div2k/DIV2K_valid_LR_bicubic/X4/0832x4.png,31.880964148599684,0.8984462157679487,30.17669865247784
DIV2K,0832,refiner_condition,<output_root>/refiner_v2/DIV2K/0832/condition.png,<benchmark_root>/div2k/DIV2K_valid_HR/0832.png,<benchmark_root>/div2k/DIV2K_valid_LR_bicubic/X4/0832x4.png,31.11707781971252,0.8850358454365783,29.37476348096395
DIV2K,0832,refiner_v2,<output_root>/refiner_v2/DIV2K/0832/refined.png,<benchmark_root>/div2k/DIV2K_valid_HR/0832.png,<benchmark_root>/div2k/DIV2K_valid_LR_bicubic/X4/0832x4.png,31.126137281446994,0.8890766019612771,29.442395089078047
DIV2K,0832,RealESRNet_x4plus,<output_root>/realesrgan/DIV2K/0832/RealESRNet_x4plus.png,<benchmark_root>/div2k/DIV2K_valid_HR/0832.png,<benchmark_root>/div2k/DIV2K_valid_LR_bicubic/X4/0832x4.png,30.36056059066173,0.8762693788668691,28.284339934854202
DIV2K,0832,RealESRGAN_x4plus,<output_root>/realesrgan/DIV2K/0832/RealESRGAN_x4plus.png,<benchmark_root>/div2k/DIV2K_valid_HR/0832.png,<benchmark_root>/div2k/DIV2K_valid_LR_bicubic/X4/0832x4.png,26.84946930920833,0.815769105378444,25.117366794697986
DIV2K,0833,bicubic,generated:matlab_bicubic_resize,<benchmark_root>/div2k/DIV2K_valid_HR/0833.png,<benchmark_root>/div2k/DIV2K_valid_LR_bicubic/X4/0833x4.png,31.420016074736633,0.8908395280985896,30.03113379165754
DIV2K,0833,detail_base,<output_root>/detail_v1d/DIV2K/0833/base.png,<benchmark_root>/div2k/DIV2K_valid_HR/0833.png,<benchmark_root>/div2k/DIV2K_valid_LR_bicubic/X4/0833x4.png,35.175737852430416,0.9219192361698106,33.652271727707955
DIV2K,0833,detail_v1d,<output_root>/detail_v1d/DIV2K/0833/detail.png,<benchmark_root>/div2k/DIV2K_valid_HR/0833.png,<benchmark_root>/div2k/DIV2K_valid_LR_bicubic/X4/0833x4.png,35.45041411937695,0.9239295439077079,33.934447870369226
DIV2K,0833,refiner_condition,<output_root>/refiner_v2/DIV2K/0833/condition.png,<benchmark_root>/div2k/DIV2K_valid_HR/0833.png,<benchmark_root>/div2k/DIV2K_valid_LR_bicubic/X4/0833x4.png,34.17142405043081,0.9135796535570558,32.44093107893735
DIV2K,0833,refiner_v2,<output_root>/refiner_v2/DIV2K/0833/refined.png,<benchmark_root>/div2k/DIV2K_valid_HR/0833.png,<benchmark_root>/div2k/DIV2K_valid_LR_bicubic/X4/0833x4.png,34.2819327306182,0.9166128058565779,32.759686068611316
DIV2K,0833,RealESRNet_x4plus,<output_root>/realesrgan/DIV2K/0833/RealESRNet_x4plus.png,<benchmark_root>/div2k/DIV2K_valid_HR/0833.png,<benchmark_root>/div2k/DIV2K_valid_LR_bicubic/X4/0833x4.png,33.84925787532917,0.9113196005173602,31.820508341513197
DIV2K,0833,RealESRGAN_x4plus,<output_root>/realesrgan/DIV2K/0833/RealESRGAN_x4plus.png,<benchmark_root>/div2k/DIV2K_valid_HR/0833.png,<benchmark_root>/div2k/DIV2K_valid_LR_bicubic/X4/0833x4.png,31.172640713059508,0.894543529663126,29.230262122304534
DIV2K,0834,bicubic,generated:matlab_bicubic_resize,<benchmark_root>/div2k/DIV2K_valid_HR/0834.png,<benchmark_root>/div2k/DIV2K_valid_LR_bicubic/X4/0834x4.png,25.853368134297575,0.7409508668272855,24.404115364539756
DIV2K,0834,detail_base,<output_root>/detail_v1d/DIV2K/0834/base.png,<benchmark_root>/div2k/DIV2K_valid_HR/0834.png,<benchmark_root>/div2k/DIV2K_valid_LR_bicubic/X4/0834x4.png,26.69374496776435,0.7853224481858965,25.230923813660983
DIV2K,0834,detail_v1d,<output_root>/detail_v1d/DIV2K/0834/detail.png,<benchmark_root>/div2k/DIV2K_valid_HR/0834.png,<benchmark_root>/div2k/DIV2K_valid_LR_bicubic/X4/0834x4.png,26.77575773611956,0.7893303758002748,25.315360571440443
DIV2K,0834,refiner_condition,<output_root>/refiner_v2/DIV2K/0834/condition.png,<benchmark_root>/div2k/DIV2K_valid_HR/0834.png,<benchmark_root>/div2k/DIV2K_valid_LR_bicubic/X4/0834x4.png,26.331840056392245,0.7726105413042758,24.85840150501113
DIV2K,0834,refiner_v2,<output_root>/refiner_v2/DIV2K/0834/refined.png,<benchmark_root>/div2k/DIV2K_valid_HR/0834.png,<benchmark_root>/div2k/DIV2K_valid_LR_bicubic/X4/0834x4.png,26.44385846725491,0.7810127066663511,24.998964667994198
DIV2K,0834,RealESRNet_x4plus,<output_root>/realesrgan/DIV2K/0834/RealESRNet_x4plus.png,<benchmark_root>/div2k/DIV2K_valid_HR/0834.png,<benchmark_root>/div2k/DIV2K_valid_LR_bicubic/X4/0834x4.png,26.335647116739217,0.7682857177456311,24.71825639995176
DIV2K,0834,RealESRGAN_x4plus,<output_root>/realesrgan/DIV2K/0834/RealESRGAN_x4plus.png,<benchmark_root>/div2k/DIV2K_valid_HR/0834.png,<benchmark_root>/div2k/DIV2K_valid_LR_bicubic/X4/0834x4.png,24.038841635974112,0.71238457989996,22.49775512196714
DIV2K,0835,bicubic,generated:matlab_bicubic_resize,<benchmark_root>/div2k/DIV2K_valid_HR/0835.png,<benchmark_root>/div2k/DIV2K_valid_LR_bicubic/X4/0835x4.png,23.55993075755734,0.5430498668158362,22.176743757819565
DIV2K,0835,detail_base,<output_root>/detail_v1d/DIV2K/0835/base.png,<benchmark_root>/div2k/DIV2K_valid_HR/0835.png,<benchmark_root>/div2k/DIV2K_valid_LR_bicubic/X4/0835x4.png,24.070760802495283,0.6094877611295628,22.684701494991536
DIV2K,0835,detail_v1d,<output_root>/detail_v1d/DIV2K/0835/detail.png,<benchmark_root>/div2k/DIV2K_valid_HR/0835.png,<benchmark_root>/div2k/DIV2K_valid_LR_bicubic/X4/0835x4.png,24.137166379110155,0.6145491889233345,22.75685171736239
DIV2K,0835,refiner_condition,<output_root>/refiner_v2/DIV2K/0835/condition.png,<benchmark_root>/div2k/DIV2K_valid_HR/0835.png,<benchmark_root>/div2k/DIV2K_valid_LR_bicubic/X4/0835x4.png,23.96319263277192,0.5908625824056075,22.539157766254093
DIV2K,0835,refiner_v2,<output_root>/refiner_v2/DIV2K/0835/refined.png,<benchmark_root>/div2k/DIV2K_valid_HR/0835.png,<benchmark_root>/div2k/DIV2K_valid_LR_bicubic/X4/0835x4.png,24.004327031465547,0.6040605890057646,22.6104078126603
DIV2K,0835,RealESRNet_x4plus,<output_root>/realesrgan/DIV2K/0835/RealESRNet_x4plus.png,<benchmark_root>/div2k/DIV2K_valid_HR/0835.png,<benchmark_root>/div2k/DIV2K_valid_LR_bicubic/X4/0835x4.png,23.70312647191641,0.5922925926191484,22.18934257288875
DIV2K,0835,RealESRGAN_x4plus,<output_root>/realesrgan/DIV2K/0835/RealESRGAN_x4plus.png,<benchmark_root>/div2k/DIV2K_valid_HR/0835.png,<benchmark_root>/div2k/DIV2K_valid_LR_bicubic/X4/0835x4.png,21.79232873356552,0.5024728822974972,20.352673698345495
DIV2K,0836,bicubic,generated:matlab_bicubic_resize,<benchmark_root>/div2k/DIV2K_valid_HR/0836.png,<benchmark_root>/div2k/DIV2K_valid_LR_bicubic/X4/0836x4.png,24.4980134752776,0.7195839126047728,23.1812210281786
DIV2K,0836,detail_base,<output_root>/detail_v1d/DIV2K/0836/base.png,<benchmark_root>/div2k/DIV2K_valid_HR/0836.png,<benchmark_root>/div2k/DIV2K_valid_LR_bicubic/X4/0836x4.png,26.96886298899252,0.8073660184017903,25.636244021461543
DIV2K,0836,detail_v1d,<output_root>/detail_v1d/DIV2K/0836/detail.png,<benchmark_root>/div2k/DIV2K_valid_HR/0836.png,<benchmark_root>/div2k/DIV2K_valid_LR_bicubic/X4/0836x4.png,27.241526232117785,0.815955251359507,25.9026461531636
DIV2K,0836,refiner_condition,<output_root>/refiner_v2/DIV2K/0836/condition.png,<benchmark_root>/div2k/DIV2K_valid_HR/0836.png,<benchmark_root>/div2k/DIV2K_valid_LR_bicubic/X4/0836x4.png,26.050247446648676,0.7830962981535279,24.649196250729084
DIV2K,0836,refiner_v2,<output_root>/refiner_v2/DIV2K/0836/refined.png,<benchmark_root>/div2k/DIV2K_valid_HR/0836.png,<benchmark_root>/div2k/DIV2K_valid_LR_bicubic/X4/0836x4.png,26.370995109896967,0.7941933132558063,25.03743767441327
DIV2K,0836,RealESRNet_x4plus,<output_root>/realesrgan/DIV2K/0836/RealESRNet_x4plus.png,<benchmark_root>/div2k/DIV2K_valid_HR/0836.png,<benchmark_root>/div2k/DIV2K_valid_LR_bicubic/X4/0836x4.png,26.12623108212112,0.785751882670825,24.39525656107545
DIV2K,0836,RealESRGAN_x4plus,<output_root>/realesrgan/DIV2K/0836/RealESRGAN_x4plus.png,<benchmark_root>/div2k/DIV2K_valid_HR/0836.png,<benchmark_root>/div2k/DIV2K_valid_LR_bicubic/X4/0836x4.png,24.56468896971525,0.7520755033239099,22.880596576576618
DIV2K,0837,bicubic,generated:matlab_bicubic_resize,<benchmark_root>/div2k/DIV2K_valid_HR/0837.png,<benchmark_root>/div2k/DIV2K_valid_LR_bicubic/X4/0837x4.png,25.137499144603122,0.7444186636485949,23.78504123299759
DIV2K,0837,detail_base,<output_root>/detail_v1d/DIV2K/0837/base.png,<benchmark_root>/div2k/DIV2K_valid_HR/0837.png,<benchmark_root>/div2k/DIV2K_valid_LR_bicubic/X4/0837x4.png,27.34410945362812,0.8375558777117773,25.969752056148685
DIV2K,0837,detail_v1d,<output_root>/detail_v1d/DIV2K/0837/detail.png,<benchmark_root>/div2k/DIV2K_valid_HR/0837.png,<benchmark_root>/div2k/DIV2K_valid_LR_bicubic/X4/0837x4.png,27.608976914385917,0.8467715571963904,26.235008843016256
DIV2K,0837,refiner_condition,<output_root>/refiner_v2/DIV2K/0837/condition.png,<benchmark_root>/div2k/DIV2K_valid_HR/0837.png,<benchmark_root>/div2k/DIV2K_valid_LR_bicubic/X4/0837x4.png,26.779790863607452,0.8171428863343743,25.38429430390382
DIV2K,0837,refiner_v2,<output_root>/refiner_v2/DIV2K/0837/refined.png,<benchmark_root>/div2k/DIV2K_valid_HR/0837.png,<benchmark_root>/div2k/DIV2K_valid_LR_bicubic/X4/0837x4.png,27.051928832965842,0.8296333327665874,25.681290383780137
DIV2K,0837,RealESRNet_x4plus,<output_root>/realesrgan/DIV2K/0837/RealESRNet_x4plus.png,<benchmark_root>/div2k/DIV2K_valid_HR/0837.png,<benchmark_root>/div2k/DIV2K_valid_LR_bicubic/X4/0837x4.png,26.494105838656278,0.8154401156779821,24.78867219979561
DIV2K,0837,RealESRGAN_x4plus,<output_root>/realesrgan/DIV2K/0837/RealESRGAN_x4plus.png,<benchmark_root>/div2k/DIV2K_valid_HR/0837.png,<benchmark_root>/div2k/DIV2K_valid_LR_bicubic/X4/0837x4.png,24.67386446696103,0.7600775758586948,22.988522788032792
DIV2K,0838,bicubic,generated:matlab_bicubic_resize,<benchmark_root>/div2k/DIV2K_valid_HR/0838.png,<benchmark_root>/div2k/DIV2K_valid_LR_bicubic/X4/0838x4.png,38.58874061016144,0.9210635627316786,36.91729655604777
DIV2K,0838,detail_base,<output_root>/detail_v1d/DIV2K/0838/base.png,<benchmark_root>/div2k/DIV2K_valid_HR/0838.png,<benchmark_root>/div2k/DIV2K_valid_LR_bicubic/X4/0838x4.png,39.09215754855338,0.927681575283639,37.30225442184126
DIV2K,0838,detail_v1d,<output_root>/detail_v1d/DIV2K/0838/detail.png,<benchmark_root>/div2k/DIV2K_valid_HR/0838.png,<benchmark_root>/div2k/DIV2K_valid_LR_bicubic/X4/0838x4.png,39.15531196659364,0.9286668006778017,37.38985734090394
DIV2K,0838,refiner_condition,<output_root>/refiner_v2/DIV2K/0838/condition.png,<benchmark_root>/div2k/DIV2K_valid_HR/0838.png,<benchmark_root>/div2k/DIV2K_valid_LR_bicubic/X4/0838x4.png,33.883199523178796,0.9207452390376355,32.27629373814392
DIV2K,0838,refiner_v2,<output_root>/refiner_v2/DIV2K/0838/refined.png,<benchmark_root>/div2k/DIV2K_valid_HR/0838.png,<benchmark_root>/div2k/DIV2K_valid_LR_bicubic/X4/0838x4.png,34.51298281139312,0.9227257833356025,33.03831055071867
DIV2K,0838,RealESRNet_x4plus,<output_root>/realesrgan/DIV2K/0838/RealESRNet_x4plus.png,<benchmark_root>/div2k/DIV2K_valid_HR/0838.png,<benchmark_root>/div2k/DIV2K_valid_LR_bicubic/X4/0838x4.png,37.849724560919064,0.9173522180855039,35.582339373267956
DIV2K,0838,RealESRGAN_x4plus,<output_root>/realesrgan/DIV2K/0838/RealESRGAN_x4plus.png,<benchmark_root>/div2k/DIV2K_valid_HR/0838.png,<benchmark_root>/div2k/DIV2K_valid_LR_bicubic/X4/0838x4.png,35.76413586134305,0.9013181565139238,33.67402982236442
DIV2K,0839,bicubic,generated:matlab_bicubic_resize,<benchmark_root>/div2k/DIV2K_valid_HR/0839.png,<benchmark_root>/div2k/DIV2K_valid_LR_bicubic/X4/0839x4.png,29.444209110837612,0.8011187268899189,28.14416322728757
DIV2K,0839,detail_base,<output_root>/detail_v1d/DIV2K/0839/base.png,<benchmark_root>/div2k/DIV2K_valid_HR/0839.png,<benchmark_root>/div2k/DIV2K_valid_LR_bicubic/X4/0839x4.png,30.175915656268156,0.8321912967900338,28.85012875978513
DIV2K,0839,detail_v1d,<output_root>/detail_v1d/DIV2K/0839/detail.png,<benchmark_root>/div2k/DIV2K_valid_HR/0839.png,<benchmark_root>/div2k/DIV2K_valid_LR_bicubic/X4/0839x4.png,30.229215400871958,0.8340447254069089,28.915062171268275
DIV2K,0839,refiner_condition,<output_root>/refiner_v2/DIV2K/0839/condition.png,<benchmark_root>/div2k/DIV2K_valid_HR/0839.png,<benchmark_root>/div2k/DIV2K_valid_LR_bicubic/X4/0839x4.png,29.933103594232367,0.8278101273202325,28.58789943878589
DIV2K,0839,refiner_v2,<output_root>/refiner_v2/DIV2K/0839/refined.png,<benchmark_root>/div2k/DIV2K_valid_HR/0839.png,<benchmark_root>/div2k/DIV2K_valid_LR_bicubic/X4/0839x4.png,30.005223250362086,0.8322053786705871,28.669911407921976
DIV2K,0839,RealESRNet_x4plus,<output_root>/realesrgan/DIV2K/0839/RealESRNet_x4plus.png,<benchmark_root>/div2k/DIV2K_valid_HR/0839.png,<benchmark_root>/div2k/DIV2K_valid_LR_bicubic/X4/0839x4.png,29.59689479349884,0.8091768806624887,28.14655648606033
DIV2K,0839,RealESRGAN_x4plus,<output_root>/realesrgan/DIV2K/0839/RealESRGAN_x4plus.png,<benchmark_root>/div2k/DIV2K_valid_HR/0839.png,<benchmark_root>/div2k/DIV2K_valid_LR_bicubic/X4/0839x4.png,27.275351677078106,0.7714486651875596,25.829628956390216
DIV2K,0840,bicubic,generated:matlab_bicubic_resize,<benchmark_root>/div2k/DIV2K_valid_HR/0840.png,<benchmark_root>/div2k/DIV2K_valid_LR_bicubic/X4/0840x4.png,28.37692160995907,0.7777173188993565,27.000884377212717
DIV2K,0840,detail_base,<output_root>/detail_v1d/DIV2K/0840/base.png,<benchmark_root>/div2k/DIV2K_valid_HR/0840.png,<benchmark_root>/div2k/DIV2K_valid_LR_bicubic/X4/0840x4.png,29.64935003146337,0.8266993606171174,28.256991994363368
DIV2K,0840,detail_v1d,<output_root>/detail_v1d/DIV2K/0840/detail.png,<benchmark_root>/div2k/DIV2K_valid_HR/0840.png,<benchmark_root>/div2k/DIV2K_valid_LR_bicubic/X4/0840x4.png,29.707624056309612,0.8295756114707887,28.315760697913184
DIV2K,0840,refiner_condition,<output_root>/refiner_v2/DIV2K/0840/condition.png,<benchmark_root>/div2k/DIV2K_valid_HR/0840.png,<benchmark_root>/div2k/DIV2K_valid_LR_bicubic/X4/0840x4.png,28.798411368758366,0.8187896461598406,27.300507586909863
DIV2K,0840,refiner_v2,<output_root>/refiner_v2/DIV2K/0840/refined.png,<benchmark_root>/div2k/DIV2K_valid_HR/0840.png,<benchmark_root>/div2k/DIV2K_valid_LR_bicubic/X4/0840x4.png,29.367894513657795,0.8242676724618716,27.96262122675501
DIV2K,0840,RealESRNet_x4plus,<output_root>/realesrgan/DIV2K/0840/RealESRNet_x4plus.png,<benchmark_root>/div2k/DIV2K_valid_HR/0840.png,<benchmark_root>/div2k/DIV2K_valid_LR_bicubic/X4/0840x4.png,28.80147018608622,0.8063400811631827,27.299090949395243
DIV2K,0840,RealESRGAN_x4plus,<output_root>/realesrgan/DIV2K/0840/RealESRGAN_x4plus.png,<benchmark_root>/div2k/DIV2K_valid_HR/0840.png,<benchmark_root>/div2k/DIV2K_valid_LR_bicubic/X4/0840x4.png,27.284186786138378,0.7626880555266629,25.806840830248582
DIV2K,0841,bicubic,generated:matlab_bicubic_resize,<benchmark_root>/div2k/DIV2K_valid_HR/0841.png,<benchmark_root>/div2k/DIV2K_valid_LR_bicubic/X4/0841x4.png,27.61888247768015,0.8119890574807829,26.20629057688246
DIV2K,0841,detail_base,<output_root>/detail_v1d/DIV2K/0841/base.png,<benchmark_root>/div2k/DIV2K_valid_HR/0841.png,<benchmark_root>/div2k/DIV2K_valid_LR_bicubic/X4/0841x4.png,29.16191968829283,0.8659468587679713,27.745547204819985
DIV2K,0841,detail_v1d,<output_root>/detail_v1d/DIV2K/0841/detail.png,<benchmark_root>/div2k/DIV2K_valid_HR/0841.png,<benchmark_root>/div2k/DIV2K_valid_LR_bicubic/X4/0841x4.png,29.347739024063824,0.8720996663961377,27.934992814704025
DIV2K,0841,refiner_condition,<output_root>/refiner_v2/DIV2K/0841/condition.png,<benchmark_root>/div2k/DIV2K_valid_HR/0841.png,<benchmark_root>/div2k/DIV2K_valid_LR_bicubic/X4/0841x4.png,26.695286551195032,0.8393611424554607,25.289687800722852
DIV2K,0841,refiner_v2,<output_root>/refiner_v2/DIV2K/0841/refined.png,<benchmark_root>/div2k/DIV2K_valid_HR/0841.png,<benchmark_root>/div2k/DIV2K_valid_LR_bicubic/X4/0841x4.png,26.9545928988718,0.8479034463969867,25.567574438367892
DIV2K,0841,RealESRNet_x4plus,<output_root>/realesrgan/DIV2K/0841/RealESRNet_x4plus.png,<benchmark_root>/div2k/DIV2K_valid_HR/0841.png,<benchmark_root>/div2k/DIV2K_valid_LR_bicubic/X4/0841x4.png,28.163735582877184,0.8504341576385217,26.555132968059088
DIV2K,0841,RealESRGAN_x4plus,<output_root>/realesrgan/DIV2K/0841/RealESRGAN_x4plus.png,<benchmark_root>/div2k/DIV2K_valid_HR/0841.png,<benchmark_root>/div2k/DIV2K_valid_LR_bicubic/X4/0841x4.png,25.576382783032816,0.7904533516850968,24.062140471856203
DIV2K,0842,bicubic,generated:matlab_bicubic_resize,<benchmark_root>/div2k/DIV2K_valid_HR/0842.png,<benchmark_root>/div2k/DIV2K_valid_LR_bicubic/X4/0842x4.png,29.58260866669736,0.8319339139489491,28.35307873802314
DIV2K,0842,detail_base,<output_root>/detail_v1d/DIV2K/0842/base.png,<benchmark_root>/div2k/DIV2K_valid_HR/0842.png,<benchmark_root>/div2k/DIV2K_valid_LR_bicubic/X4/0842x4.png,30.578519235967395,0.8628180844082769,29.31271959800188
DIV2K,0842,detail_v1d,<output_root>/detail_v1d/DIV2K/0842/detail.png,<benchmark_root>/div2k/DIV2K_valid_HR/0842.png,<benchmark_root>/div2k/DIV2K_valid_LR_bicubic/X4/0842x4.png,30.67263722333919,0.8650425042119958,29.419877643126455
DIV2K,0842,refiner_condition,<output_root>/refiner_v2/DIV2K/0842/condition.png,<benchmark_root>/div2k/DIV2K_valid_HR/0842.png,<benchmark_root>/div2k/DIV2K_valid_LR_bicubic/X4/0842x4.png,30.345929062196106,0.8583066925210262,28.939093175167013
DIV2K,0842,refiner_v2,<output_root>/refiner_v2/DIV2K/0842/refined.png,<benchmark_root>/div2k/DIV2K_valid_HR/0842.png,<benchmark_root>/div2k/DIV2K_valid_LR_bicubic/X4/0842x4.png,30.33488317005791,0.8612125849916188,29.045459530283033
DIV2K,0842,RealESRNet_x4plus,<output_root>/realesrgan/DIV2K/0842/RealESRNet_x4plus.png,<benchmark_root>/div2k/DIV2K_valid_HR/0842.png,<benchmark_root>/div2k/DIV2K_valid_LR_bicubic/X4/0842x4.png,29.63708018095639,0.850502108575622,28.323530900058877
DIV2K,0842,RealESRGAN_x4plus,<output_root>/realesrgan/DIV2K/0842/RealESRGAN_x4plus.png,<benchmark_root>/div2k/DIV2K_valid_HR/0842.png,<benchmark_root>/div2k/DIV2K_valid_LR_bicubic/X4/0842x4.png,27.540533589147138,0.8058721408879459,26.154582155625903
DIV2K,0843,bicubic,generated:matlab_bicubic_resize,<benchmark_root>/div2k/DIV2K_valid_HR/0843.png,<benchmark_root>/div2k/DIV2K_valid_LR_bicubic/X4/0843x4.png,38.79516168124559,0.9791280394714008,37.04508902587868
DIV2K,0843,detail_base,<output_root>/detail_v1d/DIV2K/0843/base.png,<benchmark_root>/div2k/DIV2K_valid_HR/0843.png,<benchmark_root>/div2k/DIV2K_valid_LR_bicubic/X4/0843x4.png,42.64371565227218,0.9844788444333238,40.43173450577582
DIV2K,0843,detail_v1d,<output_root>/detail_v1d/DIV2K/0843/detail.png,<benchmark_root>/div2k/DIV2K_valid_HR/0843.png,<benchmark_root>/div2k/DIV2K_valid_LR_bicubic/X4/0843x4.png,43.07044749491655,0.985010841703697,40.80525810523558
DIV2K,0843,refiner_condition,<output_root>/refiner_v2/DIV2K/0843/condition.png,<benchmark_root>/div2k/DIV2K_valid_HR/0843.png,<benchmark_root>/div2k/DIV2K_valid_LR_bicubic/X4/0843x4.png,26.42129255968588,0.9231670082597011,25.001533905149927
DIV2K,0843,refiner_v2,<output_root>/refiner_v2/DIV2K/0843/refined.png,<benchmark_root>/div2k/DIV2K_valid_HR/0843.png,<benchmark_root>/div2k/DIV2K_valid_LR_bicubic/X4/0843x4.png,27.861934767470547,0.9262619591621013,26.36161965065542
DIV2K,0843,RealESRNet_x4plus,<output_root>/realesrgan/DIV2K/0843/RealESRNet_x4plus.png,<benchmark_root>/div2k/DIV2K_valid_HR/0843.png,<benchmark_root>/div2k/DIV2K_valid_LR_bicubic/X4/0843x4.png,39.569615662145125,0.9810689097232776,37.4767789313149
DIV2K,0843,RealESRGAN_x4plus,<output_root>/realesrgan/DIV2K/0843/RealESRGAN_x4plus.png,<benchmark_root>/div2k/DIV2K_valid_HR/0843.png,<benchmark_root>/div2k/DIV2K_valid_LR_bicubic/X4/0843x4.png,35.5757529971465,0.9725677420152964,34.14520093178187
DIV2K,0844,bicubic,generated:matlab_bicubic_resize,<benchmark_root>/div2k/DIV2K_valid_HR/0844.png,<benchmark_root>/div2k/DIV2K_valid_LR_bicubic/X4/0844x4.png,39.984156546854365,0.9839795531714791,37.93295091421095
DIV2K,0844,detail_base,<output_root>/detail_v1d/DIV2K/0844/base.png,<benchmark_root>/div2k/DIV2K_valid_HR/0844.png,<benchmark_root>/div2k/DIV2K_valid_LR_bicubic/X4/0844x4.png,44.672052816418,0.9897505773213084,41.5089738109322
DIV2K,0844,detail_v1d,<output_root>/detail_v1d/DIV2K/0844/detail.png,<benchmark_root>/div2k/DIV2K_valid_HR/0844.png,<benchmark_root>/div2k/DIV2K_valid_LR_bicubic/X4/0844x4.png,45.05396586912874,0.9908713274971631,41.8396599491275
DIV2K,0844,refiner_condition,<output_root>/refiner_v2/DIV2K/0844/condition.png,<benchmark_root>/div2k/DIV2K_valid_HR/0844.png,<benchmark_root>/div2k/DIV2K_valid_LR_bicubic/X4/0844x4.png,34.847692298274765,0.9857065086601411,32.811962039916
DIV2K,0844,refiner_v2,<output_root>/refiner_v2/DIV2K/0844/refined.png,<benchmark_root>/div2k/DIV2K_valid_HR/0844.png,<benchmark_root>/div2k/DIV2K_valid_LR_bicubic/X4/0844x4.png,34.96721168929179,0.9861155612453499,33.518477415089606
DIV2K,0844,RealESRNet_x4plus,<output_root>/realesrgan/DIV2K/0844/RealESRNet_x4plus.png,<benchmark_root>/div2k/DIV2K_valid_HR/0844.png,<benchmark_root>/div2k/DIV2K_valid_LR_bicubic/X4/0844x4.png,40.90715597501635,0.9849924051873384,37.301203733945485
DIV2K,0844,RealESRGAN_x4plus,<output_root>/realesrgan/DIV2K/0844/RealESRGAN_x4plus.png,<benchmark_root>/div2k/DIV2K_valid_HR/0844.png,<benchmark_root>/div2k/DIV2K_valid_LR_bicubic/X4/0844x4.png,38.001721586703084,0.9769202596661335,33.6442489481497
DIV2K,0845,bicubic,generated:matlab_bicubic_resize,<benchmark_root>/div2k/DIV2K_valid_HR/0845.png,<benchmark_root>/div2k/DIV2K_valid_LR_bicubic/X4/0845x4.png,22.771336688509614,0.6744974205793997,21.417171560474163
DIV2K,0845,detail_base,<output_root>/detail_v1d/DIV2K/0845/base.png,<benchmark_root>/div2k/DIV2K_valid_HR/0845.png,<benchmark_root>/div2k/DIV2K_valid_LR_bicubic/X4/0845x4.png,24.889764725698274,0.7786519271945513,23.508980680696226
DIV2K,0845,detail_v1d,<output_root>/detail_v1d/DIV2K/0845/detail.png,<benchmark_root>/div2k/DIV2K_valid_HR/0845.png,<benchmark_root>/div2k/DIV2K_valid_LR_bicubic/X4/0845x4.png,25.215264784446866,0.7899627178490117,23.842132548378693
DIV2K,0845,refiner_condition,<output_root>/refiner_v2/DIV2K/0845/condition.png,<benchmark_root>/div2k/DIV2K_valid_HR/0845.png,<benchmark_root>/div2k/DIV2K_valid_LR_bicubic/X4/0845x4.png,24.14617967037911,0.7439526396956019,22.756137038992094
DIV2K,0845,refiner_v2,<output_root>/refiner_v2/DIV2K/0845/refined.png,<benchmark_root>/div2k/DIV2K_valid_HR/0845.png,<benchmark_root>/div2k/DIV2K_valid_LR_bicubic/X4/0845x4.png,24.408883402690556,0.7579484097701111,23.03994311390707
DIV2K,0845,RealESRNet_x4plus,<output_root>/realesrgan/DIV2K/0845/RealESRNet_x4plus.png,<benchmark_root>/div2k/DIV2K_valid_HR/0845.png,<benchmark_root>/div2k/DIV2K_valid_LR_bicubic/X4/0845x4.png,23.473520478241685,0.7541259915414915,22.045882406999844
DIV2K,0845,RealESRGAN_x4plus,<output_root>/realesrgan/DIV2K/0845/RealESRGAN_x4plus.png,<benchmark_root>/div2k/DIV2K_valid_HR/0845.png,<benchmark_root>/div2k/DIV2K_valid_LR_bicubic/X4/0845x4.png,20.565125719744106,0.7077288991273154,19.17241720505391
DIV2K,0846,bicubic,generated:matlab_bicubic_resize,<benchmark_root>/div2k/DIV2K_valid_HR/0846.png,<benchmark_root>/div2k/DIV2K_valid_LR_bicubic/X4/0846x4.png,23.51793099963556,0.7167937902475218,22.18363916800381
DIV2K,0846,detail_base,<output_root>/detail_v1d/DIV2K/0846/base.png,<benchmark_root>/div2k/DIV2K_valid_HR/0846.png,<benchmark_root>/div2k/DIV2K_valid_LR_bicubic/X4/0846x4.png,26.36222584414993,0.8048921722078706,25.028876240892423
DIV2K,0846,detail_v1d,<output_root>/detail_v1d/DIV2K/0846/detail.png,<benchmark_root>/div2k/DIV2K_valid_HR/0846.png,<benchmark_root>/div2k/DIV2K_valid_LR_bicubic/X4/0846x4.png,26.69377237553814,0.8137876535496777,25.364088127253762
DIV2K,0846,refiner_condition,<output_root>/refiner_v2/DIV2K/0846/condition.png,<benchmark_root>/div2k/DIV2K_valid_HR/0846.png,<benchmark_root>/div2k/DIV2K_valid_LR_bicubic/X4/0846x4.png,25.153799872638757,0.7717055692860697,23.813270530772634
DIV2K,0846,refiner_v2,<output_root>/refiner_v2/DIV2K/0846/refined.png,<benchmark_root>/div2k/DIV2K_valid_HR/0846.png,<benchmark_root>/div2k/DIV2K_valid_LR_bicubic/X4/0846x4.png,25.587802563783235,0.7839614018914595,24.253751794977177
DIV2K,0846,RealESRNet_x4plus,<output_root>/realesrgan/DIV2K/0846/RealESRNet_x4plus.png,<benchmark_root>/div2k/DIV2K_valid_HR/0846.png,<benchmark_root>/div2k/DIV2K_valid_LR_bicubic/X4/0846x4.png,25.423434648940486,0.7832557614448483,23.990396440821947
DIV2K,0846,RealESRGAN_x4plus,<output_root>/realesrgan/DIV2K/0846/RealESRGAN_x4plus.png,<benchmark_root>/div2k/DIV2K_valid_HR/0846.png,<benchmark_root>/div2k/DIV2K_valid_LR_bicubic/X4/0846x4.png,23.990218701834,0.7550019683976257,22.598036015734188
DIV2K,0847,bicubic,generated:matlab_bicubic_resize,<benchmark_root>/div2k/DIV2K_valid_HR/0847.png,<benchmark_root>/div2k/DIV2K_valid_LR_bicubic/X4/0847x4.png,26.57145017829948,0.7657698246987819,25.08212595283936
DIV2K,0847,detail_base,<output_root>/detail_v1d/DIV2K/0847/base.png,<benchmark_root>/div2k/DIV2K_valid_HR/0847.png,<benchmark_root>/div2k/DIV2K_valid_LR_bicubic/X4/0847x4.png,28.897772658974155,0.8405241734965512,27.359310792227667
DIV2K,0847,detail_v1d,<output_root>/detail_v1d/DIV2K/0847/detail.png,<benchmark_root>/div2k/DIV2K_valid_HR/0847.png,<benchmark_root>/div2k/DIV2K_valid_LR_bicubic/X4/0847x4.png,29.23866165032337,0.8491401116701826,27.70507514633241
DIV2K,0847,refiner_condition,<output_root>/refiner_v2/DIV2K/0847/condition.png,<benchmark_root>/div2k/DIV2K_valid_HR/0847.png,<benchmark_root>/div2k/DIV2K_valid_LR_bicubic/X4/0847x4.png,28.113399684638583,0.8147164990746276,26.494415386084302
DIV2K,0847,refiner_v2,<output_root>/refiner_v2/DIV2K/0847/refined.png,<benchmark_root>/div2k/DIV2K_valid_HR/0847.png,<benchmark_root>/div2k/DIV2K_valid_LR_bicubic/X4/0847x4.png,28.327651650975135,0.8245037572715768,26.775333552963858
DIV2K,0847,RealESRNet_x4plus,<output_root>/realesrgan/DIV2K/0847/RealESRNet_x4plus.png,<benchmark_root>/div2k/DIV2K_valid_HR/0847.png,<benchmark_root>/div2k/DIV2K_valid_LR_bicubic/X4/0847x4.png,27.82789891045808,0.809241352450379,25.966350869905433
DIV2K,0847,RealESRGAN_x4plus,<output_root>/realesrgan/DIV2K/0847/RealESRGAN_x4plus.png,<benchmark_root>/div2k/DIV2K_valid_HR/0847.png,<benchmark_root>/div2k/DIV2K_valid_LR_bicubic/X4/0847x4.png,25.48624281172211,0.7494046933005218,23.776114821148283
DIV2K,0848,bicubic,generated:matlab_bicubic_resize,<benchmark_root>/div2k/DIV2K_valid_HR/0848.png,<benchmark_root>/div2k/DIV2K_valid_LR_bicubic/X4/0848x4.png,26.367516854617822,0.710048976220453,25.057212394608605
DIV2K,0848,detail_base,<output_root>/detail_v1d/DIV2K/0848/base.png,<benchmark_root>/div2k/DIV2K_valid_HR/0848.png,<benchmark_root>/div2k/DIV2K_valid_LR_bicubic/X4/0848x4.png,28.35855208016882,0.7666022538534579,27.04018407376762
DIV2K,0848,detail_v1d,<output_root>/detail_v1d/DIV2K/0848/detail.png,<benchmark_root>/div2k/DIV2K_valid_HR/0848.png,<benchmark_root>/div2k/DIV2K_valid_LR_bicubic/X4/0848x4.png,28.546879274093584,0.7711539678058452,27.228864527998024
DIV2K,0848,refiner_condition,<output_root>/refiner_v2/DIV2K/0848/condition.png,<benchmark_root>/div2k/DIV2K_valid_HR/0848.png,<benchmark_root>/div2k/DIV2K_valid_LR_bicubic/X4/0848x4.png,27.73518272565552,0.7494228234030189,26.412824667905888
DIV2K,0848,refiner_v2,<output_root>/refiner_v2/DIV2K/0848/refined.png,<benchmark_root>/div2k/DIV2K_valid_HR/0848.png,<benchmark_root>/div2k/DIV2K_valid_LR_bicubic/X4/0848x4.png,28.08384751591372,0.760287964585891,26.766437689835826
DIV2K,0848,RealESRNet_x4plus,<output_root>/realesrgan/DIV2K/0848/RealESRNet_x4plus.png,<benchmark_root>/div2k/DIV2K_valid_HR/0848.png,<benchmark_root>/div2k/DIV2K_valid_LR_bicubic/X4/0848x4.png,27.616667634531392,0.7415759758728157,26.047297254209283
DIV2K,0848,RealESRGAN_x4plus,<output_root>/realesrgan/DIV2K/0848/RealESRGAN_x4plus.png,<benchmark_root>/div2k/DIV2K_valid_HR/0848.png,<benchmark_root>/div2k/DIV2K_valid_LR_bicubic/X4/0848x4.png,26.867519168880936,0.7243069592792569,25.29794111334283
DIV2K,0849,bicubic,generated:matlab_bicubic_resize,<benchmark_root>/div2k/DIV2K_valid_HR/0849.png,<benchmark_root>/div2k/DIV2K_valid_LR_bicubic/X4/0849x4.png,21.024443377156878,0.6340396171576069,19.576233492811138
DIV2K,0849,detail_base,<output_root>/detail_v1d/DIV2K/0849/base.png,<benchmark_root>/div2k/DIV2K_valid_HR/0849.png,<benchmark_root>/div2k/DIV2K_valid_LR_bicubic/X4/0849x4.png,23.404267898301306,0.7679658676705612,21.985403313529535
DIV2K,0849,detail_v1d,<output_root>/detail_v1d/DIV2K/0849/detail.png,<benchmark_root>/div2k/DIV2K_valid_HR/0849.png,<benchmark_root>/div2k/DIV2K_valid_LR_bicubic/X4/0849x4.png,23.695273767334317,0.7811293498280298,22.282503839405287
DIV2K,0849,refiner_condition,<output_root>/refiner_v2/DIV2K/0849/condition.png,<benchmark_root>/div2k/DIV2K_valid_HR/0849.png,<benchmark_root>/div2k/DIV2K_valid_LR_bicubic/X4/0849x4.png,22.69093275848626,0.7291531719804255,21.251409787774914
DIV2K,0849,refiner_v2,<output_root>/refiner_v2/DIV2K/0849/refined.png,<benchmark_root>/div2k/DIV2K_valid_HR/0849.png,<benchmark_root>/div2k/DIV2K_valid_LR_bicubic/X4/0849x4.png,23.08915498720711,0.754853259247579,21.675057195235503
DIV2K,0849,RealESRNet_x4plus,<output_root>/realesrgan/DIV2K/0849/RealESRNet_x4plus.png,<benchmark_root>/div2k/DIV2K_valid_HR/0849.png,<benchmark_root>/div2k/DIV2K_valid_LR_bicubic/X4/0849x4.png,22.440345872517156,0.7266442417614313,20.711392716631597
DIV2K,0849,RealESRGAN_x4plus,<output_root>/realesrgan/DIV2K/0849/RealESRGAN_x4plus.png,<benchmark_root>/div2k/DIV2K_valid_HR/0849.png,<benchmark_root>/div2k/DIV2K_valid_LR_bicubic/X4/0849x4.png,21.337082938750154,0.6735431624460644,19.642253337430986
DIV2K,0850,bicubic,generated:matlab_bicubic_resize,<benchmark_root>/div2k/DIV2K_valid_HR/0850.png,<benchmark_root>/div2k/DIV2K_valid_LR_bicubic/X4/0850x4.png,28.106013843028514,0.7905462951653007,26.70376347817792
DIV2K,0850,detail_base,<output_root>/detail_v1d/DIV2K/0850/base.png,<benchmark_root>/div2k/DIV2K_valid_HR/0850.png,<benchmark_root>/div2k/DIV2K_valid_LR_bicubic/X4/0850x4.png,30.26042862197341,0.8526872489266668,28.848103462852713
DIV2K,0850,detail_v1d,<output_root>/detail_v1d/DIV2K/0850/detail.png,<benchmark_root>/div2k/DIV2K_valid_HR/0850.png,<benchmark_root>/div2k/DIV2K_valid_LR_bicubic/X4/0850x4.png,30.5547763626815,0.8597826747176731,29.143361852616994
DIV2K,0850,refiner_condition,<output_root>/refiner_v2/DIV2K/0850/condition.png,<benchmark_root>/div2k/DIV2K_valid_HR/0850.png,<benchmark_root>/div2k/DIV2K_valid_LR_bicubic/X4/0850x4.png,29.67402389083837,0.8368888248207923,28.193976967795486
DIV2K,0850,refiner_v2,<output_root>/refiner_v2/DIV2K/0850/refined.png,<benchmark_root>/div2k/DIV2K_valid_HR/0850.png,<benchmark_root>/div2k/DIV2K_valid_LR_bicubic/X4/0850x4.png,29.917580171917358,0.8451424552743988,28.51125993878049
DIV2K,0850,RealESRNet_x4plus,<output_root>/realesrgan/DIV2K/0850/RealESRNet_x4plus.png,<benchmark_root>/div2k/DIV2K_valid_HR/0850.png,<benchmark_root>/div2k/DIV2K_valid_LR_bicubic/X4/0850x4.png,29.404256519295977,0.8350319904779949,27.659374066691036
DIV2K,0850,RealESRGAN_x4plus,<output_root>/realesrgan/DIV2K/0850/RealESRGAN_x4plus.png,<benchmark_root>/div2k/DIV2K_valid_HR/0850.png,<benchmark_root>/div2k/DIV2K_valid_LR_bicubic/X4/0850x4.png,27.367113657891263,0.7847698182593601,25.65232018909466
DIV2K,0851,bicubic,generated:matlab_bicubic_resize,<benchmark_root>/div2k/DIV2K_valid_HR/0851.png,<benchmark_root>/div2k/DIV2K_valid_LR_bicubic/X4/0851x4.png,28.182544875104583,0.8605111163227975,26.745562766356006
DIV2K,0851,detail_base,<output_root>/detail_v1d/DIV2K/0851/base.png,<benchmark_root>/div2k/DIV2K_valid_HR/0851.png,<benchmark_root>/div2k/DIV2K_valid_LR_bicubic/X4/0851x4.png,29.46720798399933,0.8919180247695707,28.002715760188792
DIV2K,0851,detail_v1d,<output_root>/detail_v1d/DIV2K/0851/detail.png,<benchmark_root>/div2k/DIV2K_valid_HR/0851.png,<benchmark_root>/div2k/DIV2K_valid_LR_bicubic/X4/0851x4.png,29.60443292186949,0.8952668244301338,28.156082382552945
DIV2K,0851,refiner_condition,<output_root>/refiner_v2/DIV2K/0851/condition.png,<benchmark_root>/div2k/DIV2K_valid_HR/0851.png,<benchmark_root>/div2k/DIV2K_valid_LR_bicubic/X4/0851x4.png,28.606896441877335,0.8793255195824379,27.07331445820956
DIV2K,0851,refiner_v2,<output_root>/refiner_v2/DIV2K/0851/refined.png,<benchmark_root>/div2k/DIV2K_valid_HR/0851.png,<benchmark_root>/div2k/DIV2K_valid_LR_bicubic/X4/0851x4.png,28.997727879799054,0.8847215717398518,27.511785825127454
DIV2K,0851,RealESRNet_x4plus,<output_root>/realesrgan/DIV2K/0851/RealESRNet_x4plus.png,<benchmark_root>/div2k/DIV2K_valid_HR/0851.png,<benchmark_root>/div2k/DIV2K_valid_LR_bicubic/X4/0851x4.png,28.674344812527075,0.868030788988957,26.813907594089823
DIV2K,0851,RealESRGAN_x4plus,<output_root>/realesrgan/DIV2K/0851/RealESRGAN_x4plus.png,<benchmark_root>/div2k/DIV2K_valid_HR/0851.png,<benchmark_root>/div2k/DIV2K_valid_LR_bicubic/X4/0851x4.png,27.953304268322725,0.8590082531770381,26.00790818730294
DIV2K,0852,bicubic,generated:matlab_bicubic_resize,<benchmark_root>/div2k/DIV2K_valid_HR/0852.png,<benchmark_root>/div2k/DIV2K_valid_LR_bicubic/X4/0852x4.png,30.01651473080573,0.7966093388976564,28.931460710283122
DIV2K,0852,detail_base,<output_root>/detail_v1d/DIV2K/0852/base.png,<benchmark_root>/div2k/DIV2K_valid_HR/0852.png,<benchmark_root>/div2k/DIV2K_valid_LR_bicubic/X4/0852x4.png,30.853733099739728,0.839224044914904,29.776513292264212
DIV2K,0852,detail_v1d,<output_root>/detail_v1d/DIV2K/0852/detail.png,<benchmark_root>/div2k/DIV2K_valid_HR/0852.png,<benchmark_root>/div2k/DIV2K_valid_LR_bicubic/X4/0852x4.png,30.941654545851357,0.8421040168985059,29.875354143809773
DIV2K,0852,refiner_condition,<output_root>/refiner_v2/DIV2K/0852/condition.png,<benchmark_root>/div2k/DIV2K_valid_HR/0852.png,<benchmark_root>/div2k/DIV2K_valid_LR_bicubic/X4/0852x4.png,30.409789113389955,0.8195249949844743,29.270072524136793
DIV2K,0852,refiner_v2,<output_root>/refiner_v2/DIV2K/0852/refined.png,<benchmark_root>/div2k/DIV2K_valid_HR/0852.png,<benchmark_root>/div2k/DIV2K_valid_LR_bicubic/X4/0852x4.png,30.629804948473062,0.8307588059392899,29.570206806282798
DIV2K,0852,RealESRNet_x4plus,<output_root>/realesrgan/DIV2K/0852/RealESRNet_x4plus.png,<benchmark_root>/div2k/DIV2K_valid_HR/0852.png,<benchmark_root>/div2k/DIV2K_valid_LR_bicubic/X4/0852x4.png,30.063016495381937,0.7987835661846228,28.51549326992293
DIV2K,0852,RealESRGAN_x4plus,<output_root>/realesrgan/DIV2K/0852/RealESRGAN_x4plus.png,<benchmark_root>/div2k/DIV2K_valid_HR/0852.png,<benchmark_root>/div2k/DIV2K_valid_LR_bicubic/X4/0852x4.png,27.7269938863256,0.7695329794825074,26.423959753315252
DIV2K,0853,bicubic,generated:matlab_bicubic_resize,<benchmark_root>/div2k/DIV2K_valid_HR/0853.png,<benchmark_root>/div2k/DIV2K_valid_LR_bicubic/X4/0853x4.png,32.69575241445451,0.923973484235545,30.85875839069338
DIV2K,0853,detail_base,<output_root>/detail_v1d/DIV2K/0853/base.png,<benchmark_root>/div2k/DIV2K_valid_HR/0853.png,<benchmark_root>/div2k/DIV2K_valid_LR_bicubic/X4/0853x4.png,35.39545293210943,0.9474641414813206,33.411540230177145
DIV2K,0853,detail_v1d,<output_root>/detail_v1d/DIV2K/0853/detail.png,<benchmark_root>/div2k/DIV2K_valid_HR/0853.png,<benchmark_root>/div2k/DIV2K_valid_LR_bicubic/X4/0853x4.png,35.753591131924196,0.9505825256571181,33.72717821057822
DIV2K,0853,refiner_condition,<output_root>/refiner_v2/DIV2K/0853/condition.png,<benchmark_root>/div2k/DIV2K_valid_HR/0853.png,<benchmark_root>/div2k/DIV2K_valid_LR_bicubic/X4/0853x4.png,32.31506896443779,0.9309029379381231,30.647945892872833
DIV2K,0853,refiner_v2,<output_root>/refiner_v2/DIV2K/0853/refined.png,<benchmark_root>/div2k/DIV2K_valid_HR/0853.png,<benchmark_root>/div2k/DIV2K_valid_LR_bicubic/X4/0853x4.png,32.880699287186566,0.9367842140397816,31.24445603412529
DIV2K,0853,RealESRNet_x4plus,<output_root>/realesrgan/DIV2K/0853/RealESRNet_x4plus.png,<benchmark_root>/div2k/DIV2K_valid_HR/0853.png,<benchmark_root>/div2k/DIV2K_valid_LR_bicubic/X4/0853x4.png,33.36117739255177,0.9333298886559984,29.08435507727169
DIV2K,0853,RealESRGAN_x4plus,<output_root>/realesrgan/DIV2K/0853/RealESRGAN_x4plus.png,<benchmark_root>/div2k/DIV2K_valid_HR/0853.png,<benchmark_root>/div2k/DIV2K_valid_LR_bicubic/X4/0853x4.png,31.372949973948717,0.9085852172287145,27.44573076740143
DIV2K,0854,bicubic,generated:matlab_bicubic_resize,<benchmark_root>/div2k/DIV2K_valid_HR/0854.png,<benchmark_root>/div2k/DIV2K_valid_LR_bicubic/X4/0854x4.png,24.6867183385205,0.6854442793760797,23.38569287341246
DIV2K,0854,detail_base,<output_root>/detail_v1d/DIV2K/0854/base.png,<benchmark_root>/div2k/DIV2K_valid_HR/0854.png,<benchmark_root>/div2k/DIV2K_valid_LR_bicubic/X4/0854x4.png,26.08897823360778,0.750367174126673,24.768463769604338
DIV2K,0854,detail_v1d,<output_root>/detail_v1d/DIV2K/0854/detail.png,<benchmark_root>/div2k/DIV2K_valid_HR/0854.png,<benchmark_root>/div2k/DIV2K_valid_LR_bicubic/X4/0854x4.png,26.2129625462901,0.7559804704737099,24.89484734149525
DIV2K,0854,refiner_condition,<output_root>/refiner_v2/DIV2K/0854/condition.png,<benchmark_root>/div2k/DIV2K_valid_HR/0854.png,<benchmark_root>/div2k/DIV2K_valid_LR_bicubic/X4/0854x4.png,25.79229594355601,0.7333893239195877,24.43021888682988
DIV2K,0854,refiner_v2,<output_root>/refiner_v2/DIV2K/0854/refined.png,<benchmark_root>/div2k/DIV2K_valid_HR/0854.png,<benchmark_root>/div2k/DIV2K_valid_LR_bicubic/X4/0854x4.png,25.943817990872972,0.7443877890994455,24.619422456599015
DIV2K,0854,RealESRNet_x4plus,<output_root>/realesrgan/DIV2K/0854/RealESRNet_x4plus.png,<benchmark_root>/div2k/DIV2K_valid_HR/0854.png,<benchmark_root>/div2k/DIV2K_valid_LR_bicubic/X4/0854x4.png,25.45940486520962,0.7290153446959751,24.04860201673429
DIV2K,0854,RealESRGAN_x4plus,<output_root>/realesrgan/DIV2K/0854/RealESRGAN_x4plus.png,<benchmark_root>/div2k/DIV2K_valid_HR/0854.png,<benchmark_root>/div2k/DIV2K_valid_LR_bicubic/X4/0854x4.png,23.19259359360195,0.6450927183827858,21.796597801583317
DIV2K,0855,bicubic,generated:matlab_bicubic_resize,<benchmark_root>/div2k/DIV2K_valid_HR/0855.png,<benchmark_root>/div2k/DIV2K_valid_LR_bicubic/X4/0855x4.png,29.367724335942135,0.7443501491614422,28.024251869467793
DIV2K,0855,detail_base,<output_root>/detail_v1d/DIV2K/0855/base.png,<benchmark_root>/div2k/DIV2K_valid_HR/0855.png,<benchmark_root>/div2k/DIV2K_valid_LR_bicubic/X4/0855x4.png,30.319229178643905,0.7800143882754506,28.955339189218794
DIV2K,0855,detail_v1d,<output_root>/detail_v1d/DIV2K/0855/detail.png,<benchmark_root>/div2k/DIV2K_valid_HR/0855.png,<benchmark_root>/div2k/DIV2K_valid_LR_bicubic/X4/0855x4.png,30.36054762837532,0.7818937258797748,29.005563373324136
DIV2K,0855,refiner_condition,<output_root>/refiner_v2/DIV2K/0855/condition.png,<benchmark_root>/div2k/DIV2K_valid_HR/0855.png,<benchmark_root>/div2k/DIV2K_valid_LR_bicubic/X4/0855x4.png,29.67045710264933,0.7717913788003169,28.144662480843763
DIV2K,0855,refiner_v2,<output_root>/refiner_v2/DIV2K/0855/refined.png,<benchmark_root>/div2k/DIV2K_valid_HR/0855.png,<benchmark_root>/div2k/DIV2K_valid_LR_bicubic/X4/0855x4.png,29.899623728694422,0.7751861891282014,28.514713723572875
DIV2K,0855,RealESRNet_x4plus,<output_root>/realesrgan/DIV2K/0855/RealESRNet_x4plus.png,<benchmark_root>/div2k/DIV2K_valid_HR/0855.png,<benchmark_root>/div2k/DIV2K_valid_LR_bicubic/X4/0855x4.png,28.913959046723996,0.7631194710789763,27.499137692716577
DIV2K,0855,RealESRGAN_x4plus,<output_root>/realesrgan/DIV2K/0855/RealESRGAN_x4plus.png,<benchmark_root>/div2k/DIV2K_valid_HR/0855.png,<benchmark_root>/div2k/DIV2K_valid_LR_bicubic/X4/0855x4.png,27.729241226574434,0.7262122919994837,26.28676514221103
DIV2K,0856,bicubic,generated:matlab_bicubic_resize,<benchmark_root>/div2k/DIV2K_valid_HR/0856.png,<benchmark_root>/div2k/DIV2K_valid_LR_bicubic/X4/0856x4.png,26.41288026624835,0.6604388907257019,23.214276433100775
DIV2K,0856,detail_base,<output_root>/detail_v1d/DIV2K/0856/base.png,<benchmark_root>/div2k/DIV2K_valid_HR/0856.png,<benchmark_root>/div2k/DIV2K_valid_LR_bicubic/X4/0856x4.png,27.16047484322025,0.7178157324670309,23.942748403913964
DIV2K,0856,detail_v1d,<output_root>/detail_v1d/DIV2K/0856/detail.png,<benchmark_root>/div2k/DIV2K_valid_HR/0856.png,<benchmark_root>/div2k/DIV2K_valid_LR_bicubic/X4/0856x4.png,27.274374201054158,0.7254843236669396,24.10044250422154
DIV2K,0856,refiner_condition,<output_root>/refiner_v2/DIV2K/0856/condition.png,<benchmark_root>/div2k/DIV2K_valid_HR/0856.png,<benchmark_root>/div2k/DIV2K_valid_LR_bicubic/X4/0856x4.png,26.424370516181565,0.6847008147608721,22.897289488941382
DIV2K,0856,refiner_v2,<output_root>/refiner_v2/DIV2K/0856/refined.png,<benchmark_root>/div2k/DIV2K_valid_HR/0856.png,<benchmark_root>/div2k/DIV2K_valid_LR_bicubic/X4/0856x4.png,26.677132339568054,0.6940121509570037,23.431550809343626
DIV2K,0856,RealESRNet_x4plus,<output_root>/realesrgan/DIV2K/0856/RealESRNet_x4plus.png,<benchmark_root>/div2k/DIV2K_valid_HR/0856.png,<benchmark_root>/div2k/DIV2K_valid_LR_bicubic/X4/0856x4.png,26.71034934760734,0.6942607383503214,22.500560810826382
DIV2K,0856,RealESRGAN_x4plus,<output_root>/realesrgan/DIV2K/0856/RealESRGAN_x4plus.png,<benchmark_root>/div2k/DIV2K_valid_HR/0856.png,<benchmark_root>/div2k/DIV2K_valid_LR_bicubic/X4/0856x4.png,24.84635897281994,0.6285564071413905,21.423473414708493
DIV2K,0857,bicubic,generated:matlab_bicubic_resize,<benchmark_root>/div2k/DIV2K_valid_HR/0857.png,<benchmark_root>/div2k/DIV2K_valid_LR_bicubic/X4/0857x4.png,35.448676466665596,0.8284359962108077,33.9965574064447
DIV2K,0857,detail_base,<output_root>/detail_v1d/DIV2K/0857/base.png,<benchmark_root>/div2k/DIV2K_valid_HR/0857.png,<benchmark_root>/div2k/DIV2K_valid_LR_bicubic/X4/0857x4.png,36.07142306669933,0.8331348698847216,34.56536414708565
DIV2K,0857,detail_v1d,<output_root>/detail_v1d/DIV2K/0857/detail.png,<benchmark_root>/div2k/DIV2K_valid_HR/0857.png,<benchmark_root>/div2k/DIV2K_valid_LR_bicubic/X4/0857x4.png,36.186923478121315,0.8339768501367866,34.70457039385749
DIV2K,0857,refiner_condition,<output_root>/refiner_v2/DIV2K/0857/condition.png,<benchmark_root>/div2k/DIV2K_valid_HR/0857.png,<benchmark_root>/div2k/DIV2K_valid_LR_bicubic/X4/0857x4.png,35.27490038506237,0.8306715245113083,33.063019968727644
DIV2K,0857,refiner_v2,<output_root>/refiner_v2/DIV2K/0857/refined.png,<benchmark_root>/div2k/DIV2K_valid_HR/0857.png,<benchmark_root>/div2k/DIV2K_valid_LR_bicubic/X4/0857x4.png,35.6314291905356,0.8317501212327443,34.05539585074037
DIV2K,0857,RealESRNet_x4plus,<output_root>/realesrgan/DIV2K/0857/RealESRNet_x4plus.png,<benchmark_root>/div2k/DIV2K_valid_HR/0857.png,<benchmark_root>/div2k/DIV2K_valid_LR_bicubic/X4/0857x4.png,35.16362641936338,0.8280803364289242,33.337884329981115
DIV2K,0857,RealESRGAN_x4plus,<output_root>/realesrgan/DIV2K/0857/RealESRGAN_x4plus.png,<benchmark_root>/div2k/DIV2K_valid_HR/0857.png,<benchmark_root>/div2k/DIV2K_valid_LR_bicubic/X4/0857x4.png,33.420633012230155,0.8176255129552698,31.499755705605313
DIV2K,0858,bicubic,generated:matlab_bicubic_resize,<benchmark_root>/div2k/DIV2K_valid_HR/0858.png,<benchmark_root>/div2k/DIV2K_valid_LR_bicubic/X4/0858x4.png,28.23299192161112,0.7409549318478025,27.01838741511296
DIV2K,0858,detail_base,<output_root>/detail_v1d/DIV2K/0858/base.png,<benchmark_root>/div2k/DIV2K_valid_HR/0858.png,<benchmark_root>/div2k/DIV2K_valid_LR_bicubic/X4/0858x4.png,29.599436544283236,0.7996477279753533,28.345628370446644
DIV2K,0858,detail_v1d,<output_root>/detail_v1d/DIV2K/0858/detail.png,<benchmark_root>/div2k/DIV2K_valid_HR/0858.png,<benchmark_root>/div2k/DIV2K_valid_LR_bicubic/X4/0858x4.png,29.686419890216087,0.8030920998877645,28.445061711729828
DIV2K,0858,refiner_condition,<output_root>/refiner_v2/DIV2K/0858/condition.png,<benchmark_root>/div2k/DIV2K_valid_HR/0858.png,<benchmark_root>/div2k/DIV2K_valid_LR_bicubic/X4/0858x4.png,29.047750891867054,0.7776000426702278,27.762127265376723
DIV2K,0858,refiner_v2,<output_root>/refiner_v2/DIV2K/0858/refined.png,<benchmark_root>/div2k/DIV2K_valid_HR/0858.png,<benchmark_root>/div2k/DIV2K_valid_LR_bicubic/X4/0858x4.png,29.38505230897798,0.7930549231889098,28.13997635750258
DIV2K,0858,RealESRNet_x4plus,<output_root>/realesrgan/DIV2K/0858/RealESRNet_x4plus.png,<benchmark_root>/div2k/DIV2K_valid_HR/0858.png,<benchmark_root>/div2k/DIV2K_valid_LR_bicubic/X4/0858x4.png,28.811850203384424,0.7613199236850516,27.129418194508105
DIV2K,0858,RealESRGAN_x4plus,<output_root>/realesrgan/DIV2K/0858/RealESRGAN_x4plus.png,<benchmark_root>/div2k/DIV2K_valid_HR/0858.png,<benchmark_root>/div2k/DIV2K_valid_LR_bicubic/X4/0858x4.png,25.664824677138046,0.6980124984579691,24.268345915268057
DIV2K,0859,bicubic,generated:matlab_bicubic_resize,<benchmark_root>/div2k/DIV2K_valid_HR/0859.png,<benchmark_root>/div2k/DIV2K_valid_LR_bicubic/X4/0859x4.png,25.32469415163254,0.6324553301007961,24.059457077726382
DIV2K,0859,detail_base,<output_root>/detail_v1d/DIV2K/0859/base.png,<benchmark_root>/div2k/DIV2K_valid_HR/0859.png,<benchmark_root>/div2k/DIV2K_valid_LR_bicubic/X4/0859x4.png,26.28139429208915,0.7015320471329758,24.984553853545286
DIV2K,0859,detail_v1d,<output_root>/detail_v1d/DIV2K/0859/detail.png,<benchmark_root>/div2k/DIV2K_valid_HR/0859.png,<benchmark_root>/div2k/DIV2K_valid_LR_bicubic/X4/0859x4.png,26.39855899279678,0.708207383840612,25.111065400724584
DIV2K,0859,refiner_condition,<output_root>/refiner_v2/DIV2K/0859/condition.png,<benchmark_root>/div2k/DIV2K_valid_HR/0859.png,<benchmark_root>/div2k/DIV2K_valid_LR_bicubic/X4/0859x4.png,26.229456673428658,0.687876465900354,24.909634189939123
DIV2K,0859,refiner_v2,<output_root>/refiner_v2/DIV2K/0859/refined.png,<benchmark_root>/div2k/DIV2K_valid_HR/0859.png,<benchmark_root>/div2k/DIV2K_valid_LR_bicubic/X4/0859x4.png,26.26952182779316,0.6999517230946467,24.96306874402562
DIV2K,0859,RealESRNet_x4plus,<output_root>/realesrgan/DIV2K/0859/RealESRNet_x4plus.png,<benchmark_root>/div2k/DIV2K_valid_HR/0859.png,<benchmark_root>/div2k/DIV2K_valid_LR_bicubic/X4/0859x4.png,25.79142067446596,0.6867034814419626,24.41182937826182
DIV2K,0859,RealESRGAN_x4plus,<output_root>/realesrgan/DIV2K/0859/RealESRGAN_x4plus.png,<benchmark_root>/div2k/DIV2K_valid_HR/0859.png,<benchmark_root>/div2k/DIV2K_valid_LR_bicubic/X4/0859x4.png,23.156199675512248,0.5757963050505395,21.768084882568992
DIV2K,0860,bicubic,generated:matlab_bicubic_resize,<benchmark_root>/div2k/DIV2K_valid_HR/0860.png,<benchmark_root>/div2k/DIV2K_valid_LR_bicubic/X4/0860x4.png,21.030943613589912,0.5397377758968388,19.671944612057757
DIV2K,0860,detail_base,<output_root>/detail_v1d/DIV2K/0860/base.png,<benchmark_root>/div2k/DIV2K_valid_HR/0860.png,<benchmark_root>/div2k/DIV2K_valid_LR_bicubic/X4/0860x4.png,21.834590526891226,0.631183864420164,20.466447547148405
DIV2K,0860,detail_v1d,<output_root>/detail_v1d/DIV2K/0860/detail.png,<benchmark_root>/div2k/DIV2K_valid_HR/0860.png,<benchmark_root>/div2k/DIV2K_valid_LR_bicubic/X4/0860x4.png,21.89619680137325,0.6362412235422011,20.52810540733889
DIV2K,0860,refiner_condition,<output_root>/refiner_v2/DIV2K/0860/condition.png,<benchmark_root>/div2k/DIV2K_valid_HR/0860.png,<benchmark_root>/div2k/DIV2K_valid_LR_bicubic/X4/0860x4.png,21.65248402611254,0.6076462349753738,20.26678648969154
DIV2K,0860,refiner_v2,<output_root>/refiner_v2/DIV2K/0860/refined.png,<benchmark_root>/div2k/DIV2K_valid_HR/0860.png,<benchmark_root>/div2k/DIV2K_valid_LR_bicubic/X4/0860x4.png,21.760923888903847,0.6266770726588226,20.389663337949425
DIV2K,0860,RealESRNet_x4plus,<output_root>/realesrgan/DIV2K/0860/RealESRNet_x4plus.png,<benchmark_root>/div2k/DIV2K_valid_HR/0860.png,<benchmark_root>/div2k/DIV2K_valid_LR_bicubic/X4/0860x4.png,21.390184115076323,0.603811825697439,19.86879008306458
DIV2K,0860,RealESRGAN_x4plus,<output_root>/realesrgan/DIV2K/0860/RealESRGAN_x4plus.png,<benchmark_root>/div2k/DIV2K_valid_HR/0860.png,<benchmark_root>/div2k/DIV2K_valid_LR_bicubic/X4/0860x4.png,19.416101705657734,0.5056892042456086,17.94374285986533
DIV2K,0861,bicubic,generated:matlab_bicubic_resize,<benchmark_root>/div2k/DIV2K_valid_HR/0861.png,<benchmark_root>/div2k/DIV2K_valid_LR_bicubic/X4/0861x4.png,22.390981203316073,0.6546742911046685,21.175928119334976
DIV2K,0861,detail_base,<output_root>/detail_v1d/DIV2K/0861/base.png,<benchmark_root>/div2k/DIV2K_valid_HR/0861.png,<benchmark_root>/div2k/DIV2K_valid_LR_bicubic/X4/0861x4.png,23.883675396287533,0.7611971912347936,22.660794057116185
DIV2K,0861,detail_v1d,<output_root>/detail_v1d/DIV2K/0861/detail.png,<benchmark_root>/div2k/DIV2K_valid_HR/0861.png,<benchmark_root>/div2k/DIV2K_valid_LR_bicubic/X4/0861x4.png,24.1092858887544,0.7721501592010561,22.890629815530723
DIV2K,0861,refiner_condition,<output_root>/refiner_v2/DIV2K/0861/condition.png,<benchmark_root>/div2k/DIV2K_valid_HR/0861.png,<benchmark_root>/div2k/DIV2K_valid_LR_bicubic/X4/0861x4.png,23.354041250941773,0.7216610891811509,22.116506493786332
DIV2K,0861,refiner_v2,<output_root>/refiner_v2/DIV2K/0861/refined.png,<benchmark_root>/div2k/DIV2K_valid_HR/0861.png,<benchmark_root>/div2k/DIV2K_valid_LR_bicubic/X4/0861x4.png,23.560832106185927,0.7405792539034746,22.327965890293576
DIV2K,0861,RealESRNet_x4plus,<output_root>/realesrgan/DIV2K/0861/RealESRNet_x4plus.png,<benchmark_root>/div2k/DIV2K_valid_HR/0861.png,<benchmark_root>/div2k/DIV2K_valid_LR_bicubic/X4/0861x4.png,23.200396722347865,0.718603470968951,21.883526496765278
DIV2K,0861,RealESRGAN_x4plus,<output_root>/realesrgan/DIV2K/0861/RealESRGAN_x4plus.png,<benchmark_root>/div2k/DIV2K_valid_HR/0861.png,<benchmark_root>/div2k/DIV2K_valid_LR_bicubic/X4/0861x4.png,21.374650800454713,0.6632907441596991,20.088655429037495
DIV2K,0862,bicubic,generated:matlab_bicubic_resize,<benchmark_root>/div2k/DIV2K_valid_HR/0862.png,<benchmark_root>/div2k/DIV2K_valid_LR_bicubic/X4/0862x4.png,33.7794601347183,0.834622411060717,32.387137781045524
DIV2K,0862,detail_base,<output_root>/detail_v1d/DIV2K/0862/base.png,<benchmark_root>/div2k/DIV2K_valid_HR/0862.png,<benchmark_root>/div2k/DIV2K_valid_LR_bicubic/X4/0862x4.png,34.24429570189025,0.8502850477599796,32.80773453150671
DIV2K,0862,detail_v1d,<output_root>/detail_v1d/DIV2K/0862/detail.png,<benchmark_root>/div2k/DIV2K_valid_HR/0862.png,<benchmark_root>/div2k/DIV2K_valid_LR_bicubic/X4/0862x4.png,34.318983809709195,0.8517998453808323,32.893494681566324
DIV2K,0862,refiner_condition,<output_root>/refiner_v2/DIV2K/0862/condition.png,<benchmark_root>/div2k/DIV2K_valid_HR/0862.png,<benchmark_root>/div2k/DIV2K_valid_LR_bicubic/X4/0862x4.png,32.56221568256535,0.8432212219483571,30.385514342045145
DIV2K,0862,refiner_v2,<output_root>/refiner_v2/DIV2K/0862/refined.png,<benchmark_root>/div2k/DIV2K_valid_HR/0862.png,<benchmark_root>/div2k/DIV2K_valid_LR_bicubic/X4/0862x4.png,33.55405858147944,0.8470248164064518,31.9966631538699
DIV2K,0862,RealESRNet_x4plus,<output_root>/realesrgan/DIV2K/0862/RealESRNet_x4plus.png,<benchmark_root>/div2k/DIV2K_valid_HR/0862.png,<benchmark_root>/div2k/DIV2K_valid_LR_bicubic/X4/0862x4.png,32.78167083676424,0.8372564560012492,31.21995342304029
DIV2K,0862,RealESRGAN_x4plus,<output_root>/realesrgan/DIV2K/0862/RealESRGAN_x4plus.png,<benchmark_root>/div2k/DIV2K_valid_HR/0862.png,<benchmark_root>/div2k/DIV2K_valid_LR_bicubic/X4/0862x4.png,29.568585425466107,0.7855341838562279,28.0656986447436
DIV2K,0863,bicubic,generated:matlab_bicubic_resize,<benchmark_root>/div2k/DIV2K_valid_HR/0863.png,<benchmark_root>/div2k/DIV2K_valid_LR_bicubic/X4/0863x4.png,33.414160830957144,0.8976468834791831,32.0811352672992
DIV2K,0863,detail_base,<output_root>/detail_v1d/DIV2K/0863/base.png,<benchmark_root>/div2k/DIV2K_valid_HR/0863.png,<benchmark_root>/div2k/DIV2K_valid_LR_bicubic/X4/0863x4.png,34.25282939394095,0.91261273042237,32.87523708107577
DIV2K,0863,detail_v1d,<output_root>/detail_v1d/DIV2K/0863/detail.png,<benchmark_root>/div2k/DIV2K_valid_HR/0863.png,<benchmark_root>/div2k/DIV2K_valid_LR_bicubic/X4/0863x4.png,34.30934902917418,0.9137856151144963,32.94083374627295
DIV2K,0863,refiner_condition,<output_root>/refiner_v2/DIV2K/0863/condition.png,<benchmark_root>/div2k/DIV2K_valid_HR/0863.png,<benchmark_root>/div2k/DIV2K_valid_LR_bicubic/X4/0863x4.png,32.0665484365761,0.9075709286966799,30.29066825630428
DIV2K,0863,refiner_v2,<output_root>/refiner_v2/DIV2K/0863/refined.png,<benchmark_root>/div2k/DIV2K_valid_HR/0863.png,<benchmark_root>/div2k/DIV2K_valid_LR_bicubic/X4/0863x4.png,32.16645959945418,0.9095064753068867,30.66233913047475
DIV2K,0863,RealESRNet_x4plus,<output_root>/realesrgan/DIV2K/0863/RealESRNet_x4plus.png,<benchmark_root>/div2k/DIV2K_valid_HR/0863.png,<benchmark_root>/div2k/DIV2K_valid_LR_bicubic/X4/0863x4.png,33.42324929651465,0.9050398894301429,31.71925318662946
DIV2K,0863,RealESRGAN_x4plus,<output_root>/realesrgan/DIV2K/0863/RealESRGAN_x4plus.png,<benchmark_root>/div2k/DIV2K_valid_HR/0863.png,<benchmark_root>/div2k/DIV2K_valid_LR_bicubic/X4/0863x4.png,31.237517746457275,0.8851441819796998,29.569811998233
DIV2K,0864,bicubic,generated:matlab_bicubic_resize,<benchmark_root>/div2k/DIV2K_valid_HR/0864.png,<benchmark_root>/div2k/DIV2K_valid_LR_bicubic/X4/0864x4.png,29.903125796212542,0.7551268327774266,28.646204620572387
DIV2K,0864,detail_base,<output_root>/detail_v1d/DIV2K/0864/base.png,<benchmark_root>/div2k/DIV2K_valid_HR/0864.png,<benchmark_root>/div2k/DIV2K_valid_LR_bicubic/X4/0864x4.png,31.037512581069034,0.8041452856732244,29.749981771093786
DIV2K,0864,detail_v1d,<output_root>/detail_v1d/DIV2K/0864/detail.png,<benchmark_root>/div2k/DIV2K_valid_HR/0864.png,<benchmark_root>/div2k/DIV2K_valid_LR_bicubic/X4/0864x4.png,31.12898217335475,0.8084111115784535,29.84782042113951
DIV2K,0864,refiner_condition,<output_root>/refiner_v2/DIV2K/0864/condition.png,<benchmark_root>/div2k/DIV2K_valid_HR/0864.png,<benchmark_root>/div2k/DIV2K_valid_LR_bicubic/X4/0864x4.png,30.62519089275657,0.7964830385324222,29.280108474373712
DIV2K,0864,refiner_v2,<output_root>/refiner_v2/DIV2K/0864/refined.png,<benchmark_root>/div2k/DIV2K_valid_HR/0864.png,<benchmark_root>/div2k/DIV2K_valid_LR_bicubic/X4/0864x4.png,30.763023524781282,0.8011209704472183,29.457016176365364
DIV2K,0864,RealESRNet_x4plus,<output_root>/realesrgan/DIV2K/0864/RealESRNet_x4plus.png,<benchmark_root>/div2k/DIV2K_valid_HR/0864.png,<benchmark_root>/div2k/DIV2K_valid_LR_bicubic/X4/0864x4.png,30.283194746739007,0.7917495986174832,28.937118200903633
DIV2K,0864,RealESRGAN_x4plus,<output_root>/realesrgan/DIV2K/0864/RealESRGAN_x4plus.png,<benchmark_root>/div2k/DIV2K_valid_HR/0864.png,<benchmark_root>/div2k/DIV2K_valid_LR_bicubic/X4/0864x4.png,26.965706105658374,0.6749126955350849,25.58474641258137
DIV2K,0865,bicubic,generated:matlab_bicubic_resize,<benchmark_root>/div2k/DIV2K_valid_HR/0865.png,<benchmark_root>/div2k/DIV2K_valid_LR_bicubic/X4/0865x4.png,27.6874818194118,0.7397082633258846,26.311970394584314
DIV2K,0865,detail_base,<output_root>/detail_v1d/DIV2K/0865/base.png,<benchmark_root>/div2k/DIV2K_valid_HR/0865.png,<benchmark_root>/div2k/DIV2K_valid_LR_bicubic/X4/0865x4.png,28.53572534187718,0.7796081579271954,27.159258075340556
DIV2K,0865,detail_v1d,<output_root>/detail_v1d/DIV2K/0865/detail.png,<benchmark_root>/div2k/DIV2K_valid_HR/0865.png,<benchmark_root>/div2k/DIV2K_valid_LR_bicubic/X4/0865x4.png,28.637431720132867,0.7836813760617882,27.264090036402354
DIV2K,0865,refiner_condition,<output_root>/refiner_v2/DIV2K/0865/condition.png,<benchmark_root>/div2k/DIV2K_valid_HR/0865.png,<benchmark_root>/div2k/DIV2K_valid_LR_bicubic/X4/0865x4.png,28.336676052446176,0.7713938871566969,26.88491704399476
DIV2K,0865,refiner_v2,<output_root>/refiner_v2/DIV2K/0865/refined.png,<benchmark_root>/div2k/DIV2K_valid_HR/0865.png,<benchmark_root>/div2k/DIV2K_valid_LR_bicubic/X4/0865x4.png,28.387751988916925,0.776555146522659,27.007245411513104
DIV2K,0865,RealESRNet_x4plus,<output_root>/realesrgan/DIV2K/0865/RealESRNet_x4plus.png,<benchmark_root>/div2k/DIV2K_valid_HR/0865.png,<benchmark_root>/div2k/DIV2K_valid_LR_bicubic/X4/0865x4.png,28.06506881255466,0.7699510018906937,26.625638596315213
DIV2K,0865,RealESRGAN_x4plus,<output_root>/realesrgan/DIV2K/0865/RealESRGAN_x4plus.png,<benchmark_root>/div2k/DIV2K_valid_HR/0865.png,<benchmark_root>/div2k/DIV2K_valid_LR_bicubic/X4/0865x4.png,25.977533098258604,0.7057436781590003,24.53477114078675
DIV2K,0866,bicubic,generated:matlab_bicubic_resize,<benchmark_root>/div2k/DIV2K_valid_HR/0866.png,<benchmark_root>/div2k/DIV2K_valid_LR_bicubic/X4/0866x4.png,25.76912258812304,0.769161545054304,24.348665687586553
DIV2K,0866,detail_base,<output_root>/detail_v1d/DIV2K/0866/base.png,<benchmark_root>/div2k/DIV2K_valid_HR/0866.png,<benchmark_root>/div2k/DIV2K_valid_LR_bicubic/X4/0866x4.png,26.246787228499493,0.806860843376588,24.819043582152634
DIV2K,0866,detail_v1d,<output_root>/detail_v1d/DIV2K/0866/detail.png,<benchmark_root>/div2k/DIV2K_valid_HR/0866.png,<benchmark_root>/div2k/DIV2K_valid_LR_bicubic/X4/0866x4.png,26.318005348755147,0.8099059523774105,24.896135224048223
DIV2K,0866,refiner_condition,<output_root>/refiner_v2/DIV2K/0866/condition.png,<benchmark_root>/div2k/DIV2K_valid_HR/0866.png,<benchmark_root>/div2k/DIV2K_valid_LR_bicubic/X4/0866x4.png,25.99800919882179,0.7928639622588718,24.518108746886472
DIV2K,0866,refiner_v2,<output_root>/refiner_v2/DIV2K/0866/refined.png,<benchmark_root>/div2k/DIV2K_valid_HR/0866.png,<benchmark_root>/div2k/DIV2K_valid_LR_bicubic/X4/0866x4.png,26.023743637319207,0.7990986852125105,24.592607781659307
DIV2K,0866,RealESRNet_x4plus,<output_root>/realesrgan/DIV2K/0866/RealESRNet_x4plus.png,<benchmark_root>/div2k/DIV2K_valid_HR/0866.png,<benchmark_root>/div2k/DIV2K_valid_LR_bicubic/X4/0866x4.png,25.534758780126644,0.7751523284761042,23.92711282359884
DIV2K,0866,RealESRGAN_x4plus,<output_root>/realesrgan/DIV2K/0866/RealESRGAN_x4plus.png,<benchmark_root>/div2k/DIV2K_valid_HR/0866.png,<benchmark_root>/div2k/DIV2K_valid_LR_bicubic/X4/0866x4.png,23.358202914641595,0.697036703452915,21.773311629293396
DIV2K,0867,bicubic,generated:matlab_bicubic_resize,<benchmark_root>/div2k/DIV2K_valid_HR/0867.png,<benchmark_root>/div2k/DIV2K_valid_LR_bicubic/X4/0867x4.png,27.15107167706242,0.7773868122837911,26.09706260241024
DIV2K,0867,detail_base,<output_root>/detail_v1d/DIV2K/0867/base.png,<benchmark_root>/div2k/DIV2K_valid_HR/0867.png,<benchmark_root>/div2k/DIV2K_valid_LR_bicubic/X4/0867x4.png,28.922290902471733,0.8602328303692998,27.77101705470215
DIV2K,0867,detail_v1d,<output_root>/detail_v1d/DIV2K/0867/detail.png,<benchmark_root>/div2k/DIV2K_valid_HR/0867.png,<benchmark_root>/div2k/DIV2K_valid_LR_bicubic/X4/0867x4.png,29.097821728251883,0.8691195160519408,27.964753378686943
DIV2K,0867,refiner_condition,<output_root>/refiner_v2/DIV2K/0867/condition.png,<benchmark_root>/div2k/DIV2K_valid_HR/0867.png,<benchmark_root>/div2k/DIV2K_valid_LR_bicubic/X4/0867x4.png,28.170391296820704,0.842550467055812,26.927534893313293
DIV2K,0867,refiner_v2,<output_root>/refiner_v2/DIV2K/0867/refined.png,<benchmark_root>/div2k/DIV2K_valid_HR/0867.png,<benchmark_root>/div2k/DIV2K_valid_LR_bicubic/X4/0867x4.png,28.50805287881832,0.8501526827927726,27.32797929928276
DIV2K,0867,RealESRNet_x4plus,<output_root>/realesrgan/DIV2K/0867/RealESRNet_x4plus.png,<benchmark_root>/div2k/DIV2K_valid_HR/0867.png,<benchmark_root>/div2k/DIV2K_valid_LR_bicubic/X4/0867x4.png,27.87542157800088,0.8390631454909445,25.988177209772804
DIV2K,0867,RealESRGAN_x4plus,<output_root>/realesrgan/DIV2K/0867/RealESRGAN_x4plus.png,<benchmark_root>/div2k/DIV2K_valid_HR/0867.png,<benchmark_root>/div2k/DIV2K_valid_LR_bicubic/X4/0867x4.png,24.59589531969528,0.7598355168075775,22.854765891818722
DIV2K,0868,bicubic,generated:matlab_bicubic_resize,<benchmark_root>/div2k/DIV2K_valid_HR/0868.png,<benchmark_root>/div2k/DIV2K_valid_LR_bicubic/X4/0868x4.png,30.902370410302744,0.9379222150106817,29.55224204564073
DIV2K,0868,detail_base,<output_root>/detail_v1d/DIV2K/0868/base.png,<benchmark_root>/div2k/DIV2K_valid_HR/0868.png,<benchmark_root>/div2k/DIV2K_valid_LR_bicubic/X4/0868x4.png,33.560117826747,0.9601567673830756,32.274355047833964
DIV2K,0868,detail_v1d,<output_root>/detail_v1d/DIV2K/0868/detail.png,<benchmark_root>/div2k/DIV2K_valid_HR/0868.png,<benchmark_root>/div2k/DIV2K_valid_LR_bicubic/X4/0868x4.png,33.82079146506781,0.96225649046653,32.54431117808338
DIV2K,0868,refiner_condition,<output_root>/refiner_v2/DIV2K/0868/condition.png,<benchmark_root>/div2k/DIV2K_valid_HR/0868.png,<benchmark_root>/div2k/DIV2K_valid_LR_bicubic/X4/0868x4.png,26.383038941198897,0.9500126071510951,24.759279119043388
DIV2K,0868,refiner_v2,<output_root>/refiner_v2/DIV2K/0868/refined.png,<benchmark_root>/div2k/DIV2K_valid_HR/0868.png,<benchmark_root>/div2k/DIV2K_valid_LR_bicubic/X4/0868x4.png,26.56368392690286,0.9521320704138612,25.098906868408672
DIV2K,0868,RealESRNet_x4plus,<output_root>/realesrgan/DIV2K/0868/RealESRNet_x4plus.png,<benchmark_root>/div2k/DIV2K_valid_HR/0868.png,<benchmark_root>/div2k/DIV2K_valid_LR_bicubic/X4/0868x4.png,32.349291710150965,0.9546425650189672,30.7101663655218
DIV2K,0868,RealESRGAN_x4plus,<output_root>/realesrgan/DIV2K/0868/RealESRGAN_x4plus.png,<benchmark_root>/div2k/DIV2K_valid_HR/0868.png,<benchmark_root>/div2k/DIV2K_valid_LR_bicubic/X4/0868x4.png,31.030314554185814,0.9464551969087206,29.36412922981325
DIV2K,0869,bicubic,generated:matlab_bicubic_resize,<benchmark_root>/div2k/DIV2K_valid_HR/0869.png,<benchmark_root>/div2k/DIV2K_valid_LR_bicubic/X4/0869x4.png,24.09092863645175,0.7497491566697656,22.72169306335448
DIV2K,0869,detail_base,<output_root>/detail_v1d/DIV2K/0869/base.png,<benchmark_root>/div2k/DIV2K_valid_HR/0869.png,<benchmark_root>/div2k/DIV2K_valid_LR_bicubic/X4/0869x4.png,24.92632603048762,0.8021016475208339,23.561122968687386
DIV2K,0869,detail_v1d,<output_root>/detail_v1d/DIV2K/0869/detail.png,<benchmark_root>/div2k/DIV2K_valid_HR/0869.png,<benchmark_root>/div2k/DIV2K_valid_LR_bicubic/X4/0869x4.png,25.000611916403287,0.8053013720978985,23.636727086934876
DIV2K,0869,refiner_condition,<output_root>/refiner_v2/DIV2K/0869/condition.png,<benchmark_root>/div2k/DIV2K_valid_HR/0869.png,<benchmark_root>/div2k/DIV2K_valid_LR_bicubic/X4/0869x4.png,24.679711859898646,0.7863594656232356,23.293969873784796
DIV2K,0869,refiner_v2,<output_root>/refiner_v2/DIV2K/0869/refined.png,<benchmark_root>/div2k/DIV2K_valid_HR/0869.png,<benchmark_root>/div2k/DIV2K_valid_LR_bicubic/X4/0869x4.png,24.779074254703207,0.7950697118628689,23.411830773347262
DIV2K,0869,RealESRNet_x4plus,<output_root>/realesrgan/DIV2K/0869/RealESRNet_x4plus.png,<benchmark_root>/div2k/DIV2K_valid_HR/0869.png,<benchmark_root>/div2k/DIV2K_valid_LR_bicubic/X4/0869x4.png,23.695336527778274,0.7703603803867777,22.282438266340954
DIV2K,0869,RealESRGAN_x4plus,<output_root>/realesrgan/DIV2K/0869/RealESRGAN_x4plus.png,<benchmark_root>/div2k/DIV2K_valid_HR/0869.png,<benchmark_root>/div2k/DIV2K_valid_LR_bicubic/X4/0869x4.png,21.00553758504016,0.6476692358199172,19.64580916079125
DIV2K,0870,bicubic,generated:matlab_bicubic_resize,<benchmark_root>/div2k/DIV2K_valid_HR/0870.png,<benchmark_root>/div2k/DIV2K_valid_LR_bicubic/X4/0870x4.png,28.262181647547475,0.8051200396988059,26.950020765616884
DIV2K,0870,detail_base,<output_root>/detail_v1d/DIV2K/0870/base.png,<benchmark_root>/div2k/DIV2K_valid_HR/0870.png,<benchmark_root>/div2k/DIV2K_valid_LR_bicubic/X4/0870x4.png,29.677461759544478,0.8582786467152519,28.31154170790032
DIV2K,0870,detail_v1d,<output_root>/detail_v1d/DIV2K/0870/detail.png,<benchmark_root>/div2k/DIV2K_valid_HR/0870.png,<benchmark_root>/div2k/DIV2K_valid_LR_bicubic/X4/0870x4.png,29.75859799587495,0.8619047698129083,28.397498005310485
DIV2K,0870,refiner_condition,<output_root>/refiner_v2/DIV2K/0870/condition.png,<benchmark_root>/div2k/DIV2K_valid_HR/0870.png,<benchmark_root>/div2k/DIV2K_valid_LR_bicubic/X4/0870x4.png,29.34978155021959,0.8484165425700245,27.873960734772538
DIV2K,0870,refiner_v2,<output_root>/refiner_v2/DIV2K/0870/refined.png,<benchmark_root>/div2k/DIV2K_valid_HR/0870.png,<benchmark_root>/div2k/DIV2K_valid_LR_bicubic/X4/0870x4.png,29.276820975582034,0.8535878084543566,27.891557172622914
DIV2K,0870,RealESRNet_x4plus,<output_root>/realesrgan/DIV2K/0870/RealESRNet_x4plus.png,<benchmark_root>/div2k/DIV2K_valid_HR/0870.png,<benchmark_root>/div2k/DIV2K_valid_LR_bicubic/X4/0870x4.png,27.84224381772249,0.830969033323784,25.95099160987076
DIV2K,0870,RealESRGAN_x4plus,<output_root>/realesrgan/DIV2K/0870/RealESRGAN_x4plus.png,<benchmark_root>/div2k/DIV2K_valid_HR/0870.png,<benchmark_root>/div2k/DIV2K_valid_LR_bicubic/X4/0870x4.png,24.120710047861508,0.7230024415718448,22.375397845360077
DIV2K,0871,bicubic,generated:matlab_bicubic_resize,<benchmark_root>/div2k/DIV2K_valid_HR/0871.png,<benchmark_root>/div2k/DIV2K_valid_LR_bicubic/X4/0871x4.png,30.950863219785376,0.86500006512986,29.41408743258254
DIV2K,0871,detail_base,<output_root>/detail_v1d/DIV2K/0871/base.png,<benchmark_root>/div2k/DIV2K_valid_HR/0871.png,<benchmark_root>/div2k/DIV2K_valid_LR_bicubic/X4/0871x4.png,32.98192402516768,0.9108316947593329,31.365210324093308
DIV2K,0871,detail_v1d,<output_root>/detail_v1d/DIV2K/0871/detail.png,<benchmark_root>/div2k/DIV2K_valid_HR/0871.png,<benchmark_root>/div2k/DIV2K_valid_LR_bicubic/X4/0871x4.png,33.1501407876751,0.9151651157410634,31.57088240868141
DIV2K,0871,refiner_condition,<output_root>/refiner_v2/DIV2K/0871/condition.png,<benchmark_root>/div2k/DIV2K_valid_HR/0871.png,<benchmark_root>/div2k/DIV2K_valid_LR_bicubic/X4/0871x4.png,30.604643012135263,0.8998111409286457,28.91175293590973
DIV2K,0871,refiner_v2,<output_root>/refiner_v2/DIV2K/0871/refined.png,<benchmark_root>/div2k/DIV2K_valid_HR/0871.png,<benchmark_root>/div2k/DIV2K_valid_LR_bicubic/X4/0871x4.png,31.585095840290435,0.9031013309833292,30.01282493325177
DIV2K,0871,RealESRNet_x4plus,<output_root>/realesrgan/DIV2K/0871/RealESRNet_x4plus.png,<benchmark_root>/div2k/DIV2K_valid_HR/0871.png,<benchmark_root>/div2k/DIV2K_valid_LR_bicubic/X4/0871x4.png,31.104961112794626,0.8894628512416177,28.75410302910818
DIV2K,0871,RealESRGAN_x4plus,<output_root>/realesrgan/DIV2K/0871/RealESRGAN_x4plus.png,<benchmark_root>/div2k/DIV2K_valid_HR/0871.png,<benchmark_root>/div2k/DIV2K_valid_LR_bicubic/X4/0871x4.png,28.62654994933489,0.8375749432031818,26.457483173793577
DIV2K,0872,bicubic,generated:matlab_bicubic_resize,<benchmark_root>/div2k/DIV2K_valid_HR/0872.png,<benchmark_root>/div2k/DIV2K_valid_LR_bicubic/X4/0872x4.png,23.691701290838886,0.6277498254749015,22.43637353595485
DIV2K,0872,detail_base,<output_root>/detail_v1d/DIV2K/0872/base.png,<benchmark_root>/div2k/DIV2K_valid_HR/0872.png,<benchmark_root>/div2k/DIV2K_valid_LR_bicubic/X4/0872x4.png,25.032456482166637,0.6998044445619922,23.749667485538097
DIV2K,0872,detail_v1d,<output_root>/detail_v1d/DIV2K/0872/detail.png,<benchmark_root>/div2k/DIV2K_valid_HR/0872.png,<benchmark_root>/div2k/DIV2K_valid_LR_bicubic/X4/0872x4.png,25.130576084420788,0.7061405794894875,23.850777582774782
DIV2K,0872,refiner_condition,<output_root>/refiner_v2/DIV2K/0872/condition.png,<benchmark_root>/div2k/DIV2K_valid_HR/0872.png,<benchmark_root>/div2k/DIV2K_valid_LR_bicubic/X4/0872x4.png,24.605075311471293,0.6764953196262574,23.300736374208938
DIV2K,0872,refiner_v2,<output_root>/refiner_v2/DIV2K/0872/refined.png,<benchmark_root>/div2k/DIV2K_valid_HR/0872.png,<benchmark_root>/div2k/DIV2K_valid_LR_bicubic/X4/0872x4.png,24.855883983124215,0.6935292460681655,23.57650561830336
DIV2K,0872,RealESRNet_x4plus,<output_root>/realesrgan/DIV2K/0872/RealESRNet_x4plus.png,<benchmark_root>/div2k/DIV2K_valid_HR/0872.png,<benchmark_root>/div2k/DIV2K_valid_LR_bicubic/X4/0872x4.png,24.532958732659907,0.6792553826587342,23.04748845520613
DIV2K,0872,RealESRGAN_x4plus,<output_root>/realesrgan/DIV2K/0872/RealESRGAN_x4plus.png,<benchmark_root>/div2k/DIV2K_valid_HR/0872.png,<benchmark_root>/div2k/DIV2K_valid_LR_bicubic/X4/0872x4.png,23.464800030116155,0.6294839959338748,21.973360814453514
DIV2K,0873,bicubic,generated:matlab_bicubic_resize,<benchmark_root>/div2k/DIV2K_valid_HR/0873.png,<benchmark_root>/div2k/DIV2K_valid_LR_bicubic/X4/0873x4.png,24.000094384905452,0.6670170096796554,22.676219820751196
DIV2K,0873,detail_base,<output_root>/detail_v1d/DIV2K/0873/base.png,<benchmark_root>/div2k/DIV2K_valid_HR/0873.png,<benchmark_root>/div2k/DIV2K_valid_LR_bicubic/X4/0873x4.png,25.140301971832535,0.7363044874675527,23.802441450366448
DIV2K,0873,detail_v1d,<output_root>/detail_v1d/DIV2K/0873/detail.png,<benchmark_root>/div2k/DIV2K_valid_HR/0873.png,<benchmark_root>/div2k/DIV2K_valid_LR_bicubic/X4/0873x4.png,25.354367818290964,0.7488685510145815,24.015073027262623
DIV2K,0873,refiner_condition,<output_root>/refiner_v2/DIV2K/0873/condition.png,<benchmark_root>/div2k/DIV2K_valid_HR/0873.png,<benchmark_root>/div2k/DIV2K_valid_LR_bicubic/X4/0873x4.png,24.763591735722677,0.7145232933288829,23.39759641044608
DIV2K,0873,refiner_v2,<output_root>/refiner_v2/DIV2K/0873/refined.png,<benchmark_root>/div2k/DIV2K_valid_HR/0873.png,<benchmark_root>/div2k/DIV2K_valid_LR_bicubic/X4/0873x4.png,24.93681088443053,0.7261073551102822,23.597562028337755
DIV2K,0873,RealESRNet_x4plus,<output_root>/realesrgan/DIV2K/0873/RealESRNet_x4plus.png,<benchmark_root>/div2k/DIV2K_valid_HR/0873.png,<benchmark_root>/div2k/DIV2K_valid_LR_bicubic/X4/0873x4.png,24.709136253182017,0.7153082169225925,23.145737449519252
DIV2K,0873,RealESRGAN_x4plus,<output_root>/realesrgan/DIV2K/0873/RealESRGAN_x4plus.png,<benchmark_root>/div2k/DIV2K_valid_HR/0873.png,<benchmark_root>/div2k/DIV2K_valid_LR_bicubic/X4/0873x4.png,23.416530819746377,0.6632122539483892,21.81465773474371
DIV2K,0874,bicubic,generated:matlab_bicubic_resize,<benchmark_root>/div2k/DIV2K_valid_HR/0874.png,<benchmark_root>/div2k/DIV2K_valid_LR_bicubic/X4/0874x4.png,29.589149963150767,0.7601703899590856,28.199253170565896
DIV2K,0874,detail_base,<output_root>/detail_v1d/DIV2K/0874/base.png,<benchmark_root>/div2k/DIV2K_valid_HR/0874.png,<benchmark_root>/div2k/DIV2K_valid_LR_bicubic/X4/0874x4.png,31.21798097513651,0.811864247381186,29.794931748133987
DIV2K,0874,detail_v1d,<output_root>/detail_v1d/DIV2K/0874/detail.png,<benchmark_root>/div2k/DIV2K_valid_HR/0874.png,<benchmark_root>/div2k/DIV2K_valid_LR_bicubic/X4/0874x4.png,31.324937107186113,0.8156097961829103,29.908228683805042
DIV2K,0874,refiner_condition,<output_root>/refiner_v2/DIV2K/0874/condition.png,<benchmark_root>/div2k/DIV2K_valid_HR/0874.png,<benchmark_root>/div2k/DIV2K_valid_LR_bicubic/X4/0874x4.png,30.86701857563016,0.8011232896304359,29.397206468832877
DIV2K,0874,refiner_v2,<output_root>/refiner_v2/DIV2K/0874/refined.png,<benchmark_root>/div2k/DIV2K_valid_HR/0874.png,<benchmark_root>/div2k/DIV2K_valid_LR_bicubic/X4/0874x4.png,31.018990042204983,0.8078712241870203,29.58591462901293
DIV2K,0874,RealESRNet_x4plus,<output_root>/realesrgan/DIV2K/0874/RealESRNet_x4plus.png,<benchmark_root>/div2k/DIV2K_valid_HR/0874.png,<benchmark_root>/div2k/DIV2K_valid_LR_bicubic/X4/0874x4.png,30.686319612151422,0.7965846234132616,29.200585988287877
DIV2K,0874,RealESRGAN_x4plus,<output_root>/realesrgan/DIV2K/0874/RealESRGAN_x4plus.png,<benchmark_root>/div2k/DIV2K_valid_HR/0874.png,<benchmark_root>/div2k/DIV2K_valid_LR_bicubic/X4/0874x4.png,28.942094521922876,0.7414207647348751,27.421831154515658
DIV2K,0875,bicubic,generated:matlab_bicubic_resize,<benchmark_root>/div2k/DIV2K_valid_HR/0875.png,<benchmark_root>/div2k/DIV2K_valid_LR_bicubic/X4/0875x4.png,23.66745196078936,0.5733736480813545,22.420361583855776
DIV2K,0875,detail_base,<output_root>/detail_v1d/DIV2K/0875/base.png,<benchmark_root>/div2k/DIV2K_valid_HR/0875.png,<benchmark_root>/div2k/DIV2K_valid_LR_bicubic/X4/0875x4.png,25.534890728581882,0.6842444497486685,24.244312698304668
DIV2K,0875,detail_v1d,<output_root>/detail_v1d/DIV2K/0875/detail.png,<benchmark_root>/div2k/DIV2K_valid_HR/0875.png,<benchmark_root>/div2k/DIV2K_valid_LR_bicubic/X4/0875x4.png,25.652837962229004,0.6917280833217461,24.36023585849246
DIV2K,0875,refiner_condition,<output_root>/refiner_v2/DIV2K/0875/condition.png,<benchmark_root>/div2k/DIV2K_valid_HR/0875.png,<benchmark_root>/div2k/DIV2K_valid_LR_bicubic/X4/0875x4.png,25.11003630316535,0.65997610113762,23.79947112605562
DIV2K,0875,refiner_v2,<output_root>/refiner_v2/DIV2K/0875/refined.png,<benchmark_root>/div2k/DIV2K_valid_HR/0875.png,<benchmark_root>/div2k/DIV2K_valid_LR_bicubic/X4/0875x4.png,25.314613281527436,0.6767951050595046,24.02126565701598
DIV2K,0875,RealESRNet_x4plus,<output_root>/realesrgan/DIV2K/0875/RealESRNet_x4plus.png,<benchmark_root>/div2k/DIV2K_valid_HR/0875.png,<benchmark_root>/div2k/DIV2K_valid_LR_bicubic/X4/0875x4.png,24.92900555986534,0.6485312319352161,23.361785506610264
DIV2K,0875,RealESRGAN_x4plus,<output_root>/realesrgan/DIV2K/0875/RealESRGAN_x4plus.png,<benchmark_root>/div2k/DIV2K_valid_HR/0875.png,<benchmark_root>/div2k/DIV2K_valid_LR_bicubic/X4/0875x4.png,23.353097968523116,0.5860939445435942,21.85240556079064
DIV2K,0876,bicubic,generated:matlab_bicubic_resize,<benchmark_root>/div2k/DIV2K_valid_HR/0876.png,<benchmark_root>/div2k/DIV2K_valid_LR_bicubic/X4/0876x4.png,22.535149011766755,0.5117065522501167,21.43399919375785
DIV2K,0876,detail_base,<output_root>/detail_v1d/DIV2K/0876/base.png,<benchmark_root>/div2k/DIV2K_valid_HR/0876.png,<benchmark_root>/div2k/DIV2K_valid_LR_bicubic/X4/0876x4.png,23.06745914699967,0.5910434641850613,21.964081886893556
DIV2K,0876,detail_v1d,<output_root>/detail_v1d/DIV2K/0876/detail.png,<benchmark_root>/div2k/DIV2K_valid_HR/0876.png,<benchmark_root>/div2k/DIV2K_valid_LR_bicubic/X4/0876x4.png,23.14811633388199,0.5972051708590018,22.048539079402403
DIV2K,0876,refiner_condition,<output_root>/refiner_v2/DIV2K/0876/condition.png,<benchmark_root>/div2k/DIV2K_valid_HR/0876.png,<benchmark_root>/div2k/DIV2K_valid_LR_bicubic/X4/0876x4.png,22.937012056905687,0.562929513761667,21.817937789217822
DIV2K,0876,refiner_v2,<output_root>/refiner_v2/DIV2K/0876/refined.png,<benchmark_root>/div2k/DIV2K_valid_HR/0876.png,<benchmark_root>/div2k/DIV2K_valid_LR_bicubic/X4/0876x4.png,23.014954413783578,0.5805242337448672,21.916396794139104
DIV2K,0876,RealESRNet_x4plus,<output_root>/realesrgan/DIV2K/0876/RealESRNet_x4plus.png,<benchmark_root>/div2k/DIV2K_valid_HR/0876.png,<benchmark_root>/div2k/DIV2K_valid_LR_bicubic/X4/0876x4.png,22.781262913136967,0.5570921058920578,21.57509028166431
DIV2K,0876,RealESRGAN_x4plus,<output_root>/realesrgan/DIV2K/0876/RealESRGAN_x4plus.png,<benchmark_root>/div2k/DIV2K_valid_HR/0876.png,<benchmark_root>/div2k/DIV2K_valid_LR_bicubic/X4/0876x4.png,20.24212577719085,0.4805665911858126,19.04350435539771
DIV2K,0877,bicubic,generated:matlab_bicubic_resize,<benchmark_root>/div2k/DIV2K_valid_HR/0877.png,<benchmark_root>/div2k/DIV2K_valid_LR_bicubic/X4/0877x4.png,36.90720316722345,0.9512193034062388,35.44206235873748
DIV2K,0877,detail_base,<output_root>/detail_v1d/DIV2K/0877/base.png,<benchmark_root>/div2k/DIV2K_valid_HR/0877.png,<benchmark_root>/div2k/DIV2K_valid_LR_bicubic/X4/0877x4.png,40.91869224486967,0.9738487132498231,39.20597385747671
DIV2K,0877,detail_v1d,<output_root>/detail_v1d/DIV2K/0877/detail.png,<benchmark_root>/div2k/DIV2K_valid_HR/0877.png,<benchmark_root>/div2k/DIV2K_valid_LR_bicubic/X4/0877x4.png,41.3623923507009,0.9762576539928525,39.606011183794536
DIV2K,0877,refiner_condition,<output_root>/refiner_v2/DIV2K/0877/condition.png,<benchmark_root>/div2k/DIV2K_valid_HR/0877.png,<benchmark_root>/div2k/DIV2K_valid_LR_bicubic/X4/0877x4.png,23.156576151597584,0.8533183317465483,21.448129068708965
DIV2K,0877,refiner_v2,<output_root>/refiner_v2/DIV2K/0877/refined.png,<benchmark_root>/div2k/DIV2K_valid_HR/0877.png,<benchmark_root>/div2k/DIV2K_valid_LR_bicubic/X4/0877x4.png,23.36141187763035,0.8645924084066198,21.73620885480847
DIV2K,0877,RealESRNet_x4plus,<output_root>/realesrgan/DIV2K/0877/RealESRNet_x4plus.png,<benchmark_root>/div2k/DIV2K_valid_HR/0877.png,<benchmark_root>/div2k/DIV2K_valid_LR_bicubic/X4/0877x4.png,38.49071628777085,0.9647545714143315,35.925299124338046
DIV2K,0877,RealESRGAN_x4plus,<output_root>/realesrgan/DIV2K/0877/RealESRGAN_x4plus.png,<benchmark_root>/div2k/DIV2K_valid_HR/0877.png,<benchmark_root>/div2k/DIV2K_valid_LR_bicubic/X4/0877x4.png,35.95923842842318,0.9499074769614572,33.42050734700627
DIV2K,0878,bicubic,generated:matlab_bicubic_resize,<benchmark_root>/div2k/DIV2K_valid_HR/0878.png,<benchmark_root>/div2k/DIV2K_valid_LR_bicubic/X4/0878x4.png,30.31253975870529,0.855330205362406,28.823349851422876
DIV2K,0878,detail_base,<output_root>/detail_v1d/DIV2K/0878/base.png,<benchmark_root>/div2k/DIV2K_valid_HR/0878.png,<benchmark_root>/div2k/DIV2K_valid_LR_bicubic/X4/0878x4.png,33.47838074979811,0.9079553641051096,31.90446884517445
DIV2K,0878,detail_v1d,<output_root>/detail_v1d/DIV2K/0878/detail.png,<benchmark_root>/div2k/DIV2K_valid_HR/0878.png,<benchmark_root>/div2k/DIV2K_valid_LR_bicubic/X4/0878x4.png,33.70999773396753,0.9115157898987397,32.137028023848885
DIV2K,0878,refiner_condition,<output_root>/refiner_v2/DIV2K/0878/condition.png,<benchmark_root>/div2k/DIV2K_valid_HR/0878.png,<benchmark_root>/div2k/DIV2K_valid_LR_bicubic/X4/0878x4.png,32.67765003947672,0.897419687410108,31.02292708234961
DIV2K,0878,refiner_v2,<output_root>/refiner_v2/DIV2K/0878/refined.png,<benchmark_root>/div2k/DIV2K_valid_HR/0878.png,<benchmark_root>/div2k/DIV2K_valid_LR_bicubic/X4/0878x4.png,32.97340765430144,0.9032665952720706,31.38093687176008
DIV2K,0878,RealESRNet_x4plus,<output_root>/realesrgan/DIV2K/0878/RealESRNet_x4plus.png,<benchmark_root>/div2k/DIV2K_valid_HR/0878.png,<benchmark_root>/div2k/DIV2K_valid_LR_bicubic/X4/0878x4.png,32.03352765778758,0.8937322793829735,30.273099535930058
DIV2K,0878,RealESRGAN_x4plus,<output_root>/realesrgan/DIV2K/0878/RealESRGAN_x4plus.png,<benchmark_root>/div2k/DIV2K_valid_HR/0878.png,<benchmark_root>/div2k/DIV2K_valid_LR_bicubic/X4/0878x4.png,30.0857124627018,0.854206651144256,28.448954478060998
DIV2K,0879,bicubic,generated:matlab_bicubic_resize,<benchmark_root>/div2k/DIV2K_valid_HR/0879.png,<benchmark_root>/div2k/DIV2K_valid_LR_bicubic/X4/0879x4.png,26.7570462254599,0.8253695962763796,25.416341829117442
DIV2K,0879,detail_base,<output_root>/detail_v1d/DIV2K/0879/base.png,<benchmark_root>/div2k/DIV2K_valid_HR/0879.png,<benchmark_root>/div2k/DIV2K_valid_LR_bicubic/X4/0879x4.png,28.38061721450652,0.8744697691219921,27.025437900309996
DIV2K,0879,detail_v1d,<output_root>/detail_v1d/DIV2K/0879/detail.png,<benchmark_root>/div2k/DIV2K_valid_HR/0879.png,<benchmark_root>/div2k/DIV2K_valid_LR_bicubic/X4/0879x4.png,28.601469937685756,0.8806377389643237,27.249745782894998
DIV2K,0879,refiner_condition,<output_root>/refiner_v2/DIV2K/0879/condition.png,<benchmark_root>/div2k/DIV2K_valid_HR/0879.png,<benchmark_root>/div2k/DIV2K_valid_LR_bicubic/X4/0879x4.png,27.172910125374226,0.8570988385238549,25.497529250943334
DIV2K,0879,refiner_v2,<output_root>/refiner_v2/DIV2K/0879/refined.png,<benchmark_root>/div2k/DIV2K_valid_HR/0879.png,<benchmark_root>/div2k/DIV2K_valid_LR_bicubic/X4/0879x4.png,27.19555692460899,0.8626226536285876,25.724465042844376
DIV2K,0879,RealESRNet_x4plus,<output_root>/realesrgan/DIV2K/0879/RealESRNet_x4plus.png,<benchmark_root>/div2k/DIV2K_valid_HR/0879.png,<benchmark_root>/div2k/DIV2K_valid_LR_bicubic/X4/0879x4.png,27.626219476676948,0.8635713328386347,26.089712145027207
DIV2K,0879,RealESRGAN_x4plus,<output_root>/realesrgan/DIV2K/0879/RealESRGAN_x4plus.png,<benchmark_root>/div2k/DIV2K_valid_HR/0879.png,<benchmark_root>/div2k/DIV2K_valid_LR_bicubic/X4/0879x4.png,24.7494840649911,0.8156009940031487,23.27921002748586
DIV2K,0880,bicubic,generated:matlab_bicubic_resize,<benchmark_root>/div2k/DIV2K_valid_HR/0880.png,<benchmark_root>/div2k/DIV2K_valid_LR_bicubic/X4/0880x4.png,31.90791769212824,0.8798384678672005,30.548764397967993
DIV2K,0880,detail_base,<output_root>/detail_v1d/DIV2K/0880/base.png,<benchmark_root>/div2k/DIV2K_valid_HR/0880.png,<benchmark_root>/div2k/DIV2K_valid_LR_bicubic/X4/0880x4.png,32.81040680041542,0.9068597278605123,31.41061390095413
DIV2K,0880,detail_v1d,<output_root>/detail_v1d/DIV2K/0880/detail.png,<benchmark_root>/div2k/DIV2K_valid_HR/0880.png,<benchmark_root>/div2k/DIV2K_valid_LR_bicubic/X4/0880x4.png,32.91208472040775,0.90903711894338,31.530312170437583
DIV2K,0880,refiner_condition,<output_root>/refiner_v2/DIV2K/0880/condition.png,<benchmark_root>/div2k/DIV2K_valid_HR/0880.png,<benchmark_root>/div2k/DIV2K_valid_LR_bicubic/X4/0880x4.png,32.054834201791294,0.904152245155182,30.488130165624234
DIV2K,0880,refiner_v2,<output_root>/refiner_v2/DIV2K/0880/refined.png,<benchmark_root>/div2k/DIV2K_valid_HR/0880.png,<benchmark_root>/div2k/DIV2K_valid_LR_bicubic/X4/0880x4.png,32.304070822958536,0.9050440354623641,30.89978036218991
DIV2K,0880,RealESRNet_x4plus,<output_root>/realesrgan/DIV2K/0880/RealESRNet_x4plus.png,<benchmark_root>/div2k/DIV2K_valid_HR/0880.png,<benchmark_root>/div2k/DIV2K_valid_LR_bicubic/X4/0880x4.png,31.67236577934954,0.898606818613301,30.18287237405827
DIV2K,0880,RealESRGAN_x4plus,<output_root>/realesrgan/DIV2K/0880/RealESRGAN_x4plus.png,<benchmark_root>/div2k/DIV2K_valid_HR/0880.png,<benchmark_root>/div2k/DIV2K_valid_LR_bicubic/X4/0880x4.png,28.032259249477896,0.8314312599263549,26.60114241289802
DIV2K,0881,bicubic,generated:matlab_bicubic_resize,<benchmark_root>/div2k/DIV2K_valid_HR/0881.png,<benchmark_root>/div2k/DIV2K_valid_LR_bicubic/X4/0881x4.png,26.38470257503924,0.7513893630704347,24.953038347429924
DIV2K,0881,detail_base,<output_root>/detail_v1d/DIV2K/0881/base.png,<benchmark_root>/div2k/DIV2K_valid_HR/0881.png,<benchmark_root>/div2k/DIV2K_valid_LR_bicubic/X4/0881x4.png,27.236152844114564,0.7849592039740355,25.796736447126108
DIV2K,0881,detail_v1d,<output_root>/detail_v1d/DIV2K/0881/detail.png,<benchmark_root>/div2k/DIV2K_valid_HR/0881.png,<benchmark_root>/div2k/DIV2K_valid_LR_bicubic/X4/0881x4.png,27.308272545638847,0.7878360799660289,25.87003411278245
DIV2K,0881,refiner_condition,<output_root>/refiner_v2/DIV2K/0881/condition.png,<benchmark_root>/div2k/DIV2K_valid_HR/0881.png,<benchmark_root>/div2k/DIV2K_valid_LR_bicubic/X4/0881x4.png,26.989035869875238,0.7755076919050935,25.49563957284206
DIV2K,0881,refiner_v2,<output_root>/refiner_v2/DIV2K/0881/refined.png,<benchmark_root>/div2k/DIV2K_valid_HR/0881.png,<benchmark_root>/div2k/DIV2K_valid_LR_bicubic/X4/0881x4.png,27.106233885850063,0.7829465369791418,25.664380060382687
DIV2K,0881,RealESRNet_x4plus,<output_root>/realesrgan/DIV2K/0881/RealESRNet_x4plus.png,<benchmark_root>/div2k/DIV2K_valid_HR/0881.png,<benchmark_root>/div2k/DIV2K_valid_LR_bicubic/X4/0881x4.png,27.003581163544304,0.7788901528730634,25.495533565840347
DIV2K,0881,RealESRGAN_x4plus,<output_root>/realesrgan/DIV2K/0881/RealESRGAN_x4plus.png,<benchmark_root>/div2k/DIV2K_valid_HR/0881.png,<benchmark_root>/div2k/DIV2K_valid_LR_bicubic/X4/0881x4.png,24.909118079578477,0.7261204156608054,23.436024409832932
DIV2K,0882,bicubic,generated:matlab_bicubic_resize,<benchmark_root>/div2k/DIV2K_valid_HR/0882.png,<benchmark_root>/div2k/DIV2K_valid_LR_bicubic/X4/0882x4.png,32.834659059762096,0.9470841661922387,31.33276990156024
DIV2K,0882,detail_base,<output_root>/detail_v1d/DIV2K/0882/base.png,<benchmark_root>/div2k/DIV2K_valid_HR/0882.png,<benchmark_root>/div2k/DIV2K_valid_LR_bicubic/X4/0882x4.png,34.950531844998714,0.9610015866531862,33.31723064550073
DIV2K,0882,detail_v1d,<output_root>/detail_v1d/DIV2K/0882/detail.png,<benchmark_root>/div2k/DIV2K_valid_HR/0882.png,<benchmark_root>/div2k/DIV2K_valid_LR_bicubic/X4/0882x4.png,35.074138209345705,0.9621868270757494,33.46101953210003
DIV2K,0882,refiner_condition,<output_root>/refiner_v2/DIV2K/0882/condition.png,<benchmark_root>/div2k/DIV2K_valid_HR/0882.png,<benchmark_root>/div2k/DIV2K_valid_LR_bicubic/X4/0882x4.png,33.02137846113873,0.9549980956727279,31.094992041557905
DIV2K,0882,refiner_v2,<output_root>/refiner_v2/DIV2K/0882/refined.png,<benchmark_root>/div2k/DIV2K_valid_HR/0882.png,<benchmark_root>/div2k/DIV2K_valid_LR_bicubic/X4/0882x4.png,33.44759535977191,0.9564837070392438,31.66375521258405
DIV2K,0882,RealESRNet_x4plus,<output_root>/realesrgan/DIV2K/0882/RealESRNet_x4plus.png,<benchmark_root>/div2k/DIV2K_valid_HR/0882.png,<benchmark_root>/div2k/DIV2K_valid_LR_bicubic/X4/0882x4.png,31.162813091229626,0.9457932449505342,29.208189281837814
DIV2K,0882,RealESRGAN_x4plus,<output_root>/realesrgan/DIV2K/0882/RealESRGAN_x4plus.png,<benchmark_root>/div2k/DIV2K_valid_HR/0882.png,<benchmark_root>/div2k/DIV2K_valid_LR_bicubic/X4/0882x4.png,29.495897466148364,0.9268829695400398,27.29870847613167
DIV2K,0883,bicubic,generated:matlab_bicubic_resize,<benchmark_root>/div2k/DIV2K_valid_HR/0883.png,<benchmark_root>/div2k/DIV2K_valid_LR_bicubic/X4/0883x4.png,26.672392283903477,0.699399412656511,24.903360754767967
DIV2K,0883,detail_base,<output_root>/detail_v1d/DIV2K/0883/base.png,<benchmark_root>/div2k/DIV2K_valid_HR/0883.png,<benchmark_root>/div2k/DIV2K_valid_LR_bicubic/X4/0883x4.png,27.687389323328354,0.760661957477297,25.853507870777413
DIV2K,0883,detail_v1d,<output_root>/detail_v1d/DIV2K/0883/detail.png,<benchmark_root>/div2k/DIV2K_valid_HR/0883.png,<benchmark_root>/div2k/DIV2K_valid_LR_bicubic/X4/0883x4.png,27.821828276866864,0.7684647935551675,25.994692927904246
DIV2K,0883,refiner_condition,<output_root>/refiner_v2/DIV2K/0883/condition.png,<benchmark_root>/div2k/DIV2K_valid_HR/0883.png,<benchmark_root>/div2k/DIV2K_valid_LR_bicubic/X4/0883x4.png,27.53254792386992,0.7557057074523659,25.625622358382035
DIV2K,0883,refiner_v2,<output_root>/refiner_v2/DIV2K/0883/refined.png,<benchmark_root>/div2k/DIV2K_valid_HR/0883.png,<benchmark_root>/div2k/DIV2K_valid_LR_bicubic/X4/0883x4.png,27.44202245166433,0.7605739822985855,25.631049396626658
DIV2K,0883,RealESRNet_x4plus,<output_root>/realesrgan/DIV2K/0883/RealESRNet_x4plus.png,<benchmark_root>/div2k/DIV2K_valid_HR/0883.png,<benchmark_root>/div2k/DIV2K_valid_LR_bicubic/X4/0883x4.png,27.000603933575857,0.7279182267496742,24.97719034537553
DIV2K,0883,RealESRGAN_x4plus,<output_root>/realesrgan/DIV2K/0883/RealESRGAN_x4plus.png,<benchmark_root>/div2k/DIV2K_valid_HR/0883.png,<benchmark_root>/div2k/DIV2K_valid_LR_bicubic/X4/0883x4.png,24.03270523943343,0.6149688709512076,22.31538712299774
DIV2K,0884,bicubic,generated:matlab_bicubic_resize,<benchmark_root>/div2k/DIV2K_valid_HR/0884.png,<benchmark_root>/div2k/DIV2K_valid_LR_bicubic/X4/0884x4.png,25.932550617489515,0.6811603228602474,24.1140716375031
DIV2K,0884,detail_base,<output_root>/detail_v1d/DIV2K/0884/base.png,<benchmark_root>/div2k/DIV2K_valid_HR/0884.png,<benchmark_root>/div2k/DIV2K_valid_LR_bicubic/X4/0884x4.png,27.50243288196294,0.7592077699269592,25.579250250758285
DIV2K,0884,detail_v1d,<output_root>/detail_v1d/DIV2K/0884/detail.png,<benchmark_root>/div2k/DIV2K_valid_HR/0884.png,<benchmark_root>/div2k/DIV2K_valid_LR_bicubic/X4/0884x4.png,27.736387705572486,0.7710581642936766,25.801901409491744
DIV2K,0884,refiner_condition,<output_root>/refiner_v2/DIV2K/0884/condition.png,<benchmark_root>/div2k/DIV2K_valid_HR/0884.png,<benchmark_root>/div2k/DIV2K_valid_LR_bicubic/X4/0884x4.png,26.9915847048164,0.7356560787135477,25.063023696464267
DIV2K,0884,refiner_v2,<output_root>/refiner_v2/DIV2K/0884/refined.png,<benchmark_root>/div2k/DIV2K_valid_HR/0884.png,<benchmark_root>/div2k/DIV2K_valid_LR_bicubic/X4/0884x4.png,27.209149938597207,0.7481308727835386,25.308525441013877
DIV2K,0884,RealESRNet_x4plus,<output_root>/realesrgan/DIV2K/0884/RealESRNet_x4plus.png,<benchmark_root>/div2k/DIV2K_valid_HR/0884.png,<benchmark_root>/div2k/DIV2K_valid_LR_bicubic/X4/0884x4.png,26.922961118226546,0.7362518910418333,24.80607074577765
DIV2K,0884,RealESRGAN_x4plus,<output_root>/realesrgan/DIV2K/0884/RealESRGAN_x4plus.png,<benchmark_root>/div2k/DIV2K_valid_HR/0884.png,<benchmark_root>/div2k/DIV2K_valid_LR_bicubic/X4/0884x4.png,24.692293681111245,0.6620938059947592,22.736411325809073
DIV2K,0885,bicubic,generated:matlab_bicubic_resize,<benchmark_root>/div2k/DIV2K_valid_HR/0885.png,<benchmark_root>/div2k/DIV2K_valid_LR_bicubic/X4/0885x4.png,23.23773909763997,0.515336661825981,21.849574732610378
DIV2K,0885,detail_base,<output_root>/detail_v1d/DIV2K/0885/base.png,<benchmark_root>/div2k/DIV2K_valid_HR/0885.png,<benchmark_root>/div2k/DIV2K_valid_LR_bicubic/X4/0885x4.png,23.95679268253851,0.589551855674125,22.56165240025737
DIV2K,0885,detail_v1d,<output_root>/detail_v1d/DIV2K/0885/detail.png,<benchmark_root>/div2k/DIV2K_valid_HR/0885.png,<benchmark_root>/div2k/DIV2K_valid_LR_bicubic/X4/0885x4.png,24.057146752839287,0.5991547705289297,22.66669212907328
DIV2K,0885,refiner_condition,<output_root>/refiner_v2/DIV2K/0885/condition.png,<benchmark_root>/div2k/DIV2K_valid_HR/0885.png,<benchmark_root>/div2k/DIV2K_valid_LR_bicubic/X4/0885x4.png,23.615210127712096,0.571258059429493,22.19732952315407
DIV2K,0885,refiner_v2,<output_root>/refiner_v2/DIV2K/0885/refined.png,<benchmark_root>/div2k/DIV2K_valid_HR/0885.png,<benchmark_root>/div2k/DIV2K_valid_LR_bicubic/X4/0885x4.png,23.74652473612275,0.5843542922063811,22.334702066603548
DIV2K,0885,RealESRNet_x4plus,<output_root>/realesrgan/DIV2K/0885/RealESRNet_x4plus.png,<benchmark_root>/div2k/DIV2K_valid_HR/0885.png,<benchmark_root>/div2k/DIV2K_valid_LR_bicubic/X4/0885x4.png,23.6751350124728,0.5815848153408529,22.092547225164914
DIV2K,0885,RealESRGAN_x4plus,<output_root>/realesrgan/DIV2K/0885/RealESRGAN_x4plus.png,<benchmark_root>/div2k/DIV2K_valid_HR/0885.png,<benchmark_root>/div2k/DIV2K_valid_LR_bicubic/X4/0885x4.png,22.780553741110126,0.5277641654546598,21.1931576697803
DIV2K,0886,bicubic,generated:matlab_bicubic_resize,<benchmark_root>/div2k/DIV2K_valid_HR/0886.png,<benchmark_root>/div2k/DIV2K_valid_LR_bicubic/X4/0886x4.png,35.324427073198564,0.9233415733806059,33.316461124845056
DIV2K,0886,detail_base,<output_root>/detail_v1d/DIV2K/0886/base.png,<benchmark_root>/div2k/DIV2K_valid_HR/0886.png,<benchmark_root>/div2k/DIV2K_valid_LR_bicubic/X4/0886x4.png,37.746725002691335,0.9362867798168457,35.723073821889926
DIV2K,0886,detail_v1d,<output_root>/detail_v1d/DIV2K/0886/detail.png,<benchmark_root>/div2k/DIV2K_valid_HR/0886.png,<benchmark_root>/div2k/DIV2K_valid_LR_bicubic/X4/0886x4.png,37.92017828511551,0.9376514988850735,35.9343612733393
DIV2K,0886,refiner_condition,<output_root>/refiner_v2/DIV2K/0886/condition.png,<benchmark_root>/div2k/DIV2K_valid_HR/0886.png,<benchmark_root>/div2k/DIV2K_valid_LR_bicubic/X4/0886x4.png,35.28226390297955,0.9317777766702133,33.198961487707486
DIV2K,0886,refiner_v2,<output_root>/refiner_v2/DIV2K/0886/refined.png,<benchmark_root>/div2k/DIV2K_valid_HR/0886.png,<benchmark_root>/div2k/DIV2K_valid_LR_bicubic/X4/0886x4.png,36.30971821100537,0.9333773389206563,34.36828923909522
DIV2K,0886,RealESRNet_x4plus,<output_root>/realesrgan/DIV2K/0886/RealESRNet_x4plus.png,<benchmark_root>/div2k/DIV2K_valid_HR/0886.png,<benchmark_root>/div2k/DIV2K_valid_LR_bicubic/X4/0886x4.png,36.59143039421074,0.9296365435307123,33.014847061996505
DIV2K,0886,RealESRGAN_x4plus,<output_root>/realesrgan/DIV2K/0886/RealESRGAN_x4plus.png,<benchmark_root>/div2k/DIV2K_valid_HR/0886.png,<benchmark_root>/div2k/DIV2K_valid_LR_bicubic/X4/0886x4.png,34.296302323134086,0.9159385028684279,30.92940177699593
DIV2K,0887,bicubic,generated:matlab_bicubic_resize,<benchmark_root>/div2k/DIV2K_valid_HR/0887.png,<benchmark_root>/div2k/DIV2K_valid_LR_bicubic/X4/0887x4.png,24.815082096726954,0.7019525550392715,23.874017592280943
DIV2K,0887,detail_base,<output_root>/detail_v1d/DIV2K/0887/base.png,<benchmark_root>/div2k/DIV2K_valid_HR/0887.png,<benchmark_root>/div2k/DIV2K_valid_LR_bicubic/X4/0887x4.png,25.992706724973928,0.7568425970613923,25.092235175202354
DIV2K,0887,detail_v1d,<output_root>/detail_v1d/DIV2K/0887/detail.png,<benchmark_root>/div2k/DIV2K_valid_HR/0887.png,<benchmark_root>/div2k/DIV2K_valid_LR_bicubic/X4/0887x4.png,26.15254974215647,0.7634734587938741,25.262740623112414
DIV2K,0887,refiner_condition,<output_root>/refiner_v2/DIV2K/0887/condition.png,<benchmark_root>/div2k/DIV2K_valid_HR/0887.png,<benchmark_root>/div2k/DIV2K_valid_LR_bicubic/X4/0887x4.png,25.683267608957433,0.743370751333205,24.696437667658607
DIV2K,0887,refiner_v2,<output_root>/refiner_v2/DIV2K/0887/refined.png,<benchmark_root>/div2k/DIV2K_valid_HR/0887.png,<benchmark_root>/div2k/DIV2K_valid_LR_bicubic/X4/0887x4.png,25.772818303249757,0.7554619187797887,24.851209040675002
DIV2K,0887,RealESRNet_x4plus,<output_root>/realesrgan/DIV2K/0887/RealESRNet_x4plus.png,<benchmark_root>/div2k/DIV2K_valid_HR/0887.png,<benchmark_root>/div2k/DIV2K_valid_LR_bicubic/X4/0887x4.png,25.525262475508033,0.7381827230474781,24.383778424881257
DIV2K,0887,RealESRGAN_x4plus,<output_root>/realesrgan/DIV2K/0887/RealESRGAN_x4plus.png,<benchmark_root>/div2k/DIV2K_valid_HR/0887.png,<benchmark_root>/div2k/DIV2K_valid_LR_bicubic/X4/0887x4.png,22.940317218015267,0.675670183116237,21.85983470546087
DIV2K,0888,bicubic,generated:matlab_bicubic_resize,<benchmark_root>/div2k/DIV2K_valid_HR/0888.png,<benchmark_root>/div2k/DIV2K_valid_LR_bicubic/X4/0888x4.png,29.05220551841627,0.8447629206197457,27.5604678932014
DIV2K,0888,detail_base,<output_root>/detail_v1d/DIV2K/0888/base.png,<benchmark_root>/div2k/DIV2K_valid_HR/0888.png,<benchmark_root>/div2k/DIV2K_valid_LR_bicubic/X4/0888x4.png,31.696914655586195,0.8950312489465863,30.230142611310914
DIV2K,0888,detail_v1d,<output_root>/detail_v1d/DIV2K/0888/detail.png,<benchmark_root>/div2k/DIV2K_valid_HR/0888.png,<benchmark_root>/div2k/DIV2K_valid_LR_bicubic/X4/0888x4.png,31.936976361823515,0.8993081877741117,30.478809174928017
DIV2K,0888,refiner_condition,<output_root>/refiner_v2/DIV2K/0888/condition.png,<benchmark_root>/div2k/DIV2K_valid_HR/0888.png,<benchmark_root>/div2k/DIV2K_valid_LR_bicubic/X4/0888x4.png,30.6049306396311,0.8812466365152196,29.106029993786265
DIV2K,0888,refiner_v2,<output_root>/refiner_v2/DIV2K/0888/refined.png,<benchmark_root>/div2k/DIV2K_valid_HR/0888.png,<benchmark_root>/div2k/DIV2K_valid_LR_bicubic/X4/0888x4.png,30.930297592123495,0.8873083883873918,29.476551963600564
DIV2K,0888,RealESRNet_x4plus,<output_root>/realesrgan/DIV2K/0888/RealESRNet_x4plus.png,<benchmark_root>/div2k/DIV2K_valid_HR/0888.png,<benchmark_root>/div2k/DIV2K_valid_LR_bicubic/X4/0888x4.png,30.320388759538947,0.8745193520538,28.391080635969526
DIV2K,0888,RealESRGAN_x4plus,<output_root>/realesrgan/DIV2K/0888/RealESRGAN_x4plus.png,<benchmark_root>/div2k/DIV2K_valid_HR/0888.png,<benchmark_root>/div2k/DIV2K_valid_LR_bicubic/X4/0888x4.png,28.61131216998439,0.8408703730906277,26.65415200460266
DIV2K,0889,bicubic,generated:matlab_bicubic_resize,<benchmark_root>/div2k/DIV2K_valid_HR/0889.png,<benchmark_root>/div2k/DIV2K_valid_LR_bicubic/X4/0889x4.png,28.796657415892287,0.8533591721431573,27.22117864814145
DIV2K,0889,detail_base,<output_root>/detail_v1d/DIV2K/0889/base.png,<benchmark_root>/div2k/DIV2K_valid_HR/0889.png,<benchmark_root>/div2k/DIV2K_valid_LR_bicubic/X4/0889x4.png,31.910994751724253,0.9147940459507438,30.262711468710126
DIV2K,0889,detail_v1d,<output_root>/detail_v1d/DIV2K/0889/detail.png,<benchmark_root>/div2k/DIV2K_valid_HR/0889.png,<benchmark_root>/div2k/DIV2K_valid_LR_bicubic/X4/0889x4.png,32.272084959112505,0.9201194094691418,30.622340562306512
DIV2K,0889,refiner_condition,<output_root>/refiner_v2/DIV2K/0889/condition.png,<benchmark_root>/div2k/DIV2K_valid_HR/0889.png,<benchmark_root>/div2k/DIV2K_valid_LR_bicubic/X4/0889x4.png,30.57965897427277,0.896722509458094,28.84341973640427
DIV2K,0889,refiner_v2,<output_root>/refiner_v2/DIV2K/0889/refined.png,<benchmark_root>/div2k/DIV2K_valid_HR/0889.png,<benchmark_root>/div2k/DIV2K_valid_LR_bicubic/X4/0889x4.png,31.055614379683156,0.9059901474104749,29.400050219895416
DIV2K,0889,RealESRNet_x4plus,<output_root>/realesrgan/DIV2K/0889/RealESRNet_x4plus.png,<benchmark_root>/div2k/DIV2K_valid_HR/0889.png,<benchmark_root>/div2k/DIV2K_valid_LR_bicubic/X4/0889x4.png,30.21276195710284,0.8870874954771948,27.571418442934103
DIV2K,0889,RealESRGAN_x4plus,<output_root>/realesrgan/DIV2K/0889/RealESRGAN_x4plus.png,<benchmark_root>/div2k/DIV2K_valid_HR/0889.png,<benchmark_root>/div2k/DIV2K_valid_LR_bicubic/X4/0889x4.png,27.0155668917327,0.8308989181604453,24.597392475419902
DIV2K,0890,bicubic,generated:matlab_bicubic_resize,<benchmark_root>/div2k/DIV2K_valid_HR/0890.png,<benchmark_root>/div2k/DIV2K_valid_LR_bicubic/X4/0890x4.png,25.899954838004923,0.7074273581750954,24.594596466012938
DIV2K,0890,detail_base,<output_root>/detail_v1d/DIV2K/0890/base.png,<benchmark_root>/div2k/DIV2K_valid_HR/0890.png,<benchmark_root>/div2k/DIV2K_valid_LR_bicubic/X4/0890x4.png,26.463907689861898,0.7515718967270847,25.162111354593513
DIV2K,0890,detail_v1d,<output_root>/detail_v1d/DIV2K/0890/detail.png,<benchmark_root>/div2k/DIV2K_valid_HR/0890.png,<benchmark_root>/div2k/DIV2K_valid_LR_bicubic/X4/0890x4.png,26.546414643526084,0.756063443521144,25.250530868992232
DIV2K,0890,refiner_condition,<output_root>/refiner_v2/DIV2K/0890/condition.png,<benchmark_root>/div2k/DIV2K_valid_HR/0890.png,<benchmark_root>/div2k/DIV2K_valid_LR_bicubic/X4/0890x4.png,26.302769743883964,0.7416917910165473,24.91687143894709
DIV2K,0890,refiner_v2,<output_root>/refiner_v2/DIV2K/0890/refined.png,<benchmark_root>/div2k/DIV2K_valid_HR/0890.png,<benchmark_root>/div2k/DIV2K_valid_LR_bicubic/X4/0890x4.png,26.370370947256696,0.747836571922169,25.061099092600365
DIV2K,0890,RealESRNet_x4plus,<output_root>/realesrgan/DIV2K/0890/RealESRNet_x4plus.png,<benchmark_root>/div2k/DIV2K_valid_HR/0890.png,<benchmark_root>/div2k/DIV2K_valid_LR_bicubic/X4/0890x4.png,26.18753660304162,0.7430561529988151,24.74848742426104
DIV2K,0890,RealESRGAN_x4plus,<output_root>/realesrgan/DIV2K/0890/RealESRGAN_x4plus.png,<benchmark_root>/div2k/DIV2K_valid_HR/0890.png,<benchmark_root>/div2k/DIV2K_valid_LR_bicubic/X4/0890x4.png,24.10996858274217,0.6845831271113432,22.68394233816835
DIV2K,0891,bicubic,generated:matlab_bicubic_resize,<benchmark_root>/div2k/DIV2K_valid_HR/0891.png,<benchmark_root>/div2k/DIV2K_valid_LR_bicubic/X4/0891x4.png,25.104913819513165,0.7275471856761191,23.799262578641958
DIV2K,0891,detail_base,<output_root>/detail_v1d/DIV2K/0891/base.png,<benchmark_root>/div2k/DIV2K_valid_HR/0891.png,<benchmark_root>/div2k/DIV2K_valid_LR_bicubic/X4/0891x4.png,27.801889029055292,0.8353213434666897,26.472480925103135
DIV2K,0891,detail_v1d,<output_root>/detail_v1d/DIV2K/0891/detail.png,<benchmark_root>/div2k/DIV2K_valid_HR/0891.png,<benchmark_root>/div2k/DIV2K_valid_LR_bicubic/X4/0891x4.png,28.226560797557802,0.8489985453286897,26.901402081028763
DIV2K,0891,refiner_condition,<output_root>/refiner_v2/DIV2K/0891/condition.png,<benchmark_root>/div2k/DIV2K_valid_HR/0891.png,<benchmark_root>/div2k/DIV2K_valid_LR_bicubic/X4/0891x4.png,26.712758265469745,0.8070363994022044,25.238586308576014
DIV2K,0891,refiner_v2,<output_root>/refiner_v2/DIV2K/0891/refined.png,<benchmark_root>/div2k/DIV2K_valid_HR/0891.png,<benchmark_root>/div2k/DIV2K_valid_LR_bicubic/X4/0891x4.png,27.19289826059432,0.8195042809576336,25.84522546442991
DIV2K,0891,RealESRNet_x4plus,<output_root>/realesrgan/DIV2K/0891/RealESRNet_x4plus.png,<benchmark_root>/div2k/DIV2K_valid_HR/0891.png,<benchmark_root>/div2k/DIV2K_valid_LR_bicubic/X4/0891x4.png,26.918968889210483,0.8114045024191551,25.17333267882906
DIV2K,0891,RealESRGAN_x4plus,<output_root>/realesrgan/DIV2K/0891/RealESRGAN_x4plus.png,<benchmark_root>/div2k/DIV2K_valid_HR/0891.png,<benchmark_root>/div2k/DIV2K_valid_LR_bicubic/X4/0891x4.png,25.200293746535927,0.769364025494247,23.352365416410798
DIV2K,0892,bicubic,generated:matlab_bicubic_resize,<benchmark_root>/div2k/DIV2K_valid_HR/0892.png,<benchmark_root>/div2k/DIV2K_valid_LR_bicubic/X4/0892x4.png,26.57078744165719,0.8041714754118309,25.29440848248194
DIV2K,0892,detail_base,<output_root>/detail_v1d/DIV2K/0892/base.png,<benchmark_root>/div2k/DIV2K_valid_HR/0892.png,<benchmark_root>/div2k/DIV2K_valid_LR_bicubic/X4/0892x4.png,30.3394109623514,0.9070534388731708,28.971662621947733
DIV2K,0892,detail_v1d,<output_root>/detail_v1d/DIV2K/0892/detail.png,<benchmark_root>/div2k/DIV2K_valid_HR/0892.png,<benchmark_root>/div2k/DIV2K_valid_LR_bicubic/X4/0892x4.png,31.190879438257596,0.9224621646016938,29.820174706643392
DIV2K,0892,refiner_condition,<output_root>/refiner_v2/DIV2K/0892/condition.png,<benchmark_root>/div2k/DIV2K_valid_HR/0892.png,<benchmark_root>/div2k/DIV2K_valid_LR_bicubic/X4/0892x4.png,29.079482089274258,0.8773700261863745,27.59188757841639
DIV2K,0892,refiner_v2,<output_root>/refiner_v2/DIV2K/0892/refined.png,<benchmark_root>/div2k/DIV2K_valid_HR/0892.png,<benchmark_root>/div2k/DIV2K_valid_LR_bicubic/X4/0892x4.png,29.422076566425357,0.8879335612519764,28.06209912371169
DIV2K,0892,RealESRNet_x4plus,<output_root>/realesrgan/DIV2K/0892/RealESRNet_x4plus.png,<benchmark_root>/div2k/DIV2K_valid_HR/0892.png,<benchmark_root>/div2k/DIV2K_valid_LR_bicubic/X4/0892x4.png,28.73035484625124,0.8792520699182161,26.823566531974762
DIV2K,0892,RealESRGAN_x4plus,<output_root>/realesrgan/DIV2K/0892/RealESRGAN_x4plus.png,<benchmark_root>/div2k/DIV2K_valid_HR/0892.png,<benchmark_root>/div2k/DIV2K_valid_LR_bicubic/X4/0892x4.png,27.205355836706943,0.8507308030898528,25.27642807828039
DIV2K,0893,bicubic,generated:matlab_bicubic_resize,<benchmark_root>/div2k/DIV2K_valid_HR/0893.png,<benchmark_root>/div2k/DIV2K_valid_LR_bicubic/X4/0893x4.png,32.524773611385115,0.8279593162739151,30.978702819223265
DIV2K,0893,detail_base,<output_root>/detail_v1d/DIV2K/0893/base.png,<benchmark_root>/div2k/DIV2K_valid_HR/0893.png,<benchmark_root>/div2k/DIV2K_valid_LR_bicubic/X4/0893x4.png,34.53118959650332,0.8498037412694237,32.98935973358173
DIV2K,0893,detail_v1d,<output_root>/detail_v1d/DIV2K/0893/detail.png,<benchmark_root>/div2k/DIV2K_valid_HR/0893.png,<benchmark_root>/div2k/DIV2K_valid_LR_bicubic/X4/0893x4.png,34.68738207116623,0.8516671738485178,33.1522552550364
DIV2K,0893,refiner_condition,<output_root>/refiner_v2/DIV2K/0893/condition.png,<benchmark_root>/div2k/DIV2K_valid_HR/0893.png,<benchmark_root>/div2k/DIV2K_valid_LR_bicubic/X4/0893x4.png,31.963382192158623,0.8407570920809379,30.493215277551666
DIV2K,0893,refiner_v2,<output_root>/refiner_v2/DIV2K/0893/refined.png,<benchmark_root>/div2k/DIV2K_valid_HR/0893.png,<benchmark_root>/div2k/DIV2K_valid_LR_bicubic/X4/0893x4.png,32.57884115497817,0.8439747276733103,31.110920081423906
DIV2K,0893,RealESRNet_x4plus,<output_root>/realesrgan/DIV2K/0893/RealESRNet_x4plus.png,<benchmark_root>/div2k/DIV2K_valid_HR/0893.png,<benchmark_root>/div2k/DIV2K_valid_LR_bicubic/X4/0893x4.png,32.279610670650406,0.83359267793675,30.342001507937802
DIV2K,0893,RealESRGAN_x4plus,<output_root>/realesrgan/DIV2K/0893/RealESRGAN_x4plus.png,<benchmark_root>/div2k/DIV2K_valid_HR/0893.png,<benchmark_root>/div2k/DIV2K_valid_LR_bicubic/X4/0893x4.png,31.435543589184537,0.8223396098882726,29.426225297291904
DIV2K,0894,bicubic,generated:matlab_bicubic_resize,<benchmark_root>/div2k/DIV2K_valid_HR/0894.png,<benchmark_root>/div2k/DIV2K_valid_LR_bicubic/X4/0894x4.png,30.739337680331985,0.8635810337834654,29.343367348939225
DIV2K,0894,detail_base,<output_root>/detail_v1d/DIV2K/0894/base.png,<benchmark_root>/div2k/DIV2K_valid_HR/0894.png,<benchmark_root>/div2k/DIV2K_valid_LR_bicubic/X4/0894x4.png,32.87782932937836,0.9017720076033706,31.485029622665202
DIV2K,0894,detail_v1d,<output_root>/detail_v1d/DIV2K/0894/detail.png,<benchmark_root>/div2k/DIV2K_valid_HR/0894.png,<benchmark_root>/div2k/DIV2K_valid_LR_bicubic/X4/0894x4.png,33.095764028556275,0.9052067629183015,31.709312094395756
DIV2K,0894,refiner_condition,<output_root>/refiner_v2/DIV2K/0894/condition.png,<benchmark_root>/div2k/DIV2K_valid_HR/0894.png,<benchmark_root>/div2k/DIV2K_valid_LR_bicubic/X4/0894x4.png,32.12135513930299,0.8893375452841934,30.403586674691795
DIV2K,0894,refiner_v2,<output_root>/refiner_v2/DIV2K/0894/refined.png,<benchmark_root>/div2k/DIV2K_valid_HR/0894.png,<benchmark_root>/div2k/DIV2K_valid_LR_bicubic/X4/0894x4.png,32.310410218126655,0.8953790455106487,30.87831555351194
DIV2K,0894,RealESRNet_x4plus,<output_root>/realesrgan/DIV2K/0894/RealESRNet_x4plus.png,<benchmark_root>/div2k/DIV2K_valid_HR/0894.png,<benchmark_root>/div2k/DIV2K_valid_LR_bicubic/X4/0894x4.png,31.29632518067588,0.8835398411587179,29.559588840551182
DIV2K,0894,RealESRGAN_x4plus,<output_root>/realesrgan/DIV2K/0894/RealESRGAN_x4plus.png,<benchmark_root>/div2k/DIV2K_valid_HR/0894.png,<benchmark_root>/div2k/DIV2K_valid_LR_bicubic/X4/0894x4.png,29.02901824975278,0.8417182514819612,27.25914345985717
DIV2K,0895,bicubic,generated:matlab_bicubic_resize,<benchmark_root>/div2k/DIV2K_valid_HR/0895.png,<benchmark_root>/div2k/DIV2K_valid_LR_bicubic/X4/0895x4.png,21.034498832028884,0.49905801182492426,19.719265494766923
DIV2K,0895,detail_base,<output_root>/detail_v1d/DIV2K/0895/base.png,<benchmark_root>/div2k/DIV2K_valid_HR/0895.png,<benchmark_root>/div2k/DIV2K_valid_LR_bicubic/X4/0895x4.png,21.623387046009817,0.5709371406490283,20.294761087255146
DIV2K,0895,detail_v1d,<output_root>/detail_v1d/DIV2K/0895/detail.png,<benchmark_root>/div2k/DIV2K_valid_HR/0895.png,<benchmark_root>/div2k/DIV2K_valid_LR_bicubic/X4/0895x4.png,21.681128320749373,0.5764508698437854,20.358276542554425
DIV2K,0895,refiner_condition,<output_root>/refiner_v2/DIV2K/0895/condition.png,<benchmark_root>/div2k/DIV2K_valid_HR/0895.png,<benchmark_root>/div2k/DIV2K_valid_LR_bicubic/X4/0895x4.png,21.489145891939994,0.5500367518819068,20.142067976738357
DIV2K,0895,refiner_v2,<output_root>/refiner_v2/DIV2K/0895/refined.png,<benchmark_root>/div2k/DIV2K_valid_HR/0895.png,<benchmark_root>/div2k/DIV2K_valid_LR_bicubic/X4/0895x4.png,21.56905133534615,0.5650392749034387,20.2450504335155
DIV2K,0895,RealESRNet_x4plus,<output_root>/realesrgan/DIV2K/0895/RealESRNet_x4plus.png,<benchmark_root>/div2k/DIV2K_valid_HR/0895.png,<benchmark_root>/div2k/DIV2K_valid_LR_bicubic/X4/0895x4.png,21.42556885587559,0.5649933130829049,19.98758901493246
DIV2K,0895,RealESRGAN_x4plus,<output_root>/realesrgan/DIV2K/0895/RealESRGAN_x4plus.png,<benchmark_root>/div2k/DIV2K_valid_HR/0895.png,<benchmark_root>/div2k/DIV2K_valid_LR_bicubic/X4/0895x4.png,19.112737043611517,0.45324273701769185,17.69560103105157
DIV2K,0896,bicubic,generated:matlab_bicubic_resize,<benchmark_root>/div2k/DIV2K_valid_HR/0896.png,<benchmark_root>/div2k/DIV2K_valid_LR_bicubic/X4/0896x4.png,34.926128738567066,0.9450622254346444,33.51237444146571
DIV2K,0896,detail_base,<output_root>/detail_v1d/DIV2K/0896/base.png,<benchmark_root>/div2k/DIV2K_valid_HR/0896.png,<benchmark_root>/div2k/DIV2K_valid_LR_bicubic/X4/0896x4.png,38.8505234980085,0.9578462825942169,37.11435672332521
DIV2K,0896,detail_v1d,<output_root>/detail_v1d/DIV2K/0896/detail.png,<benchmark_root>/div2k/DIV2K_valid_HR/0896.png,<benchmark_root>/div2k/DIV2K_valid_LR_bicubic/X4/0896x4.png,39.26575891994318,0.9590810851646111,37.52120846704018
DIV2K,0896,refiner_condition,<output_root>/refiner_v2/DIV2K/0896/condition.png,<benchmark_root>/div2k/DIV2K_valid_HR/0896.png,<benchmark_root>/div2k/DIV2K_valid_LR_bicubic/X4/0896x4.png,36.44617544643388,0.9534785965410927,34.25682895526771
DIV2K,0896,refiner_v2,<output_root>/refiner_v2/DIV2K/0896/refined.png,<benchmark_root>/div2k/DIV2K_valid_HR/0896.png,<benchmark_root>/div2k/DIV2K_valid_LR_bicubic/X4/0896x4.png,36.28128994185119,0.9546360217066624,34.582626851440665
DIV2K,0896,RealESRNet_x4plus,<output_root>/realesrgan/DIV2K/0896/RealESRNet_x4plus.png,<benchmark_root>/div2k/DIV2K_valid_HR/0896.png,<benchmark_root>/div2k/DIV2K_valid_LR_bicubic/X4/0896x4.png,34.25501549990466,0.9482452500675089,32.47204122169887
DIV2K,0896,RealESRGAN_x4plus,<output_root>/realesrgan/DIV2K/0896/RealESRGAN_x4plus.png,<benchmark_root>/div2k/DIV2K_valid_HR/0896.png,<benchmark_root>/div2k/DIV2K_valid_LR_bicubic/X4/0896x4.png,31.162865641963513,0.93022938247567,29.523644063276024
DIV2K,0897,bicubic,generated:matlab_bicubic_resize,<benchmark_root>/div2k/DIV2K_valid_HR/0897.png,<benchmark_root>/div2k/DIV2K_valid_LR_bicubic/X4/0897x4.png,21.989878054736604,0.6260526715555877,20.89749370466705
DIV2K,0897,detail_base,<output_root>/detail_v1d/DIV2K/0897/base.png,<benchmark_root>/div2k/DIV2K_valid_HR/0897.png,<benchmark_root>/div2k/DIV2K_valid_LR_bicubic/X4/0897x4.png,22.929055792093315,0.7098183107523283,21.783752032066385
DIV2K,0897,detail_v1d,<output_root>/detail_v1d/DIV2K/0897/detail.png,<benchmark_root>/div2k/DIV2K_valid_HR/0897.png,<benchmark_root>/div2k/DIV2K_valid_LR_bicubic/X4/0897x4.png,23.020769056493204,0.7173210313967479,21.88481878980665
DIV2K,0897,refiner_condition,<output_root>/refiner_v2/DIV2K/0897/condition.png,<benchmark_root>/div2k/DIV2K_valid_HR/0897.png,<benchmark_root>/div2k/DIV2K_valid_LR_bicubic/X4/0897x4.png,22.685775807845747,0.6906774986264834,21.4846177424657
DIV2K,0897,refiner_v2,<output_root>/refiner_v2/DIV2K/0897/refined.png,<benchmark_root>/div2k/DIV2K_valid_HR/0897.png,<benchmark_root>/div2k/DIV2K_valid_LR_bicubic/X4/0897x4.png,22.664354420084443,0.7079498260665988,21.508189261361586
DIV2K,0897,RealESRNet_x4plus,<output_root>/realesrgan/DIV2K/0897/RealESRNet_x4plus.png,<benchmark_root>/div2k/DIV2K_valid_HR/0897.png,<benchmark_root>/div2k/DIV2K_valid_LR_bicubic/X4/0897x4.png,21.958994405837885,0.6439039619542427,20.59173052318748
DIV2K,0897,RealESRGAN_x4plus,<output_root>/realesrgan/DIV2K/0897/RealESRGAN_x4plus.png,<benchmark_root>/div2k/DIV2K_valid_HR/0897.png,<benchmark_root>/div2k/DIV2K_valid_LR_bicubic/X4/0897x4.png,20.226871085534807,0.5874815183165404,18.546277247322166
DIV2K,0898,bicubic,generated:matlab_bicubic_resize,<benchmark_root>/div2k/DIV2K_valid_HR/0898.png,<benchmark_root>/div2k/DIV2K_valid_LR_bicubic/X4/0898x4.png,33.0788056753139,0.9094627159705704,31.561386489853334
DIV2K,0898,detail_base,<output_root>/detail_v1d/DIV2K/0898/base.png,<benchmark_root>/div2k/DIV2K_valid_HR/0898.png,<benchmark_root>/div2k/DIV2K_valid_LR_bicubic/X4/0898x4.png,35.37723484603244,0.9271942430140167,33.77761110061003
DIV2K,0898,detail_v1d,<output_root>/detail_v1d/DIV2K/0898/detail.png,<benchmark_root>/div2k/DIV2K_valid_HR/0898.png,<benchmark_root>/div2k/DIV2K_valid_LR_bicubic/X4/0898x4.png,35.65139973084154,0.9296004151896359,34.068896091776686
DIV2K,0898,refiner_condition,<output_root>/refiner_v2/DIV2K/0898/condition.png,<benchmark_root>/div2k/DIV2K_valid_HR/0898.png,<benchmark_root>/div2k/DIV2K_valid_LR_bicubic/X4/0898x4.png,33.305883758198924,0.9142472743653417,28.901850910994405
DIV2K,0898,refiner_v2,<output_root>/refiner_v2/DIV2K/0898/refined.png,<benchmark_root>/div2k/DIV2K_valid_HR/0898.png,<benchmark_root>/div2k/DIV2K_valid_LR_bicubic/X4/0898x4.png,33.56331819197821,0.9156223252873203,29.00533680509563
DIV2K,0898,RealESRNet_x4plus,<output_root>/realesrgan/DIV2K/0898/RealESRNet_x4plus.png,<benchmark_root>/div2k/DIV2K_valid_HR/0898.png,<benchmark_root>/div2k/DIV2K_valid_LR_bicubic/X4/0898x4.png,34.25316823983584,0.9184103038353225,31.68920728243789
DIV2K,0898,RealESRGAN_x4plus,<output_root>/realesrgan/DIV2K/0898/RealESRGAN_x4plus.png,<benchmark_root>/div2k/DIV2K_valid_HR/0898.png,<benchmark_root>/div2k/DIV2K_valid_LR_bicubic/X4/0898x4.png,32.38897142490113,0.9028983151615574,29.975741050108084
DIV2K,0899,bicubic,generated:matlab_bicubic_resize,<benchmark_root>/div2k/DIV2K_valid_HR/0899.png,<benchmark_root>/div2k/DIV2K_valid_LR_bicubic/X4/0899x4.png,27.52752355169043,0.8396631687608713,26.251827225588514
DIV2K,0899,detail_base,<output_root>/detail_v1d/DIV2K/0899/base.png,<benchmark_root>/div2k/DIV2K_valid_HR/0899.png,<benchmark_root>/div2k/DIV2K_valid_LR_bicubic/X4/0899x4.png,31.828948574537996,0.9084269583891267,30.53523669120583
DIV2K,0899,detail_v1d,<output_root>/detail_v1d/DIV2K/0899/detail.png,<benchmark_root>/div2k/DIV2K_valid_HR/0899.png,<benchmark_root>/div2k/DIV2K_valid_LR_bicubic/X4/0899x4.png,32.226094117142125,0.9145171249624534,30.928250482003364
DIV2K,0899,refiner_condition,<output_root>/refiner_v2/DIV2K/0899/condition.png,<benchmark_root>/div2k/DIV2K_valid_HR/0899.png,<benchmark_root>/div2k/DIV2K_valid_LR_bicubic/X4/0899x4.png,29.748715082831474,0.8867549298201721,28.363754597894836
DIV2K,0899,refiner_v2,<output_root>/refiner_v2/DIV2K/0899/refined.png,<benchmark_root>/div2k/DIV2K_valid_HR/0899.png,<benchmark_root>/div2k/DIV2K_valid_LR_bicubic/X4/0899x4.png,30.598541989944575,0.8977964538956208,29.238719915392586
DIV2K,0899,RealESRNet_x4plus,<output_root>/realesrgan/DIV2K/0899/RealESRNet_x4plus.png,<benchmark_root>/div2k/DIV2K_valid_HR/0899.png,<benchmark_root>/div2k/DIV2K_valid_LR_bicubic/X4/0899x4.png,30.079888945422404,0.8830714178149422,28.218433053440805
DIV2K,0899,RealESRGAN_x4plus,<output_root>/realesrgan/DIV2K/0899/RealESRGAN_x4plus.png,<benchmark_root>/div2k/DIV2K_valid_HR/0899.png,<benchmark_root>/div2k/DIV2K_valid_LR_bicubic/X4/0899x4.png,28.651645335639255,0.8576212579827781,26.59942535791641
DIV2K,0900,bicubic,generated:matlab_bicubic_resize,<benchmark_root>/div2k/DIV2K_valid_HR/0900.png,<benchmark_root>/div2k/DIV2K_valid_LR_bicubic/X4/0900x4.png,25.213752267128676,0.7793385761806038,24.165001637123133
DIV2K,0900,detail_base,<output_root>/detail_v1d/DIV2K/0900/base.png,<benchmark_root>/div2k/DIV2K_valid_HR/0900.png,<benchmark_root>/div2k/DIV2K_valid_LR_bicubic/X4/0900x4.png,28.80440278995502,0.8709922401597338,27.628639948758607
DIV2K,0900,detail_v1d,<output_root>/detail_v1d/DIV2K/0900/detail.png,<benchmark_root>/div2k/DIV2K_valid_HR/0900.png,<benchmark_root>/div2k/DIV2K_valid_LR_bicubic/X4/0900x4.png,29.17596659682826,0.8775230547279178,27.993228376146725
DIV2K,0900,refiner_condition,<output_root>/refiner_v2/DIV2K/0900/condition.png,<benchmark_root>/div2k/DIV2K_valid_HR/0900.png,<benchmark_root>/div2k/DIV2K_valid_LR_bicubic/X4/0900x4.png,27.584347323661945,0.8473035610851194,26.434680048680228
DIV2K,0900,refiner_v2,<output_root>/refiner_v2/DIV2K/0900/refined.png,<benchmark_root>/div2k/DIV2K_valid_HR/0900.png,<benchmark_root>/div2k/DIV2K_valid_LR_bicubic/X4/0900x4.png,28.276795917714026,0.8622960284941743,27.13157026791336
DIV2K,0900,RealESRNet_x4plus,<output_root>/realesrgan/DIV2K/0900/RealESRNet_x4plus.png,<benchmark_root>/div2k/DIV2K_valid_HR/0900.png,<benchmark_root>/div2k/DIV2K_valid_LR_bicubic/X4/0900x4.png,27.25574495013837,0.8342967815000277,25.48643176416882
DIV2K,0900,RealESRGAN_x4plus,<output_root>/realesrgan/DIV2K/0900/RealESRGAN_x4plus.png,<benchmark_root>/div2k/DIV2K_valid_HR/0900.png,<benchmark_root>/div2k/DIV2K_valid_LR_bicubic/X4/0900x4.png,26.164388005690075,0.8154070720220363,24.44514491177214
Set5,img_001,bicubic,generated:matlab_bicubic_resize,<benchmark_root>/selfexsr/SelfExSR-master/data/Set5/image_SRF_4/img_001_SRF_4_HR.png,<benchmark_root>/selfexsr/SelfExSR-master/data/Set5/image_SRF_4/img_001_SRF_4_LR.png,31.78644431960816,0.8576563348104564,30.36962867013581
Set5,img_001,detail_base,<output_root>/detail_v1d/Set5/img_001/base.png,<benchmark_root>/selfexsr/SelfExSR-master/data/Set5/image_SRF_4/img_001_SRF_4_HR.png,<benchmark_root>/selfexsr/SelfExSR-master/data/Set5/image_SRF_4/img_001_SRF_4_LR.png,33.6278268983624,0.8929167050391401,32.067007336869665
Set5,img_001,detail_v1d,<output_root>/detail_v1d/Set5/img_001/detail.png,<benchmark_root>/selfexsr/SelfExSR-master/data/Set5/image_SRF_4/img_001_SRF_4_HR.png,<benchmark_root>/selfexsr/SelfExSR-master/data/Set5/image_SRF_4/img_001_SRF_4_LR.png,33.691191538520236,0.8946764707944866,32.143283365563455
Set5,img_001,refiner_condition,<output_root>/refiner_v2/Set5/img_001/condition.png,<benchmark_root>/selfexsr/SelfExSR-master/data/Set5/image_SRF_4/img_001_SRF_4_HR.png,<benchmark_root>/selfexsr/SelfExSR-master/data/Set5/image_SRF_4/img_001_SRF_4_LR.png,32.16170511492363,0.8845012850397834,30.595624749767847
Set5,img_001,refiner_v2,<output_root>/refiner_v2/Set5/img_001/refined.png,<benchmark_root>/selfexsr/SelfExSR-master/data/Set5/image_SRF_4/img_001_SRF_4_HR.png,<benchmark_root>/selfexsr/SelfExSR-master/data/Set5/image_SRF_4/img_001_SRF_4_LR.png,32.14637691029888,0.8859257675928653,30.626532016881683
Set5,img_001,RealESRNet_x4plus,<output_root>/realesrgan/Set5/img_001/RealESRNet_x4plus.png,<benchmark_root>/selfexsr/SelfExSR-master/data/Set5/image_SRF_4/img_001_SRF_4_HR.png,<benchmark_root>/selfexsr/SelfExSR-master/data/Set5/image_SRF_4/img_001_SRF_4_LR.png,30.90561191952503,0.8753182222986481,28.995885891012996
Set5,img_001,RealESRGAN_x4plus,<output_root>/realesrgan/Set5/img_001/RealESRGAN_x4plus.png,<benchmark_root>/selfexsr/SelfExSR-master/data/Set5/image_SRF_4/img_001_SRF_4_HR.png,<benchmark_root>/selfexsr/SelfExSR-master/data/Set5/image_SRF_4/img_001_SRF_4_LR.png,25.879374926008055,0.7615852003112561,24.371252672721987
Set5,img_002,bicubic,generated:matlab_bicubic_resize,<benchmark_root>/selfexsr/SelfExSR-master/data/Set5/image_SRF_4/img_002_SRF_4_HR.png,<benchmark_root>/selfexsr/SelfExSR-master/data/Set5/image_SRF_4/img_002_SRF_4_LR.png,30.187039204040854,0.8738086449040812,28.21878365581817
Set5,img_002,detail_base,<output_root>/detail_v1d/Set5/img_002/base.png,<benchmark_root>/selfexsr/SelfExSR-master/data/Set5/image_SRF_4/img_002_SRF_4_HR.png,<benchmark_root>/selfexsr/SelfExSR-master/data/Set5/image_SRF_4/img_002_SRF_4_LR.png,34.13141371085362,0.9359544427748601,31.838080132113873
Set5,img_002,detail_v1d,<output_root>/detail_v1d/Set5/img_002/detail.png,<benchmark_root>/selfexsr/SelfExSR-master/data/Set5/image_SRF_4/img_002_SRF_4_HR.png,<benchmark_root>/selfexsr/SelfExSR-master/data/Set5/image_SRF_4/img_002_SRF_4_LR.png,34.53632760149314,0.9413871935945998,32.18735126443316
Set5,img_002,refiner_condition,<output_root>/refiner_v2/Set5/img_002/condition.png,<benchmark_root>/selfexsr/SelfExSR-master/data/Set5/image_SRF_4/img_002_SRF_4_HR.png,<benchmark_root>/selfexsr/SelfExSR-master/data/Set5/image_SRF_4/img_002_SRF_4_LR.png,32.773008337411326,0.9193310948560955,30.263096294507584
Set5,img_002,refiner_v2,<output_root>/refiner_v2/Set5/img_002/refined.png,<benchmark_root>/selfexsr/SelfExSR-master/data/Set5/image_SRF_4/img_002_SRF_4_HR.png,<benchmark_root>/selfexsr/SelfExSR-master/data/Set5/image_SRF_4/img_002_SRF_4_LR.png,33.158415622536644,0.9264685437840906,30.961353700936446
Set5,img_002,RealESRNet_x4plus,<output_root>/realesrgan/Set5/img_002/RealESRNet_x4plus.png,<benchmark_root>/selfexsr/SelfExSR-master/data/Set5/image_SRF_4/img_002_SRF_4_HR.png,<benchmark_root>/selfexsr/SelfExSR-master/data/Set5/image_SRF_4/img_002_SRF_4_LR.png,31.92448103733749,0.9067619771988643,27.28658774926359
Set5,img_002,RealESRGAN_x4plus,<output_root>/realesrgan/Set5/img_002/RealESRGAN_x4plus.png,<benchmark_root>/selfexsr/SelfExSR-master/data/Set5/image_SRF_4/img_002_SRF_4_HR.png,<benchmark_root>/selfexsr/SelfExSR-master/data/Set5/image_SRF_4/img_002_SRF_4_LR.png,28.861947256322576,0.8600387616181893,25.009577276932646
Set5,img_003,bicubic,generated:matlab_bicubic_resize,<benchmark_root>/selfexsr/SelfExSR-master/data/Set5/image_SRF_4/img_003_SRF_4_HR.png,<benchmark_root>/selfexsr/SelfExSR-master/data/Set5/image_SRF_4/img_003_SRF_4_LR.png,22.10101141896677,0.7374837825309141,20.865133023716393
Set5,img_003,detail_base,<output_root>/detail_v1d/Set5/img_003/base.png,<benchmark_root>/selfexsr/SelfExSR-master/data/Set5/image_SRF_4/img_003_SRF_4_HR.png,<benchmark_root>/selfexsr/SelfExSR-master/data/Set5/image_SRF_4/img_003_SRF_4_LR.png,27.562418268366883,0.9158331649458057,26.137367611673007
Set5,img_003,detail_v1d,<output_root>/detail_v1d/Set5/img_003/detail.png,<benchmark_root>/selfexsr/SelfExSR-master/data/Set5/image_SRF_4/img_003_SRF_4_HR.png,<benchmark_root>/selfexsr/SelfExSR-master/data/Set5/image_SRF_4/img_003_SRF_4_LR.png,27.90415742649745,0.9235614081331702,26.479183448374016
Set5,img_003,refiner_condition,<output_root>/refiner_v2/Set5/img_003/condition.png,<benchmark_root>/selfexsr/SelfExSR-master/data/Set5/image_SRF_4/img_003_SRF_4_HR.png,<benchmark_root>/selfexsr/SelfExSR-master/data/Set5/image_SRF_4/img_003_SRF_4_LR.png,20.077030608429673,0.7425684211718139,17.348624116013912
Set5,img_003,refiner_v2,<output_root>/refiner_v2/Set5/img_003/refined.png,<benchmark_root>/selfexsr/SelfExSR-master/data/Set5/image_SRF_4/img_003_SRF_4_HR.png,<benchmark_root>/selfexsr/SelfExSR-master/data/Set5/image_SRF_4/img_003_SRF_4_LR.png,20.566208827435926,0.7709929437706682,17.948656503819898
Set5,img_003,RealESRNet_x4plus,<output_root>/realesrgan/Set5/img_003/RealESRNet_x4plus.png,<benchmark_root>/selfexsr/SelfExSR-master/data/Set5/image_SRF_4/img_003_SRF_4_HR.png,<benchmark_root>/selfexsr/SelfExSR-master/data/Set5/image_SRF_4/img_003_SRF_4_LR.png,23.940706164639415,0.8625957644378489,22.177045432955286
Set5,img_003,RealESRGAN_x4plus,<output_root>/realesrgan/Set5/img_003/RealESRGAN_x4plus.png,<benchmark_root>/selfexsr/SelfExSR-master/data/Set5/image_SRF_4/img_003_SRF_4_HR.png,<benchmark_root>/selfexsr/SelfExSR-master/data/Set5/image_SRF_4/img_003_SRF_4_LR.png,22.413242224242556,0.8233024577413017,20.535061521689613
Set5,img_004,bicubic,generated:matlab_bicubic_resize,<benchmark_root>/selfexsr/SelfExSR-master/data/Set5/image_SRF_4/img_004_SRF_4_HR.png,<benchmark_root>/selfexsr/SelfExSR-master/data/Set5/image_SRF_4/img_004_SRF_4_LR.png,31.615044379089795,0.7546651990438243,28.893878067925943
Set5,img_004,detail_base,<output_root>/detail_v1d/Set5/img_004/base.png,<benchmark_root>/selfexsr/SelfExSR-master/data/Set5/image_SRF_4/img_004_SRF_4_HR.png,<benchmark_root>/selfexsr/SelfExSR-master/data/Set5/image_SRF_4/img_004_SRF_4_LR.png,32.64846895456901,0.7934444536822094,29.66590429689227
Set5,img_004,detail_v1d,<output_root>/detail_v1d/Set5/img_004/detail.png,<benchmark_root>/selfexsr/SelfExSR-master/data/Set5/image_SRF_4/img_004_SRF_4_HR.png,<benchmark_root>/selfexsr/SelfExSR-master/data/Set5/image_SRF_4/img_004_SRF_4_LR.png,32.74776081853748,0.7970317905408437,29.748091942597696
Set5,img_004,refiner_condition,<output_root>/refiner_v2/Set5/img_004/condition.png,<benchmark_root>/selfexsr/SelfExSR-master/data/Set5/image_SRF_4/img_004_SRF_4_HR.png,<benchmark_root>/selfexsr/SelfExSR-master/data/Set5/image_SRF_4/img_004_SRF_4_LR.png,31.479125723738484,0.778443489415522,28.697195276192076
Set5,img_004,refiner_v2,<output_root>/refiner_v2/Set5/img_004/refined.png,<benchmark_root>/selfexsr/SelfExSR-master/data/Set5/image_SRF_4/img_004_SRF_4_HR.png,<benchmark_root>/selfexsr/SelfExSR-master/data/Set5/image_SRF_4/img_004_SRF_4_LR.png,31.674600964373223,0.7860593548970773,28.89247152919978
Set5,img_004,RealESRNet_x4plus,<output_root>/realesrgan/Set5/img_004/RealESRNet_x4plus.png,<benchmark_root>/selfexsr/SelfExSR-master/data/Set5/image_SRF_4/img_004_SRF_4_HR.png,<benchmark_root>/selfexsr/SelfExSR-master/data/Set5/image_SRF_4/img_004_SRF_4_LR.png,31.79749106052917,0.7714890369119987,28.72355967511465
Set5,img_004,RealESRGAN_x4plus,<output_root>/realesrgan/Set5/img_004/RealESRGAN_x4plus.png,<benchmark_root>/selfexsr/SelfExSR-master/data/Set5/image_SRF_4/img_004_SRF_4_HR.png,<benchmark_root>/selfexsr/SelfExSR-master/data/Set5/image_SRF_4/img_004_SRF_4_LR.png,29.614878608020096,0.7357976974139914,27.128568574788563
Set5,img_005,bicubic,generated:matlab_bicubic_resize,<benchmark_root>/selfexsr/SelfExSR-master/data/Set5/image_SRF_4/img_005_SRF_4_HR.png,<benchmark_root>/selfexsr/SelfExSR-master/data/Set5/image_SRF_4/img_005_SRF_4_LR.png,26.469228437508818,0.8326993870636418,25.132357747489973
Set5,img_005,detail_base,<output_root>/detail_v1d/Set5/img_005/base.png,<benchmark_root>/selfexsr/SelfExSR-master/data/Set5/image_SRF_4/img_005_SRF_4_HR.png,<benchmark_root>/selfexsr/SelfExSR-master/data/Set5/image_SRF_4/img_005_SRF_4_LR.png,30.340378791330643,0.9094599934193675,28.82880184253919
Set5,img_005,detail_v1d,<output_root>/detail_v1d/Set5/img_005/detail.png,<benchmark_root>/selfexsr/SelfExSR-master/data/Set5/image_SRF_4/img_005_SRF_4_HR.png,<benchmark_root>/selfexsr/SelfExSR-master/data/Set5/image_SRF_4/img_005_SRF_4_LR.png,30.566607678463097,0.9153681320579272,29.089398385473615
Set5,img_005,refiner_condition,<output_root>/refiner_v2/Set5/img_005/condition.png,<benchmark_root>/selfexsr/SelfExSR-master/data/Set5/image_SRF_4/img_005_SRF_4_HR.png,<benchmark_root>/selfexsr/SelfExSR-master/data/Set5/image_SRF_4/img_005_SRF_4_LR.png,20.14850720416455,0.7349139382945058,18.310200434891016
Set5,img_005,refiner_v2,<output_root>/refiner_v2/Set5/img_005/refined.png,<benchmark_root>/selfexsr/SelfExSR-master/data/Set5/image_SRF_4/img_005_SRF_4_HR.png,<benchmark_root>/selfexsr/SelfExSR-master/data/Set5/image_SRF_4/img_005_SRF_4_LR.png,23.402456257493384,0.8343013741765942,21.504399127302847
Set5,img_005,RealESRNet_x4plus,<output_root>/realesrgan/Set5/img_005/RealESRNet_x4plus.png,<benchmark_root>/selfexsr/SelfExSR-master/data/Set5/image_SRF_4/img_005_SRF_4_HR.png,<benchmark_root>/selfexsr/SelfExSR-master/data/Set5/image_SRF_4/img_005_SRF_4_LR.png,28.345850494334076,0.8850751110000966,26.570727150795463
Set5,img_005,RealESRGAN_x4plus,<output_root>/realesrgan/Set5/img_005/RealESRGAN_x4plus.png,<benchmark_root>/selfexsr/SelfExSR-master/data/Set5/image_SRF_4/img_005_SRF_4_HR.png,<benchmark_root>/selfexsr/SelfExSR-master/data/Set5/image_SRF_4/img_005_SRF_4_LR.png,26.31050120100554,0.8523377675076501,24.658054218533728
Set14,img_001,bicubic,generated:matlab_bicubic_resize,<benchmark_root>/selfexsr/SelfExSR-master/data/Set14/image_SRF_4/img_001_SRF_4_HR.png,<benchmark_root>/selfexsr/SelfExSR-master/data/Set14/image_SRF_4/img_001_SRF_4_LR.png,22.438539562079363,0.4528149568741965,20.426101423819
Set14,img_001,detail_base,<output_root>/detail_v1d/Set14/img_001/base.png,<benchmark_root>/selfexsr/SelfExSR-master/data/Set14/image_SRF_4/img_001_SRF_4_HR.png,<benchmark_root>/selfexsr/SelfExSR-master/data/Set14/image_SRF_4/img_001_SRF_4_LR.png,22.84696919362892,0.5243672617637606,20.83120689542116
Set14,img_001,detail_v1d,<output_root>/detail_v1d/Set14/img_001/detail.png,<benchmark_root>/selfexsr/SelfExSR-master/data/Set14/image_SRF_4/img_001_SRF_4_HR.png,<benchmark_root>/selfexsr/SelfExSR-master/data/Set14/image_SRF_4/img_001_SRF_4_LR.png,22.88604852712154,0.5313378595568937,20.871885871021423
Set14,img_001,refiner_condition,<output_root>/refiner_v2/Set14/img_001/condition.png,<benchmark_root>/selfexsr/SelfExSR-master/data/Set14/image_SRF_4/img_001_SRF_4_HR.png,<benchmark_root>/selfexsr/SelfExSR-master/data/Set14/image_SRF_4/img_001_SRF_4_LR.png,22.73253131602585,0.5071357444444514,20.665357676044426
Set14,img_001,refiner_v2,<output_root>/refiner_v2/Set14/img_001/refined.png,<benchmark_root>/selfexsr/SelfExSR-master/data/Set14/image_SRF_4/img_001_SRF_4_HR.png,<benchmark_root>/selfexsr/SelfExSR-master/data/Set14/image_SRF_4/img_001_SRF_4_LR.png,22.802745047400705,0.5210125308158493,20.772367589098533
Set14,img_001,RealESRNet_x4plus,<output_root>/realesrgan/Set14/img_001/RealESRNet_x4plus.png,<benchmark_root>/selfexsr/SelfExSR-master/data/Set14/image_SRF_4/img_001_SRF_4_HR.png,<benchmark_root>/selfexsr/SelfExSR-master/data/Set14/image_SRF_4/img_001_SRF_4_LR.png,22.698978975251727,0.5092150085729631,20.312675562136818
Set14,img_001,RealESRGAN_x4plus,<output_root>/realesrgan/Set14/img_001/RealESRGAN_x4plus.png,<benchmark_root>/selfexsr/SelfExSR-master/data/Set14/image_SRF_4/img_001_SRF_4_HR.png,<benchmark_root>/selfexsr/SelfExSR-master/data/Set14/image_SRF_4/img_001_SRF_4_LR.png,21.077005659553517,0.446170878751633,18.98557154348037
Set14,img_002,bicubic,generated:matlab_bicubic_resize,<benchmark_root>/selfexsr/SelfExSR-master/data/Set14/image_SRF_4/img_002_SRF_4_HR.png,<benchmark_root>/selfexsr/SelfExSR-master/data/Set14/image_SRF_4/img_002_SRF_4_LR.png,25.148765403428214,0.6870669895797502,23.622110738449962
Set14,img_002,detail_base,<output_root>/detail_v1d/Set14/img_002/base.png,<benchmark_root>/selfexsr/SelfExSR-master/data/Set14/image_SRF_4/img_002_SRF_4_HR.png,<benchmark_root>/selfexsr/SelfExSR-master/data/Set14/image_SRF_4/img_002_SRF_4_LR.png,25.274910493129553,0.7408088851406227,23.74590003531839
Set14,img_002,detail_v1d,<output_root>/detail_v1d/Set14/img_002/detail.png,<benchmark_root>/selfexsr/SelfExSR-master/data/Set14/image_SRF_4/img_002_SRF_4_HR.png,<benchmark_root>/selfexsr/SelfExSR-master/data/Set14/image_SRF_4/img_002_SRF_4_LR.png,25.35346893827387,0.7464632906005592,23.837585329870766
Set14,img_002,refiner_condition,<output_root>/refiner_v2/Set14/img_002/condition.png,<benchmark_root>/selfexsr/SelfExSR-master/data/Set14/image_SRF_4/img_002_SRF_4_HR.png,<benchmark_root>/selfexsr/SelfExSR-master/data/Set14/image_SRF_4/img_002_SRF_4_LR.png,24.988658941503598,0.7287925999712498,23.460481576635935
Set14,img_002,refiner_v2,<output_root>/refiner_v2/Set14/img_002/refined.png,<benchmark_root>/selfexsr/SelfExSR-master/data/Set14/image_SRF_4/img_002_SRF_4_HR.png,<benchmark_root>/selfexsr/SelfExSR-master/data/Set14/image_SRF_4/img_002_SRF_4_LR.png,25.199144198642642,0.7324803720544376,23.670413920727846
Set14,img_002,RealESRNet_x4plus,<output_root>/realesrgan/Set14/img_002/RealESRNet_x4plus.png,<benchmark_root>/selfexsr/SelfExSR-master/data/Set14/image_SRF_4/img_002_SRF_4_HR.png,<benchmark_root>/selfexsr/SelfExSR-master/data/Set14/image_SRF_4/img_002_SRF_4_LR.png,24.63413668728367,0.7239406772237156,22.838645576110117
Set14,img_002,RealESRGAN_x4plus,<output_root>/realesrgan/Set14/img_002/RealESRGAN_x4plus.png,<benchmark_root>/selfexsr/SelfExSR-master/data/Set14/image_SRF_4/img_002_SRF_4_HR.png,<benchmark_root>/selfexsr/SelfExSR-master/data/Set14/image_SRF_4/img_002_SRF_4_LR.png,23.720946384940294,0.6726799934239054,21.96912137449442
Set14,img_003,bicubic,generated:matlab_bicubic_resize,<benchmark_root>/selfexsr/SelfExSR-master/data/Set14/image_SRF_4/img_003_SRF_4_HR.png,<benchmark_root>/selfexsr/SelfExSR-master/data/Set14/image_SRF_4/img_003_SRF_4_LR.png,24.467984282080238,0.5666729215010292,23.146062970203506
Set14,img_003,detail_base,<output_root>/detail_v1d/Set14/img_003/base.png,<benchmark_root>/selfexsr/SelfExSR-master/data/Set14/image_SRF_4/img_003_SRF_4_HR.png,<benchmark_root>/selfexsr/SelfExSR-master/data/Set14/image_SRF_4/img_003_SRF_4_LR.png,25.372424915274525,0.6397427106115877,24.046906211323183
Set14,img_003,detail_v1d,<output_root>/detail_v1d/Set14/img_003/detail.png,<benchmark_root>/selfexsr/SelfExSR-master/data/Set14/image_SRF_4/img_003_SRF_4_HR.png,<benchmark_root>/selfexsr/SelfExSR-master/data/Set14/image_SRF_4/img_003_SRF_4_LR.png,25.460191184304964,0.6451077082072669,24.134826453956535
Set14,img_003,refiner_condition,<output_root>/refiner_v2/Set14/img_003/condition.png,<benchmark_root>/selfexsr/SelfExSR-master/data/Set14/image_SRF_4/img_003_SRF_4_HR.png,<benchmark_root>/selfexsr/SelfExSR-master/data/Set14/image_SRF_4/img_003_SRF_4_LR.png,25.21636880880068,0.6269466647189843,23.87241862007018
Set14,img_003,refiner_v2,<output_root>/refiner_v2/Set14/img_003/refined.png,<benchmark_root>/selfexsr/SelfExSR-master/data/Set14/image_SRF_4/img_003_SRF_4_HR.png,<benchmark_root>/selfexsr/SelfExSR-master/data/Set14/image_SRF_4/img_003_SRF_4_LR.png,25.235602944773497,0.6371234095800697,23.905614822761656
Set14,img_003,RealESRNet_x4plus,<output_root>/realesrgan/Set14/img_003/RealESRNet_x4plus.png,<benchmark_root>/selfexsr/SelfExSR-master/data/Set14/image_SRF_4/img_003_SRF_4_HR.png,<benchmark_root>/selfexsr/SelfExSR-master/data/Set14/image_SRF_4/img_003_SRF_4_LR.png,25.011042567606818,0.6079761168773822,23.685873041820837
Set14,img_003,RealESRGAN_x4plus,<output_root>/realesrgan/Set14/img_003/RealESRGAN_x4plus.png,<benchmark_root>/selfexsr/SelfExSR-master/data/Set14/image_SRF_4/img_003_SRF_4_HR.png,<benchmark_root>/selfexsr/SelfExSR-master/data/Set14/image_SRF_4/img_003_SRF_4_LR.png,23.21293002981004,0.5289479138509301,21.890235588689976
Set14,img_004,bicubic,generated:matlab_bicubic_resize,<benchmark_root>/selfexsr/SelfExSR-master/data/Set14/image_SRF_4/img_004_SRF_4_HR.png,<benchmark_root>/selfexsr/SelfExSR-master/data/Set14/image_SRF_4/img_004_SRF_4_LR.png,25.47568074536597,0.5222966648514882,24.148822449279955
Set14,img_004,detail_base,<output_root>/detail_v1d/Set14/img_004/base.png,<benchmark_root>/selfexsr/SelfExSR-master/data/Set14/image_SRF_4/img_004_SRF_4_HR.png,<benchmark_root>/selfexsr/SelfExSR-master/data/Set14/image_SRF_4/img_004_SRF_4_LR.png,26.33001117063602,0.5654837530505553,24.993679726761066
Set14,img_004,detail_v1d,<output_root>/detail_v1d/Set14/img_004/detail.png,<benchmark_root>/selfexsr/SelfExSR-master/data/Set14/image_SRF_4/img_004_SRF_4_HR.png,<benchmark_root>/selfexsr/SelfExSR-master/data/Set14/image_SRF_4/img_004_SRF_4_LR.png,26.371575225149,0.5706199683485083,25.034494861686607
Set14,img_004,refiner_condition,<output_root>/refiner_v2/Set14/img_004/condition.png,<benchmark_root>/selfexsr/SelfExSR-master/data/Set14/image_SRF_4/img_004_SRF_4_HR.png,<benchmark_root>/selfexsr/SelfExSR-master/data/Set14/image_SRF_4/img_004_SRF_4_LR.png,25.826308520637987,0.5531139884747032,24.459828769807967
Set14,img_004,refiner_v2,<output_root>/refiner_v2/Set14/img_004/refined.png,<benchmark_root>/selfexsr/SelfExSR-master/data/Set14/image_SRF_4/img_004_SRF_4_HR.png,<benchmark_root>/selfexsr/SelfExSR-master/data/Set14/image_SRF_4/img_004_SRF_4_LR.png,26.004759310882815,0.5625759438849544,24.66012858069579
Set14,img_004,RealESRNet_x4plus,<output_root>/realesrgan/Set14/img_004/RealESRNet_x4plus.png,<benchmark_root>/selfexsr/SelfExSR-master/data/Set14/image_SRF_4/img_004_SRF_4_HR.png,<benchmark_root>/selfexsr/SelfExSR-master/data/Set14/image_SRF_4/img_004_SRF_4_LR.png,26.062181121283167,0.5465370527310306,24.691466971511478
Set14,img_004,RealESRGAN_x4plus,<output_root>/realesrgan/Set14/img_004/RealESRGAN_x4plus.png,<benchmark_root>/selfexsr/SelfExSR-master/data/Set14/image_SRF_4/img_004_SRF_4_HR.png,<benchmark_root>/selfexsr/SelfExSR-master/data/Set14/image_SRF_4/img_004_SRF_4_LR.png,24.75801043222691,0.48874830445979045,23.378652150546024
Set14,img_005,bicubic,generated:matlab_bicubic_resize,<benchmark_root>/selfexsr/SelfExSR-master/data/Set14/image_SRF_4/img_005_SRF_4_HR.png,<benchmark_root>/selfexsr/SelfExSR-master/data/Set14/image_SRF_4/img_005_SRF_4_LR.png,21.691584246329803,0.5837121821599296,20.206558848287948
Set14,img_005,detail_base,<output_root>/detail_v1d/Set14/img_005/base.png,<benchmark_root>/selfexsr/SelfExSR-master/data/Set14/image_SRF_4/img_005_SRF_4_HR.png,<benchmark_root>/selfexsr/SelfExSR-master/data/Set14/image_SRF_4/img_005_SRF_4_LR.png,23.248041976258655,0.7033838171939353,21.73276928265861
Set14,img_005,detail_v1d,<output_root>/detail_v1d/Set14/img_005/detail.png,<benchmark_root>/selfexsr/SelfExSR-master/data/Set14/image_SRF_4/img_005_SRF_4_HR.png,<benchmark_root>/selfexsr/SelfExSR-master/data/Set14/image_SRF_4/img_005_SRF_4_LR.png,23.481816926054595,0.7238678240698516,21.964620719313963
Set14,img_005,refiner_condition,<output_root>/refiner_v2/Set14/img_005/condition.png,<benchmark_root>/selfexsr/SelfExSR-master/data/Set14/image_SRF_4/img_005_SRF_4_HR.png,<benchmark_root>/selfexsr/SelfExSR-master/data/Set14/image_SRF_4/img_005_SRF_4_LR.png,22.697125129511534,0.6597677420419742,21.1422689002966
Set14,img_005,refiner_v2,<output_root>/refiner_v2/Set14/img_005/refined.png,<benchmark_root>/selfexsr/SelfExSR-master/data/Set14/image_SRF_4/img_005_SRF_4_HR.png,<benchmark_root>/selfexsr/SelfExSR-master/data/Set14/image_SRF_4/img_005_SRF_4_LR.png,23.015701961796672,0.687784836063711,21.512126383230978
Set14,img_005,RealESRNet_x4plus,<output_root>/realesrgan/Set14/img_005/RealESRNet_x4plus.png,<benchmark_root>/selfexsr/SelfExSR-master/data/Set14/image_SRF_4/img_005_SRF_4_HR.png,<benchmark_root>/selfexsr/SelfExSR-master/data/Set14/image_SRF_4/img_005_SRF_4_LR.png,22.573920644501676,0.6690832846322224,20.702125594891818
Set14,img_005,RealESRGAN_x4plus,<output_root>/realesrgan/Set14/img_005/RealESRGAN_x4plus.png,<benchmark_root>/selfexsr/SelfExSR-master/data/Set14/image_SRF_4/img_005_SRF_4_HR.png,<benchmark_root>/selfexsr/SelfExSR-master/data/Set14/image_SRF_4/img_005_SRF_4_LR.png,20.93438775455398,0.5813717406680544,19.080229431769403
Set14,img_006,bicubic,generated:matlab_bicubic_resize,<benchmark_root>/selfexsr/SelfExSR-master/data/Set14/image_SRF_4/img_006_SRF_4_HR.png,<benchmark_root>/selfexsr/SelfExSR-master/data/Set14/image_SRF_4/img_006_SRF_4_LR.png,31.579034313181214,0.7529349310150952,28.855726524648496
Set14,img_006,detail_base,<output_root>/detail_v1d/Set14/img_006/base.png,<benchmark_root>/selfexsr/SelfExSR-master/data/Set14/image_SRF_4/img_006_SRF_4_HR.png,<benchmark_root>/selfexsr/SelfExSR-master/data/Set14/image_SRF_4/img_006_SRF_4_LR.png,32.70653424157244,0.7936546097014407,29.695667516767507
Set14,img_006,detail_v1d,<output_root>/detail_v1d/Set14/img_006/detail.png,<benchmark_root>/selfexsr/SelfExSR-master/data/Set14/image_SRF_4/img_006_SRF_4_HR.png,<benchmark_root>/selfexsr/SelfExSR-master/data/Set14/image_SRF_4/img_006_SRF_4_LR.png,32.73817729069765,0.7954079831195321,29.72451627473308
Set14,img_006,refiner_condition,<output_root>/refiner_v2/Set14/img_006/condition.png,<benchmark_root>/selfexsr/SelfExSR-master/data/Set14/image_SRF_4/img_006_SRF_4_HR.png,<benchmark_root>/selfexsr/SelfExSR-master/data/Set14/image_SRF_4/img_006_SRF_4_LR.png,31.634161429515295,0.7781027029990537,28.794722649131682
Set14,img_006,refiner_v2,<output_root>/refiner_v2/Set14/img_006/refined.png,<benchmark_root>/selfexsr/SelfExSR-master/data/Set14/image_SRF_4/img_006_SRF_4_HR.png,<benchmark_root>/selfexsr/SelfExSR-master/data/Set14/image_SRF_4/img_006_SRF_4_LR.png,31.783389282689377,0.7860267286460535,28.950969489998673
Set14,img_006,RealESRNet_x4plus,<output_root>/realesrgan/Set14/img_006/RealESRNet_x4plus.png,<benchmark_root>/selfexsr/SelfExSR-master/data/Set14/image_SRF_4/img_006_SRF_4_HR.png,<benchmark_root>/selfexsr/SelfExSR-master/data/Set14/image_SRF_4/img_006_SRF_4_LR.png,31.8384111623242,0.7700570079656144,28.74277520067311
Set14,img_006,RealESRGAN_x4plus,<output_root>/realesrgan/Set14/img_006/RealESRGAN_x4plus.png,<benchmark_root>/selfexsr/SelfExSR-master/data/Set14/image_SRF_4/img_006_SRF_4_HR.png,<benchmark_root>/selfexsr/SelfExSR-master/data/Set14/image_SRF_4/img_006_SRF_4_LR.png,29.530701354026032,0.7322194507857213,27.05801789223171
Set14,img_007,bicubic,generated:matlab_bicubic_resize,<benchmark_root>/selfexsr/SelfExSR-master/data/Set14/image_SRF_4/img_007_SRF_4_HR.png,<benchmark_root>/selfexsr/SelfExSR-master/data/Set14/image_SRF_4/img_007_SRF_4_LR.png,25.522553042397767,0.7221104536160406,23.71370526905103
Set14,img_007,detail_base,<output_root>/detail_v1d/Set14/img_007/base.png,<benchmark_root>/selfexsr/SelfExSR-master/data/Set14/image_SRF_4/img_007_SRF_4_HR.png,<benchmark_root>/selfexsr/SelfExSR-master/data/Set14/image_SRF_4/img_007_SRF_4_LR.png,27.828262099754035,0.8017518110394527,25.82123699844352
Set14,img_007,detail_v1d,<output_root>/detail_v1d/Set14/img_007/detail.png,<benchmark_root>/selfexsr/SelfExSR-master/data/Set14/image_SRF_4/img_007_SRF_4_HR.png,<benchmark_root>/selfexsr/SelfExSR-master/data/Set14/image_SRF_4/img_007_SRF_4_LR.png,28.153248561141982,0.8139212414152162,26.139353549610973
Set14,img_007,refiner_condition,<output_root>/refiner_v2/Set14/img_007/condition.png,<benchmark_root>/selfexsr/SelfExSR-master/data/Set14/image_SRF_4/img_007_SRF_4_HR.png,<benchmark_root>/selfexsr/SelfExSR-master/data/Set14/image_SRF_4/img_007_SRF_4_LR.png,27.234859488206013,0.7806879441559802,25.14357910615822
Set14,img_007,refiner_v2,<output_root>/refiner_v2/Set14/img_007/refined.png,<benchmark_root>/selfexsr/SelfExSR-master/data/Set14/image_SRF_4/img_007_SRF_4_HR.png,<benchmark_root>/selfexsr/SelfExSR-master/data/Set14/image_SRF_4/img_007_SRF_4_LR.png,27.537567956238902,0.7933700572192507,25.55604481765314
Set14,img_007,RealESRNet_x4plus,<output_root>/realesrgan/Set14/img_007/RealESRNet_x4plus.png,<benchmark_root>/selfexsr/SelfExSR-master/data/Set14/image_SRF_4/img_007_SRF_4_HR.png,<benchmark_root>/selfexsr/SelfExSR-master/data/Set14/image_SRF_4/img_007_SRF_4_LR.png,26.915186616644707,0.7668357619640359,24.311804019559432
Set14,img_007,RealESRGAN_x4plus,<output_root>/realesrgan/Set14/img_007/RealESRGAN_x4plus.png,<benchmark_root>/selfexsr/SelfExSR-master/data/Set14/image_SRF_4/img_007_SRF_4_HR.png,<benchmark_root>/selfexsr/SelfExSR-master/data/Set14/image_SRF_4/img_007_SRF_4_LR.png,25.839459099138793,0.7277723712214919,23.2361443651249
Set14,img_008,bicubic,generated:matlab_bicubic_resize,<benchmark_root>/selfexsr/SelfExSR-master/data/Set14/image_SRF_4/img_008_SRF_4_HR.png,<benchmark_root>/selfexsr/SelfExSR-master/data/Set14/image_SRF_4/img_008_SRF_4_LR.png,29.399180980865744,0.8667537393949221,27.942815764750627
Set14,img_008,detail_base,<output_root>/detail_v1d/Set14/img_008/base.png,<benchmark_root>/selfexsr/SelfExSR-master/data/Set14/image_SRF_4/img_008_SRF_4_HR.png,<benchmark_root>/selfexsr/SelfExSR-master/data/Set14/image_SRF_4/img_008_SRF_4_LR.png,33.18988828502754,0.927303402128689,31.54759168281076
Set14,img_008,detail_v1d,<output_root>/detail_v1d/Set14/img_008/detail.png,<benchmark_root>/selfexsr/SelfExSR-master/data/Set14/image_SRF_4/img_008_SRF_4_HR.png,<benchmark_root>/selfexsr/SelfExSR-master/data/Set14/image_SRF_4/img_008_SRF_4_LR.png,33.17059278002059,0.931620948487536,31.559776672706384
Set14,img_008,refiner_condition,<output_root>/refiner_v2/Set14/img_008/condition.png,<benchmark_root>/selfexsr/SelfExSR-master/data/Set14/image_SRF_4/img_008_SRF_4_HR.png,<benchmark_root>/selfexsr/SelfExSR-master/data/Set14/image_SRF_4/img_008_SRF_4_LR.png,28.54302979995662,0.9111752415884825,26.917806754619313
Set14,img_008,refiner_v2,<output_root>/refiner_v2/Set14/img_008/refined.png,<benchmark_root>/selfexsr/SelfExSR-master/data/Set14/image_SRF_4/img_008_SRF_4_HR.png,<benchmark_root>/selfexsr/SelfExSR-master/data/Set14/image_SRF_4/img_008_SRF_4_LR.png,28.30947483739186,0.9137862176040812,26.714811530491247
Set14,img_008,RealESRNet_x4plus,<output_root>/realesrgan/Set14/img_008/RealESRNet_x4plus.png,<benchmark_root>/selfexsr/SelfExSR-master/data/Set14/image_SRF_4/img_008_SRF_4_HR.png,<benchmark_root>/selfexsr/SelfExSR-master/data/Set14/image_SRF_4/img_008_SRF_4_LR.png,29.714117062796017,0.897301194704122,27.932993518730328
Set14,img_008,RealESRGAN_x4plus,<output_root>/realesrgan/Set14/img_008/RealESRGAN_x4plus.png,<benchmark_root>/selfexsr/SelfExSR-master/data/Set14/image_SRF_4/img_008_SRF_4_HR.png,<benchmark_root>/selfexsr/SelfExSR-master/data/Set14/image_SRF_4/img_008_SRF_4_LR.png,26.509585481220693,0.8461872571266039,24.80177749310338
Set14,img_009,bicubic,generated:matlab_bicubic_resize,<benchmark_root>/selfexsr/SelfExSR-master/data/Set14/image_SRF_4/img_009_SRF_4_HR.png,<benchmark_root>/selfexsr/SelfExSR-master/data/Set14/image_SRF_4/img_009_SRF_4_LR.png,29.83956362715532,0.8143334339419335,28.285882235641875
Set14,img_009,detail_base,<output_root>/detail_v1d/Set14/img_009/base.png,<benchmark_root>/selfexsr/SelfExSR-master/data/Set14/image_SRF_4/img_009_SRF_4_HR.png,<benchmark_root>/selfexsr/SelfExSR-master/data/Set14/image_SRF_4/img_009_SRF_4_LR.png,32.05795816006993,0.8560911832743934,29.99806632280807
Set14,img_009,detail_v1d,<output_root>/detail_v1d/Set14/img_009/detail.png,<benchmark_root>/selfexsr/SelfExSR-master/data/Set14/image_SRF_4/img_009_SRF_4_HR.png,<benchmark_root>/selfexsr/SelfExSR-master/data/Set14/image_SRF_4/img_009_SRF_4_LR.png,32.21805512206379,0.8603278790718287,30.13583016514231
Set14,img_009,refiner_condition,<output_root>/refiner_v2/Set14/img_009/condition.png,<benchmark_root>/selfexsr/SelfExSR-master/data/Set14/image_SRF_4/img_009_SRF_4_HR.png,<benchmark_root>/selfexsr/SelfExSR-master/data/Set14/image_SRF_4/img_009_SRF_4_LR.png,31.237638084409568,0.8456264504521933,29.00468061047498
Set14,img_009,refiner_v2,<output_root>/refiner_v2/Set14/img_009/refined.png,<benchmark_root>/selfexsr/SelfExSR-master/data/Set14/image_SRF_4/img_009_SRF_4_HR.png,<benchmark_root>/selfexsr/SelfExSR-master/data/Set14/image_SRF_4/img_009_SRF_4_LR.png,31.553823360376082,0.8527266218711249,29.280221967279786
Set14,img_009,RealESRNet_x4plus,<output_root>/realesrgan/Set14/img_009/RealESRNet_x4plus.png,<benchmark_root>/selfexsr/SelfExSR-master/data/Set14/image_SRF_4/img_009_SRF_4_HR.png,<benchmark_root>/selfexsr/SelfExSR-master/data/Set14/image_SRF_4/img_009_SRF_4_LR.png,31.138804946432494,0.8419285314928859,28.955793899003254
Set14,img_009,RealESRGAN_x4plus,<output_root>/realesrgan/Set14/img_009/RealESRGAN_x4plus.png,<benchmark_root>/selfexsr/SelfExSR-master/data/Set14/image_SRF_4/img_009_SRF_4_HR.png,<benchmark_root>/selfexsr/SelfExSR-master/data/Set14/image_SRF_4/img_009_SRF_4_LR.png,29.81487162301727,0.8178313729005107,27.556221451391508
Set14,img_010,bicubic,generated:matlab_bicubic_resize,<benchmark_root>/selfexsr/SelfExSR-master/data/Set14/image_SRF_4/img_010_SRF_4_HR.png,<benchmark_root>/selfexsr/SelfExSR-master/data/Set14/image_SRF_4/img_010_SRF_4_LR.png,25.69774964383376,0.6763730659141758,24.375828331957024
Set14,img_010,detail_base,<output_root>/detail_v1d/Set14/img_010/base.png,<benchmark_root>/selfexsr/SelfExSR-master/data/Set14/image_SRF_4/img_010_SRF_4_HR.png,<benchmark_root>/selfexsr/SelfExSR-master/data/Set14/image_SRF_4/img_010_SRF_4_LR.png,27.257650516516186,0.743619006126924,25.932093387724123
Set14,img_010,detail_v1d,<output_root>/detail_v1d/Set14/img_010/detail.png,<benchmark_root>/selfexsr/SelfExSR-master/data/Set14/image_SRF_4/img_010_SRF_4_HR.png,<benchmark_root>/selfexsr/SelfExSR-master/data/Set14/image_SRF_4/img_010_SRF_4_LR.png,27.366218201548662,0.7483509219391086,26.038835187333362
Set14,img_010,refiner_condition,<output_root>/refiner_v2/Set14/img_010/condition.png,<benchmark_root>/selfexsr/SelfExSR-master/data/Set14/image_SRF_4/img_010_SRF_4_HR.png,<benchmark_root>/selfexsr/SelfExSR-master/data/Set14/image_SRF_4/img_010_SRF_4_LR.png,27.004582116631767,0.7308978779298835,25.650312297967233
Set14,img_010,refiner_v2,<output_root>/refiner_v2/Set14/img_010/refined.png,<benchmark_root>/selfexsr/SelfExSR-master/data/Set14/image_SRF_4/img_010_SRF_4_HR.png,<benchmark_root>/selfexsr/SelfExSR-master/data/Set14/image_SRF_4/img_010_SRF_4_LR.png,27.138748260555687,0.7406999909306294,25.81151622155486
Set14,img_010,RealESRNet_x4plus,<output_root>/realesrgan/Set14/img_010/RealESRNet_x4plus.png,<benchmark_root>/selfexsr/SelfExSR-master/data/Set14/image_SRF_4/img_010_SRF_4_HR.png,<benchmark_root>/selfexsr/SelfExSR-master/data/Set14/image_SRF_4/img_010_SRF_4_LR.png,26.708608088478027,0.7189023542625934,25.38367119185686
Set14,img_010,RealESRGAN_x4plus,<output_root>/realesrgan/Set14/img_010/RealESRGAN_x4plus.png,<benchmark_root>/selfexsr/SelfExSR-master/data/Set14/image_SRF_4/img_010_SRF_4_HR.png,<benchmark_root>/selfexsr/SelfExSR-master/data/Set14/image_SRF_4/img_010_SRF_4_LR.png,24.965922027195326,0.6586283297972988,23.63745362358745
Set14,img_011,bicubic,generated:matlab_bicubic_resize,<benchmark_root>/selfexsr/SelfExSR-master/data/Set14/image_SRF_4/img_011_SRF_4_HR.png,<benchmark_root>/selfexsr/SelfExSR-master/data/Set14/image_SRF_4/img_011_SRF_4_LR.png,27.460085440327433,0.8815876528993428,26.159299860095608
Set14,img_011,detail_base,<output_root>/detail_v1d/Set14/img_011/base.png,<benchmark_root>/selfexsr/SelfExSR-master/data/Set14/image_SRF_4/img_011_SRF_4_HR.png,<benchmark_root>/selfexsr/SelfExSR-master/data/Set14/image_SRF_4/img_011_SRF_4_LR.png,31.799545219908254,0.9383738049675566,30.35479508003966
Set14,img_011,detail_v1d,<output_root>/detail_v1d/Set14/img_011/detail.png,<benchmark_root>/selfexsr/SelfExSR-master/data/Set14/image_SRF_4/img_011_SRF_4_HR.png,<benchmark_root>/selfexsr/SelfExSR-master/data/Set14/image_SRF_4/img_011_SRF_4_LR.png,32.322382668655166,0.9432147644247266,30.87362819637534
Set14,img_011,refiner_condition,<output_root>/refiner_v2/Set14/img_011/condition.png,<benchmark_root>/selfexsr/SelfExSR-master/data/Set14/image_SRF_4/img_011_SRF_4_HR.png,<benchmark_root>/selfexsr/SelfExSR-master/data/Set14/image_SRF_4/img_011_SRF_4_LR.png,30.16940496882375,0.9253222366162301,28.077716265413045
Set14,img_011,refiner_v2,<output_root>/refiner_v2/Set14/img_011/refined.png,<benchmark_root>/selfexsr/SelfExSR-master/data/Set14/image_SRF_4/img_011_SRF_4_HR.png,<benchmark_root>/selfexsr/SelfExSR-master/data/Set14/image_SRF_4/img_011_SRF_4_LR.png,30.52219198797252,0.9311389075232275,28.548505457047636
Set14,img_011,RealESRNet_x4plus,<output_root>/realesrgan/Set14/img_011/RealESRNet_x4plus.png,<benchmark_root>/selfexsr/SelfExSR-master/data/Set14/image_SRF_4/img_011_SRF_4_HR.png,<benchmark_root>/selfexsr/SelfExSR-master/data/Set14/image_SRF_4/img_011_SRF_4_LR.png,29.2194147961145,0.9204466703748497,26.953469360612374
Set14,img_011,RealESRGAN_x4plus,<output_root>/realesrgan/Set14/img_011/RealESRGAN_x4plus.png,<benchmark_root>/selfexsr/SelfExSR-master/data/Set14/image_SRF_4/img_011_SRF_4_HR.png,<benchmark_root>/selfexsr/SelfExSR-master/data/Set14/image_SRF_4/img_011_SRF_4_LR.png,28.29167588468186,0.9004819335317608,25.950376500180894
Set14,img_012,bicubic,generated:matlab_bicubic_resize,<benchmark_root>/selfexsr/SelfExSR-master/data/Set14/image_SRF_4/img_012_SRF_4_HR.png,<benchmark_root>/selfexsr/SelfExSR-master/data/Set14/image_SRF_4/img_012_SRF_4_LR.png,30.594995925144815,0.8378823604823411,28.586832638902877
Set14,img_012,detail_base,<output_root>/detail_v1d/Set14/img_012/base.png,<benchmark_root>/selfexsr/SelfExSR-master/data/Set14/image_SRF_4/img_012_SRF_4_HR.png,<benchmark_root>/selfexsr/SelfExSR-master/data/Set14/image_SRF_4/img_012_SRF_4_LR.png,33.85124219872359,0.8756009488935466,30.863753113148608
Set14,img_012,detail_v1d,<output_root>/detail_v1d/Set14/img_012/detail.png,<benchmark_root>/selfexsr/SelfExSR-master/data/Set14/image_SRF_4/img_012_SRF_4_HR.png,<benchmark_root>/selfexsr/SelfExSR-master/data/Set14/image_SRF_4/img_012_SRF_4_LR.png,34.142478032157946,0.8794567850442326,31.09746213814743
Set14,img_012,refiner_condition,<output_root>/refiner_v2/Set14/img_012/condition.png,<benchmark_root>/selfexsr/SelfExSR-master/data/Set14/image_SRF_4/img_012_SRF_4_HR.png,<benchmark_root>/selfexsr/SelfExSR-master/data/Set14/image_SRF_4/img_012_SRF_4_LR.png,30.29416434536156,0.8656362889757602,27.875718236169487
Set14,img_012,refiner_v2,<output_root>/refiner_v2/Set14/img_012/refined.png,<benchmark_root>/selfexsr/SelfExSR-master/data/Set14/image_SRF_4/img_012_SRF_4_HR.png,<benchmark_root>/selfexsr/SelfExSR-master/data/Set14/image_SRF_4/img_012_SRF_4_LR.png,31.717543706806595,0.8730517466171857,29.236932619928275
Set14,img_012,RealESRNet_x4plus,<output_root>/realesrgan/Set14/img_012/RealESRNet_x4plus.png,<benchmark_root>/selfexsr/SelfExSR-master/data/Set14/image_SRF_4/img_012_SRF_4_HR.png,<benchmark_root>/selfexsr/SelfExSR-master/data/Set14/image_SRF_4/img_012_SRF_4_LR.png,32.610408539094486,0.858726317220486,29.213840116161233
Set14,img_012,RealESRGAN_x4plus,<output_root>/realesrgan/Set14/img_012/RealESRGAN_x4plus.png,<benchmark_root>/selfexsr/SelfExSR-master/data/Set14/image_SRF_4/img_012_SRF_4_HR.png,<benchmark_root>/selfexsr/SelfExSR-master/data/Set14/image_SRF_4/img_012_SRF_4_LR.png,31.167454522077925,0.84105282641754,27.64317584293268
Set14,img_013,bicubic,generated:matlab_bicubic_resize,<benchmark_root>/selfexsr/SelfExSR-master/data/Set14/image_SRF_4/img_013_SRF_4_HR.png,<benchmark_root>/selfexsr/SelfExSR-master/data/Set14/image_SRF_4/img_013_SRF_4_LR.png,21.918751658583236,0.8191591789793446,20.32663844151134
Set14,img_013,detail_base,<output_root>/detail_v1d/Set14/img_013/base.png,<benchmark_root>/selfexsr/SelfExSR-master/data/Set14/image_SRF_4/img_013_SRF_4_HR.png,<benchmark_root>/selfexsr/SelfExSR-master/data/Set14/image_SRF_4/img_013_SRF_4_LR.png,26.4619559189928,0.9415862044720391,24.764130413871158
Set14,img_013,detail_v1d,<output_root>/detail_v1d/Set14/img_013/detail.png,<benchmark_root>/selfexsr/SelfExSR-master/data/Set14/image_SRF_4/img_013_SRF_4_HR.png,<benchmark_root>/selfexsr/SelfExSR-master/data/Set14/image_SRF_4/img_013_SRF_4_LR.png,26.845555165752284,0.9517055758068879,25.183696907285366
Set14,img_013,refiner_condition,<output_root>/refiner_v2/Set14/img_013/condition.png,<benchmark_root>/selfexsr/SelfExSR-master/data/Set14/image_SRF_4/img_013_SRF_4_HR.png,<benchmark_root>/selfexsr/SelfExSR-master/data/Set14/image_SRF_4/img_013_SRF_4_LR.png,25.169725438550014,0.9139511070716198,23.391895594325533
Set14,img_013,refiner_v2,<output_root>/refiner_v2/Set14/img_013/refined.png,<benchmark_root>/selfexsr/SelfExSR-master/data/Set14/image_SRF_4/img_013_SRF_4_HR.png,<benchmark_root>/selfexsr/SelfExSR-master/data/Set14/image_SRF_4/img_013_SRF_4_LR.png,25.75041074508576,0.9259055020232598,24.042207716306248
Set14,img_013,RealESRNet_x4plus,<output_root>/realesrgan/Set14/img_013/RealESRNet_x4plus.png,<benchmark_root>/selfexsr/SelfExSR-master/data/Set14/image_SRF_4/img_013_SRF_4_HR.png,<benchmark_root>/selfexsr/SelfExSR-master/data/Set14/image_SRF_4/img_013_SRF_4_LR.png,25.187175579046833,0.9188705314718586,23.099854425000036
Set14,img_013,RealESRGAN_x4plus,<output_root>/realesrgan/Set14/img_013/RealESRGAN_x4plus.png,<benchmark_root>/selfexsr/SelfExSR-master/data/Set14/image_SRF_4/img_013_SRF_4_HR.png,<benchmark_root>/selfexsr/SelfExSR-master/data/Set14/image_SRF_4/img_013_SRF_4_LR.png,23.494352124112837,0.8981361062947977,21.46330815653728
Set14,img_014,bicubic,generated:matlab_bicubic_resize,<benchmark_root>/selfexsr/SelfExSR-master/data/Set14/image_SRF_4/img_014_SRF_4_HR.png,<benchmark_root>/selfexsr/SelfExSR-master/data/Set14/image_SRF_4/img_014_SRF_4_LR.png,24.06409731888616,0.6850491717292527,22.733617565885538
Set14,img_014,detail_base,<output_root>/detail_v1d/Set14/img_014/base.png,<benchmark_root>/selfexsr/SelfExSR-master/data/Set14/image_SRF_4/img_014_SRF_4_HR.png,<benchmark_root>/selfexsr/SelfExSR-master/data/Set14/image_SRF_4/img_014_SRF_4_LR.png,27.191772844626243,0.7758024814093186,25.791975683202644
Set14,img_014,detail_v1d,<output_root>/detail_v1d/Set14/img_014/detail.png,<benchmark_root>/selfexsr/SelfExSR-master/data/Set14/image_SRF_4/img_014_SRF_4_HR.png,<benchmark_root>/selfexsr/SelfExSR-master/data/Set14/image_SRF_4/img_014_SRF_4_LR.png,27.26197752823081,0.7782615980267362,25.871507654633028
Set14,img_014,refiner_condition,<output_root>/refiner_v2/Set14/img_014/condition.png,<benchmark_root>/selfexsr/SelfExSR-master/data/Set14/image_SRF_4/img_014_SRF_4_HR.png,<benchmark_root>/selfexsr/SelfExSR-master/data/Set14/image_SRF_4/img_014_SRF_4_LR.png,26.338763549667952,0.7438380861726877,24.818060772072972
Set14,img_014,refiner_v2,<output_root>/refiner_v2/Set14/img_014/refined.png,<benchmark_root>/selfexsr/SelfExSR-master/data/Set14/image_SRF_4/img_014_SRF_4_HR.png,<benchmark_root>/selfexsr/SelfExSR-master/data/Set14/image_SRF_4/img_014_SRF_4_LR.png,26.6138709076281,0.7666099813365471,25.215745507755685
Set14,img_014,RealESRNet_x4plus,<output_root>/realesrgan/Set14/img_014/RealESRNet_x4plus.png,<benchmark_root>/selfexsr/SelfExSR-master/data/Set14/image_SRF_4/img_014_SRF_4_HR.png,<benchmark_root>/selfexsr/SelfExSR-master/data/Set14/image_SRF_4/img_014_SRF_4_LR.png,25.73886108515046,0.7385737010897876,24.09830927181798
Set14,img_014,RealESRGAN_x4plus,<output_root>/realesrgan/Set14/img_014/RealESRGAN_x4plus.png,<benchmark_root>/selfexsr/SelfExSR-master/data/Set14/image_SRF_4/img_014_SRF_4_HR.png,<benchmark_root>/selfexsr/SelfExSR-master/data/Set14/image_SRF_4/img_014_SRF_4_LR.png,22.585422879706577,0.6045031470777071,21.016101201600165
Urban100,img_001,bicubic,generated:matlab_bicubic_resize,<benchmark_root>/selfexsr/SelfExSR-master/data/Urban100/image_SRF_4/img_001_SRF_4_HR.png,<benchmark_root>/selfexsr/SelfExSR-master/data/Urban100/image_SRF_4/img_001_SRF_4_LR.png,25.110482954456664,0.6683022129799351,23.69721977262563
Urban100,img_001,detail_base,<output_root>/detail_v1d/Urban100/img_001/base.png,<benchmark_root>/selfexsr/SelfExSR-master/data/Urban100/image_SRF_4/img_001_SRF_4_HR.png,<benchmark_root>/selfexsr/SelfExSR-master/data/Urban100/image_SRF_4/img_001_SRF_4_LR.png,27.423364128724558,0.7609820580306296,26.006768051229866
Urban100,img_001,detail_v1d,<output_root>/detail_v1d/Urban100/img_001/detail.png,<benchmark_root>/selfexsr/SelfExSR-master/data/Urban100/image_SRF_4/img_001_SRF_4_HR.png,<benchmark_root>/selfexsr/SelfExSR-master/data/Urban100/image_SRF_4/img_001_SRF_4_LR.png,27.779610146204767,0.7718588592279565,26.359578630127128
Urban100,img_001,refiner_condition,<output_root>/refiner_v2/Urban100/img_001/condition.png,<benchmark_root>/selfexsr/SelfExSR-master/data/Urban100/image_SRF_4/img_001_SRF_4_HR.png,<benchmark_root>/selfexsr/SelfExSR-master/data/Urban100/image_SRF_4/img_001_SRF_4_LR.png,26.588382094816453,0.7305346556802272,25.15320347495043
Urban100,img_001,refiner_v2,<output_root>/refiner_v2/Urban100/img_001/refined.png,<benchmark_root>/selfexsr/SelfExSR-master/data/Urban100/image_SRF_4/img_001_SRF_4_HR.png,<benchmark_root>/selfexsr/SelfExSR-master/data/Urban100/image_SRF_4/img_001_SRF_4_LR.png,26.89506368321403,0.7446124183932302,25.48248706468423
Urban100,img_001,RealESRNet_x4plus,<output_root>/realesrgan/Urban100/img_001/RealESRNet_x4plus.png,<benchmark_root>/selfexsr/SelfExSR-master/data/Urban100/image_SRF_4/img_001_SRF_4_HR.png,<benchmark_root>/selfexsr/SelfExSR-master/data/Urban100/image_SRF_4/img_001_SRF_4_LR.png,26.593845061284224,0.7384824688026935,25.124767593851566
Urban100,img_001,RealESRGAN_x4plus,<output_root>/realesrgan/Urban100/img_001/RealESRGAN_x4plus.png,<benchmark_root>/selfexsr/SelfExSR-master/data/Urban100/image_SRF_4/img_001_SRF_4_HR.png,<benchmark_root>/selfexsr/SelfExSR-master/data/Urban100/image_SRF_4/img_001_SRF_4_LR.png,25.119273305909424,0.6867172784577726,23.673224739775254
Urban100,img_002,bicubic,generated:matlab_bicubic_resize,<benchmark_root>/selfexsr/SelfExSR-master/data/Urban100/image_SRF_4/img_002_SRF_4_HR.png,<benchmark_root>/selfexsr/SelfExSR-master/data/Urban100/image_SRF_4/img_002_SRF_4_LR.png,24.18377354976073,0.6785306447604319,22.87118080890748
Urban100,img_002,detail_base,<output_root>/detail_v1d/Urban100/img_002/base.png,<benchmark_root>/selfexsr/SelfExSR-master/data/Urban100/image_SRF_4/img_002_SRF_4_HR.png,<benchmark_root>/selfexsr/SelfExSR-master/data/Urban100/image_SRF_4/img_002_SRF_4_LR.png,26.225041060636528,0.7997583709376546,24.8387687934544
Urban100,img_002,detail_v1d,<output_root>/detail_v1d/Urban100/img_002/detail.png,<benchmark_root>/selfexsr/SelfExSR-master/data/Urban100/image_SRF_4/img_002_SRF_4_HR.png,<benchmark_root>/selfexsr/SelfExSR-master/data/Urban100/image_SRF_4/img_002_SRF_4_LR.png,26.701183108725886,0.8178950810444772,25.299147231039626
Urban100,img_002,refiner_condition,<output_root>/refiner_v2/Urban100/img_002/condition.png,<benchmark_root>/selfexsr/SelfExSR-master/data/Urban100/image_SRF_4/img_002_SRF_4_HR.png,<benchmark_root>/selfexsr/SelfExSR-master/data/Urban100/image_SRF_4/img_002_SRF_4_LR.png,25.404344682547627,0.7612770955180067,23.978318616176754
Urban100,img_002,refiner_v2,<output_root>/refiner_v2/Urban100/img_002/refined.png,<benchmark_root>/selfexsr/SelfExSR-master/data/Urban100/image_SRF_4/img_002_SRF_4_HR.png,<benchmark_root>/selfexsr/SelfExSR-master/data/Urban100/image_SRF_4/img_002_SRF_4_LR.png,25.618390787940516,0.7768756267013573,24.239003465541394
Urban100,img_002,RealESRNet_x4plus,<output_root>/realesrgan/Urban100/img_002/RealESRNet_x4plus.png,<benchmark_root>/selfexsr/SelfExSR-master/data/Urban100/image_SRF_4/img_002_SRF_4_HR.png,<benchmark_root>/selfexsr/SelfExSR-master/data/Urban100/image_SRF_4/img_002_SRF_4_LR.png,24.330679700273123,0.7561850694962731,22.916423974782397
Urban100,img_002,RealESRGAN_x4plus,<output_root>/realesrgan/Urban100/img_002/RealESRGAN_x4plus.png,<benchmark_root>/selfexsr/SelfExSR-master/data/Urban100/image_SRF_4/img_002_SRF_4_HR.png,<benchmark_root>/selfexsr/SelfExSR-master/data/Urban100/image_SRF_4/img_002_SRF_4_LR.png,21.846987114795514,0.6735892755540971,20.464201929534628
Urban100,img_003,bicubic,generated:matlab_bicubic_resize,<benchmark_root>/selfexsr/SelfExSR-master/data/Urban100/image_SRF_4/img_003_SRF_4_HR.png,<benchmark_root>/selfexsr/SelfExSR-master/data/Urban100/image_SRF_4/img_003_SRF_4_LR.png,22.021559986783167,0.5512587250901113,20.458597006646123
Urban100,img_003,detail_base,<output_root>/detail_v1d/Urban100/img_003/base.png,<benchmark_root>/selfexsr/SelfExSR-master/data/Urban100/image_SRF_4/img_003_SRF_4_HR.png,<benchmark_root>/selfexsr/SelfExSR-master/data/Urban100/image_SRF_4/img_003_SRF_4_LR.png,23.575906629775623,0.6671496796266077,21.9764586668227
Urban100,img_003,detail_v1d,<output_root>/detail_v1d/Urban100/img_003/detail.png,<benchmark_root>/selfexsr/SelfExSR-master/data/Urban100/image_SRF_4/img_003_SRF_4_HR.png,<benchmark_root>/selfexsr/SelfExSR-master/data/Urban100/image_SRF_4/img_003_SRF_4_LR.png,23.809788464922917,0.6831808415977528,22.20658021859071
Urban100,img_003,refiner_condition,<output_root>/refiner_v2/Urban100/img_003/condition.png,<benchmark_root>/selfexsr/SelfExSR-master/data/Urban100/image_SRF_4/img_003_SRF_4_HR.png,<benchmark_root>/selfexsr/SelfExSR-master/data/Urban100/image_SRF_4/img_003_SRF_4_LR.png,23.062042514575328,0.6299867521450583,21.45079014947587
Urban100,img_003,refiner_v2,<output_root>/refiner_v2/Urban100/img_003/refined.png,<benchmark_root>/selfexsr/SelfExSR-master/data/Urban100/image_SRF_4/img_003_SRF_4_HR.png,<benchmark_root>/selfexsr/SelfExSR-master/data/Urban100/image_SRF_4/img_003_SRF_4_LR.png,23.301428683143843,0.6494999953133731,21.715566741647365
Urban100,img_003,RealESRNet_x4plus,<output_root>/realesrgan/Urban100/img_003/RealESRNet_x4plus.png,<benchmark_root>/selfexsr/SelfExSR-master/data/Urban100/image_SRF_4/img_003_SRF_4_HR.png,<benchmark_root>/selfexsr/SelfExSR-master/data/Urban100/image_SRF_4/img_003_SRF_4_LR.png,23.053211666176434,0.6445494689193262,21.30636534156078
Urban100,img_003,RealESRGAN_x4plus,<output_root>/realesrgan/Urban100/img_003/RealESRGAN_x4plus.png,<benchmark_root>/selfexsr/SelfExSR-master/data/Urban100/image_SRF_4/img_003_SRF_4_HR.png,<benchmark_root>/selfexsr/SelfExSR-master/data/Urban100/image_SRF_4/img_003_SRF_4_LR.png,21.702617114015116,0.5892522562641583,20.071752817331028
Urban100,img_004,bicubic,generated:matlab_bicubic_resize,<benchmark_root>/selfexsr/SelfExSR-master/data/Urban100/image_SRF_4/img_004_SRF_4_HR.png,<benchmark_root>/selfexsr/SelfExSR-master/data/Urban100/image_SRF_4/img_004_SRF_4_LR.png,21.085270653159476,0.6794218742848984,19.809291388948008
Urban100,img_004,detail_base,<output_root>/detail_v1d/Urban100/img_004/base.png,<benchmark_root>/selfexsr/SelfExSR-master/data/Urban100/image_SRF_4/img_004_SRF_4_HR.png,<benchmark_root>/selfexsr/SelfExSR-master/data/Urban100/image_SRF_4/img_004_SRF_4_LR.png,22.705163763752793,0.8086203019705767,21.39440095545803
Urban100,img_004,detail_v1d,<output_root>/detail_v1d/Urban100/img_004/detail.png,<benchmark_root>/selfexsr/SelfExSR-master/data/Urban100/image_SRF_4/img_004_SRF_4_HR.png,<benchmark_root>/selfexsr/SelfExSR-master/data/Urban100/image_SRF_4/img_004_SRF_4_LR.png,23.08132075485526,0.8269850089266159,21.77354021758182
Urban100,img_004,refiner_condition,<output_root>/refiner_v2/Urban100/img_004/condition.png,<benchmark_root>/selfexsr/SelfExSR-master/data/Urban100/image_SRF_4/img_004_SRF_4_HR.png,<benchmark_root>/selfexsr/SelfExSR-master/data/Urban100/image_SRF_4/img_004_SRF_4_LR.png,21.64470126424931,0.7524683233722054,20.355887873745225
Urban100,img_004,refiner_v2,<output_root>/refiner_v2/Urban100/img_004/refined.png,<benchmark_root>/selfexsr/SelfExSR-master/data/Urban100/image_SRF_4/img_004_SRF_4_HR.png,<benchmark_root>/selfexsr/SelfExSR-master/data/Urban100/image_SRF_4/img_004_SRF_4_LR.png,21.997486872635417,0.7732589440964829,20.705709619605912
Urban100,img_004,RealESRNet_x4plus,<output_root>/realesrgan/Urban100/img_004/RealESRNet_x4plus.png,<benchmark_root>/selfexsr/SelfExSR-master/data/Urban100/image_SRF_4/img_004_SRF_4_HR.png,<benchmark_root>/selfexsr/SelfExSR-master/data/Urban100/image_SRF_4/img_004_SRF_4_LR.png,22.211328423306682,0.7864850017634685,20.84119060941567
Urban100,img_004,RealESRGAN_x4plus,<output_root>/realesrgan/Urban100/img_004/RealESRGAN_x4plus.png,<benchmark_root>/selfexsr/SelfExSR-master/data/Urban100/image_SRF_4/img_004_SRF_4_HR.png,<benchmark_root>/selfexsr/SelfExSR-master/data/Urban100/image_SRF_4/img_004_SRF_4_LR.png,19.90886242664207,0.6975700075037252,18.560815419437663
Urban100,img_005,bicubic,generated:matlab_bicubic_resize,<benchmark_root>/selfexsr/SelfExSR-master/data/Urban100/image_SRF_4/img_005_SRF_4_HR.png,<benchmark_root>/selfexsr/SelfExSR-master/data/Urban100/image_SRF_4/img_005_SRF_4_LR.png,23.311374224937737,0.834758260244483,21.978461981947895
Urban100,img_005,detail_base,<output_root>/detail_v1d/Urban100/img_005/base.png,<benchmark_root>/selfexsr/SelfExSR-master/data/Urban100/image_SRF_4/img_005_SRF_4_HR.png,<benchmark_root>/selfexsr/SelfExSR-master/data/Urban100/image_SRF_4/img_005_SRF_4_LR.png,26.590829171337212,0.9343819572196124,25.226185083725174
Urban100,img_005,detail_v1d,<output_root>/detail_v1d/Urban100/img_005/detail.png,<benchmark_root>/selfexsr/SelfExSR-master/data/Urban100/image_SRF_4/img_005_SRF_4_HR.png,<benchmark_root>/selfexsr/SelfExSR-master/data/Urban100/image_SRF_4/img_005_SRF_4_LR.png,27.46359937642849,0.9462171519341465,26.100304047840602
Urban100,img_005,refiner_condition,<output_root>/refiner_v2/Urban100/img_005/condition.png,<benchmark_root>/selfexsr/SelfExSR-master/data/Urban100/image_SRF_4/img_005_SRF_4_HR.png,<benchmark_root>/selfexsr/SelfExSR-master/data/Urban100/image_SRF_4/img_005_SRF_4_LR.png,25.562947935131348,0.9099053546134577,24.11380289628184
Urban100,img_005,refiner_v2,<output_root>/refiner_v2/Urban100/img_005/refined.png,<benchmark_root>/selfexsr/SelfExSR-master/data/Urban100/image_SRF_4/img_005_SRF_4_HR.png,<benchmark_root>/selfexsr/SelfExSR-master/data/Urban100/image_SRF_4/img_005_SRF_4_LR.png,25.935577134941376,0.9188430914776591,24.569676271980182
Urban100,img_005,RealESRNet_x4plus,<output_root>/realesrgan/Urban100/img_005/RealESRNet_x4plus.png,<benchmark_root>/selfexsr/SelfExSR-master/data/Urban100/image_SRF_4/img_005_SRF_4_HR.png,<benchmark_root>/selfexsr/SelfExSR-master/data/Urban100/image_SRF_4/img_005_SRF_4_LR.png,25.470151651448816,0.9155618564151797,23.895850625493193
Urban100,img_005,RealESRGAN_x4plus,<output_root>/realesrgan/Urban100/img_005/RealESRGAN_x4plus.png,<benchmark_root>/selfexsr/SelfExSR-master/data/Urban100/image_SRF_4/img_005_SRF_4_HR.png,<benchmark_root>/selfexsr/SelfExSR-master/data/Urban100/image_SRF_4/img_005_SRF_4_LR.png,21.85751335742033,0.8409959733114533,20.521664710944382
Urban100,img_006,bicubic,generated:matlab_bicubic_resize,<benchmark_root>/selfexsr/SelfExSR-master/data/Urban100/image_SRF_4/img_006_SRF_4_HR.png,<benchmark_root>/selfexsr/SelfExSR-master/data/Urban100/image_SRF_4/img_006_SRF_4_LR.png,20.518094027848935,0.4899617850676942,19.166741325675908
Urban100,img_006,detail_base,<output_root>/detail_v1d/Urban100/img_006/base.png,<benchmark_root>/selfexsr/SelfExSR-master/data/Urban100/image_SRF_4/img_006_SRF_4_HR.png,<benchmark_root>/selfexsr/SelfExSR-master/data/Urban100/image_SRF_4/img_006_SRF_4_LR.png,22.108481347179136,0.5991933863423476,20.76264645337872
Urban100,img_006,detail_v1d,<output_root>/detail_v1d/Urban100/img_006/detail.png,<benchmark_root>/selfexsr/SelfExSR-master/data/Urban100/image_SRF_4/img_006_SRF_4_HR.png,<benchmark_root>/selfexsr/SelfExSR-master/data/Urban100/image_SRF_4/img_006_SRF_4_LR.png,22.425821289059854,0.6181214203924226,21.07587299128504
Urban100,img_006,refiner_condition,<output_root>/refiner_v2/Urban100/img_006/condition.png,<benchmark_root>/selfexsr/SelfExSR-master/data/Urban100/image_SRF_4/img_006_SRF_4_HR.png,<benchmark_root>/selfexsr/SelfExSR-master/data/Urban100/image_SRF_4/img_006_SRF_4_LR.png,21.11707525242512,0.5396625602595256,19.766655259356437
Urban100,img_006,refiner_v2,<output_root>/refiner_v2/Urban100/img_006/refined.png,<benchmark_root>/selfexsr/SelfExSR-master/data/Urban100/image_SRF_4/img_006_SRF_4_HR.png,<benchmark_root>/selfexsr/SelfExSR-master/data/Urban100/image_SRF_4/img_006_SRF_4_LR.png,21.54060139238836,0.5659857371644429,20.204858804009504
Urban100,img_006,RealESRNet_x4plus,<output_root>/realesrgan/Urban100/img_006/RealESRNet_x4plus.png,<benchmark_root>/selfexsr/SelfExSR-master/data/Urban100/image_SRF_4/img_006_SRF_4_HR.png,<benchmark_root>/selfexsr/SelfExSR-master/data/Urban100/image_SRF_4/img_006_SRF_4_LR.png,21.571117071054957,0.5584132285747039,20.156592081558973
Urban100,img_006,RealESRGAN_x4plus,<output_root>/realesrgan/Urban100/img_006/RealESRGAN_x4plus.png,<benchmark_root>/selfexsr/SelfExSR-master/data/Urban100/image_SRF_4/img_006_SRF_4_HR.png,<benchmark_root>/selfexsr/SelfExSR-master/data/Urban100/image_SRF_4/img_006_SRF_4_LR.png,20.515439530155977,0.5022478727368891,19.071287831827366
Urban100,img_007,bicubic,generated:matlab_bicubic_resize,<benchmark_root>/selfexsr/SelfExSR-master/data/Urban100/image_SRF_4/img_007_SRF_4_HR.png,<benchmark_root>/selfexsr/SelfExSR-master/data/Urban100/image_SRF_4/img_007_SRF_4_LR.png,26.1711519966253,0.7707393411138527,24.716818522012044
Urban100,img_007,detail_base,<output_root>/detail_v1d/Urban100/img_007/base.png,<benchmark_root>/selfexsr/SelfExSR-master/data/Urban100/image_SRF_4/img_007_SRF_4_HR.png,<benchmark_root>/selfexsr/SelfExSR-master/data/Urban100/image_SRF_4/img_007_SRF_4_LR.png,29.252577467282542,0.8548241697751436,27.686969745703934
Urban100,img_007,detail_v1d,<output_root>/detail_v1d/Urban100/img_007/detail.png,<benchmark_root>/selfexsr/SelfExSR-master/data/Urban100/image_SRF_4/img_007_SRF_4_HR.png,<benchmark_root>/selfexsr/SelfExSR-master/data/Urban100/image_SRF_4/img_007_SRF_4_LR.png,29.530847600058806,0.8621148366663123,27.96487852484937
Urban100,img_007,refiner_condition,<output_root>/refiner_v2/Urban100/img_007/condition.png,<benchmark_root>/selfexsr/SelfExSR-master/data/Urban100/image_SRF_4/img_007_SRF_4_HR.png,<benchmark_root>/selfexsr/SelfExSR-master/data/Urban100/image_SRF_4/img_007_SRF_4_LR.png,28.449365811212566,0.836903024950895,26.85905887312674
Urban100,img_007,refiner_v2,<output_root>/refiner_v2/Urban100/img_007/refined.png,<benchmark_root>/selfexsr/SelfExSR-master/data/Urban100/image_SRF_4/img_007_SRF_4_HR.png,<benchmark_root>/selfexsr/SelfExSR-master/data/Urban100/image_SRF_4/img_007_SRF_4_LR.png,28.730610833528747,0.8469462807339768,27.18874683105006
Urban100,img_007,RealESRNet_x4plus,<output_root>/realesrgan/Urban100/img_007/RealESRNet_x4plus.png,<benchmark_root>/selfexsr/SelfExSR-master/data/Urban100/image_SRF_4/img_007_SRF_4_HR.png,<benchmark_root>/selfexsr/SelfExSR-master/data/Urban100/image_SRF_4/img_007_SRF_4_LR.png,28.07139963661755,0.8337081224073967,26.100141686721333
Urban100,img_007,RealESRGAN_x4plus,<output_root>/realesrgan/Urban100/img_007/RealESRGAN_x4plus.png,<benchmark_root>/selfexsr/SelfExSR-master/data/Urban100/image_SRF_4/img_007_SRF_4_HR.png,<benchmark_root>/selfexsr/SelfExSR-master/data/Urban100/image_SRF_4/img_007_SRF_4_LR.png,25.287746620965756,0.7561430887412376,23.480738138351764
Urban100,img_008,bicubic,generated:matlab_bicubic_resize,<benchmark_root>/selfexsr/SelfExSR-master/data/Urban100/image_SRF_4/img_008_SRF_4_HR.png,<benchmark_root>/selfexsr/SelfExSR-master/data/Urban100/image_SRF_4/img_008_SRF_4_LR.png,19.72837325759844,0.49172464689950457,18.479764705190938
Urban100,img_008,detail_base,<output_root>/detail_v1d/Urban100/img_008/base.png,<benchmark_root>/selfexsr/SelfExSR-master/data/Urban100/image_SRF_4/img_008_SRF_4_HR.png,<benchmark_root>/selfexsr/SelfExSR-master/data/Urban100/image_SRF_4/img_008_SRF_4_LR.png,21.022481617266813,0.623766983374082,19.789308049189597
Urban100,img_008,detail_v1d,<output_root>/detail_v1d/Urban100/img_008/detail.png,<benchmark_root>/selfexsr/SelfExSR-master/data/Urban100/image_SRF_4/img_008_SRF_4_HR.png,<benchmark_root>/selfexsr/SelfExSR-master/data/Urban100/image_SRF_4/img_008_SRF_4_LR.png,21.321714768211677,0.6464837917692225,20.090359848990662
Urban100,img_008,refiner_condition,<output_root>/refiner_v2/Urban100/img_008/condition.png,<benchmark_root>/selfexsr/SelfExSR-master/data/Urban100/image_SRF_4/img_008_SRF_4_HR.png,<benchmark_root>/selfexsr/SelfExSR-master/data/Urban100/image_SRF_4/img_008_SRF_4_LR.png,20.540036511546134,0.5691617938699913,19.30177225081975
Urban100,img_008,refiner_v2,<output_root>/refiner_v2/Urban100/img_008/refined.png,<benchmark_root>/selfexsr/SelfExSR-master/data/Urban100/image_SRF_4/img_008_SRF_4_HR.png,<benchmark_root>/selfexsr/SelfExSR-master/data/Urban100/image_SRF_4/img_008_SRF_4_LR.png,20.76292081278662,0.5951178057180676,19.53986816879536
Urban100,img_008,RealESRNet_x4plus,<output_root>/realesrgan/Urban100/img_008/RealESRNet_x4plus.png,<benchmark_root>/selfexsr/SelfExSR-master/data/Urban100/image_SRF_4/img_008_SRF_4_HR.png,<benchmark_root>/selfexsr/SelfExSR-master/data/Urban100/image_SRF_4/img_008_SRF_4_LR.png,20.493540070255033,0.6118319879321381,19.099550047880285
Urban100,img_008,RealESRGAN_x4plus,<output_root>/realesrgan/Urban100/img_008/RealESRGAN_x4plus.png,<benchmark_root>/selfexsr/SelfExSR-master/data/Urban100/image_SRF_4/img_008_SRF_4_HR.png,<benchmark_root>/selfexsr/SelfExSR-master/data/Urban100/image_SRF_4/img_008_SRF_4_LR.png,18.355293250902623,0.4989091614832149,16.986963081963466
Urban100,img_009,bicubic,generated:matlab_bicubic_resize,<benchmark_root>/selfexsr/SelfExSR-master/data/Urban100/image_SRF_4/img_009_SRF_4_HR.png,<benchmark_root>/selfexsr/SelfExSR-master/data/Urban100/image_SRF_4/img_009_SRF_4_LR.png,30.886290260912315,0.8562595033270494,29.316788091720575
Urban100,img_009,detail_base,<output_root>/detail_v1d/Urban100/img_009/base.png,<benchmark_root>/selfexsr/SelfExSR-master/data/Urban100/image_SRF_4/img_009_SRF_4_HR.png,<benchmark_root>/selfexsr/SelfExSR-master/data/Urban100/image_SRF_4/img_009_SRF_4_LR.png,33.52832205551841,0.9221890195045728,31.751914498796204
Urban100,img_009,detail_v1d,<output_root>/detail_v1d/Urban100/img_009/detail.png,<benchmark_root>/selfexsr/SelfExSR-master/data/Urban100/image_SRF_4/img_009_SRF_4_HR.png,<benchmark_root>/selfexsr/SelfExSR-master/data/Urban100/image_SRF_4/img_009_SRF_4_LR.png,34.03972438530392,0.9297164893592486,32.214883990755055
Urban100,img_009,refiner_condition,<output_root>/refiner_v2/Urban100/img_009/condition.png,<benchmark_root>/selfexsr/SelfExSR-master/data/Urban100/image_SRF_4/img_009_SRF_4_HR.png,<benchmark_root>/selfexsr/SelfExSR-master/data/Urban100/image_SRF_4/img_009_SRF_4_LR.png,32.61397646103437,0.9007367436029878,30.73908559824413
Urban100,img_009,refiner_v2,<output_root>/refiner_v2/Urban100/img_009/refined.png,<benchmark_root>/selfexsr/SelfExSR-master/data/Urban100/image_SRF_4/img_009_SRF_4_HR.png,<benchmark_root>/selfexsr/SelfExSR-master/data/Urban100/image_SRF_4/img_009_SRF_4_LR.png,32.723035624209956,0.9086165827075112,31.06508268876126
Urban100,img_009,RealESRNet_x4plus,<output_root>/realesrgan/Urban100/img_009/RealESRNet_x4plus.png,<benchmark_root>/selfexsr/SelfExSR-master/data/Urban100/image_SRF_4/img_009_SRF_4_HR.png,<benchmark_root>/selfexsr/SelfExSR-master/data/Urban100/image_SRF_4/img_009_SRF_4_LR.png,32.21961118095869,0.892182319090951,30.123629615753863
Urban100,img_009,RealESRGAN_x4plus,<output_root>/realesrgan/Urban100/img_009/RealESRGAN_x4plus.png,<benchmark_root>/selfexsr/SelfExSR-master/data/Urban100/image_SRF_4/img_009_SRF_4_HR.png,<benchmark_root>/selfexsr/SelfExSR-master/data/Urban100/image_SRF_4/img_009_SRF_4_LR.png,30.601137527518777,0.8770438222064076,28.552641137195526
Urban100,img_010,bicubic,generated:matlab_bicubic_resize,<benchmark_root>/selfexsr/SelfExSR-master/data/Urban100/image_SRF_4/img_010_SRF_4_HR.png,<benchmark_root>/selfexsr/SelfExSR-master/data/Urban100/image_SRF_4/img_010_SRF_4_LR.png,23.595973487219002,0.7884330666099826,22.2239239383996
Urban100,img_010,detail_base,<output_root>/detail_v1d/Urban100/img_010/base.png,<benchmark_root>/selfexsr/SelfExSR-master/data/Urban100/image_SRF_4/img_010_SRF_4_HR.png,<benchmark_root>/selfexsr/SelfExSR-master/data/Urban100/image_SRF_4/img_010_SRF_4_LR.png,26.5544175445605,0.8722243947890912,25.15964784870539
Urban100,img_010,detail_v1d,<output_root>/detail_v1d/Urban100/img_010/detail.png,<benchmark_root>/selfexsr/SelfExSR-master/data/Urban100/image_SRF_4/img_010_SRF_4_HR.png,<benchmark_root>/selfexsr/SelfExSR-master/data/Urban100/image_SRF_4/img_010_SRF_4_LR.png,27.349533350558495,0.8890572882178126,25.935031800677756
Urban100,img_010,refiner_condition,<output_root>/refiner_v2/Urban100/img_010/condition.png,<benchmark_root>/selfexsr/SelfExSR-master/data/Urban100/image_SRF_4/img_010_SRF_4_HR.png,<benchmark_root>/selfexsr/SelfExSR-master/data/Urban100/image_SRF_4/img_010_SRF_4_LR.png,25.260805866417563,0.8382364977746689,23.84251270536058
Urban100,img_010,refiner_v2,<output_root>/refiner_v2/Urban100/img_010/refined.png,<benchmark_root>/selfexsr/SelfExSR-master/data/Urban100/image_SRF_4/img_010_SRF_4_HR.png,<benchmark_root>/selfexsr/SelfExSR-master/data/Urban100/image_SRF_4/img_010_SRF_4_LR.png,25.71620952853321,0.8506343348965917,24.329075334829454
Urban100,img_010,RealESRNet_x4plus,<output_root>/realesrgan/Urban100/img_010/RealESRNet_x4plus.png,<benchmark_root>/selfexsr/SelfExSR-master/data/Urban100/image_SRF_4/img_010_SRF_4_HR.png,<benchmark_root>/selfexsr/SelfExSR-master/data/Urban100/image_SRF_4/img_010_SRF_4_LR.png,25.402961958804315,0.8439735946666684,23.95930376229022
Urban100,img_010,RealESRGAN_x4plus,<output_root>/realesrgan/Urban100/img_010/RealESRGAN_x4plus.png,<benchmark_root>/selfexsr/SelfExSR-master/data/Urban100/image_SRF_4/img_010_SRF_4_HR.png,<benchmark_root>/selfexsr/SelfExSR-master/data/Urban100/image_SRF_4/img_010_SRF_4_LR.png,24.859976793986846,0.8267917344786418,23.40869357751837
Urban100,img_011,bicubic,generated:matlab_bicubic_resize,<benchmark_root>/selfexsr/SelfExSR-master/data/Urban100/image_SRF_4/img_011_SRF_4_HR.png,<benchmark_root>/selfexsr/SelfExSR-master/data/Urban100/image_SRF_4/img_011_SRF_4_LR.png,16.031358558877024,0.6068667465305941,14.709437247000285
Urban100,img_011,detail_base,<output_root>/detail_v1d/Urban100/img_011/base.png,<benchmark_root>/selfexsr/SelfExSR-master/data/Urban100/image_SRF_4/img_011_SRF_4_HR.png,<benchmark_root>/selfexsr/SelfExSR-master/data/Urban100/image_SRF_4/img_011_SRF_4_LR.png,17.77411003175547,0.7862176109077664,16.450798514211336
Urban100,img_011,detail_v1d,<output_root>/detail_v1d/Urban100/img_011/detail.png,<benchmark_root>/selfexsr/SelfExSR-master/data/Urban100/image_SRF_4/img_011_SRF_4_HR.png,<benchmark_root>/selfexsr/SelfExSR-master/data/Urban100/image_SRF_4/img_011_SRF_4_LR.png,17.805250588866354,0.7952303026673497,16.483015945508683
Urban100,img_011,refiner_condition,<output_root>/refiner_v2/Urban100/img_011/condition.png,<benchmark_root>/selfexsr/SelfExSR-master/data/Urban100/image_SRF_4/img_011_SRF_4_HR.png,<benchmark_root>/selfexsr/SelfExSR-master/data/Urban100/image_SRF_4/img_011_SRF_4_LR.png,17.35380279644699,0.7569882514906618,16.02588865311823
Urban100,img_011,refiner_v2,<output_root>/refiner_v2/Urban100/img_011/refined.png,<benchmark_root>/selfexsr/SelfExSR-master/data/Urban100/image_SRF_4/img_011_SRF_4_HR.png,<benchmark_root>/selfexsr/SelfExSR-master/data/Urban100/image_SRF_4/img_011_SRF_4_LR.png,17.62424181611095,0.7717915934152548,16.302860951614555
Urban100,img_011,RealESRNet_x4plus,<output_root>/realesrgan/Urban100/img_011/RealESRNet_x4plus.png,<benchmark_root>/selfexsr/SelfExSR-master/data/Urban100/image_SRF_4/img_011_SRF_4_HR.png,<benchmark_root>/selfexsr/SelfExSR-master/data/Urban100/image_SRF_4/img_011_SRF_4_LR.png,17.257886286509166,0.7539681419762786,15.925161634573426
Urban100,img_011,RealESRGAN_x4plus,<output_root>/realesrgan/Urban100/img_011/RealESRGAN_x4plus.png,<benchmark_root>/selfexsr/SelfExSR-master/data/Urban100/image_SRF_4/img_011_SRF_4_HR.png,<benchmark_root>/selfexsr/SelfExSR-master/data/Urban100/image_SRF_4/img_011_SRF_4_LR.png,16.47907738233487,0.725027819464222,15.164056059576925
Urban100,img_012,bicubic,generated:matlab_bicubic_resize,<benchmark_root>/selfexsr/SelfExSR-master/data/Urban100/image_SRF_4/img_012_SRF_4_HR.png,<benchmark_root>/selfexsr/SelfExSR-master/data/Urban100/image_SRF_4/img_012_SRF_4_LR.png,22.536116494431294,0.6136292692255034,20.666621513321285
Urban100,img_012,detail_base,<output_root>/detail_v1d/Urban100/img_012/base.png,<benchmark_root>/selfexsr/SelfExSR-master/data/Urban100/image_SRF_4/img_012_SRF_4_HR.png,<benchmark_root>/selfexsr/SelfExSR-master/data/Urban100/image_SRF_4/img_012_SRF_4_LR.png,23.57768625933324,0.7106304940030496,21.693197233279417
Urban100,img_012,detail_v1d,<output_root>/detail_v1d/Urban100/img_012/detail.png,<benchmark_root>/selfexsr/SelfExSR-master/data/Urban100/image_SRF_4/img_012_SRF_4_HR.png,<benchmark_root>/selfexsr/SelfExSR-master/data/Urban100/image_SRF_4/img_012_SRF_4_LR.png,23.724027904057408,0.7250231690691772,21.859218371623207
Urban100,img_012,refiner_condition,<output_root>/refiner_v2/Urban100/img_012/condition.png,<benchmark_root>/selfexsr/SelfExSR-master/data/Urban100/image_SRF_4/img_012_SRF_4_HR.png,<benchmark_root>/selfexsr/SelfExSR-master/data/Urban100/image_SRF_4/img_012_SRF_4_LR.png,23.22792704779243,0.6727123404245486,21.265843893001055
Urban100,img_012,refiner_v2,<output_root>/refiner_v2/Urban100/img_012/refined.png,<benchmark_root>/selfexsr/SelfExSR-master/data/Urban100/image_SRF_4/img_012_SRF_4_HR.png,<benchmark_root>/selfexsr/SelfExSR-master/data/Urban100/image_SRF_4/img_012_SRF_4_LR.png,23.379254156863052,0.6894910284832102,21.486664403576615
Urban100,img_012,RealESRNet_x4plus,<output_root>/realesrgan/Urban100/img_012/RealESRNet_x4plus.png,<benchmark_root>/selfexsr/SelfExSR-master/data/Urban100/image_SRF_4/img_012_SRF_4_HR.png,<benchmark_root>/selfexsr/SelfExSR-master/data/Urban100/image_SRF_4/img_012_SRF_4_LR.png,23.028019058027198,0.68224808437706,20.626327122332448
Urban100,img_012,RealESRGAN_x4plus,<output_root>/realesrgan/Urban100/img_012/RealESRGAN_x4plus.png,<benchmark_root>/selfexsr/SelfExSR-master/data/Urban100/image_SRF_4/img_012_SRF_4_HR.png,<benchmark_root>/selfexsr/SelfExSR-master/data/Urban100/image_SRF_4/img_012_SRF_4_LR.png,21.54761491118293,0.6198607034907674,19.182227223764738
Urban100,img_013,bicubic,generated:matlab_bicubic_resize,<benchmark_root>/selfexsr/SelfExSR-master/data/Urban100/image_SRF_4/img_013_SRF_4_HR.png,<benchmark_root>/selfexsr/SelfExSR-master/data/Urban100/image_SRF_4/img_013_SRF_4_LR.png,26.44583405951056,0.7254128631762082,25.244462678198474
Urban100,img_013,detail_base,<output_root>/detail_v1d/Urban100/img_013/base.png,<benchmark_root>/selfexsr/SelfExSR-master/data/Urban100/image_SRF_4/img_013_SRF_4_HR.png,<benchmark_root>/selfexsr/SelfExSR-master/data/Urban100/image_SRF_4/img_013_SRF_4_LR.png,29.051014751523102,0.8252867466357164,27.699973333570064
Urban100,img_013,detail_v1d,<output_root>/detail_v1d/Urban100/img_013/detail.png,<benchmark_root>/selfexsr/SelfExSR-master/data/Urban100/image_SRF_4/img_013_SRF_4_HR.png,<benchmark_root>/selfexsr/SelfExSR-master/data/Urban100/image_SRF_4/img_013_SRF_4_LR.png,29.532127866090182,0.8408367668999266,28.12293469126525
Urban100,img_013,refiner_condition,<output_root>/refiner_v2/Urban100/img_013/condition.png,<benchmark_root>/selfexsr/SelfExSR-master/data/Urban100/image_SRF_4/img_013_SRF_4_HR.png,<benchmark_root>/selfexsr/SelfExSR-master/data/Urban100/image_SRF_4/img_013_SRF_4_LR.png,27.925380832476545,0.7846967279676386,26.611356790421695
Urban100,img_013,refiner_v2,<output_root>/refiner_v2/Urban100/img_013/refined.png,<benchmark_root>/selfexsr/SelfExSR-master/data/Urban100/image_SRF_4/img_013_SRF_4_HR.png,<benchmark_root>/selfexsr/SelfExSR-master/data/Urban100/image_SRF_4/img_013_SRF_4_LR.png,28.60253007283552,0.8071265866183943,27.282075194897008
Urban100,img_013,RealESRNet_x4plus,<output_root>/realesrgan/Urban100/img_013/RealESRNet_x4plus.png,<benchmark_root>/selfexsr/SelfExSR-master/data/Urban100/image_SRF_4/img_013_SRF_4_HR.png,<benchmark_root>/selfexsr/SelfExSR-master/data/Urban100/image_SRF_4/img_013_SRF_4_LR.png,27.846921036799017,0.7923456285593833,25.48479117856398
Urban100,img_013,RealESRGAN_x4plus,<output_root>/realesrgan/Urban100/img_013/RealESRGAN_x4plus.png,<benchmark_root>/selfexsr/SelfExSR-master/data/Urban100/image_SRF_4/img_013_SRF_4_HR.png,<benchmark_root>/selfexsr/SelfExSR-master/data/Urban100/image_SRF_4/img_013_SRF_4_LR.png,26.567393471910613,0.7523548486590952,24.13336343402978
Urban100,img_014,bicubic,generated:matlab_bicubic_resize,<benchmark_root>/selfexsr/SelfExSR-master/data/Urban100/image_SRF_4/img_014_SRF_4_HR.png,<benchmark_root>/selfexsr/SelfExSR-master/data/Urban100/image_SRF_4/img_014_SRF_4_LR.png,21.339486599437528,0.5807748130564734,20.048655752752946
Urban100,img_014,detail_base,<output_root>/detail_v1d/Urban100/img_014/base.png,<benchmark_root>/selfexsr/SelfExSR-master/data/Urban100/image_SRF_4/img_014_SRF_4_HR.png,<benchmark_root>/selfexsr/SelfExSR-master/data/Urban100/image_SRF_4/img_014_SRF_4_LR.png,22.2388112126284,0.6732357727239877,20.944492491893048
Urban100,img_014,detail_v1d,<output_root>/detail_v1d/Urban100/img_014/detail.png,<benchmark_root>/selfexsr/SelfExSR-master/data/Urban100/image_SRF_4/img_014_SRF_4_HR.png,<benchmark_root>/selfexsr/SelfExSR-master/data/Urban100/image_SRF_4/img_014_SRF_4_LR.png,22.446141249764906,0.6916363896911953,21.150527372384012
Urban100,img_014,refiner_condition,<output_root>/refiner_v2/Urban100/img_014/condition.png,<benchmark_root>/selfexsr/SelfExSR-master/data/Urban100/image_SRF_4/img_014_SRF_4_HR.png,<benchmark_root>/selfexsr/SelfExSR-master/data/Urban100/image_SRF_4/img_014_SRF_4_LR.png,21.768047746099835,0.6422985729627368,20.360563694556852
Urban100,img_014,refiner_v2,<output_root>/refiner_v2/Urban100/img_014/refined.png,<benchmark_root>/selfexsr/SelfExSR-master/data/Urban100/image_SRF_4/img_014_SRF_4_HR.png,<benchmark_root>/selfexsr/SelfExSR-master/data/Urban100/image_SRF_4/img_014_SRF_4_LR.png,22.003846212967616,0.6560040713125004,20.67362698378394
Urban100,img_014,RealESRNet_x4plus,<output_root>/realesrgan/Urban100/img_014/RealESRNet_x4plus.png,<benchmark_root>/selfexsr/SelfExSR-master/data/Urban100/image_SRF_4/img_014_SRF_4_HR.png,<benchmark_root>/selfexsr/SelfExSR-master/data/Urban100/image_SRF_4/img_014_SRF_4_LR.png,21.710247027737157,0.6708283425890444,20.3862396140806
Urban100,img_014,RealESRGAN_x4plus,<output_root>/realesrgan/Urban100/img_014/RealESRGAN_x4plus.png,<benchmark_root>/selfexsr/SelfExSR-master/data/Urban100/image_SRF_4/img_014_SRF_4_HR.png,<benchmark_root>/selfexsr/SelfExSR-master/data/Urban100/image_SRF_4/img_014_SRF_4_LR.png,20.110907851163095,0.6131213141621185,18.79043051707627
Urban100,img_015,bicubic,generated:matlab_bicubic_resize,<benchmark_root>/selfexsr/SelfExSR-master/data/Urban100/image_SRF_4/img_015_SRF_4_HR.png,<benchmark_root>/selfexsr/SelfExSR-master/data/Urban100/image_SRF_4/img_015_SRF_4_LR.png,23.002766171959212,0.60500655424017,21.7063326522903
Urban100,img_015,detail_base,<output_root>/detail_v1d/Urban100/img_015/base.png,<benchmark_root>/selfexsr/SelfExSR-master/data/Urban100/image_SRF_4/img_015_SRF_4_HR.png,<benchmark_root>/selfexsr/SelfExSR-master/data/Urban100/image_SRF_4/img_015_SRF_4_LR.png,25.665927450402876,0.7228783848966525,24.241732139842043
Urban100,img_015,detail_v1d,<output_root>/detail_v1d/Urban100/img_015/detail.png,<benchmark_root>/selfexsr/SelfExSR-master/data/Urban100/image_SRF_4/img_015_SRF_4_HR.png,<benchmark_root>/selfexsr/SelfExSR-master/data/Urban100/image_SRF_4/img_015_SRF_4_LR.png,26.24238923680761,0.7405065587288245,24.769517318114236
Urban100,img_015,refiner_condition,<output_root>/refiner_v2/Urban100/img_015/condition.png,<benchmark_root>/selfexsr/SelfExSR-master/data/Urban100/image_SRF_4/img_015_SRF_4_HR.png,<benchmark_root>/selfexsr/SelfExSR-master/data/Urban100/image_SRF_4/img_015_SRF_4_LR.png,24.526018445124187,0.6811012495165917,23.109385475108027
Urban100,img_015,refiner_v2,<output_root>/refiner_v2/Urban100/img_015/refined.png,<benchmark_root>/selfexsr/SelfExSR-master/data/Urban100/image_SRF_4/img_015_SRF_4_HR.png,<benchmark_root>/selfexsr/SelfExSR-master/data/Urban100/image_SRF_4/img_015_SRF_4_LR.png,25.120534644660815,0.7042303874450278,23.720300012555164
Urban100,img_015,RealESRNet_x4plus,<output_root>/realesrgan/Urban100/img_015/RealESRNet_x4plus.png,<benchmark_root>/selfexsr/SelfExSR-master/data/Urban100/image_SRF_4/img_015_SRF_4_HR.png,<benchmark_root>/selfexsr/SelfExSR-master/data/Urban100/image_SRF_4/img_015_SRF_4_LR.png,24.688251649636843,0.6880671549565529,22.85878450866399
Urban100,img_015,RealESRGAN_x4plus,<output_root>/realesrgan/Urban100/img_015/RealESRGAN_x4plus.png,<benchmark_root>/selfexsr/SelfExSR-master/data/Urban100/image_SRF_4/img_015_SRF_4_HR.png,<benchmark_root>/selfexsr/SelfExSR-master/data/Urban100/image_SRF_4/img_015_SRF_4_LR.png,23.37466125755811,0.6530988997774136,21.53035206042034
Urban100,img_016,bicubic,generated:matlab_bicubic_resize,<benchmark_root>/selfexsr/SelfExSR-master/data/Urban100/image_SRF_4/img_016_SRF_4_HR.png,<benchmark_root>/selfexsr/SelfExSR-master/data/Urban100/image_SRF_4/img_016_SRF_4_LR.png,25.472137160590236,0.8257433416558179,24.113360268811668
Urban100,img_016,detail_base,<output_root>/detail_v1d/Urban100/img_016/base.png,<benchmark_root>/selfexsr/SelfExSR-master/data/Urban100/image_SRF_4/img_016_SRF_4_HR.png,<benchmark_root>/selfexsr/SelfExSR-master/data/Urban100/image_SRF_4/img_016_SRF_4_LR.png,29.142035064186885,0.9028341158727277,27.72522850952228
Urban100,img_016,detail_v1d,<output_root>/detail_v1d/Urban100/img_016/detail.png,<benchmark_root>/selfexsr/SelfExSR-master/data/Urban100/image_SRF_4/img_016_SRF_4_HR.png,<benchmark_root>/selfexsr/SelfExSR-master/data/Urban100/image_SRF_4/img_016_SRF_4_LR.png,29.86795666763409,0.9119384184915355,28.44299866629145
Urban100,img_016,refiner_condition,<output_root>/refiner_v2/Urban100/img_016/condition.png,<benchmark_root>/selfexsr/SelfExSR-master/data/Urban100/image_SRF_4/img_016_SRF_4_HR.png,<benchmark_root>/selfexsr/SelfExSR-master/data/Urban100/image_SRF_4/img_016_SRF_4_LR.png,27.955490804064116,0.8869918920606473,26.537312694965248
Urban100,img_016,refiner_v2,<output_root>/refiner_v2/Urban100/img_016/refined.png,<benchmark_root>/selfexsr/SelfExSR-master/data/Urban100/image_SRF_4/img_016_SRF_4_HR.png,<benchmark_root>/selfexsr/SelfExSR-master/data/Urban100/image_SRF_4/img_016_SRF_4_LR.png,28.453937202846078,0.8938555547997521,27.026837447507003
Urban100,img_016,RealESRNet_x4plus,<output_root>/realesrgan/Urban100/img_016/RealESRNet_x4plus.png,<benchmark_root>/selfexsr/SelfExSR-master/data/Urban100/image_SRF_4/img_016_SRF_4_HR.png,<benchmark_root>/selfexsr/SelfExSR-master/data/Urban100/image_SRF_4/img_016_SRF_4_LR.png,27.014926908831782,0.8725666582119592,25.61011263762474
Urban100,img_016,RealESRGAN_x4plus,<output_root>/realesrgan/Urban100/img_016/RealESRGAN_x4plus.png,<benchmark_root>/selfexsr/SelfExSR-master/data/Urban100/image_SRF_4/img_016_SRF_4_HR.png,<benchmark_root>/selfexsr/SelfExSR-master/data/Urban100/image_SRF_4/img_016_SRF_4_LR.png,25.87403503755987,0.8534695204366616,24.479960876849987
Urban100,img_017,bicubic,generated:matlab_bicubic_resize,<benchmark_root>/selfexsr/SelfExSR-master/data/Urban100/image_SRF_4/img_017_SRF_4_HR.png,<benchmark_root>/selfexsr/SelfExSR-master/data/Urban100/image_SRF_4/img_017_SRF_4_LR.png,23.449101860001576,0.7141190695411981,22.02103895989201
Urban100,img_017,detail_base,<output_root>/detail_v1d/Urban100/img_017/base.png,<benchmark_root>/selfexsr/SelfExSR-master/data/Urban100/image_SRF_4/img_017_SRF_4_HR.png,<benchmark_root>/selfexsr/SelfExSR-master/data/Urban100/image_SRF_4/img_017_SRF_4_LR.png,25.229212286615233,0.8130019191928395,23.74421859615136
Urban100,img_017,detail_v1d,<output_root>/detail_v1d/Urban100/img_017/detail.png,<benchmark_root>/selfexsr/SelfExSR-master/data/Urban100/image_SRF_4/img_017_SRF_4_HR.png,<benchmark_root>/selfexsr/SelfExSR-master/data/Urban100/image_SRF_4/img_017_SRF_4_LR.png,25.604875048431957,0.8297654598638418,24.11732363227606
Urban100,img_017,refiner_condition,<output_root>/refiner_v2/Urban100/img_017/condition.png,<benchmark_root>/selfexsr/SelfExSR-master/data/Urban100/image_SRF_4/img_017_SRF_4_HR.png,<benchmark_root>/selfexsr/SelfExSR-master/data/Urban100/image_SRF_4/img_017_SRF_4_LR.png,24.5999981729791,0.7781330861549576,23.09938782627126
Urban100,img_017,refiner_v2,<output_root>/refiner_v2/Urban100/img_017/refined.png,<benchmark_root>/selfexsr/SelfExSR-master/data/Urban100/image_SRF_4/img_017_SRF_4_HR.png,<benchmark_root>/selfexsr/SelfExSR-master/data/Urban100/image_SRF_4/img_017_SRF_4_LR.png,24.764661954209277,0.7943877873475979,23.292531307123898
Urban100,img_017,RealESRNet_x4plus,<output_root>/realesrgan/Urban100/img_017/RealESRNet_x4plus.png,<benchmark_root>/selfexsr/SelfExSR-master/data/Urban100/image_SRF_4/img_017_SRF_4_HR.png,<benchmark_root>/selfexsr/SelfExSR-master/data/Urban100/image_SRF_4/img_017_SRF_4_LR.png,24.166538833043887,0.7913824480293097,22.44261542739944
Urban100,img_017,RealESRGAN_x4plus,<output_root>/realesrgan/Urban100/img_017/RealESRGAN_x4plus.png,<benchmark_root>/selfexsr/SelfExSR-master/data/Urban100/image_SRF_4/img_017_SRF_4_HR.png,<benchmark_root>/selfexsr/SelfExSR-master/data/Urban100/image_SRF_4/img_017_SRF_4_LR.png,21.310598275814797,0.6995384204920937,19.74026600691272
Urban100,img_018,bicubic,generated:matlab_bicubic_resize,<benchmark_root>/selfexsr/SelfExSR-master/data/Urban100/image_SRF_4/img_018_SRF_4_HR.png,<benchmark_root>/selfexsr/SelfExSR-master/data/Urban100/image_SRF_4/img_018_SRF_4_LR.png,24.851534571243633,0.6183057502946545,23.097980869944436
Urban100,img_018,detail_base,<output_root>/detail_v1d/Urban100/img_018/base.png,<benchmark_root>/selfexsr/SelfExSR-master/data/Urban100/image_SRF_4/img_018_SRF_4_HR.png,<benchmark_root>/selfexsr/SelfExSR-master/data/Urban100/image_SRF_4/img_018_SRF_4_LR.png,26.229151861790907,0.7016308787177477,24.4254882078297
Urban100,img_018,detail_v1d,<output_root>/detail_v1d/Urban100/img_018/detail.png,<benchmark_root>/selfexsr/SelfExSR-master/data/Urban100/image_SRF_4/img_018_SRF_4_HR.png,<benchmark_root>/selfexsr/SelfExSR-master/data/Urban100/image_SRF_4/img_018_SRF_4_LR.png,26.315984422129254,0.708268052046693,24.529568994174888
Urban100,img_018,refiner_condition,<output_root>/refiner_v2/Urban100/img_018/condition.png,<benchmark_root>/selfexsr/SelfExSR-master/data/Urban100/image_SRF_4/img_018_SRF_4_HR.png,<benchmark_root>/selfexsr/SelfExSR-master/data/Urban100/image_SRF_4/img_018_SRF_4_LR.png,25.70314864067708,0.674877449286425,23.858314196111316
Urban100,img_018,refiner_v2,<output_root>/refiner_v2/Urban100/img_018/refined.png,<benchmark_root>/selfexsr/SelfExSR-master/data/Urban100/image_SRF_4/img_018_SRF_4_HR.png,<benchmark_root>/selfexsr/SelfExSR-master/data/Urban100/image_SRF_4/img_018_SRF_4_LR.png,26.001092179712888,0.6926940422213033,24.228334393093544
Urban100,img_018,RealESRNet_x4plus,<output_root>/realesrgan/Urban100/img_018/RealESRNet_x4plus.png,<benchmark_root>/selfexsr/SelfExSR-master/data/Urban100/image_SRF_4/img_018_SRF_4_HR.png,<benchmark_root>/selfexsr/SelfExSR-master/data/Urban100/image_SRF_4/img_018_SRF_4_LR.png,25.55672479710358,0.6717196463105715,23.398754736357105
Urban100,img_018,RealESRGAN_x4plus,<output_root>/realesrgan/Urban100/img_018/RealESRGAN_x4plus.png,<benchmark_root>/selfexsr/SelfExSR-master/data/Urban100/image_SRF_4/img_018_SRF_4_HR.png,<benchmark_root>/selfexsr/SelfExSR-master/data/Urban100/image_SRF_4/img_018_SRF_4_LR.png,24.389637046269517,0.6207262292376092,22.325810314028832
Urban100,img_019,bicubic,generated:matlab_bicubic_resize,<benchmark_root>/selfexsr/SelfExSR-master/data/Urban100/image_SRF_4/img_019_SRF_4_HR.png,<benchmark_root>/selfexsr/SelfExSR-master/data/Urban100/image_SRF_4/img_019_SRF_4_LR.png,19.04144760906948,0.6518664380843459,17.699774648424395
Urban100,img_019,detail_base,<output_root>/detail_v1d/Urban100/img_019/base.png,<benchmark_root>/selfexsr/SelfExSR-master/data/Urban100/image_SRF_4/img_019_SRF_4_HR.png,<benchmark_root>/selfexsr/SelfExSR-master/data/Urban100/image_SRF_4/img_019_SRF_4_LR.png,21.049209891900706,0.7798990233362264,19.610429257731525
Urban100,img_019,detail_v1d,<output_root>/detail_v1d/Urban100/img_019/detail.png,<benchmark_root>/selfexsr/SelfExSR-master/data/Urban100/image_SRF_4/img_019_SRF_4_HR.png,<benchmark_root>/selfexsr/SelfExSR-master/data/Urban100/image_SRF_4/img_019_SRF_4_LR.png,21.588875011161363,0.7984051838814332,20.13477981830716
Urban100,img_019,refiner_condition,<output_root>/refiner_v2/Urban100/img_019/condition.png,<benchmark_root>/selfexsr/SelfExSR-master/data/Urban100/image_SRF_4/img_019_SRF_4_HR.png,<benchmark_root>/selfexsr/SelfExSR-master/data/Urban100/image_SRF_4/img_019_SRF_4_LR.png,20.274107473274917,0.7297835518224032,18.857841612478452
Urban100,img_019,refiner_v2,<output_root>/refiner_v2/Urban100/img_019/refined.png,<benchmark_root>/selfexsr/SelfExSR-master/data/Urban100/image_SRF_4/img_019_SRF_4_HR.png,<benchmark_root>/selfexsr/SelfExSR-master/data/Urban100/image_SRF_4/img_019_SRF_4_LR.png,20.677698041727666,0.7544881042806832,19.266180243164403
Urban100,img_019,RealESRNet_x4plus,<output_root>/realesrgan/Urban100/img_019/RealESRNet_x4plus.png,<benchmark_root>/selfexsr/SelfExSR-master/data/Urban100/image_SRF_4/img_019_SRF_4_HR.png,<benchmark_root>/selfexsr/SelfExSR-master/data/Urban100/image_SRF_4/img_019_SRF_4_LR.png,20.64144743557727,0.7500075032652621,19.079556859355876
Urban100,img_019,RealESRGAN_x4plus,<output_root>/realesrgan/Urban100/img_019/RealESRGAN_x4plus.png,<benchmark_root>/selfexsr/SelfExSR-master/data/Urban100/image_SRF_4/img_019_SRF_4_HR.png,<benchmark_root>/selfexsr/SelfExSR-master/data/Urban100/image_SRF_4/img_019_SRF_4_LR.png,19.140847567483604,0.7095810702984662,17.688868595567687
Urban100,img_020,bicubic,generated:matlab_bicubic_resize,<benchmark_root>/selfexsr/SelfExSR-master/data/Urban100/image_SRF_4/img_020_SRF_4_HR.png,<benchmark_root>/selfexsr/SelfExSR-master/data/Urban100/image_SRF_4/img_020_SRF_4_LR.png,20.47143042494578,0.5949958970158172,19.09909649288525
Urban100,img_020,detail_base,<output_root>/detail_v1d/Urban100/img_020/base.png,<benchmark_root>/selfexsr/SelfExSR-master/data/Urban100/image_SRF_4/img_020_SRF_4_HR.png,<benchmark_root>/selfexsr/SelfExSR-master/data/Urban100/image_SRF_4/img_020_SRF_4_LR.png,21.819436473904798,0.6990434093056287,20.447377723932945
Urban100,img_020,detail_v1d,<output_root>/detail_v1d/Urban100/img_020/detail.png,<benchmark_root>/selfexsr/SelfExSR-master/data/Urban100/image_SRF_4/img_020_SRF_4_HR.png,<benchmark_root>/selfexsr/SelfExSR-master/data/Urban100/image_SRF_4/img_020_SRF_4_LR.png,22.02470978465501,0.7118776363432496,20.655706726986445
Urban100,img_020,refiner_condition,<output_root>/refiner_v2/Urban100/img_020/condition.png,<benchmark_root>/selfexsr/SelfExSR-master/data/Urban100/image_SRF_4/img_020_SRF_4_HR.png,<benchmark_root>/selfexsr/SelfExSR-master/data/Urban100/image_SRF_4/img_020_SRF_4_LR.png,21.411800624698078,0.6623087376868517,20.02039344663657
Urban100,img_020,refiner_v2,<output_root>/refiner_v2/Urban100/img_020/refined.png,<benchmark_root>/selfexsr/SelfExSR-master/data/Urban100/image_SRF_4/img_020_SRF_4_HR.png,<benchmark_root>/selfexsr/SelfExSR-master/data/Urban100/image_SRF_4/img_020_SRF_4_LR.png,21.61614184230324,0.6839408844558647,20.240847381335865
Urban100,img_020,RealESRNet_x4plus,<output_root>/realesrgan/Urban100/img_020/RealESRNet_x4plus.png,<benchmark_root>/selfexsr/SelfExSR-master/data/Urban100/image_SRF_4/img_020_SRF_4_HR.png,<benchmark_root>/selfexsr/SelfExSR-master/data/Urban100/image_SRF_4/img_020_SRF_4_LR.png,21.42578886399566,0.6822650610155531,19.936635052623867
Urban100,img_020,RealESRGAN_x4plus,<output_root>/realesrgan/Urban100/img_020/RealESRGAN_x4plus.png,<benchmark_root>/selfexsr/SelfExSR-master/data/Urban100/image_SRF_4/img_020_SRF_4_HR.png,<benchmark_root>/selfexsr/SelfExSR-master/data/Urban100/image_SRF_4/img_020_SRF_4_LR.png,19.34882478374387,0.5984349620383349,17.911462856380695
Urban100,img_021,bicubic,generated:matlab_bicubic_resize,<benchmark_root>/selfexsr/SelfExSR-master/data/Urban100/image_SRF_4/img_021_SRF_4_HR.png,<benchmark_root>/selfexsr/SelfExSR-master/data/Urban100/image_SRF_4/img_021_SRF_4_LR.png,27.735499361159384,0.7207112520844714,26.336831057074292
Urban100,img_021,detail_base,<output_root>/detail_v1d/Urban100/img_021/base.png,<benchmark_root>/selfexsr/SelfExSR-master/data/Urban100/image_SRF_4/img_021_SRF_4_HR.png,<benchmark_root>/selfexsr/SelfExSR-master/data/Urban100/image_SRF_4/img_021_SRF_4_LR.png,29.367742663147204,0.7797653522160606,27.97125668621412
Urban100,img_021,detail_v1d,<output_root>/detail_v1d/Urban100/img_021/detail.png,<benchmark_root>/selfexsr/SelfExSR-master/data/Urban100/image_SRF_4/img_021_SRF_4_HR.png,<benchmark_root>/selfexsr/SelfExSR-master/data/Urban100/image_SRF_4/img_021_SRF_4_LR.png,29.654786482558432,0.7888161954765391,28.245303573152935
Urban100,img_021,refiner_condition,<output_root>/refiner_v2/Urban100/img_021/condition.png,<benchmark_root>/selfexsr/SelfExSR-master/data/Urban100/image_SRF_4/img_021_SRF_4_HR.png,<benchmark_root>/selfexsr/SelfExSR-master/data/Urban100/image_SRF_4/img_021_SRF_4_LR.png,28.472144498544303,0.7611441572108082,26.94449388920323
Urban100,img_021,refiner_v2,<output_root>/refiner_v2/Urban100/img_021/refined.png,<benchmark_root>/selfexsr/SelfExSR-master/data/Urban100/image_SRF_4/img_021_SRF_4_HR.png,<benchmark_root>/selfexsr/SelfExSR-master/data/Urban100/image_SRF_4/img_021_SRF_4_LR.png,28.919607118936874,0.7688934043252085,27.525170685020292
Urban100,img_021,RealESRNet_x4plus,<output_root>/realesrgan/Urban100/img_021/RealESRNet_x4plus.png,<benchmark_root>/selfexsr/SelfExSR-master/data/Urban100/image_SRF_4/img_021_SRF_4_HR.png,<benchmark_root>/selfexsr/SelfExSR-master/data/Urban100/image_SRF_4/img_021_SRF_4_LR.png,28.633412787411004,0.7597693221872903,26.95336803730718
Urban100,img_021,RealESRGAN_x4plus,<output_root>/realesrgan/Urban100/img_021/RealESRGAN_x4plus.png,<benchmark_root>/selfexsr/SelfExSR-master/data/Urban100/image_SRF_4/img_021_SRF_4_HR.png,<benchmark_root>/selfexsr/SelfExSR-master/data/Urban100/image_SRF_4/img_021_SRF_4_LR.png,25.976924222894525,0.7067745618088004,24.443448090600384
Urban100,img_022,bicubic,generated:matlab_bicubic_resize,<benchmark_root>/selfexsr/SelfExSR-master/data/Urban100/image_SRF_4/img_022_SRF_4_HR.png,<benchmark_root>/selfexsr/SelfExSR-master/data/Urban100/image_SRF_4/img_022_SRF_4_LR.png,25.082862403988138,0.6928358011919832,23.75551337537223
Urban100,img_022,detail_base,<output_root>/detail_v1d/Urban100/img_022/base.png,<benchmark_root>/selfexsr/SelfExSR-master/data/Urban100/image_SRF_4/img_022_SRF_4_HR.png,<benchmark_root>/selfexsr/SelfExSR-master/data/Urban100/image_SRF_4/img_022_SRF_4_LR.png,25.90568995983567,0.7475538861950213,24.56711750647048
Urban100,img_022,detail_v1d,<output_root>/detail_v1d/Urban100/img_022/detail.png,<benchmark_root>/selfexsr/SelfExSR-master/data/Urban100/image_SRF_4/img_022_SRF_4_HR.png,<benchmark_root>/selfexsr/SelfExSR-master/data/Urban100/image_SRF_4/img_022_SRF_4_LR.png,25.982203202609746,0.7536807466654287,24.64276833568546
Urban100,img_022,refiner_condition,<output_root>/refiner_v2/Urban100/img_022/condition.png,<benchmark_root>/selfexsr/SelfExSR-master/data/Urban100/image_SRF_4/img_022_SRF_4_HR.png,<benchmark_root>/selfexsr/SelfExSR-master/data/Urban100/image_SRF_4/img_022_SRF_4_LR.png,25.648287343963187,0.7303252630817686,24.29836135887013
Urban100,img_022,refiner_v2,<output_root>/refiner_v2/Urban100/img_022/refined.png,<benchmark_root>/selfexsr/SelfExSR-master/data/Urban100/image_SRF_4/img_022_SRF_4_HR.png,<benchmark_root>/selfexsr/SelfExSR-master/data/Urban100/image_SRF_4/img_022_SRF_4_LR.png,25.77076618354483,0.7407294145268362,24.436456145139832
Urban100,img_022,RealESRNet_x4plus,<output_root>/realesrgan/Urban100/img_022/RealESRNet_x4plus.png,<benchmark_root>/selfexsr/SelfExSR-master/data/Urban100/image_SRF_4/img_022_SRF_4_HR.png,<benchmark_root>/selfexsr/SelfExSR-master/data/Urban100/image_SRF_4/img_022_SRF_4_LR.png,25.537965921909347,0.7330547180235493,24.08659236137193
Urban100,img_022,RealESRGAN_x4plus,<output_root>/realesrgan/Urban100/img_022/RealESRGAN_x4plus.png,<benchmark_root>/selfexsr/SelfExSR-master/data/Urban100/image_SRF_4/img_022_SRF_4_HR.png,<benchmark_root>/selfexsr/SelfExSR-master/data/Urban100/image_SRF_4/img_022_SRF_4_LR.png,23.84507480940275,0.690151140941877,22.438956415633843
Urban100,img_023,bicubic,generated:matlab_bicubic_resize,<benchmark_root>/selfexsr/SelfExSR-master/data/Urban100/image_SRF_4/img_023_SRF_4_HR.png,<benchmark_root>/selfexsr/SelfExSR-master/data/Urban100/image_SRF_4/img_023_SRF_4_LR.png,26.437912811680576,0.8046619030325985,24.787371565806126
Urban100,img_023,detail_base,<output_root>/detail_v1d/Urban100/img_023/base.png,<benchmark_root>/selfexsr/SelfExSR-master/data/Urban100/image_SRF_4/img_023_SRF_4_HR.png,<benchmark_root>/selfexsr/SelfExSR-master/data/Urban100/image_SRF_4/img_023_SRF_4_LR.png,29.268689909353142,0.8908377249876837,27.491700262426427
Urban100,img_023,detail_v1d,<output_root>/detail_v1d/Urban100/img_023/detail.png,<benchmark_root>/selfexsr/SelfExSR-master/data/Urban100/image_SRF_4/img_023_SRF_4_HR.png,<benchmark_root>/selfexsr/SelfExSR-master/data/Urban100/image_SRF_4/img_023_SRF_4_LR.png,29.747783383134543,0.900527365705621,27.9457085683574
Urban100,img_023,refiner_condition,<output_root>/refiner_v2/Urban100/img_023/condition.png,<benchmark_root>/selfexsr/SelfExSR-master/data/Urban100/image_SRF_4/img_023_SRF_4_HR.png,<benchmark_root>/selfexsr/SelfExSR-master/data/Urban100/image_SRF_4/img_023_SRF_4_LR.png,27.98437004923973,0.858914775258871,26.066482968828208
Urban100,img_023,refiner_v2,<output_root>/refiner_v2/Urban100/img_023/refined.png,<benchmark_root>/selfexsr/SelfExSR-master/data/Urban100/image_SRF_4/img_023_SRF_4_HR.png,<benchmark_root>/selfexsr/SelfExSR-master/data/Urban100/image_SRF_4/img_023_SRF_4_LR.png,28.528822211729054,0.8723928511424671,26.728967377306894
Urban100,img_023,RealESRNet_x4plus,<output_root>/realesrgan/Urban100/img_023/RealESRNet_x4plus.png,<benchmark_root>/selfexsr/SelfExSR-master/data/Urban100/image_SRF_4/img_023_SRF_4_HR.png,<benchmark_root>/selfexsr/SelfExSR-master/data/Urban100/image_SRF_4/img_023_SRF_4_LR.png,26.279822648215372,0.8472468773955508,23.498946310985094
Urban100,img_023,RealESRGAN_x4plus,<output_root>/realesrgan/Urban100/img_023/RealESRGAN_x4plus.png,<benchmark_root>/selfexsr/SelfExSR-master/data/Urban100/image_SRF_4/img_023_SRF_4_HR.png,<benchmark_root>/selfexsr/SelfExSR-master/data/Urban100/image_SRF_4/img_023_SRF_4_LR.png,23.126726876407695,0.7840081737914694,20.740287234632664
Urban100,img_024,bicubic,generated:matlab_bicubic_resize,<benchmark_root>/selfexsr/SelfExSR-master/data/Urban100/image_SRF_4/img_024_SRF_4_HR.png,<benchmark_root>/selfexsr/SelfExSR-master/data/Urban100/image_SRF_4/img_024_SRF_4_LR.png,18.140174179153,0.45926104901959813,16.82093152536217
Urban100,img_024,detail_base,<output_root>/detail_v1d/Urban100/img_024/base.png,<benchmark_root>/selfexsr/SelfExSR-master/data/Urban100/image_SRF_4/img_024_SRF_4_HR.png,<benchmark_root>/selfexsr/SelfExSR-master/data/Urban100/image_SRF_4/img_024_SRF_4_LR.png,19.532829171337013,0.6019648050209776,18.181225557316306
Urban100,img_024,detail_v1d,<output_root>/detail_v1d/Urban100/img_024/detail.png,<benchmark_root>/selfexsr/SelfExSR-master/data/Urban100/image_SRF_4/img_024_SRF_4_HR.png,<benchmark_root>/selfexsr/SelfExSR-master/data/Urban100/image_SRF_4/img_024_SRF_4_LR.png,19.732035885201288,0.6198559016189572,18.380007308637353
Urban100,img_024,refiner_condition,<output_root>/refiner_v2/Urban100/img_024/condition.png,<benchmark_root>/selfexsr/SelfExSR-master/data/Urban100/image_SRF_4/img_024_SRF_4_HR.png,<benchmark_root>/selfexsr/SelfExSR-master/data/Urban100/image_SRF_4/img_024_SRF_4_LR.png,19.194924848945607,0.5566879050268825,17.83140836637918
Urban100,img_024,refiner_v2,<output_root>/refiner_v2/Urban100/img_024/refined.png,<benchmark_root>/selfexsr/SelfExSR-master/data/Urban100/image_SRF_4/img_024_SRF_4_HR.png,<benchmark_root>/selfexsr/SelfExSR-master/data/Urban100/image_SRF_4/img_024_SRF_4_LR.png,19.426945575424167,0.582788532760727,18.078116830397548
Urban100,img_024,RealESRNet_x4plus,<output_root>/realesrgan/Urban100/img_024/RealESRNet_x4plus.png,<benchmark_root>/selfexsr/SelfExSR-master/data/Urban100/image_SRF_4/img_024_SRF_4_HR.png,<benchmark_root>/selfexsr/SelfExSR-master/data/Urban100/image_SRF_4/img_024_SRF_4_LR.png,19.286228830300562,0.5817269757679956,17.817609624725044
Urban100,img_024,RealESRGAN_x4plus,<output_root>/realesrgan/Urban100/img_024/RealESRGAN_x4plus.png,<benchmark_root>/selfexsr/SelfExSR-master/data/Urban100/image_SRF_4/img_024_SRF_4_HR.png,<benchmark_root>/selfexsr/SelfExSR-master/data/Urban100/image_SRF_4/img_024_SRF_4_LR.png,18.665785963753805,0.5539214699033934,17.237963092420294
Urban100,img_025,bicubic,generated:matlab_bicubic_resize,<benchmark_root>/selfexsr/SelfExSR-master/data/Urban100/image_SRF_4/img_025_SRF_4_HR.png,<benchmark_root>/selfexsr/SelfExSR-master/data/Urban100/image_SRF_4/img_025_SRF_4_LR.png,26.168014348225917,0.8009403041606461,24.845806912334307
Urban100,img_025,detail_base,<output_root>/detail_v1d/Urban100/img_025/base.png,<benchmark_root>/selfexsr/SelfExSR-master/data/Urban100/image_SRF_4/img_025_SRF_4_HR.png,<benchmark_root>/selfexsr/SelfExSR-master/data/Urban100/image_SRF_4/img_025_SRF_4_LR.png,31.493894428545836,0.8935386861681122,30.023593096962617
Urban100,img_025,detail_v1d,<output_root>/detail_v1d/Urban100/img_025/detail.png,<benchmark_root>/selfexsr/SelfExSR-master/data/Urban100/image_SRF_4/img_025_SRF_4_HR.png,<benchmark_root>/selfexsr/SelfExSR-master/data/Urban100/image_SRF_4/img_025_SRF_4_LR.png,32.28477097762261,0.9041384199449214,30.76644382153475
Urban100,img_025,refiner_condition,<output_root>/refiner_v2/Urban100/img_025/condition.png,<benchmark_root>/selfexsr/SelfExSR-master/data/Urban100/image_SRF_4/img_025_SRF_4_HR.png,<benchmark_root>/selfexsr/SelfExSR-master/data/Urban100/image_SRF_4/img_025_SRF_4_LR.png,29.662361468818908,0.8689485716085201,28.121825122017853
Urban100,img_025,refiner_v2,<output_root>/refiner_v2/Urban100/img_025/refined.png,<benchmark_root>/selfexsr/SelfExSR-master/data/Urban100/image_SRF_4/img_025_SRF_4_HR.png,<benchmark_root>/selfexsr/SelfExSR-master/data/Urban100/image_SRF_4/img_025_SRF_4_LR.png,30.76023487482505,0.8832416793424208,29.31188543245632
Urban100,img_025,RealESRNet_x4plus,<output_root>/realesrgan/Urban100/img_025/RealESRNet_x4plus.png,<benchmark_root>/selfexsr/SelfExSR-master/data/Urban100/image_SRF_4/img_025_SRF_4_HR.png,<benchmark_root>/selfexsr/SelfExSR-master/data/Urban100/image_SRF_4/img_025_SRF_4_LR.png,27.272472840318436,0.8296512358413586,25.852864994275926
Urban100,img_025,RealESRGAN_x4plus,<output_root>/realesrgan/Urban100/img_025/RealESRGAN_x4plus.png,<benchmark_root>/selfexsr/SelfExSR-master/data/Urban100/image_SRF_4/img_025_SRF_4_HR.png,<benchmark_root>/selfexsr/SelfExSR-master/data/Urban100/image_SRF_4/img_025_SRF_4_LR.png,26.921353411000453,0.8271300629723521,25.427805266218627
Urban100,img_026,bicubic,generated:matlab_bicubic_resize,<benchmark_root>/selfexsr/SelfExSR-master/data/Urban100/image_SRF_4/img_026_SRF_4_HR.png,<benchmark_root>/selfexsr/SelfExSR-master/data/Urban100/image_SRF_4/img_026_SRF_4_LR.png,25.468174238299003,0.6153236323313762,24.082437383122645
Urban100,img_026,detail_base,<output_root>/detail_v1d/Urban100/img_026/base.png,<benchmark_root>/selfexsr/SelfExSR-master/data/Urban100/image_SRF_4/img_026_SRF_4_HR.png,<benchmark_root>/selfexsr/SelfExSR-master/data/Urban100/image_SRF_4/img_026_SRF_4_LR.png,27.61169150421574,0.6929806268786428,26.157750000977874
Urban100,img_026,detail_v1d,<output_root>/detail_v1d/Urban100/img_026/detail.png,<benchmark_root>/selfexsr/SelfExSR-master/data/Urban100/image_SRF_4/img_026_SRF_4_HR.png,<benchmark_root>/selfexsr/SelfExSR-master/data/Urban100/image_SRF_4/img_026_SRF_4_LR.png,27.975257317320224,0.7067709065345785,26.50551671207107
Urban100,img_026,refiner_condition,<output_root>/refiner_v2/Urban100/img_026/condition.png,<benchmark_root>/selfexsr/SelfExSR-master/data/Urban100/image_SRF_4/img_026_SRF_4_HR.png,<benchmark_root>/selfexsr/SelfExSR-master/data/Urban100/image_SRF_4/img_026_SRF_4_LR.png,26.513889107362715,0.6462161081948841,24.97859968082551
Urban100,img_026,refiner_v2,<output_root>/refiner_v2/Urban100/img_026/refined.png,<benchmark_root>/selfexsr/SelfExSR-master/data/Urban100/image_SRF_4/img_026_SRF_4_HR.png,<benchmark_root>/selfexsr/SelfExSR-master/data/Urban100/image_SRF_4/img_026_SRF_4_LR.png,26.9574341411758,0.6609672118669205,25.52841496636328
Urban100,img_026,RealESRNet_x4plus,<output_root>/realesrgan/Urban100/img_026/RealESRNet_x4plus.png,<benchmark_root>/selfexsr/SelfExSR-master/data/Urban100/image_SRF_4/img_026_SRF_4_HR.png,<benchmark_root>/selfexsr/SelfExSR-master/data/Urban100/image_SRF_4/img_026_SRF_4_LR.png,27.457929191910505,0.692209661999152,25.90373572570912
Urban100,img_026,RealESRGAN_x4plus,<output_root>/realesrgan/Urban100/img_026/RealESRGAN_x4plus.png,<benchmark_root>/selfexsr/SelfExSR-master/data/Urban100/image_SRF_4/img_026_SRF_4_HR.png,<benchmark_root>/selfexsr/SelfExSR-master/data/Urban100/image_SRF_4/img_026_SRF_4_LR.png,26.351803729429932,0.6636296822183027,24.79545130889949
Urban100,img_027,bicubic,generated:matlab_bicubic_resize,<benchmark_root>/selfexsr/SelfExSR-master/data/Urban100/image_SRF_4/img_027_SRF_4_HR.png,<benchmark_root>/selfexsr/SelfExSR-master/data/Urban100/image_SRF_4/img_027_SRF_4_LR.png,26.571111713129145,0.722375305655982,25.350413226721493
Urban100,img_027,detail_base,<output_root>/detail_v1d/Urban100/img_027/base.png,<benchmark_root>/selfexsr/SelfExSR-master/data/Urban100/image_SRF_4/img_027_SRF_4_HR.png,<benchmark_root>/selfexsr/SelfExSR-master/data/Urban100/image_SRF_4/img_027_SRF_4_LR.png,28.0783571697801,0.7886689162015579,26.849064143427928
Urban100,img_027,detail_v1d,<output_root>/detail_v1d/Urban100/img_027/detail.png,<benchmark_root>/selfexsr/SelfExSR-master/data/Urban100/image_SRF_4/img_027_SRF_4_HR.png,<benchmark_root>/selfexsr/SelfExSR-master/data/Urban100/image_SRF_4/img_027_SRF_4_LR.png,28.306227507994603,0.7970207618126119,27.07649028790034
Urban100,img_027,refiner_condition,<output_root>/refiner_v2/Urban100/img_027/condition.png,<benchmark_root>/selfexsr/SelfExSR-master/data/Urban100/image_SRF_4/img_027_SRF_4_HR.png,<benchmark_root>/selfexsr/SelfExSR-master/data/Urban100/image_SRF_4/img_027_SRF_4_LR.png,27.578453229779495,0.7705498178154776,26.282949198832426
Urban100,img_027,refiner_v2,<output_root>/refiner_v2/Urban100/img_027/refined.png,<benchmark_root>/selfexsr/SelfExSR-master/data/Urban100/image_SRF_4/img_027_SRF_4_HR.png,<benchmark_root>/selfexsr/SelfExSR-master/data/Urban100/image_SRF_4/img_027_SRF_4_LR.png,27.75059760604004,0.778786799757243,26.516600341803258
Urban100,img_027,RealESRNet_x4plus,<output_root>/realesrgan/Urban100/img_027/RealESRNet_x4plus.png,<benchmark_root>/selfexsr/SelfExSR-master/data/Urban100/image_SRF_4/img_027_SRF_4_HR.png,<benchmark_root>/selfexsr/SelfExSR-master/data/Urban100/image_SRF_4/img_027_SRF_4_LR.png,27.665100137278287,0.774111282218535,26.379692939398232
Urban100,img_027,RealESRGAN_x4plus,<output_root>/realesrgan/Urban100/img_027/RealESRGAN_x4plus.png,<benchmark_root>/selfexsr/SelfExSR-master/data/Urban100/image_SRF_4/img_027_SRF_4_HR.png,<benchmark_root>/selfexsr/SelfExSR-master/data/Urban100/image_SRF_4/img_027_SRF_4_LR.png,26.597499783568914,0.7400830761426428,25.277122187007137
Urban100,img_028,bicubic,generated:matlab_bicubic_resize,<benchmark_root>/selfexsr/SelfExSR-master/data/Urban100/image_SRF_4/img_028_SRF_4_HR.png,<benchmark_root>/selfexsr/SelfExSR-master/data/Urban100/image_SRF_4/img_028_SRF_4_LR.png,28.47685602262951,0.8123672591345243,27.154934710752773
Urban100,img_028,detail_base,<output_root>/detail_v1d/Urban100/img_028/base.png,<benchmark_root>/selfexsr/SelfExSR-master/data/Urban100/image_SRF_4/img_028_SRF_4_HR.png,<benchmark_root>/selfexsr/SelfExSR-master/data/Urban100/image_SRF_4/img_028_SRF_4_LR.png,31.12345538494096,0.8713633016370697,29.78839082079301
Urban100,img_028,detail_v1d,<output_root>/detail_v1d/Urban100/img_028/detail.png,<benchmark_root>/selfexsr/SelfExSR-master/data/Urban100/image_SRF_4/img_028_SRF_4_HR.png,<benchmark_root>/selfexsr/SelfExSR-master/data/Urban100/image_SRF_4/img_028_SRF_4_LR.png,31.42462278512122,0.8771006944596574,30.088446736392335
Urban100,img_028,refiner_condition,<output_root>/refiner_v2/Urban100/img_028/condition.png,<benchmark_root>/selfexsr/SelfExSR-master/data/Urban100/image_SRF_4/img_028_SRF_4_HR.png,<benchmark_root>/selfexsr/SelfExSR-master/data/Urban100/image_SRF_4/img_028_SRF_4_LR.png,30.237688212673916,0.8550645297563311,28.86041491212135
Urban100,img_028,refiner_v2,<output_root>/refiner_v2/Urban100/img_028/refined.png,<benchmark_root>/selfexsr/SelfExSR-master/data/Urban100/image_SRF_4/img_028_SRF_4_HR.png,<benchmark_root>/selfexsr/SelfExSR-master/data/Urban100/image_SRF_4/img_028_SRF_4_LR.png,30.49751310222382,0.85985175276205,29.166082626395216
Urban100,img_028,RealESRNet_x4plus,<output_root>/realesrgan/Urban100/img_028/RealESRNet_x4plus.png,<benchmark_root>/selfexsr/SelfExSR-master/data/Urban100/image_SRF_4/img_028_SRF_4_HR.png,<benchmark_root>/selfexsr/SelfExSR-master/data/Urban100/image_SRF_4/img_028_SRF_4_LR.png,30.31771717132902,0.8550182741286066,28.97737689771478
Urban100,img_028,RealESRGAN_x4plus,<output_root>/realesrgan/Urban100/img_028/RealESRGAN_x4plus.png,<benchmark_root>/selfexsr/SelfExSR-master/data/Urban100/image_SRF_4/img_028_SRF_4_HR.png,<benchmark_root>/selfexsr/SelfExSR-master/data/Urban100/image_SRF_4/img_028_SRF_4_LR.png,29.341314790601874,0.8401501819468664,28.013520934636354
Urban100,img_029,bicubic,generated:matlab_bicubic_resize,<benchmark_root>/selfexsr/SelfExSR-master/data/Urban100/image_SRF_4/img_029_SRF_4_HR.png,<benchmark_root>/selfexsr/SelfExSR-master/data/Urban100/image_SRF_4/img_029_SRF_4_LR.png,22.79958062053137,0.7110182465975007,21.490713410403337
Urban100,img_029,detail_base,<output_root>/detail_v1d/Urban100/img_029/base.png,<benchmark_root>/selfexsr/SelfExSR-master/data/Urban100/image_SRF_4/img_029_SRF_4_HR.png,<benchmark_root>/selfexsr/SelfExSR-master/data/Urban100/image_SRF_4/img_029_SRF_4_LR.png,26.602022236643762,0.8538034342441837,25.219386758385394
Urban100,img_029,detail_v1d,<output_root>/detail_v1d/Urban100/img_029/detail.png,<benchmark_root>/selfexsr/SelfExSR-master/data/Urban100/image_SRF_4/img_029_SRF_4_HR.png,<benchmark_root>/selfexsr/SelfExSR-master/data/Urban100/image_SRF_4/img_029_SRF_4_LR.png,27.199761270824816,0.8700592643358552,25.802724838632564
Urban100,img_029,refiner_condition,<output_root>/refiner_v2/Urban100/img_029/condition.png,<benchmark_root>/selfexsr/SelfExSR-master/data/Urban100/image_SRF_4/img_029_SRF_4_HR.png,<benchmark_root>/selfexsr/SelfExSR-master/data/Urban100/image_SRF_4/img_029_SRF_4_LR.png,25.10342185060262,0.8050230982434261,23.676131872570902
Urban100,img_029,refiner_v2,<output_root>/refiner_v2/Urban100/img_029/refined.png,<benchmark_root>/selfexsr/SelfExSR-master/data/Urban100/image_SRF_4/img_029_SRF_4_HR.png,<benchmark_root>/selfexsr/SelfExSR-master/data/Urban100/image_SRF_4/img_029_SRF_4_LR.png,25.704771765629705,0.8240502723752963,24.344014237253823
Urban100,img_029,RealESRNet_x4plus,<output_root>/realesrgan/Urban100/img_029/RealESRNet_x4plus.png,<benchmark_root>/selfexsr/SelfExSR-master/data/Urban100/image_SRF_4/img_029_SRF_4_HR.png,<benchmark_root>/selfexsr/SelfExSR-master/data/Urban100/image_SRF_4/img_029_SRF_4_LR.png,25.15598488659049,0.8147930540972943,23.6373647428185
Urban100,img_029,RealESRGAN_x4plus,<output_root>/realesrgan/Urban100/img_029/RealESRGAN_x4plus.png,<benchmark_root>/selfexsr/SelfExSR-master/data/Urban100/image_SRF_4/img_029_SRF_4_HR.png,<benchmark_root>/selfexsr/SelfExSR-master/data/Urban100/image_SRF_4/img_029_SRF_4_LR.png,24.254587385359695,0.7869424091008169,22.69845723301193
Urban100,img_030,bicubic,generated:matlab_bicubic_resize,<benchmark_root>/selfexsr/SelfExSR-master/data/Urban100/image_SRF_4/img_030_SRF_4_HR.png,<benchmark_root>/selfexsr/SelfExSR-master/data/Urban100/image_SRF_4/img_030_SRF_4_LR.png,21.64530328657936,0.6249268923872517,19.984138515071017
Urban100,img_030,detail_base,<output_root>/detail_v1d/Urban100/img_030/base.png,<benchmark_root>/selfexsr/SelfExSR-master/data/Urban100/image_SRF_4/img_030_SRF_4_HR.png,<benchmark_root>/selfexsr/SelfExSR-master/data/Urban100/image_SRF_4/img_030_SRF_4_LR.png,23.90416007309284,0.7774673069868228,22.110632979381315
Urban100,img_030,detail_v1d,<output_root>/detail_v1d/Urban100/img_030/detail.png,<benchmark_root>/selfexsr/SelfExSR-master/data/Urban100/image_SRF_4/img_030_SRF_4_HR.png,<benchmark_root>/selfexsr/SelfExSR-master/data/Urban100/image_SRF_4/img_030_SRF_4_LR.png,24.304071548479627,0.8001715550533562,22.504603576900514
Urban100,img_030,refiner_condition,<output_root>/refiner_v2/Urban100/img_030/condition.png,<benchmark_root>/selfexsr/SelfExSR-master/data/Urban100/image_SRF_4/img_030_SRF_4_HR.png,<benchmark_root>/selfexsr/SelfExSR-master/data/Urban100/image_SRF_4/img_030_SRF_4_LR.png,23.043359969939033,0.7356696725583879,21.165616133510696
Urban100,img_030,refiner_v2,<output_root>/refiner_v2/Urban100/img_030/refined.png,<benchmark_root>/selfexsr/SelfExSR-master/data/Urban100/image_SRF_4/img_030_SRF_4_HR.png,<benchmark_root>/selfexsr/SelfExSR-master/data/Urban100/image_SRF_4/img_030_SRF_4_LR.png,23.344312522579536,0.7534251421549952,21.573894049920707
Urban100,img_030,RealESRNet_x4plus,<output_root>/realesrgan/Urban100/img_030/RealESRNet_x4plus.png,<benchmark_root>/selfexsr/SelfExSR-master/data/Urban100/image_SRF_4/img_030_SRF_4_HR.png,<benchmark_root>/selfexsr/SelfExSR-master/data/Urban100/image_SRF_4/img_030_SRF_4_LR.png,22.546722798430263,0.7551250949293565,20.588147162956005
Urban100,img_030,RealESRGAN_x4plus,<output_root>/realesrgan/Urban100/img_030/RealESRGAN_x4plus.png,<benchmark_root>/selfexsr/SelfExSR-master/data/Urban100/image_SRF_4/img_030_SRF_4_HR.png,<benchmark_root>/selfexsr/SelfExSR-master/data/Urban100/image_SRF_4/img_030_SRF_4_LR.png,19.77541176806025,0.6574073409628148,18.100541070123143
Urban100,img_031,bicubic,generated:matlab_bicubic_resize,<benchmark_root>/selfexsr/SelfExSR-master/data/Urban100/image_SRF_4/img_031_SRF_4_HR.png,<benchmark_root>/selfexsr/SelfExSR-master/data/Urban100/image_SRF_4/img_031_SRF_4_LR.png,22.79683221903957,0.6870075042678402,21.391999868687815
Urban100,img_031,detail_base,<output_root>/detail_v1d/Urban100/img_031/base.png,<benchmark_root>/selfexsr/SelfExSR-master/data/Urban100/image_SRF_4/img_031_SRF_4_HR.png,<benchmark_root>/selfexsr/SelfExSR-master/data/Urban100/image_SRF_4/img_031_SRF_4_LR.png,23.779310443564974,0.7638053812139372,22.344242055060302
Urban100,img_031,detail_v1d,<output_root>/detail_v1d/Urban100/img_031/detail.png,<benchmark_root>/selfexsr/SelfExSR-master/data/Urban100/image_SRF_4/img_031_SRF_4_HR.png,<benchmark_root>/selfexsr/SelfExSR-master/data/Urban100/image_SRF_4/img_031_SRF_4_LR.png,23.934316013437886,0.7738835177314562,22.500389584275755
Urban100,img_031,refiner_condition,<output_root>/refiner_v2/Urban100/img_031/condition.png,<benchmark_root>/selfexsr/SelfExSR-master/data/Urban100/image_SRF_4/img_031_SRF_4_HR.png,<benchmark_root>/selfexsr/SelfExSR-master/data/Urban100/image_SRF_4/img_031_SRF_4_LR.png,23.43520821134572,0.7364765040820083,21.996802484054125
Urban100,img_031,refiner_v2,<output_root>/refiner_v2/Urban100/img_031/refined.png,<benchmark_root>/selfexsr/SelfExSR-master/data/Urban100/image_SRF_4/img_031_SRF_4_HR.png,<benchmark_root>/selfexsr/SelfExSR-master/data/Urban100/image_SRF_4/img_031_SRF_4_LR.png,23.625659679640552,0.7523883522931805,22.19459461564123
Urban100,img_031,RealESRNet_x4plus,<output_root>/realesrgan/Urban100/img_031/RealESRNet_x4plus.png,<benchmark_root>/selfexsr/SelfExSR-master/data/Urban100/image_SRF_4/img_031_SRF_4_HR.png,<benchmark_root>/selfexsr/SelfExSR-master/data/Urban100/image_SRF_4/img_031_SRF_4_LR.png,23.321820679277167,0.7364034949478127,21.81157111435261
Urban100,img_031,RealESRGAN_x4plus,<output_root>/realesrgan/Urban100/img_031/RealESRGAN_x4plus.png,<benchmark_root>/selfexsr/SelfExSR-master/data/Urban100/image_SRF_4/img_031_SRF_4_HR.png,<benchmark_root>/selfexsr/SelfExSR-master/data/Urban100/image_SRF_4/img_031_SRF_4_LR.png,22.098422187345925,0.7027375094009124,20.616890556680467
Urban100,img_032,bicubic,generated:matlab_bicubic_resize,<benchmark_root>/selfexsr/SelfExSR-master/data/Urban100/image_SRF_4/img_032_SRF_4_HR.png,<benchmark_root>/selfexsr/SelfExSR-master/data/Urban100/image_SRF_4/img_032_SRF_4_LR.png,26.00785081222884,0.7514998473682752,24.597136549902846
Urban100,img_032,detail_base,<output_root>/detail_v1d/Urban100/img_032/base.png,<benchmark_root>/selfexsr/SelfExSR-master/data/Urban100/image_SRF_4/img_032_SRF_4_HR.png,<benchmark_root>/selfexsr/SelfExSR-master/data/Urban100/image_SRF_4/img_032_SRF_4_LR.png,28.577038796177177,0.8383010735933193,27.039440085499017
Urban100,img_032,detail_v1d,<output_root>/detail_v1d/Urban100/img_032/detail.png,<benchmark_root>/selfexsr/SelfExSR-master/data/Urban100/image_SRF_4/img_032_SRF_4_HR.png,<benchmark_root>/selfexsr/SelfExSR-master/data/Urban100/image_SRF_4/img_032_SRF_4_LR.png,28.854159475103906,0.848481591285247,27.30770455033109
Urban100,img_032,refiner_condition,<output_root>/refiner_v2/Urban100/img_032/condition.png,<benchmark_root>/selfexsr/SelfExSR-master/data/Urban100/image_SRF_4/img_032_SRF_4_HR.png,<benchmark_root>/selfexsr/SelfExSR-master/data/Urban100/image_SRF_4/img_032_SRF_4_LR.png,27.650704498969173,0.8078182041621381,26.146500952942226
Urban100,img_032,refiner_v2,<output_root>/refiner_v2/Urban100/img_032/refined.png,<benchmark_root>/selfexsr/SelfExSR-master/data/Urban100/image_SRF_4/img_032_SRF_4_HR.png,<benchmark_root>/selfexsr/SelfExSR-master/data/Urban100/image_SRF_4/img_032_SRF_4_LR.png,28.017397598830765,0.8198103261768777,26.528281265646335
Urban100,img_032,RealESRNet_x4plus,<output_root>/realesrgan/Urban100/img_032/RealESRNet_x4plus.png,<benchmark_root>/selfexsr/SelfExSR-master/data/Urban100/image_SRF_4/img_032_SRF_4_HR.png,<benchmark_root>/selfexsr/SelfExSR-master/data/Urban100/image_SRF_4/img_032_SRF_4_LR.png,27.531945028370785,0.8118935795716536,25.958087376267315
Urban100,img_032,RealESRGAN_x4plus,<output_root>/realesrgan/Urban100/img_032/RealESRGAN_x4plus.png,<benchmark_root>/selfexsr/SelfExSR-master/data/Urban100/image_SRF_4/img_032_SRF_4_HR.png,<benchmark_root>/selfexsr/SelfExSR-master/data/Urban100/image_SRF_4/img_032_SRF_4_LR.png,26.158453319101376,0.7860665721171693,24.56100329925654
Urban100,img_033,bicubic,generated:matlab_bicubic_resize,<benchmark_root>/selfexsr/SelfExSR-master/data/Urban100/image_SRF_4/img_033_SRF_4_HR.png,<benchmark_root>/selfexsr/SelfExSR-master/data/Urban100/image_SRF_4/img_033_SRF_4_LR.png,24.167953582777212,0.6706355854112618,22.66140686366622
Urban100,img_033,detail_base,<output_root>/detail_v1d/Urban100/img_033/base.png,<benchmark_root>/selfexsr/SelfExSR-master/data/Urban100/image_SRF_4/img_033_SRF_4_HR.png,<benchmark_root>/selfexsr/SelfExSR-master/data/Urban100/image_SRF_4/img_033_SRF_4_LR.png,26.834942659547654,0.7857737161824846,25.10357210352579
Urban100,img_033,detail_v1d,<output_root>/detail_v1d/Urban100/img_033/detail.png,<benchmark_root>/selfexsr/SelfExSR-master/data/Urban100/image_SRF_4/img_033_SRF_4_HR.png,<benchmark_root>/selfexsr/SelfExSR-master/data/Urban100/image_SRF_4/img_033_SRF_4_LR.png,27.296440068317807,0.8038637053527553,25.53209586886258
Urban100,img_033,refiner_condition,<output_root>/refiner_v2/Urban100/img_033/condition.png,<benchmark_root>/selfexsr/SelfExSR-master/data/Urban100/image_SRF_4/img_033_SRF_4_HR.png,<benchmark_root>/selfexsr/SelfExSR-master/data/Urban100/image_SRF_4/img_033_SRF_4_LR.png,25.877239315725944,0.741938751733108,24.19835731879762
Urban100,img_033,refiner_v2,<output_root>/refiner_v2/Urban100/img_033/refined.png,<benchmark_root>/selfexsr/SelfExSR-master/data/Urban100/image_SRF_4/img_033_SRF_4_HR.png,<benchmark_root>/selfexsr/SelfExSR-master/data/Urban100/image_SRF_4/img_033_SRF_4_LR.png,26.276672620277207,0.7586354198844202,24.610445951262246
Urban100,img_033,RealESRNet_x4plus,<output_root>/realesrgan/Urban100/img_033/RealESRNet_x4plus.png,<benchmark_root>/selfexsr/SelfExSR-master/data/Urban100/image_SRF_4/img_033_SRF_4_HR.png,<benchmark_root>/selfexsr/SelfExSR-master/data/Urban100/image_SRF_4/img_033_SRF_4_LR.png,25.73553757108485,0.7474536487116873,24.03120550457503
Urban100,img_033,RealESRGAN_x4plus,<output_root>/realesrgan/Urban100/img_033/RealESRGAN_x4plus.png,<benchmark_root>/selfexsr/SelfExSR-master/data/Urban100/image_SRF_4/img_033_SRF_4_HR.png,<benchmark_root>/selfexsr/SelfExSR-master/data/Urban100/image_SRF_4/img_033_SRF_4_LR.png,24.57180422719894,0.7209333074908749,22.90310501184824
Urban100,img_034,bicubic,generated:matlab_bicubic_resize,<benchmark_root>/selfexsr/SelfExSR-master/data/Urban100/image_SRF_4/img_034_SRF_4_HR.png,<benchmark_root>/selfexsr/SelfExSR-master/data/Urban100/image_SRF_4/img_034_SRF_4_LR.png,21.412567909441897,0.47979171570901513,19.597627017947644
Urban100,img_034,detail_base,<output_root>/detail_v1d/Urban100/img_034/base.png,<benchmark_root>/selfexsr/SelfExSR-master/data/Urban100/image_SRF_4/img_034_SRF_4_HR.png,<benchmark_root>/selfexsr/SelfExSR-master/data/Urban100/image_SRF_4/img_034_SRF_4_LR.png,22.890759732707323,0.5723911519517602,20.97784035616201
Urban100,img_034,detail_v1d,<output_root>/detail_v1d/Urban100/img_034/detail.png,<benchmark_root>/selfexsr/SelfExSR-master/data/Urban100/image_SRF_4/img_034_SRF_4_HR.png,<benchmark_root>/selfexsr/SelfExSR-master/data/Urban100/image_SRF_4/img_034_SRF_4_LR.png,23.06518625749337,0.5812514081074625,21.156592006308713
Urban100,img_034,refiner_condition,<output_root>/refiner_v2/Urban100/img_034/condition.png,<benchmark_root>/selfexsr/SelfExSR-master/data/Urban100/image_SRF_4/img_034_SRF_4_HR.png,<benchmark_root>/selfexsr/SelfExSR-master/data/Urban100/image_SRF_4/img_034_SRF_4_LR.png,22.40204072098439,0.5368842663619544,20.430467425483542
Urban100,img_034,refiner_v2,<output_root>/refiner_v2/Urban100/img_034/refined.png,<benchmark_root>/selfexsr/SelfExSR-master/data/Urban100/image_SRF_4/img_034_SRF_4_HR.png,<benchmark_root>/selfexsr/SelfExSR-master/data/Urban100/image_SRF_4/img_034_SRF_4_LR.png,22.640512838910784,0.5544996596205939,20.745751659378513
Urban100,img_034,RealESRNet_x4plus,<output_root>/realesrgan/Urban100/img_034/RealESRNet_x4plus.png,<benchmark_root>/selfexsr/SelfExSR-master/data/Urban100/image_SRF_4/img_034_SRF_4_HR.png,<benchmark_root>/selfexsr/SelfExSR-master/data/Urban100/image_SRF_4/img_034_SRF_4_LR.png,22.371273462391216,0.530574891217031,20.062496905396728
Urban100,img_034,RealESRGAN_x4plus,<output_root>/realesrgan/Urban100/img_034/RealESRGAN_x4plus.png,<benchmark_root>/selfexsr/SelfExSR-master/data/Urban100/image_SRF_4/img_034_SRF_4_HR.png,<benchmark_root>/selfexsr/SelfExSR-master/data/Urban100/image_SRF_4/img_034_SRF_4_LR.png,21.12706372546721,0.496707831759578,18.966857985200885
Urban100,img_035,bicubic,generated:matlab_bicubic_resize,<benchmark_root>/selfexsr/SelfExSR-master/data/Urban100/image_SRF_4/img_035_SRF_4_HR.png,<benchmark_root>/selfexsr/SelfExSR-master/data/Urban100/image_SRF_4/img_035_SRF_4_LR.png,24.730892723398036,0.7224750863577866,23.351272276342495
Urban100,img_035,detail_base,<output_root>/detail_v1d/Urban100/img_035/base.png,<benchmark_root>/selfexsr/SelfExSR-master/data/Urban100/image_SRF_4/img_035_SRF_4_HR.png,<benchmark_root>/selfexsr/SelfExSR-master/data/Urban100/image_SRF_4/img_035_SRF_4_LR.png,28.097636544386084,0.8450133189443274,26.66936608712703
Urban100,img_035,detail_v1d,<output_root>/detail_v1d/Urban100/img_035/detail.png,<benchmark_root>/selfexsr/SelfExSR-master/data/Urban100/image_SRF_4/img_035_SRF_4_HR.png,<benchmark_root>/selfexsr/SelfExSR-master/data/Urban100/image_SRF_4/img_035_SRF_4_LR.png,29.20982282253029,0.8736219238217405,27.77174080684889
Urban100,img_035,refiner_condition,<output_root>/refiner_v2/Urban100/img_035/condition.png,<benchmark_root>/selfexsr/SelfExSR-master/data/Urban100/image_SRF_4/img_035_SRF_4_HR.png,<benchmark_root>/selfexsr/SelfExSR-master/data/Urban100/image_SRF_4/img_035_SRF_4_LR.png,26.919630572132633,0.8084989602422927,25.446627684845794
Urban100,img_035,refiner_v2,<output_root>/refiner_v2/Urban100/img_035/refined.png,<benchmark_root>/selfexsr/SelfExSR-master/data/Urban100/image_SRF_4/img_035_SRF_4_HR.png,<benchmark_root>/selfexsr/SelfExSR-master/data/Urban100/image_SRF_4/img_035_SRF_4_LR.png,27.402229481941784,0.824997244481218,25.961951699734062
Urban100,img_035,RealESRNet_x4plus,<output_root>/realesrgan/Urban100/img_035/RealESRNet_x4plus.png,<benchmark_root>/selfexsr/SelfExSR-master/data/Urban100/image_SRF_4/img_035_SRF_4_HR.png,<benchmark_root>/selfexsr/SelfExSR-master/data/Urban100/image_SRF_4/img_035_SRF_4_LR.png,25.437269245582492,0.804088441205065,23.740665818666233
Urban100,img_035,RealESRGAN_x4plus,<output_root>/realesrgan/Urban100/img_035/RealESRGAN_x4plus.png,<benchmark_root>/selfexsr/SelfExSR-master/data/Urban100/image_SRF_4/img_035_SRF_4_HR.png,<benchmark_root>/selfexsr/SelfExSR-master/data/Urban100/image_SRF_4/img_035_SRF_4_LR.png,23.23155194036959,0.7435732536641674,21.622532647341206
Urban100,img_036,bicubic,generated:matlab_bicubic_resize,<benchmark_root>/selfexsr/SelfExSR-master/data/Urban100/image_SRF_4/img_036_SRF_4_HR.png,<benchmark_root>/selfexsr/SelfExSR-master/data/Urban100/image_SRF_4/img_036_SRF_4_LR.png,25.2265927557459,0.7865896164860853,23.90467144386917
Urban100,img_036,detail_base,<output_root>/detail_v1d/Urban100/img_036/base.png,<benchmark_root>/selfexsr/SelfExSR-master/data/Urban100/image_SRF_4/img_036_SRF_4_HR.png,<benchmark_root>/selfexsr/SelfExSR-master/data/Urban100/image_SRF_4/img_036_SRF_4_LR.png,28.537432438060417,0.8809970456788117,27.204734498902244
Urban100,img_036,detail_v1d,<output_root>/detail_v1d/Urban100/img_036/detail.png,<benchmark_root>/selfexsr/SelfExSR-master/data/Urban100/image_SRF_4/img_036_SRF_4_HR.png,<benchmark_root>/selfexsr/SelfExSR-master/data/Urban100/image_SRF_4/img_036_SRF_4_LR.png,29.040098846520372,0.8905686476293208,27.71093671185333
Urban100,img_036,refiner_condition,<output_root>/refiner_v2/Urban100/img_036/condition.png,<benchmark_root>/selfexsr/SelfExSR-master/data/Urban100/image_SRF_4/img_036_SRF_4_HR.png,<benchmark_root>/selfexsr/SelfExSR-master/data/Urban100/image_SRF_4/img_036_SRF_4_LR.png,27.798262041232633,0.8594121883706334,26.42215396576852
Urban100,img_036,refiner_v2,<output_root>/refiner_v2/Urban100/img_036/refined.png,<benchmark_root>/selfexsr/SelfExSR-master/data/Urban100/image_SRF_4/img_036_SRF_4_HR.png,<benchmark_root>/selfexsr/SelfExSR-master/data/Urban100/image_SRF_4/img_036_SRF_4_LR.png,28.31366815260546,0.8714055223375485,26.98579770634899
Urban100,img_036,RealESRNet_x4plus,<output_root>/realesrgan/Urban100/img_036/RealESRNet_x4plus.png,<benchmark_root>/selfexsr/SelfExSR-master/data/Urban100/image_SRF_4/img_036_SRF_4_HR.png,<benchmark_root>/selfexsr/SelfExSR-master/data/Urban100/image_SRF_4/img_036_SRF_4_LR.png,27.506467787554428,0.8596789397409156,26.173747677761416
Urban100,img_036,RealESRGAN_x4plus,<output_root>/realesrgan/Urban100/img_036/RealESRGAN_x4plus.png,<benchmark_root>/selfexsr/SelfExSR-master/data/Urban100/image_SRF_4/img_036_SRF_4_HR.png,<benchmark_root>/selfexsr/SelfExSR-master/data/Urban100/image_SRF_4/img_036_SRF_4_LR.png,25.679333765060544,0.8177743329934342,24.35978048038519
Urban100,img_037,bicubic,generated:matlab_bicubic_resize,<benchmark_root>/selfexsr/SelfExSR-master/data/Urban100/image_SRF_4/img_037_SRF_4_HR.png,<benchmark_root>/selfexsr/SelfExSR-master/data/Urban100/image_SRF_4/img_037_SRF_4_LR.png,24.219663268886865,0.7049515228198201,22.882611155539344
Urban100,img_037,detail_base,<output_root>/detail_v1d/Urban100/img_037/base.png,<benchmark_root>/selfexsr/SelfExSR-master/data/Urban100/image_SRF_4/img_037_SRF_4_HR.png,<benchmark_root>/selfexsr/SelfExSR-master/data/Urban100/image_SRF_4/img_037_SRF_4_LR.png,25.98670965170299,0.7814607967778089,24.598895623414272
Urban100,img_037,detail_v1d,<output_root>/detail_v1d/Urban100/img_037/detail.png,<benchmark_root>/selfexsr/SelfExSR-master/data/Urban100/image_SRF_4/img_037_SRF_4_HR.png,<benchmark_root>/selfexsr/SelfExSR-master/data/Urban100/image_SRF_4/img_037_SRF_4_LR.png,26.216771929987026,0.7898047566335394,24.830962535546135
Urban100,img_037,refiner_condition,<output_root>/refiner_v2/Urban100/img_037/condition.png,<benchmark_root>/selfexsr/SelfExSR-master/data/Urban100/image_SRF_4/img_037_SRF_4_HR.png,<benchmark_root>/selfexsr/SelfExSR-master/data/Urban100/image_SRF_4/img_037_SRF_4_LR.png,25.649520379403747,0.7680944937403713,24.246510930954397
Urban100,img_037,refiner_v2,<output_root>/refiner_v2/Urban100/img_037/refined.png,<benchmark_root>/selfexsr/SelfExSR-master/data/Urban100/image_SRF_4/img_037_SRF_4_HR.png,<benchmark_root>/selfexsr/SelfExSR-master/data/Urban100/image_SRF_4/img_037_SRF_4_LR.png,25.897708040392917,0.7808249903258033,24.508965471982297
Urban100,img_037,RealESRNet_x4plus,<output_root>/realesrgan/Urban100/img_037/RealESRNet_x4plus.png,<benchmark_root>/selfexsr/SelfExSR-master/data/Urban100/image_SRF_4/img_037_SRF_4_HR.png,<benchmark_root>/selfexsr/SelfExSR-master/data/Urban100/image_SRF_4/img_037_SRF_4_LR.png,25.287453074461123,0.7655315054726451,23.71673948511235
Urban100,img_037,RealESRGAN_x4plus,<output_root>/realesrgan/Urban100/img_037/RealESRGAN_x4plus.png,<benchmark_root>/selfexsr/SelfExSR-master/data/Urban100/image_SRF_4/img_037_SRF_4_HR.png,<benchmark_root>/selfexsr/SelfExSR-master/data/Urban100/image_SRF_4/img_037_SRF_4_LR.png,22.29082322019119,0.6624321615565067,20.855909360537268
Urban100,img_038,bicubic,generated:matlab_bicubic_resize,<benchmark_root>/selfexsr/SelfExSR-master/data/Urban100/image_SRF_4/img_038_SRF_4_HR.png,<benchmark_root>/selfexsr/SelfExSR-master/data/Urban100/image_SRF_4/img_038_SRF_4_LR.png,24.610881305853823,0.5279054728153404,23.30372851227349
Urban100,img_038,detail_base,<output_root>/detail_v1d/Urban100/img_038/base.png,<benchmark_root>/selfexsr/SelfExSR-master/data/Urban100/image_SRF_4/img_038_SRF_4_HR.png,<benchmark_root>/selfexsr/SelfExSR-master/data/Urban100/image_SRF_4/img_038_SRF_4_LR.png,26.75466352253503,0.6621513282890207,25.306085653692328
Urban100,img_038,detail_v1d,<output_root>/detail_v1d/Urban100/img_038/detail.png,<benchmark_root>/selfexsr/SelfExSR-master/data/Urban100/image_SRF_4/img_038_SRF_4_HR.png,<benchmark_root>/selfexsr/SelfExSR-master/data/Urban100/image_SRF_4/img_038_SRF_4_LR.png,27.099588344867378,0.6804156901207088,25.64058728304434
Urban100,img_038,refiner_condition,<output_root>/refiner_v2/Urban100/img_038/condition.png,<benchmark_root>/selfexsr/SelfExSR-master/data/Urban100/image_SRF_4/img_038_SRF_4_HR.png,<benchmark_root>/selfexsr/SelfExSR-master/data/Urban100/image_SRF_4/img_038_SRF_4_LR.png,25.576291412862332,0.5937830777672323,24.206260271200087
Urban100,img_038,refiner_v2,<output_root>/refiner_v2/Urban100/img_038/refined.png,<benchmark_root>/selfexsr/SelfExSR-master/data/Urban100/image_SRF_4/img_038_SRF_4_HR.png,<benchmark_root>/selfexsr/SelfExSR-master/data/Urban100/image_SRF_4/img_038_SRF_4_LR.png,26.119589505571213,0.6232239146075456,24.75594935866279
Urban100,img_038,RealESRNet_x4plus,<output_root>/realesrgan/Urban100/img_038/RealESRNet_x4plus.png,<benchmark_root>/selfexsr/SelfExSR-master/data/Urban100/image_SRF_4/img_038_SRF_4_HR.png,<benchmark_root>/selfexsr/SelfExSR-master/data/Urban100/image_SRF_4/img_038_SRF_4_LR.png,25.860864609699156,0.6214139907444836,24.297419913814128
Urban100,img_038,RealESRGAN_x4plus,<output_root>/realesrgan/Urban100/img_038/RealESRGAN_x4plus.png,<benchmark_root>/selfexsr/SelfExSR-master/data/Urban100/image_SRF_4/img_038_SRF_4_HR.png,<benchmark_root>/selfexsr/SelfExSR-master/data/Urban100/image_SRF_4/img_038_SRF_4_LR.png,24.961227173009096,0.5737100706884506,23.39057343942839
Urban100,img_039,bicubic,generated:matlab_bicubic_resize,<benchmark_root>/selfexsr/SelfExSR-master/data/Urban100/image_SRF_4/img_039_SRF_4_HR.png,<benchmark_root>/selfexsr/SelfExSR-master/data/Urban100/image_SRF_4/img_039_SRF_4_LR.png,20.86096248287879,0.580224226360583,19.540952563301733
Urban100,img_039,detail_base,<output_root>/detail_v1d/Urban100/img_039/base.png,<benchmark_root>/selfexsr/SelfExSR-master/data/Urban100/image_SRF_4/img_039_SRF_4_HR.png,<benchmark_root>/selfexsr/SelfExSR-master/data/Urban100/image_SRF_4/img_039_SRF_4_LR.png,22.67829581208618,0.7163119354383659,21.301514758252452
Urban100,img_039,detail_v1d,<output_root>/detail_v1d/Urban100/img_039/detail.png,<benchmark_root>/selfexsr/SelfExSR-master/data/Urban100/image_SRF_4/img_039_SRF_4_HR.png,<benchmark_root>/selfexsr/SelfExSR-master/data/Urban100/image_SRF_4/img_039_SRF_4_LR.png,23.140095984140427,0.7457602543878817,21.754529410916206
Urban100,img_039,refiner_condition,<output_root>/refiner_v2/Urban100/img_039/condition.png,<benchmark_root>/selfexsr/SelfExSR-master/data/Urban100/image_SRF_4/img_039_SRF_4_HR.png,<benchmark_root>/selfexsr/SelfExSR-master/data/Urban100/image_SRF_4/img_039_SRF_4_LR.png,21.884535521602103,0.6614155577057598,20.50154231428852
Urban100,img_039,refiner_v2,<output_root>/refiner_v2/Urban100/img_039/refined.png,<benchmark_root>/selfexsr/SelfExSR-master/data/Urban100/image_SRF_4/img_039_SRF_4_HR.png,<benchmark_root>/selfexsr/SelfExSR-master/data/Urban100/image_SRF_4/img_039_SRF_4_LR.png,22.159113565491193,0.6824655782816458,20.79790701689072
Urban100,img_039,RealESRNet_x4plus,<output_root>/realesrgan/Urban100/img_039/RealESRNet_x4plus.png,<benchmark_root>/selfexsr/SelfExSR-master/data/Urban100/image_SRF_4/img_039_SRF_4_HR.png,<benchmark_root>/selfexsr/SelfExSR-master/data/Urban100/image_SRF_4/img_039_SRF_4_LR.png,21.786548848842706,0.6947739613639303,20.254574727976504
Urban100,img_039,RealESRGAN_x4plus,<output_root>/realesrgan/Urban100/img_039/RealESRGAN_x4plus.png,<benchmark_root>/selfexsr/SelfExSR-master/data/Urban100/image_SRF_4/img_039_SRF_4_HR.png,<benchmark_root>/selfexsr/SelfExSR-master/data/Urban100/image_SRF_4/img_039_SRF_4_LR.png,19.521957640509253,0.6386839014610824,17.99750855611007
Urban100,img_040,bicubic,generated:matlab_bicubic_resize,<benchmark_root>/selfexsr/SelfExSR-master/data/Urban100/image_SRF_4/img_040_SRF_4_HR.png,<benchmark_root>/selfexsr/SelfExSR-master/data/Urban100/image_SRF_4/img_040_SRF_4_LR.png,19.391685258669202,0.7048607787993993,18.10707768593921
Urban100,img_040,detail_base,<output_root>/detail_v1d/Urban100/img_040/base.png,<benchmark_root>/selfexsr/SelfExSR-master/data/Urban100/image_SRF_4/img_040_SRF_4_HR.png,<benchmark_root>/selfexsr/SelfExSR-master/data/Urban100/image_SRF_4/img_040_SRF_4_LR.png,26.766915674538808,0.935612676095245,25.370677897264752
Urban100,img_040,detail_v1d,<output_root>/detail_v1d/Urban100/img_040/detail.png,<benchmark_root>/selfexsr/SelfExSR-master/data/Urban100/image_SRF_4/img_040_SRF_4_HR.png,<benchmark_root>/selfexsr/SelfExSR-master/data/Urban100/image_SRF_4/img_040_SRF_4_LR.png,27.649293731729546,0.9463625026441191,26.239860902082754
Urban100,img_040,refiner_condition,<output_root>/refiner_v2/Urban100/img_040/condition.png,<benchmark_root>/selfexsr/SelfExSR-master/data/Urban100/image_SRF_4/img_040_SRF_4_HR.png,<benchmark_root>/selfexsr/SelfExSR-master/data/Urban100/image_SRF_4/img_040_SRF_4_LR.png,23.73878472012152,0.8969693393208212,22.389212312826995
Urban100,img_040,refiner_v2,<output_root>/refiner_v2/Urban100/img_040/refined.png,<benchmark_root>/selfexsr/SelfExSR-master/data/Urban100/image_SRF_4/img_040_SRF_4_HR.png,<benchmark_root>/selfexsr/SelfExSR-master/data/Urban100/image_SRF_4/img_040_SRF_4_LR.png,24.87405809154607,0.9115514471397678,23.53978115810978
Urban100,img_040,RealESRNet_x4plus,<output_root>/realesrgan/Urban100/img_040/RealESRNet_x4plus.png,<benchmark_root>/selfexsr/SelfExSR-master/data/Urban100/image_SRF_4/img_040_SRF_4_HR.png,<benchmark_root>/selfexsr/SelfExSR-master/data/Urban100/image_SRF_4/img_040_SRF_4_LR.png,22.993371177587605,0.8686163707431408,21.584022022397228
Urban100,img_040,RealESRGAN_x4plus,<output_root>/realesrgan/Urban100/img_040/RealESRGAN_x4plus.png,<benchmark_root>/selfexsr/SelfExSR-master/data/Urban100/image_SRF_4/img_040_SRF_4_HR.png,<benchmark_root>/selfexsr/SelfExSR-master/data/Urban100/image_SRF_4/img_040_SRF_4_LR.png,20.485360092288914,0.8170217283206834,19.05670115898272
Urban100,img_041,bicubic,generated:matlab_bicubic_resize,<benchmark_root>/selfexsr/SelfExSR-master/data/Urban100/image_SRF_4/img_041_SRF_4_HR.png,<benchmark_root>/selfexsr/SelfExSR-master/data/Urban100/image_SRF_4/img_041_SRF_4_LR.png,21.00269685618043,0.670134208158125,19.564343684985086
Urban100,img_041,detail_base,<output_root>/detail_v1d/Urban100/img_041/base.png,<benchmark_root>/selfexsr/SelfExSR-master/data/Urban100/image_SRF_4/img_041_SRF_4_HR.png,<benchmark_root>/selfexsr/SelfExSR-master/data/Urban100/image_SRF_4/img_041_SRF_4_LR.png,24.976381943197794,0.8464334880931405,23.491457122703725
Urban100,img_041,detail_v1d,<output_root>/detail_v1d/Urban100/img_041/detail.png,<benchmark_root>/selfexsr/SelfExSR-master/data/Urban100/image_SRF_4/img_041_SRF_4_HR.png,<benchmark_root>/selfexsr/SelfExSR-master/data/Urban100/image_SRF_4/img_041_SRF_4_LR.png,25.91727989583497,0.8725354957875721,24.42149668448202
Urban100,img_041,refiner_condition,<output_root>/refiner_v2/Urban100/img_041/condition.png,<benchmark_root>/selfexsr/SelfExSR-master/data/Urban100/image_SRF_4/img_041_SRF_4_HR.png,<benchmark_root>/selfexsr/SelfExSR-master/data/Urban100/image_SRF_4/img_041_SRF_4_LR.png,23.107572923509494,0.7919402267999573,21.616580967478818
Urban100,img_041,refiner_v2,<output_root>/refiner_v2/Urban100/img_041/refined.png,<benchmark_root>/selfexsr/SelfExSR-master/data/Urban100/image_SRF_4/img_041_SRF_4_HR.png,<benchmark_root>/selfexsr/SelfExSR-master/data/Urban100/image_SRF_4/img_041_SRF_4_LR.png,23.65666180515063,0.8169815227226533,22.16148459947885
Urban100,img_041,RealESRNet_x4plus,<output_root>/realesrgan/Urban100/img_041/RealESRNet_x4plus.png,<benchmark_root>/selfexsr/SelfExSR-master/data/Urban100/image_SRF_4/img_041_SRF_4_HR.png,<benchmark_root>/selfexsr/SelfExSR-master/data/Urban100/image_SRF_4/img_041_SRF_4_LR.png,23.674667200532333,0.8140308131262135,21.934490699974454
Urban100,img_041,RealESRGAN_x4plus,<output_root>/realesrgan/Urban100/img_041/RealESRGAN_x4plus.png,<benchmark_root>/selfexsr/SelfExSR-master/data/Urban100/image_SRF_4/img_041_SRF_4_HR.png,<benchmark_root>/selfexsr/SelfExSR-master/data/Urban100/image_SRF_4/img_041_SRF_4_LR.png,22.16205392317757,0.7750548808414965,20.467744727783924
Urban100,img_042,bicubic,generated:matlab_bicubic_resize,<benchmark_root>/selfexsr/SelfExSR-master/data/Urban100/image_SRF_4/img_042_SRF_4_HR.png,<benchmark_root>/selfexsr/SelfExSR-master/data/Urban100/image_SRF_4/img_042_SRF_4_LR.png,24.833446070514263,0.7700563414029394,23.511524758637524
Urban100,img_042,detail_base,<output_root>/detail_v1d/Urban100/img_042/base.png,<benchmark_root>/selfexsr/SelfExSR-master/data/Urban100/image_SRF_4/img_042_SRF_4_HR.png,<benchmark_root>/selfexsr/SelfExSR-master/data/Urban100/image_SRF_4/img_042_SRF_4_LR.png,28.44052431161787,0.8774715096221327,27.103687462385476
Urban100,img_042,detail_v1d,<output_root>/detail_v1d/Urban100/img_042/detail.png,<benchmark_root>/selfexsr/SelfExSR-master/data/Urban100/image_SRF_4/img_042_SRF_4_HR.png,<benchmark_root>/selfexsr/SelfExSR-master/data/Urban100/image_SRF_4/img_042_SRF_4_LR.png,29.099966527348244,0.892356817507512,27.767594816430172
Urban100,img_042,refiner_condition,<output_root>/refiner_v2/Urban100/img_042/condition.png,<benchmark_root>/selfexsr/SelfExSR-master/data/Urban100/image_SRF_4/img_042_SRF_4_HR.png,<benchmark_root>/selfexsr/SelfExSR-master/data/Urban100/image_SRF_4/img_042_SRF_4_LR.png,27.42247979493241,0.8486033815422818,26.06299868500688
Urban100,img_042,refiner_v2,<output_root>/refiner_v2/Urban100/img_042/refined.png,<benchmark_root>/selfexsr/SelfExSR-master/data/Urban100/image_SRF_4/img_042_SRF_4_HR.png,<benchmark_root>/selfexsr/SelfExSR-master/data/Urban100/image_SRF_4/img_042_SRF_4_LR.png,27.785739184894535,0.8622309753132575,26.44575961783172
Urban100,img_042,RealESRNet_x4plus,<output_root>/realesrgan/Urban100/img_042/RealESRNet_x4plus.png,<benchmark_root>/selfexsr/SelfExSR-master/data/Urban100/image_SRF_4/img_042_SRF_4_HR.png,<benchmark_root>/selfexsr/SelfExSR-master/data/Urban100/image_SRF_4/img_042_SRF_4_LR.png,26.68851696974467,0.8481557311145842,25.38259962511763
Urban100,img_042,RealESRGAN_x4plus,<output_root>/realesrgan/Urban100/img_042/RealESRGAN_x4plus.png,<benchmark_root>/selfexsr/SelfExSR-master/data/Urban100/image_SRF_4/img_042_SRF_4_HR.png,<benchmark_root>/selfexsr/SelfExSR-master/data/Urban100/image_SRF_4/img_042_SRF_4_LR.png,23.733490726441214,0.7932586000198425,22.415709565012595
Urban100,img_043,bicubic,generated:matlab_bicubic_resize,<benchmark_root>/selfexsr/SelfExSR-master/data/Urban100/image_SRF_4/img_043_SRF_4_HR.png,<benchmark_root>/selfexsr/SelfExSR-master/data/Urban100/image_SRF_4/img_043_SRF_4_LR.png,22.09214145472089,0.7866731227688118,20.8580983774256
Urban100,img_043,detail_base,<output_root>/detail_v1d/Urban100/img_043/base.png,<benchmark_root>/selfexsr/SelfExSR-master/data/Urban100/image_SRF_4/img_043_SRF_4_HR.png,<benchmark_root>/selfexsr/SelfExSR-master/data/Urban100/image_SRF_4/img_043_SRF_4_LR.png,31.543748567986615,0.9298139969640536,29.76382698491956
Urban100,img_043,detail_v1d,<output_root>/detail_v1d/Urban100/img_043/detail.png,<benchmark_root>/selfexsr/SelfExSR-master/data/Urban100/image_SRF_4/img_043_SRF_4_HR.png,<benchmark_root>/selfexsr/SelfExSR-master/data/Urban100/image_SRF_4/img_043_SRF_4_LR.png,32.71463695558225,0.9377526721106242,30.821826772310562
Urban100,img_043,refiner_condition,<output_root>/refiner_v2/Urban100/img_043/condition.png,<benchmark_root>/selfexsr/SelfExSR-master/data/Urban100/image_SRF_4/img_043_SRF_4_HR.png,<benchmark_root>/selfexsr/SelfExSR-master/data/Urban100/image_SRF_4/img_043_SRF_4_LR.png,28.04585865548971,0.9032738446413563,26.545274074009605
Urban100,img_043,refiner_v2,<output_root>/refiner_v2/Urban100/img_043/refined.png,<benchmark_root>/selfexsr/SelfExSR-master/data/Urban100/image_SRF_4/img_043_SRF_4_HR.png,<benchmark_root>/selfexsr/SelfExSR-master/data/Urban100/image_SRF_4/img_043_SRF_4_LR.png,29.787757006951246,0.9177551188476147,28.20313323797031
Urban100,img_043,RealESRNet_x4plus,<output_root>/realesrgan/Urban100/img_043/RealESRNet_x4plus.png,<benchmark_root>/selfexsr/SelfExSR-master/data/Urban100/image_SRF_4/img_043_SRF_4_HR.png,<benchmark_root>/selfexsr/SelfExSR-master/data/Urban100/image_SRF_4/img_043_SRF_4_LR.png,28.13475027963441,0.8989058026789373,26.465392256436235
Urban100,img_043,RealESRGAN_x4plus,<output_root>/realesrgan/Urban100/img_043/RealESRGAN_x4plus.png,<benchmark_root>/selfexsr/SelfExSR-master/data/Urban100/image_SRF_4/img_043_SRF_4_HR.png,<benchmark_root>/selfexsr/SelfExSR-master/data/Urban100/image_SRF_4/img_043_SRF_4_LR.png,27.438865912681607,0.8880074190733537,25.79194246131964
Urban100,img_044,bicubic,generated:matlab_bicubic_resize,<benchmark_root>/selfexsr/SelfExSR-master/data/Urban100/image_SRF_4/img_044_SRF_4_HR.png,<benchmark_root>/selfexsr/SelfExSR-master/data/Urban100/image_SRF_4/img_044_SRF_4_LR.png,26.91824147945563,0.725331923031809,25.119099097292512
Urban100,img_044,detail_base,<output_root>/detail_v1d/Urban100/img_044/base.png,<benchmark_root>/selfexsr/SelfExSR-master/data/Urban100/image_SRF_4/img_044_SRF_4_HR.png,<benchmark_root>/selfexsr/SelfExSR-master/data/Urban100/image_SRF_4/img_044_SRF_4_LR.png,29.60768403872877,0.8364311952934911,27.90752211328346
Urban100,img_044,detail_v1d,<output_root>/detail_v1d/Urban100/img_044/detail.png,<benchmark_root>/selfexsr/SelfExSR-master/data/Urban100/image_SRF_4/img_044_SRF_4_HR.png,<benchmark_root>/selfexsr/SelfExSR-master/data/Urban100/image_SRF_4/img_044_SRF_4_LR.png,29.065301893160115,0.8390000696306731,27.447692863849902
Urban100,img_044,refiner_condition,<output_root>/refiner_v2/Urban100/img_044/condition.png,<benchmark_root>/selfexsr/SelfExSR-master/data/Urban100/image_SRF_4/img_044_SRF_4_HR.png,<benchmark_root>/selfexsr/SelfExSR-master/data/Urban100/image_SRF_4/img_044_SRF_4_LR.png,27.782969460443496,0.8243111055964317,26.18536315289969
Urban100,img_044,refiner_v2,<output_root>/refiner_v2/Urban100/img_044/refined.png,<benchmark_root>/selfexsr/SelfExSR-master/data/Urban100/image_SRF_4/img_044_SRF_4_HR.png,<benchmark_root>/selfexsr/SelfExSR-master/data/Urban100/image_SRF_4/img_044_SRF_4_LR.png,27.647092745943485,0.8227005131390484,25.92854218068768
Urban100,img_044,RealESRNet_x4plus,<output_root>/realesrgan/Urban100/img_044/RealESRNet_x4plus.png,<benchmark_root>/selfexsr/SelfExSR-master/data/Urban100/image_SRF_4/img_044_SRF_4_HR.png,<benchmark_root>/selfexsr/SelfExSR-master/data/Urban100/image_SRF_4/img_044_SRF_4_LR.png,26.293395706680613,0.7977520737567944,24.51060996645988
Urban100,img_044,RealESRGAN_x4plus,<output_root>/realesrgan/Urban100/img_044/RealESRGAN_x4plus.png,<benchmark_root>/selfexsr/SelfExSR-master/data/Urban100/image_SRF_4/img_044_SRF_4_HR.png,<benchmark_root>/selfexsr/SelfExSR-master/data/Urban100/image_SRF_4/img_044_SRF_4_LR.png,22.333638164275467,0.7032068961441298,20.848278766475502
Urban100,img_045,bicubic,generated:matlab_bicubic_resize,<benchmark_root>/selfexsr/SelfExSR-master/data/Urban100/image_SRF_4/img_045_SRF_4_HR.png,<benchmark_root>/selfexsr/SelfExSR-master/data/Urban100/image_SRF_4/img_045_SRF_4_LR.png,20.942833540092014,0.5233487106974949,19.62091222821528
Urban100,img_045,detail_base,<output_root>/detail_v1d/Urban100/img_045/base.png,<benchmark_root>/selfexsr/SelfExSR-master/data/Urban100/image_SRF_4/img_045_SRF_4_HR.png,<benchmark_root>/selfexsr/SelfExSR-master/data/Urban100/image_SRF_4/img_045_SRF_4_LR.png,22.7954318638192,0.6495599020183532,21.476725726536774
Urban100,img_045,detail_v1d,<output_root>/detail_v1d/Urban100/img_045/detail.png,<benchmark_root>/selfexsr/SelfExSR-master/data/Urban100/image_SRF_4/img_045_SRF_4_HR.png,<benchmark_root>/selfexsr/SelfExSR-master/data/Urban100/image_SRF_4/img_045_SRF_4_LR.png,22.9426937237886,0.6581895472969457,21.62729376345294
Urban100,img_045,refiner_condition,<output_root>/refiner_v2/Urban100/img_045/condition.png,<benchmark_root>/selfexsr/SelfExSR-master/data/Urban100/image_SRF_4/img_045_SRF_4_HR.png,<benchmark_root>/selfexsr/SelfExSR-master/data/Urban100/image_SRF_4/img_045_SRF_4_LR.png,19.802171121142386,0.5307402180635038,18.380600726088886
Urban100,img_045,refiner_v2,<output_root>/refiner_v2/Urban100/img_045/refined.png,<benchmark_root>/selfexsr/SelfExSR-master/data/Urban100/image_SRF_4/img_045_SRF_4_HR.png,<benchmark_root>/selfexsr/SelfExSR-master/data/Urban100/image_SRF_4/img_045_SRF_4_LR.png,21.284346768189785,0.5688472484577728,19.85980535729388
Urban100,img_045,RealESRNet_x4plus,<output_root>/realesrgan/Urban100/img_045/RealESRNet_x4plus.png,<benchmark_root>/selfexsr/SelfExSR-master/data/Urban100/image_SRF_4/img_045_SRF_4_HR.png,<benchmark_root>/selfexsr/SelfExSR-master/data/Urban100/image_SRF_4/img_045_SRF_4_LR.png,22.091824209592215,0.6332657882999743,20.766094521225146
Urban100,img_045,RealESRGAN_x4plus,<output_root>/realesrgan/Urban100/img_045/RealESRGAN_x4plus.png,<benchmark_root>/selfexsr/SelfExSR-master/data/Urban100/image_SRF_4/img_045_SRF_4_HR.png,<benchmark_root>/selfexsr/SelfExSR-master/data/Urban100/image_SRF_4/img_045_SRF_4_LR.png,19.558718162140746,0.4928333543573963,18.26344301905277
Urban100,img_046,bicubic,generated:matlab_bicubic_resize,<benchmark_root>/selfexsr/SelfExSR-master/data/Urban100/image_SRF_4/img_046_SRF_4_HR.png,<benchmark_root>/selfexsr/SelfExSR-master/data/Urban100/image_SRF_4/img_046_SRF_4_LR.png,22.6917189526936,0.676226715727056,21.248513202494657
Urban100,img_046,detail_base,<output_root>/detail_v1d/Urban100/img_046/base.png,<benchmark_root>/selfexsr/SelfExSR-master/data/Urban100/image_SRF_4/img_046_SRF_4_HR.png,<benchmark_root>/selfexsr/SelfExSR-master/data/Urban100/image_SRF_4/img_046_SRF_4_LR.png,23.42612362589735,0.7431505478286087,21.993697180066583
Urban100,img_046,detail_v1d,<output_root>/detail_v1d/Urban100/img_046/detail.png,<benchmark_root>/selfexsr/SelfExSR-master/data/Urban100/image_SRF_4/img_046_SRF_4_HR.png,<benchmark_root>/selfexsr/SelfExSR-master/data/Urban100/image_SRF_4/img_046_SRF_4_LR.png,23.524037502586896,0.7521211356783778,22.093508740171703
Urban100,img_046,refiner_condition,<output_root>/refiner_v2/Urban100/img_046/condition.png,<benchmark_root>/selfexsr/SelfExSR-master/data/Urban100/image_SRF_4/img_046_SRF_4_HR.png,<benchmark_root>/selfexsr/SelfExSR-master/data/Urban100/image_SRF_4/img_046_SRF_4_LR.png,23.174724418566978,0.7243934523760678,21.653318406644498
Urban100,img_046,refiner_v2,<output_root>/refiner_v2/Urban100/img_046/refined.png,<benchmark_root>/selfexsr/SelfExSR-master/data/Urban100/image_SRF_4/img_046_SRF_4_HR.png,<benchmark_root>/selfexsr/SelfExSR-master/data/Urban100/image_SRF_4/img_046_SRF_4_LR.png,23.230788468375575,0.7317734452032116,21.78390158664247
Urban100,img_046,RealESRNet_x4plus,<output_root>/realesrgan/Urban100/img_046/RealESRNet_x4plus.png,<benchmark_root>/selfexsr/SelfExSR-master/data/Urban100/image_SRF_4/img_046_SRF_4_HR.png,<benchmark_root>/selfexsr/SelfExSR-master/data/Urban100/image_SRF_4/img_046_SRF_4_LR.png,23.166140419078197,0.7315966713165577,21.492098379671752
Urban100,img_046,RealESRGAN_x4plus,<output_root>/realesrgan/Urban100/img_046/RealESRGAN_x4plus.png,<benchmark_root>/selfexsr/SelfExSR-master/data/Urban100/image_SRF_4/img_046_SRF_4_HR.png,<benchmark_root>/selfexsr/SelfExSR-master/data/Urban100/image_SRF_4/img_046_SRF_4_LR.png,21.902544061361283,0.7020629140092763,20.256904740028382
Urban100,img_047,bicubic,generated:matlab_bicubic_resize,<benchmark_root>/selfexsr/SelfExSR-master/data/Urban100/image_SRF_4/img_047_SRF_4_HR.png,<benchmark_root>/selfexsr/SelfExSR-master/data/Urban100/image_SRF_4/img_047_SRF_4_LR.png,20.007095585686237,0.6283830771696631,18.531197246602172
Urban100,img_047,detail_base,<output_root>/detail_v1d/Urban100/img_047/base.png,<benchmark_root>/selfexsr/SelfExSR-master/data/Urban100/image_SRF_4/img_047_SRF_4_HR.png,<benchmark_root>/selfexsr/SelfExSR-master/data/Urban100/image_SRF_4/img_047_SRF_4_LR.png,21.448723059396574,0.7371200812729628,19.963308794007162
Urban100,img_047,detail_v1d,<output_root>/detail_v1d/Urban100/img_047/detail.png,<benchmark_root>/selfexsr/SelfExSR-master/data/Urban100/image_SRF_4/img_047_SRF_4_HR.png,<benchmark_root>/selfexsr/SelfExSR-master/data/Urban100/image_SRF_4/img_047_SRF_4_LR.png,21.817326272356873,0.7553178571108792,20.3292414070012
Urban100,img_047,refiner_condition,<output_root>/refiner_v2/Urban100/img_047/condition.png,<benchmark_root>/selfexsr/SelfExSR-master/data/Urban100/image_SRF_4/img_047_SRF_4_HR.png,<benchmark_root>/selfexsr/SelfExSR-master/data/Urban100/image_SRF_4/img_047_SRF_4_LR.png,20.842557746317443,0.6898907136333144,19.336215950910812
Urban100,img_047,refiner_v2,<output_root>/refiner_v2/Urban100/img_047/refined.png,<benchmark_root>/selfexsr/SelfExSR-master/data/Urban100/image_SRF_4/img_047_SRF_4_HR.png,<benchmark_root>/selfexsr/SelfExSR-master/data/Urban100/image_SRF_4/img_047_SRF_4_LR.png,21.06517083319602,0.707440612576528,19.58062611271211
Urban100,img_047,RealESRNet_x4plus,<output_root>/realesrgan/Urban100/img_047/RealESRNet_x4plus.png,<benchmark_root>/selfexsr/SelfExSR-master/data/Urban100/image_SRF_4/img_047_SRF_4_HR.png,<benchmark_root>/selfexsr/SelfExSR-master/data/Urban100/image_SRF_4/img_047_SRF_4_LR.png,20.576848726645906,0.7230771349757982,19.07190493729008
Urban100,img_047,RealESRGAN_x4plus,<output_root>/realesrgan/Urban100/img_047/RealESRGAN_x4plus.png,<benchmark_root>/selfexsr/SelfExSR-master/data/Urban100/image_SRF_4/img_047_SRF_4_HR.png,<benchmark_root>/selfexsr/SelfExSR-master/data/Urban100/image_SRF_4/img_047_SRF_4_LR.png,18.70730841422662,0.6697473755435803,17.262276128060286
Urban100,img_048,bicubic,generated:matlab_bicubic_resize,<benchmark_root>/selfexsr/SelfExSR-master/data/Urban100/image_SRF_4/img_048_SRF_4_HR.png,<benchmark_root>/selfexsr/SelfExSR-master/data/Urban100/image_SRF_4/img_048_SRF_4_LR.png,18.182879256931443,0.6728650110790243,16.901513469311208
Urban100,img_048,detail_base,<output_root>/detail_v1d/Urban100/img_048/base.png,<benchmark_root>/selfexsr/SelfExSR-master/data/Urban100/image_SRF_4/img_048_SRF_4_HR.png,<benchmark_root>/selfexsr/SelfExSR-master/data/Urban100/image_SRF_4/img_048_SRF_4_LR.png,19.6079455524918,0.7864656431628573,18.30880458773255
Urban100,img_048,detail_v1d,<output_root>/detail_v1d/Urban100/img_048/detail.png,<benchmark_root>/selfexsr/SelfExSR-master/data/Urban100/image_SRF_4/img_048_SRF_4_HR.png,<benchmark_root>/selfexsr/SelfExSR-master/data/Urban100/image_SRF_4/img_048_SRF_4_LR.png,19.792535321462896,0.7957776904226715,18.49309968314958
Urban100,img_048,refiner_condition,<output_root>/refiner_v2/Urban100/img_048/condition.png,<benchmark_root>/selfexsr/SelfExSR-master/data/Urban100/image_SRF_4/img_048_SRF_4_HR.png,<benchmark_root>/selfexsr/SelfExSR-master/data/Urban100/image_SRF_4/img_048_SRF_4_LR.png,19.023287852762472,0.7344534549126718,17.72168412211085
Urban100,img_048,refiner_v2,<output_root>/refiner_v2/Urban100/img_048/refined.png,<benchmark_root>/selfexsr/SelfExSR-master/data/Urban100/image_SRF_4/img_048_SRF_4_HR.png,<benchmark_root>/selfexsr/SelfExSR-master/data/Urban100/image_SRF_4/img_048_SRF_4_LR.png,19.310503563389037,0.7576662026316272,18.018421637966156
Urban100,img_048,RealESRNet_x4plus,<output_root>/realesrgan/Urban100/img_048/RealESRNet_x4plus.png,<benchmark_root>/selfexsr/SelfExSR-master/data/Urban100/image_SRF_4/img_048_SRF_4_HR.png,<benchmark_root>/selfexsr/SelfExSR-master/data/Urban100/image_SRF_4/img_048_SRF_4_LR.png,19.242790112393273,0.748428843228125,17.891828614921906
Urban100,img_048,RealESRGAN_x4plus,<output_root>/realesrgan/Urban100/img_048/RealESRGAN_x4plus.png,<benchmark_root>/selfexsr/SelfExSR-master/data/Urban100/image_SRF_4/img_048_SRF_4_HR.png,<benchmark_root>/selfexsr/SelfExSR-master/data/Urban100/image_SRF_4/img_048_SRF_4_LR.png,18.019629333888076,0.712343812310919,16.699500146893897
Urban100,img_049,bicubic,generated:matlab_bicubic_resize,<benchmark_root>/selfexsr/SelfExSR-master/data/Urban100/image_SRF_4/img_049_SRF_4_HR.png,<benchmark_root>/selfexsr/SelfExSR-master/data/Urban100/image_SRF_4/img_049_SRF_4_LR.png,20.491151262248792,0.5935690480451038,19.012331275059587
Urban100,img_049,detail_base,<output_root>/detail_v1d/Urban100/img_049/base.png,<benchmark_root>/selfexsr/SelfExSR-master/data/Urban100/image_SRF_4/img_049_SRF_4_HR.png,<benchmark_root>/selfexsr/SelfExSR-master/data/Urban100/image_SRF_4/img_049_SRF_4_LR.png,23.095555748372362,0.7319765183127404,21.561759696368096
Urban100,img_049,detail_v1d,<output_root>/detail_v1d/Urban100/img_049/detail.png,<benchmark_root>/selfexsr/SelfExSR-master/data/Urban100/image_SRF_4/img_049_SRF_4_HR.png,<benchmark_root>/selfexsr/SelfExSR-master/data/Urban100/image_SRF_4/img_049_SRF_4_LR.png,23.425689730943414,0.7475268586699332,21.888540147240665
Urban100,img_049,refiner_condition,<output_root>/refiner_v2/Urban100/img_049/condition.png,<benchmark_root>/selfexsr/SelfExSR-master/data/Urban100/image_SRF_4/img_049_SRF_4_HR.png,<benchmark_root>/selfexsr/SelfExSR-master/data/Urban100/image_SRF_4/img_049_SRF_4_LR.png,22.016819943346935,0.6772475188127095,20.49961346180483
Urban100,img_049,refiner_v2,<output_root>/refiner_v2/Urban100/img_049/refined.png,<benchmark_root>/selfexsr/SelfExSR-master/data/Urban100/image_SRF_4/img_049_SRF_4_HR.png,<benchmark_root>/selfexsr/SelfExSR-master/data/Urban100/image_SRF_4/img_049_SRF_4_LR.png,22.61837728707189,0.7079784054501113,21.10787108229824
Urban100,img_049,RealESRNet_x4plus,<output_root>/realesrgan/Urban100/img_049/RealESRNet_x4plus.png,<benchmark_root>/selfexsr/SelfExSR-master/data/Urban100/image_SRF_4/img_049_SRF_4_HR.png,<benchmark_root>/selfexsr/SelfExSR-master/data/Urban100/image_SRF_4/img_049_SRF_4_LR.png,22.106432046263347,0.6813637272741231,20.40407538967591
Urban100,img_049,RealESRGAN_x4plus,<output_root>/realesrgan/Urban100/img_049/RealESRGAN_x4plus.png,<benchmark_root>/selfexsr/SelfExSR-master/data/Urban100/image_SRF_4/img_049_SRF_4_HR.png,<benchmark_root>/selfexsr/SelfExSR-master/data/Urban100/image_SRF_4/img_049_SRF_4_LR.png,21.100729789223365,0.6408508609360986,19.451041252678763
Urban100,img_050,bicubic,generated:matlab_bicubic_resize,<benchmark_root>/selfexsr/SelfExSR-master/data/Urban100/image_SRF_4/img_050_SRF_4_HR.png,<benchmark_root>/selfexsr/SelfExSR-master/data/Urban100/image_SRF_4/img_050_SRF_4_LR.png,23.72529140831636,0.6699619756516622,22.305910161572218
Urban100,img_050,detail_base,<output_root>/detail_v1d/Urban100/img_050/base.png,<benchmark_root>/selfexsr/SelfExSR-master/data/Urban100/image_SRF_4/img_050_SRF_4_HR.png,<benchmark_root>/selfexsr/SelfExSR-master/data/Urban100/image_SRF_4/img_050_SRF_4_LR.png,24.946526253767296,0.7532811840194579,23.511611896308363
Urban100,img_050,detail_v1d,<output_root>/detail_v1d/Urban100/img_050/detail.png,<benchmark_root>/selfexsr/SelfExSR-master/data/Urban100/image_SRF_4/img_050_SRF_4_HR.png,<benchmark_root>/selfexsr/SelfExSR-master/data/Urban100/image_SRF_4/img_050_SRF_4_LR.png,25.133901857100454,0.7659549061725129,23.71249144661549
Urban100,img_050,refiner_condition,<output_root>/refiner_v2/Urban100/img_050/condition.png,<benchmark_root>/selfexsr/SelfExSR-master/data/Urban100/image_SRF_4/img_050_SRF_4_HR.png,<benchmark_root>/selfexsr/SelfExSR-master/data/Urban100/image_SRF_4/img_050_SRF_4_LR.png,24.590834007653836,0.7275312146203368,22.899741138128253
Urban100,img_050,refiner_v2,<output_root>/refiner_v2/Urban100/img_050/refined.png,<benchmark_root>/selfexsr/SelfExSR-master/data/Urban100/image_SRF_4/img_050_SRF_4_HR.png,<benchmark_root>/selfexsr/SelfExSR-master/data/Urban100/image_SRF_4/img_050_SRF_4_LR.png,24.775599454701577,0.7420289348812289,23.17398102912179
Urban100,img_050,RealESRNet_x4plus,<output_root>/realesrgan/Urban100/img_050/RealESRNet_x4plus.png,<benchmark_root>/selfexsr/SelfExSR-master/data/Urban100/image_SRF_4/img_050_SRF_4_HR.png,<benchmark_root>/selfexsr/SelfExSR-master/data/Urban100/image_SRF_4/img_050_SRF_4_LR.png,24.32744099965667,0.7351022637029966,22.689260392337587
Urban100,img_050,RealESRGAN_x4plus,<output_root>/realesrgan/Urban100/img_050/RealESRGAN_x4plus.png,<benchmark_root>/selfexsr/SelfExSR-master/data/Urban100/image_SRF_4/img_050_SRF_4_HR.png,<benchmark_root>/selfexsr/SelfExSR-master/data/Urban100/image_SRF_4/img_050_SRF_4_LR.png,22.59841699271294,0.6650438767724414,21.019606837062767
Urban100,img_051,bicubic,generated:matlab_bicubic_resize,<benchmark_root>/selfexsr/SelfExSR-master/data/Urban100/image_SRF_4/img_051_SRF_4_HR.png,<benchmark_root>/selfexsr/SelfExSR-master/data/Urban100/image_SRF_4/img_051_SRF_4_LR.png,24.84742653850928,0.7408279273793514,23.367992046813278
Urban100,img_051,detail_base,<output_root>/detail_v1d/Urban100/img_051/base.png,<benchmark_root>/selfexsr/SelfExSR-master/data/Urban100/image_SRF_4/img_051_SRF_4_HR.png,<benchmark_root>/selfexsr/SelfExSR-master/data/Urban100/image_SRF_4/img_051_SRF_4_LR.png,26.861664753801442,0.8293787911112774,25.349081549710828
Urban100,img_051,detail_v1d,<output_root>/detail_v1d/Urban100/img_051/detail.png,<benchmark_root>/selfexsr/SelfExSR-master/data/Urban100/image_SRF_4/img_051_SRF_4_HR.png,<benchmark_root>/selfexsr/SelfExSR-master/data/Urban100/image_SRF_4/img_051_SRF_4_LR.png,27.215848873064918,0.8425031656414538,25.70031816150893
Urban100,img_051,refiner_condition,<output_root>/refiner_v2/Urban100/img_051/condition.png,<benchmark_root>/selfexsr/SelfExSR-master/data/Urban100/image_SRF_4/img_051_SRF_4_HR.png,<benchmark_root>/selfexsr/SelfExSR-master/data/Urban100/image_SRF_4/img_051_SRF_4_LR.png,26.21701812421673,0.8036536072384738,24.676183423462724
Urban100,img_051,refiner_v2,<output_root>/refiner_v2/Urban100/img_051/refined.png,<benchmark_root>/selfexsr/SelfExSR-master/data/Urban100/image_SRF_4/img_051_SRF_4_HR.png,<benchmark_root>/selfexsr/SelfExSR-master/data/Urban100/image_SRF_4/img_051_SRF_4_LR.png,26.51817091670699,0.8177665696123985,25.01527584139103
Urban100,img_051,RealESRNet_x4plus,<output_root>/realesrgan/Urban100/img_051/RealESRNet_x4plus.png,<benchmark_root>/selfexsr/SelfExSR-master/data/Urban100/image_SRF_4/img_051_SRF_4_HR.png,<benchmark_root>/selfexsr/SelfExSR-master/data/Urban100/image_SRF_4/img_051_SRF_4_LR.png,26.029092171476446,0.8067826775832921,24.32178501138622
Urban100,img_051,RealESRGAN_x4plus,<output_root>/realesrgan/Urban100/img_051/RealESRGAN_x4plus.png,<benchmark_root>/selfexsr/SelfExSR-master/data/Urban100/image_SRF_4/img_051_SRF_4_HR.png,<benchmark_root>/selfexsr/SelfExSR-master/data/Urban100/image_SRF_4/img_051_SRF_4_LR.png,24.22874132851652,0.7489016590721642,22.59609469905697
Urban100,img_052,bicubic,generated:matlab_bicubic_resize,<benchmark_root>/selfexsr/SelfExSR-master/data/Urban100/image_SRF_4/img_052_SRF_4_HR.png,<benchmark_root>/selfexsr/SelfExSR-master/data/Urban100/image_SRF_4/img_052_SRF_4_LR.png,23.785195376147236,0.7401753449221598,22.445042963767087
Urban100,img_052,detail_base,<output_root>/detail_v1d/Urban100/img_052/base.png,<benchmark_root>/selfexsr/SelfExSR-master/data/Urban100/image_SRF_4/img_052_SRF_4_HR.png,<benchmark_root>/selfexsr/SelfExSR-master/data/Urban100/image_SRF_4/img_052_SRF_4_LR.png,28.35043027848061,0.8934280184451475,26.975764612418697
Urban100,img_052,detail_v1d,<output_root>/detail_v1d/Urban100/img_052/detail.png,<benchmark_root>/selfexsr/SelfExSR-master/data/Urban100/image_SRF_4/img_052_SRF_4_HR.png,<benchmark_root>/selfexsr/SelfExSR-master/data/Urban100/image_SRF_4/img_052_SRF_4_LR.png,29.301633030409153,0.9135732651072048,27.9161113333692
Urban100,img_052,refiner_condition,<output_root>/refiner_v2/Urban100/img_052/condition.png,<benchmark_root>/selfexsr/SelfExSR-master/data/Urban100/image_SRF_4/img_052_SRF_4_HR.png,<benchmark_root>/selfexsr/SelfExSR-master/data/Urban100/image_SRF_4/img_052_SRF_4_LR.png,26.68670844213688,0.8466064819775755,25.303164172022807
Urban100,img_052,refiner_v2,<output_root>/refiner_v2/Urban100/img_052/refined.png,<benchmark_root>/selfexsr/SelfExSR-master/data/Urban100/image_SRF_4/img_052_SRF_4_HR.png,<benchmark_root>/selfexsr/SelfExSR-master/data/Urban100/image_SRF_4/img_052_SRF_4_LR.png,27.355106434824826,0.8656406721664239,25.991108606867517
Urban100,img_052,RealESRNet_x4plus,<output_root>/realesrgan/Urban100/img_052/RealESRNet_x4plus.png,<benchmark_root>/selfexsr/SelfExSR-master/data/Urban100/image_SRF_4/img_052_SRF_4_HR.png,<benchmark_root>/selfexsr/SelfExSR-master/data/Urban100/image_SRF_4/img_052_SRF_4_LR.png,26.275929986177946,0.8585546765943509,24.86912026009758
Urban100,img_052,RealESRGAN_x4plus,<output_root>/realesrgan/Urban100/img_052/RealESRGAN_x4plus.png,<benchmark_root>/selfexsr/SelfExSR-master/data/Urban100/image_SRF_4/img_052_SRF_4_HR.png,<benchmark_root>/selfexsr/SelfExSR-master/data/Urban100/image_SRF_4/img_052_SRF_4_LR.png,24.442948842442654,0.8125300232725158,22.991275715599535
Urban100,img_053,bicubic,generated:matlab_bicubic_resize,<benchmark_root>/selfexsr/SelfExSR-master/data/Urban100/image_SRF_4/img_053_SRF_4_HR.png,<benchmark_root>/selfexsr/SelfExSR-master/data/Urban100/image_SRF_4/img_053_SRF_4_LR.png,20.27552170517115,0.5916167372659874,18.948100146673607
Urban100,img_053,detail_base,<output_root>/detail_v1d/Urban100/img_053/base.png,<benchmark_root>/selfexsr/SelfExSR-master/data/Urban100/image_SRF_4/img_053_SRF_4_HR.png,<benchmark_root>/selfexsr/SelfExSR-master/data/Urban100/image_SRF_4/img_053_SRF_4_LR.png,22.172199772386357,0.7140481600789137,20.831983745778718
Urban100,img_053,detail_v1d,<output_root>/detail_v1d/Urban100/img_053/detail.png,<benchmark_root>/selfexsr/SelfExSR-master/data/Urban100/image_SRF_4/img_053_SRF_4_HR.png,<benchmark_root>/selfexsr/SelfExSR-master/data/Urban100/image_SRF_4/img_053_SRF_4_LR.png,22.508673707230113,0.731855582490948,21.165865555330143
Urban100,img_053,refiner_condition,<output_root>/refiner_v2/Urban100/img_053/condition.png,<benchmark_root>/selfexsr/SelfExSR-master/data/Urban100/image_SRF_4/img_053_SRF_4_HR.png,<benchmark_root>/selfexsr/SelfExSR-master/data/Urban100/image_SRF_4/img_053_SRF_4_LR.png,21.493559265397288,0.6720738027366444,20.14879188813646
Urban100,img_053,refiner_v2,<output_root>/refiner_v2/Urban100/img_053/refined.png,<benchmark_root>/selfexsr/SelfExSR-master/data/Urban100/image_SRF_4/img_053_SRF_4_HR.png,<benchmark_root>/selfexsr/SelfExSR-master/data/Urban100/image_SRF_4/img_053_SRF_4_LR.png,21.706793848191634,0.6916511704630489,20.367200858119983
Urban100,img_053,RealESRNet_x4plus,<output_root>/realesrgan/Urban100/img_053/RealESRNet_x4plus.png,<benchmark_root>/selfexsr/SelfExSR-master/data/Urban100/image_SRF_4/img_053_SRF_4_HR.png,<benchmark_root>/selfexsr/SelfExSR-master/data/Urban100/image_SRF_4/img_053_SRF_4_LR.png,21.55316004078673,0.6915867816420475,20.150908933620954
Urban100,img_053,RealESRGAN_x4plus,<output_root>/realesrgan/Urban100/img_053/RealESRGAN_x4plus.png,<benchmark_root>/selfexsr/SelfExSR-master/data/Urban100/image_SRF_4/img_053_SRF_4_HR.png,<benchmark_root>/selfexsr/SelfExSR-master/data/Urban100/image_SRF_4/img_053_SRF_4_LR.png,19.86166842962183,0.6040486693341351,18.478647892434072
Urban100,img_054,bicubic,generated:matlab_bicubic_resize,<benchmark_root>/selfexsr/SelfExSR-master/data/Urban100/image_SRF_4/img_054_SRF_4_HR.png,<benchmark_root>/selfexsr/SelfExSR-master/data/Urban100/image_SRF_4/img_054_SRF_4_LR.png,19.9679984484084,0.5294832020168456,18.462318399415004
Urban100,img_054,detail_base,<output_root>/detail_v1d/Urban100/img_054/base.png,<benchmark_root>/selfexsr/SelfExSR-master/data/Urban100/image_SRF_4/img_054_SRF_4_HR.png,<benchmark_root>/selfexsr/SelfExSR-master/data/Urban100/image_SRF_4/img_054_SRF_4_LR.png,20.916570108335225,0.6352964817715605,19.434583064329114
Urban100,img_054,detail_v1d,<output_root>/detail_v1d/Urban100/img_054/detail.png,<benchmark_root>/selfexsr/SelfExSR-master/data/Urban100/image_SRF_4/img_054_SRF_4_HR.png,<benchmark_root>/selfexsr/SelfExSR-master/data/Urban100/image_SRF_4/img_054_SRF_4_LR.png,21.168919502172674,0.6530566195063455,19.688097673408485
Urban100,img_054,refiner_condition,<output_root>/refiner_v2/Urban100/img_054/condition.png,<benchmark_root>/selfexsr/SelfExSR-master/data/Urban100/image_SRF_4/img_054_SRF_4_HR.png,<benchmark_root>/selfexsr/SelfExSR-master/data/Urban100/image_SRF_4/img_054_SRF_4_LR.png,20.64926537873872,0.603642010285052,19.14301116255978
Urban100,img_054,refiner_v2,<output_root>/refiner_v2/Urban100/img_054/refined.png,<benchmark_root>/selfexsr/SelfExSR-master/data/Urban100/image_SRF_4/img_054_SRF_4_HR.png,<benchmark_root>/selfexsr/SelfExSR-master/data/Urban100/image_SRF_4/img_054_SRF_4_LR.png,20.699451712565626,0.6193093190152593,19.214824017195298
Urban100,img_054,RealESRNet_x4plus,<output_root>/realesrgan/Urban100/img_054/RealESRNet_x4plus.png,<benchmark_root>/selfexsr/SelfExSR-master/data/Urban100/image_SRF_4/img_054_SRF_4_HR.png,<benchmark_root>/selfexsr/SelfExSR-master/data/Urban100/image_SRF_4/img_054_SRF_4_LR.png,20.645427250641095,0.6275150580728688,19.055075257326372
Urban100,img_054,RealESRGAN_x4plus,<output_root>/realesrgan/Urban100/img_054/RealESRGAN_x4plus.png,<benchmark_root>/selfexsr/SelfExSR-master/data/Urban100/image_SRF_4/img_054_SRF_4_HR.png,<benchmark_root>/selfexsr/SelfExSR-master/data/Urban100/image_SRF_4/img_054_SRF_4_LR.png,19.20630277463589,0.5682073445741709,17.667605035385726
Urban100,img_055,bicubic,generated:matlab_bicubic_resize,<benchmark_root>/selfexsr/SelfExSR-master/data/Urban100/image_SRF_4/img_055_SRF_4_HR.png,<benchmark_root>/selfexsr/SelfExSR-master/data/Urban100/image_SRF_4/img_055_SRF_4_LR.png,25.068140830626966,0.7840401628465447,23.25238087418668
Urban100,img_055,detail_base,<output_root>/detail_v1d/Urban100/img_055/base.png,<benchmark_root>/selfexsr/SelfExSR-master/data/Urban100/image_SRF_4/img_055_SRF_4_HR.png,<benchmark_root>/selfexsr/SelfExSR-master/data/Urban100/image_SRF_4/img_055_SRF_4_LR.png,31.84140917231528,0.9390065716352214,29.89217132225899
Urban100,img_055,detail_v1d,<output_root>/detail_v1d/Urban100/img_055/detail.png,<benchmark_root>/selfexsr/SelfExSR-master/data/Urban100/image_SRF_4/img_055_SRF_4_HR.png,<benchmark_root>/selfexsr/SelfExSR-master/data/Urban100/image_SRF_4/img_055_SRF_4_LR.png,32.44297943612572,0.9464383975148042,30.513696192632832
Urban100,img_055,refiner_condition,<output_root>/refiner_v2/Urban100/img_055/condition.png,<benchmark_root>/selfexsr/SelfExSR-master/data/Urban100/image_SRF_4/img_055_SRF_4_HR.png,<benchmark_root>/selfexsr/SelfExSR-master/data/Urban100/image_SRF_4/img_055_SRF_4_LR.png,30.281649795148887,0.9167986824088565,28.046790078927483
Urban100,img_055,refiner_v2,<output_root>/refiner_v2/Urban100/img_055/refined.png,<benchmark_root>/selfexsr/SelfExSR-master/data/Urban100/image_SRF_4/img_055_SRF_4_HR.png,<benchmark_root>/selfexsr/SelfExSR-master/data/Urban100/image_SRF_4/img_055_SRF_4_LR.png,30.30053199334254,0.9213750344179478,28.305020810878702
Urban100,img_055,RealESRNet_x4plus,<output_root>/realesrgan/Urban100/img_055/RealESRNet_x4plus.png,<benchmark_root>/selfexsr/SelfExSR-master/data/Urban100/image_SRF_4/img_055_SRF_4_HR.png,<benchmark_root>/selfexsr/SelfExSR-master/data/Urban100/image_SRF_4/img_055_SRF_4_LR.png,29.308633918658842,0.9208930718277969,26.23088456765752
Urban100,img_055,RealESRGAN_x4plus,<output_root>/realesrgan/Urban100/img_055/RealESRGAN_x4plus.png,<benchmark_root>/selfexsr/SelfExSR-master/data/Urban100/image_SRF_4/img_055_SRF_4_HR.png,<benchmark_root>/selfexsr/SelfExSR-master/data/Urban100/image_SRF_4/img_055_SRF_4_LR.png,28.014314621433805,0.9013933381352162,25.381783429610504
Urban100,img_056,bicubic,generated:matlab_bicubic_resize,<benchmark_root>/selfexsr/SelfExSR-master/data/Urban100/image_SRF_4/img_056_SRF_4_HR.png,<benchmark_root>/selfexsr/SelfExSR-master/data/Urban100/image_SRF_4/img_056_SRF_4_LR.png,22.174241841591886,0.6261250186854361,20.839418622425082
Urban100,img_056,detail_base,<output_root>/detail_v1d/Urban100/img_056/base.png,<benchmark_root>/selfexsr/SelfExSR-master/data/Urban100/image_SRF_4/img_056_SRF_4_HR.png,<benchmark_root>/selfexsr/SelfExSR-master/data/Urban100/image_SRF_4/img_056_SRF_4_LR.png,24.57120413834275,0.7630538762741873,23.199751111961334
Urban100,img_056,detail_v1d,<output_root>/detail_v1d/Urban100/img_056/detail.png,<benchmark_root>/selfexsr/SelfExSR-master/data/Urban100/image_SRF_4/img_056_SRF_4_HR.png,<benchmark_root>/selfexsr/SelfExSR-master/data/Urban100/image_SRF_4/img_056_SRF_4_LR.png,24.927279259496125,0.7807331895802249,23.555846558730554
Urban100,img_056,refiner_condition,<output_root>/refiner_v2/Urban100/img_056/condition.png,<benchmark_root>/selfexsr/SelfExSR-master/data/Urban100/image_SRF_4/img_056_SRF_4_HR.png,<benchmark_root>/selfexsr/SelfExSR-master/data/Urban100/image_SRF_4/img_056_SRF_4_LR.png,23.91011522596104,0.7260711716356416,22.528400823830225
Urban100,img_056,refiner_v2,<output_root>/refiner_v2/Urban100/img_056/refined.png,<benchmark_root>/selfexsr/SelfExSR-master/data/Urban100/image_SRF_4/img_056_SRF_4_HR.png,<benchmark_root>/selfexsr/SelfExSR-master/data/Urban100/image_SRF_4/img_056_SRF_4_LR.png,24.097482917604825,0.7428273874505212,22.72982909324671
Urban100,img_056,RealESRNet_x4plus,<output_root>/realesrgan/Urban100/img_056/RealESRNet_x4plus.png,<benchmark_root>/selfexsr/SelfExSR-master/data/Urban100/image_SRF_4/img_056_SRF_4_HR.png,<benchmark_root>/selfexsr/SelfExSR-master/data/Urban100/image_SRF_4/img_056_SRF_4_LR.png,23.463219893332408,0.7275435385324429,22.038312097667692
Urban100,img_056,RealESRGAN_x4plus,<output_root>/realesrgan/Urban100/img_056/RealESRGAN_x4plus.png,<benchmark_root>/selfexsr/SelfExSR-master/data/Urban100/image_SRF_4/img_056_SRF_4_HR.png,<benchmark_root>/selfexsr/SelfExSR-master/data/Urban100/image_SRF_4/img_056_SRF_4_LR.png,21.386026732408396,0.656367559036929,19.9746471392648
Urban100,img_057,bicubic,generated:matlab_bicubic_resize,<benchmark_root>/selfexsr/SelfExSR-master/data/Urban100/image_SRF_4/img_057_SRF_4_HR.png,<benchmark_root>/selfexsr/SelfExSR-master/data/Urban100/image_SRF_4/img_057_SRF_4_LR.png,26.145526808060247,0.794574110439895,24.76279223334525
Urban100,img_057,detail_base,<output_root>/detail_v1d/Urban100/img_057/base.png,<benchmark_root>/selfexsr/SelfExSR-master/data/Urban100/image_SRF_4/img_057_SRF_4_HR.png,<benchmark_root>/selfexsr/SelfExSR-master/data/Urban100/image_SRF_4/img_057_SRF_4_LR.png,30.198769259069465,0.882170940099283,28.766059188154074
Urban100,img_057,detail_v1d,<output_root>/detail_v1d/Urban100/img_057/detail.png,<benchmark_root>/selfexsr/SelfExSR-master/data/Urban100/image_SRF_4/img_057_SRF_4_HR.png,<benchmark_root>/selfexsr/SelfExSR-master/data/Urban100/image_SRF_4/img_057_SRF_4_LR.png,30.825308314446687,0.8943144902078515,29.379039147697764
Urban100,img_057,refiner_condition,<output_root>/refiner_v2/Urban100/img_057/condition.png,<benchmark_root>/selfexsr/SelfExSR-master/data/Urban100/image_SRF_4/img_057_SRF_4_HR.png,<benchmark_root>/selfexsr/SelfExSR-master/data/Urban100/image_SRF_4/img_057_SRF_4_LR.png,28.686252388278866,0.8496537876351188,27.237992986676876
Urban100,img_057,refiner_v2,<output_root>/refiner_v2/Urban100/img_057/refined.png,<benchmark_root>/selfexsr/SelfExSR-master/data/Urban100/image_SRF_4/img_057_SRF_4_HR.png,<benchmark_root>/selfexsr/SelfExSR-master/data/Urban100/image_SRF_4/img_057_SRF_4_LR.png,29.445929734611976,0.865443652904174,28.03726058904973
Urban100,img_057,RealESRNet_x4plus,<output_root>/realesrgan/Urban100/img_057/RealESRNet_x4plus.png,<benchmark_root>/selfexsr/SelfExSR-master/data/Urban100/image_SRF_4/img_057_SRF_4_HR.png,<benchmark_root>/selfexsr/SelfExSR-master/data/Urban100/image_SRF_4/img_057_SRF_4_LR.png,28.538495494504424,0.8507993659467908,26.98652376727174
Urban100,img_057,RealESRGAN_x4plus,<output_root>/realesrgan/Urban100/img_057/RealESRGAN_x4plus.png,<benchmark_root>/selfexsr/SelfExSR-master/data/Urban100/image_SRF_4/img_057_SRF_4_HR.png,<benchmark_root>/selfexsr/SelfExSR-master/data/Urban100/image_SRF_4/img_057_SRF_4_LR.png,26.762505341295547,0.7979531933944217,25.197550478690232
Urban100,img_058,bicubic,generated:matlab_bicubic_resize,<benchmark_root>/selfexsr/SelfExSR-master/data/Urban100/image_SRF_4/img_058_SRF_4_HR.png,<benchmark_root>/selfexsr/SelfExSR-master/data/Urban100/image_SRF_4/img_058_SRF_4_LR.png,22.335133607483645,0.715923789681161,20.924090155138636
Urban100,img_058,detail_base,<output_root>/detail_v1d/Urban100/img_058/base.png,<benchmark_root>/selfexsr/SelfExSR-master/data/Urban100/image_SRF_4/img_058_SRF_4_HR.png,<benchmark_root>/selfexsr/SelfExSR-master/data/Urban100/image_SRF_4/img_058_SRF_4_LR.png,25.02315851943905,0.8274972633161743,23.565262471621388
Urban100,img_058,detail_v1d,<output_root>/detail_v1d/Urban100/img_058/detail.png,<benchmark_root>/selfexsr/SelfExSR-master/data/Urban100/image_SRF_4/img_058_SRF_4_HR.png,<benchmark_root>/selfexsr/SelfExSR-master/data/Urban100/image_SRF_4/img_058_SRF_4_LR.png,25.54738117380632,0.8436651805639981,24.088335991460323
Urban100,img_058,refiner_condition,<output_root>/refiner_v2/Urban100/img_058/condition.png,<benchmark_root>/selfexsr/SelfExSR-master/data/Urban100/image_SRF_4/img_058_SRF_4_HR.png,<benchmark_root>/selfexsr/SelfExSR-master/data/Urban100/image_SRF_4/img_058_SRF_4_LR.png,23.605145495836975,0.7831997013258405,22.14951550178592
Urban100,img_058,refiner_v2,<output_root>/refiner_v2/Urban100/img_058/refined.png,<benchmark_root>/selfexsr/SelfExSR-master/data/Urban100/image_SRF_4/img_058_SRF_4_HR.png,<benchmark_root>/selfexsr/SelfExSR-master/data/Urban100/image_SRF_4/img_058_SRF_4_LR.png,24.09107341891387,0.7994950347321232,22.66370292779954
Urban100,img_058,RealESRNet_x4plus,<output_root>/realesrgan/Urban100/img_058/RealESRNet_x4plus.png,<benchmark_root>/selfexsr/SelfExSR-master/data/Urban100/image_SRF_4/img_058_SRF_4_HR.png,<benchmark_root>/selfexsr/SelfExSR-master/data/Urban100/image_SRF_4/img_058_SRF_4_LR.png,24.3716207581315,0.8082732638794428,22.65907002495368
Urban100,img_058,RealESRGAN_x4plus,<output_root>/realesrgan/Urban100/img_058/RealESRGAN_x4plus.png,<benchmark_root>/selfexsr/SelfExSR-master/data/Urban100/image_SRF_4/img_058_SRF_4_HR.png,<benchmark_root>/selfexsr/SelfExSR-master/data/Urban100/image_SRF_4/img_058_SRF_4_LR.png,22.58608778740202,0.7568651488906802,20.938297066655558
Urban100,img_059,bicubic,generated:matlab_bicubic_resize,<benchmark_root>/selfexsr/SelfExSR-master/data/Urban100/image_SRF_4/img_059_SRF_4_HR.png,<benchmark_root>/selfexsr/SelfExSR-master/data/Urban100/image_SRF_4/img_059_SRF_4_LR.png,20.449160975430836,0.6559406586703311,19.04378153774288
Urban100,img_059,detail_base,<output_root>/detail_v1d/Urban100/img_059/base.png,<benchmark_root>/selfexsr/SelfExSR-master/data/Urban100/image_SRF_4/img_059_SRF_4_HR.png,<benchmark_root>/selfexsr/SelfExSR-master/data/Urban100/image_SRF_4/img_059_SRF_4_LR.png,21.40273524546998,0.7335735470798119,20.02187662938757
Urban100,img_059,detail_v1d,<output_root>/detail_v1d/Urban100/img_059/detail.png,<benchmark_root>/selfexsr/SelfExSR-master/data/Urban100/image_SRF_4/img_059_SRF_4_HR.png,<benchmark_root>/selfexsr/SelfExSR-master/data/Urban100/image_SRF_4/img_059_SRF_4_LR.png,21.750638572328988,0.7517837530221206,20.37091688766379
Urban100,img_059,refiner_condition,<output_root>/refiner_v2/Urban100/img_059/condition.png,<benchmark_root>/selfexsr/SelfExSR-master/data/Urban100/image_SRF_4/img_059_SRF_4_HR.png,<benchmark_root>/selfexsr/SelfExSR-master/data/Urban100/image_SRF_4/img_059_SRF_4_LR.png,21.054074537841192,0.7041040779047549,19.65480339965723
Urban100,img_059,refiner_v2,<output_root>/refiner_v2/Urban100/img_059/refined.png,<benchmark_root>/selfexsr/SelfExSR-master/data/Urban100/image_SRF_4/img_059_SRF_4_HR.png,<benchmark_root>/selfexsr/SelfExSR-master/data/Urban100/image_SRF_4/img_059_SRF_4_LR.png,21.141920478049286,0.7141291452363907,19.751467802182475
Urban100,img_059,RealESRNet_x4plus,<output_root>/realesrgan/Urban100/img_059/RealESRNet_x4plus.png,<benchmark_root>/selfexsr/SelfExSR-master/data/Urban100/image_SRF_4/img_059_SRF_4_HR.png,<benchmark_root>/selfexsr/SelfExSR-master/data/Urban100/image_SRF_4/img_059_SRF_4_LR.png,21.41088509884661,0.7229387120289856,19.99988809145472
Urban100,img_059,RealESRGAN_x4plus,<output_root>/realesrgan/Urban100/img_059/RealESRGAN_x4plus.png,<benchmark_root>/selfexsr/SelfExSR-master/data/Urban100/image_SRF_4/img_059_SRF_4_HR.png,<benchmark_root>/selfexsr/SelfExSR-master/data/Urban100/image_SRF_4/img_059_SRF_4_LR.png,20.872765452829864,0.7094962566552319,19.461419765403406
Urban100,img_060,bicubic,generated:matlab_bicubic_resize,<benchmark_root>/selfexsr/SelfExSR-master/data/Urban100/image_SRF_4/img_060_SRF_4_HR.png,<benchmark_root>/selfexsr/SelfExSR-master/data/Urban100/image_SRF_4/img_060_SRF_4_LR.png,21.094933614459986,0.44162461676640524,19.646111926582286
Urban100,img_060,detail_base,<output_root>/detail_v1d/Urban100/img_060/base.png,<benchmark_root>/selfexsr/SelfExSR-master/data/Urban100/image_SRF_4/img_060_SRF_4_HR.png,<benchmark_root>/selfexsr/SelfExSR-master/data/Urban100/image_SRF_4/img_060_SRF_4_LR.png,22.36091885914586,0.5563990352724534,20.96404909303474
Urban100,img_060,detail_v1d,<output_root>/detail_v1d/Urban100/img_060/detail.png,<benchmark_root>/selfexsr/SelfExSR-master/data/Urban100/image_SRF_4/img_060_SRF_4_HR.png,<benchmark_root>/selfexsr/SelfExSR-master/data/Urban100/image_SRF_4/img_060_SRF_4_LR.png,22.533545655355848,0.5695512114376994,21.144308566760404
Urban100,img_060,refiner_condition,<output_root>/refiner_v2/Urban100/img_060/condition.png,<benchmark_root>/selfexsr/SelfExSR-master/data/Urban100/image_SRF_4/img_060_SRF_4_HR.png,<benchmark_root>/selfexsr/SelfExSR-master/data/Urban100/image_SRF_4/img_060_SRF_4_LR.png,21.97875130853475,0.5166265627983025,20.539192240151543
Urban100,img_060,refiner_v2,<output_root>/refiner_v2/Urban100/img_060/refined.png,<benchmark_root>/selfexsr/SelfExSR-master/data/Urban100/image_SRF_4/img_060_SRF_4_HR.png,<benchmark_root>/selfexsr/SelfExSR-master/data/Urban100/image_SRF_4/img_060_SRF_4_LR.png,22.14848288994999,0.53723119128991,20.739567048477426
Urban100,img_060,RealESRNet_x4plus,<output_root>/realesrgan/Urban100/img_060/RealESRNet_x4plus.png,<benchmark_root>/selfexsr/SelfExSR-master/data/Urban100/image_SRF_4/img_060_SRF_4_HR.png,<benchmark_root>/selfexsr/SelfExSR-master/data/Urban100/image_SRF_4/img_060_SRF_4_LR.png,21.572660016946873,0.5256786084848261,19.961897574923047
Urban100,img_060,RealESRGAN_x4plus,<output_root>/realesrgan/Urban100/img_060/RealESRGAN_x4plus.png,<benchmark_root>/selfexsr/SelfExSR-master/data/Urban100/image_SRF_4/img_060_SRF_4_HR.png,<benchmark_root>/selfexsr/SelfExSR-master/data/Urban100/image_SRF_4/img_060_SRF_4_LR.png,20.25699107106918,0.46658062831363345,18.68279611467871
Urban100,img_061,bicubic,generated:matlab_bicubic_resize,<benchmark_root>/selfexsr/SelfExSR-master/data/Urban100/image_SRF_4/img_061_SRF_4_HR.png,<benchmark_root>/selfexsr/SelfExSR-master/data/Urban100/image_SRF_4/img_061_SRF_4_LR.png,22.90211902548743,0.6254687414841348,21.388877699761313
Urban100,img_061,detail_base,<output_root>/detail_v1d/Urban100/img_061/base.png,<benchmark_root>/selfexsr/SelfExSR-master/data/Urban100/image_SRF_4/img_061_SRF_4_HR.png,<benchmark_root>/selfexsr/SelfExSR-master/data/Urban100/image_SRF_4/img_061_SRF_4_LR.png,24.258055413776724,0.7343751572214734,22.67293386696697
Urban100,img_061,detail_v1d,<output_root>/detail_v1d/Urban100/img_061/detail.png,<benchmark_root>/selfexsr/SelfExSR-master/data/Urban100/image_SRF_4/img_061_SRF_4_HR.png,<benchmark_root>/selfexsr/SelfExSR-master/data/Urban100/image_SRF_4/img_061_SRF_4_LR.png,24.5062203398221,0.7481758647558251,22.919209147537583
Urban100,img_061,refiner_condition,<output_root>/refiner_v2/Urban100/img_061/condition.png,<benchmark_root>/selfexsr/SelfExSR-master/data/Urban100/image_SRF_4/img_061_SRF_4_HR.png,<benchmark_root>/selfexsr/SelfExSR-master/data/Urban100/image_SRF_4/img_061_SRF_4_LR.png,23.88613036458329,0.6983773633192633,22.241471922156467
Urban100,img_061,refiner_v2,<output_root>/refiner_v2/Urban100/img_061/refined.png,<benchmark_root>/selfexsr/SelfExSR-master/data/Urban100/image_SRF_4/img_061_SRF_4_HR.png,<benchmark_root>/selfexsr/SelfExSR-master/data/Urban100/image_SRF_4/img_061_SRF_4_LR.png,24.032546032059695,0.7152265181467002,22.451914986180356
Urban100,img_061,RealESRNet_x4plus,<output_root>/realesrgan/Urban100/img_061/RealESRNet_x4plus.png,<benchmark_root>/selfexsr/SelfExSR-master/data/Urban100/image_SRF_4/img_061_SRF_4_HR.png,<benchmark_root>/selfexsr/SelfExSR-master/data/Urban100/image_SRF_4/img_061_SRF_4_LR.png,23.53609803009895,0.7089486286663392,21.718265296969204
Urban100,img_061,RealESRGAN_x4plus,<output_root>/realesrgan/Urban100/img_061/RealESRGAN_x4plus.png,<benchmark_root>/selfexsr/SelfExSR-master/data/Urban100/image_SRF_4/img_061_SRF_4_HR.png,<benchmark_root>/selfexsr/SelfExSR-master/data/Urban100/image_SRF_4/img_061_SRF_4_LR.png,20.417882327644193,0.6260726454061402,18.654305686074974
Urban100,img_062,bicubic,generated:matlab_bicubic_resize,<benchmark_root>/selfexsr/SelfExSR-master/data/Urban100/image_SRF_4/img_062_SRF_4_HR.png,<benchmark_root>/selfexsr/SelfExSR-master/data/Urban100/image_SRF_4/img_062_SRF_4_LR.png,19.8606624401761,0.6458850221229868,18.431772770315842
Urban100,img_062,detail_base,<output_root>/detail_v1d/Urban100/img_062/base.png,<benchmark_root>/selfexsr/SelfExSR-master/data/Urban100/image_SRF_4/img_062_SRF_4_HR.png,<benchmark_root>/selfexsr/SelfExSR-master/data/Urban100/image_SRF_4/img_062_SRF_4_LR.png,20.90969793022093,0.7700781655766082,19.489825893744822
Urban100,img_062,detail_v1d,<output_root>/detail_v1d/Urban100/img_062/detail.png,<benchmark_root>/selfexsr/SelfExSR-master/data/Urban100/image_SRF_4/img_062_SRF_4_HR.png,<benchmark_root>/selfexsr/SelfExSR-master/data/Urban100/image_SRF_4/img_062_SRF_4_LR.png,21.20995575825716,0.7913537879627018,19.792552924003243
Urban100,img_062,refiner_condition,<output_root>/refiner_v2/Urban100/img_062/condition.png,<benchmark_root>/selfexsr/SelfExSR-master/data/Urban100/image_SRF_4/img_062_SRF_4_HR.png,<benchmark_root>/selfexsr/SelfExSR-master/data/Urban100/image_SRF_4/img_062_SRF_4_LR.png,20.479831365765016,0.7094647883151749,19.0422267647339
Urban100,img_062,refiner_v2,<output_root>/refiner_v2/Urban100/img_062/refined.png,<benchmark_root>/selfexsr/SelfExSR-master/data/Urban100/image_SRF_4/img_062_SRF_4_HR.png,<benchmark_root>/selfexsr/SelfExSR-master/data/Urban100/image_SRF_4/img_062_SRF_4_LR.png,20.658768547203987,0.7315476714980429,19.23689175851464
Urban100,img_062,RealESRNet_x4plus,<output_root>/realesrgan/Urban100/img_062/RealESRNet_x4plus.png,<benchmark_root>/selfexsr/SelfExSR-master/data/Urban100/image_SRF_4/img_062_SRF_4_HR.png,<benchmark_root>/selfexsr/SelfExSR-master/data/Urban100/image_SRF_4/img_062_SRF_4_LR.png,20.52639405051607,0.7200303980870892,19.013385565831
Urban100,img_062,RealESRGAN_x4plus,<output_root>/realesrgan/Urban100/img_062/RealESRGAN_x4plus.png,<benchmark_root>/selfexsr/SelfExSR-master/data/Urban100/image_SRF_4/img_062_SRF_4_HR.png,<benchmark_root>/selfexsr/SelfExSR-master/data/Urban100/image_SRF_4/img_062_SRF_4_LR.png,19.173030426878114,0.6931276249494034,17.67544973273357
Urban100,img_063,bicubic,generated:matlab_bicubic_resize,<benchmark_root>/selfexsr/SelfExSR-master/data/Urban100/image_SRF_4/img_063_SRF_4_HR.png,<benchmark_root>/selfexsr/SelfExSR-master/data/Urban100/image_SRF_4/img_063_SRF_4_LR.png,17.954628605229544,0.43123074051208443,16.747532272380383
Urban100,img_063,detail_base,<output_root>/detail_v1d/Urban100/img_063/base.png,<benchmark_root>/selfexsr/SelfExSR-master/data/Urban100/image_SRF_4/img_063_SRF_4_HR.png,<benchmark_root>/selfexsr/SelfExSR-master/data/Urban100/image_SRF_4/img_063_SRF_4_LR.png,21.857004697355592,0.6006739333235227,20.512804424329566
Urban100,img_063,detail_v1d,<output_root>/detail_v1d/Urban100/img_063/detail.png,<benchmark_root>/selfexsr/SelfExSR-master/data/Urban100/image_SRF_4/img_063_SRF_4_HR.png,<benchmark_root>/selfexsr/SelfExSR-master/data/Urban100/image_SRF_4/img_063_SRF_4_LR.png,22.171705772897482,0.609311154913893,20.81501816197806
Urban100,img_063,refiner_condition,<output_root>/refiner_v2/Urban100/img_063/condition.png,<benchmark_root>/selfexsr/SelfExSR-master/data/Urban100/image_SRF_4/img_063_SRF_4_HR.png,<benchmark_root>/selfexsr/SelfExSR-master/data/Urban100/image_SRF_4/img_063_SRF_4_LR.png,20.569182521555753,0.5538227727097597,19.25847875173596
Urban100,img_063,refiner_v2,<output_root>/refiner_v2/Urban100/img_063/refined.png,<benchmark_root>/selfexsr/SelfExSR-master/data/Urban100/image_SRF_4/img_063_SRF_4_HR.png,<benchmark_root>/selfexsr/SelfExSR-master/data/Urban100/image_SRF_4/img_063_SRF_4_LR.png,21.318467398514937,0.5820759640459462,20.03016635614526
Urban100,img_063,RealESRNet_x4plus,<output_root>/realesrgan/Urban100/img_063/RealESRNet_x4plus.png,<benchmark_root>/selfexsr/SelfExSR-master/data/Urban100/image_SRF_4/img_063_SRF_4_HR.png,<benchmark_root>/selfexsr/SelfExSR-master/data/Urban100/image_SRF_4/img_063_SRF_4_LR.png,21.294985433407213,0.574654622209742,19.57192724052885
Urban100,img_063,RealESRGAN_x4plus,<output_root>/realesrgan/Urban100/img_063/RealESRGAN_x4plus.png,<benchmark_root>/selfexsr/SelfExSR-master/data/Urban100/image_SRF_4/img_063_SRF_4_HR.png,<benchmark_root>/selfexsr/SelfExSR-master/data/Urban100/image_SRF_4/img_063_SRF_4_LR.png,20.684354699830422,0.5542458549243097,19.065180873713818
Urban100,img_064,bicubic,generated:matlab_bicubic_resize,<benchmark_root>/selfexsr/SelfExSR-master/data/Urban100/image_SRF_4/img_064_SRF_4_HR.png,<benchmark_root>/selfexsr/SelfExSR-master/data/Urban100/image_SRF_4/img_064_SRF_4_LR.png,24.911751884280868,0.7029744157187847,23.597111586733543
Urban100,img_064,detail_base,<output_root>/detail_v1d/Urban100/img_064/base.png,<benchmark_root>/selfexsr/SelfExSR-master/data/Urban100/image_SRF_4/img_064_SRF_4_HR.png,<benchmark_root>/selfexsr/SelfExSR-master/data/Urban100/image_SRF_4/img_064_SRF_4_LR.png,26.227468924094104,0.7681094075904082,24.869122791448696
Urban100,img_064,detail_v1d,<output_root>/detail_v1d/Urban100/img_064/detail.png,<benchmark_root>/selfexsr/SelfExSR-master/data/Urban100/image_SRF_4/img_064_SRF_4_HR.png,<benchmark_root>/selfexsr/SelfExSR-master/data/Urban100/image_SRF_4/img_064_SRF_4_LR.png,26.52950650342845,0.7800373836492501,25.166851639956484
Urban100,img_064,refiner_condition,<output_root>/refiner_v2/Urban100/img_064/condition.png,<benchmark_root>/selfexsr/SelfExSR-master/data/Urban100/image_SRF_4/img_064_SRF_4_HR.png,<benchmark_root>/selfexsr/SelfExSR-master/data/Urban100/image_SRF_4/img_064_SRF_4_LR.png,25.807664549369242,0.7520282674744114,24.43154281122572
Urban100,img_064,refiner_v2,<output_root>/refiner_v2/Urban100/img_064/refined.png,<benchmark_root>/selfexsr/SelfExSR-master/data/Urban100/image_SRF_4/img_064_SRF_4_HR.png,<benchmark_root>/selfexsr/SelfExSR-master/data/Urban100/image_SRF_4/img_064_SRF_4_LR.png,25.932431033812158,0.761882036985868,24.574169230212863
Urban100,img_064,RealESRNet_x4plus,<output_root>/realesrgan/Urban100/img_064/RealESRNet_x4plus.png,<benchmark_root>/selfexsr/SelfExSR-master/data/Urban100/image_SRF_4/img_064_SRF_4_HR.png,<benchmark_root>/selfexsr/SelfExSR-master/data/Urban100/image_SRF_4/img_064_SRF_4_LR.png,25.5515175750809,0.7443613208843151,24.129243653064044
Urban100,img_064,RealESRGAN_x4plus,<output_root>/realesrgan/Urban100/img_064/RealESRGAN_x4plus.png,<benchmark_root>/selfexsr/SelfExSR-master/data/Urban100/image_SRF_4/img_064_SRF_4_HR.png,<benchmark_root>/selfexsr/SelfExSR-master/data/Urban100/image_SRF_4/img_064_SRF_4_LR.png,22.572818051805108,0.6029337965582932,21.193895592136887
Urban100,img_065,bicubic,generated:matlab_bicubic_resize,<benchmark_root>/selfexsr/SelfExSR-master/data/Urban100/image_SRF_4/img_065_SRF_4_HR.png,<benchmark_root>/selfexsr/SelfExSR-master/data/Urban100/image_SRF_4/img_065_SRF_4_LR.png,23.92499605826941,0.6100779728996248,22.26002238285279
Urban100,img_065,detail_base,<output_root>/detail_v1d/Urban100/img_065/base.png,<benchmark_root>/selfexsr/SelfExSR-master/data/Urban100/image_SRF_4/img_065_SRF_4_HR.png,<benchmark_root>/selfexsr/SelfExSR-master/data/Urban100/image_SRF_4/img_065_SRF_4_LR.png,25.207825833227638,0.7052012534878608,23.535196279055597
Urban100,img_065,detail_v1d,<output_root>/detail_v1d/Urban100/img_065/detail.png,<benchmark_root>/selfexsr/SelfExSR-master/data/Urban100/image_SRF_4/img_065_SRF_4_HR.png,<benchmark_root>/selfexsr/SelfExSR-master/data/Urban100/image_SRF_4/img_065_SRF_4_LR.png,25.412533531163053,0.721849581622024,23.728917986476215
Urban100,img_065,refiner_condition,<output_root>/refiner_v2/Urban100/img_065/condition.png,<benchmark_root>/selfexsr/SelfExSR-master/data/Urban100/image_SRF_4/img_065_SRF_4_HR.png,<benchmark_root>/selfexsr/SelfExSR-master/data/Urban100/image_SRF_4/img_065_SRF_4_LR.png,24.644751422878187,0.6695238041339889,22.960446425024003
Urban100,img_065,refiner_v2,<output_root>/refiner_v2/Urban100/img_065/refined.png,<benchmark_root>/selfexsr/SelfExSR-master/data/Urban100/image_SRF_4/img_065_SRF_4_HR.png,<benchmark_root>/selfexsr/SelfExSR-master/data/Urban100/image_SRF_4/img_065_SRF_4_LR.png,24.764480961807532,0.6815650097946748,23.095544913005828
Urban100,img_065,RealESRNet_x4plus,<output_root>/realesrgan/Urban100/img_065/RealESRNet_x4plus.png,<benchmark_root>/selfexsr/SelfExSR-master/data/Urban100/image_SRF_4/img_065_SRF_4_HR.png,<benchmark_root>/selfexsr/SelfExSR-master/data/Urban100/image_SRF_4/img_065_SRF_4_LR.png,24.452044168663324,0.6964887988549048,22.36980167371779
Urban100,img_065,RealESRGAN_x4plus,<output_root>/realesrgan/Urban100/img_065/RealESRGAN_x4plus.png,<benchmark_root>/selfexsr/SelfExSR-master/data/Urban100/image_SRF_4/img_065_SRF_4_HR.png,<benchmark_root>/selfexsr/SelfExSR-master/data/Urban100/image_SRF_4/img_065_SRF_4_LR.png,21.835606529755932,0.5815300810231578,19.98984314640016
Urban100,img_066,bicubic,generated:matlab_bicubic_resize,<benchmark_root>/selfexsr/SelfExSR-master/data/Urban100/image_SRF_4/img_066_SRF_4_HR.png,<benchmark_root>/selfexsr/SelfExSR-master/data/Urban100/image_SRF_4/img_066_SRF_4_LR.png,21.337516884349167,0.5568841163810392,20.014394519723876
Urban100,img_066,detail_base,<output_root>/detail_v1d/Urban100/img_066/base.png,<benchmark_root>/selfexsr/SelfExSR-master/data/Urban100/image_SRF_4/img_066_SRF_4_HR.png,<benchmark_root>/selfexsr/SelfExSR-master/data/Urban100/image_SRF_4/img_066_SRF_4_LR.png,22.200951358170755,0.6350661260081256,20.874908905911216
Urban100,img_066,detail_v1d,<output_root>/detail_v1d/Urban100/img_066/detail.png,<benchmark_root>/selfexsr/SelfExSR-master/data/Urban100/image_SRF_4/img_066_SRF_4_HR.png,<benchmark_root>/selfexsr/SelfExSR-master/data/Urban100/image_SRF_4/img_066_SRF_4_LR.png,22.301306220120875,0.6435699360777896,20.974821454791474
Urban100,img_066,refiner_condition,<output_root>/refiner_v2/Urban100/img_066/condition.png,<benchmark_root>/selfexsr/SelfExSR-master/data/Urban100/image_SRF_4/img_066_SRF_4_HR.png,<benchmark_root>/selfexsr/SelfExSR-master/data/Urban100/image_SRF_4/img_066_SRF_4_LR.png,21.920013477319166,0.6099645995231213,20.577854556319384
Urban100,img_066,refiner_v2,<output_root>/refiner_v2/Urban100/img_066/refined.png,<benchmark_root>/selfexsr/SelfExSR-master/data/Urban100/image_SRF_4/img_066_SRF_4_HR.png,<benchmark_root>/selfexsr/SelfExSR-master/data/Urban100/image_SRF_4/img_066_SRF_4_LR.png,22.02187466337051,0.6219284799148584,20.68909135746097
Urban100,img_066,RealESRNet_x4plus,<output_root>/realesrgan/Urban100/img_066/RealESRNet_x4plus.png,<benchmark_root>/selfexsr/SelfExSR-master/data/Urban100/image_SRF_4/img_066_SRF_4_HR.png,<benchmark_root>/selfexsr/SelfExSR-master/data/Urban100/image_SRF_4/img_066_SRF_4_LR.png,21.931415879280138,0.619859286934637,20.604463812690668
Urban100,img_066,RealESRGAN_x4plus,<output_root>/realesrgan/Urban100/img_066/RealESRGAN_x4plus.png,<benchmark_root>/selfexsr/SelfExSR-master/data/Urban100/image_SRF_4/img_066_SRF_4_HR.png,<benchmark_root>/selfexsr/SelfExSR-master/data/Urban100/image_SRF_4/img_066_SRF_4_LR.png,20.648743329905464,0.5505499249495119,19.320639700896084
Urban100,img_067,bicubic,generated:matlab_bicubic_resize,<benchmark_root>/selfexsr/SelfExSR-master/data/Urban100/image_SRF_4/img_067_SRF_4_HR.png,<benchmark_root>/selfexsr/SelfExSR-master/data/Urban100/image_SRF_4/img_067_SRF_4_LR.png,16.962489608668506,0.7029382744368726,15.483680219744985
Urban100,img_067,detail_base,<output_root>/detail_v1d/Urban100/img_067/base.png,<benchmark_root>/selfexsr/SelfExSR-master/data/Urban100/image_SRF_4/img_067_SRF_4_HR.png,<benchmark_root>/selfexsr/SelfExSR-master/data/Urban100/image_SRF_4/img_067_SRF_4_LR.png,18.671105811251163,0.8467793615053406,17.240687462874014
Urban100,img_067,detail_v1d,<output_root>/detail_v1d/Urban100/img_067/detail.png,<benchmark_root>/selfexsr/SelfExSR-master/data/Urban100/image_SRF_4/img_067_SRF_4_HR.png,<benchmark_root>/selfexsr/SelfExSR-master/data/Urban100/image_SRF_4/img_067_SRF_4_LR.png,18.930493706882835,0.8591506068452901,17.506762870000085
Urban100,img_067,refiner_condition,<output_root>/refiner_v2/Urban100/img_067/condition.png,<benchmark_root>/selfexsr/SelfExSR-master/data/Urban100/image_SRF_4/img_067_SRF_4_HR.png,<benchmark_root>/selfexsr/SelfExSR-master/data/Urban100/image_SRF_4/img_067_SRF_4_LR.png,18.288648492068646,0.8058148080068641,16.829431079018935
Urban100,img_067,refiner_v2,<output_root>/refiner_v2/Urban100/img_067/refined.png,<benchmark_root>/selfexsr/SelfExSR-master/data/Urban100/image_SRF_4/img_067_SRF_4_HR.png,<benchmark_root>/selfexsr/SelfExSR-master/data/Urban100/image_SRF_4/img_067_SRF_4_LR.png,18.560956358286333,0.8228716375371001,17.111616370178947
Urban100,img_067,RealESRNet_x4plus,<output_root>/realesrgan/Urban100/img_067/RealESRNet_x4plus.png,<benchmark_root>/selfexsr/SelfExSR-master/data/Urban100/image_SRF_4/img_067_SRF_4_HR.png,<benchmark_root>/selfexsr/SelfExSR-master/data/Urban100/image_SRF_4/img_067_SRF_4_LR.png,18.59864860731357,0.8268934422113853,17.087871109730163
Urban100,img_067,RealESRGAN_x4plus,<output_root>/realesrgan/Urban100/img_067/RealESRGAN_x4plus.png,<benchmark_root>/selfexsr/SelfExSR-master/data/Urban100/image_SRF_4/img_067_SRF_4_HR.png,<benchmark_root>/selfexsr/SelfExSR-master/data/Urban100/image_SRF_4/img_067_SRF_4_LR.png,17.666330204805092,0.8063948362381437,16.16695604213287
Urban100,img_068,bicubic,generated:matlab_bicubic_resize,<benchmark_root>/selfexsr/SelfExSR-master/data/Urban100/image_SRF_4/img_068_SRF_4_HR.png,<benchmark_root>/selfexsr/SelfExSR-master/data/Urban100/image_SRF_4/img_068_SRF_4_LR.png,26.92462701535408,0.7504753116811578,25.571603386377486
Urban100,img_068,detail_base,<output_root>/detail_v1d/Urban100/img_068/base.png,<benchmark_root>/selfexsr/SelfExSR-master/data/Urban100/image_SRF_4/img_068_SRF_4_HR.png,<benchmark_root>/selfexsr/SelfExSR-master/data/Urban100/image_SRF_4/img_068_SRF_4_LR.png,29.665742776927566,0.863128749349698,28.247473305670965
Urban100,img_068,detail_v1d,<output_root>/detail_v1d/Urban100/img_068/detail.png,<benchmark_root>/selfexsr/SelfExSR-master/data/Urban100/image_SRF_4/img_068_SRF_4_HR.png,<benchmark_root>/selfexsr/SelfExSR-master/data/Urban100/image_SRF_4/img_068_SRF_4_LR.png,30.519526071214248,0.8864136584643817,29.074835275085235
Urban100,img_068,refiner_condition,<output_root>/refiner_v2/Urban100/img_068/condition.png,<benchmark_root>/selfexsr/SelfExSR-master/data/Urban100/image_SRF_4/img_068_SRF_4_HR.png,<benchmark_root>/selfexsr/SelfExSR-master/data/Urban100/image_SRF_4/img_068_SRF_4_LR.png,27.672511820837027,0.8253842070127451,26.146146183795235
Urban100,img_068,refiner_v2,<output_root>/refiner_v2/Urban100/img_068/refined.png,<benchmark_root>/selfexsr/SelfExSR-master/data/Urban100/image_SRF_4/img_068_SRF_4_HR.png,<benchmark_root>/selfexsr/SelfExSR-master/data/Urban100/image_SRF_4/img_068_SRF_4_LR.png,28.99407837415793,0.8420759075174604,27.581614954972892
Urban100,img_068,RealESRNet_x4plus,<output_root>/realesrgan/Urban100/img_068/RealESRNet_x4plus.png,<benchmark_root>/selfexsr/SelfExSR-master/data/Urban100/image_SRF_4/img_068_SRF_4_HR.png,<benchmark_root>/selfexsr/SelfExSR-master/data/Urban100/image_SRF_4/img_068_SRF_4_LR.png,28.03621054854707,0.8428834060969398,26.579266634760707
Urban100,img_068,RealESRGAN_x4plus,<output_root>/realesrgan/Urban100/img_068/RealESRGAN_x4plus.png,<benchmark_root>/selfexsr/SelfExSR-master/data/Urban100/image_SRF_4/img_068_SRF_4_HR.png,<benchmark_root>/selfexsr/SelfExSR-master/data/Urban100/image_SRF_4/img_068_SRF_4_LR.png,25.84591475092262,0.784376037197344,24.45446843164964
Urban100,img_069,bicubic,generated:matlab_bicubic_resize,<benchmark_root>/selfexsr/SelfExSR-master/data/Urban100/image_SRF_4/img_069_SRF_4_HR.png,<benchmark_root>/selfexsr/SelfExSR-master/data/Urban100/image_SRF_4/img_069_SRF_4_LR.png,22.899728023100604,0.6307582042739128,21.61501155011212
Urban100,img_069,detail_base,<output_root>/detail_v1d/Urban100/img_069/base.png,<benchmark_root>/selfexsr/SelfExSR-master/data/Urban100/image_SRF_4/img_069_SRF_4_HR.png,<benchmark_root>/selfexsr/SelfExSR-master/data/Urban100/image_SRF_4/img_069_SRF_4_LR.png,24.5422846707325,0.7435485129058155,23.21900609186157
Urban100,img_069,detail_v1d,<output_root>/detail_v1d/Urban100/img_069/detail.png,<benchmark_root>/selfexsr/SelfExSR-master/data/Urban100/image_SRF_4/img_069_SRF_4_HR.png,<benchmark_root>/selfexsr/SelfExSR-master/data/Urban100/image_SRF_4/img_069_SRF_4_LR.png,24.773137105198092,0.755618760377737,23.444288760591988
Urban100,img_069,refiner_condition,<output_root>/refiner_v2/Urban100/img_069/condition.png,<benchmark_root>/selfexsr/SelfExSR-master/data/Urban100/image_SRF_4/img_069_SRF_4_HR.png,<benchmark_root>/selfexsr/SelfExSR-master/data/Urban100/image_SRF_4/img_069_SRF_4_LR.png,24.013044815528723,0.7045535448731354,22.66665289773578
Urban100,img_069,refiner_v2,<output_root>/refiner_v2/Urban100/img_069/refined.png,<benchmark_root>/selfexsr/SelfExSR-master/data/Urban100/image_SRF_4/img_069_SRF_4_HR.png,<benchmark_root>/selfexsr/SelfExSR-master/data/Urban100/image_SRF_4/img_069_SRF_4_LR.png,24.215671824861875,0.72198663954471,22.895304285440364
Urban100,img_069,RealESRNet_x4plus,<output_root>/realesrgan/Urban100/img_069/RealESRNet_x4plus.png,<benchmark_root>/selfexsr/SelfExSR-master/data/Urban100/image_SRF_4/img_069_SRF_4_HR.png,<benchmark_root>/selfexsr/SelfExSR-master/data/Urban100/image_SRF_4/img_069_SRF_4_LR.png,23.97799271095783,0.7226060013461211,22.408554558136167
Urban100,img_069,RealESRGAN_x4plus,<output_root>/realesrgan/Urban100/img_069/RealESRGAN_x4plus.png,<benchmark_root>/selfexsr/SelfExSR-master/data/Urban100/image_SRF_4/img_069_SRF_4_HR.png,<benchmark_root>/selfexsr/SelfExSR-master/data/Urban100/image_SRF_4/img_069_SRF_4_LR.png,22.379047335824474,0.6647937172784261,20.807381634076787
Urban100,img_070,bicubic,generated:matlab_bicubic_resize,<benchmark_root>/selfexsr/SelfExSR-master/data/Urban100/image_SRF_4/img_070_SRF_4_HR.png,<benchmark_root>/selfexsr/SelfExSR-master/data/Urban100/image_SRF_4/img_070_SRF_4_LR.png,21.5011553622232,0.5264459858423846,20.184022242586362
Urban100,img_070,detail_base,<output_root>/detail_v1d/Urban100/img_070/base.png,<benchmark_root>/selfexsr/SelfExSR-master/data/Urban100/image_SRF_4/img_070_SRF_4_HR.png,<benchmark_root>/selfexsr/SelfExSR-master/data/Urban100/image_SRF_4/img_070_SRF_4_LR.png,22.075498705702717,0.5880052254112893,20.7530956250111
Urban100,img_070,detail_v1d,<output_root>/detail_v1d/Urban100/img_070/detail.png,<benchmark_root>/selfexsr/SelfExSR-master/data/Urban100/image_SRF_4/img_070_SRF_4_HR.png,<benchmark_root>/selfexsr/SelfExSR-master/data/Urban100/image_SRF_4/img_070_SRF_4_LR.png,22.147994793363996,0.5945881153246539,20.826158087890644
Urban100,img_070,refiner_condition,<output_root>/refiner_v2/Urban100/img_070/condition.png,<benchmark_root>/selfexsr/SelfExSR-master/data/Urban100/image_SRF_4/img_070_SRF_4_HR.png,<benchmark_root>/selfexsr/SelfExSR-master/data/Urban100/image_SRF_4/img_070_SRF_4_LR.png,21.91912019395463,0.5700204247249536,20.58689718381727
Urban100,img_070,refiner_v2,<output_root>/refiner_v2/Urban100/img_070/refined.png,<benchmark_root>/selfexsr/SelfExSR-master/data/Urban100/image_SRF_4/img_070_SRF_4_HR.png,<benchmark_root>/selfexsr/SelfExSR-master/data/Urban100/image_SRF_4/img_070_SRF_4_LR.png,21.969001914484036,0.5815558532211323,20.640423127981972
Urban100,img_070,RealESRNet_x4plus,<output_root>/realesrgan/Urban100/img_070/RealESRNet_x4plus.png,<benchmark_root>/selfexsr/SelfExSR-master/data/Urban100/image_SRF_4/img_070_SRF_4_HR.png,<benchmark_root>/selfexsr/SelfExSR-master/data/Urban100/image_SRF_4/img_070_SRF_4_LR.png,21.89513700924558,0.5700691015568496,20.528787450904474
Urban100,img_070,RealESRGAN_x4plus,<output_root>/realesrgan/Urban100/img_070/RealESRGAN_x4plus.png,<benchmark_root>/selfexsr/SelfExSR-master/data/Urban100/image_SRF_4/img_070_SRF_4_HR.png,<benchmark_root>/selfexsr/SelfExSR-master/data/Urban100/image_SRF_4/img_070_SRF_4_LR.png,20.914388429231426,0.5260351299113424,19.531500937883717
Urban100,img_071,bicubic,generated:matlab_bicubic_resize,<benchmark_root>/selfexsr/SelfExSR-master/data/Urban100/image_SRF_4/img_071_SRF_4_HR.png,<benchmark_root>/selfexsr/SelfExSR-master/data/Urban100/image_SRF_4/img_071_SRF_4_LR.png,25.7148361950504,0.5557747978767604,24.323834417593467
Urban100,img_071,detail_base,<output_root>/detail_v1d/Urban100/img_071/base.png,<benchmark_root>/selfexsr/SelfExSR-master/data/Urban100/image_SRF_4/img_071_SRF_4_HR.png,<benchmark_root>/selfexsr/SelfExSR-master/data/Urban100/image_SRF_4/img_071_SRF_4_LR.png,27.624619047691414,0.6452800181720699,26.2675457659347
Urban100,img_071,detail_v1d,<output_root>/detail_v1d/Urban100/img_071/detail.png,<benchmark_root>/selfexsr/SelfExSR-master/data/Urban100/image_SRF_4/img_071_SRF_4_HR.png,<benchmark_root>/selfexsr/SelfExSR-master/data/Urban100/image_SRF_4/img_071_SRF_4_LR.png,27.860665537688746,0.656521562390408,26.50282662002921
Urban100,img_071,refiner_condition,<output_root>/refiner_v2/Urban100/img_071/condition.png,<benchmark_root>/selfexsr/SelfExSR-master/data/Urban100/image_SRF_4/img_071_SRF_4_HR.png,<benchmark_root>/selfexsr/SelfExSR-master/data/Urban100/image_SRF_4/img_071_SRF_4_LR.png,26.82264570960224,0.6245433685032047,25.3869259192566
Urban100,img_071,refiner_v2,<output_root>/refiner_v2/Urban100/img_071/refined.png,<benchmark_root>/selfexsr/SelfExSR-master/data/Urban100/image_SRF_4/img_071_SRF_4_HR.png,<benchmark_root>/selfexsr/SelfExSR-master/data/Urban100/image_SRF_4/img_071_SRF_4_LR.png,27.251907942311778,0.6387712788092038,25.882338038762715
Urban100,img_071,RealESRNet_x4plus,<output_root>/realesrgan/Urban100/img_071/RealESRNet_x4plus.png,<benchmark_root>/selfexsr/SelfExSR-master/data/Urban100/image_SRF_4/img_071_SRF_4_HR.png,<benchmark_root>/selfexsr/SelfExSR-master/data/Urban100/image_SRF_4/img_071_SRF_4_LR.png,27.171375935477478,0.6222129852485819,25.78713391372038
Urban100,img_071,RealESRGAN_x4plus,<output_root>/realesrgan/Urban100/img_071/RealESRGAN_x4plus.png,<benchmark_root>/selfexsr/SelfExSR-master/data/Urban100/image_SRF_4/img_071_SRF_4_HR.png,<benchmark_root>/selfexsr/SelfExSR-master/data/Urban100/image_SRF_4/img_071_SRF_4_LR.png,26.58236132244408,0.5905626731955252,25.19399921502036
Urban100,img_072,bicubic,generated:matlab_bicubic_resize,<benchmark_root>/selfexsr/SelfExSR-master/data/Urban100/image_SRF_4/img_072_SRF_4_HR.png,<benchmark_root>/selfexsr/SelfExSR-master/data/Urban100/image_SRF_4/img_072_SRF_4_LR.png,16.684619670248853,0.5620626042916426,15.362698358372116
Urban100,img_072,detail_base,<output_root>/detail_v1d/Urban100/img_072/base.png,<benchmark_root>/selfexsr/SelfExSR-master/data/Urban100/image_SRF_4/img_072_SRF_4_HR.png,<benchmark_root>/selfexsr/SelfExSR-master/data/Urban100/image_SRF_4/img_072_SRF_4_LR.png,19.600573629755683,0.7932765336473546,18.272446988248415
Urban100,img_072,detail_v1d,<output_root>/detail_v1d/Urban100/img_072/detail.png,<benchmark_root>/selfexsr/SelfExSR-master/data/Urban100/image_SRF_4/img_072_SRF_4_HR.png,<benchmark_root>/selfexsr/SelfExSR-master/data/Urban100/image_SRF_4/img_072_SRF_4_LR.png,20.35333213109563,0.8238280206908273,19.022369088692823
Urban100,img_072,refiner_condition,<output_root>/refiner_v2/Urban100/img_072/condition.png,<benchmark_root>/selfexsr/SelfExSR-master/data/Urban100/image_SRF_4/img_072_SRF_4_HR.png,<benchmark_root>/selfexsr/SelfExSR-master/data/Urban100/image_SRF_4/img_072_SRF_4_LR.png,18.560814640740798,0.7225804268965887,17.231932231634687
Urban100,img_072,refiner_v2,<output_root>/refiner_v2/Urban100/img_072/refined.png,<benchmark_root>/selfexsr/SelfExSR-master/data/Urban100/image_SRF_4/img_072_SRF_4_HR.png,<benchmark_root>/selfexsr/SelfExSR-master/data/Urban100/image_SRF_4/img_072_SRF_4_LR.png,19.06876357943758,0.7552362796045857,17.74324847016719
Urban100,img_072,RealESRNet_x4plus,<output_root>/realesrgan/Urban100/img_072/RealESRNet_x4plus.png,<benchmark_root>/selfexsr/SelfExSR-master/data/Urban100/image_SRF_4/img_072_SRF_4_HR.png,<benchmark_root>/selfexsr/SelfExSR-master/data/Urban100/image_SRF_4/img_072_SRF_4_LR.png,18.328504116476857,0.7669281535413435,17.002354509504002
Urban100,img_072,RealESRGAN_x4plus,<output_root>/realesrgan/Urban100/img_072/RealESRGAN_x4plus.png,<benchmark_root>/selfexsr/SelfExSR-master/data/Urban100/image_SRF_4/img_072_SRF_4_HR.png,<benchmark_root>/selfexsr/SelfExSR-master/data/Urban100/image_SRF_4/img_072_SRF_4_LR.png,17.138197091956584,0.7302652529082445,15.818613896287964
Urban100,img_073,bicubic,generated:matlab_bicubic_resize,<benchmark_root>/selfexsr/SelfExSR-master/data/Urban100/image_SRF_4/img_073_SRF_4_HR.png,<benchmark_root>/selfexsr/SelfExSR-master/data/Urban100/image_SRF_4/img_073_SRF_4_LR.png,19.47599854140567,0.43737217106819615,18.20376431177828
Urban100,img_073,detail_base,<output_root>/detail_v1d/Urban100/img_073/base.png,<benchmark_root>/selfexsr/SelfExSR-master/data/Urban100/image_SRF_4/img_073_SRF_4_HR.png,<benchmark_root>/selfexsr/SelfExSR-master/data/Urban100/image_SRF_4/img_073_SRF_4_LR.png,19.97069162171477,0.5338392341655452,18.657904637622178
Urban100,img_073,detail_v1d,<output_root>/detail_v1d/Urban100/img_073/detail.png,<benchmark_root>/selfexsr/SelfExSR-master/data/Urban100/image_SRF_4/img_073_SRF_4_HR.png,<benchmark_root>/selfexsr/SelfExSR-master/data/Urban100/image_SRF_4/img_073_SRF_4_LR.png,20.076193471387285,0.5496588583182115,18.774680895244515
Urban100,img_073,refiner_condition,<output_root>/refiner_v2/Urban100/img_073/condition.png,<benchmark_root>/selfexsr/SelfExSR-master/data/Urban100/image_SRF_4/img_073_SRF_4_HR.png,<benchmark_root>/selfexsr/SelfExSR-master/data/Urban100/image_SRF_4/img_073_SRF_4_LR.png,19.88756573716551,0.4930823272574823,18.50567671376265
Urban100,img_073,refiner_v2,<output_root>/refiner_v2/Urban100/img_073/refined.png,<benchmark_root>/selfexsr/SelfExSR-master/data/Urban100/image_SRF_4/img_073_SRF_4_HR.png,<benchmark_root>/selfexsr/SelfExSR-master/data/Urban100/image_SRF_4/img_073_SRF_4_LR.png,19.929148120113588,0.5113525172262997,18.597382573815004
Urban100,img_073,RealESRNet_x4plus,<output_root>/realesrgan/Urban100/img_073/RealESRNet_x4plus.png,<benchmark_root>/selfexsr/SelfExSR-master/data/Urban100/image_SRF_4/img_073_SRF_4_HR.png,<benchmark_root>/selfexsr/SelfExSR-master/data/Urban100/image_SRF_4/img_073_SRF_4_LR.png,19.726895053831527,0.5209871915673441,18.188144384518733
Urban100,img_073,RealESRGAN_x4plus,<output_root>/realesrgan/Urban100/img_073/RealESRGAN_x4plus.png,<benchmark_root>/selfexsr/SelfExSR-master/data/Urban100/image_SRF_4/img_073_SRF_4_HR.png,<benchmark_root>/selfexsr/SelfExSR-master/data/Urban100/image_SRF_4/img_073_SRF_4_LR.png,17.781604504036665,0.42138536755760364,16.24963675009744
Urban100,img_074,bicubic,generated:matlab_bicubic_resize,<benchmark_root>/selfexsr/SelfExSR-master/data/Urban100/image_SRF_4/img_074_SRF_4_HR.png,<benchmark_root>/selfexsr/SelfExSR-master/data/Urban100/image_SRF_4/img_074_SRF_4_LR.png,22.16004435238125,0.5552510470857125,20.638845555173738
Urban100,img_074,detail_base,<output_root>/detail_v1d/Urban100/img_074/base.png,<benchmark_root>/selfexsr/SelfExSR-master/data/Urban100/image_SRF_4/img_074_SRF_4_HR.png,<benchmark_root>/selfexsr/SelfExSR-master/data/Urban100/image_SRF_4/img_074_SRF_4_LR.png,23.323015620956667,0.6729838605817379,21.83952578139462
Urban100,img_074,detail_v1d,<output_root>/detail_v1d/Urban100/img_074/detail.png,<benchmark_root>/selfexsr/SelfExSR-master/data/Urban100/image_SRF_4/img_074_SRF_4_HR.png,<benchmark_root>/selfexsr/SelfExSR-master/data/Urban100/image_SRF_4/img_074_SRF_4_LR.png,23.666330528329507,0.6981626239454884,22.171806683398735
Urban100,img_074,refiner_condition,<output_root>/refiner_v2/Urban100/img_074/condition.png,<benchmark_root>/selfexsr/SelfExSR-master/data/Urban100/image_SRF_4/img_074_SRF_4_HR.png,<benchmark_root>/selfexsr/SelfExSR-master/data/Urban100/image_SRF_4/img_074_SRF_4_LR.png,22.823617085153096,0.6302250370190712,21.287653495953627
Urban100,img_074,refiner_v2,<output_root>/refiner_v2/Urban100/img_074/refined.png,<benchmark_root>/selfexsr/SelfExSR-master/data/Urban100/image_SRF_4/img_074_SRF_4_HR.png,<benchmark_root>/selfexsr/SelfExSR-master/data/Urban100/image_SRF_4/img_074_SRF_4_LR.png,22.979228012383565,0.6456306712916077,21.48930394431973
Urban100,img_074,RealESRNet_x4plus,<output_root>/realesrgan/Urban100/img_074/RealESRNet_x4plus.png,<benchmark_root>/selfexsr/SelfExSR-master/data/Urban100/image_SRF_4/img_074_SRF_4_HR.png,<benchmark_root>/selfexsr/SelfExSR-master/data/Urban100/image_SRF_4/img_074_SRF_4_LR.png,22.92645205692725,0.656745142138428,21.349231159730206
Urban100,img_074,RealESRGAN_x4plus,<output_root>/realesrgan/Urban100/img_074/RealESRGAN_x4plus.png,<benchmark_root>/selfexsr/SelfExSR-master/data/Urban100/image_SRF_4/img_074_SRF_4_HR.png,<benchmark_root>/selfexsr/SelfExSR-master/data/Urban100/image_SRF_4/img_074_SRF_4_LR.png,20.158735350900425,0.5854343097838755,18.683361610318244
Urban100,img_075,bicubic,generated:matlab_bicubic_resize,<benchmark_root>/selfexsr/SelfExSR-master/data/Urban100/image_SRF_4/img_075_SRF_4_HR.png,<benchmark_root>/selfexsr/SelfExSR-master/data/Urban100/image_SRF_4/img_075_SRF_4_LR.png,27.090153565785986,0.8028352842743274,25.376615933932243
Urban100,img_075,detail_base,<output_root>/detail_v1d/Urban100/img_075/base.png,<benchmark_root>/selfexsr/SelfExSR-master/data/Urban100/image_SRF_4/img_075_SRF_4_HR.png,<benchmark_root>/selfexsr/SelfExSR-master/data/Urban100/image_SRF_4/img_075_SRF_4_LR.png,31.097064664528208,0.8802943498633405,29.29223310572962
Urban100,img_075,detail_v1d,<output_root>/detail_v1d/Urban100/img_075/detail.png,<benchmark_root>/selfexsr/SelfExSR-master/data/Urban100/image_SRF_4/img_075_SRF_4_HR.png,<benchmark_root>/selfexsr/SelfExSR-master/data/Urban100/image_SRF_4/img_075_SRF_4_LR.png,32.01172227113879,0.8932756063067583,30.177921002307272
Urban100,img_075,refiner_condition,<output_root>/refiner_v2/Urban100/img_075/condition.png,<benchmark_root>/selfexsr/SelfExSR-master/data/Urban100/image_SRF_4/img_075_SRF_4_HR.png,<benchmark_root>/selfexsr/SelfExSR-master/data/Urban100/image_SRF_4/img_075_SRF_4_LR.png,29.669209084007125,0.8555303704442351,27.763198190600328
Urban100,img_075,refiner_v2,<output_root>/refiner_v2/Urban100/img_075/refined.png,<benchmark_root>/selfexsr/SelfExSR-master/data/Urban100/image_SRF_4/img_075_SRF_4_HR.png,<benchmark_root>/selfexsr/SelfExSR-master/data/Urban100/image_SRF_4/img_075_SRF_4_LR.png,30.243746363057106,0.8648995012091244,28.47698033835702
Urban100,img_075,RealESRNet_x4plus,<output_root>/realesrgan/Urban100/img_075/RealESRNet_x4plus.png,<benchmark_root>/selfexsr/SelfExSR-master/data/Urban100/image_SRF_4/img_075_SRF_4_HR.png,<benchmark_root>/selfexsr/SelfExSR-master/data/Urban100/image_SRF_4/img_075_SRF_4_LR.png,29.827213801610895,0.8603714698394979,27.400571078208074
Urban100,img_075,RealESRGAN_x4plus,<output_root>/realesrgan/Urban100/img_075/RealESRGAN_x4plus.png,<benchmark_root>/selfexsr/SelfExSR-master/data/Urban100/image_SRF_4/img_075_SRF_4_HR.png,<benchmark_root>/selfexsr/SelfExSR-master/data/Urban100/image_SRF_4/img_075_SRF_4_LR.png,27.609331235729535,0.8301134064168321,25.401505452889346
Urban100,img_076,bicubic,generated:matlab_bicubic_resize,<benchmark_root>/selfexsr/SelfExSR-master/data/Urban100/image_SRF_4/img_076_SRF_4_HR.png,<benchmark_root>/selfexsr/SelfExSR-master/data/Urban100/image_SRF_4/img_076_SRF_4_LR.png,21.574132843644364,0.628848509706735,20.113184236409694
Urban100,img_076,detail_base,<output_root>/detail_v1d/Urban100/img_076/base.png,<benchmark_root>/selfexsr/SelfExSR-master/data/Urban100/image_SRF_4/img_076_SRF_4_HR.png,<benchmark_root>/selfexsr/SelfExSR-master/data/Urban100/image_SRF_4/img_076_SRF_4_LR.png,22.324489986671658,0.7001537287326121,20.845395182809966
Urban100,img_076,detail_v1d,<output_root>/detail_v1d/Urban100/img_076/detail.png,<benchmark_root>/selfexsr/SelfExSR-master/data/Urban100/image_SRF_4/img_076_SRF_4_HR.png,<benchmark_root>/selfexsr/SelfExSR-master/data/Urban100/image_SRF_4/img_076_SRF_4_LR.png,22.3948624477187,0.7073873463064866,20.924185551743257
Urban100,img_076,refiner_condition,<output_root>/refiner_v2/Urban100/img_076/condition.png,<benchmark_root>/selfexsr/SelfExSR-master/data/Urban100/image_SRF_4/img_076_SRF_4_HR.png,<benchmark_root>/selfexsr/SelfExSR-master/data/Urban100/image_SRF_4/img_076_SRF_4_LR.png,22.054336063831066,0.6751156255353111,20.5580537786716
Urban100,img_076,refiner_v2,<output_root>/refiner_v2/Urban100/img_076/refined.png,<benchmark_root>/selfexsr/SelfExSR-master/data/Urban100/image_SRF_4/img_076_SRF_4_HR.png,<benchmark_root>/selfexsr/SelfExSR-master/data/Urban100/image_SRF_4/img_076_SRF_4_LR.png,22.140613907015943,0.6881160355434752,20.674930291126813
Urban100,img_076,RealESRNet_x4plus,<output_root>/realesrgan/Urban100/img_076/RealESRNet_x4plus.png,<benchmark_root>/selfexsr/SelfExSR-master/data/Urban100/image_SRF_4/img_076_SRF_4_HR.png,<benchmark_root>/selfexsr/SelfExSR-master/data/Urban100/image_SRF_4/img_076_SRF_4_LR.png,21.7063868790323,0.6363165069205848,20.086350929649154
Urban100,img_076,RealESRGAN_x4plus,<output_root>/realesrgan/Urban100/img_076/RealESRGAN_x4plus.png,<benchmark_root>/selfexsr/SelfExSR-master/data/Urban100/image_SRF_4/img_076_SRF_4_HR.png,<benchmark_root>/selfexsr/SelfExSR-master/data/Urban100/image_SRF_4/img_076_SRF_4_LR.png,21.002472441424246,0.6144958804047642,19.39185024345375
Urban100,img_077,bicubic,generated:matlab_bicubic_resize,<benchmark_root>/selfexsr/SelfExSR-master/data/Urban100/image_SRF_4/img_077_SRF_4_HR.png,<benchmark_root>/selfexsr/SelfExSR-master/data/Urban100/image_SRF_4/img_077_SRF_4_LR.png,22.01419953080282,0.6000805835814893,20.60811889634405
Urban100,img_077,detail_base,<output_root>/detail_v1d/Urban100/img_077/base.png,<benchmark_root>/selfexsr/SelfExSR-master/data/Urban100/image_SRF_4/img_077_SRF_4_HR.png,<benchmark_root>/selfexsr/SelfExSR-master/data/Urban100/image_SRF_4/img_077_SRF_4_LR.png,22.55678867557045,0.6659741716428492,21.152703503109947
Urban100,img_077,detail_v1d,<output_root>/detail_v1d/Urban100/img_077/detail.png,<benchmark_root>/selfexsr/SelfExSR-master/data/Urban100/image_SRF_4/img_077_SRF_4_HR.png,<benchmark_root>/selfexsr/SelfExSR-master/data/Urban100/image_SRF_4/img_077_SRF_4_LR.png,22.664468386340477,0.6743967047880747,21.26305611406171
Urban100,img_077,refiner_condition,<output_root>/refiner_v2/Urban100/img_077/condition.png,<benchmark_root>/selfexsr/SelfExSR-master/data/Urban100/image_SRF_4/img_077_SRF_4_HR.png,<benchmark_root>/selfexsr/SelfExSR-master/data/Urban100/image_SRF_4/img_077_SRF_4_LR.png,22.43205096659416,0.6487761653664098,21.007765181428816
Urban100,img_077,refiner_v2,<output_root>/refiner_v2/Urban100/img_077/refined.png,<benchmark_root>/selfexsr/SelfExSR-master/data/Urban100/image_SRF_4/img_077_SRF_4_HR.png,<benchmark_root>/selfexsr/SelfExSR-master/data/Urban100/image_SRF_4/img_077_SRF_4_LR.png,22.467157455592538,0.6614158025950003,21.062061800475917
Urban100,img_077,RealESRNet_x4plus,<output_root>/realesrgan/Urban100/img_077/RealESRNet_x4plus.png,<benchmark_root>/selfexsr/SelfExSR-master/data/Urban100/image_SRF_4/img_077_SRF_4_HR.png,<benchmark_root>/selfexsr/SelfExSR-master/data/Urban100/image_SRF_4/img_077_SRF_4_LR.png,22.148367510114966,0.6494291710014808,20.627627992433638
Urban100,img_077,RealESRGAN_x4plus,<output_root>/realesrgan/Urban100/img_077/RealESRGAN_x4plus.png,<benchmark_root>/selfexsr/SelfExSR-master/data/Urban100/image_SRF_4/img_077_SRF_4_HR.png,<benchmark_root>/selfexsr/SelfExSR-master/data/Urban100/image_SRF_4/img_077_SRF_4_LR.png,20.369783029347268,0.572076129971828,18.902141885357484
Urban100,img_078,bicubic,generated:matlab_bicubic_resize,<benchmark_root>/selfexsr/SelfExSR-master/data/Urban100/image_SRF_4/img_078_SRF_4_HR.png,<benchmark_root>/selfexsr/SelfExSR-master/data/Urban100/image_SRF_4/img_078_SRF_4_LR.png,25.704446418878426,0.679749846331392,24.545880840535965
Urban100,img_078,detail_base,<output_root>/detail_v1d/Urban100/img_078/base.png,<benchmark_root>/selfexsr/SelfExSR-master/data/Urban100/image_SRF_4/img_078_SRF_4_HR.png,<benchmark_root>/selfexsr/SelfExSR-master/data/Urban100/image_SRF_4/img_078_SRF_4_LR.png,26.946991197906442,0.7620137967664515,25.73766249403933
Urban100,img_078,detail_v1d,<output_root>/detail_v1d/Urban100/img_078/detail.png,<benchmark_root>/selfexsr/SelfExSR-master/data/Urban100/image_SRF_4/img_078_SRF_4_HR.png,<benchmark_root>/selfexsr/SelfExSR-master/data/Urban100/image_SRF_4/img_078_SRF_4_LR.png,27.133508389818637,0.77103408003012,25.922933878694142
Urban100,img_078,refiner_condition,<output_root>/refiner_v2/Urban100/img_078/condition.png,<benchmark_root>/selfexsr/SelfExSR-master/data/Urban100/image_SRF_4/img_078_SRF_4_HR.png,<benchmark_root>/selfexsr/SelfExSR-master/data/Urban100/image_SRF_4/img_078_SRF_4_LR.png,26.389398142213402,0.7302383112281058,25.1447348898601
Urban100,img_078,refiner_v2,<output_root>/refiner_v2/Urban100/img_078/refined.png,<benchmark_root>/selfexsr/SelfExSR-master/data/Urban100/image_SRF_4/img_078_SRF_4_HR.png,<benchmark_root>/selfexsr/SelfExSR-master/data/Urban100/image_SRF_4/img_078_SRF_4_LR.png,26.618965267112294,0.7448932647884813,25.41388033164628
Urban100,img_078,RealESRNet_x4plus,<output_root>/realesrgan/Urban100/img_078/RealESRNet_x4plus.png,<benchmark_root>/selfexsr/SelfExSR-master/data/Urban100/image_SRF_4/img_078_SRF_4_HR.png,<benchmark_root>/selfexsr/SelfExSR-master/data/Urban100/image_SRF_4/img_078_SRF_4_LR.png,26.60484960804878,0.7392454280210675,25.141169644190402
Urban100,img_078,RealESRGAN_x4plus,<output_root>/realesrgan/Urban100/img_078/RealESRGAN_x4plus.png,<benchmark_root>/selfexsr/SelfExSR-master/data/Urban100/image_SRF_4/img_078_SRF_4_HR.png,<benchmark_root>/selfexsr/SelfExSR-master/data/Urban100/image_SRF_4/img_078_SRF_4_LR.png,24.527768086706438,0.6739245790560758,23.076967177576524
Urban100,img_079,bicubic,generated:matlab_bicubic_resize,<benchmark_root>/selfexsr/SelfExSR-master/data/Urban100/image_SRF_4/img_079_SRF_4_HR.png,<benchmark_root>/selfexsr/SelfExSR-master/data/Urban100/image_SRF_4/img_079_SRF_4_LR.png,23.82218745021425,0.5927952265593148,22.398722205031262
Urban100,img_079,detail_base,<output_root>/detail_v1d/Urban100/img_079/base.png,<benchmark_root>/selfexsr/SelfExSR-master/data/Urban100/image_SRF_4/img_079_SRF_4_HR.png,<benchmark_root>/selfexsr/SelfExSR-master/data/Urban100/image_SRF_4/img_079_SRF_4_LR.png,25.03227236336256,0.6757416729716426,23.59741264469511
Urban100,img_079,detail_v1d,<output_root>/detail_v1d/Urban100/img_079/detail.png,<benchmark_root>/selfexsr/SelfExSR-master/data/Urban100/image_SRF_4/img_079_SRF_4_HR.png,<benchmark_root>/selfexsr/SelfExSR-master/data/Urban100/image_SRF_4/img_079_SRF_4_LR.png,25.28427430669946,0.6896510089408925,23.849717071436004
Urban100,img_079,refiner_condition,<output_root>/refiner_v2/Urban100/img_079/condition.png,<benchmark_root>/selfexsr/SelfExSR-master/data/Urban100/image_SRF_4/img_079_SRF_4_HR.png,<benchmark_root>/selfexsr/SelfExSR-master/data/Urban100/image_SRF_4/img_079_SRF_4_LR.png,24.681512553891846,0.6541678896783543,23.230327518739745
Urban100,img_079,refiner_v2,<output_root>/refiner_v2/Urban100/img_079/refined.png,<benchmark_root>/selfexsr/SelfExSR-master/data/Urban100/image_SRF_4/img_079_SRF_4_HR.png,<benchmark_root>/selfexsr/SelfExSR-master/data/Urban100/image_SRF_4/img_079_SRF_4_LR.png,24.805852044781005,0.6672382324273856,23.373019796181893
Urban100,img_079,RealESRNet_x4plus,<output_root>/realesrgan/Urban100/img_079/RealESRNet_x4plus.png,<benchmark_root>/selfexsr/SelfExSR-master/data/Urban100/image_SRF_4/img_079_SRF_4_HR.png,<benchmark_root>/selfexsr/SelfExSR-master/data/Urban100/image_SRF_4/img_079_SRF_4_LR.png,24.53219698547407,0.6669322484859128,22.94313056132014
Urban100,img_079,RealESRGAN_x4plus,<output_root>/realesrgan/Urban100/img_079/RealESRGAN_x4plus.png,<benchmark_root>/selfexsr/SelfExSR-master/data/Urban100/image_SRF_4/img_079_SRF_4_HR.png,<benchmark_root>/selfexsr/SelfExSR-master/data/Urban100/image_SRF_4/img_079_SRF_4_LR.png,22.59747047414821,0.5885059099441347,21.06001171804
Urban100,img_080,bicubic,generated:matlab_bicubic_resize,<benchmark_root>/selfexsr/SelfExSR-master/data/Urban100/image_SRF_4/img_080_SRF_4_HR.png,<benchmark_root>/selfexsr/SelfExSR-master/data/Urban100/image_SRF_4/img_080_SRF_4_LR.png,32.706356430289325,0.9169993844651327,31.217245633222475
Urban100,img_080,detail_base,<output_root>/detail_v1d/Urban100/img_080/base.png,<benchmark_root>/selfexsr/SelfExSR-master/data/Urban100/image_SRF_4/img_080_SRF_4_HR.png,<benchmark_root>/selfexsr/SelfExSR-master/data/Urban100/image_SRF_4/img_080_SRF_4_LR.png,35.22961835873047,0.9474953518709592,33.655293994070654
Urban100,img_080,detail_v1d,<output_root>/detail_v1d/Urban100/img_080/detail.png,<benchmark_root>/selfexsr/SelfExSR-master/data/Urban100/image_SRF_4/img_080_SRF_4_HR.png,<benchmark_root>/selfexsr/SelfExSR-master/data/Urban100/image_SRF_4/img_080_SRF_4_LR.png,35.65802455087751,0.9531689934168436,34.059340286210016
Urban100,img_080,refiner_condition,<output_root>/refiner_v2/Urban100/img_080/condition.png,<benchmark_root>/selfexsr/SelfExSR-master/data/Urban100/image_SRF_4/img_080_SRF_4_HR.png,<benchmark_root>/selfexsr/SelfExSR-master/data/Urban100/image_SRF_4/img_080_SRF_4_LR.png,33.90797175331423,0.9372287285690838,32.046855916786214
Urban100,img_080,refiner_v2,<output_root>/refiner_v2/Urban100/img_080/refined.png,<benchmark_root>/selfexsr/SelfExSR-master/data/Urban100/image_SRF_4/img_080_SRF_4_HR.png,<benchmark_root>/selfexsr/SelfExSR-master/data/Urban100/image_SRF_4/img_080_SRF_4_LR.png,34.45161869974873,0.9410632469029055,32.7733478876141
Urban100,img_080,RealESRNet_x4plus,<output_root>/realesrgan/Urban100/img_080/RealESRNet_x4plus.png,<benchmark_root>/selfexsr/SelfExSR-master/data/Urban100/image_SRF_4/img_080_SRF_4_HR.png,<benchmark_root>/selfexsr/SelfExSR-master/data/Urban100/image_SRF_4/img_080_SRF_4_LR.png,33.47435681863719,0.9331600072691575,31.42904706535097
Urban100,img_080,RealESRGAN_x4plus,<output_root>/realesrgan/Urban100/img_080/RealESRGAN_x4plus.png,<benchmark_root>/selfexsr/SelfExSR-master/data/Urban100/image_SRF_4/img_080_SRF_4_HR.png,<benchmark_root>/selfexsr/SelfExSR-master/data/Urban100/image_SRF_4/img_080_SRF_4_LR.png,31.6662662597776,0.9059732583429134,29.632811637905245
Urban100,img_081,bicubic,generated:matlab_bicubic_resize,<benchmark_root>/selfexsr/SelfExSR-master/data/Urban100/image_SRF_4/img_081_SRF_4_HR.png,<benchmark_root>/selfexsr/SelfExSR-master/data/Urban100/image_SRF_4/img_081_SRF_4_LR.png,28.579735396030856,0.8933234270449036,26.40244610994577
Urban100,img_081,detail_base,<output_root>/detail_v1d/Urban100/img_081/base.png,<benchmark_root>/selfexsr/SelfExSR-master/data/Urban100/image_SRF_4/img_081_SRF_4_HR.png,<benchmark_root>/selfexsr/SelfExSR-master/data/Urban100/image_SRF_4/img_081_SRF_4_LR.png,35.50141804822696,0.9644096711807267,32.67129227098658
Urban100,img_081,detail_v1d,<output_root>/detail_v1d/Urban100/img_081/detail.png,<benchmark_root>/selfexsr/SelfExSR-master/data/Urban100/image_SRF_4/img_081_SRF_4_HR.png,<benchmark_root>/selfexsr/SelfExSR-master/data/Urban100/image_SRF_4/img_081_SRF_4_LR.png,36.82462314520055,0.9717139378948879,33.630323492916226
Urban100,img_081,refiner_condition,<output_root>/refiner_v2/Urban100/img_081/condition.png,<benchmark_root>/selfexsr/SelfExSR-master/data/Urban100/image_SRF_4/img_081_SRF_4_HR.png,<benchmark_root>/selfexsr/SelfExSR-master/data/Urban100/image_SRF_4/img_081_SRF_4_LR.png,32.57866334692295,0.9447115567883398,29.878019390581226
Urban100,img_081,refiner_v2,<output_root>/refiner_v2/Urban100/img_081/refined.png,<benchmark_root>/selfexsr/SelfExSR-master/data/Urban100/image_SRF_4/img_081_SRF_4_HR.png,<benchmark_root>/selfexsr/SelfExSR-master/data/Urban100/image_SRF_4/img_081_SRF_4_LR.png,33.81352712051189,0.9538773953468335,31.14938743094717
Urban100,img_081,RealESRNet_x4plus,<output_root>/realesrgan/Urban100/img_081/RealESRNet_x4plus.png,<benchmark_root>/selfexsr/SelfExSR-master/data/Urban100/image_SRF_4/img_081_SRF_4_HR.png,<benchmark_root>/selfexsr/SelfExSR-master/data/Urban100/image_SRF_4/img_081_SRF_4_LR.png,32.486239112177024,0.9399268388225204,28.71409567406502
Urban100,img_081,RealESRGAN_x4plus,<output_root>/realesrgan/Urban100/img_081/RealESRGAN_x4plus.png,<benchmark_root>/selfexsr/SelfExSR-master/data/Urban100/image_SRF_4/img_081_SRF_4_HR.png,<benchmark_root>/selfexsr/SelfExSR-master/data/Urban100/image_SRF_4/img_081_SRF_4_LR.png,29.247759898182636,0.9125775271000974,26.323163350444677
Urban100,img_082,bicubic,generated:matlab_bicubic_resize,<benchmark_root>/selfexsr/SelfExSR-master/data/Urban100/image_SRF_4/img_082_SRF_4_HR.png,<benchmark_root>/selfexsr/SelfExSR-master/data/Urban100/image_SRF_4/img_082_SRF_4_LR.png,27.710101765329625,0.8738831917033252,26.25330802094092
Urban100,img_082,detail_base,<output_root>/detail_v1d/Urban100/img_082/base.png,<benchmark_root>/selfexsr/SelfExSR-master/data/Urban100/image_SRF_4/img_082_SRF_4_HR.png,<benchmark_root>/selfexsr/SelfExSR-master/data/Urban100/image_SRF_4/img_082_SRF_4_LR.png,30.807998298082346,0.9343680904824365,29.12907318246689
Urban100,img_082,detail_v1d,<output_root>/detail_v1d/Urban100/img_082/detail.png,<benchmark_root>/selfexsr/SelfExSR-master/data/Urban100/image_SRF_4/img_082_SRF_4_HR.png,<benchmark_root>/selfexsr/SelfExSR-master/data/Urban100/image_SRF_4/img_082_SRF_4_LR.png,31.491601793175278,0.9411824170474915,29.847484033937803
Urban100,img_082,refiner_condition,<output_root>/refiner_v2/Urban100/img_082/condition.png,<benchmark_root>/selfexsr/SelfExSR-master/data/Urban100/image_SRF_4/img_082_SRF_4_HR.png,<benchmark_root>/selfexsr/SelfExSR-master/data/Urban100/image_SRF_4/img_082_SRF_4_LR.png,29.66935866650486,0.914081832249528,27.72211113672944
Urban100,img_082,refiner_v2,<output_root>/refiner_v2/Urban100/img_082/refined.png,<benchmark_root>/selfexsr/SelfExSR-master/data/Urban100/image_SRF_4/img_082_SRF_4_HR.png,<benchmark_root>/selfexsr/SelfExSR-master/data/Urban100/image_SRF_4/img_082_SRF_4_LR.png,29.3275311179921,0.9176551033016204,27.509271678056912
Urban100,img_082,RealESRNet_x4plus,<output_root>/realesrgan/Urban100/img_082/RealESRNet_x4plus.png,<benchmark_root>/selfexsr/SelfExSR-master/data/Urban100/image_SRF_4/img_082_SRF_4_HR.png,<benchmark_root>/selfexsr/SelfExSR-master/data/Urban100/image_SRF_4/img_082_SRF_4_LR.png,29.610945043385712,0.9141894434777407,26.92919075027286
Urban100,img_082,RealESRGAN_x4plus,<output_root>/realesrgan/Urban100/img_082/RealESRGAN_x4plus.png,<benchmark_root>/selfexsr/SelfExSR-master/data/Urban100/image_SRF_4/img_082_SRF_4_HR.png,<benchmark_root>/selfexsr/SelfExSR-master/data/Urban100/image_SRF_4/img_082_SRF_4_LR.png,26.455115483763052,0.8735229546466042,24.21465057030218
Urban100,img_083,bicubic,generated:matlab_bicubic_resize,<benchmark_root>/selfexsr/SelfExSR-master/data/Urban100/image_SRF_4/img_083_SRF_4_HR.png,<benchmark_root>/selfexsr/SelfExSR-master/data/Urban100/image_SRF_4/img_083_SRF_4_LR.png,20.492521283207495,0.5547641805052183,19.238530480652592
Urban100,img_083,detail_base,<output_root>/detail_v1d/Urban100/img_083/base.png,<benchmark_root>/selfexsr/SelfExSR-master/data/Urban100/image_SRF_4/img_083_SRF_4_HR.png,<benchmark_root>/selfexsr/SelfExSR-master/data/Urban100/image_SRF_4/img_083_SRF_4_LR.png,21.963129336914132,0.676175031450332,20.692413073110213
Urban100,img_083,detail_v1d,<output_root>/detail_v1d/Urban100/img_083/detail.png,<benchmark_root>/selfexsr/SelfExSR-master/data/Urban100/image_SRF_4/img_083_SRF_4_HR.png,<benchmark_root>/selfexsr/SelfExSR-master/data/Urban100/image_SRF_4/img_083_SRF_4_LR.png,22.15780951999198,0.6911503129844896,20.887481006627418
Urban100,img_083,refiner_condition,<output_root>/refiner_v2/Urban100/img_083/condition.png,<benchmark_root>/selfexsr/SelfExSR-master/data/Urban100/image_SRF_4/img_083_SRF_4_HR.png,<benchmark_root>/selfexsr/SelfExSR-master/data/Urban100/image_SRF_4/img_083_SRF_4_LR.png,21.541215357251964,0.6402769543277979,20.265551611640028
Urban100,img_083,refiner_v2,<output_root>/refiner_v2/Urban100/img_083/refined.png,<benchmark_root>/selfexsr/SelfExSR-master/data/Urban100/image_SRF_4/img_083_SRF_4_HR.png,<benchmark_root>/selfexsr/SelfExSR-master/data/Urban100/image_SRF_4/img_083_SRF_4_LR.png,21.70311851182823,0.6588147901313356,20.433077600825293
Urban100,img_083,RealESRNet_x4plus,<output_root>/realesrgan/Urban100/img_083/RealESRNet_x4plus.png,<benchmark_root>/selfexsr/SelfExSR-master/data/Urban100/image_SRF_4/img_083_SRF_4_HR.png,<benchmark_root>/selfexsr/SelfExSR-master/data/Urban100/image_SRF_4/img_083_SRF_4_LR.png,21.430596698649843,0.6549551779677328,20.16456598690258
Urban100,img_083,RealESRGAN_x4plus,<output_root>/realesrgan/Urban100/img_083/RealESRGAN_x4plus.png,<benchmark_root>/selfexsr/SelfExSR-master/data/Urban100/image_SRF_4/img_083_SRF_4_HR.png,<benchmark_root>/selfexsr/SelfExSR-master/data/Urban100/image_SRF_4/img_083_SRF_4_LR.png,20.346357966067984,0.5987962613685403,19.067996416346304
Urban100,img_084,bicubic,generated:matlab_bicubic_resize,<benchmark_root>/selfexsr/SelfExSR-master/data/Urban100/image_SRF_4/img_084_SRF_4_HR.png,<benchmark_root>/selfexsr/SelfExSR-master/data/Urban100/image_SRF_4/img_084_SRF_4_LR.png,26.475556054499076,0.7158806514340254,25.087999910013018
Urban100,img_084,detail_base,<output_root>/detail_v1d/Urban100/img_084/base.png,<benchmark_root>/selfexsr/SelfExSR-master/data/Urban100/image_SRF_4/img_084_SRF_4_HR.png,<benchmark_root>/selfexsr/SelfExSR-master/data/Urban100/image_SRF_4/img_084_SRF_4_LR.png,28.26211406689486,0.7991878822559336,26.715845097902747
Urban100,img_084,detail_v1d,<output_root>/detail_v1d/Urban100/img_084/detail.png,<benchmark_root>/selfexsr/SelfExSR-master/data/Urban100/image_SRF_4/img_084_SRF_4_HR.png,<benchmark_root>/selfexsr/SelfExSR-master/data/Urban100/image_SRF_4/img_084_SRF_4_LR.png,28.50329092535752,0.8087710636817017,26.95055792832564
Urban100,img_084,refiner_condition,<output_root>/refiner_v2/Urban100/img_084/condition.png,<benchmark_root>/selfexsr/SelfExSR-master/data/Urban100/image_SRF_4/img_084_SRF_4_HR.png,<benchmark_root>/selfexsr/SelfExSR-master/data/Urban100/image_SRF_4/img_084_SRF_4_LR.png,27.65344604398658,0.7762228939608108,26.117253762233744
Urban100,img_084,refiner_v2,<output_root>/refiner_v2/Urban100/img_084/refined.png,<benchmark_root>/selfexsr/SelfExSR-master/data/Urban100/image_SRF_4/img_084_SRF_4_HR.png,<benchmark_root>/selfexsr/SelfExSR-master/data/Urban100/image_SRF_4/img_084_SRF_4_LR.png,27.83540178785077,0.7901209174853334,26.323091169050443
Urban100,img_084,RealESRNet_x4plus,<output_root>/realesrgan/Urban100/img_084/RealESRNet_x4plus.png,<benchmark_root>/selfexsr/SelfExSR-master/data/Urban100/image_SRF_4/img_084_SRF_4_HR.png,<benchmark_root>/selfexsr/SelfExSR-master/data/Urban100/image_SRF_4/img_084_SRF_4_LR.png,26.958310300075787,0.7682196226918255,25.37987520634499
Urban100,img_084,RealESRGAN_x4plus,<output_root>/realesrgan/Urban100/img_084/RealESRGAN_x4plus.png,<benchmark_root>/selfexsr/SelfExSR-master/data/Urban100/image_SRF_4/img_084_SRF_4_HR.png,<benchmark_root>/selfexsr/SelfExSR-master/data/Urban100/image_SRF_4/img_084_SRF_4_LR.png,24.0892169795266,0.6725842332311895,22.661699629848467
Urban100,img_085,bicubic,generated:matlab_bicubic_resize,<benchmark_root>/selfexsr/SelfExSR-master/data/Urban100/image_SRF_4/img_085_SRF_4_HR.png,<benchmark_root>/selfexsr/SelfExSR-master/data/Urban100/image_SRF_4/img_085_SRF_4_LR.png,25.903557171401093,0.837408964475899,24.36979725863731
Urban100,img_085,detail_base,<output_root>/detail_v1d/Urban100/img_085/base.png,<benchmark_root>/selfexsr/SelfExSR-master/data/Urban100/image_SRF_4/img_085_SRF_4_HR.png,<benchmark_root>/selfexsr/SelfExSR-master/data/Urban100/image_SRF_4/img_085_SRF_4_LR.png,27.780294765558637,0.8904150480266015,26.20160986044208
Urban100,img_085,detail_v1d,<output_root>/detail_v1d/Urban100/img_085/detail.png,<benchmark_root>/selfexsr/SelfExSR-master/data/Urban100/image_SRF_4/img_085_SRF_4_HR.png,<benchmark_root>/selfexsr/SelfExSR-master/data/Urban100/image_SRF_4/img_085_SRF_4_LR.png,27.886876852185548,0.8952853896793851,26.31750459824687
Urban100,img_085,refiner_condition,<output_root>/refiner_v2/Urban100/img_085/condition.png,<benchmark_root>/selfexsr/SelfExSR-master/data/Urban100/image_SRF_4/img_085_SRF_4_HR.png,<benchmark_root>/selfexsr/SelfExSR-master/data/Urban100/image_SRF_4/img_085_SRF_4_LR.png,27.079294549976076,0.8705898687006814,25.48716906035443
Urban100,img_085,refiner_v2,<output_root>/refiner_v2/Urban100/img_085/refined.png,<benchmark_root>/selfexsr/SelfExSR-master/data/Urban100/image_SRF_4/img_085_SRF_4_HR.png,<benchmark_root>/selfexsr/SelfExSR-master/data/Urban100/image_SRF_4/img_085_SRF_4_LR.png,27.37849939432392,0.8798540202121454,25.827558167984158
Urban100,img_085,RealESRNet_x4plus,<output_root>/realesrgan/Urban100/img_085/RealESRNet_x4plus.png,<benchmark_root>/selfexsr/SelfExSR-master/data/Urban100/image_SRF_4/img_085_SRF_4_HR.png,<benchmark_root>/selfexsr/SelfExSR-master/data/Urban100/image_SRF_4/img_085_SRF_4_LR.png,27.136856162785215,0.8732855169676049,25.2040966820292
Urban100,img_085,RealESRGAN_x4plus,<output_root>/realesrgan/Urban100/img_085/RealESRGAN_x4plus.png,<benchmark_root>/selfexsr/SelfExSR-master/data/Urban100/image_SRF_4/img_085_SRF_4_HR.png,<benchmark_root>/selfexsr/SelfExSR-master/data/Urban100/image_SRF_4/img_085_SRF_4_LR.png,24.438793961034456,0.8359194732531525,22.75675677294931
Urban100,img_086,bicubic,generated:matlab_bicubic_resize,<benchmark_root>/selfexsr/SelfExSR-master/data/Urban100/image_SRF_4/img_086_SRF_4_HR.png,<benchmark_root>/selfexsr/SelfExSR-master/data/Urban100/image_SRF_4/img_086_SRF_4_LR.png,28.00742953694785,0.832379757879749,26.61515987427469
Urban100,img_086,detail_base,<output_root>/detail_v1d/Urban100/img_086/base.png,<benchmark_root>/selfexsr/SelfExSR-master/data/Urban100/image_SRF_4/img_086_SRF_4_HR.png,<benchmark_root>/selfexsr/SelfExSR-master/data/Urban100/image_SRF_4/img_086_SRF_4_LR.png,29.758581531327557,0.8825302196656222,28.27364931662033
Urban100,img_086,detail_v1d,<output_root>/detail_v1d/Urban100/img_086/detail.png,<benchmark_root>/selfexsr/SelfExSR-master/data/Urban100/image_SRF_4/img_086_SRF_4_HR.png,<benchmark_root>/selfexsr/SelfExSR-master/data/Urban100/image_SRF_4/img_086_SRF_4_LR.png,29.991330597669766,0.8874915839132046,28.513464553138196
Urban100,img_086,refiner_condition,<output_root>/refiner_v2/Urban100/img_086/condition.png,<benchmark_root>/selfexsr/SelfExSR-master/data/Urban100/image_SRF_4/img_086_SRF_4_HR.png,<benchmark_root>/selfexsr/SelfExSR-master/data/Urban100/image_SRF_4/img_086_SRF_4_LR.png,29.17896574815117,0.8671734830919781,27.494654869957408
Urban100,img_086,refiner_v2,<output_root>/refiner_v2/Urban100/img_086/refined.png,<benchmark_root>/selfexsr/SelfExSR-master/data/Urban100/image_SRF_4/img_086_SRF_4_HR.png,<benchmark_root>/selfexsr/SelfExSR-master/data/Urban100/image_SRF_4/img_086_SRF_4_LR.png,29.211278108197156,0.8715090933073921,27.740531851247503
Urban100,img_086,RealESRNet_x4plus,<output_root>/realesrgan/Urban100/img_086/RealESRNet_x4plus.png,<benchmark_root>/selfexsr/SelfExSR-master/data/Urban100/image_SRF_4/img_086_SRF_4_HR.png,<benchmark_root>/selfexsr/SelfExSR-master/data/Urban100/image_SRF_4/img_086_SRF_4_LR.png,29.25217556165893,0.8706222193436621,27.11053647091442
Urban100,img_086,RealESRGAN_x4plus,<output_root>/realesrgan/Urban100/img_086/RealESRGAN_x4plus.png,<benchmark_root>/selfexsr/SelfExSR-master/data/Urban100/image_SRF_4/img_086_SRF_4_HR.png,<benchmark_root>/selfexsr/SelfExSR-master/data/Urban100/image_SRF_4/img_086_SRF_4_LR.png,25.943392935490735,0.8118079415143392,24.166226945013726
Urban100,img_087,bicubic,generated:matlab_bicubic_resize,<benchmark_root>/selfexsr/SelfExSR-master/data/Urban100/image_SRF_4/img_087_SRF_4_HR.png,<benchmark_root>/selfexsr/SelfExSR-master/data/Urban100/image_SRF_4/img_087_SRF_4_LR.png,22.854783608600584,0.7409205376535272,21.57692792936598
Urban100,img_087,detail_base,<output_root>/detail_v1d/Urban100/img_087/base.png,<benchmark_root>/selfexsr/SelfExSR-master/data/Urban100/image_SRF_4/img_087_SRF_4_HR.png,<benchmark_root>/selfexsr/SelfExSR-master/data/Urban100/image_SRF_4/img_087_SRF_4_LR.png,27.082417148959497,0.8699741472850784,25.656622671868558
Urban100,img_087,detail_v1d,<output_root>/detail_v1d/Urban100/img_087/detail.png,<benchmark_root>/selfexsr/SelfExSR-master/data/Urban100/image_SRF_4/img_087_SRF_4_HR.png,<benchmark_root>/selfexsr/SelfExSR-master/data/Urban100/image_SRF_4/img_087_SRF_4_LR.png,27.978101779594923,0.8888877928946533,26.518157451494424
Urban100,img_087,refiner_condition,<output_root>/refiner_v2/Urban100/img_087/condition.png,<benchmark_root>/selfexsr/SelfExSR-master/data/Urban100/image_SRF_4/img_087_SRF_4_HR.png,<benchmark_root>/selfexsr/SelfExSR-master/data/Urban100/image_SRF_4/img_087_SRF_4_LR.png,25.564707805161405,0.830952922902527,24.162803701494717
Urban100,img_087,refiner_v2,<output_root>/refiner_v2/Urban100/img_087/refined.png,<benchmark_root>/selfexsr/SelfExSR-master/data/Urban100/image_SRF_4/img_087_SRF_4_HR.png,<benchmark_root>/selfexsr/SelfExSR-master/data/Urban100/image_SRF_4/img_087_SRF_4_LR.png,26.216019813463994,0.8465312157785788,24.838414725359627
Urban100,img_087,RealESRNet_x4plus,<output_root>/realesrgan/Urban100/img_087/RealESRNet_x4plus.png,<benchmark_root>/selfexsr/SelfExSR-master/data/Urban100/image_SRF_4/img_087_SRF_4_HR.png,<benchmark_root>/selfexsr/SelfExSR-master/data/Urban100/image_SRF_4/img_087_SRF_4_LR.png,25.374811061808607,0.8320402184983088,23.825066833622994
Urban100,img_087,RealESRGAN_x4plus,<output_root>/realesrgan/Urban100/img_087/RealESRGAN_x4plus.png,<benchmark_root>/selfexsr/SelfExSR-master/data/Urban100/image_SRF_4/img_087_SRF_4_HR.png,<benchmark_root>/selfexsr/SelfExSR-master/data/Urban100/image_SRF_4/img_087_SRF_4_LR.png,24.40673563165495,0.8095884708924738,22.91715744059694
Urban100,img_088,bicubic,generated:matlab_bicubic_resize,<benchmark_root>/selfexsr/SelfExSR-master/data/Urban100/image_SRF_4/img_088_SRF_4_HR.png,<benchmark_root>/selfexsr/SelfExSR-master/data/Urban100/image_SRF_4/img_088_SRF_4_LR.png,18.644704344038225,0.4173516924383566,17.255712839961348
Urban100,img_088,detail_base,<output_root>/detail_v1d/Urban100/img_088/base.png,<benchmark_root>/selfexsr/SelfExSR-master/data/Urban100/image_SRF_4/img_088_SRF_4_HR.png,<benchmark_root>/selfexsr/SelfExSR-master/data/Urban100/image_SRF_4/img_088_SRF_4_LR.png,19.660949569198355,0.5419443117131644,18.3089927691535
Urban100,img_088,detail_v1d,<output_root>/detail_v1d/Urban100/img_088/detail.png,<benchmark_root>/selfexsr/SelfExSR-master/data/Urban100/image_SRF_4/img_088_SRF_4_HR.png,<benchmark_root>/selfexsr/SelfExSR-master/data/Urban100/image_SRF_4/img_088_SRF_4_LR.png,19.77809275744382,0.5549131044759534,18.440176202586322
Urban100,img_088,refiner_condition,<output_root>/refiner_v2/Urban100/img_088/condition.png,<benchmark_root>/selfexsr/SelfExSR-master/data/Urban100/image_SRF_4/img_088_SRF_4_HR.png,<benchmark_root>/selfexsr/SelfExSR-master/data/Urban100/image_SRF_4/img_088_SRF_4_LR.png,19.350714072148676,0.5019798189450304,17.965845660909523
Urban100,img_088,refiner_v2,<output_root>/refiner_v2/Urban100/img_088/refined.png,<benchmark_root>/selfexsr/SelfExSR-master/data/Urban100/image_SRF_4/img_088_SRF_4_HR.png,<benchmark_root>/selfexsr/SelfExSR-master/data/Urban100/image_SRF_4/img_088_SRF_4_LR.png,19.50262663721868,0.5280529913144077,18.159339319145023
Urban100,img_088,RealESRNet_x4plus,<output_root>/realesrgan/Urban100/img_088/RealESRNet_x4plus.png,<benchmark_root>/selfexsr/SelfExSR-master/data/Urban100/image_SRF_4/img_088_SRF_4_HR.png,<benchmark_root>/selfexsr/SelfExSR-master/data/Urban100/image_SRF_4/img_088_SRF_4_LR.png,19.409068692854813,0.5117570264029022,17.89456934852501
Urban100,img_088,RealESRGAN_x4plus,<output_root>/realesrgan/Urban100/img_088/RealESRGAN_x4plus.png,<benchmark_root>/selfexsr/SelfExSR-master/data/Urban100/image_SRF_4/img_088_SRF_4_HR.png,<benchmark_root>/selfexsr/SelfExSR-master/data/Urban100/image_SRF_4/img_088_SRF_4_LR.png,17.906695767370046,0.4403687815934747,16.42385094009645
Urban100,img_089,bicubic,generated:matlab_bicubic_resize,<benchmark_root>/selfexsr/SelfExSR-master/data/Urban100/image_SRF_4/img_089_SRF_4_HR.png,<benchmark_root>/selfexsr/SelfExSR-master/data/Urban100/image_SRF_4/img_089_SRF_4_LR.png,25.44994008394699,0.6229809491015779,24.107622115883313
Urban100,img_089,detail_base,<output_root>/detail_v1d/Urban100/img_089/base.png,<benchmark_root>/selfexsr/SelfExSR-master/data/Urban100/image_SRF_4/img_089_SRF_4_HR.png,<benchmark_root>/selfexsr/SelfExSR-master/data/Urban100/image_SRF_4/img_089_SRF_4_LR.png,26.52204453404096,0.7105792459698049,25.17298410316839
Urban100,img_089,detail_v1d,<output_root>/detail_v1d/Urban100/img_089/detail.png,<benchmark_root>/selfexsr/SelfExSR-master/data/Urban100/image_SRF_4/img_089_SRF_4_HR.png,<benchmark_root>/selfexsr/SelfExSR-master/data/Urban100/image_SRF_4/img_089_SRF_4_LR.png,26.72076813869076,0.7217556284238696,25.374055291437323
Urban100,img_089,refiner_condition,<output_root>/refiner_v2/Urban100/img_089/condition.png,<benchmark_root>/selfexsr/SelfExSR-master/data/Urban100/image_SRF_4/img_089_SRF_4_HR.png,<benchmark_root>/selfexsr/SelfExSR-master/data/Urban100/image_SRF_4/img_089_SRF_4_LR.png,26.185489639240835,0.688754359915076,24.82675315955637
Urban100,img_089,refiner_v2,<output_root>/refiner_v2/Urban100/img_089/refined.png,<benchmark_root>/selfexsr/SelfExSR-master/data/Urban100/image_SRF_4/img_089_SRF_4_HR.png,<benchmark_root>/selfexsr/SelfExSR-master/data/Urban100/image_SRF_4/img_089_SRF_4_LR.png,26.198263519053846,0.6972050621634,24.852688307409526
Urban100,img_089,RealESRNet_x4plus,<output_root>/realesrgan/Urban100/img_089/RealESRNet_x4plus.png,<benchmark_root>/selfexsr/SelfExSR-master/data/Urban100/image_SRF_4/img_089_SRF_4_HR.png,<benchmark_root>/selfexsr/SelfExSR-master/data/Urban100/image_SRF_4/img_089_SRF_4_LR.png,25.6369493350787,0.6827799940362306,24.171003601770977
Urban100,img_089,RealESRGAN_x4plus,<output_root>/realesrgan/Urban100/img_089/RealESRGAN_x4plus.png,<benchmark_root>/selfexsr/SelfExSR-master/data/Urban100/image_SRF_4/img_089_SRF_4_HR.png,<benchmark_root>/selfexsr/SelfExSR-master/data/Urban100/image_SRF_4/img_089_SRF_4_LR.png,22.847101660008754,0.5802584662515057,21.433226074503857
Urban100,img_090,bicubic,generated:matlab_bicubic_resize,<benchmark_root>/selfexsr/SelfExSR-master/data/Urban100/image_SRF_4/img_090_SRF_4_HR.png,<benchmark_root>/selfexsr/SelfExSR-master/data/Urban100/image_SRF_4/img_090_SRF_4_LR.png,30.489126990740566,0.8877037437147648,29.08928910023015
Urban100,img_090,detail_base,<output_root>/detail_v1d/Urban100/img_090/base.png,<benchmark_root>/selfexsr/SelfExSR-master/data/Urban100/image_SRF_4/img_090_SRF_4_HR.png,<benchmark_root>/selfexsr/SelfExSR-master/data/Urban100/image_SRF_4/img_090_SRF_4_LR.png,36.942354412448964,0.9705038380033426,35.25673127159381
Urban100,img_090,detail_v1d,<output_root>/detail_v1d/Urban100/img_090/detail.png,<benchmark_root>/selfexsr/SelfExSR-master/data/Urban100/image_SRF_4/img_090_SRF_4_HR.png,<benchmark_root>/selfexsr/SelfExSR-master/data/Urban100/image_SRF_4/img_090_SRF_4_LR.png,37.441404424867116,0.97505710166014,35.77147285359444
Urban100,img_090,refiner_condition,<output_root>/refiner_v2/Urban100/img_090/condition.png,<benchmark_root>/selfexsr/SelfExSR-master/data/Urban100/image_SRF_4/img_090_SRF_4_HR.png,<benchmark_root>/selfexsr/SelfExSR-master/data/Urban100/image_SRF_4/img_090_SRF_4_LR.png,33.75233824358613,0.947387196568698,32.13957637819255
Urban100,img_090,refiner_v2,<output_root>/refiner_v2/Urban100/img_090/refined.png,<benchmark_root>/selfexsr/SelfExSR-master/data/Urban100/image_SRF_4/img_090_SRF_4_HR.png,<benchmark_root>/selfexsr/SelfExSR-master/data/Urban100/image_SRF_4/img_090_SRF_4_LR.png,34.79936535909037,0.9579548171543941,33.264198035208466
Urban100,img_090,RealESRNet_x4plus,<output_root>/realesrgan/Urban100/img_090/RealESRNet_x4plus.png,<benchmark_root>/selfexsr/SelfExSR-master/data/Urban100/image_SRF_4/img_090_SRF_4_HR.png,<benchmark_root>/selfexsr/SelfExSR-master/data/Urban100/image_SRF_4/img_090_SRF_4_LR.png,33.15965340521305,0.9414709249385023,31.114322699162148
Urban100,img_090,RealESRGAN_x4plus,<output_root>/realesrgan/Urban100/img_090/RealESRGAN_x4plus.png,<benchmark_root>/selfexsr/SelfExSR-master/data/Urban100/image_SRF_4/img_090_SRF_4_HR.png,<benchmark_root>/selfexsr/SelfExSR-master/data/Urban100/image_SRF_4/img_090_SRF_4_LR.png,28.716404856772478,0.8821285715752879,26.769344226885167
Urban100,img_091,bicubic,generated:matlab_bicubic_resize,<benchmark_root>/selfexsr/SelfExSR-master/data/Urban100/image_SRF_4/img_091_SRF_4_HR.png,<benchmark_root>/selfexsr/SelfExSR-master/data/Urban100/image_SRF_4/img_091_SRF_4_LR.png,22.170031135555753,0.5264059432229115,20.335570160185238
Urban100,img_091,detail_base,<output_root>/detail_v1d/Urban100/img_091/base.png,<benchmark_root>/selfexsr/SelfExSR-master/data/Urban100/image_SRF_4/img_091_SRF_4_HR.png,<benchmark_root>/selfexsr/SelfExSR-master/data/Urban100/image_SRF_4/img_091_SRF_4_LR.png,23.348964834916192,0.622783116259439,21.540582851352536
Urban100,img_091,detail_v1d,<output_root>/detail_v1d/Urban100/img_091/detail.png,<benchmark_root>/selfexsr/SelfExSR-master/data/Urban100/image_SRF_4/img_091_SRF_4_HR.png,<benchmark_root>/selfexsr/SelfExSR-master/data/Urban100/image_SRF_4/img_091_SRF_4_LR.png,23.546492542123794,0.6380539464303443,21.74412085458642
Urban100,img_091,refiner_condition,<output_root>/refiner_v2/Urban100/img_091/condition.png,<benchmark_root>/selfexsr/SelfExSR-master/data/Urban100/image_SRF_4/img_091_SRF_4_HR.png,<benchmark_root>/selfexsr/SelfExSR-master/data/Urban100/image_SRF_4/img_091_SRF_4_LR.png,23.032536981906425,0.5942241329356197,21.191966344789535
Urban100,img_091,refiner_v2,<output_root>/refiner_v2/Urban100/img_091/refined.png,<benchmark_root>/selfexsr/SelfExSR-master/data/Urban100/image_SRF_4/img_091_SRF_4_HR.png,<benchmark_root>/selfexsr/SelfExSR-master/data/Urban100/image_SRF_4/img_091_SRF_4_LR.png,23.2179090032185,0.6161402036752069,21.418513393563586
Urban100,img_091,RealESRNet_x4plus,<output_root>/realesrgan/Urban100/img_091/RealESRNet_x4plus.png,<benchmark_root>/selfexsr/SelfExSR-master/data/Urban100/image_SRF_4/img_091_SRF_4_HR.png,<benchmark_root>/selfexsr/SelfExSR-master/data/Urban100/image_SRF_4/img_091_SRF_4_LR.png,22.458719777870687,0.6051917876178048,20.428882926799353
Urban100,img_091,RealESRGAN_x4plus,<output_root>/realesrgan/Urban100/img_091/RealESRGAN_x4plus.png,<benchmark_root>/selfexsr/SelfExSR-master/data/Urban100/image_SRF_4/img_091_SRF_4_HR.png,<benchmark_root>/selfexsr/SelfExSR-master/data/Urban100/image_SRF_4/img_091_SRF_4_LR.png,20.171121636384278,0.5003928459101668,18.411737087414295
Urban100,img_092,bicubic,generated:matlab_bicubic_resize,<benchmark_root>/selfexsr/SelfExSR-master/data/Urban100/image_SRF_4/img_092_SRF_4_HR.png,<benchmark_root>/selfexsr/SelfExSR-master/data/Urban100/image_SRF_4/img_092_SRF_4_LR.png,16.579708965098842,0.4376793156427288,15.257800488179388
Urban100,img_092,detail_base,<output_root>/detail_v1d/Urban100/img_092/base.png,<benchmark_root>/selfexsr/SelfExSR-master/data/Urban100/image_SRF_4/img_092_SRF_4_HR.png,<benchmark_root>/selfexsr/SelfExSR-master/data/Urban100/image_SRF_4/img_092_SRF_4_LR.png,18.40028801759988,0.6171322811745561,17.07396378280429
Urban100,img_092,detail_v1d,<output_root>/detail_v1d/Urban100/img_092/detail.png,<benchmark_root>/selfexsr/SelfExSR-master/data/Urban100/image_SRF_4/img_092_SRF_4_HR.png,<benchmark_root>/selfexsr/SelfExSR-master/data/Urban100/image_SRF_4/img_092_SRF_4_LR.png,18.68155172586208,0.6421438177026092,17.35233460959041
Urban100,img_092,refiner_condition,<output_root>/refiner_v2/Urban100/img_092/condition.png,<benchmark_root>/selfexsr/SelfExSR-master/data/Urban100/image_SRF_4/img_092_SRF_4_HR.png,<benchmark_root>/selfexsr/SelfExSR-master/data/Urban100/image_SRF_4/img_092_SRF_4_LR.png,17.486799217777097,0.5385459535895964,16.16250858161092
Urban100,img_092,refiner_v2,<output_root>/refiner_v2/Urban100/img_092/refined.png,<benchmark_root>/selfexsr/SelfExSR-master/data/Urban100/image_SRF_4/img_092_SRF_4_HR.png,<benchmark_root>/selfexsr/SelfExSR-master/data/Urban100/image_SRF_4/img_092_SRF_4_LR.png,17.764061738902512,0.5675448311168074,16.44724895376369
Urban100,img_092,RealESRNet_x4plus,<output_root>/realesrgan/Urban100/img_092/RealESRNet_x4plus.png,<benchmark_root>/selfexsr/SelfExSR-master/data/Urban100/image_SRF_4/img_092_SRF_4_HR.png,<benchmark_root>/selfexsr/SelfExSR-master/data/Urban100/image_SRF_4/img_092_SRF_4_LR.png,18.26014080513942,0.5996934276773939,16.92148898607144
Urban100,img_092,RealESRGAN_x4plus,<output_root>/realesrgan/Urban100/img_092/RealESRGAN_x4plus.png,<benchmark_root>/selfexsr/SelfExSR-master/data/Urban100/image_SRF_4/img_092_SRF_4_HR.png,<benchmark_root>/selfexsr/SelfExSR-master/data/Urban100/image_SRF_4/img_092_SRF_4_LR.png,17.66954093389368,0.5878359255881886,16.35528080763507
Urban100,img_093,bicubic,generated:matlab_bicubic_resize,<benchmark_root>/selfexsr/SelfExSR-master/data/Urban100/image_SRF_4/img_093_SRF_4_HR.png,<benchmark_root>/selfexsr/SelfExSR-master/data/Urban100/image_SRF_4/img_093_SRF_4_LR.png,23.62163465546349,0.8064754805791969,22.2849320653021
Urban100,img_093,detail_base,<output_root>/detail_v1d/Urban100/img_093/base.png,<benchmark_root>/selfexsr/SelfExSR-master/data/Urban100/image_SRF_4/img_093_SRF_4_HR.png,<benchmark_root>/selfexsr/SelfExSR-master/data/Urban100/image_SRF_4/img_093_SRF_4_LR.png,28.10907758685805,0.9159027442289427,26.610881885325202
Urban100,img_093,detail_v1d,<output_root>/detail_v1d/Urban100/img_093/detail.png,<benchmark_root>/selfexsr/SelfExSR-master/data/Urban100/image_SRF_4/img_093_SRF_4_HR.png,<benchmark_root>/selfexsr/SelfExSR-master/data/Urban100/image_SRF_4/img_093_SRF_4_LR.png,29.142438840037244,0.928754929347538,27.57286403290907
Urban100,img_093,refiner_condition,<output_root>/refiner_v2/Urban100/img_093/condition.png,<benchmark_root>/selfexsr/SelfExSR-master/data/Urban100/image_SRF_4/img_093_SRF_4_HR.png,<benchmark_root>/selfexsr/SelfExSR-master/data/Urban100/image_SRF_4/img_093_SRF_4_LR.png,25.381125670636074,0.8667632323363563,23.990710294256022
Urban100,img_093,refiner_v2,<output_root>/refiner_v2/Urban100/img_093/refined.png,<benchmark_root>/selfexsr/SelfExSR-master/data/Urban100/image_SRF_4/img_093_SRF_4_HR.png,<benchmark_root>/selfexsr/SelfExSR-master/data/Urban100/image_SRF_4/img_093_SRF_4_LR.png,26.128480892110062,0.8853751068499685,24.767560754773406
Urban100,img_093,RealESRNet_x4plus,<output_root>/realesrgan/Urban100/img_093/RealESRNet_x4plus.png,<benchmark_root>/selfexsr/SelfExSR-master/data/Urban100/image_SRF_4/img_093_SRF_4_HR.png,<benchmark_root>/selfexsr/SelfExSR-master/data/Urban100/image_SRF_4/img_093_SRF_4_LR.png,26.439676826146705,0.8865101698688426,24.57778362002122
Urban100,img_093,RealESRGAN_x4plus,<output_root>/realesrgan/Urban100/img_093/RealESRGAN_x4plus.png,<benchmark_root>/selfexsr/SelfExSR-master/data/Urban100/image_SRF_4/img_093_SRF_4_HR.png,<benchmark_root>/selfexsr/SelfExSR-master/data/Urban100/image_SRF_4/img_093_SRF_4_LR.png,23.57034802937848,0.8428735151973138,22.07268405614637
Urban100,img_094,bicubic,generated:matlab_bicubic_resize,<benchmark_root>/selfexsr/SelfExSR-master/data/Urban100/image_SRF_4/img_094_SRF_4_HR.png,<benchmark_root>/selfexsr/SelfExSR-master/data/Urban100/image_SRF_4/img_094_SRF_4_LR.png,25.35078280652025,0.702365251061718,24.005260783022546
Urban100,img_094,detail_base,<output_root>/detail_v1d/Urban100/img_094/base.png,<benchmark_root>/selfexsr/SelfExSR-master/data/Urban100/image_SRF_4/img_094_SRF_4_HR.png,<benchmark_root>/selfexsr/SelfExSR-master/data/Urban100/image_SRF_4/img_094_SRF_4_LR.png,26.98678723208065,0.7770385725348065,25.589119758532885
Urban100,img_094,detail_v1d,<output_root>/detail_v1d/Urban100/img_094/detail.png,<benchmark_root>/selfexsr/SelfExSR-master/data/Urban100/image_SRF_4/img_094_SRF_4_HR.png,<benchmark_root>/selfexsr/SelfExSR-master/data/Urban100/image_SRF_4/img_094_SRF_4_LR.png,27.226542922055096,0.7878757900365579,25.821809450925922
Urban100,img_094,refiner_condition,<output_root>/refiner_v2/Urban100/img_094/condition.png,<benchmark_root>/selfexsr/SelfExSR-master/data/Urban100/image_SRF_4/img_094_SRF_4_HR.png,<benchmark_root>/selfexsr/SelfExSR-master/data/Urban100/image_SRF_4/img_094_SRF_4_LR.png,26.521068199772706,0.7558506941673887,25.120010334890573
Urban100,img_094,refiner_v2,<output_root>/refiner_v2/Urban100/img_094/refined.png,<benchmark_root>/selfexsr/SelfExSR-master/data/Urban100/image_SRF_4/img_094_SRF_4_HR.png,<benchmark_root>/selfexsr/SelfExSR-master/data/Urban100/image_SRF_4/img_094_SRF_4_LR.png,26.68044925791066,0.7650066440004354,25.298856467580823
Urban100,img_094,RealESRNet_x4plus,<output_root>/realesrgan/Urban100/img_094/RealESRNet_x4plus.png,<benchmark_root>/selfexsr/SelfExSR-master/data/Urban100/image_SRF_4/img_094_SRF_4_HR.png,<benchmark_root>/selfexsr/SelfExSR-master/data/Urban100/image_SRF_4/img_094_SRF_4_LR.png,26.474435096876725,0.760802999439408,25.001459735577498
Urban100,img_094,RealESRGAN_x4plus,<output_root>/realesrgan/Urban100/img_094/RealESRGAN_x4plus.png,<benchmark_root>/selfexsr/SelfExSR-master/data/Urban100/image_SRF_4/img_094_SRF_4_HR.png,<benchmark_root>/selfexsr/SelfExSR-master/data/Urban100/image_SRF_4/img_094_SRF_4_LR.png,24.915450004560352,0.7177890589563429,23.46230632778457
Urban100,img_095,bicubic,generated:matlab_bicubic_resize,<benchmark_root>/selfexsr/SelfExSR-master/data/Urban100/image_SRF_4/img_095_SRF_4_HR.png,<benchmark_root>/selfexsr/SelfExSR-master/data/Urban100/image_SRF_4/img_095_SRF_4_LR.png,18.738898452137253,0.28046515620843215,17.416977140260517
Urban100,img_095,detail_base,<output_root>/detail_v1d/Urban100/img_095/base.png,<benchmark_root>/selfexsr/SelfExSR-master/data/Urban100/image_SRF_4/img_095_SRF_4_HR.png,<benchmark_root>/selfexsr/SelfExSR-master/data/Urban100/image_SRF_4/img_095_SRF_4_LR.png,19.921400394032265,0.3973132454281958,18.597772748353123
Urban100,img_095,detail_v1d,<output_root>/detail_v1d/Urban100/img_095/detail.png,<benchmark_root>/selfexsr/SelfExSR-master/data/Urban100/image_SRF_4/img_095_SRF_4_HR.png,<benchmark_root>/selfexsr/SelfExSR-master/data/Urban100/image_SRF_4/img_095_SRF_4_LR.png,20.07694100358219,0.4113860504734089,18.750246442063048
Urban100,img_095,refiner_condition,<output_root>/refiner_v2/Urban100/img_095/condition.png,<benchmark_root>/selfexsr/SelfExSR-master/data/Urban100/image_SRF_4/img_095_SRF_4_HR.png,<benchmark_root>/selfexsr/SelfExSR-master/data/Urban100/image_SRF_4/img_095_SRF_4_LR.png,19.40030515641876,0.3409494425424376,18.06920342071184
Urban100,img_095,refiner_v2,<output_root>/refiner_v2/Urban100/img_095/refined.png,<benchmark_root>/selfexsr/SelfExSR-master/data/Urban100/image_SRF_4/img_095_SRF_4_HR.png,<benchmark_root>/selfexsr/SelfExSR-master/data/Urban100/image_SRF_4/img_095_SRF_4_LR.png,19.61816047849863,0.36271398341770983,18.294802454650036
Urban100,img_095,RealESRNet_x4plus,<output_root>/realesrgan/Urban100/img_095/RealESRNet_x4plus.png,<benchmark_root>/selfexsr/SelfExSR-master/data/Urban100/image_SRF_4/img_095_SRF_4_HR.png,<benchmark_root>/selfexsr/SelfExSR-master/data/Urban100/image_SRF_4/img_095_SRF_4_LR.png,19.49172489105279,0.3486763067407849,18.160745253137364
Urban100,img_095,RealESRGAN_x4plus,<output_root>/realesrgan/Urban100/img_095/RealESRGAN_x4plus.png,<benchmark_root>/selfexsr/SelfExSR-master/data/Urban100/image_SRF_4/img_095_SRF_4_HR.png,<benchmark_root>/selfexsr/SelfExSR-master/data/Urban100/image_SRF_4/img_095_SRF_4_LR.png,19.148510332292346,0.3371923039618915,17.829680988398167
Urban100,img_096,bicubic,generated:matlab_bicubic_resize,<benchmark_root>/selfexsr/SelfExSR-master/data/Urban100/image_SRF_4/img_096_SRF_4_HR.png,<benchmark_root>/selfexsr/SelfExSR-master/data/Urban100/image_SRF_4/img_096_SRF_4_LR.png,21.327421052126798,0.6858057978565768,20.05920811161748
Urban100,img_096,detail_base,<output_root>/detail_v1d/Urban100/img_096/base.png,<benchmark_root>/selfexsr/SelfExSR-master/data/Urban100/image_SRF_4/img_096_SRF_4_HR.png,<benchmark_root>/selfexsr/SelfExSR-master/data/Urban100/image_SRF_4/img_096_SRF_4_LR.png,23.554951360844516,0.8233788563545489,22.256167281393072
Urban100,img_096,detail_v1d,<output_root>/detail_v1d/Urban100/img_096/detail.png,<benchmark_root>/selfexsr/SelfExSR-master/data/Urban100/image_SRF_4/img_096_SRF_4_HR.png,<benchmark_root>/selfexsr/SelfExSR-master/data/Urban100/image_SRF_4/img_096_SRF_4_LR.png,24.412672072560603,0.8549120325582635,23.11358077750056
Urban100,img_096,refiner_condition,<output_root>/refiner_v2/Urban100/img_096/condition.png,<benchmark_root>/selfexsr/SelfExSR-master/data/Urban100/image_SRF_4/img_096_SRF_4_HR.png,<benchmark_root>/selfexsr/SelfExSR-master/data/Urban100/image_SRF_4/img_096_SRF_4_LR.png,22.839088567721035,0.7808327778055367,21.469520353892243
Urban100,img_096,refiner_v2,<output_root>/refiner_v2/Urban100/img_096/refined.png,<benchmark_root>/selfexsr/SelfExSR-master/data/Urban100/image_SRF_4/img_096_SRF_4_HR.png,<benchmark_root>/selfexsr/SelfExSR-master/data/Urban100/image_SRF_4/img_096_SRF_4_LR.png,22.941553589685128,0.7934544549661208,21.63914325710218
Urban100,img_096,RealESRNet_x4plus,<output_root>/realesrgan/Urban100/img_096/RealESRNet_x4plus.png,<benchmark_root>/selfexsr/SelfExSR-master/data/Urban100/image_SRF_4/img_096_SRF_4_HR.png,<benchmark_root>/selfexsr/SelfExSR-master/data/Urban100/image_SRF_4/img_096_SRF_4_LR.png,22.708991972315715,0.8087807198149991,21.38074093368026
Urban100,img_096,RealESRGAN_x4plus,<output_root>/realesrgan/Urban100/img_096/RealESRGAN_x4plus.png,<benchmark_root>/selfexsr/SelfExSR-master/data/Urban100/image_SRF_4/img_096_SRF_4_HR.png,<benchmark_root>/selfexsr/SelfExSR-master/data/Urban100/image_SRF_4/img_096_SRF_4_LR.png,20.688413759727915,0.7688499287276636,19.316419446627894
Urban100,img_097,bicubic,generated:matlab_bicubic_resize,<benchmark_root>/selfexsr/SelfExSR-master/data/Urban100/image_SRF_4/img_097_SRF_4_HR.png,<benchmark_root>/selfexsr/SelfExSR-master/data/Urban100/image_SRF_4/img_097_SRF_4_LR.png,23.01924917937921,0.6425917195725455,21.616160742138646
Urban100,img_097,detail_base,<output_root>/detail_v1d/Urban100/img_097/base.png,<benchmark_root>/selfexsr/SelfExSR-master/data/Urban100/image_SRF_4/img_097_SRF_4_HR.png,<benchmark_root>/selfexsr/SelfExSR-master/data/Urban100/image_SRF_4/img_097_SRF_4_LR.png,24.441097708276054,0.7399231032931229,23.024017162157378
Urban100,img_097,detail_v1d,<output_root>/detail_v1d/Urban100/img_097/detail.png,<benchmark_root>/selfexsr/SelfExSR-master/data/Urban100/image_SRF_4/img_097_SRF_4_HR.png,<benchmark_root>/selfexsr/SelfExSR-master/data/Urban100/image_SRF_4/img_097_SRF_4_LR.png,24.723278452764276,0.7564337882595672,23.30569029715471
Urban100,img_097,refiner_condition,<output_root>/refiner_v2/Urban100/img_097/condition.png,<benchmark_root>/selfexsr/SelfExSR-master/data/Urban100/image_SRF_4/img_097_SRF_4_HR.png,<benchmark_root>/selfexsr/SelfExSR-master/data/Urban100/image_SRF_4/img_097_SRF_4_LR.png,23.906979278767007,0.7177897275933324,22.455355962519626
Urban100,img_097,refiner_v2,<output_root>/refiner_v2/Urban100/img_097/refined.png,<benchmark_root>/selfexsr/SelfExSR-master/data/Urban100/image_SRF_4/img_097_SRF_4_HR.png,<benchmark_root>/selfexsr/SelfExSR-master/data/Urban100/image_SRF_4/img_097_SRF_4_LR.png,23.98970296318226,0.7277367638834433,22.57079860024627
Urban100,img_097,RealESRNet_x4plus,<output_root>/realesrgan/Urban100/img_097/RealESRNet_x4plus.png,<benchmark_root>/selfexsr/SelfExSR-master/data/Urban100/image_SRF_4/img_097_SRF_4_HR.png,<benchmark_root>/selfexsr/SelfExSR-master/data/Urban100/image_SRF_4/img_097_SRF_4_LR.png,23.777587956760534,0.726063315965055,22.28052825813872
Urban100,img_097,RealESRGAN_x4plus,<output_root>/realesrgan/Urban100/img_097/RealESRGAN_x4plus.png,<benchmark_root>/selfexsr/SelfExSR-master/data/Urban100/image_SRF_4/img_097_SRF_4_HR.png,<benchmark_root>/selfexsr/SelfExSR-master/data/Urban100/image_SRF_4/img_097_SRF_4_LR.png,21.494352643970057,0.6415103499200651,20.052549637870282
Urban100,img_098,bicubic,generated:matlab_bicubic_resize,<benchmark_root>/selfexsr/SelfExSR-master/data/Urban100/image_SRF_4/img_098_SRF_4_HR.png,<benchmark_root>/selfexsr/SelfExSR-master/data/Urban100/image_SRF_4/img_098_SRF_4_LR.png,19.650224898986636,0.3910293974969752,18.258377424138242
Urban100,img_098,detail_base,<output_root>/detail_v1d/Urban100/img_098/base.png,<benchmark_root>/selfexsr/SelfExSR-master/data/Urban100/image_SRF_4/img_098_SRF_4_HR.png,<benchmark_root>/selfexsr/SelfExSR-master/data/Urban100/image_SRF_4/img_098_SRF_4_LR.png,20.47429184066557,0.5077777548646958,19.087678412378864
Urban100,img_098,detail_v1d,<output_root>/detail_v1d/Urban100/img_098/detail.png,<benchmark_root>/selfexsr/SelfExSR-master/data/Urban100/image_SRF_4/img_098_SRF_4_HR.png,<benchmark_root>/selfexsr/SelfExSR-master/data/Urban100/image_SRF_4/img_098_SRF_4_LR.png,20.658656581585326,0.5253877269053726,19.270400726131424
Urban100,img_098,refiner_condition,<output_root>/refiner_v2/Urban100/img_098/condition.png,<benchmark_root>/selfexsr/SelfExSR-master/data/Urban100/image_SRF_4/img_098_SRF_4_HR.png,<benchmark_root>/selfexsr/SelfExSR-master/data/Urban100/image_SRF_4/img_098_SRF_4_LR.png,20.173844653335756,0.45746268616420394,18.773421551892756
Urban100,img_098,refiner_v2,<output_root>/refiner_v2/Urban100/img_098/refined.png,<benchmark_root>/selfexsr/SelfExSR-master/data/Urban100/image_SRF_4/img_098_SRF_4_HR.png,<benchmark_root>/selfexsr/SelfExSR-master/data/Urban100/image_SRF_4/img_098_SRF_4_LR.png,20.305795702698592,0.4811933570183739,18.9268344844131
Urban100,img_098,RealESRNet_x4plus,<output_root>/realesrgan/Urban100/img_098/RealESRNet_x4plus.png,<benchmark_root>/selfexsr/SelfExSR-master/data/Urban100/image_SRF_4/img_098_SRF_4_HR.png,<benchmark_root>/selfexsr/SelfExSR-master/data/Urban100/image_SRF_4/img_098_SRF_4_LR.png,20.211214402895614,0.4779371331668912,18.67251815669198
Urban100,img_098,RealESRGAN_x4plus,<output_root>/realesrgan/Urban100/img_098/RealESRGAN_x4plus.png,<benchmark_root>/selfexsr/SelfExSR-master/data/Urban100/image_SRF_4/img_098_SRF_4_HR.png,<benchmark_root>/selfexsr/SelfExSR-master/data/Urban100/image_SRF_4/img_098_SRF_4_LR.png,19.11796945174626,0.4268226540537434,17.618829096998194
Urban100,img_099,bicubic,generated:matlab_bicubic_resize,<benchmark_root>/selfexsr/SelfExSR-master/data/Urban100/image_SRF_4/img_099_SRF_4_HR.png,<benchmark_root>/selfexsr/SelfExSR-master/data/Urban100/image_SRF_4/img_099_SRF_4_LR.png,22.41167859246712,0.5877647141808264,20.391473192480497
Urban100,img_099,detail_base,<output_root>/detail_v1d/Urban100/img_099/base.png,<benchmark_root>/selfexsr/SelfExSR-master/data/Urban100/image_SRF_4/img_099_SRF_4_HR.png,<benchmark_root>/selfexsr/SelfExSR-master/data/Urban100/image_SRF_4/img_099_SRF_4_LR.png,25.161731545936014,0.7544716560344489,22.79985863991498
Urban100,img_099,detail_v1d,<output_root>/detail_v1d/Urban100/img_099/detail.png,<benchmark_root>/selfexsr/SelfExSR-master/data/Urban100/image_SRF_4/img_099_SRF_4_HR.png,<benchmark_root>/selfexsr/SelfExSR-master/data/Urban100/image_SRF_4/img_099_SRF_4_LR.png,25.762162650545708,0.7839877225101841,23.319103838047546
Urban100,img_099,refiner_condition,<output_root>/refiner_v2/Urban100/img_099/condition.png,<benchmark_root>/selfexsr/SelfExSR-master/data/Urban100/image_SRF_4/img_099_SRF_4_HR.png,<benchmark_root>/selfexsr/SelfExSR-master/data/Urban100/image_SRF_4/img_099_SRF_4_LR.png,24.08023392723453,0.6860216066712261,21.8179792962893
Urban100,img_099,refiner_v2,<output_root>/refiner_v2/Urban100/img_099/refined.png,<benchmark_root>/selfexsr/SelfExSR-master/data/Urban100/image_SRF_4/img_099_SRF_4_HR.png,<benchmark_root>/selfexsr/SelfExSR-master/data/Urban100/image_SRF_4/img_099_SRF_4_LR.png,24.3824832636663,0.7069118465288665,22.137837953012948
Urban100,img_099,RealESRNet_x4plus,<output_root>/realesrgan/Urban100/img_099/RealESRNet_x4plus.png,<benchmark_root>/selfexsr/SelfExSR-master/data/Urban100/image_SRF_4/img_099_SRF_4_HR.png,<benchmark_root>/selfexsr/SelfExSR-master/data/Urban100/image_SRF_4/img_099_SRF_4_LR.png,24.379002983605158,0.7180502854282337,21.87838625858259
Urban100,img_099,RealESRGAN_x4plus,<output_root>/realesrgan/Urban100/img_099/RealESRGAN_x4plus.png,<benchmark_root>/selfexsr/SelfExSR-master/data/Urban100/image_SRF_4/img_099_SRF_4_HR.png,<benchmark_root>/selfexsr/SelfExSR-master/data/Urban100/image_SRF_4/img_099_SRF_4_LR.png,21.59228436412939,0.6566698376528924,19.622782462732154
Urban100,img_100,bicubic,generated:matlab_bicubic_resize,<benchmark_root>/selfexsr/SelfExSR-master/data/Urban100/image_SRF_4/img_100_SRF_4_HR.png,<benchmark_root>/selfexsr/SelfExSR-master/data/Urban100/image_SRF_4/img_100_SRF_4_LR.png,22.284320491581596,0.599815193772396,19.6234725089187
Urban100,img_100,detail_base,<output_root>/detail_v1d/Urban100/img_100/base.png,<benchmark_root>/selfexsr/SelfExSR-master/data/Urban100/image_SRF_4/img_100_SRF_4_HR.png,<benchmark_root>/selfexsr/SelfExSR-master/data/Urban100/image_SRF_4/img_100_SRF_4_LR.png,26.017653278271425,0.7421811120804057,22.045332691678095
Urban100,img_100,detail_v1d,<output_root>/detail_v1d/Urban100/img_100/detail.png,<benchmark_root>/selfexsr/SelfExSR-master/data/Urban100/image_SRF_4/img_100_SRF_4_HR.png,<benchmark_root>/selfexsr/SelfExSR-master/data/Urban100/image_SRF_4/img_100_SRF_4_LR.png,26.51334625165434,0.7610964044912613,22.382005937573
Urban100,img_100,refiner_condition,<output_root>/refiner_v2/Urban100/img_100/condition.png,<benchmark_root>/selfexsr/SelfExSR-master/data/Urban100/image_SRF_4/img_100_SRF_4_HR.png,<benchmark_root>/selfexsr/SelfExSR-master/data/Urban100/image_SRF_4/img_100_SRF_4_LR.png,24.74773939509539,0.6914531338452963,21.242528123277783
Urban100,img_100,refiner_v2,<output_root>/refiner_v2/Urban100/img_100/refined.png,<benchmark_root>/selfexsr/SelfExSR-master/data/Urban100/image_SRF_4/img_100_SRF_4_HR.png,<benchmark_root>/selfexsr/SelfExSR-master/data/Urban100/image_SRF_4/img_100_SRF_4_LR.png,25.202152986132216,0.706498834218443,21.56907544559612
Urban100,img_100,RealESRNet_x4plus,<output_root>/realesrgan/Urban100/img_100/RealESRNet_x4plus.png,<benchmark_root>/selfexsr/SelfExSR-master/data/Urban100/image_SRF_4/img_100_SRF_4_HR.png,<benchmark_root>/selfexsr/SelfExSR-master/data/Urban100/image_SRF_4/img_100_SRF_4_LR.png,25.01723589225554,0.704799233444101,21.303440278670504
Urban100,img_100,RealESRGAN_x4plus,<output_root>/realesrgan/Urban100/img_100/RealESRGAN_x4plus.png,<benchmark_root>/selfexsr/SelfExSR-master/data/Urban100/image_SRF_4/img_100_SRF_4_HR.png,<benchmark_root>/selfexsr/SelfExSR-master/data/Urban100/image_SRF_4/img_100_SRF_4_LR.png,24.395732985810863,0.6835424428826178,20.83746722715376
