dataset,id,candidate,candidate_path,hr_path,lr_path,y_psnr,y_ssim,rgb_psnr
DIV2K,0801,bicubic,generated:matlab_bicubic_resize,<benchmark_root>/div2k/DIV2K_valid_HR/0801.png,<benchmark_root>/div2k/DIV2K_valid_LR_bicubic/X4/0801x4.png,28.918895062413313,0.8018290667782313,27.643347589792107
DIV2K,0801,detail_base,<output_root>/detail_v1d/DIV2K/0801/base.png,<benchmark_root>/div2k/DIV2K_valid_HR/0801.png,<benchmark_root>/div2k/DIV2K_valid_LR_bicubic/X4/0801x4.png,30.118486437329164,0.8468877741874965,28.81023260633667
DIV2K,0801,detail_v1d,<output_root>/detail_v1d/DIV2K/0801/detail.png,<benchmark_root>/div2k/DIV2K_valid_HR/0801.png,<benchmark_root>/div2k/DIV2K_valid_LR_bicubic/X4/0801x4.png,30.190559438446975,0.8500374714501521,28.902801024973517
DIV2K,0801,refiner_v2,<output_root>/refiner_v2/DIV2K/0801/refined.png,<benchmark_root>/div2k/DIV2K_valid_HR/0801.png,<benchmark_root>/div2k/DIV2K_valid_LR_bicubic/X4/0801x4.png,29.660583740862407,0.8413000177162352,28.337090606110454
DIV2K,0801,RealESRNet_x4plus,<output_root>/realesrgan/DIV2K/0801/RealESRNet_x4plus.png,<benchmark_root>/div2k/DIV2K_valid_HR/0801.png,<benchmark_root>/div2k/DIV2K_valid_LR_bicubic/X4/0801x4.png,28.384115985286343,0.8168083871274223,26.935164436272455
DIV2K,0801,RealESRGAN_x4plus,<output_root>/realesrgan/DIV2K/0801/RealESRGAN_x4plus.png,<benchmark_root>/div2k/DIV2K_valid_HR/0801.png,<benchmark_root>/div2k/DIV2K_valid_LR_bicubic/X4/0801x4.png,25.886530265517223,0.7270672615482674,24.405289863647113
DIV2K,0801,SwinIR_classical_x4,<swinir_results_root>/swinir_classical_sr_x4/0801_SwinIR.png,<benchmark_root>/div2k/DIV2K_valid_HR/0801.png,<benchmark_root>/div2k/DIV2K_valid_LR_bicubic/X4/0801x4.png,31.411949870935864,0.8771887032671242,30.134481726774208
DIV2K,0802,bicubic,generated:matlab_bicubic_resize,<benchmark_root>/div2k/DIV2K_valid_HR/0802.png,<benchmark_root>/div2k/DIV2K_valid_LR_bicubic/X4/0802x4.png,34.930950714771704,0.8953074359903685,33.16010272897294
DIV2K,0802,detail_base,<output_root>/detail_v1d/DIV2K/0802/base.png,<benchmark_root>/div2k/DIV2K_valid_HR/0802.png,<benchmark_root>/div2k/DIV2K_valid_LR_bicubic/X4/0802x4.png,37.004483108230176,0.9181654282329026,34.78261763453797
DIV2K,0802,detail_v1d,<output_root>/detail_v1d/DIV2K/0802/detail.png,<benchmark_root>/div2k/DIV2K_valid_HR/0802.png,<benchmark_root>/div2k/DIV2K_valid_LR_bicubic/X4/0802x4.png,37.200726923281586,0.9204770331985122,34.98928999653157
DIV2K,0802,refiner_v2,<output_root>/refiner_v2/DIV2K/0802/refined.png,<benchmark_root>/div2k/DIV2K_valid_HR/0802.png,<benchmark_root>/div2k/DIV2K_valid_LR_bicubic/X4/0802x4.png,35.99140967201736,0.9155359327240821,33.760506682770625
DIV2K,0802,RealESRNet_x4plus,<output_root>/realesrgan/DIV2K/0802/RealESRNet_x4plus.png,<benchmark_root>/div2k/DIV2K_valid_HR/0802.png,<benchmark_root>/div2k/DIV2K_valid_LR_bicubic/X4/0802x4.png,35.10271711943808,0.8879450417216112,32.045565855508606
DIV2K,0802,RealESRGAN_x4plus,<output_root>/realesrgan/DIV2K/0802/RealESRGAN_x4plus.png,<benchmark_root>/div2k/DIV2K_valid_HR/0802.png,<benchmark_root>/div2k/DIV2K_valid_LR_bicubic/X4/0802x4.png,33.40505321833346,0.8746417135803137,30.347533387249243
DIV2K,0802,SwinIR_classical_x4,<swinir_results_root>/swinir_classical_sr_x4/0802_SwinIR.png,<benchmark_root>/div2k/DIV2K_valid_HR/0802.png,<benchmark_root>/div2k/DIV2K_valid_LR_bicubic/X4/0802x4.png,37.63364120172458,0.9247636023200584,35.56220970089586
DIV2K,0803,bicubic,generated:matlab_bicubic_resize,<benchmark_root>/div2k/DIV2K_valid_HR/0803.png,<benchmark_root>/div2k/DIV2K_valid_LR_bicubic/X4/0803x4.png,35.05526220916966,0.9527886085921927,33.61202775229642
DIV2K,0803,detail_base,<output_root>/detail_v1d/DIV2K/0803/base.png,<benchmark_root>/div2k/DIV2K_valid_HR/0803.png,<benchmark_root>/div2k/DIV2K_valid_LR_bicubic/X4/0803x4.png,41.92151685868018,0.9792438976281268,39.547125263587624
DIV2K,0803,detail_v1d,<output_root>/detail_v1d/DIV2K/0803/detail.png,<benchmark_root>/div2k/DIV2K_valid_HR/0803.png,<benchmark_root>/div2k/DIV2K_valid_LR_bicubic/X4/0803x4.png,42.49394962245789,0.9812945362231851,40.07120250278936
DIV2K,0803,refiner_v2,<output_root>/refiner_v2/DIV2K/0803/refined.png,<benchmark_root>/div2k/DIV2K_valid_HR/0803.png,<benchmark_root>/div2k/DIV2K_valid_LR_bicubic/X4/0803x4.png,39.5042505561143,0.9744314300485188,37.117263121357915
DIV2K,0803,RealESRNet_x4plus,<output_root>/realesrgan/DIV2K/0803/RealESRNet_x4plus.png,<benchmark_root>/div2k/DIV2K_valid_HR/0803.png,<benchmark_root>/div2k/DIV2K_valid_LR_bicubic/X4/0803x4.png,38.481266044108374,0.9696002269298796,34.420138655946865
DIV2K,0803,RealESRGAN_x4plus,<output_root>/realesrgan/DIV2K/0803/RealESRGAN_x4plus.png,<benchmark_root>/div2k/DIV2K_valid_HR/0803.png,<benchmark_root>/div2k/DIV2K_valid_LR_bicubic/X4/0803x4.png,35.716216356510905,0.9570421728070543,31.25597835927449
DIV2K,0803,SwinIR_classical_x4,<swinir_results_root>/swinir_classical_sr_x4/0803_SwinIR.png,<benchmark_root>/div2k/DIV2K_valid_HR/0803.png,<benchmark_root>/div2k/DIV2K_valid_LR_bicubic/X4/0803x4.png,44.379181337561164,0.984487385847798,42.1150480210234
DIV2K,0804,bicubic,generated:matlab_bicubic_resize,<benchmark_root>/div2k/DIV2K_valid_HR/0804.png,<benchmark_root>/div2k/DIV2K_valid_LR_bicubic/X4/0804x4.png,26.89838873553256,0.7363780585335264,25.382047503703042
DIV2K,0804,detail_base,<output_root>/detail_v1d/DIV2K/0804/base.png,<benchmark_root>/div2k/DIV2K_valid_HR/0804.png,<benchmark_root>/div2k/DIV2K_valid_LR_bicubic/X4/0804x4.png,28.587854253218307,0.8089092580980562,27.05843437504585
DIV2K,0804,detail_v1d,<output_root>/detail_v1d/DIV2K/0804/detail.png,<benchmark_root>/div2k/DIV2K_valid_HR/0804.png,<benchmark_root>/div2k/DIV2K_valid_LR_bicubic/X4/0804x4.png,28.769273226093468,0.8160453292897702,27.26323582444362
DIV2K,0804,refiner_v2,<output_root>/refiner_v2/DIV2K/0804/refined.png,<benchmark_root>/div2k/DIV2K_valid_HR/0804.png,<benchmark_root>/div2k/DIV2K_valid_LR_bicubic/X4/0804x4.png,28.26680586241453,0.8020671350648302,26.736020066789862
DIV2K,0804,RealESRNet_x4plus,<output_root>/realesrgan/DIV2K/0804/RealESRNet_x4plus.png,<benchmark_root>/div2k/DIV2K_valid_HR/0804.png,<benchmark_root>/div2k/DIV2K_valid_LR_bicubic/X4/0804x4.png,27.678471558531452,0.7895689481211424,25.55479281285741
DIV2K,0804,RealESRGAN_x4plus,<output_root>/realesrgan/DIV2K/0804/RealESRGAN_x4plus.png,<benchmark_root>/div2k/DIV2K_valid_HR/0804.png,<benchmark_root>/div2k/DIV2K_valid_LR_bicubic/X4/0804x4.png,24.031418693195683,0.6976087868859298,22.278440183797695
DIV2K,0804,SwinIR_classical_x4,<swinir_results_root>/swinir_classical_sr_x4/0804_SwinIR.png,<benchmark_root>/div2k/DIV2K_valid_HR/0804.png,<benchmark_root>/div2k/DIV2K_valid_LR_bicubic/X4/0804x4.png,29.628261292826625,0.833875449546141,28.15173462124044
DIV2K,0805,bicubic,generated:matlab_bicubic_resize,<benchmark_root>/div2k/DIV2K_valid_HR/0805.png,<benchmark_root>/div2k/DIV2K_valid_LR_bicubic/X4/0805x4.png,28.801797612578316,0.7497834825810444,27.498127193375275
DIV2K,0805,detail_base,<output_root>/detail_v1d/DIV2K/0805/base.png,<benchmark_root>/div2k/DIV2K_valid_HR/0805.png,<benchmark_root>/div2k/DIV2K_valid_LR_bicubic/X4/0805x4.png,29.532253133410755,0.7935464874060509,28.18856584588014
DIV2K,0805,detail_v1d,<output_root>/detail_v1d/DIV2K/0805/detail.png,<benchmark_root>/div2k/DIV2K_valid_HR/0805.png,<benchmark_root>/div2k/DIV2K_valid_LR_bicubic/X4/0805x4.png,29.617442326370586,0.7967301664066944,28.281015609862767
DIV2K,0805,refiner_v2,<output_root>/refiner_v2/DIV2K/0805/refined.png,<benchmark_root>/div2k/DIV2K_valid_HR/0805.png,<benchmark_root>/div2k/DIV2K_valid_LR_bicubic/X4/0805x4.png,29.028608937445185,0.7884779331103567,27.646727558338515
DIV2K,0805,RealESRNet_x4plus,<output_root>/realesrgan/DIV2K/0805/RealESRNet_x4plus.png,<benchmark_root>/div2k/DIV2K_valid_HR/0805.png,<benchmark_root>/div2k/DIV2K_valid_LR_bicubic/X4/0805x4.png,29.02850899386319,0.7828374680052097,27.466339932081798
DIV2K,0805,RealESRGAN_x4plus,<output_root>/realesrgan/DIV2K/0805/RealESRGAN_x4plus.png,<benchmark_root>/div2k/DIV2K_valid_HR/0805.png,<benchmark_root>/div2k/DIV2K_valid_LR_bicubic/X4/0805x4.png,26.141843740872446,0.6937994470856828,24.70820182881253
DIV2K,0805,SwinIR_classical_x4,<swinir_results_root>/swinir_classical_sr_x4/0805_SwinIR.png,<benchmark_root>/div2k/DIV2K_valid_HR/0805.png,<benchmark_root>/div2k/DIV2K_valid_LR_bicubic/X4/0805x4.png,30.036892496747814,0.8049683577171661,28.715630960248482
DIV2K,0806,bicubic,generated:matlab_bicubic_resize,<benchmark_root>/div2k/DIV2K_valid_HR/0806.png,<benchmark_root>/div2k/DIV2K_valid_LR_bicubic/X4/0806x4.png,28.18409466223436,0.8318159177787555,26.254558110775843
DIV2K,0806,detail_base,<output_root>/detail_v1d/DIV2K/0806/base.png,<benchmark_root>/div2k/DIV2K_valid_HR/0806.png,<benchmark_root>/div2k/DIV2K_valid_LR_bicubic/X4/0806x4.png,29.77235067175643,0.8710027762622441,27.800482106286545
DIV2K,0806,detail_v1d,<output_root>/detail_v1d/DIV2K/0806/detail.png,<benchmark_root>/div2k/DIV2K_valid_HR/0806.png,<benchmark_root>/div2k/DIV2K_valid_LR_bicubic/X4/0806x4.png,29.98815466778117,0.8758564492970712,28.034219312760982
DIV2K,0806,refiner_v2,<output_root>/refiner_v2/DIV2K/0806/refined.png,<benchmark_root>/div2k/DIV2K_valid_HR/0806.png,<benchmark_root>/div2k/DIV2K_valid_LR_bicubic/X4/0806x4.png,29.40281314466844,0.8647253899473425,27.418855352337435
DIV2K,0806,RealESRNet_x4plus,<output_root>/realesrgan/DIV2K/0806/RealESRNet_x4plus.png,<benchmark_root>/div2k/DIV2K_valid_HR/0806.png,<benchmark_root>/div2k/DIV2K_valid_LR_bicubic/X4/0806x4.png,29.208407702095673,0.8594331756576332,26.895244486253944
DIV2K,0806,RealESRGAN_x4plus,<output_root>/realesrgan/DIV2K/0806/RealESRGAN_x4plus.png,<benchmark_root>/div2k/DIV2K_valid_HR/0806.png,<benchmark_root>/div2k/DIV2K_valid_LR_bicubic/X4/0806x4.png,26.744629932376775,0.7993961015426251,24.78076868788351
DIV2K,0806,SwinIR_classical_x4,<swinir_results_root>/swinir_classical_sr_x4/0806_SwinIR.png,<benchmark_root>/div2k/DIV2K_valid_HR/0806.png,<benchmark_root>/div2k/DIV2K_valid_LR_bicubic/X4/0806x4.png,31.490589372635462,0.9004630055350452,29.616692547942485
DIV2K,0807,bicubic,generated:matlab_bicubic_resize,<benchmark_root>/div2k/DIV2K_valid_HR/0807.png,<benchmark_root>/div2k/DIV2K_valid_LR_bicubic/X4/0807x4.png,20.923770191455763,0.45080809914988274,19.426190290090723
DIV2K,0807,detail_base,<output_root>/detail_v1d/DIV2K/0807/base.png,<benchmark_root>/div2k/DIV2K_valid_HR/0807.png,<benchmark_root>/div2k/DIV2K_valid_LR_bicubic/X4/0807x4.png,21.580029247977635,0.5234618772790431,20.077999478147348
DIV2K,0807,detail_v1d,<output_root>/detail_v1d/DIV2K/0807/detail.png,<benchmark_root>/div2k/DIV2K_valid_HR/0807.png,<benchmark_root>/div2k/DIV2K_valid_LR_bicubic/X4/0807x4.png,21.664331996687615,0.5314166916877137,20.17298469519752
DIV2K,0807,refiner_v2,<output_root>/refiner_v2/DIV2K/0807/refined.png,<benchmark_root>/div2k/DIV2K_valid_HR/0807.png,<benchmark_root>/div2k/DIV2K_valid_LR_bicubic/X4/0807x4.png,21.464770693216053,0.5143506978791897,19.958240260673236
DIV2K,0807,RealESRNet_x4plus,<output_root>/realesrgan/DIV2K/0807/RealESRNet_x4plus.png,<benchmark_root>/div2k/DIV2K_valid_HR/0807.png,<benchmark_root>/div2k/DIV2K_valid_LR_bicubic/X4/0807x4.png,21.347433528731095,0.4942177804626393,19.55217213497636
DIV2K,0807,RealESRGAN_x4plus,<output_root>/realesrgan/DIV2K/0807/RealESRGAN_x4plus.png,<benchmark_root>/div2k/DIV2K_valid_HR/0807.png,<benchmark_root>/div2k/DIV2K_valid_LR_bicubic/X4/0807x4.png,19.587288607350956,0.4348472574801182,17.968043232158443
DIV2K,0807,SwinIR_classical_x4,<swinir_results_root>/swinir_classical_sr_x4/0807_SwinIR.png,<benchmark_root>/div2k/DIV2K_valid_HR/0807.png,<benchmark_root>/div2k/DIV2K_valid_LR_bicubic/X4/0807x4.png,22.013978851603433,0.5726076800179656,20.550709670209464
DIV2K,0808,bicubic,generated:matlab_bicubic_resize,<benchmark_root>/div2k/DIV2K_valid_HR/0808.png,<benchmark_root>/div2k/DIV2K_valid_LR_bicubic/X4/0808x4.png,26.835505730831436,0.7853498865703669,25.444273211617272
DIV2K,0808,detail_base,<output_root>/detail_v1d/DIV2K/0808/base.png,<benchmark_root>/div2k/DIV2K_valid_HR/0808.png,<benchmark_root>/div2k/DIV2K_valid_LR_bicubic/X4/0808x4.png,27.972556738709144,0.8172373775136671,26.57811877934614
DIV2K,0808,detail_v1d,<output_root>/detail_v1d/DIV2K/0808/detail.png,<benchmark_root>/div2k/DIV2K_valid_HR/0808.png,<benchmark_root>/div2k/DIV2K_valid_LR_bicubic/X4/0808x4.png,28.11169947069008,0.8211711519445624,26.722507608807703
DIV2K,0808,refiner_v2,<output_root>/refiner_v2/DIV2K/0808/refined.png,<benchmark_root>/div2k/DIV2K_valid_HR/0808.png,<benchmark_root>/div2k/DIV2K_valid_LR_bicubic/X4/0808x4.png,27.79034917500936,0.8132991068943366,26.359397837681968
DIV2K,0808,RealESRNet_x4plus,<output_root>/realesrgan/DIV2K/0808/RealESRNet_x4plus.png,<benchmark_root>/div2k/DIV2K_valid_HR/0808.png,<benchmark_root>/div2k/DIV2K_valid_LR_bicubic/X4/0808x4.png,27.63561714360796,0.8061597000097633,25.998651028768958
DIV2K,0808,RealESRGAN_x4plus,<output_root>/realesrgan/DIV2K/0808/RealESRGAN_x4plus.png,<benchmark_root>/div2k/DIV2K_valid_HR/0808.png,<benchmark_root>/div2k/DIV2K_valid_LR_bicubic/X4/0808x4.png,25.67587261484515,0.7637832125575605,24.09819082234092
DIV2K,0808,SwinIR_classical_x4,<swinir_results_root>/swinir_classical_sr_x4/0808_SwinIR.png,<benchmark_root>/div2k/DIV2K_valid_HR/0808.png,<benchmark_root>/div2k/DIV2K_valid_LR_bicubic/X4/0808x4.png,28.50070681476225,0.8319878628879084,27.142918348056885
DIV2K,0809,bicubic,generated:matlab_bicubic_resize,<benchmark_root>/div2k/DIV2K_valid_HR/0809.png,<benchmark_root>/div2k/DIV2K_valid_LR_bicubic/X4/0809x4.png,31.979711733414675,0.8339541006473665,30.476746211697915
DIV2K,0809,detail_base,<output_root>/detail_v1d/DIV2K/0809/base.png,<benchmark_root>/div2k/DIV2K_valid_HR/0809.png,<benchmark_root>/div2k/DIV2K_valid_LR_bicubic/X4/0809x4.png,33.20114384846822,0.8752192837382302,31.65180910368673
DIV2K,0809,detail_v1d,<output_root>/detail_v1d/DIV2K/0809/detail.png,<benchmark_root>/div2k/DIV2K_valid_HR/0809.png,<benchmark_root>/div2k/DIV2K_valid_LR_bicubic/X4/0809x4.png,33.32429979068013,0.8786794026471845,31.791923787972646
DIV2K,0809,refiner_v2,<output_root>/refiner_v2/DIV2K/0809/refined.png,<benchmark_root>/div2k/DIV2K_valid_HR/0809.png,<benchmark_root>/div2k/DIV2K_valid_LR_bicubic/X4/0809x4.png,32.548601971614936,0.870425848785767,30.963047893858715
DIV2K,0809,RealESRNet_x4plus,<output_root>/realesrgan/DIV2K/0809/RealESRNet_x4plus.png,<benchmark_root>/div2k/DIV2K_valid_HR/0809.png,<benchmark_root>/div2k/DIV2K_valid_LR_bicubic/X4/0809x4.png,30.807193208761532,0.8440358116071027,28.875269052494545
DIV2K,0809,RealESRGAN_x4plus,<output_root>/realesrgan/DIV2K/0809/RealESRGAN_x4plus.png,<benchmark_root>/div2k/DIV2K_valid_HR/0809.png,<benchmark_root>/div2k/DIV2K_valid_LR_bicubic/X4/0809x4.png,28.13839589795849,0.7459883921865198,26.275286952261972
DIV2K,0809,SwinIR_classical_x4,<swinir_results_root>/swinir_classical_sr_x4/0809_SwinIR.png,<benchmark_root>/div2k/DIV2K_valid_HR/0809.png,<benchmark_root>/div2k/DIV2K_valid_LR_bicubic/X4/0809x4.png,34.09544757878259,0.8862709526566208,32.59050421867596
DIV2K,0810,bicubic,generated:matlab_bicubic_resize,<benchmark_root>/div2k/DIV2K_valid_HR/0810.png,<benchmark_root>/div2k/DIV2K_valid_LR_bicubic/X4/0810x4.png,26.972769027906978,0.7466473508560989,25.796789610372734
DIV2K,0810,detail_base,<output_root>/detail_v1d/DIV2K/0810/base.png,<benchmark_root>/div2k/DIV2K_valid_HR/0810.png,<benchmark_root>/div2k/DIV2K_valid_LR_bicubic/X4/0810x4.png,27.58029167815602,0.7998129727941933,26.342808197140144
DIV2K,0810,detail_v1d,<output_root>/detail_v1d/DIV2K/0810/detail.png,<benchmark_root>/div2k/DIV2K_valid_HR/0810.png,<benchmark_root>/div2k/DIV2K_valid_LR_bicubic/X4/0810x4.png,27.637552673049743,0.8025776503572716,26.41816604955479
DIV2K,0810,refiner_v2,<output_root>/refiner_v2/DIV2K/0810/refined.png,<benchmark_root>/div2k/DIV2K_valid_HR/0810.png,<benchmark_root>/div2k/DIV2K_valid_LR_bicubic/X4/0810x4.png,27.44829208177554,0.7957476226156912,26.198828852646994
DIV2K,0810,RealESRNet_x4plus,<output_root>/realesrgan/DIV2K/0810/RealESRNet_x4plus.png,<benchmark_root>/div2k/DIV2K_valid_HR/0810.png,<benchmark_root>/div2k/DIV2K_valid_LR_bicubic/X4/0810x4.png,26.372660656120924,0.7890134019640797,25.041077691785357
DIV2K,0810,RealESRGAN_x4plus,<output_root>/realesrgan/DIV2K/0810/RealESRGAN_x4plus.png,<benchmark_root>/div2k/DIV2K_valid_HR/0810.png,<benchmark_root>/div2k/DIV2K_valid_LR_bicubic/X4/0810x4.png,23.290378068813023,0.6844755889196291,21.940665047089766
DIV2K,0810,SwinIR_classical_x4,<swinir_results_root>/swinir_classical_sr_x4/0810_SwinIR.png,<benchmark_root>/div2k/DIV2K_valid_HR/0810.png,<benchmark_root>/div2k/DIV2K_valid_LR_bicubic/X4/0810x4.png,28.274718029276492,0.816837051822369,27.043627273385002
DIV2K,0811,bicubic,generated:matlab_bicubic_resize,<benchmark_root>/div2k/DIV2K_valid_HR/0811.png,<benchmark_root>/div2k/DIV2K_valid_LR_bicubic/X4/0811x4.png,29.0753367233034,0.7580004037871899,27.98478754284604
DIV2K,0811,detail_base,<output_root>/detail_v1d/DIV2K/0811/base.png,<benchmark_root>/div2k/DIV2K_valid_HR/0811.png,<benchmark_root>/div2k/DIV2K_valid_LR_bicubic/X4/0811x4.png,29.727430892087305,0.8046126564432746,28.574513795360478
DIV2K,0811,detail_v1d,<output_root>/detail_v1d/DIV2K/0811/detail.png,<benchmark_root>/div2k/DIV2K_valid_HR/0811.png,<benchmark_root>/div2k/DIV2K_valid_LR_bicubic/X4/0811x4.png,29.846074168818756,0.809328922233065,28.709491346225555
DIV2K,0811,refiner_v2,<output_root>/refiner_v2/DIV2K/0811/refined.png,<benchmark_root>/div2k/DIV2K_valid_HR/0811.png,<benchmark_root>/div2k/DIV2K_valid_LR_bicubic/X4/0811x4.png,29.471970495271208,0.8020315316028801,28.294581137828686
DIV2K,0811,RealESRNet_x4plus,<output_root>/realesrgan/DIV2K/0811/RealESRNet_x4plus.png,<benchmark_root>/div2k/DIV2K_valid_HR/0811.png,<benchmark_root>/div2k/DIV2K_valid_LR_bicubic/X4/0811x4.png,28.822259069537548,0.788291016812497,27.458142637366876
DIV2K,0811,RealESRGAN_x4plus,<output_root>/realesrgan/DIV2K/0811/RealESRGAN_x4plus.png,<benchmark_root>/div2k/DIV2K_valid_HR/0811.png,<benchmark_root>/div2k/DIV2K_valid_LR_bicubic/X4/0811x4.png,24.965558508895857,0.6584211698656346,23.653013556696393
DIV2K,0811,SwinIR_classical_x4,<swinir_results_root>/swinir_classical_sr_x4/0811_SwinIR.png,<benchmark_root>/div2k/DIV2K_valid_HR/0811.png,<benchmark_root>/div2k/DIV2K_valid_LR_bicubic/X4/0811x4.png,30.47173630531852,0.8182944335950398,29.35090512815842
DIV2K,0812,bicubic,generated:matlab_bicubic_resize,<benchmark_root>/div2k/DIV2K_valid_HR/0812.png,<benchmark_root>/div2k/DIV2K_valid_LR_bicubic/X4/0812x4.png,26.850286416339078,0.7550489673518418,25.614347536681812
DIV2K,0812,detail_base,<output_root>/detail_v1d/DIV2K/0812/base.png,<benchmark_root>/div2k/DIV2K_valid_HR/0812.png,<benchmark_root>/div2k/DIV2K_valid_LR_bicubic/X4/0812x4.png,28.710566183448833,0.8199297203861079,27.469176093636975
DIV2K,0812,detail_v1d,<output_root>/detail_v1d/DIV2K/0812/detail.png,<benchmark_root>/div2k/DIV2K_valid_HR/0812.png,<benchmark_root>/div2k/DIV2K_valid_LR_bicubic/X4/0812x4.png,28.906894181351035,0.8257866499422571,27.6732907544565
DIV2K,0812,refiner_v2,<output_root>/refiner_v2/DIV2K/0812/refined.png,<benchmark_root>/div2k/DIV2K_valid_HR/0812.png,<benchmark_root>/div2k/DIV2K_valid_LR_bicubic/X4/0812x4.png,28.125702332616793,0.8100373558665757,26.858019630144447
DIV2K,0812,RealESRNet_x4plus,<output_root>/realesrgan/DIV2K/0812/RealESRNet_x4plus.png,<benchmark_root>/div2k/DIV2K_valid_HR/0812.png,<benchmark_root>/div2k/DIV2K_valid_LR_bicubic/X4/0812x4.png,27.80742471346903,0.8103493958413636,26.47182964568529
DIV2K,0812,RealESRGAN_x4plus,<output_root>/realesrgan/DIV2K/0812/RealESRGAN_x4plus.png,<benchmark_root>/div2k/DIV2K_valid_HR/0812.png,<benchmark_root>/div2k/DIV2K_valid_LR_bicubic/X4/0812x4.png,24.792696884368702,0.7375877287615289,23.445487703790896
DIV2K,0812,SwinIR_classical_x4,<swinir_results_root>/swinir_classical_sr_x4/0812_SwinIR.png,<benchmark_root>/div2k/DIV2K_valid_HR/0812.png,<benchmark_root>/div2k/DIV2K_valid_LR_bicubic/X4/0812x4.png,29.847883492766336,0.8508172117456565,28.632279384076575
DIV2K,0813,bicubic,generated:matlab_bicubic_resize,<benchmark_root>/div2k/DIV2K_valid_HR/0813.png,<benchmark_root>/div2k/DIV2K_valid_LR_bicubic/X4/0813x4.png,30.20637705153463,0.8579755667057617,28.822028775596156
DIV2K,0813,detail_base,<output_root>/detail_v1d/DIV2K/0813/base.png,<benchmark_root>/div2k/DIV2K_valid_HR/0813.png,<benchmark_root>/div2k/DIV2K_valid_LR_bicubic/X4/0813x4.png,32.49723378854056,0.8960696512217112,31.03748721689601
DIV2K,0813,detail_v1d,<output_root>/detail_v1d/DIV2K/0813/detail.png,<benchmark_root>/div2k/DIV2K_valid_HR/0813.png,<benchmark_root>/div2k/DIV2K_valid_LR_bicubic/X4/0813x4.png,32.67479761382407,0.8992255858534854,31.224331061935217
DIV2K,0813,refiner_v2,<output_root>/refiner_v2/DIV2K/0813/refined.png,<benchmark_root>/div2k/DIV2K_valid_HR/0813.png,<benchmark_root>/div2k/DIV2K_valid_LR_bicubic/X4/0813x4.png,32.12266619377515,0.8913661829903611,30.640525253679417
DIV2K,0813,RealESRNet_x4plus,<output_root>/realesrgan/DIV2K/0813/RealESRNet_x4plus.png,<benchmark_root>/div2k/DIV2K_valid_HR/0813.png,<benchmark_root>/div2k/DIV2K_valid_LR_bicubic/X4/0813x4.png,31.406103370665114,0.8825906044220191,29.42374917587189
DIV2K,0813,RealESRGAN_x4plus,<output_root>/realesrgan/DIV2K/0813/RealESRGAN_x4plus.png,<benchmark_root>/div2k/DIV2K_valid_HR/0813.png,<benchmark_root>/div2k/DIV2K_valid_LR_bicubic/X4/0813x4.png,28.94389852064803,0.85104483131852,27.06246685700371
DIV2K,0813,SwinIR_classical_x4,<swinir_results_root>/swinir_classical_sr_x4/0813_SwinIR.png,<benchmark_root>/div2k/DIV2K_valid_HR/0813.png,<benchmark_root>/div2k/DIV2K_valid_LR_bicubic/X4/0813x4.png,33.25803261133563,0.9044642715044412,31.842437052594605
DIV2K,0814,bicubic,generated:matlab_bicubic_resize,<benchmark_root>/div2k/DIV2K_valid_HR/0814.png,<benchmark_root>/div2k/DIV2K_valid_LR_bicubic/X4/0814x4.png,27.949684886370715,0.8735567824279529,26.554310588486246
DIV2K,0814,detail_base,<output_root>/detail_v1d/DIV2K/0814/base.png,<benchmark_root>/div2k/DIV2K_valid_HR/0814.png,<benchmark_root>/div2k/DIV2K_valid_LR_bicubic/X4/0814x4.png,29.25432466613467,0.902496123445859,27.819113421451846
DIV2K,0814,detail_v1d,<output_root>/detail_v1d/DIV2K/0814/detail.png,<benchmark_root>/div2k/DIV2K_valid_HR/0814.png,<benchmark_root>/div2k/DIV2K_valid_LR_bicubic/X4/0814x4.png,29.496519339090366,0.9076857023440925,28.064802020456163
DIV2K,0814,refiner_v2,<output_root>/refiner_v2/DIV2K/0814/refined.png,<benchmark_root>/div2k/DIV2K_valid_HR/0814.png,<benchmark_root>/div2k/DIV2K_valid_LR_bicubic/X4/0814x4.png,24.31893292837341,0.8742125912074306,22.958529468244073
DIV2K,0814,RealESRNet_x4plus,<output_root>/realesrgan/DIV2K/0814/RealESRNet_x4plus.png,<benchmark_root>/div2k/DIV2K_valid_HR/0814.png,<benchmark_root>/div2k/DIV2K_valid_LR_bicubic/X4/0814x4.png,28.77717643769026,0.8947639480439045,27.127687648852607
DIV2K,0814,RealESRGAN_x4plus,<output_root>/realesrgan/DIV2K/0814/RealESRGAN_x4plus.png,<benchmark_root>/div2k/DIV2K_valid_HR/0814.png,<benchmark_root>/div2k/DIV2K_valid_LR_bicubic/X4/0814x4.png,27.549171955338053,0.8737945233362154,25.90501571068863
DIV2K,0814,SwinIR_classical_x4,<swinir_results_root>/swinir_classical_sr_x4/0814_SwinIR.png,<benchmark_root>/div2k/DIV2K_valid_HR/0814.png,<benchmark_root>/div2k/DIV2K_valid_LR_bicubic/X4/0814x4.png,30.847990397650964,0.9285719107465241,29.400751639107
DIV2K,0815,bicubic,generated:matlab_bicubic_resize,<benchmark_root>/div2k/DIV2K_valid_HR/0815.png,<benchmark_root>/div2k/DIV2K_valid_LR_bicubic/X4/0815x4.png,33.81687062488898,0.9121340016665614,31.655587982723944
DIV2K,0815,detail_base,<output_root>/detail_v1d/DIV2K/0815/base.png,<benchmark_root>/div2k/DIV2K_valid_HR/0815.png,<benchmark_root>/div2k/DIV2K_valid_LR_bicubic/X4/0815x4.png,35.81818685970884,0.9319151568687556,33.50266870388053
DIV2K,0815,detail_v1d,<output_root>/detail_v1d/DIV2K/0815/detail.png,<benchmark_root>/div2k/DIV2K_valid_HR/0815.png,<benchmark_root>/div2k/DIV2K_valid_LR_bicubic/X4/0815x4.png,36.05667449215864,0.9342974305159292,33.74556034780011
DIV2K,0815,refiner_v2,<output_root>/refiner_v2/DIV2K/0815/refined.png,<benchmark_root>/div2k/DIV2K_valid_HR/0815.png,<benchmark_root>/div2k/DIV2K_valid_LR_bicubic/X4/0815x4.png,35.45210187597597,0.929096282969421,33.17233616508567
DIV2K,0815,RealESRNet_x4plus,<output_root>/realesrgan/DIV2K/0815/RealESRNet_x4plus.png,<benchmark_root>/div2k/DIV2K_valid_HR/0815.png,<benchmark_root>/div2k/DIV2K_valid_LR_bicubic/X4/0815x4.png,33.771841866728074,0.9172743981504557,30.38978347503636
DIV2K,0815,RealESRGAN_x4plus,<output_root>/realesrgan/DIV2K/0815/RealESRGAN_x4plus.png,<benchmark_root>/div2k/DIV2K_valid_HR/0815.png,<benchmark_root>/div2k/DIV2K_valid_LR_bicubic/X4/0815x4.png,31.645770764481025,0.8946106454899643,28.534731697190452
DIV2K,0815,SwinIR_classical_x4,<swinir_results_root>/swinir_classical_sr_x4/0815_SwinIR.png,<benchmark_root>/div2k/DIV2K_valid_HR/0815.png,<benchmark_root>/div2k/DIV2K_valid_LR_bicubic/X4/0815x4.png,37.19851622062454,0.9415466664863762,34.86907289179288
DIV2K,0816,bicubic,generated:matlab_bicubic_resize,<benchmark_root>/div2k/DIV2K_valid_HR/0816.png,<benchmark_root>/div2k/DIV2K_valid_LR_bicubic/X4/0816x4.png,31.00305407963418,0.8159233707727152,29.697207748413625
DIV2K,0816,detail_base,<output_root>/detail_v1d/DIV2K/0816/base.png,<benchmark_root>/div2k/DIV2K_valid_HR/0816.png,<benchmark_root>/div2k/DIV2K_valid_LR_bicubic/X4/0816x4.png,32.84593069401471,0.857457584484904,31.505162512463336
DIV2K,0816,detail_v1d,<output_root>/detail_v1d/DIV2K/0816/detail.png,<benchmark_root>/div2k/DIV2K_valid_HR/0816.png,<benchmark_root>/div2k/DIV2K_valid_LR_bicubic/X4/0816x4.png,32.96425709260458,0.8607925220882295,31.6272956700141
DIV2K,0816,refiner_v2,<output_root>/refiner_v2/DIV2K/0816/refined.png,<benchmark_root>/div2k/DIV2K_valid_HR/0816.png,<benchmark_root>/div2k/DIV2K_valid_LR_bicubic/X4/0816x4.png,32.57882008704978,0.8550413726672199,31.22710295032711
DIV2K,0816,RealESRNet_x4plus,<output_root>/realesrgan/DIV2K/0816/RealESRNet_x4plus.png,<benchmark_root>/div2k/DIV2K_valid_HR/0816.png,<benchmark_root>/div2k/DIV2K_valid_LR_bicubic/X4/0816x4.png,32.14088577073692,0.8461446014772653,30.692180965550055
DIV2K,0816,RealESRGAN_x4plus,<output_root>/realesrgan/DIV2K/0816/RealESRGAN_x4plus.png,<benchmark_root>/div2k/DIV2K_valid_HR/0816.png,<benchmark_root>/div2k/DIV2K_valid_LR_bicubic/X4/0816x4.png,30.195102972339235,0.8055664957069388,28.75045950780432
DIV2K,0816,SwinIR_classical_x4,<swinir_results_root>/swinir_classical_sr_x4/0816_SwinIR.png,<benchmark_root>/div2k/DIV2K_valid_HR/0816.png,<benchmark_root>/div2k/DIV2K_valid_LR_bicubic/X4/0816x4.png,33.36741386651021,0.8679849292691512,32.04448103920085
DIV2K,0817,bicubic,generated:matlab_bicubic_resize,<benchmark_root>/div2k/DIV2K_valid_HR/0817.png,<benchmark_root>/div2k/DIV2K_valid_LR_bicubic/X4/0817x4.png,31.788819354848957,0.8670286157101559,29.948732829223555
DIV2K,0817,detail_base,<output_root>/detail_v1d/DIV2K/0817/base.png,<benchmark_root>/div2k/DIV2K_valid_HR/0817.png,<benchmark_root>/div2k/DIV2K_valid_LR_bicubic/X4/0817x4.png,33.21006396185146,0.8976182290004914,31.3587446749956
DIV2K,0817,detail_v1d,<output_root>/detail_v1d/DIV2K/0817/detail.png,<benchmark_root>/div2k/DIV2K_valid_HR/0817.png,<benchmark_root>/div2k/DIV2K_valid_LR_bicubic/X4/0817x4.png,33.35410505086812,0.9011270631254846,31.536553001281796
DIV2K,0817,refiner_v2,<output_root>/refiner_v2/DIV2K/0817/refined.png,<benchmark_root>/div2k/DIV2K_valid_HR/0817.png,<benchmark_root>/div2k/DIV2K_valid_LR_bicubic/X4/0817x4.png,30.09613347607688,0.8839310010681217,27.024330913185118
DIV2K,0817,RealESRNet_x4plus,<output_root>/realesrgan/DIV2K/0817/RealESRNet_x4plus.png,<benchmark_root>/div2k/DIV2K_valid_HR/0817.png,<benchmark_root>/div2k/DIV2K_valid_LR_bicubic/X4/0817x4.png,30.815246173798787,0.8726693819313662,26.50895547782463
DIV2K,0817,RealESRGAN_x4plus,<output_root>/realesrgan/DIV2K/0817/RealESRGAN_x4plus.png,<benchmark_root>/div2k/DIV2K_valid_HR/0817.png,<benchmark_root>/div2k/DIV2K_valid_LR_bicubic/X4/0817x4.png,28.73214012136931,0.8217513372639693,24.890888425395357
DIV2K,0817,SwinIR_classical_x4,<swinir_results_root>/swinir_classical_sr_x4/0817_SwinIR.png,<benchmark_root>/div2k/DIV2K_valid_HR/0817.png,<benchmark_root>/div2k/DIV2K_valid_LR_bicubic/X4/0817x4.png,34.41132073467999,0.9099117785574901,32.786153628293086
DIV2K,0818,bicubic,generated:matlab_bicubic_resize,<benchmark_root>/div2k/DIV2K_valid_HR/0818.png,<benchmark_root>/div2k/DIV2K_valid_LR_bicubic/X4/0818x4.png,27.844286231432886,0.8601930564322972,26.551832777424465
DIV2K,0818,detail_base,<output_root>/detail_v1d/DIV2K/0818/base.png,<benchmark_root>/div2k/DIV2K_valid_HR/0818.png,<benchmark_root>/div2k/DIV2K_valid_LR_bicubic/X4/0818x4.png,29.878176106007945,0.9048489211876768,28.519023875877522
DIV2K,0818,detail_v1d,<output_root>/detail_v1d/DIV2K/0818/detail.png,<benchmark_root>/div2k/DIV2K_valid_HR/0818.png,<benchmark_root>/div2k/DIV2K_valid_LR_bicubic/X4/0818x4.png,30.019613415074424,0.9084801657712771,28.6685799122463
DIV2K,0818,refiner_v2,<output_root>/refiner_v2/DIV2K/0818/refined.png,<benchmark_root>/div2k/DIV2K_valid_HR/0818.png,<benchmark_root>/div2k/DIV2K_valid_LR_bicubic/X4/0818x4.png,29.56012060918841,0.9015135763874009,28.175489883258923
DIV2K,0818,RealESRNet_x4plus,<output_root>/realesrgan/DIV2K/0818/RealESRNet_x4plus.png,<benchmark_root>/div2k/DIV2K_valid_HR/0818.png,<benchmark_root>/div2k/DIV2K_valid_LR_bicubic/X4/0818x4.png,29.106567390826644,0.8903014905307214,27.051649074835428
DIV2K,0818,RealESRGAN_x4plus,<output_root>/realesrgan/DIV2K/0818/RealESRGAN_x4plus.png,<benchmark_root>/div2k/DIV2K_valid_HR/0818.png,<benchmark_root>/div2k/DIV2K_valid_LR_bicubic/X4/0818x4.png,26.352405224623983,0.8337917864324841,24.529708964640875
DIV2K,0818,SwinIR_classical_x4,<swinir_results_root>/swinir_classical_sr_x4/0818_SwinIR.png,<benchmark_root>/div2k/DIV2K_valid_HR/0818.png,<benchmark_root>/div2k/DIV2K_valid_LR_bicubic/X4/0818x4.png,31.13699395877605,0.9254375570821751,29.79441109376242
DIV2K,0819,bicubic,generated:matlab_bicubic_resize,<benchmark_root>/div2k/DIV2K_valid_HR/0819.png,<benchmark_root>/div2k/DIV2K_valid_LR_bicubic/X4/0819x4.png,27.95957605572735,0.7707426840006759,26.37853157446488
DIV2K,0819,detail_base,<output_root>/detail_v1d/DIV2K/0819/base.png,<benchmark_root>/div2k/DIV2K_valid_HR/0819.png,<benchmark_root>/div2k/DIV2K_valid_LR_bicubic/X4/0819x4.png,29.346171899198424,0.8291827877827389,27.72149707824758
DIV2K,0819,detail_v1d,<output_root>/detail_v1d/DIV2K/0819/detail.png,<benchmark_root>/div2k/DIV2K_valid_HR/0819.png,<benchmark_root>/div2k/DIV2K_valid_LR_bicubic/X4/0819x4.png,29.483664958487438,0.834848920083399,27.861037571915745
DIV2K,0819,refiner_v2,<output_root>/refiner_v2/DIV2K/0819/refined.png,<benchmark_root>/div2k/DIV2K_valid_HR/0819.png,<benchmark_root>/div2k/DIV2K_valid_LR_bicubic/X4/0819x4.png,29.07995005132738,0.8267522543945321,27.460846811961307
DIV2K,0819,RealESRNet_x4plus,<output_root>/realesrgan/DIV2K/0819/RealESRNet_x4plus.png,<benchmark_root>/div2k/DIV2K_valid_HR/0819.png,<benchmark_root>/div2k/DIV2K_valid_LR_bicubic/X4/0819x4.png,28.385759972390034,0.8109649766852745,26.384847217555
DIV2K,0819,RealESRGAN_x4plus,<output_root>/realesrgan/DIV2K/0819/RealESRGAN_x4plus.png,<benchmark_root>/div2k/DIV2K_valid_HR/0819.png,<benchmark_root>/div2k/DIV2K_valid_LR_bicubic/X4/0819x4.png,25.708684880858975,0.7134547635438847,23.8885165377703
DIV2K,0819,SwinIR_classical_x4,<swinir_results_root>/swinir_classical_sr_x4/0819_SwinIR.png,<benchmark_root>/div2k/DIV2K_valid_HR/0819.png,<benchmark_root>/div2k/DIV2K_valid_LR_bicubic/X4/0819x4.png,30.051609234166268,0.8534366137177102,28.430082660405304
DIV2K,0820,bicubic,generated:matlab_bicubic_resize,<benchmark_root>/div2k/DIV2K_valid_HR/0820.png,<benchmark_root>/div2k/DIV2K_valid_LR_bicubic/X4/0820x4.png,23.010632059767715,0.6890144914993952,21.617918585228594
DIV2K,0820,detail_base,<output_root>/detail_v1d/DIV2K/0820/base.png,<benchmark_root>/div2k/DIV2K_valid_HR/0820.png,<benchmark_root>/div2k/DIV2K_valid_LR_bicubic/X4/0820x4.png,25.399455903745455,0.8050721813682111,24.008532132373297
DIV2K,0820,detail_v1d,<output_root>/detail_v1d/DIV2K/0820/detail.png,<benchmark_root>/div2k/DIV2K_valid_HR/0820.png,<benchmark_root>/div2k/DIV2K_valid_LR_bicubic/X4/0820x4.png,25.85554318248186,0.8178894921729665,24.466199972969985
DIV2K,0820,refiner_v2,<output_root>/refiner_v2/DIV2K/0820/refined.png,<benchmark_root>/div2k/DIV2K_valid_HR/0820.png,<benchmark_root>/div2k/DIV2K_valid_LR_bicubic/X4/0820x4.png,25.359047452072083,0.7933192809892348,23.939230458581516
DIV2K,0820,RealESRNet_x4plus,<output_root>/realesrgan/DIV2K/0820/RealESRNet_x4plus.png,<benchmark_root>/div2k/DIV2K_valid_HR/0820.png,<benchmark_root>/div2k/DIV2K_valid_LR_bicubic/X4/0820x4.png,24.708993457009623,0.7837695550370202,23.193568147678086
DIV2K,0820,RealESRGAN_x4plus,<output_root>/realesrgan/DIV2K/0820/RealESRGAN_x4plus.png,<benchmark_root>/div2k/DIV2K_valid_HR/0820.png,<benchmark_root>/div2k/DIV2K_valid_LR_bicubic/X4/0820x4.png,21.822449763379108,0.7037168452807514,20.388534121827853
DIV2K,0820,SwinIR_classical_x4,<swinir_results_root>/swinir_classical_sr_x4/0820_SwinIR.png,<benchmark_root>/div2k/DIV2K_valid_HR/0820.png,<benchmark_root>/div2k/DIV2K_valid_LR_bicubic/X4/0820x4.png,27.494816836718133,0.8514629757420444,26.10058630825792
DIV2K,0821,bicubic,generated:matlab_bicubic_resize,<benchmark_root>/div2k/DIV2K_valid_HR/0821.png,<benchmark_root>/div2k/DIV2K_valid_LR_bicubic/X4/0821x4.png,26.450391489233557,0.8393145324076938,25.171369469536856
DIV2K,0821,detail_base,<output_root>/detail_v1d/DIV2K/0821/base.png,<benchmark_root>/div2k/DIV2K_valid_HR/0821.png,<benchmark_root>/div2k/DIV2K_valid_LR_bicubic/X4/0821x4.png,32.61128139097713,0.9321300039251129,31.14610871006451
DIV2K,0821,detail_v1d,<output_root>/detail_v1d/DIV2K/0821/detail.png,<benchmark_root>/div2k/DIV2K_valid_HR/0821.png,<benchmark_root>/div2k/DIV2K_valid_LR_bicubic/X4/0821x4.png,32.89088232090086,0.9375192564453187,31.42025832941673
DIV2K,0821,refiner_v2,<output_root>/refiner_v2/DIV2K/0821/refined.png,<benchmark_root>/div2k/DIV2K_valid_HR/0821.png,<benchmark_root>/div2k/DIV2K_valid_LR_bicubic/X4/0821x4.png,31.30770257685443,0.9187386540468677,30.035122377515453
DIV2K,0821,RealESRNet_x4plus,<output_root>/realesrgan/DIV2K/0821/RealESRNet_x4plus.png,<benchmark_root>/div2k/DIV2K_valid_HR/0821.png,<benchmark_root>/div2k/DIV2K_valid_LR_bicubic/X4/0821x4.png,31.05615815611632,0.9134908296086531,29.0230940822897
DIV2K,0821,RealESRGAN_x4plus,<output_root>/realesrgan/DIV2K/0821/RealESRGAN_x4plus.png,<benchmark_root>/div2k/DIV2K_valid_HR/0821.png,<benchmark_root>/div2k/DIV2K_valid_LR_bicubic/X4/0821x4.png,28.402031767560807,0.8819502566269104,26.440426532409663
DIV2K,0821,SwinIR_classical_x4,<swinir_results_root>/swinir_classical_sr_x4/0821_SwinIR.png,<benchmark_root>/div2k/DIV2K_valid_HR/0821.png,<benchmark_root>/div2k/DIV2K_valid_LR_bicubic/X4/0821x4.png,34.89943987963447,0.9501828791555461,33.57942268231162
DIV2K,0822,bicubic,generated:matlab_bicubic_resize,<benchmark_root>/div2k/DIV2K_valid_HR/0822.png,<benchmark_root>/div2k/DIV2K_valid_LR_bicubic/X4/0822x4.png,29.28314948991222,0.8080404432984737,27.977955435337556
DIV2K,0822,detail_base,<output_root>/detail_v1d/DIV2K/0822/base.png,<benchmark_root>/div2k/DIV2K_valid_HR/0822.png,<benchmark_root>/div2k/DIV2K_valid_LR_bicubic/X4/0822x4.png,31.757274794833762,0.8810708186736433,30.274490661934102
DIV2K,0822,detail_v1d,<output_root>/detail_v1d/DIV2K/0822/detail.png,<benchmark_root>/div2k/DIV2K_valid_HR/0822.png,<benchmark_root>/div2k/DIV2K_valid_LR_bicubic/X4/0822x4.png,31.976305025000013,0.8869269518748222,30.49176136442727
DIV2K,0822,refiner_v2,<output_root>/refiner_v2/DIV2K/0822/refined.png,<benchmark_root>/div2k/DIV2K_valid_HR/0822.png,<benchmark_root>/div2k/DIV2K_valid_LR_bicubic/X4/0822x4.png,31.27318403125318,0.8732582322037691,29.841132439147277
DIV2K,0822,RealESRNet_x4plus,<output_root>/realesrgan/DIV2K/0822/RealESRNet_x4plus.png,<benchmark_root>/div2k/DIV2K_valid_HR/0822.png,<benchmark_root>/div2k/DIV2K_valid_LR_bicubic/X4/0822x4.png,29.720331383352132,0.8452297214218711,28.057388118353654
DIV2K,0822,RealESRGAN_x4plus,<output_root>/realesrgan/DIV2K/0822/RealESRGAN_x4plus.png,<benchmark_root>/div2k/DIV2K_valid_HR/0822.png,<benchmark_root>/div2k/DIV2K_valid_LR_bicubic/X4/0822x4.png,26.58550653089322,0.780418807161359,24.941358616303347
DIV2K,0822,SwinIR_classical_x4,<swinir_results_root>/swinir_classical_sr_x4/0822_SwinIR.png,<benchmark_root>/div2k/DIV2K_valid_HR/0822.png,<benchmark_root>/div2k/DIV2K_valid_LR_bicubic/X4/0822x4.png,32.63223270775868,0.8971846451130775,31.161198358576986
DIV2K,0823,bicubic,generated:matlab_bicubic_resize,<benchmark_root>/div2k/DIV2K_valid_HR/0823.png,<benchmark_root>/div2k/DIV2K_valid_LR_bicubic/X4/0823x4.png,25.70637388528983,0.7705294852763311,24.375875469953723
DIV2K,0823,detail_base,<output_root>/detail_v1d/DIV2K/0823/base.png,<benchmark_root>/div2k/DIV2K_valid_HR/0823.png,<benchmark_root>/div2k/DIV2K_valid_LR_bicubic/X4/0823x4.png,27.062689275560302,0.8241237838375074,25.711264882998556
DIV2K,0823,detail_v1d,<output_root>/detail_v1d/DIV2K/0823/detail.png,<benchmark_root>/div2k/DIV2K_valid_HR/0823.png,<benchmark_root>/div2k/DIV2K_valid_LR_bicubic/X4/0823x4.png,27.292326989166575,0.8321604660538292,25.946858532171056
DIV2K,0823,refiner_v2,<output_root>/refiner_v2/DIV2K/0823/refined.png,<benchmark_root>/div2k/DIV2K_valid_HR/0823.png,<benchmark_root>/div2k/DIV2K_valid_LR_bicubic/X4/0823x4.png,26.028778953539167,0.8128560974191726,24.58193339983287
DIV2K,0823,RealESRNet_x4plus,<output_root>/realesrgan/DIV2K/0823/RealESRNet_x4plus.png,<benchmark_root>/div2k/DIV2K_valid_HR/0823.png,<benchmark_root>/div2k/DIV2K_valid_LR_bicubic/X4/0823x4.png,26.525770102968306,0.8090453769269347,24.97630069817076
DIV2K,0823,RealESRGAN_x4plus,<output_root>/realesrgan/DIV2K/0823/RealESRGAN_x4plus.png,<benchmark_root>/div2k/DIV2K_valid_HR/0823.png,<benchmark_root>/div2k/DIV2K_valid_LR_bicubic/X4/0823x4.png,24.159826224165673,0.7531961422450353,22.679270097600117
DIV2K,0823,SwinIR_classical_x4,<swinir_results_root>/swinir_classical_sr_x4/0823_SwinIR.png,<benchmark_root>/div2k/DIV2K_valid_HR/0823.png,<benchmark_root>/div2k/DIV2K_valid_LR_bicubic/X4/0823x4.png,27.95335902741879,0.8526714458976125,26.629622602235905
DIV2K,0824,bicubic,generated:matlab_bicubic_resize,<benchmark_root>/div2k/DIV2K_valid_HR/0824.png,<benchmark_root>/div2k/DIV2K_valid_LR_bicubic/X4/0824x4.png,26.72851404137316,0.8438952770081909,25.337210146303015
DIV2K,0824,detail_base,<output_root>/detail_v1d/DIV2K/0824/base.png,<benchmark_root>/div2k/DIV2K_valid_HR/0824.png,<benchmark_root>/div2k/DIV2K_valid_LR_bicubic/X4/0824x4.png,29.52884760920623,0.8976725104277777,28.088796260484344
DIV2K,0824,detail_v1d,<output_root>/detail_v1d/DIV2K/0824/detail.png,<benchmark_root>/div2k/DIV2K_valid_HR/0824.png,<benchmark_root>/div2k/DIV2K_valid_LR_bicubic/X4/0824x4.png,29.84876136013765,0.9028367764629447,28.409970732370404
DIV2K,0824,refiner_v2,<output_root>/refiner_v2/DIV2K/0824/refined.png,<benchmark_root>/div2k/DIV2K_valid_HR/0824.png,<benchmark_root>/div2k/DIV2K_valid_LR_bicubic/X4/0824x4.png,27.68226630073224,0.8838939406563785,26.14799306047921
DIV2K,0824,RealESRNet_x4plus,<output_root>/realesrgan/DIV2K/0824/RealESRNet_x4plus.png,<benchmark_root>/div2k/DIV2K_valid_HR/0824.png,<benchmark_root>/div2k/DIV2K_valid_LR_bicubic/X4/0824x4.png,28.295220176022756,0.884859429794574,26.666044365599117
DIV2K,0824,RealESRGAN_x4plus,<output_root>/realesrgan/DIV2K/0824/RealESRGAN_x4plus.png,<benchmark_root>/div2k/DIV2K_valid_HR/0824.png,<benchmark_root>/div2k/DIV2K_valid_LR_bicubic/X4/0824x4.png,26.624405131433146,0.8563078247197216,25.011386003225404
DIV2K,0824,SwinIR_classical_x4,<swinir_results_root>/swinir_classical_sr_x4/0824_SwinIR.png,<benchmark_root>/div2k/DIV2K_valid_HR/0824.png,<benchmark_root>/div2k/DIV2K_valid_LR_bicubic/X4/0824x4.png,30.580759999917746,0.9128355529473084,29.16964459648989
DIV2K,0825,bicubic,generated:matlab_bicubic_resize,<benchmark_root>/div2k/DIV2K_valid_HR/0825.png,<benchmark_root>/div2k/DIV2K_valid_LR_bicubic/X4/0825x4.png,26.15678238943612,0.7552285909923018,24.751175199099258
DIV2K,0825,detail_base,<output_root>/detail_v1d/DIV2K/0825/base.png,<benchmark_root>/div2k/DIV2K_valid_HR/0825.png,<benchmark_root>/div2k/DIV2K_valid_LR_bicubic/X4/0825x4.png,28.523087497218928,0.830954919265964,27.105544594765234
DIV2K,0825,detail_v1d,<output_root>/detail_v1d/DIV2K/0825/detail.png,<benchmark_root>/div2k/DIV2K_valid_HR/0825.png,<benchmark_root>/div2k/DIV2K_valid_LR_bicubic/X4/0825x4.png,28.759181489098985,0.8380139388620559,27.344445166943196
DIV2K,0825,refiner_v2,<output_root>/refiner_v2/DIV2K/0825/refined.png,<benchmark_root>/div2k/DIV2K_valid_HR/0825.png,<benchmark_root>/div2k/DIV2K_valid_LR_bicubic/X4/0825x4.png,28.22090032866383,0.8251718454606318,26.792199223624348
DIV2K,0825,RealESRNet_x4plus,<output_root>/realesrgan/DIV2K/0825/RealESRNet_x4plus.png,<benchmark_root>/div2k/DIV2K_valid_HR/0825.png,<benchmark_root>/div2k/DIV2K_valid_LR_bicubic/X4/0825x4.png,27.635239943716275,0.8108686759550245,25.816468300861946
DIV2K,0825,RealESRGAN_x4plus,<output_root>/realesrgan/DIV2K/0825/RealESRGAN_x4plus.png,<benchmark_root>/div2k/DIV2K_valid_HR/0825.png,<benchmark_root>/div2k/DIV2K_valid_LR_bicubic/X4/0825x4.png,25.087958878645203,0.7302900822897295,23.341010005191034
DIV2K,0825,SwinIR_classical_x4,<swinir_results_root>/swinir_classical_sr_x4/0825_SwinIR.png,<benchmark_root>/div2k/DIV2K_valid_HR/0825.png,<benchmark_root>/div2k/DIV2K_valid_LR_bicubic/X4/0825x4.png,29.494089177626105,0.8560138846003587,28.096763895490653
DIV2K,0826,bicubic,generated:matlab_bicubic_resize,<benchmark_root>/div2k/DIV2K_valid_HR/0826.png,<benchmark_root>/div2k/DIV2K_valid_LR_bicubic/X4/0826x4.png,24.16530630140638,0.7035666673474312,22.943933081945463
DIV2K,0826,detail_base,<output_root>/detail_v1d/DIV2K/0826/base.png,<benchmark_root>/div2k/DIV2K_valid_HR/0826.png,<benchmark_root>/div2k/DIV2K_valid_LR_bicubic/X4/0826x4.png,25.288044594073604,0.7701072411164439,24.051551463182868
DIV2K,0826,detail_v1d,<output_root>/detail_v1d/DIV2K/0826/detail.png,<benchmark_root>/div2k/DIV2K_valid_HR/0826.png,<benchmark_root>/div2k/DIV2K_valid_LR_bicubic/X4/0826x4.png,25.42547996819891,0.777428856333099,24.189145174731586
DIV2K,0826,refiner_v2,<output_root>/refiner_v2/DIV2K/0826/refined.png,<benchmark_root>/div2k/DIV2K_valid_HR/0826.png,<benchmark_root>/div2k/DIV2K_valid_LR_bicubic/X4/0826x4.png,25.049265350474258,0.7596157447659935,23.80356633905743
DIV2K,0826,RealESRNet_x4plus,<output_root>/realesrgan/DIV2K/0826/RealESRNet_x4plus.png,<benchmark_root>/div2k/DIV2K_valid_HR/0826.png,<benchmark_root>/div2k/DIV2K_valid_LR_bicubic/X4/0826x4.png,24.794037954697522,0.7512972619714999,23.15067535550942
DIV2K,0826,RealESRGAN_x4plus,<output_root>/realesrgan/DIV2K/0826/RealESRGAN_x4plus.png,<benchmark_root>/div2k/DIV2K_valid_HR/0826.png,<benchmark_root>/div2k/DIV2K_valid_LR_bicubic/X4/0826x4.png,22.926871224461113,0.7065543085749891,21.337184879882344
DIV2K,0826,SwinIR_classical_x4,<swinir_results_root>/swinir_classical_sr_x4/0826_SwinIR.png,<benchmark_root>/div2k/DIV2K_valid_HR/0826.png,<benchmark_root>/div2k/DIV2K_valid_LR_bicubic/X4/0826x4.png,26.073449997040097,0.8087977495083466,24.848269958270734
DIV2K,0827,bicubic,generated:matlab_bicubic_resize,<benchmark_root>/div2k/DIV2K_valid_HR/0827.png,<benchmark_root>/div2k/DIV2K_valid_LR_bicubic/X4/0827x4.png,31.854097550119796,0.8712306061707175,30.49099731700653
DIV2K,0827,detail_base,<output_root>/detail_v1d/DIV2K/0827/base.png,<benchmark_root>/div2k/DIV2K_valid_HR/0827.png,<benchmark_root>/div2k/DIV2K_valid_LR_bicubic/X4/0827x4.png,34.40908347673259,0.9006685564821226,32.9942759549268
DIV2K,0827,detail_v1d,<output_root>/detail_v1d/DIV2K/0827/detail.png,<benchmark_root>/div2k/DIV2K_valid_HR/0827.png,<benchmark_root>/div2k/DIV2K_valid_LR_bicubic/X4/0827x4.png,34.768668804490645,0.9039207916098246,33.350372116519736
DIV2K,0827,refiner_v2,<output_root>/refiner_v2/DIV2K/0827/refined.png,<benchmark_root>/div2k/DIV2K_valid_HR/0827.png,<benchmark_root>/div2k/DIV2K_valid_LR_bicubic/X4/0827x4.png,33.7203820636936,0.8953807305151875,32.34905776630848
DIV2K,0827,RealESRNet_x4plus,<output_root>/realesrgan/DIV2K/0827/RealESRNet_x4plus.png,<benchmark_root>/div2k/DIV2K_valid_HR/0827.png,<benchmark_root>/div2k/DIV2K_valid_LR_bicubic/X4/0827x4.png,33.223951555465725,0.8889309971949342,31.576764977040114
DIV2K,0827,RealESRGAN_x4plus,<output_root>/realesrgan/DIV2K/0827/RealESRGAN_x4plus.png,<benchmark_root>/div2k/DIV2K_valid_HR/0827.png,<benchmark_root>/div2k/DIV2K_valid_LR_bicubic/X4/0827x4.png,31.33023025705899,0.8622082879263706,29.692588850209077
DIV2K,0827,SwinIR_classical_x4,<swinir_results_root>/swinir_classical_sr_x4/0827_SwinIR.png,<benchmark_root>/div2k/DIV2K_valid_HR/0827.png,<benchmark_root>/div2k/DIV2K_valid_LR_bicubic/X4/0827x4.png,35.73298754037769,0.9115802487955601,34.33407756510075
DIV2K,0828,bicubic,generated:matlab_bicubic_resize,<benchmark_root>/div2k/DIV2K_valid_HR/0828.png,<benchmark_root>/div2k/DIV2K_valid_LR_bicubic/X4/0828x4.png,17.39569011692606,0.6771524769222559,16.453211649848477
DIV2K,0828,detail_base,<output_root>/detail_v1d/DIV2K/0828/base.png,<benchmark_root>/div2k/DIV2K_valid_HR/0828.png,<benchmark_root>/div2k/DIV2K_valid_LR_bicubic/X4/0828x4.png,20.710159955509035,0.8790824123022309,19.63742875982003
DIV2K,0828,detail_v1d,<output_root>/detail_v1d/DIV2K/0828/detail.png,<benchmark_root>/div2k/DIV2K_valid_HR/0828.png,<benchmark_root>/div2k/DIV2K_valid_LR_bicubic/X4/0828x4.png,21.53323722554958,0.9029435423049001,20.485658577803306
DIV2K,0828,refiner_v2,<output_root>/refiner_v2/DIV2K/0828/refined.png,<benchmark_root>/div2k/DIV2K_valid_HR/0828.png,<benchmark_root>/div2k/DIV2K_valid_LR_bicubic/X4/0828x4.png,19.2065305918092,0.8129912501423742,18.15590487338952
DIV2K,0828,RealESRNet_x4plus,<output_root>/realesrgan/DIV2K/0828/RealESRNet_x4plus.png,<benchmark_root>/div2k/DIV2K_valid_HR/0828.png,<benchmark_root>/div2k/DIV2K_valid_LR_bicubic/X4/0828x4.png,19.73228025496055,0.8398918077707754,18.62611085127379
DIV2K,0828,RealESRGAN_x4plus,<output_root>/realesrgan/DIV2K/0828/RealESRGAN_x4plus.png,<benchmark_root>/div2k/DIV2K_valid_HR/0828.png,<benchmark_root>/div2k/DIV2K_valid_LR_bicubic/X4/0828x4.png,19.31678542322171,0.845908578854015,17.933300687075054
DIV2K,0828,SwinIR_classical_x4,<swinir_results_root>/swinir_classical_sr_x4/0828_SwinIR.png,<benchmark_root>/div2k/DIV2K_valid_HR/0828.png,<benchmark_root>/div2k/DIV2K_valid_LR_bicubic/X4/0828x4.png,26.64008935804265,0.9705130962402702,25.51447671446555
DIV2K,0829,bicubic,generated:matlab_bicubic_resize,<benchmark_root>/div2k/DIV2K_valid_HR/0829.png,<benchmark_root>/div2k/DIV2K_valid_LR_bicubic/X4/0829x4.png,27.25706643294403,0.5485463858688163,25.9539061447768
DIV2K,0829,detail_base,<output_root>/detail_v1d/DIV2K/0829/base.png,<benchmark_root>/div2k/DIV2K_valid_HR/0829.png,<benchmark_root>/div2k/DIV2K_valid_LR_bicubic/X4/0829x4.png,27.821015898417627,0.5764889786665734,26.503212082125724
DIV2K,0829,detail_v1d,<output_root>/detail_v1d/DIV2K/0829/detail.png,<benchmark_root>/div2k/DIV2K_valid_HR/0829.png,<benchmark_root>/div2k/DIV2K_valid_LR_bicubic/X4/0829x4.png,27.865082406068534,0.5782421465326492,26.55086961267984
DIV2K,0829,refiner_v2,<output_root>/refiner_v2/DIV2K/0829/refined.png,<benchmark_root>/div2k/DIV2K_valid_HR/0829.png,<benchmark_root>/div2k/DIV2K_valid_LR_bicubic/X4/0829x4.png,27.68900536496353,0.5743296978882411,26.343986617991327
DIV2K,0829,RealESRNet_x4plus,<output_root>/realesrgan/DIV2K/0829/RealESRNet_x4plus.png,<benchmark_root>/div2k/DIV2K_valid_HR/0829.png,<benchmark_root>/div2k/DIV2K_valid_LR_bicubic/X4/0829x4.png,27.392883833594375,0.5562640131258104,25.841690343318305
DIV2K,0829,RealESRGAN_x4plus,<output_root>/realesrgan/DIV2K/0829/RealESRGAN_x4plus.png,<benchmark_root>/div2k/DIV2K_valid_HR/0829.png,<benchmark_root>/div2k/DIV2K_valid_LR_bicubic/X4/0829x4.png,26.84287790913683,0.5392907085735362,25.061947892307238
DIV2K,0829,SwinIR_classical_x4,<swinir_results_root>/swinir_classical_sr_x4/0829_SwinIR.png,<benchmark_root>/div2k/DIV2K_valid_HR/0829.png,<benchmark_root>/div2k/DIV2K_valid_LR_bicubic/X4/0829x4.png,28.009828696821415,0.5835449547563727,26.700785536771292
DIV2K,0830,bicubic,generated:matlab_bicubic_resize,<benchmark_root>/div2k/DIV2K_valid_HR/0830.png,<benchmark_root>/div2k/DIV2K_valid_LR_bicubic/X4/0830x4.png,25.12575267992629,0.6954199430784254,23.568442634928097
DIV2K,0830,detail_base,<output_root>/detail_v1d/DIV2K/0830/base.png,<benchmark_root>/div2k/DIV2K_valid_HR/0830.png,<benchmark_root>/div2k/DIV2K_valid_LR_bicubic/X4/0830x4.png,25.81413093198995,0.7376683894962158,24.256349376763346
DIV2K,0830,detail_v1d,<output_root>/detail_v1d/DIV2K/0830/detail.png,<benchmark_root>/div2k/DIV2K_valid_HR/0830.png,<benchmark_root>/div2k/DIV2K_valid_LR_bicubic/X4/0830x4.png,25.95901381764882,0.7452804127881719,24.40056330343527
DIV2K,0830,refiner_v2,<output_root>/refiner_v2/DIV2K/0830/refined.png,<benchmark_root>/div2k/DIV2K_valid_HR/0830.png,<benchmark_root>/div2k/DIV2K_valid_LR_bicubic/X4/0830x4.png,25.689337306869866,0.7324989039799104,24.12831596852197
DIV2K,0830,RealESRNet_x4plus,<output_root>/realesrgan/DIV2K/0830/RealESRNet_x4plus.png,<benchmark_root>/div2k/DIV2K_valid_HR/0830.png,<benchmark_root>/div2k/DIV2K_valid_LR_bicubic/X4/0830x4.png,25.626876052810793,0.730449674480931,23.95249672010302
DIV2K,0830,RealESRGAN_x4plus,<output_root>/realesrgan/DIV2K/0830/RealESRGAN_x4plus.png,<benchmark_root>/div2k/DIV2K_valid_HR/0830.png,<benchmark_root>/div2k/DIV2K_valid_LR_bicubic/X4/0830x4.png,23.29914904853242,0.6616894530418429,21.748445517964946
DIV2K,0830,SwinIR_classical_x4,<swinir_results_root>/swinir_classical_sr_x4/0830_SwinIR.png,<benchmark_root>/div2k/DIV2K_valid_HR/0830.png,<benchmark_root>/div2k/DIV2K_valid_LR_bicubic/X4/0830x4.png,26.454851650031568,0.7697212751830087,24.90752860074359
DIV2K,0831,bicubic,generated:matlab_bicubic_resize,<benchmark_root>/div2k/DIV2K_valid_HR/0831.png,<benchmark_root>/div2k/DIV2K_valid_LR_bicubic/X4/0831x4.png,28.14138461458141,0.8105542933049013,26.779227016435524
DIV2K,0831,detail_base,<output_root>/detail_v1d/DIV2K/0831/base.png,<benchmark_root>/div2k/DIV2K_valid_HR/0831.png,<benchmark_root>/div2k/DIV2K_valid_LR_bicubic/X4/0831x4.png,31.225145700696963,0.8834651590299861,29.833245112324647
DIV2K,0831,detail_v1d,<output_root>/detail_v1d/DIV2K/0831/detail.png,<benchmark_root>/div2k/DIV2K_valid_HR/0831.png,<benchmark_root>/div2k/DIV2K_valid_LR_bicubic/X4/0831x4.png,31.56173085832513,0.890939261425812,30.172897775431768
DIV2K,0831,refiner_v2,<output_root>/refiner_v2/DIV2K/0831/refined.png,<benchmark_root>/div2k/DIV2K_valid_HR/0831.png,<benchmark_root>/div2k/DIV2K_valid_LR_bicubic/X4/0831x4.png,30.66207572543783,0.8742827028110158,29.28169867313816
DIV2K,0831,RealESRNet_x4plus,<output_root>/realesrgan/DIV2K/0831/RealESRNet_x4plus.png,<benchmark_root>/div2k/DIV2K_valid_HR/0831.png,<benchmark_root>/div2k/DIV2K_valid_LR_bicubic/X4/0831x4.png,30.11724678905584,0.8654235754671848,28.391466279381014
DIV2K,0831,RealESRGAN_x4plus,<output_root>/realesrgan/DIV2K/0831/RealESRGAN_x4plus.png,<benchmark_root>/div2k/DIV2K_valid_HR/0831.png,<benchmark_root>/div2k/DIV2K_valid_LR_bicubic/X4/0831x4.png,27.57885541637283,0.8131919231034055,25.897211984317792
DIV2K,0831,SwinIR_classical_x4,<swinir_results_root>/swinir_classical_sr_x4/0831_SwinIR.png,<benchmark_root>/div2k/DIV2K_valid_HR/0831.png,<benchmark_root>/div2k/DIV2K_valid_LR_bicubic/X4/0831x4.png,33.21054281752074,0.9183637761408889,31.83407112384411
DIV2K,0832,bicubic,generated:matlab_bicubic_resize,<benchmark_root>/div2k/DIV2K_valid_HR/0832.png,<benchmark_root>/div2k/DIV2K_valid_LR_bicubic/X4/0832x4.png,29.225716614587753,0.8403021315318532,27.53608584787915
DIV2K,0832,detail_base,<output_root>/detail_v1d/DIV2K/0832/base.png,<benchmark_root>/div2k/DIV2K_valid_HR/0832.png,<benchmark_root>/div2k/DIV2K_valid_LR_bicubic/X4/0832x4.png,31.611632660621773,0.8938078903831923,29.90937126105031
DIV2K,0832,detail_v1d,<output_root>/detail_v1d/DIV2K/0832/detail.png,<benchmark_root>/div2k/DIV2K_valid_HR/0832.png,<benchmark_root>/div2k/DIV2K_valid_LR_bicubic/X4/0832x4.png,31.880964148599684,0.8984462157679487,30.17669865247784
DIV2K,0832,refiner_v2,<output_root>/refiner_v2/DIV2K/0832/refined.png,<benchmark_root>/div2k/DIV2K_valid_HR/0832.png,<benchmark_root>/div2k/DIV2K_valid_LR_bicubic/X4/0832x4.png,31.126137281446994,0.8890766019612771,29.442395089078047
DIV2K,0832,RealESRNet_x4plus,<output_root>/realesrgan/DIV2K/0832/RealESRNet_x4plus.png,<benchmark_root>/div2k/DIV2K_valid_HR/0832.png,<benchmark_root>/div2k/DIV2K_valid_LR_bicubic/X4/0832x4.png,30.36056059066173,0.8762693788668691,28.284339934854202
DIV2K,0832,RealESRGAN_x4plus,<output_root>/realesrgan/DIV2K/0832/RealESRGAN_x4plus.png,<benchmark_root>/div2k/DIV2K_valid_HR/0832.png,<benchmark_root>/div2k/DIV2K_valid_LR_bicubic/X4/0832x4.png,26.84946930920833,0.815769105378444,25.117366794697986
DIV2K,0832,SwinIR_classical_x4,<swinir_results_root>/swinir_classical_sr_x4/0832_SwinIR.png,<benchmark_root>/div2k/DIV2K_valid_HR/0832.png,<benchmark_root>/div2k/DIV2K_valid_LR_bicubic/X4/0832x4.png,33.454328868918516,0.9127607559895252,31.735117631927178
DIV2K,0833,bicubic,generated:matlab_bicubic_resize,<benchmark_root>/div2k/DIV2K_valid_HR/0833.png,<benchmark_root>/div2k/DIV2K_valid_LR_bicubic/X4/0833x4.png,31.420016074736633,0.8908395280985896,30.03113379165754
DIV2K,0833,detail_base,<output_root>/detail_v1d/DIV2K/0833/base.png,<benchmark_root>/div2k/DIV2K_valid_HR/0833.png,<benchmark_root>/div2k/DIV2K_valid_LR_bicubic/X4/0833x4.png,35.175737852430416,0.9219192361698106,33.652271727707955
DIV2K,0833,detail_v1d,<output_root>/detail_v1d/DIV2K/0833/detail.png,<benchmark_root>/div2k/DIV2K_valid_HR/0833.png,<benchmark_root>/div2k/DIV2K_valid_LR_bicubic/X4/0833x4.png,35.45041411937695,0.9239295439077079,33.934447870369226
DIV2K,0833,refiner_v2,<output_root>/refiner_v2/DIV2K/0833/refined.png,<benchmark_root>/div2k/DIV2K_valid_HR/0833.png,<benchmark_root>/div2k/DIV2K_valid_LR_bicubic/X4/0833x4.png,34.2819327306182,0.9166128058565779,32.759686068611316
DIV2K,0833,RealESRNet_x4plus,<output_root>/realesrgan/DIV2K/0833/RealESRNet_x4plus.png,<benchmark_root>/div2k/DIV2K_valid_HR/0833.png,<benchmark_root>/div2k/DIV2K_valid_LR_bicubic/X4/0833x4.png,33.84925787532917,0.9113196005173602,31.820508341513197
DIV2K,0833,RealESRGAN_x4plus,<output_root>/realesrgan/DIV2K/0833/RealESRGAN_x4plus.png,<benchmark_root>/div2k/DIV2K_valid_HR/0833.png,<benchmark_root>/div2k/DIV2K_valid_LR_bicubic/X4/0833x4.png,31.172640713059508,0.894543529663126,29.230262122304534
DIV2K,0833,SwinIR_classical_x4,<swinir_results_root>/swinir_classical_sr_x4/0833_SwinIR.png,<benchmark_root>/div2k/DIV2K_valid_HR/0833.png,<benchmark_root>/div2k/DIV2K_valid_LR_bicubic/X4/0833x4.png,36.31520857835188,0.9287940954072412,34.87860880963019
DIV2K,0834,bicubic,generated:matlab_bicubic_resize,<benchmark_root>/div2k/DIV2K_valid_HR/0834.png,<benchmark_root>/div2k/DIV2K_valid_LR_bicubic/X4/0834x4.png,25.853368134297575,0.7409508668272855,24.404115364539756
DIV2K,0834,detail_base,<output_root>/detail_v1d/DIV2K/0834/base.png,<benchmark_root>/div2k/DIV2K_valid_HR/0834.png,<benchmark_root>/div2k/DIV2K_valid_LR_bicubic/X4/0834x4.png,26.69374496776435,0.7853224481858965,25.230923813660983
DIV2K,0834,detail_v1d,<output_root>/detail_v1d/DIV2K/0834/detail.png,<benchmark_root>/div2k/DIV2K_valid_HR/0834.png,<benchmark_root>/div2k/DIV2K_valid_LR_bicubic/X4/0834x4.png,26.77575773611956,0.7893303758002748,25.315360571440443
DIV2K,0834,refiner_v2,<output_root>/refiner_v2/DIV2K/0834/refined.png,<benchmark_root>/div2k/DIV2K_valid_HR/0834.png,<benchmark_root>/div2k/DIV2K_valid_LR_bicubic/X4/0834x4.png,26.44385846725491,0.7810127066663511,24.998964667994198
DIV2K,0834,RealESRNet_x4plus,<output_root>/realesrgan/DIV2K/0834/RealESRNet_x4plus.png,<benchmark_root>/div2k/DIV2K_valid_HR/0834.png,<benchmark_root>/div2k/DIV2K_valid_LR_bicubic/X4/0834x4.png,26.335647116739217,0.7682857177456311,24.71825639995176
DIV2K,0834,RealESRGAN_x4plus,<output_root>/realesrgan/DIV2K/0834/RealESRGAN_x4plus.png,<benchmark_root>/div2k/DIV2K_valid_HR/0834.png,<benchmark_root>/div2k/DIV2K_valid_LR_bicubic/X4/0834x4.png,24.038841635974112,0.71238457989996,22.49775512196714
DIV2K,0834,SwinIR_classical_x4,<swinir_results_root>/swinir_classical_sr_x4/0834_SwinIR.png,<benchmark_root>/div2k/DIV2K_valid_HR/0834.png,<benchmark_root>/div2k/DIV2K_valid_LR_bicubic/X4/0834x4.png,27.125160101821777,0.8062175806474006,25.686971472022165
DIV2K,0835,bicubic,generated:matlab_bicubic_resize,<benchmark_root>/div2k/DIV2K_valid_HR/0835.png,<benchmark_root>/div2k/DIV2K_valid_LR_bicubic/X4/0835x4.png,23.55993075755734,0.5430498668158362,22.176743757819565
DIV2K,0835,detail_base,<output_root>/detail_v1d/DIV2K/0835/base.png,<benchmark_root>/div2k/DIV2K_valid_HR/0835.png,<benchmark_root>/div2k/DIV2K_valid_LR_bicubic/X4/0835x4.png,24.070760802495283,0.6094877611295628,22.684701494991536
DIV2K,0835,detail_v1d,<output_root>/detail_v1d/DIV2K/0835/detail.png,<benchmark_root>/div2k/DIV2K_valid_HR/0835.png,<benchmark_root>/div2k/DIV2K_valid_LR_bicubic/X4/0835x4.png,24.137166379110155,0.6145491889233345,22.75685171736239
DIV2K,0835,refiner_v2,<output_root>/refiner_v2/DIV2K/0835/refined.png,<benchmark_root>/div2k/DIV2K_valid_HR/0835.png,<benchmark_root>/div2k/DIV2K_valid_LR_bicubic/X4/0835x4.png,24.004327031465547,0.6040605890057646,22.6104078126603
DIV2K,0835,RealESRNet_x4plus,<output_root>/realesrgan/DIV2K/0835/RealESRNet_x4plus.png,<benchmark_root>/div2k/DIV2K_valid_HR/0835.png,<benchmark_root>/div2k/DIV2K_valid_LR_bicubic/X4/0835x4.png,23.70312647191641,0.5922925926191484,22.18934257288875
DIV2K,0835,RealESRGAN_x4plus,<output_root>/realesrgan/DIV2K/0835/RealESRGAN_x4plus.png,<benchmark_root>/div2k/DIV2K_valid_HR/0835.png,<benchmark_root>/div2k/DIV2K_valid_LR_bicubic/X4/0835x4.png,21.79232873356552,0.5024728822974972,20.352673698345495
DIV2K,0835,SwinIR_classical_x4,<swinir_results_root>/swinir_classical_sr_x4/0835_SwinIR.png,<benchmark_root>/div2k/DIV2K_valid_HR/0835.png,<benchmark_root>/div2k/DIV2K_valid_LR_bicubic/X4/0835x4.png,24.553963523796632,0.6396547660300239,23.18009720303044
DIV2K,0836,bicubic,generated:matlab_bicubic_resize,<benchmark_root>/div2k/DIV2K_valid_HR/0836.png,<benchmark_root>/div2k/DIV2K_valid_LR_bicubic/X4/0836x4.png,24.4980134752776,0.7195839126047728,23.1812210281786
DIV2K,0836,detail_base,<output_root>/detail_v1d/DIV2K/0836/base.png,<benchmark_root>/div2k/DIV2K_valid_HR/0836.png,<benchmark_root>/div2k/DIV2K_valid_LR_bicubic/X4/0836x4.png,26.96886298899252,0.8073660184017903,25.636244021461543
DIV2K,0836,detail_v1d,<output_root>/detail_v1d/DIV2K/0836/detail.png,<benchmark_root>/div2k/DIV2K_valid_HR/0836.png,<benchmark_root>/div2k/DIV2K_valid_LR_bicubic/X4/0836x4.png,27.241526232117785,0.815955251359507,25.9026461531636
DIV2K,0836,refiner_v2,<output_root>/refiner_v2/DIV2K/0836/refined.png,<benchmark_root>/div2k/DIV2K_valid_HR/0836.png,<benchmark_root>/div2k/DIV2K_valid_LR_bicubic/X4/0836x4.png,26.370995109896967,0.7941933132558063,25.03743767441327
DIV2K,0836,RealESRNet_x4plus,<output_root>/realesrgan/DIV2K/0836/RealESRNet_x4plus.png,<benchmark_root>/div2k/DIV2K_valid_HR/0836.png,<benchmark_root>/div2k/DIV2K_valid_LR_bicubic/X4/0836x4.png,26.12623108212112,0.785751882670825,24.39525656107545
DIV2K,0836,RealESRGAN_x4plus,<output_root>/realesrgan/DIV2K/0836/RealESRGAN_x4plus.png,<benchmark_root>/div2k/DIV2K_valid_HR/0836.png,<benchmark_root>/div2k/DIV2K_valid_LR_bicubic/X4/0836x4.png,24.56468896971525,0.7520755033239099,22.880596576576618
DIV2K,0836,SwinIR_classical_x4,<swinir_results_root>/swinir_classical_sr_x4/0836_SwinIR.png,<benchmark_root>/div2k/DIV2K_valid_HR/0836.png,<benchmark_root>/div2k/DIV2K_valid_LR_bicubic/X4/0836x4.png,28.06076511288787,0.8438596928783841,26.725736506502848
DIV2K,0837,bicubic,generated:matlab_bicubic_resize,<benchmark_root>/div2k/DIV2K_valid_HR/0837.png,<benchmark_root>/div2k/DIV2K_valid_LR_bicubic/X4/0837x4.png,25.137499144603122,0.7444186636485949,23.78504123299759
DIV2K,0837,detail_base,<output_root>/detail_v1d/DIV2K/0837/base.png,<benchmark_root>/div2k/DIV2K_valid_HR/0837.png,<benchmark_root>/div2k/DIV2K_valid_LR_bicubic/X4/0837x4.png,27.34410945362812,0.8375558777117773,25.969752056148685
DIV2K,0837,detail_v1d,<output_root>/detail_v1d/DIV2K/0837/detail.png,<benchmark_root>/div2k/DIV2K_valid_HR/0837.png,<benchmark_root>/div2k/DIV2K_valid_LR_bicubic/X4/0837x4.png,27.608976914385917,0.8467715571963904,26.235008843016256
DIV2K,0837,refiner_v2,<output_root>/refiner_v2/DIV2K/0837/refined.png,<benchmark_root>/div2k/DIV2K_valid_HR/0837.png,<benchmark_root>/div2k/DIV2K_valid_LR_bicubic/X4/0837x4.png,27.051928832965842,0.8296333327665874,25.681290383780137
DIV2K,0837,RealESRNet_x4plus,<output_root>/realesrgan/DIV2K/0837/RealESRNet_x4plus.png,<benchmark_root>/div2k/DIV2K_valid_HR/0837.png,<benchmark_root>/div2k/DIV2K_valid_LR_bicubic/X4/0837x4.png,26.494105838656278,0.8154401156779821,24.78867219979561
DIV2K,0837,RealESRGAN_x4plus,<output_root>/realesrgan/DIV2K/0837/RealESRGAN_x4plus.png,<benchmark_root>/div2k/DIV2K_valid_HR/0837.png,<benchmark_root>/div2k/DIV2K_valid_LR_bicubic/X4/0837x4.png,24.67386446696103,0.7600775758586948,22.988522788032792
DIV2K,0837,SwinIR_classical_x4,<swinir_results_root>/swinir_classical_sr_x4/0837_SwinIR.png,<benchmark_root>/div2k/DIV2K_valid_HR/0837.png,<benchmark_root>/div2k/DIV2K_valid_LR_bicubic/X4/0837x4.png,28.32290094071144,0.8672111076414264,26.96035272800899
DIV2K,0838,bicubic,generated:matlab_bicubic_resize,<benchmark_root>/div2k/DIV2K_valid_HR/0838.png,<benchmark_root>/div2k/DIV2K_valid_LR_bicubic/X4/0838x4.png,38.58874061016144,0.9210635627316786,36.91729655604777
DIV2K,0838,detail_base,<output_root>/detail_v1d/DIV2K/0838/base.png,<benchmark_root>/div2k/DIV2K_valid_HR/0838.png,<benchmark_root>/div2k/DIV2K_valid_LR_bicubic/X4/0838x4.png,39.09215754855338,0.927681575283639,37.30225442184126
DIV2K,0838,detail_v1d,<output_root>/detail_v1d/DIV2K/0838/detail.png,<benchmark_root>/div2k/DIV2K_valid_HR/0838.png,<benchmark_root>/div2k/DIV2K_valid_LR_bicubic/X4/0838x4.png,39.15531196659364,0.9286668006778017,37.38985734090394
DIV2K,0838,refiner_v2,<output_root>/refiner_v2/DIV2K/0838/refined.png,<benchmark_root>/div2k/DIV2K_valid_HR/0838.png,<benchmark_root>/div2k/DIV2K_valid_LR_bicubic/X4/0838x4.png,34.51298281139312,0.9227257833356025,33.03831055071867
DIV2K,0838,RealESRNet_x4plus,<output_root>/realesrgan/DIV2K/0838/RealESRNet_x4plus.png,<benchmark_root>/div2k/DIV2K_valid_HR/0838.png,<benchmark_root>/div2k/DIV2K_valid_LR_bicubic/X4/0838x4.png,37.849724560919064,0.9173522180855039,35.582339373267956
DIV2K,0838,RealESRGAN_x4plus,<output_root>/realesrgan/DIV2K/0838/RealESRGAN_x4plus.png,<benchmark_root>/div2k/DIV2K_valid_HR/0838.png,<benchmark_root>/div2k/DIV2K_valid_LR_bicubic/X4/0838x4.png,35.76413586134305,0.9013181565139238,33.67402982236442
DIV2K,0838,SwinIR_classical_x4,<swinir_results_root>/swinir_classical_sr_x4/0838_SwinIR.png,<benchmark_root>/div2k/DIV2K_valid_HR/0838.png,<benchmark_root>/div2k/DIV2K_valid_LR_bicubic/X4/0838x4.png,39.55991010192341,0.9301934215977428,37.87685694827903
DIV2K,0839,bicubic,generated:matlab_bicubic_resize,<benchmark_root>/div2k/DIV2K_valid_HR/0839.png,<benchmark_root>/div2k/DIV2K_valid_LR_bicubic/X4/0839x4.png,29.444209110837612,0.8011187268899189,28.14416322728757
DIV2K,0839,detail_base,<output_root>/detail_v1d/DIV2K/0839/base.png,<benchmark_root>/div2k/DIV2K_valid_HR/0839.png,<benchmark_root>/div2k/DIV2K_valid_LR_bicubic/X4/0839x4.png,30.175915656268156,0.8321912967900338,28.85012875978513
DIV2K,0839,detail_v1d,<output_root>/detail_v1d/DIV2K/0839/detail.png,<benchmark_root>/div2k/DIV2K_valid_HR/0839.png,<benchmark_root>/div2k/DIV2K_valid_LR_bicubic/X4/0839x4.png,30.229215400871958,0.8340447254069089,28.915062171268275
DIV2K,0839,refiner_v2,<output_root>/refiner_v2/DIV2K/0839/refined.png,<benchmark_root>/div2k/DIV2K_valid_HR/0839.png,<benchmark_root>/div2k/DIV2K_valid_LR_bicubic/X4/0839x4.png,30.005223250362086,0.8322053786705871,28.669911407921976
DIV2K,0839,RealESRNet_x4plus,<output_root>/realesrgan/DIV2K/0839/RealESRNet_x4plus.png,<benchmark_root>/div2k/DIV2K_valid_HR/0839.png,<benchmark_root>/div2k/DIV2K_valid_LR_bicubic/X4/0839x4.png,29.59689479349884,0.8091768806624887,28.14655648606033
DIV2K,0839,RealESRGAN_x4plus,<output_root>/realesrgan/DIV2K/0839/RealESRGAN_x4plus.png,<benchmark_root>/div2k/DIV2K_valid_HR/0839.png,<benchmark_root>/div2k/DIV2K_valid_LR_bicubic/X4/0839x4.png,27.275351677078106,0.7714486651875596,25.829628956390216
DIV2K,0839,SwinIR_classical_x4,<swinir_results_root>/swinir_classical_sr_x4/0839_SwinIR.png,<benchmark_root>/div2k/DIV2K_valid_HR/0839.png,<benchmark_root>/div2k/DIV2K_valid_LR_bicubic/X4/0839x4.png,30.529108249754692,0.8391376877943625,29.224906106149252
DIV2K,0840,bicubic,generated:matlab_bicubic_resize,<benchmark_root>/div2k/DIV2K_valid_HR/0840.png,<benchmark_root>/div2k/DIV2K_valid_LR_bicubic/X4/0840x4.png,28.37692160995907,0.7777173188993565,27.000884377212717
DIV2K,0840,detail_base,<output_root>/detail_v1d/DIV2K/0840/base.png,<benchmark_root>/div2k/DIV2K_valid_HR/0840.png,<benchmark_root>/div2k/DIV2K_valid_LR_bicubic/X4/0840x4.png,29.64935003146337,0.8266993606171174,28.256991994363368
DIV2K,0840,detail_v1d,<output_root>/detail_v1d/DIV2K/0840/detail.png,<benchmark_root>/div2k/DIV2K_valid_HR/0840.png,<benchmark_root>/div2k/DIV2K_valid_LR_bicubic/X4/0840x4.png,29.707624056309612,0.8295756114707887,28.315760697913184
DIV2K,0840,refiner_v2,<output_root>/refiner_v2/DIV2K/0840/refined.png,<benchmark_root>/div2k/DIV2K_valid_HR/0840.png,<benchmark_root>/div2k/DIV2K_valid_LR_bicubic/X4/0840x4.png,29.367894513657795,0.8242676724618716,27.96262122675501
DIV2K,0840,RealESRNet_x4plus,<output_root>/realesrgan/DIV2K/0840/RealESRNet_x4plus.png,<benchmark_root>/div2k/DIV2K_valid_HR/0840.png,<benchmark_root>/div2k/DIV2K_valid_LR_bicubic/X4/0840x4.png,28.80147018608622,0.8063400811631827,27.299090949395243
DIV2K,0840,RealESRGAN_x4plus,<output_root>/realesrgan/DIV2K/0840/RealESRGAN_x4plus.png,<benchmark_root>/div2k/DIV2K_valid_HR/0840.png,<benchmark_root>/div2k/DIV2K_valid_LR_bicubic/X4/0840x4.png,27.284186786138378,0.7626880555266629,25.806840830248582
DIV2K,0840,SwinIR_classical_x4,<swinir_results_root>/swinir_classical_sr_x4/0840_SwinIR.png,<benchmark_root>/div2k/DIV2K_valid_HR/0840.png,<benchmark_root>/div2k/DIV2K_valid_LR_bicubic/X4/0840x4.png,30.188055070160754,0.8413795896323528,28.804390032767447
DIV2K,0841,bicubic,generated:matlab_bicubic_resize,<benchmark_root>/div2k/DIV2K_valid_HR/0841.png,<benchmark_root>/div2k/DIV2K_valid_LR_bicubic/X4/0841x4.png,27.61888247768015,0.8119890574807829,26.20629057688246
DIV2K,0841,detail_base,<output_root>/detail_v1d/DIV2K/0841/base.png,<benchmark_root>/div2k/DIV2K_valid_HR/0841.png,<benchmark_root>/div2k/DIV2K_valid_LR_bicubic/X4/0841x4.png,29.16191968829283,0.8659468587679713,27.745547204819985
DIV2K,0841,detail_v1d,<output_root>/detail_v1d/DIV2K/0841/detail.png,<benchmark_root>/div2k/DIV2K_valid_HR/0841.png,<benchmark_root>/div2k/DIV2K_valid_LR_bicubic/X4/0841x4.png,29.347739024063824,0.8720996663961377,27.934992814704025
DIV2K,0841,refiner_v2,<output_root>/refiner_v2/DIV2K/0841/refined.png,<benchmark_root>/div2k/DIV2K_valid_HR/0841.png,<benchmark_root>/div2k/DIV2K_valid_LR_bicubic/X4/0841x4.png,26.9545928988718,0.8479034463969867,25.567574438367892
DIV2K,0841,RealESRNet_x4plus,<output_root>/realesrgan/DIV2K/0841/RealESRNet_x4plus.png,<benchmark_root>/div2k/DIV2K_valid_HR/0841.png,<benchmark_root>/div2k/DIV2K_valid_LR_bicubic/X4/0841x4.png,28.163735582877184,0.8504341576385217,26.555132968059088
DIV2K,0841,RealESRGAN_x4plus,<output_root>/realesrgan/DIV2K/0841/RealESRGAN_x4plus.png,<benchmark_root>/div2k/DIV2K_valid_HR/0841.png,<benchmark_root>/div2k/DIV2K_valid_LR_bicubic/X4/0841x4.png,25.576382783032816,0.7904533516850968,24.062140471856203
DIV2K,0841,SwinIR_classical_x4,<swinir_results_root>/swinir_classical_sr_x4/0841_SwinIR.png,<benchmark_root>/div2k/DIV2K_valid_HR/0841.png,<benchmark_root>/div2k/DIV2K_valid_LR_bicubic/X4/0841x4.png,30.28067236843853,0.8921589476086874,28.890890452830376
DIV2K,0842,bicubic,generated:matlab_bicubic_resize,<benchmark_root>/div2k/DIV2K_valid_HR/0842.png,<benchmark_root>/div2k/DIV2K_valid_LR_bicubic/X4/0842x4.png,29.58260866669736,0.8319339139489491,28.35307873802314
DIV2K,0842,detail_base,<output_root>/detail_v1d/DIV2K/0842/base.png,<benchmark_root>/div2k/DIV2K_valid_HR/0842.png,<benchmark_root>/div2k/DIV2K_valid_LR_bicubic/X4/0842x4.png,30.578519235967395,0.8628180844082769,29.31271959800188
DIV2K,0842,detail_v1d,<output_root>/detail_v1d/DIV2K/0842/detail.png,<benchmark_root>/div2k/DIV2K_valid_HR/0842.png,<benchmark_root>/div2k/DIV2K_valid_LR_bicubic/X4/0842x4.png,30.67263722333919,0.8650425042119958,29.419877643126455
DIV2K,0842,refiner_v2,<output_root>/refiner_v2/DIV2K/0842/refined.png,<benchmark_root>/div2k/DIV2K_valid_HR/0842.png,<benchmark_root>/div2k/DIV2K_valid_LR_bicubic/X4/0842x4.png,30.33488317005791,0.8612125849916188,29.045459530283033
DIV2K,0842,RealESRNet_x4plus,<output_root>/realesrgan/DIV2K/0842/RealESRNet_x4plus.png,<benchmark_root>/div2k/DIV2K_valid_HR/0842.png,<benchmark_root>/div2k/DIV2K_valid_LR_bicubic/X4/0842x4.png,29.63708018095639,0.850502108575622,28.323530900058877
DIV2K,0842,RealESRGAN_x4plus,<output_root>/realesrgan/DIV2K/0842/RealESRGAN_x4plus.png,<benchmark_root>/div2k/DIV2K_valid_HR/0842.png,<benchmark_root>/div2k/DIV2K_valid_LR_bicubic/X4/0842x4.png,27.540533589147138,0.8058721408879459,26.154582155625903
DIV2K,0842,SwinIR_classical_x4,<swinir_results_root>/swinir_classical_sr_x4/0842_SwinIR.png,<benchmark_root>/div2k/DIV2K_valid_HR/0842.png,<benchmark_root>/div2k/DIV2K_valid_LR_bicubic/X4/0842x4.png,31.682381103725668,0.8805262992124767,30.445834778024047
DIV2K,0843,bicubic,generated:matlab_bicubic_resize,<benchmark_root>/div2k/DIV2K_valid_HR/0843.png,<benchmark_root>/div2k/DIV2K_valid_LR_bicubic/X4/0843x4.png,38.79516168124559,0.9791280394714008,37.04508902587868
DIV2K,0843,detail_base,<output_root>/detail_v1d/DIV2K/0843/base.png,<benchmark_root>/div2k/DIV2K_valid_HR/0843.png,<benchmark_root>/div2k/DIV2K_valid_LR_bicubic/X4/0843x4.png,42.64371565227218,0.9844788444333238,40.43173450577582
DIV2K,0843,detail_v1d,<output_root>/detail_v1d/DIV2K/0843/detail.png,<benchmark_root>/div2k/DIV2K_valid_HR/0843.png,<benchmark_root>/div2k/DIV2K_valid_LR_bicubic/X4/0843x4.png,43.07044749491655,0.985010841703697,40.80525810523558
DIV2K,0843,refiner_v2,<output_root>/refiner_v2/DIV2K/0843/refined.png,<benchmark_root>/div2k/DIV2K_valid_HR/0843.png,<benchmark_root>/div2k/DIV2K_valid_LR_bicubic/X4/0843x4.png,27.861934767470547,0.9262619591621013,26.36161965065542
DIV2K,0843,RealESRNet_x4plus,<output_root>/realesrgan/DIV2K/0843/RealESRNet_x4plus.png,<benchmark_root>/div2k/DIV2K_valid_HR/0843.png,<benchmark_root>/div2k/DIV2K_valid_LR_bicubic/X4/0843x4.png,39.569615662145125,0.9810689097232776,37.4767789313149
DIV2K,0843,RealESRGAN_x4plus,<output_root>/realesrgan/DIV2K/0843/RealESRGAN_x4plus.png,<benchmark_root>/div2k/DIV2K_valid_HR/0843.png,<benchmark_root>/div2k/DIV2K_valid_LR_bicubic/X4/0843x4.png,35.5757529971465,0.9725677420152964,34.14520093178187
DIV2K,0843,SwinIR_classical_x4,<swinir_results_root>/swinir_classical_sr_x4/0843_SwinIR.png,<benchmark_root>/div2k/DIV2K_valid_HR/0843.png,<benchmark_root>/div2k/DIV2K_valid_LR_bicubic/X4/0843x4.png,44.21381964215966,0.9859555131326355,41.95194809355867
DIV2K,0844,bicubic,generated:matlab_bicubic_resize,<benchmark_root>/div2k/DIV2K_valid_HR/0844.png,<benchmark_root>/div2k/DIV2K_valid_LR_bicubic/X4/0844x4.png,39.984156546854365,0.9839795531714791,37.93295091421095
DIV2K,0844,detail_base,<output_root>/detail_v1d/DIV2K/0844/base.png,<benchmark_root>/div2k/DIV2K_valid_HR/0844.png,<benchmark_root>/div2k/DIV2K_valid_LR_bicubic/X4/0844x4.png,44.672052816418,0.9897505773213084,41.5089738109322
DIV2K,0844,detail_v1d,<output_root>/detail_v1d/DIV2K/0844/detail.png,<benchmark_root>/div2k/DIV2K_valid_HR/0844.png,<benchmark_root>/div2k/DIV2K_valid_LR_bicubic/X4/0844x4.png,45.05396586912874,0.9908713274971631,41.8396599491275
DIV2K,0844,refiner_v2,<output_root>/refiner_v2/DIV2K/0844/refined.png,<benchmark_root>/div2k/DIV2K_valid_HR/0844.png,<benchmark_root>/div2k/DIV2K_valid_LR_bicubic/X4/0844x4.png,34.96721168929179,0.9861155612453499,33.518477415089606
DIV2K,0844,RealESRNet_x4plus,<output_root>/realesrgan/DIV2K/0844/RealESRNet_x4plus.png,<benchmark_root>/div2k/DIV2K_valid_HR/0844.png,<benchmark_root>/div2k/DIV2K_valid_LR_bicubic/X4/0844x4.png,40.90715597501635,0.9849924051873384,37.301203733945485
DIV2K,0844,RealESRGAN_x4plus,<output_root>/realesrgan/DIV2K/0844/RealESRGAN_x4plus.png,<benchmark_root>/div2k/DIV2K_valid_HR/0844.png,<benchmark_root>/div2k/DIV2K_valid_LR_bicubic/X4/0844x4.png,38.001721586703084,0.9769202596661335,33.6442489481497
DIV2K,0844,SwinIR_classical_x4,<swinir_results_root>/swinir_classical_sr_x4/0844_SwinIR.png,<benchmark_root>/div2k/DIV2K_valid_HR/0844.png,<benchmark_root>/div2k/DIV2K_valid_LR_bicubic/X4/0844x4.png,48.30268987942581,0.9927895980037065,45.68847089861401
DIV2K,0845,bicubic,generated:matlab_bicubic_resize,<benchmark_root>/div2k/DIV2K_valid_HR/0845.png,<benchmark_root>/div2k/DIV2K_valid_LR_bicubic/X4/0845x4.png,22.771336688509614,0.6744974205793997,21.417171560474163
DIV2K,0845,detail_base,<output_root>/detail_v1d/DIV2K/0845/base.png,<benchmark_root>/div2k/DIV2K_valid_HR/0845.png,<benchmark_root>/div2k/DIV2K_valid_LR_bicubic/X4/0845x4.png,24.889764725698274,0.7786519271945513,23.508980680696226
DIV2K,0845,detail_v1d,<output_root>/detail_v1d/DIV2K/0845/detail.png,<benchmark_root>/div2k/DIV2K_valid_HR/0845.png,<benchmark_root>/div2k/DIV2K_valid_LR_bicubic/X4/0845x4.png,25.215264784446866,0.7899627178490117,23.842132548378693
DIV2K,0845,refiner_v2,<output_root>/refiner_v2/DIV2K/0845/refined.png,<benchmark_root>/div2k/DIV2K_valid_HR/0845.png,<benchmark_root>/div2k/DIV2K_valid_LR_bicubic/X4/0845x4.png,24.408883402690556,0.7579484097701111,23.03994311390707
DIV2K,0845,RealESRNet_x4plus,<output_root>/realesrgan/DIV2K/0845/RealESRNet_x4plus.png,<benchmark_root>/div2k/DIV2K_valid_HR/0845.png,<benchmark_root>/div2k/DIV2K_valid_LR_bicubic/X4/0845x4.png,23.473520478241685,0.7541259915414915,22.045882406999844
DIV2K,0845,RealESRGAN_x4plus,<output_root>/realesrgan/DIV2K/0845/RealESRGAN_x4plus.png,<benchmark_root>/div2k/DIV2K_valid_HR/0845.png,<benchmark_root>/div2k/DIV2K_valid_LR_bicubic/X4/0845x4.png,20.565125719744106,0.7077288991273154,19.17241720505391
DIV2K,0845,SwinIR_classical_x4,<swinir_results_root>/swinir_classical_sr_x4/0845_SwinIR.png,<benchmark_root>/div2k/DIV2K_valid_HR/0845.png,<benchmark_root>/div2k/DIV2K_valid_LR_bicubic/X4/0845x4.png,28.09592203234383,0.8584005054496736,26.70436780228231
DIV2K,0846,bicubic,generated:matlab_bicubic_resize,<benchmark_root>/div2k/DIV2K_valid_HR/0846.png,<benchmark_root>/div2k/DIV2K_valid_LR_bicubic/X4/0846x4.png,23.51793099963556,0.7167937902475218,22.18363916800381
DIV2K,0846,detail_base,<output_root>/detail_v1d/DIV2K/0846/base.png,<benchmark_root>/div2k/DIV2K_valid_HR/0846.png,<benchmark_root>/div2k/DIV2K_valid_LR_bicubic/X4/0846x4.png,26.36222584414993,0.8048921722078706,25.028876240892423
DIV2K,0846,detail_v1d,<output_root>/detail_v1d/DIV2K/0846/detail.png,<benchmark_root>/div2k/DIV2K_valid_HR/0846.png,<benchmark_root>/div2k/DIV2K_valid_LR_bicubic/X4/0846x4.png,26.69377237553814,0.8137876535496777,25.364088127253762
DIV2K,0846,refiner_v2,<output_root>/refiner_v2/DIV2K/0846/refined.png,<benchmark_root>/div2k/DIV2K_valid_HR/0846.png,<benchmark_root>/div2k/DIV2K_valid_LR_bicubic/X4/0846x4.png,25.587802563783235,0.7839614018914595,24.253751794977177
DIV2K,0846,RealESRNet_x4plus,<output_root>/realesrgan/DIV2K/0846/RealESRNet_x4plus.png,<benchmark_root>/div2k/DIV2K_valid_HR/0846.png,<benchmark_root>/div2k/DIV2K_valid_LR_bicubic/X4/0846x4.png,25.423434648940486,0.7832557614448483,23.990396440821947
DIV2K,0846,RealESRGAN_x4plus,<output_root>/realesrgan/DIV2K/0846/RealESRGAN_x4plus.png,<benchmark_root>/div2k/DIV2K_valid_HR/0846.png,<benchmark_root>/div2k/DIV2K_valid_LR_bicubic/X4/0846x4.png,23.990218701834,0.7550019683976257,22.598036015734188
DIV2K,0846,SwinIR_classical_x4,<swinir_results_root>/swinir_classical_sr_x4/0846_SwinIR.png,<benchmark_root>/div2k/DIV2K_valid_HR/0846.png,<benchmark_root>/div2k/DIV2K_valid_LR_bicubic/X4/0846x4.png,28.398278440525594,0.8472630463820519,27.077515282581484
DIV2K,0847,bicubic,generated:matlab_bicubic_resize,<benchmark_root>/div2k/DIV2K_valid_HR/0847.png,<benchmark_root>/div2k/DIV2K_valid_LR_bicubic/X4/0847x4.png,26.57145017829948,0.7657698246987819,25.08212595283936
DIV2K,0847,detail_base,<output_root>/detail_v1d/DIV2K/0847/base.png,<benchmark_root>/div2k/DIV2K_valid_HR/0847.png,<benchmark_root>/div2k/DIV2K_valid_LR_bicubic/X4/0847x4.png,28.897772658974155,0.8405241734965512,27.359310792227667
DIV2K,0847,detail_v1d,<output_root>/detail_v1d/DIV2K/0847/detail.png,<benchmark_root>/div2k/DIV2K_valid_HR/0847.png,<benchmark_root>/div2k/DIV2K_valid_LR_bicubic/X4/0847x4.png,29.23866165032337,0.8491401116701826,27.70507514633241
DIV2K,0847,refiner_v2,<output_root>/refiner_v2/DIV2K/0847/refined.png,<benchmark_root>/div2k/DIV2K_valid_HR/0847.png,<benchmark_root>/div2k/DIV2K_valid_LR_bicubic/X4/0847x4.png,28.327651650975135,0.8245037572715768,26.775333552963858
DIV2K,0847,RealESRNet_x4plus,<output_root>/realesrgan/DIV2K/0847/RealESRNet_x4plus.png,<benchmark_root>/div2k/DIV2K_valid_HR/0847.png,<benchmark_root>/div2k/DIV2K_valid_LR_bicubic/X4/0847x4.png,27.82789891045808,0.809241352450379,25.966350869905433
DIV2K,0847,RealESRGAN_x4plus,<output_root>/realesrgan/DIV2K/0847/RealESRGAN_x4plus.png,<benchmark_root>/div2k/DIV2K_valid_HR/0847.png,<benchmark_root>/div2k/DIV2K_valid_LR_bicubic/X4/0847x4.png,25.48624281172211,0.7494046933005218,23.776114821148283
DIV2K,0847,SwinIR_classical_x4,<swinir_results_root>/swinir_classical_sr_x4/0847_SwinIR.png,<benchmark_root>/div2k/DIV2K_valid_HR/0847.png,<benchmark_root>/div2k/DIV2K_valid_LR_bicubic/X4/0847x4.png,30.331864978988214,0.8728094207592634,28.841599805783005
DIV2K,0848,bicubic,generated:matlab_bicubic_resize,<benchmark_root>/div2k/DIV2K_valid_HR/0848.png,<benchmark_root>/div2k/DIV2K_valid_LR_bicubic/X4/0848x4.png,26.367516854617822,0.710048976220453,25.057212394608605
DIV2K,0848,detail_base,<output_root>/detail_v1d/DIV2K/0848/base.png,<benchmark_root>/div2k/DIV2K_valid_HR/0848.png,<benchmark_root>/div2k/DIV2K_valid_LR_bicubic/X4/0848x4.png,28.35855208016882,0.7666022538534579,27.04018407376762
DIV2K,0848,detail_v1d,<output_root>/detail_v1d/DIV2K/0848/detail.png,<benchmark_root>/div2k/DIV2K_valid_HR/0848.png,<benchmark_root>/div2k/DIV2K_valid_LR_bicubic/X4/0848x4.png,28.546879274093584,0.7711539678058452,27.228864527998024
DIV2K,0848,refiner_v2,<output_root>/refiner_v2/DIV2K/0848/refined.png,<benchmark_root>/div2k/DIV2K_valid_HR/0848.png,<benchmark_root>/div2k/DIV2K_valid_LR_bicubic/X4/0848x4.png,28.08384751591372,0.760287964585891,26.766437689835826
DIV2K,0848,RealESRNet_x4plus,<output_root>/realesrgan/DIV2K/0848/RealESRNet_x4plus.png,<benchmark_root>/div2k/DIV2K_valid_HR/0848.png,<benchmark_root>/div2k/DIV2K_valid_LR_bicubic/X4/0848x4.png,27.616667634531392,0.7415759758728157,26.047297254209283
DIV2K,0848,RealESRGAN_x4plus,<output_root>/realesrgan/DIV2K/0848/RealESRGAN_x4plus.png,<benchmark_root>/div2k/DIV2K_valid_HR/0848.png,<benchmark_root>/div2k/DIV2K_valid_LR_bicubic/X4/0848x4.png,26.867519168880936,0.7243069592792569,25.29794111334283
DIV2K,0848,SwinIR_classical_x4,<swinir_results_root>/swinir_classical_sr_x4/0848_SwinIR.png,<benchmark_root>/div2k/DIV2K_valid_HR/0848.png,<benchmark_root>/div2k/DIV2K_valid_LR_bicubic/X4/0848x4.png,29.126097504117222,0.7838166286486238,27.817599199476014
DIV2K,0849,bicubic,generated:matlab_bicubic_resize,<benchmark_root>/div2k/DIV2K_valid_HR/0849.png,<benchmark_root>/div2k/DIV2K_valid_LR_bicubic/X4/0849x4.png,21.024443377156878,0.6340396171576069,19.576233492811138
DIV2K,0849,detail_base,<output_root>/detail_v1d/DIV2K/0849/base.png,<benchmark_root>/div2k/DIV2K_valid_HR/0849.png,<benchmark_root>/div2k/DIV2K_valid_LR_bicubic/X4/0849x4.png,23.404267898301306,0.7679658676705612,21.985403313529535
DIV2K,0849,detail_v1d,<output_root>/detail_v1d/DIV2K/0849/detail.png,<benchmark_root>/div2k/DIV2K_valid_HR/0849.png,<benchmark_root>/div2k/DIV2K_valid_LR_bicubic/X4/0849x4.png,23.695273767334317,0.7811293498280298,22.282503839405287
DIV2K,0849,refiner_v2,<output_root>/refiner_v2/DIV2K/0849/refined.png,<benchmark_root>/div2k/DIV2K_valid_HR/0849.png,<benchmark_root>/div2k/DIV2K_valid_LR_bicubic/X4/0849x4.png,23.08915498720711,0.754853259247579,21.675057195235503
DIV2K,0849,RealESRNet_x4plus,<output_root>/realesrgan/DIV2K/0849/RealESRNet_x4plus.png,<benchmark_root>/div2k/DIV2K_valid_HR/0849.png,<benchmark_root>/div2k/DIV2K_valid_LR_bicubic/X4/0849x4.png,22.440345872517156,0.7266442417614313,20.711392716631597
DIV2K,0849,RealESRGAN_x4plus,<output_root>/realesrgan/DIV2K/0849/RealESRGAN_x4plus.png,<benchmark_root>/div2k/DIV2K_valid_HR/0849.png,<benchmark_root>/div2k/DIV2K_valid_LR_bicubic/X4/0849x4.png,21.337082938750154,0.6735431624460644,19.642253337430986
DIV2K,0849,SwinIR_classical_x4,<swinir_results_root>/swinir_classical_sr_x4/0849_SwinIR.png,<benchmark_root>/div2k/DIV2K_valid_HR/0849.png,<benchmark_root>/div2k/DIV2K_valid_LR_bicubic/X4/0849x4.png,24.420292495623617,0.8174133030615138,23.037878551642113
DIV2K,0850,bicubic,generated:matlab_bicubic_resize,<benchmark_root>/div2k/DIV2K_valid_HR/0850.png,<benchmark_root>/div2k/DIV2K_valid_LR_bicubic/X4/0850x4.png,28.106013843028514,0.7905462951653007,26.70376347817792
DIV2K,0850,detail_base,<output_root>/detail_v1d/DIV2K/0850/base.png,<benchmark_root>/div2k/DIV2K_valid_HR/0850.png,<benchmark_root>/div2k/DIV2K_valid_LR_bicubic/X4/0850x4.png,30.26042862197341,0.8526872489266668,28.848103462852713
DIV2K,0850,detail_v1d,<output_root>/detail_v1d/DIV2K/0850/detail.png,<benchmark_root>/div2k/DIV2K_valid_HR/0850.png,<benchmark_root>/div2k/DIV2K_valid_LR_bicubic/X4/0850x4.png,30.5547763626815,0.8597826747176731,29.143361852616994
DIV2K,0850,refiner_v2,<output_root>/refiner_v2/DIV2K/0850/refined.png,<benchmark_root>/div2k/DIV2K_valid_HR/0850.png,<benchmark_root>/div2k/DIV2K_valid_LR_bicubic/X4/0850x4.png,29.917580171917358,0.8451424552743988,28.51125993878049
DIV2K,0850,RealESRNet_x4plus,<output_root>/realesrgan/DIV2K/0850/RealESRNet_x4plus.png,<benchmark_root>/div2k/DIV2K_valid_HR/0850.png,<benchmark_root>/div2k/DIV2K_valid_LR_bicubic/X4/0850x4.png,29.404256519295977,0.8350319904779949,27.659374066691036
DIV2K,0850,RealESRGAN_x4plus,<output_root>/realesrgan/DIV2K/0850/RealESRGAN_x4plus.png,<benchmark_root>/div2k/DIV2K_valid_HR/0850.png,<benchmark_root>/div2k/DIV2K_valid_LR_bicubic/X4/0850x4.png,27.367113657891263,0.7847698182593601,25.65232018909466
DIV2K,0850,SwinIR_classical_x4,<swinir_results_root>/swinir_classical_sr_x4/0850_SwinIR.png,<benchmark_root>/div2k/DIV2K_valid_HR/0850.png,<benchmark_root>/div2k/DIV2K_valid_LR_bicubic/X4/0850x4.png,31.26947104835589,0.8730861954493804,29.87696095163422
DIV2K,0851,bicubic,generated:matlab_bicubic_resize,<benchmark_root>/div2k/DIV2K_valid_HR/0851.png,<benchmark_root>/div2k/DIV2K_valid_LR_bicubic/X4/0851x4.png,28.182544875104583,0.8605111163227975,26.745562766356006
DIV2K,0851,detail_base,<output_root>/detail_v1d/DIV2K/0851/base.png,<benchmark_root>/div2k/DIV2K_valid_HR/0851.png,<benchmark_root>/div2k/DIV2K_valid_LR_bicubic/X4/0851x4.png,29.46720798399933,0.8919180247695707,28.002715760188792
DIV2K,0851,detail_v1d,<output_root>/detail_v1d/DIV2K/0851/detail.png,<benchmark_root>/div2k/DIV2K_valid_HR/0851.png,<benchmark_root>/div2k/DIV2K_valid_LR_bicubic/X4/0851x4.png,29.60443292186949,0.8952668244301338,28.156082382552945
DIV2K,0851,refiner_v2,<output_root>/refiner_v2/DIV2K/0851/refined.png,<benchmark_root>/div2k/DIV2K_valid_HR/0851.png,<benchmark_root>/div2k/DIV2K_valid_LR_bicubic/X4/0851x4.png,28.997727879799054,0.8847215717398518,27.511785825127454
DIV2K,0851,RealESRNet_x4plus,<output_root>/realesrgan/DIV2K/0851/RealESRNet_x4plus.png,<benchmark_root>/div2k/DIV2K_valid_HR/0851.png,<benchmark_root>/div2k/DIV2K_valid_LR_bicubic/X4/0851x4.png,28.674344812527075,0.868030788988957,26.813907594089823
DIV2K,0851,RealESRGAN_x4plus,<output_root>/realesrgan/DIV2K/0851/RealESRGAN_x4plus.png,<benchmark_root>/div2k/DIV2K_valid_HR/0851.png,<benchmark_root>/div2k/DIV2K_valid_LR_bicubic/X4/0851x4.png,27.953304268322725,0.8590082531770381,26.00790818730294
DIV2K,0851,SwinIR_classical_x4,<swinir_results_root>/swinir_classical_sr_x4/0851_SwinIR.png,<benchmark_root>/div2k/DIV2K_valid_HR/0851.png,<benchmark_root>/div2k/DIV2K_valid_LR_bicubic/X4/0851x4.png,30.495867848588173,0.9062490464275775,29.076774414148936
DIV2K,0852,bicubic,generated:matlab_bicubic_resize,<benchmark_root>/div2k/DIV2K_valid_HR/0852.png,<benchmark_root>/div2k/DIV2K_valid_LR_bicubic/X4/0852x4.png,30.01651473080573,0.7966093388976564,28.931460710283122
DIV2K,0852,detail_base,<output_root>/detail_v1d/DIV2K/0852/base.png,<benchmark_root>/div2k/DIV2K_valid_HR/0852.png,<benchmark_root>/div2k/DIV2K_valid_LR_bicubic/X4/0852x4.png,30.853733099739728,0.839224044914904,29.776513292264212
DIV2K,0852,detail_v1d,<output_root>/detail_v1d/DIV2K/0852/detail.png,<benchmark_root>/div2k/DIV2K_valid_HR/0852.png,<benchmark_root>/div2k/DIV2K_valid_LR_bicubic/X4/0852x4.png,30.941654545851357,0.8421040168985059,29.875354143809773
DIV2K,0852,refiner_v2,<output_root>/refiner_v2/DIV2K/0852/refined.png,<benchmark_root>/div2k/DIV2K_valid_HR/0852.png,<benchmark_root>/div2k/DIV2K_valid_LR_bicubic/X4/0852x4.png,30.629804948473062,0.8307588059392899,29.570206806282798
DIV2K,0852,RealESRNet_x4plus,<output_root>/realesrgan/DIV2K/0852/RealESRNet_x4plus.png,<benchmark_root>/div2k/DIV2K_valid_HR/0852.png,<benchmark_root>/div2k/DIV2K_valid_LR_bicubic/X4/0852x4.png,30.063016495381937,0.7987835661846228,28.51549326992293
DIV2K,0852,RealESRGAN_x4plus,<output_root>/realesrgan/DIV2K/0852/RealESRGAN_x4plus.png,<benchmark_root>/div2k/DIV2K_valid_HR/0852.png,<benchmark_root>/div2k/DIV2K_valid_LR_bicubic/X4/0852x4.png,27.7269938863256,0.7695329794825074,26.423959753315252
DIV2K,0852,SwinIR_classical_x4,<swinir_results_root>/swinir_classical_sr_x4/0852_SwinIR.png,<benchmark_root>/div2k/DIV2K_valid_HR/0852.png,<benchmark_root>/div2k/DIV2K_valid_LR_bicubic/X4/0852x4.png,31.454927541567198,0.8577552937724432,30.420838542368788
DIV2K,0853,bicubic,generated:matlab_bicubic_resize,<benchmark_root>/div2k/DIV2K_valid_HR/0853.png,<benchmark_root>/div2k/DIV2K_valid_LR_bicubic/X4/0853x4.png,32.69575241445451,0.923973484235545,30.85875839069338
DIV2K,0853,detail_base,<output_root>/detail_v1d/DIV2K/0853/base.png,<benchmark_root>/div2k/DIV2K_valid_HR/0853.png,<benchmark_root>/div2k/DIV2K_valid_LR_bicubic/X4/0853x4.png,35.39545293210943,0.9474641414813206,33.411540230177145
DIV2K,0853,detail_v1d,<output_root>/detail_v1d/DIV2K/0853/detail.png,<benchmark_root>/div2k/DIV2K_valid_HR/0853.png,<benchmark_root>/div2k/DIV2K_valid_LR_bicubic/X4/0853x4.png,35.753591131924196,0.9505825256571181,33.72717821057822
DIV2K,0853,refiner_v2,<output_root>/refiner_v2/DIV2K/0853/refined.png,<benchmark_root>/div2k/DIV2K_valid_HR/0853.png,<benchmark_root>/div2k/DIV2K_valid_LR_bicubic/X4/0853x4.png,32.880699287186566,0.9367842140397816,31.24445603412529
DIV2K,0853,RealESRNet_x4plus,<output_root>/realesrgan/DIV2K/0853/RealESRNet_x4plus.png,<benchmark_root>/div2k/DIV2K_valid_HR/0853.png,<benchmark_root>/div2k/DIV2K_valid_LR_bicubic/X4/0853x4.png,33.36117739255177,0.9333298886559984,29.08435507727169
DIV2K,0853,RealESRGAN_x4plus,<output_root>/realesrgan/DIV2K/0853/RealESRGAN_x4plus.png,<benchmark_root>/div2k/DIV2K_valid_HR/0853.png,<benchmark_root>/div2k/DIV2K_valid_LR_bicubic/X4/0853x4.png,31.372949973948717,0.9085852172287145,27.44573076740143
DIV2K,0853,SwinIR_classical_x4,<swinir_results_root>/swinir_classical_sr_x4/0853_SwinIR.png,<benchmark_root>/div2k/DIV2K_valid_HR/0853.png,<benchmark_root>/div2k/DIV2K_valid_LR_bicubic/X4/0853x4.png,36.994718044288575,0.9576035624020496,35.041029065487926
DIV2K,0854,bicubic,generated:matlab_bicubic_resize,<benchmark_root>/div2k/DIV2K_valid_HR/0854.png,<benchmark_root>/div2k/DIV2K_valid_LR_bicubic/X4/0854x4.png,24.6867183385205,0.6854442793760797,23.38569287341246
DIV2K,0854,detail_base,<output_root>/detail_v1d/DIV2K/0854/base.png,<benchmark_root>/div2k/DIV2K_valid_HR/0854.png,<benchmark_root>/div2k/DIV2K_valid_LR_bicubic/X4/0854x4.png,26.08897823360778,0.750367174126673,24.768463769604338
DIV2K,0854,detail_v1d,<output_root>/detail_v1d/DIV2K/0854/detail.png,<benchmark_root>/div2k/DIV2K_valid_HR/0854.png,<benchmark_root>/div2k/DIV2K_valid_LR_bicubic/X4/0854x4.png,26.2129625462901,0.7559804704737099,24.89484734149525
DIV2K,0854,refiner_v2,<output_root>/refiner_v2/DIV2K/0854/refined.png,<benchmark_root>/div2k/DIV2K_valid_HR/0854.png,<benchmark_root>/div2k/DIV2K_valid_LR_bicubic/X4/0854x4.png,25.943817990872972,0.7443877890994455,24.619422456599015
DIV2K,0854,RealESRNet_x4plus,<output_root>/realesrgan/DIV2K/0854/RealESRNet_x4plus.png,<benchmark_root>/div2k/DIV2K_valid_HR/0854.png,<benchmark_root>/div2k/DIV2K_valid_LR_bicubic/X4/0854x4.png,25.45940486520962,0.7290153446959751,24.04860201673429
DIV2K,0854,RealESRGAN_x4plus,<output_root>/realesrgan/DIV2K/0854/RealESRGAN_x4plus.png,<benchmark_root>/div2k/DIV2K_valid_HR/0854.png,<benchmark_root>/div2k/DIV2K_valid_LR_bicubic/X4/0854x4.png,23.19259359360195,0.6450927183827858,21.796597801583317
DIV2K,0854,SwinIR_classical_x4,<swinir_results_root>/swinir_classical_sr_x4/0854_SwinIR.png,<benchmark_root>/div2k/DIV2K_valid_HR/0854.png,<benchmark_root>/div2k/DIV2K_valid_LR_bicubic/X4/0854x4.png,26.510403299004235,0.7708005070179257,25.20070929769428
DIV2K,0855,bicubic,generated:matlab_bicubic_resize,<benchmark_root>/div2k/DIV2K_valid_HR/0855.png,<benchmark_root>/div2k/DIV2K_valid_LR_bicubic/X4/0855x4.png,29.367724335942135,0.7443501491614422,28.024251869467793
DIV2K,0855,detail_base,<output_root>/detail_v1d/DIV2K/0855/base.png,<benchmark_root>/div2k/DIV2K_valid_HR/0855.png,<benchmark_root>/div2k/DIV2K_valid_LR_bicubic/X4/0855x4.png,30.319229178643905,0.7800143882754506,28.955339189218794
DIV2K,0855,detail_v1d,<output_root>/detail_v1d/DIV2K/0855/detail.png,<benchmark_root>/div2k/DIV2K_valid_HR/0855.png,<benchmark_root>/div2k/DIV2K_valid_LR_bicubic/X4/0855x4.png,30.36054762837532,0.7818937258797748,29.005563373324136
DIV2K,0855,refiner_v2,<output_root>/refiner_v2/DIV2K/0855/refined.png,<benchmark_root>/div2k/DIV2K_valid_HR/0855.png,<benchmark_root>/div2k/DIV2K_valid_LR_bicubic/X4/0855x4.png,29.899623728694422,0.7751861891282014,28.514713723572875
DIV2K,0855,RealESRNet_x4plus,<output_root>/realesrgan/DIV2K/0855/RealESRNet_x4plus.png,<benchmark_root>/div2k/DIV2K_valid_HR/0855.png,<benchmark_root>/div2k/DIV2K_valid_LR_bicubic/X4/0855x4.png,28.913959046723996,0.7631194710789763,27.499137692716577
DIV2K,0855,RealESRGAN_x4plus,<output_root>/realesrgan/DIV2K/0855/RealESRGAN_x4plus.png,<benchmark_root>/div2k/DIV2K_valid_HR/0855.png,<benchmark_root>/div2k/DIV2K_valid_LR_bicubic/X4/0855x4.png,27.729241226574434,0.7262122919994837,26.28676514221103
DIV2K,0855,SwinIR_classical_x4,<swinir_results_root>/swinir_classical_sr_x4/0855_SwinIR.png,<benchmark_root>/div2k/DIV2K_valid_HR/0855.png,<benchmark_root>/div2k/DIV2K_valid_LR_bicubic/X4/0855x4.png,31.06052504604701,0.7934599291208809,29.716653242990287
DIV2K,0856,bicubic,generated:matlab_bicubic_resize,<benchmark_root>/div2k/DIV2K_valid_HR/0856.png,<benchmark_root>/div2k/DIV2K_valid_LR_bicubic/X4/0856x4.png,26.41288026624835,0.6604388907257019,23.214276433100775
DIV2K,0856,detail_base,<output_root>/detail_v1d/DIV2K/0856/base.png,<benchmark_root>/div2k/DIV2K_valid_HR/0856.png,<benchmark_root>/div2k/DIV2K_valid_LR_bicubic/X4/0856x4.png,27.16047484322025,0.7178157324670309,23.942748403913964
DIV2K,0856,detail_v1d,<output_root>/detail_v1d/DIV2K/0856/detail.png,<benchmark_root>/div2k/DIV2K_valid_HR/0856.png,<benchmark_root>/div2k/DIV2K_valid_LR_bicubic/X4/0856x4.png,27.274374201054158,0.7254843236669396,24.10044250422154
DIV2K,0856,refiner_v2,<output_root>/refiner_v2/DIV2K/0856/refined.png,<benchmark_root>/div2k/DIV2K_valid_HR/0856.png,<benchmark_root>/div2k/DIV2K_valid_LR_bicubic/X4/0856x4.png,26.677132339568054,0.6940121509570037,23.431550809343626
DIV2K,0856,RealESRNet_x4plus,<output_root>/realesrgan/DIV2K/0856/RealESRNet_x4plus.png,<benchmark_root>/div2k/DIV2K_valid_HR/0856.png,<benchmark_root>/div2k/DIV2K_valid_LR_bicubic/X4/0856x4.png,26.71034934760734,0.6942607383503214,22.500560810826382
DIV2K,0856,RealESRGAN_x4plus,<output_root>/realesrgan/DIV2K/0856/RealESRGAN_x4plus.png,<benchmark_root>/div2k/DIV2K_valid_HR/0856.png,<benchmark_root>/div2k/DIV2K_valid_LR_bicubic/X4/0856x4.png,24.84635897281994,0.6285564071413905,21.423473414708493
DIV2K,0856,SwinIR_classical_x4,<swinir_results_root>/swinir_classical_sr_x4/0856_SwinIR.png,<benchmark_root>/div2k/DIV2K_valid_HR/0856.png,<benchmark_root>/div2k/DIV2K_valid_LR_bicubic/X4/0856x4.png,27.885201620635392,0.7589774981785408,24.835426820170902
DIV2K,0857,bicubic,generated:matlab_bicubic_resize,<benchmark_root>/div2k/DIV2K_valid_HR/0857.png,<benchmark_root>/div2k/DIV2K_valid_LR_bicubic/X4/0857x4.png,35.448676466665596,0.8284359962108077,33.9965574064447
DIV2K,0857,detail_base,<output_root>/detail_v1d/DIV2K/0857/base.png,<benchmark_root>/div2k/DIV2K_valid_HR/0857.png,<benchmark_root>/div2k/DIV2K_valid_LR_bicubic/X4/0857x4.png,36.07142306669933,0.8331348698847216,34.56536414708565
DIV2K,0857,detail_v1d,<output_root>/detail_v1d/DIV2K/0857/detail.png,<benchmark_root>/div2k/DIV2K_valid_HR/0857.png,<benchmark_root>/div2k/DIV2K_valid_LR_bicubic/X4/0857x4.png,36.186923478121315,0.8339768501367866,34.70457039385749
DIV2K,0857,refiner_v2,<output_root>/refiner_v2/DIV2K/0857/refined.png,<benchmark_root>/div2k/DIV2K_valid_HR/0857.png,<benchmark_root>/div2k/DIV2K_valid_LR_bicubic/X4/0857x4.png,35.6314291905356,0.8317501212327443,34.05539585074037
DIV2K,0857,RealESRNet_x4plus,<output_root>/realesrgan/DIV2K/0857/RealESRNet_x4plus.png,<benchmark_root>/div2k/DIV2K_valid_HR/0857.png,<benchmark_root>/div2k/DIV2K_valid_LR_bicubic/X4/0857x4.png,35.16362641936338,0.8280803364289242,33.337884329981115
DIV2K,0857,RealESRGAN_x4plus,<output_root>/realesrgan/DIV2K/0857/RealESRGAN_x4plus.png,<benchmark_root>/div2k/DIV2K_valid_HR/0857.png,<benchmark_root>/div2k/DIV2K_valid_LR_bicubic/X4/0857x4.png,33.420633012230155,0.8176255129552698,31.499755705605313
DIV2K,0857,SwinIR_classical_x4,<swinir_results_root>/swinir_classical_sr_x4/0857_SwinIR.png,<benchmark_root>/div2k/DIV2K_valid_HR/0857.png,<benchmark_root>/div2k/DIV2K_valid_LR_bicubic/X4/0857x4.png,36.49077984163485,0.8350350060918326,35.06491125738824
DIV2K,0858,bicubic,generated:matlab_bicubic_resize,<benchmark_root>/div2k/DIV2K_valid_HR/0858.png,<benchmark_root>/div2k/DIV2K_valid_LR_bicubic/X4/0858x4.png,28.23299192161112,0.7409549318478025,27.01838741511296
DIV2K,0858,detail_base,<output_root>/detail_v1d/DIV2K/0858/base.png,<benchmark_root>/div2k/DIV2K_valid_HR/0858.png,<benchmark_root>/div2k/DIV2K_valid_LR_bicubic/X4/0858x4.png,29.599436544283236,0.7996477279753533,28.345628370446644
DIV2K,0858,detail_v1d,<output_root>/detail_v1d/DIV2K/0858/detail.png,<benchmark_root>/div2k/DIV2K_valid_HR/0858.png,<benchmark_root>/div2k/DIV2K_valid_LR_bicubic/X4/0858x4.png,29.686419890216087,0.8030920998877645,28.445061711729828
DIV2K,0858,refiner_v2,<output_root>/refiner_v2/DIV2K/0858/refined.png,<benchmark_root>/div2k/DIV2K_valid_HR/0858.png,<benchmark_root>/div2k/DIV2K_valid_LR_bicubic/X4/0858x4.png,29.38505230897798,0.7930549231889098,28.13997635750258
DIV2K,0858,RealESRNet_x4plus,<output_root>/realesrgan/DIV2K/0858/RealESRNet_x4plus.png,<benchmark_root>/div2k/DIV2K_valid_HR/0858.png,<benchmark_root>/div2k/DIV2K_valid_LR_bicubic/X4/0858x4.png,28.811850203384424,0.7613199236850516,27.129418194508105
DIV2K,0858,RealESRGAN_x4plus,<output_root>/realesrgan/DIV2K/0858/RealESRGAN_x4plus.png,<benchmark_root>/div2k/DIV2K_valid_HR/0858.png,<benchmark_root>/div2k/DIV2K_valid_LR_bicubic/X4/0858x4.png,25.664824677138046,0.6980124984579691,24.268345915268057
DIV2K,0858,SwinIR_classical_x4,<swinir_results_root>/swinir_classical_sr_x4/0858_SwinIR.png,<benchmark_root>/div2k/DIV2K_valid_HR/0858.png,<benchmark_root>/div2k/DIV2K_valid_LR_bicubic/X4/0858x4.png,30.07610284944958,0.8188080426197122,28.84514076865944
DIV2K,0859,bicubic,generated:matlab_bicubic_resize,<benchmark_root>/div2k/DIV2K_valid_HR/0859.png,<benchmark_root>/div2k/DIV2K_valid_LR_bicubic/X4/0859x4.png,25.32469415163254,0.6324553301007961,24.059457077726382
DIV2K,0859,detail_base,<output_root>/detail_v1d/DIV2K/0859/base.png,<benchmark_root>/div2k/DIV2K_valid_HR/0859.png,<benchmark_root>/div2k/DIV2K_valid_LR_bicubic/X4/0859x4.png,26.28139429208915,0.7015320471329758,24.984553853545286
DIV2K,0859,detail_v1d,<output_root>/detail_v1d/DIV2K/0859/detail.png,<benchmark_root>/div2k/DIV2K_valid_HR/0859.png,<benchmark_root>/div2k/DIV2K_valid_LR_bicubic/X4/0859x4.png,26.39855899279678,0.708207383840612,25.111065400724584
DIV2K,0859,refiner_v2,<output_root>/refiner_v2/DIV2K/0859/refined.png,<benchmark_root>/div2k/DIV2K_valid_HR/0859.png,<benchmark_root>/div2k/DIV2K_valid_LR_bicubic/X4/0859x4.png,26.26952182779316,0.6999517230946467,24.96306874402562
DIV2K,0859,RealESRNet_x4plus,<output_root>/realesrgan/DIV2K/0859/RealESRNet_x4plus.png,<benchmark_root>/div2k/DIV2K_valid_HR/0859.png,<benchmark_root>/div2k/DIV2K_valid_LR_bicubic/X4/0859x4.png,25.79142067446596,0.6867034814419626,24.41182937826182
DIV2K,0859,RealESRGAN_x4plus,<output_root>/realesrgan/DIV2K/0859/RealESRGAN_x4plus.png,<benchmark_root>/div2k/DIV2K_valid_HR/0859.png,<benchmark_root>/div2k/DIV2K_valid_LR_bicubic/X4/0859x4.png,23.156199675512248,0.5757963050505395,21.768084882568992
DIV2K,0859,SwinIR_classical_x4,<swinir_results_root>/swinir_classical_sr_x4/0859_SwinIR.png,<benchmark_root>/div2k/DIV2K_valid_HR/0859.png,<benchmark_root>/div2k/DIV2K_valid_LR_bicubic/X4/0859x4.png,27.15397493396733,0.7413207452174947,25.863412301264937
DIV2K,0860,bicubic,generated:matlab_bicubic_resize,<benchmark_root>/div2k/DIV2K_valid_HR/0860.png,<benchmark_root>/div2k/DIV2K_valid_LR_bicubic/X4/0860x4.png,21.030943613589912,0.5397377758968388,19.671944612057757
DIV2K,0860,detail_base,<output_root>/detail_v1d/DIV2K/0860/base.png,<benchmark_root>/div2k/DIV2K_valid_HR/0860.png,<benchmark_root>/div2k/DIV2K_valid_LR_bicubic/X4/0860x4.png,21.834590526891226,0.631183864420164,20.466447547148405
DIV2K,0860,detail_v1d,<output_root>/detail_v1d/DIV2K/0860/detail.png,<benchmark_root>/div2k/DIV2K_valid_HR/0860.png,<benchmark_root>/div2k/DIV2K_valid_LR_bicubic/X4/0860x4.png,21.89619680137325,0.6362412235422011,20.52810540733889
DIV2K,0860,refiner_v2,<output_root>/refiner_v2/DIV2K/0860/refined.png,<benchmark_root>/div2k/DIV2K_valid_HR/0860.png,<benchmark_root>/div2k/DIV2K_valid_LR_bicubic/X4/0860x4.png,21.760923888903847,0.6266770726588226,20.389663337949425
DIV2K,0860,RealESRNet_x4plus,<output_root>/realesrgan/DIV2K/0860/RealESRNet_x4plus.png,<benchmark_root>/div2k/DIV2K_valid_HR/0860.png,<benchmark_root>/div2k/DIV2K_valid_LR_bicubic/X4/0860x4.png,21.390184115076323,0.603811825697439,19.86879008306458
DIV2K,0860,RealESRGAN_x4plus,<output_root>/realesrgan/DIV2K/0860/RealESRGAN_x4plus.png,<benchmark_root>/div2k/DIV2K_valid_HR/0860.png,<benchmark_root>/div2k/DIV2K_valid_LR_bicubic/X4/0860x4.png,19.416101705657734,0.5056892042456086,17.94374285986533
DIV2K,0860,SwinIR_classical_x4,<swinir_results_root>/swinir_classical_sr_x4/0860_SwinIR.png,<benchmark_root>/div2k/DIV2K_valid_HR/0860.png,<benchmark_root>/div2k/DIV2K_valid_LR_bicubic/X4/0860x4.png,22.205781136275206,0.6642389671206994,20.838623227755583
DIV2K,0861,bicubic,generated:matlab_bicubic_resize,<benchmark_root>/div2k/DIV2K_valid_HR/0861.png,<benchmark_root>/div2k/DIV2K_valid_LR_bicubic/X4/0861x4.png,22.390981203316073,0.6546742911046685,21.175928119334976
DIV2K,0861,detail_base,<output_root>/detail_v1d/DIV2K/0861/base.png,<benchmark_root>/div2k/DIV2K_valid_HR/0861.png,<benchmark_root>/div2k/DIV2K_valid_LR_bicubic/X4/0861x4.png,23.883675396287533,0.7611971912347936,22.660794057116185
DIV2K,0861,detail_v1d,<output_root>/detail_v1d/DIV2K/0861/detail.png,<benchmark_root>/div2k/DIV2K_valid_HR/0861.png,<benchmark_root>/div2k/DIV2K_valid_LR_bicubic/X4/0861x4.png,24.1092858887544,0.7721501592010561,22.890629815530723
DIV2K,0861,refiner_v2,<output_root>/refiner_v2/DIV2K/0861/refined.png,<benchmark_root>/div2k/DIV2K_valid_HR/0861.png,<benchmark_root>/div2k/DIV2K_valid_LR_bicubic/X4/0861x4.png,23.560832106185927,0.7405792539034746,22.327965890293576
DIV2K,0861,RealESRNet_x4plus,<output_root>/realesrgan/DIV2K/0861/RealESRNet_x4plus.png,<benchmark_root>/div2k/DIV2K_valid_HR/0861.png,<benchmark_root>/div2k/DIV2K_valid_LR_bicubic/X4/0861x4.png,23.200396722347865,0.718603470968951,21.883526496765278
DIV2K,0861,RealESRGAN_x4plus,<output_root>/realesrgan/DIV2K/0861/RealESRGAN_x4plus.png,<benchmark_root>/div2k/DIV2K_valid_HR/0861.png,<benchmark_root>/div2k/DIV2K_valid_LR_bicubic/X4/0861x4.png,21.374650800454713,0.6632907441596991,20.088655429037495
DIV2K,0861,SwinIR_classical_x4,<swinir_results_root>/swinir_classical_sr_x4/0861_SwinIR.png,<benchmark_root>/div2k/DIV2K_valid_HR/0861.png,<benchmark_root>/div2k/DIV2K_valid_LR_bicubic/X4/0861x4.png,25.00661272833564,0.8102456295397945,23.798117568867493
DIV2K,0862,bicubic,generated:matlab_bicubic_resize,<benchmark_root>/div2k/DIV2K_valid_HR/0862.png,<benchmark_root>/div2k/DIV2K_valid_LR_bicubic/X4/0862x4.png,33.7794601347183,0.834622411060717,32.387137781045524
DIV2K,0862,detail_base,<output_root>/detail_v1d/DIV2K/0862/base.png,<benchmark_root>/div2k/DIV2K_valid_HR/0862.png,<benchmark_root>/div2k/DIV2K_valid_LR_bicubic/X4/0862x4.png,34.24429570189025,0.8502850477599796,32.80773453150671
DIV2K,0862,detail_v1d,<output_root>/detail_v1d/DIV2K/0862/detail.png,<benchmark_root>/div2k/DIV2K_valid_HR/0862.png,<benchmark_root>/div2k/DIV2K_valid_LR_bicubic/X4/0862x4.png,34.318983809709195,0.8517998453808323,32.893494681566324
DIV2K,0862,refiner_v2,<output_root>/refiner_v2/DIV2K/0862/refined.png,<benchmark_root>/div2k/DIV2K_valid_HR/0862.png,<benchmark_root>/div2k/DIV2K_valid_LR_bicubic/X4/0862x4.png,33.55405858147944,0.8470248164064518,31.9966631538699
DIV2K,0862,RealESRNet_x4plus,<output_root>/realesrgan/DIV2K/0862/RealESRNet_x4plus.png,<benchmark_root>/div2k/DIV2K_valid_HR/0862.png,<benchmark_root>/div2k/DIV2K_valid_LR_bicubic/X4/0862x4.png,32.78167083676424,0.8372564560012492,31.21995342304029
DIV2K,0862,RealESRGAN_x4plus,<output_root>/realesrgan/DIV2K/0862/RealESRGAN_x4plus.png,<benchmark_root>/div2k/DIV2K_valid_HR/0862.png,<benchmark_root>/div2k/DIV2K_valid_LR_bicubic/X4/0862x4.png,29.568585425466107,0.7855341838562279,28.0656986447436
DIV2K,0862,SwinIR_classical_x4,<swinir_results_root>/swinir_classical_sr_x4/0862_SwinIR.png,<benchmark_root>/div2k/DIV2K_valid_HR/0862.png,<benchmark_root>/div2k/DIV2K_valid_LR_bicubic/X4/0862x4.png,34.681173607838794,0.8577358791661097,33.29072928497124
DIV2K,0863,bicubic,generated:matlab_bicubic_resize,<benchmark_root>/div2k/DIV2K_valid_HR/0863.png,<benchmark_root>/div2k/DIV2K_valid_LR_bicubic/X4/0863x4.png,33.414160830957144,0.8976468834791831,32.0811352672992
DIV2K,0863,detail_base,<output_root>/detail_v1d/DIV2K/0863/base.png,<benchmark_root>/div2k/DIV2K_valid_HR/0863.png,<benchmark_root>/div2k/DIV2K_valid_LR_bicubic/X4/0863x4.png,34.25282939394095,0.91261273042237,32.87523708107577
DIV2K,0863,detail_v1d,<output_root>/detail_v1d/DIV2K/0863/detail.png,<benchmark_root>/div2k/DIV2K_valid_HR/0863.png,<benchmark_root>/div2k/DIV2K_valid_LR_bicubic/X4/0863x4.png,34.30934902917418,0.9137856151144963,32.94083374627295
DIV2K,0863,refiner_v2,<output_root>/refiner_v2/DIV2K/0863/refined.png,<benchmark_root>/div2k/DIV2K_valid_HR/0863.png,<benchmark_root>/div2k/DIV2K_valid_LR_bicubic/X4/0863x4.png,32.16645959945418,0.9095064753068867,30.66233913047475
DIV2K,0863,RealESRNet_x4plus,<output_root>/realesrgan/DIV2K/0863/RealESRNet_x4plus.png,<benchmark_root>/div2k/DIV2K_valid_HR/0863.png,<benchmark_root>/div2k/DIV2K_valid_LR_bicubic/X4/0863x4.png,33.42324929651465,0.9050398894301429,31.71925318662946
DIV2K,0863,RealESRGAN_x4plus,<output_root>/realesrgan/DIV2K/0863/RealESRGAN_x4plus.png,<benchmark_root>/div2k/DIV2K_valid_HR/0863.png,<benchmark_root>/div2k/DIV2K_valid_LR_bicubic/X4/0863x4.png,31.237517746457275,0.8851441819796998,29.569811998233
DIV2K,0863,SwinIR_classical_x4,<swinir_results_root>/swinir_classical_sr_x4/0863_SwinIR.png,<benchmark_root>/div2k/DIV2K_valid_HR/0863.png,<benchmark_root>/div2k/DIV2K_valid_LR_bicubic/X4/0863x4.png,34.78025152402833,0.9169009361200137,33.43911071600762
DIV2K,0864,bicubic,generated:matlab_bicubic_resize,<benchmark_root>/div2k/DIV2K_valid_HR/0864.png,<benchmark_root>/div2k/DIV2K_valid_LR_bicubic/X4/0864x4.png,29.903125796212542,0.7551268327774266,28.646204620572387
DIV2K,0864,detail_base,<output_root>/detail_v1d/DIV2K/0864/base.png,<benchmark_root>/div2k/DIV2K_valid_HR/0864.png,<benchmark_root>/div2k/DIV2K_valid_LR_bicubic/X4/0864x4.png,31.037512581069034,0.8041452856732244,29.749981771093786
DIV2K,0864,detail_v1d,<output_root>/detail_v1d/DIV2K/0864/detail.png,<benchmark_root>/div2k/DIV2K_valid_HR/0864.png,<benchmark_root>/div2k/DIV2K_valid_LR_bicubic/X4/0864x4.png,31.12898217335475,0.8084111115784535,29.84782042113951
DIV2K,0864,refiner_v2,<output_root>/refiner_v2/DIV2K/0864/refined.png,<benchmark_root>/div2k/DIV2K_valid_HR/0864.png,<benchmark_root>/div2k/DIV2K_valid_LR_bicubic/X4/0864x4.png,30.763023524781282,0.8011209704472183,29.457016176365364
DIV2K,0864,RealESRNet_x4plus,<output_root>/realesrgan/DIV2K/0864/RealESRNet_x4plus.png,<benchmark_root>/div2k/DIV2K_valid_HR/0864.png,<benchmark_root>/div2k/DIV2K_valid_LR_bicubic/X4/0864x4.png,30.283194746739007,0.7917495986174832,28.937118200903633
DIV2K,0864,RealESRGAN_x4plus,<output_root>/realesrgan/DIV2K/0864/RealESRGAN_x4plus.png,<benchmark_root>/div2k/DIV2K_valid_HR/0864.png,<benchmark_root>/div2k/DIV2K_valid_LR_bicubic/X4/0864x4.png,26.965706105658374,0.6749126955350849,25.58474641258137
DIV2K,0864,SwinIR_classical_x4,<swinir_results_root>/swinir_classical_sr_x4/0864_SwinIR.png,<benchmark_root>/div2k/DIV2K_valid_HR/0864.png,<benchmark_root>/div2k/DIV2K_valid_LR_bicubic/X4/0864x4.png,31.57726242991775,0.8192415240140289,30.307752483646496
DIV2K,0865,bicubic,generated:matlab_bicubic_resize,<benchmark_root>/div2k/DIV2K_valid_HR/0865.png,<benchmark_root>/div2k/DIV2K_valid_LR_bicubic/X4/0865x4.png,27.6874818194118,0.7397082633258846,26.311970394584314
DIV2K,0865,detail_base,<output_root>/detail_v1d/DIV2K/0865/base.png,<benchmark_root>/div2k/DIV2K_valid_HR/0865.png,<benchmark_root>/div2k/DIV2K_valid_LR_bicubic/X4/0865x4.png,28.53572534187718,0.7796081579271954,27.159258075340556
DIV2K,0865,detail_v1d,<output_root>/detail_v1d/DIV2K/0865/detail.png,<benchmark_root>/div2k/DIV2K_valid_HR/0865.png,<benchmark_root>/div2k/DIV2K_valid_LR_bicubic/X4/0865x4.png,28.637431720132867,0.7836813760617882,27.264090036402354
DIV2K,0865,refiner_v2,<output_root>/refiner_v2/DIV2K/0865/refined.png,<benchmark_root>/div2k/DIV2K_valid_HR/0865.png,<benchmark_root>/div2k/DIV2K_valid_LR_bicubic/X4/0865x4.png,28.387751988916925,0.776555146522659,27.007245411513104
DIV2K,0865,RealESRNet_x4plus,<output_root>/realesrgan/DIV2K/0865/RealESRNet_x4plus.png,<benchmark_root>/div2k/DIV2K_valid_HR/0865.png,<benchmark_root>/div2k/DIV2K_valid_LR_bicubic/X4/0865x4.png,28.06506881255466,0.7699510018906937,26.625638596315213
DIV2K,0865,RealESRGAN_x4plus,<output_root>/realesrgan/DIV2K/0865/RealESRGAN_x4plus.png,<benchmark_root>/div2k/DIV2K_valid_HR/0865.png,<benchmark_root>/div2k/DIV2K_valid_LR_bicubic/X4/0865x4.png,25.977533098258604,0.7057436781590003,24.53477114078675
DIV2K,0865,SwinIR_classical_x4,<swinir_results_root>/swinir_classical_sr_x4/0865_SwinIR.png,<benchmark_root>/div2k/DIV2K_valid_HR/0865.png,<benchmark_root>/div2k/DIV2K_valid_LR_bicubic/X4/0865x4.png,28.859478936770103,0.791987514653616,27.496932250913027
DIV2K,0866,bicubic,generated:matlab_bicubic_resize,<benchmark_root>/div2k/DIV2K_valid_HR/0866.png,<benchmark_root>/div2k/DIV2K_valid_LR_bicubic/X4/0866x4.png,25.76912258812304,0.769161545054304,24.348665687586553
DIV2K,0866,detail_base,<output_root>/detail_v1d/DIV2K/0866/base.png,<benchmark_root>/div2k/DIV2K_valid_HR/0866.png,<benchmark_root>/div2k/DIV2K_valid_LR_bicubic/X4/0866x4.png,26.246787228499493,0.806860843376588,24.819043582152634
DIV2K,0866,detail_v1d,<output_root>/detail_v1d/DIV2K/0866/detail.png,<benchmark_root>/div2k/DIV2K_valid_HR/0866.png,<benchmark_root>/div2k/DIV2K_valid_LR_bicubic/X4/0866x4.png,26.318005348755147,0.8099059523774105,24.896135224048223
DIV2K,0866,refiner_v2,<output_root>/refiner_v2/DIV2K/0866/refined.png,<benchmark_root>/div2k/DIV2K_valid_HR/0866.png,<benchmark_root>/div2k/DIV2K_valid_LR_bicubic/X4/0866x4.png,26.023743637319207,0.7990986852125105,24.592607781659307
DIV2K,0866,RealESRNet_x4plus,<output_root>/realesrgan/DIV2K/0866/RealESRNet_x4plus.png,<benchmark_root>/div2k/DIV2K_valid_HR/0866.png,<benchmark_root>/div2k/DIV2K_valid_LR_bicubic/X4/0866x4.png,25.534758780126644,0.7751523284761042,23.92711282359884
DIV2K,0866,RealESRGAN_x4plus,<output_root>/realesrgan/DIV2K/0866/RealESRGAN_x4plus.png,<benchmark_root>/div2k/DIV2K_valid_HR/0866.png,<benchmark_root>/div2k/DIV2K_valid_LR_bicubic/X4/0866x4.png,23.358202914641595,0.697036703452915,21.773311629293396
DIV2K,0866,SwinIR_classical_x4,<swinir_results_root>/swinir_classical_sr_x4/0866_SwinIR.png,<benchmark_root>/div2k/DIV2K_valid_HR/0866.png,<benchmark_root>/div2k/DIV2K_valid_LR_bicubic/X4/0866x4.png,26.819834236923104,0.8316732099796105,25.406382843900385
DIV2K,0867,bicubic,generated:matlab_bicubic_resize,<benchmark_root>/div2k/DIV2K_valid_HR/0867.png,<benchmark_root>/div2k/DIV2K_valid_LR_bicubic/X4/0867x4.png,27.15107167706242,0.7773868122837911,26.09706260241024
DIV2K,0867,detail_base,<output_root>/detail_v1d/DIV2K/0867/base.png,<benchmark_root>/div2k/DIV2K_valid_HR/0867.png,<benchmark_root>/div2k/DIV2K_valid_LR_bicubic/X4/0867x4.png,28.922290902471733,0.8602328303692998,27.77101705470215
DIV2K,0867,detail_v1d,<output_root>/detail_v1d/DIV2K/0867/detail.png,<benchmark_root>/div2k/DIV2K_valid_HR/0867.png,<benchmark_root>/div2k/DIV2K_valid_LR_bicubic/X4/0867x4.png,29.097821728251883,0.8691195160519408,27.964753378686943
DIV2K,0867,refiner_v2,<output_root>/refiner_v2/DIV2K/0867/refined.png,<benchmark_root>/div2k/DIV2K_valid_HR/0867.png,<benchmark_root>/div2k/DIV2K_valid_LR_bicubic/X4/0867x4.png,28.50805287881832,0.8501526827927726,27.32797929928276
DIV2K,0867,RealESRNet_x4plus,<output_root>/realesrgan/DIV2K/0867/RealESRNet_x4plus.png,<benchmark_root>/div2k/DIV2K_valid_HR/0867.png,<benchmark_root>/div2k/DIV2K_valid_LR_bicubic/X4/0867x4.png,27.87542157800088,0.8390631454909445,25.988177209772804
DIV2K,0867,RealESRGAN_x4plus,<output_root>/realesrgan/DIV2K/0867/RealESRGAN_x4plus.png,<benchmark_root>/div2k/DIV2K_valid_HR/0867.png,<benchmark_root>/div2k/DIV2K_valid_LR_bicubic/X4/0867x4.png,24.59589531969528,0.7598355168075775,22.854765891818722
DIV2K,0867,SwinIR_classical_x4,<swinir_results_root>/swinir_classical_sr_x4/0867_SwinIR.png,<benchmark_root>/div2k/DIV2K_valid_HR/0867.png,<benchmark_root>/div2k/DIV2K_valid_LR_bicubic/X4/0867x4.png,30.386858991862894,0.8906537937151048,29.30012493881449
DIV2K,0868,bicubic,generated:matlab_bicubic_resize,<benchmark_root>/div2k/DIV2K_valid_HR/0868.png,<benchmark_root>/div2k/DIV2K_valid_LR_bicubic/X4/0868x4.png,30.902370410302744,0.9379222150106817,29.55224204564073
DIV2K,0868,detail_base,<output_root>/detail_v1d/DIV2K/0868/base.png,<benchmark_root>/div2k/DIV2K_valid_HR/0868.png,<benchmark_root>/div2k/DIV2K_valid_LR_bicubic/X4/0868x4.png,33.560117826747,0.9601567673830756,32.274355047833964
DIV2K,0868,detail_v1d,<output_root>/detail_v1d/DIV2K/0868/detail.png,<benchmark_root>/div2k/DIV2K_valid_HR/0868.png,<benchmark_root>/div2k/DIV2K_valid_LR_bicubic/X4/0868x4.png,33.82079146506781,0.96225649046653,32.54431117808338
DIV2K,0868,refiner_v2,<output_root>/refiner_v2/DIV2K/0868/refined.png,<benchmark_root>/div2k/DIV2K_valid_HR/0868.png,<benchmark_root>/div2k/DIV2K_valid_LR_bicubic/X4/0868x4.png,26.56368392690286,0.9521320704138612,25.098906868408672
DIV2K,0868,RealESRNet_x4plus,<output_root>/realesrgan/DIV2K/0868/RealESRNet_x4plus.png,<benchmark_root>/div2k/DIV2K_valid_HR/0868.png,<benchmark_root>/div2k/DIV2K_valid_LR_bicubic/X4/0868x4.png,32.349291710150965,0.9546425650189672,30.7101663655218
DIV2K,0868,RealESRGAN_x4plus,<output_root>/realesrgan/DIV2K/0868/RealESRGAN_x4plus.png,<benchmark_root>/div2k/DIV2K_valid_HR/0868.png,<benchmark_root>/div2k/DIV2K_valid_LR_bicubic/X4/0868x4.png,31.030314554185814,0.9464551969087206,29.36412922981325
DIV2K,0868,SwinIR_classical_x4,<swinir_results_root>/swinir_classical_sr_x4/0868_SwinIR.png,<benchmark_root>/div2k/DIV2K_valid_HR/0868.png,<benchmark_root>/div2k/DIV2K_valid_LR_bicubic/X4/0868x4.png,34.705509387380324,0.9664601850018215,33.46896100396422
DIV2K,0869,bicubic,generated:matlab_bicubic_resize,<benchmark_root>/div2k/DIV2K_valid_HR/0869.png,<benchmark_root>/div2k/DIV2K_valid_LR_bicubic/X4/0869x4.png,24.09092863645175,0.7497491566697656,22.72169306335448
DIV2K,0869,detail_base,<output_root>/detail_v1d/DIV2K/0869/base.png,<benchmark_root>/div2k/DIV2K_valid_HR/0869.png,<benchmark_root>/div2k/DIV2K_valid_LR_bicubic/X4/0869x4.png,24.92632603048762,0.8021016475208339,23.561122968687386
DIV2K,0869,detail_v1d,<output_root>/detail_v1d/DIV2K/0869/detail.png,<benchmark_root>/div2k/DIV2K_valid_HR/0869.png,<benchmark_root>/div2k/DIV2K_valid_LR_bicubic/X4/0869x4.png,25.000611916403287,0.8053013720978985,23.636727086934876
DIV2K,0869,refiner_v2,<output_root>/refiner_v2/DIV2K/0869/refined.png,<benchmark_root>/div2k/DIV2K_valid_HR/0869.png,<benchmark_root>/div2k/DIV2K_valid_LR_bicubic/X4/0869x4.png,24.779074254703207,0.7950697118628689,23.411830773347262
DIV2K,0869,RealESRNet_x4plus,<output_root>/realesrgan/DIV2K/0869/RealESRNet_x4plus.png,<benchmark_root>/div2k/DIV2K_valid_HR/0869.png,<benchmark_root>/div2k/DIV2K_valid_LR_bicubic/X4/0869x4.png,23.695336527778274,0.7703603803867777,22.282438266340954
DIV2K,0869,RealESRGAN_x4plus,<output_root>/realesrgan/DIV2K/0869/RealESRGAN_x4plus.png,<benchmark_root>/div2k/DIV2K_valid_HR/0869.png,<benchmark_root>/div2k/DIV2K_valid_LR_bicubic/X4/0869x4.png,21.00553758504016,0.6476692358199172,19.64580916079125
DIV2K,0869,SwinIR_classical_x4,<swinir_results_root>/swinir_classical_sr_x4/0869_SwinIR.png,<benchmark_root>/div2k/DIV2K_valid_HR/0869.png,<benchmark_root>/div2k/DIV2K_valid_LR_bicubic/X4/0869x4.png,25.405139721145794,0.8208003793922662,24.04526517939727
DIV2K,0870,bicubic,generated:matlab_bicubic_resize,<benchmark_root>/div2k/DIV2K_valid_HR/0870.png,<benchmark_root>/div2k/DIV2K_valid_LR_bicubic/X4/0870x4.png,28.262181647547475,0.8051200396988059,26.950020765616884
DIV2K,0870,detail_base,<output_root>/detail_v1d/DIV2K/0870/base.png,<benchmark_root>/div2k/DIV2K_valid_HR/0870.png,<benchmark_root>/div2k/DIV2K_valid_LR_bicubic/X4/0870x4.png,29.677461759544478,0.8582786467152519,28.31154170790032
DIV2K,0870,detail_v1d,<output_root>/detail_v1d/DIV2K/0870/detail.png,<benchmark_root>/div2k/DIV2K_valid_HR/0870.png,<benchmark_root>/div2k/DIV2K_valid_LR_bicubic/X4/0870x4.png,29.75859799587495,0.8619047698129083,28.397498005310485
DIV2K,0870,refiner_v2,<output_root>/refiner_v2/DIV2K/0870/refined.png,<benchmark_root>/div2k/DIV2K_valid_HR/0870.png,<benchmark_root>/div2k/DIV2K_valid_LR_bicubic/X4/0870x4.png,29.276820975582034,0.8535878084543566,27.891557172622914
DIV2K,0870,RealESRNet_x4plus,<output_root>/realesrgan/DIV2K/0870/RealESRNet_x4plus.png,<benchmark_root>/div2k/DIV2K_valid_HR/0870.png,<benchmark_root>/div2k/DIV2K_valid_LR_bicubic/X4/0870x4.png,27.84224381772249,0.830969033323784,25.95099160987076
DIV2K,0870,RealESRGAN_x4plus,<output_root>/realesrgan/DIV2K/0870/RealESRGAN_x4plus.png,<benchmark_root>/div2k/DIV2K_valid_HR/0870.png,<benchmark_root>/div2k/DIV2K_valid_LR_bicubic/X4/0870x4.png,24.120710047861508,0.7230024415718448,22.375397845360077
DIV2K,0870,SwinIR_classical_x4,<swinir_results_root>/swinir_classical_sr_x4/0870_SwinIR.png,<benchmark_root>/div2k/DIV2K_valid_HR/0870.png,<benchmark_root>/div2k/DIV2K_valid_LR_bicubic/X4/0870x4.png,30.404805111227134,0.8733739735485377,29.03787878599371
DIV2K,0871,bicubic,generated:matlab_bicubic_resize,<benchmark_root>/div2k/DIV2K_valid_HR/0871.png,<benchmark_root>/div2k/DIV2K_valid_LR_bicubic/X4/0871x4.png,30.950863219785376,0.86500006512986,29.41408743258254
DIV2K,0871,detail_base,<output_root>/detail_v1d/DIV2K/0871/base.png,<benchmark_root>/div2k/DIV2K_valid_HR/0871.png,<benchmark_root>/div2k/DIV2K_valid_LR_bicubic/X4/0871x4.png,32.98192402516768,0.9108316947593329,31.365210324093308
DIV2K,0871,detail_v1d,<output_root>/detail_v1d/DIV2K/0871/detail.png,<benchmark_root>/div2k/DIV2K_valid_HR/0871.png,<benchmark_root>/div2k/DIV2K_valid_LR_bicubic/X4/0871x4.png,33.1501407876751,0.9151651157410634,31.57088240868141
DIV2K,0871,refiner_v2,<output_root>/refiner_v2/DIV2K/0871/refined.png,<benchmark_root>/div2k/DIV2K_valid_HR/0871.png,<benchmark_root>/div2k/DIV2K_valid_LR_bicubic/X4/0871x4.png,31.585095840290435,0.9031013309833292,30.01282493325177
DIV2K,0871,RealESRNet_x4plus,<output_root>/realesrgan/DIV2K/0871/RealESRNet_x4plus.png,<benchmark_root>/div2k/DIV2K_valid_HR/0871.png,<benchmark_root>/div2k/DIV2K_valid_LR_bicubic/X4/0871x4.png,31.104961112794626,0.8894628512416177,28.75410302910818
DIV2K,0871,RealESRGAN_x4plus,<output_root>/realesrgan/DIV2K/0871/RealESRGAN_x4plus.png,<benchmark_root>/div2k/DIV2K_valid_HR/0871.png,<benchmark_root>/div2k/DIV2K_valid_LR_bicubic/X4/0871x4.png,28.62654994933489,0.8375749432031818,26.457483173793577
DIV2K,0871,SwinIR_classical_x4,<swinir_results_root>/swinir_classical_sr_x4/0871_SwinIR.png,<benchmark_root>/div2k/DIV2K_valid_HR/0871.png,<benchmark_root>/div2k/DIV2K_valid_LR_bicubic/X4/0871x4.png,34.467075239833534,0.9257072298899671,32.89099924439746
DIV2K,0872,bicubic,generated:matlab_bicubic_resize,<benchmark_root>/div2k/DIV2K_valid_HR/0872.png,<benchmark_root>/div2k/DIV2K_valid_LR_bicubic/X4/0872x4.png,23.691701290838886,0.6277498254749015,22.43637353595485
DIV2K,0872,detail_base,<output_root>/detail_v1d/DIV2K/0872/base.png,<benchmark_root>/div2k/DIV2K_valid_HR/0872.png,<benchmark_root>/div2k/DIV2K_valid_LR_bicubic/X4/0872x4.png,25.032456482166637,0.6998044445619922,23.749667485538097
DIV2K,0872,detail_v1d,<output_root>/detail_v1d/DIV2K/0872/detail.png,<benchmark_root>/div2k/DIV2K_valid_HR/0872.png,<benchmark_root>/div2k/DIV2K_valid_LR_bicubic/X4/0872x4.png,25.130576084420788,0.7061405794894875,23.850777582774782
DIV2K,0872,refiner_v2,<output_root>/refiner_v2/DIV2K/0872/refined.png,<benchmark_root>/div2k/DIV2K_valid_HR/0872.png,<benchmark_root>/div2k/DIV2K_valid_LR_bicubic/X4/0872x4.png,24.855883983124215,0.6935292460681655,23.57650561830336
DIV2K,0872,RealESRNet_x4plus,<output_root>/realesrgan/DIV2K/0872/RealESRNet_x4plus.png,<benchmark_root>/div2k/DIV2K_valid_HR/0872.png,<benchmark_root>/div2k/DIV2K_valid_LR_bicubic/X4/0872x4.png,24.532958732659907,0.6792553826587342,23.04748845520613
DIV2K,0872,RealESRGAN_x4plus,<output_root>/realesrgan/DIV2K/0872/RealESRGAN_x4plus.png,<benchmark_root>/div2k/DIV2K_valid_HR/0872.png,<benchmark_root>/div2k/DIV2K_valid_LR_bicubic/X4/0872x4.png,23.464800030116155,0.6294839959338748,21.973360814453514
DIV2K,0872,SwinIR_classical_x4,<swinir_results_root>/swinir_classical_sr_x4/0872_SwinIR.png,<benchmark_root>/div2k/DIV2K_valid_HR/0872.png,<benchmark_root>/div2k/DIV2K_valid_LR_bicubic/X4/0872x4.png,25.64641246557099,0.7349612849423781,24.365025431033942
DIV2K,0873,bicubic,generated:matlab_bicubic_resize,<benchmark_root>/div2k/DIV2K_valid_HR/0873.png,<benchmark_root>/div2k/DIV2K_valid_LR_bicubic/X4/0873x4.png,24.000094384905452,0.6670170096796554,22.676219820751196
DIV2K,0873,detail_base,<output_root>/detail_v1d/DIV2K/0873/base.png,<benchmark_root>/div2k/DIV2K_valid_HR/0873.png,<benchmark_root>/div2k/DIV2K_valid_LR_bicubic/X4/0873x4.png,25.140301971832535,0.7363044874675527,23.802441450366448
DIV2K,0873,detail_v1d,<output_root>/detail_v1d/DIV2K/0873/detail.png,<benchmark_root>/div2k/DIV2K_valid_HR/0873.png,<benchmark_root>/div2k/DIV2K_valid_LR_bicubic/X4/0873x4.png,25.354367818290964,0.7488685510145815,24.015073027262623
DIV2K,0873,refiner_v2,<output_root>/refiner_v2/DIV2K/0873/refined.png,<benchmark_root>/div2k/DIV2K_valid_HR/0873.png,<benchmark_root>/div2k/DIV2K_valid_LR_bicubic/X4/0873x4.png,24.93681088443053,0.7261073551102822,23.597562028337755
DIV2K,0873,RealESRNet_x4plus,<output_root>/realesrgan/DIV2K/0873/RealESRNet_x4plus.png,<benchmark_root>/div2k/DIV2K_valid_HR/0873.png,<benchmark_root>/div2k/DIV2K_valid_LR_bicubic/X4/0873x4.png,24.709136253182017,0.7153082169225925,23.145737449519252
DIV2K,0873,RealESRGAN_x4plus,<output_root>/realesrgan/DIV2K/0873/RealESRGAN_x4plus.png,<benchmark_root>/div2k/DIV2K_valid_HR/0873.png,<benchmark_root>/div2k/DIV2K_valid_LR_bicubic/X4/0873x4.png,23.416530819746377,0.6632122539483892,21.81465773474371
DIV2K,0873,SwinIR_classical_x4,<swinir_results_root>/swinir_classical_sr_x4/0873_SwinIR.png,<benchmark_root>/div2k/DIV2K_valid_HR/0873.png,<benchmark_root>/div2k/DIV2K_valid_LR_bicubic/X4/0873x4.png,26.046156603285624,0.7870307650643538,24.70748279170937
DIV2K,0874,bicubic,generated:matlab_bicubic_resize,<benchmark_root>/div2k/DIV2K_valid_HR/0874.png,<benchmark_root>/div2k/DIV2K_valid_LR_bicubic/X4/0874x4.png,29.589149963150767,0.7601703899590856,28.199253170565896
DIV2K,0874,detail_base,<output_root>/detail_v1d/DIV2K/0874/base.png,<benchmark_root>/div2k/DIV2K_valid_HR/0874.png,<benchmark_root>/div2k/DIV2K_valid_LR_bicubic/X4/0874x4.png,31.21798097513651,0.811864247381186,29.794931748133987
DIV2K,0874,detail_v1d,<output_root>/detail_v1d/DIV2K/0874/detail.png,<benchmark_root>/div2k/DIV2K_valid_HR/0874.png,<benchmark_root>/div2k/DIV2K_valid_LR_bicubic/X4/0874x4.png,31.324937107186113,0.8156097961829103,29.908228683805042
DIV2K,0874,refiner_v2,<output_root>/refiner_v2/DIV2K/0874/refined.png,<benchmark_root>/div2k/DIV2K_valid_HR/0874.png,<benchmark_root>/div2k/DIV2K_valid_LR_bicubic/X4/0874x4.png,31.018990042204983,0.8078712241870203,29.58591462901293
DIV2K,0874,RealESRNet_x4plus,<output_root>/realesrgan/DIV2K/0874/RealESRNet_x4plus.png,<benchmark_root>/div2k/DIV2K_valid_HR/0874.png,<benchmark_root>/div2k/DIV2K_valid_LR_bicubic/X4/0874x4.png,30.686319612151422,0.7965846234132616,29.200585988287877
DIV2K,0874,RealESRGAN_x4plus,<output_root>/realesrgan/DIV2K/0874/RealESRGAN_x4plus.png,<benchmark_root>/div2k/DIV2K_valid_HR/0874.png,<benchmark_root>/div2k/DIV2K_valid_LR_bicubic/X4/0874x4.png,28.942094521922876,0.7414207647348751,27.421831154515658
DIV2K,0874,SwinIR_classical_x4,<swinir_results_root>/swinir_classical_sr_x4/0874_SwinIR.png,<benchmark_root>/div2k/DIV2K_valid_HR/0874.png,<benchmark_root>/div2k/DIV2K_valid_LR_bicubic/X4/0874x4.png,31.96624193160497,0.8300055856937457,30.556877300455234
DIV2K,0875,bicubic,generated:matlab_bicubic_resize,<benchmark_root>/div2k/DIV2K_valid_HR/0875.png,<benchmark_root>/div2k/DIV2K_valid_LR_bicubic/X4/0875x4.png,23.66745196078936,0.5733736480813545,22.420361583855776
DIV2K,0875,detail_base,<output_root>/detail_v1d/DIV2K/0875/base.png,<benchmark_root>/div2k/DIV2K_valid_HR/0875.png,<benchmark_root>/div2k/DIV2K_valid_LR_bicubic/X4/0875x4.png,25.534890728581882,0.6842444497486685,24.244312698304668
DIV2K,0875,detail_v1d,<output_root>/detail_v1d/DIV2K/0875/detail.png,<benchmark_root>/div2k/DIV2K_valid_HR/0875.png,<benchmark_root>/div2k/DIV2K_valid_LR_bicubic/X4/0875x4.png,25.652837962229004,0.6917280833217461,24.36023585849246
DIV2K,0875,refiner_v2,<output_root>/refiner_v2/DIV2K/0875/refined.png,<benchmark_root>/div2k/DIV2K_valid_HR/0875.png,<benchmark_root>/div2k/DIV2K_valid_LR_bicubic/X4/0875x4.png,25.314613281527436,0.6767951050595046,24.02126565701598
DIV2K,0875,RealESRNet_x4plus,<output_root>/realesrgan/DIV2K/0875/RealESRNet_x4plus.png,<benchmark_root>/div2k/DIV2K_valid_HR/0875.png,<benchmark_root>/div2k/DIV2K_valid_LR_bicubic/X4/0875x4.png,24.92900555986534,0.6485312319352161,23.361785506610264
DIV2K,0875,RealESRGAN_x4plus,<output_root>/realesrgan/DIV2K/0875/RealESRGAN_x4plus.png,<benchmark_root>/div2k/DIV2K_valid_HR/0875.png,<benchmark_root>/div2k/DIV2K_valid_LR_bicubic/X4/0875x4.png,23.353097968523116,0.5860939445435942,21.85240556079064
DIV2K,0875,SwinIR_classical_x4,<swinir_results_root>/swinir_classical_sr_x4/0875_SwinIR.png,<benchmark_root>/div2k/DIV2K_valid_HR/0875.png,<benchmark_root>/div2k/DIV2K_valid_LR_bicubic/X4/0875x4.png,25.970739551479074,0.7125224647358618,24.691841624190886
DIV2K,0876,bicubic,generated:matlab_bicubic_resize,<benchmark_root>/div2k/DIV2K_valid_HR/0876.png,<benchmark_root>/div2k/DIV2K_valid_LR_bicubic/X4/0876x4.png,22.535149011766755,0.5117065522501167,21.43399919375785
DIV2K,0876,detail_base,<output_root>/detail_v1d/DIV2K/0876/base.png,<benchmark_root>/div2k/DIV2K_valid_HR/0876.png,<benchmark_root>/div2k/DIV2K_valid_LR_bicubic/X4/0876x4.png,23.06745914699967,0.5910434641850613,21.964081886893556
DIV2K,0876,detail_v1d,<output_root>/detail_v1d/DIV2K/0876/detail.png,<benchmark_root>/div2k/DIV2K_valid_HR/0876.png,<benchmark_root>/div2k/DIV2K_valid_LR_bicubic/X4/0876x4.png,23.14811633388199,0.5972051708590018,22.048539079402403
DIV2K,0876,refiner_v2,<output_root>/refiner_v2/DIV2K/0876/refined.png,<benchmark_root>/div2k/DIV2K_valid_HR/0876.png,<benchmark_root>/div2k/DIV2K_valid_LR_bicubic/X4/0876x4.png,23.014954413783578,0.5805242337448672,21.916396794139104
DIV2K,0876,RealESRNet_x4plus,<output_root>/realesrgan/DIV2K/0876/RealESRNet_x4plus.png,<benchmark_root>/div2k/DIV2K_valid_HR/0876.png,<benchmark_root>/div2k/DIV2K_valid_LR_bicubic/X4/0876x4.png,22.781262913136967,0.5570921058920578,21.57509028166431
DIV2K,0876,RealESRGAN_x4plus,<output_root>/realesrgan/DIV2K/0876/RealESRGAN_x4plus.png,<benchmark_root>/div2k/DIV2K_valid_HR/0876.png,<benchmark_root>/div2k/DIV2K_valid_LR_bicubic/X4/0876x4.png,20.24212577719085,0.4805665911858126,19.04350435539771
DIV2K,0876,SwinIR_classical_x4,<swinir_results_root>/swinir_classical_sr_x4/0876_SwinIR.png,<benchmark_root>/div2k/DIV2K_valid_HR/0876.png,<benchmark_root>/div2k/DIV2K_valid_LR_bicubic/X4/0876x4.png,23.518906204137803,0.6358974254239876,22.424924943805852
DIV2K,0877,bicubic,generated:matlab_bicubic_resize,<benchmark_root>/div2k/DIV2K_valid_HR/0877.png,<benchmark_root>/div2k/DIV2K_valid_LR_bicubic/X4/0877x4.png,36.90720316722345,0.9512193034062388,35.44206235873748
DIV2K,0877,detail_base,<output_root>/detail_v1d/DIV2K/0877/base.png,<benchmark_root>/div2k/DIV2K_valid_HR/0877.png,<benchmark_root>/div2k/DIV2K_valid_LR_bicubic/X4/0877x4.png,40.91869224486967,0.9738487132498231,39.20597385747671
DIV2K,0877,detail_v1d,<output_root>/detail_v1d/DIV2K/0877/detail.png,<benchmark_root>/div2k/DIV2K_valid_HR/0877.png,<benchmark_root>/div2k/DIV2K_valid_LR_bicubic/X4/0877x4.png,41.3623923507009,0.9762576539928525,39.606011183794536
DIV2K,0877,refiner_v2,<output_root>/refiner_v2/DIV2K/0877/refined.png,<benchmark_root>/div2k/DIV2K_valid_HR/0877.png,<benchmark_root>/div2k/DIV2K_valid_LR_bicubic/X4/0877x4.png,23.36141187763035,0.8645924084066198,21.73620885480847
DIV2K,0877,RealESRNet_x4plus,<output_root>/realesrgan/DIV2K/0877/RealESRNet_x4plus.png,<benchmark_root>/div2k/DIV2K_valid_HR/0877.png,<benchmark_root>/div2k/DIV2K_valid_LR_bicubic/X4/0877x4.png,38.49071628777085,0.9647545714143315,35.925299124338046
DIV2K,0877,RealESRGAN_x4plus,<output_root>/realesrgan/DIV2K/0877/RealESRGAN_x4plus.png,<benchmark_root>/div2k/DIV2K_valid_HR/0877.png,<benchmark_root>/div2k/DIV2K_valid_LR_bicubic/X4/0877x4.png,35.95923842842318,0.9499074769614572,33.42050734700627
DIV2K,0877,SwinIR_classical_x4,<swinir_results_root>/swinir_classical_sr_x4/0877_SwinIR.png,<benchmark_root>/div2k/DIV2K_valid_HR/0877.png,<benchmark_root>/div2k/DIV2K_valid_LR_bicubic/X4/0877x4.png,42.69516430385387,0.9791807099166487,41.01970028509753
DIV2K,0878,bicubic,generated:matlab_bicubic_resize,<benchmark_root>/div2k/DIV2K_valid_HR/0878.png,<benchmark_root>/div2k/DIV2K_valid_LR_bicubic/X4/0878x4.png,30.31253975870529,0.855330205362406,28.823349851422876
DIV2K,0878,detail_base,<output_root>/detail_v1d/DIV2K/0878/base.png,<benchmark_root>/div2k/DIV2K_valid_HR/0878.png,<benchmark_root>/div2k/DIV2K_valid_LR_bicubic/X4/0878x4.png,33.47838074979811,0.9079553641051096,31.90446884517445
DIV2K,0878,detail_v1d,<output_root>/detail_v1d/DIV2K/0878/detail.png,<benchmark_root>/div2k/DIV2K_valid_HR/0878.png,<benchmark_root>/div2k/DIV2K_valid_LR_bicubic/X4/0878x4.png,33.70999773396753,0.9115157898987397,32.137028023848885
DIV2K,0878,refiner_v2,<output_root>/refiner_v2/DIV2K/0878/refined.png,<benchmark_root>/div2k/DIV2K_valid_HR/0878.png,<benchmark_root>/div2k/DIV2K_valid_LR_bicubic/X4/0878x4.png,32.97340765430144,0.9032665952720706,31.38093687176008
DIV2K,0878,RealESRNet_x4plus,<output_root>/realesrgan/DIV2K/0878/RealESRNet_x4plus.png,<benchmark_root>/div2k/DIV2K_valid_HR/0878.png,<benchmark_root>/div2k/DIV2K_valid_LR_bicubic/X4/0878x4.png,32.03352765778758,0.8937322793829735,30.273099535930058
DIV2K,0878,RealESRGAN_x4plus,<output_root>/realesrgan/DIV2K/0878/RealESRGAN_x4plus.png,<benchmark_root>/div2k/DIV2K_valid_HR/0878.png,<benchmark_root>/div2k/DIV2K_valid_LR_bicubic/X4/0878x4.png,30.0857124627018,0.854206651144256,28.448954478060998
DIV2K,0878,SwinIR_classical_x4,<swinir_results_root>/swinir_classical_sr_x4/0878_SwinIR.png,<benchmark_root>/div2k/DIV2K_valid_HR/0878.png,<benchmark_root>/div2k/DIV2K_valid_LR_bicubic/X4/0878x4.png,34.273744235679644,0.9180348148587302,32.7042068691503
DIV2K,0879,bicubic,generated:matlab_bicubic_resize,<benchmark_root>/div2k/DIV2K_valid_HR/0879.png,<benchmark_root>/div2k/DIV2K_valid_LR_bicubic/X4/0879x4.png,26.7570462254599,0.8253695962763796,25.416341829117442
DIV2K,0879,detail_base,<output_root>/detail_v1d/DIV2K/0879/base.png,<benchmark_root>/div2k/DIV2K_valid_HR/0879.png,<benchmark_root>/div2k/DIV2K_valid_LR_bicubic/X4/0879x4.png,28.38061721450652,0.8744697691219921,27.025437900309996
DIV2K,0879,detail_v1d,<output_root>/detail_v1d/DIV2K/0879/detail.png,<benchmark_root>/div2k/DIV2K_valid_HR/0879.png,<benchmark_root>/div2k/DIV2K_valid_LR_bicubic/X4/0879x4.png,28.601469937685756,0.8806377389643237,27.249745782894998
DIV2K,0879,refiner_v2,<output_root>/refiner_v2/DIV2K/0879/refined.png,<benchmark_root>/div2k/DIV2K_valid_HR/0879.png,<benchmark_root>/div2k/DIV2K_valid_LR_bicubic/X4/0879x4.png,27.19555692460899,0.8626226536285876,25.724465042844376
DIV2K,0879,RealESRNet_x4plus,<output_root>/realesrgan/DIV2K/0879/RealESRNet_x4plus.png,<benchmark_root>/div2k/DIV2K_valid_HR/0879.png,<benchmark_root>/div2k/DIV2K_valid_LR_bicubic/X4/0879x4.png,27.626219476676948,0.8635713328386347,26.089712145027207
DIV2K,0879,RealESRGAN_x4plus,<output_root>/realesrgan/DIV2K/0879/RealESRGAN_x4plus.png,<benchmark_root>/div2k/DIV2K_valid_HR/0879.png,<benchmark_root>/div2k/DIV2K_valid_LR_bicubic/X4/0879x4.png,24.7494840649911,0.8156009940031487,23.27921002748586
DIV2K,0879,SwinIR_classical_x4,<swinir_results_root>/swinir_classical_sr_x4/0879_SwinIR.png,<benchmark_root>/div2k/DIV2K_valid_HR/0879.png,<benchmark_root>/div2k/DIV2K_valid_LR_bicubic/X4/0879x4.png,29.286627419441164,0.8946433227139039,27.947378099424
DIV2K,0880,bicubic,generated:matlab_bicubic_resize,<benchmark_root>/div2k/DIV2K_valid_HR/0880.png,<benchmark_root>/div2k/DIV2K_valid_LR_bicubic/X4/0880x4.png,31.90791769212824,0.8798384678672005,30.548764397967993
DIV2K,0880,detail_base,<output_root>/detail_v1d/DIV2K/0880/base.png,<benchmark_root>/div2k/DIV2K_valid_HR/0880.png,<benchmark_root>/div2k/DIV2K_valid_LR_bicubic/X4/0880x4.png,32.81040680041542,0.9068597278605123,31.41061390095413
DIV2K,0880,detail_v1d,<output_root>/detail_v1d/DIV2K/0880/detail.png,<benchmark_root>/div2k/DIV2K_valid_HR/0880.png,<benchmark_root>/div2k/DIV2K_valid_LR_bicubic/X4/0880x4.png,32.91208472040775,0.90903711894338,31.530312170437583
DIV2K,0880,refiner_v2,<output_root>/refiner_v2/DIV2K/0880/refined.png,<benchmark_root>/div2k/DIV2K_valid_HR/0880.png,<benchmark_root>/div2k/DIV2K_valid_LR_bicubic/X4/0880x4.png,32.304070822958536,0.9050440354623641,30.89978036218991
DIV2K,0880,RealESRNet_x4plus,<output_root>/realesrgan/DIV2K/0880/RealESRNet_x4plus.png,<benchmark_root>/div2k/DIV2K_valid_HR/0880.png,<benchmark_root>/div2k/DIV2K_valid_LR_bicubic/X4/0880x4.png,31.67236577934954,0.898606818613301,30.18287237405827
DIV2K,0880,RealESRGAN_x4plus,<output_root>/realesrgan/DIV2K/0880/RealESRGAN_x4plus.png,<benchmark_root>/div2k/DIV2K_valid_HR/0880.png,<benchmark_root>/div2k/DIV2K_valid_LR_bicubic/X4/0880x4.png,28.032259249477896,0.8314312599263549,26.60114241289802
DIV2K,0880,SwinIR_classical_x4,<swinir_results_root>/swinir_classical_sr_x4/0880_SwinIR.png,<benchmark_root>/div2k/DIV2K_valid_HR/0880.png,<benchmark_root>/div2k/DIV2K_valid_LR_bicubic/X4/0880x4.png,33.885119396577544,0.9175636672537025,32.50688827691548
DIV2K,0881,bicubic,generated:matlab_bicubic_resize,<benchmark_root>/div2k/DIV2K_valid_HR/0881.png,<benchmark_root>/div2k/DIV2K_valid_LR_bicubic/X4/0881x4.png,26.38470257503924,0.7513893630704347,24.953038347429924
DIV2K,0881,detail_base,<output_root>/detail_v1d/DIV2K/0881/base.png,<benchmark_root>/div2k/DIV2K_valid_HR/0881.png,<benchmark_root>/div2k/DIV2K_valid_LR_bicubic/X4/0881x4.png,27.236152844114564,0.7849592039740355,25.796736447126108
DIV2K,0881,detail_v1d,<output_root>/detail_v1d/DIV2K/0881/detail.png,<benchmark_root>/div2k/DIV2K_valid_HR/0881.png,<benchmark_root>/div2k/DIV2K_valid_LR_bicubic/X4/0881x4.png,27.308272545638847,0.7878360799660289,25.87003411278245
DIV2K,0881,refiner_v2,<output_root>/refiner_v2/DIV2K/0881/refined.png,<benchmark_root>/div2k/DIV2K_valid_HR/0881.png,<benchmark_root>/div2k/DIV2K_valid_LR_bicubic/X4/0881x4.png,27.106233885850063,0.7829465369791418,25.664380060382687
DIV2K,0881,RealESRNet_x4plus,<output_root>/realesrgan/DIV2K/0881/RealESRNet_x4plus.png,<benchmark_root>/div2k/DIV2K_valid_HR/0881.png,<benchmark_root>/div2k/DIV2K_valid_LR_bicubic/X4/0881x4.png,27.003581163544304,0.7788901528730634,25.495533565840347
DIV2K,0881,RealESRGAN_x4plus,<output_root>/realesrgan/DIV2K/0881/RealESRGAN_x4plus.png,<benchmark_root>/div2k/DIV2K_valid_HR/0881.png,<benchmark_root>/div2k/DIV2K_valid_LR_bicubic/X4/0881x4.png,24.909118079578477,0.7261204156608054,23.436024409832932
DIV2K,0881,SwinIR_classical_x4,<swinir_results_root>/swinir_classical_sr_x4/0881_SwinIR.png,<benchmark_root>/div2k/DIV2K_valid_HR/0881.png,<benchmark_root>/div2k/DIV2K_valid_LR_bicubic/X4/0881x4.png,27.947776290937234,0.80790313582121,26.518399232409223
DIV2K,0882,bicubic,generated:matlab_bicubic_resize,<benchmark_root>/div2k/DIV2K_valid_HR/0882.png,<benchmark_root>/div2k/DIV2K_valid_LR_bicubic/X4/0882x4.png,32.834659059762096,0.9470841661922387,31.33276990156024
DIV2K,0882,detail_base,<output_root>/detail_v1d/DIV2K/0882/base.png,<benchmark_root>/div2k/DIV2K_valid_HR/0882.png,<benchmark_root>/div2k/DIV2K_valid_LR_bicubic/X4/0882x4.png,34.950531844998714,0.9610015866531862,33.31723064550073
DIV2K,0882,detail_v1d,<output_root>/detail_v1d/DIV2K/0882/detail.png,<benchmark_root>/div2k/DIV2K_valid_HR/0882.png,<benchmark_root>/div2k/DIV2K_valid_LR_bicubic/X4/0882x4.png,35.074138209345705,0.9621868270757494,33.46101953210003
DIV2K,0882,refiner_v2,<output_root>/refiner_v2/DIV2K/0882/refined.png,<benchmark_root>/div2k/DIV2K_valid_HR/0882.png,<benchmark_root>/div2k/DIV2K_valid_LR_bicubic/X4/0882x4.png,33.44759535977191,0.9564837070392438,31.66375521258405
DIV2K,0882,RealESRNet_x4plus,<output_root>/realesrgan/DIV2K/0882/RealESRNet_x4plus.png,<benchmark_root>/div2k/DIV2K_valid_HR/0882.png,<benchmark_root>/div2k/DIV2K_valid_LR_bicubic/X4/0882x4.png,31.162813091229626,0.9457932449505342,29.208189281837814
DIV2K,0882,RealESRGAN_x4plus,<output_root>/realesrgan/DIV2K/0882/RealESRGAN_x4plus.png,<benchmark_root>/div2k/DIV2K_valid_HR/0882.png,<benchmark_root>/div2k/DIV2K_valid_LR_bicubic/X4/0882x4.png,29.495897466148364,0.9268829695400398,27.29870847613167
DIV2K,0882,SwinIR_classical_x4,<swinir_results_root>/swinir_classical_sr_x4/0882_SwinIR.png,<benchmark_root>/div2k/DIV2K_valid_HR/0882.png,<benchmark_root>/div2k/DIV2K_valid_LR_bicubic/X4/0882x4.png,36.0936289822046,0.9646090649259764,34.51260370173404
DIV2K,0883,bicubic,generated:matlab_bicubic_resize,<benchmark_root>/div2k/DIV2K_valid_HR/0883.png,<benchmark_root>/div2k/DIV2K_valid_LR_bicubic/X4/0883x4.png,26.672392283903477,0.699399412656511,24.903360754767967
DIV2K,0883,detail_base,<output_root>/detail_v1d/DIV2K/0883/base.png,<benchmark_root>/div2k/DIV2K_valid_HR/0883.png,<benchmark_root>/div2k/DIV2K_valid_LR_bicubic/X4/0883x4.png,27.687389323328354,0.760661957477297,25.853507870777413
DIV2K,0883,detail_v1d,<output_root>/detail_v1d/DIV2K/0883/detail.png,<benchmark_root>/div2k/DIV2K_valid_HR/0883.png,<benchmark_root>/div2k/DIV2K_valid_LR_bicubic/X4/0883x4.png,27.821828276866864,0.7684647935551675,25.994692927904246
DIV2K,0883,refiner_v2,<output_root>/refiner_v2/DIV2K/0883/refined.png,<benchmark_root>/div2k/DIV2K_valid_HR/0883.png,<benchmark_root>/div2k/DIV2K_valid_LR_bicubic/X4/0883x4.png,27.44202245166433,0.7605739822985855,25.631049396626658
DIV2K,0883,RealESRNet_x4plus,<output_root>/realesrgan/DIV2K/0883/RealESRNet_x4plus.png,<benchmark_root>/div2k/DIV2K_valid_HR/0883.png,<benchmark_root>/div2k/DIV2K_valid_LR_bicubic/X4/0883x4.png,27.000603933575857,0.7279182267496742,24.97719034537553
DIV2K,0883,RealESRGAN_x4plus,<output_root>/realesrgan/DIV2K/0883/RealESRGAN_x4plus.png,<benchmark_root>/div2k/DIV2K_valid_HR/0883.png,<benchmark_root>/div2k/DIV2K_valid_LR_bicubic/X4/0883x4.png,24.03270523943343,0.6149688709512076,22.31538712299774
DIV2K,0883,SwinIR_classical_x4,<swinir_results_root>/swinir_classical_sr_x4/0883_SwinIR.png,<benchmark_root>/div2k/DIV2K_valid_HR/0883.png,<benchmark_root>/div2k/DIV2K_valid_LR_bicubic/X4/0883x4.png,28.63884829832536,0.7973360791006792,26.798606648706613
DIV2K,0884,bicubic,generated:matlab_bicubic_resize,<benchmark_root>/div2k/DIV2K_valid_HR/0884.png,<benchmark_root>/div2k/DIV2K_valid_LR_bicubic/X4/0884x4.png,25.932550617489515,0.6811603228602474,24.1140716375031
DIV2K,0884,detail_base,<output_root>/detail_v1d/DIV2K/0884/base.png,<benchmark_root>/div2k/DIV2K_valid_HR/0884.png,<benchmark_root>/div2k/DIV2K_valid_LR_bicubic/X4/0884x4.png,27.50243288196294,0.7592077699269592,25.579250250758285
DIV2K,0884,detail_v1d,<output_root>/detail_v1d/DIV2K/0884/detail.png,<benchmark_root>/div2k/DIV2K_valid_HR/0884.png,<benchmark_root>/div2k/DIV2K_valid_LR_bicubic/X4/0884x4.png,27.736387705572486,0.7710581642936766,25.801901409491744
DIV2K,0884,refiner_v2,<output_root>/refiner_v2/DIV2K/0884/refined.png,<benchmark_root>/div2k/DIV2K_valid_HR/0884.png,<benchmark_root>/div2k/DIV2K_valid_LR_bicubic/X4/0884x4.png,27.209149938597207,0.7481308727835386,25.308525441013877
DIV2K,0884,RealESRNet_x4plus,<output_root>/realesrgan/DIV2K/0884/RealESRNet_x4plus.png,<benchmark_root>/div2k/DIV2K_valid_HR/0884.png,<benchmark_root>/div2k/DIV2K_valid_LR_bicubic/X4/0884x4.png,26.922961118226546,0.7362518910418333,24.80607074577765
DIV2K,0884,RealESRGAN_x4plus,<output_root>/realesrgan/DIV2K/0884/RealESRGAN_x4plus.png,<benchmark_root>/div2k/DIV2K_valid_HR/0884.png,<benchmark_root>/div2k/DIV2K_valid_LR_bicubic/X4/0884x4.png,24.692293681111245,0.6620938059947592,22.736411325809073
DIV2K,0884,SwinIR_classical_x4,<swinir_results_root>/swinir_classical_sr_x4/0884_SwinIR.png,<benchmark_root>/div2k/DIV2K_valid_HR/0884.png,<benchmark_root>/div2k/DIV2K_valid_LR_bicubic/X4/0884x4.png,28.788030624637344,0.8146454621539357,26.828754979271917
DIV2K,0885,bicubic,generated:matlab_bicubic_resize,<benchmark_root>/div2k/DIV2K_valid_HR/0885.png,<benchmark_root>/div2k/DIV2K_valid_LR_bicubic/X4/0885x4.png,23.23773909763997,0.515336661825981,21.849574732610378
DIV2K,0885,detail_base,<output_root>/detail_v1d/DIV2K/0885/base.png,<benchmark_root>/div2k/DIV2K_valid_HR/0885.png,<benchmark_root>/div2k/DIV2K_valid_LR_bicubic/X4/0885x4.png,23.95679268253851,0.589551855674125,22.56165240025737
DIV2K,0885,detail_v1d,<output_root>/detail_v1d/DIV2K/0885/detail.png,<benchmark_root>/div2k/DIV2K_valid_HR/0885.png,<benchmark_root>/div2k/DIV2K_valid_LR_bicubic/X4/0885x4.png,24.057146752839287,0.5991547705289297,22.66669212907328
DIV2K,0885,refiner_v2,<output_root>/refiner_v2/DIV2K/0885/refined.png,<benchmark_root>/div2k/DIV2K_valid_HR/0885.png,<benchmark_root>/div2k/DIV2K_valid_LR_bicubic/X4/0885x4.png,23.74652473612275,0.5843542922063811,22.334702066603548
DIV2K,0885,RealESRNet_x4plus,<output_root>/realesrgan/DIV2K/0885/RealESRNet_x4plus.png,<benchmark_root>/div2k/DIV2K_valid_HR/0885.png,<benchmark_root>/div2k/DIV2K_valid_LR_bicubic/X4/0885x4.png,23.6751350124728,0.5815848153408529,22.092547225164914
DIV2K,0885,RealESRGAN_x4plus,<output_root>/realesrgan/DIV2K/0885/RealESRGAN_x4plus.png,<benchmark_root>/div2k/DIV2K_valid_HR/0885.png,<benchmark_root>/div2k/DIV2K_valid_LR_bicubic/X4/0885x4.png,22.780553741110126,0.5277641654546598,21.1931576697803
DIV2K,0885,SwinIR_classical_x4,<swinir_results_root>/swinir_classical_sr_x4/0885_SwinIR.png,<benchmark_root>/div2k/DIV2K_valid_HR/0885.png,<benchmark_root>/div2k/DIV2K_valid_LR_bicubic/X4/0885x4.png,24.931769548597728,0.6813976784747582,23.554096408688274
DIV2K,0886,bicubic,generated:matlab_bicubic_resize,<benchmark_root>/div2k/DIV2K_valid_HR/0886.png,<benchmark_root>/div2k/DIV2K_valid_LR_bicubic/X4/0886x4.png,35.324427073198564,0.9233415733806059,33.316461124845056
DIV2K,0886,detail_base,<output_root>/detail_v1d/DIV2K/0886/base.png,<benchmark_root>/div2k/DIV2K_valid_HR/0886.png,<benchmark_root>/div2k/DIV2K_valid_LR_bicubic/X4/0886x4.png,37.746725002691335,0.9362867798168457,35.723073821889926
DIV2K,0886,detail_v1d,<output_root>/detail_v1d/DIV2K/0886/detail.png,<benchmark_root>/div2k/DIV2K_valid_HR/0886.png,<benchmark_root>/div2k/DIV2K_valid_LR_bicubic/X4/0886x4.png,37.92017828511551,0.9376514988850735,35.9343612733393
DIV2K,0886,refiner_v2,<output_root>/refiner_v2/DIV2K/0886/refined.png,<benchmark_root>/div2k/DIV2K_valid_HR/0886.png,<benchmark_root>/div2k/DIV2K_valid_LR_bicubic/X4/0886x4.png,36.30971821100537,0.9333773389206563,34.36828923909522
DIV2K,0886,RealESRNet_x4plus,<output_root>/realesrgan/DIV2K/0886/RealESRNet_x4plus.png,<benchmark_root>/div2k/DIV2K_valid_HR/0886.png,<benchmark_root>/div2k/DIV2K_valid_LR_bicubic/X4/0886x4.png,36.59143039421074,0.9296365435307123,33.014847061996505
DIV2K,0886,RealESRGAN_x4plus,<output_root>/realesrgan/DIV2K/0886/RealESRGAN_x4plus.png,<benchmark_root>/div2k/DIV2K_valid_HR/0886.png,<benchmark_root>/div2k/DIV2K_valid_LR_bicubic/X4/0886x4.png,34.296302323134086,0.9159385028684279,30.92940177699593
DIV2K,0886,SwinIR_classical_x4,<swinir_results_root>/swinir_classical_sr_x4/0886_SwinIR.png,<benchmark_root>/div2k/DIV2K_valid_HR/0886.png,<benchmark_root>/div2k/DIV2K_valid_LR_bicubic/X4/0886x4.png,39.14335125898721,0.9416954330108482,37.286700401168424
DIV2K,0887,bicubic,generated:matlab_bicubic_resize,<benchmark_root>/div2k/DIV2K_valid_HR/0887.png,<benchmark_root>/div2k/DIV2K_valid_LR_bicubic/X4/0887x4.png,24.815082096726954,0.7019525550392715,23.874017592280943
DIV2K,0887,detail_base,<output_root>/detail_v1d/DIV2K/0887/base.png,<benchmark_root>/div2k/DIV2K_valid_HR/0887.png,<benchmark_root>/div2k/DIV2K_valid_LR_bicubic/X4/0887x4.png,25.992706724973928,0.7568425970613923,25.092235175202354
DIV2K,0887,detail_v1d,<output_root>/detail_v1d/DIV2K/0887/detail.png,<benchmark_root>/div2k/DIV2K_valid_HR/0887.png,<benchmark_root>/div2k/DIV2K_valid_LR_bicubic/X4/0887x4.png,26.15254974215647,0.7634734587938741,25.262740623112414
DIV2K,0887,refiner_v2,<output_root>/refiner_v2/DIV2K/0887/refined.png,<benchmark_root>/div2k/DIV2K_valid_HR/0887.png,<benchmark_root>/div2k/DIV2K_valid_LR_bicubic/X4/0887x4.png,25.772818303249757,0.7554619187797887,24.851209040675002
DIV2K,0887,RealESRNet_x4plus,<output_root>/realesrgan/DIV2K/0887/RealESRNet_x4plus.png,<benchmark_root>/div2k/DIV2K_valid_HR/0887.png,<benchmark_root>/div2k/DIV2K_valid_LR_bicubic/X4/0887x4.png,25.525262475508033,0.7381827230474781,24.383778424881257
DIV2K,0887,RealESRGAN_x4plus,<output_root>/realesrgan/DIV2K/0887/RealESRGAN_x4plus.png,<benchmark_root>/div2k/DIV2K_valid_HR/0887.png,<benchmark_root>/div2k/DIV2K_valid_LR_bicubic/X4/0887x4.png,22.940317218015267,0.675670183116237,21.85983470546087
DIV2K,0887,SwinIR_classical_x4,<swinir_results_root>/swinir_classical_sr_x4/0887_SwinIR.png,<benchmark_root>/div2k/DIV2K_valid_HR/0887.png,<benchmark_root>/div2k/DIV2K_valid_LR_bicubic/X4/0887x4.png,26.54105590999642,0.7801759119774845,25.684586512310847
DIV2K,0888,bicubic,generated:matlab_bicubic_resize,<benchmark_root>/div2k/DIV2K_valid_HR/0888.png,<benchmark_root>/div2k/DIV2K_valid_LR_bicubic/X4/0888x4.png,29.05220551841627,0.8447629206197457,27.5604678932014
DIV2K,0888,detail_base,<output_root>/detail_v1d/DIV2K/0888/base.png,<benchmark_root>/div2k/DIV2K_valid_HR/0888.png,<benchmark_root>/div2k/DIV2K_valid_LR_bicubic/X4/0888x4.png,31.696914655586195,0.8950312489465863,30.230142611310914
DIV2K,0888,detail_v1d,<output_root>/detail_v1d/DIV2K/0888/detail.png,<benchmark_root>/div2k/DIV2K_valid_HR/0888.png,<benchmark_root>/div2k/DIV2K_valid_LR_bicubic/X4/0888x4.png,31.936976361823515,0.8993081877741117,30.478809174928017
DIV2K,0888,refiner_v2,<output_root>/refiner_v2/DIV2K/0888/refined.png,<benchmark_root>/div2k/DIV2K_valid_HR/0888.png,<benchmark_root>/div2k/DIV2K_valid_LR_bicubic/X4/0888x4.png,30.930297592123495,0.8873083883873918,29.476551963600564
DIV2K,0888,RealESRNet_x4plus,<output_root>/realesrgan/DIV2K/0888/RealESRNet_x4plus.png,<benchmark_root>/div2k/DIV2K_valid_HR/0888.png,<benchmark_root>/div2k/DIV2K_valid_LR_bicubic/X4/0888x4.png,30.320388759538947,0.8745193520538,28.391080635969526
DIV2K,0888,RealESRGAN_x4plus,<output_root>/realesrgan/DIV2K/0888/RealESRGAN_x4plus.png,<benchmark_root>/div2k/DIV2K_valid_HR/0888.png,<benchmark_root>/div2k/DIV2K_valid_LR_bicubic/X4/0888x4.png,28.61131216998439,0.8408703730906277,26.65415200460266
DIV2K,0888,SwinIR_classical_x4,<swinir_results_root>/swinir_classical_sr_x4/0888_SwinIR.png,<benchmark_root>/div2k/DIV2K_valid_HR/0888.png,<benchmark_root>/div2k/DIV2K_valid_LR_bicubic/X4/0888x4.png,32.716468304260424,0.9096970169185782,31.29989654705216
DIV2K,0889,bicubic,generated:matlab_bicubic_resize,<benchmark_root>/div2k/DIV2K_valid_HR/0889.png,<benchmark_root>/div2k/DIV2K_valid_LR_bicubic/X4/0889x4.png,28.796657415892287,0.8533591721431573,27.22117864814145
DIV2K,0889,detail_base,<output_root>/detail_v1d/DIV2K/0889/base.png,<benchmark_root>/div2k/DIV2K_valid_HR/0889.png,<benchmark_root>/div2k/DIV2K_valid_LR_bicubic/X4/0889x4.png,31.910994751724253,0.9147940459507438,30.262711468710126
DIV2K,0889,detail_v1d,<output_root>/detail_v1d/DIV2K/0889/detail.png,<benchmark_root>/div2k/DIV2K_valid_HR/0889.png,<benchmark_root>/div2k/DIV2K_valid_LR_bicubic/X4/0889x4.png,32.272084959112505,0.9201194094691418,30.622340562306512
DIV2K,0889,refiner_v2,<output_root>/refiner_v2/DIV2K/0889/refined.png,<benchmark_root>/div2k/DIV2K_valid_HR/0889.png,<benchmark_root>/div2k/DIV2K_valid_LR_bicubic/X4/0889x4.png,31.055614379683156,0.9059901474104749,29.400050219895416
DIV2K,0889,RealESRNet_x4plus,<output_root>/realesrgan/DIV2K/0889/RealESRNet_x4plus.png,<benchmark_root>/div2k/DIV2K_valid_HR/0889.png,<benchmark_root>/div2k/DIV2K_valid_LR_bicubic/X4/0889x4.png,30.21276195710284,0.8870874954771948,27.571418442934103
DIV2K,0889,RealESRGAN_x4plus,<output_root>/realesrgan/DIV2K/0889/RealESRGAN_x4plus.png,<benchmark_root>/div2k/DIV2K_valid_HR/0889.png,<benchmark_root>/div2k/DIV2K_valid_LR_bicubic/X4/0889x4.png,27.0155668917327,0.8308989181604453,24.597392475419902
DIV2K,0889,SwinIR_classical_x4,<swinir_results_root>/swinir_classical_sr_x4/0889_SwinIR.png,<benchmark_root>/div2k/DIV2K_valid_HR/0889.png,<benchmark_root>/div2k/DIV2K_valid_LR_bicubic/X4/0889x4.png,33.485209972414644,0.9322363252036994,31.87026044602827
DIV2K,0890,bicubic,generated:matlab_bicubic_resize,<benchmark_root>/div2k/DIV2K_valid_HR/0890.png,<benchmark_root>/div2k/DIV2K_valid_LR_bicubic/X4/0890x4.png,25.899954838004923,0.7074273581750954,24.594596466012938
DIV2K,0890,detail_base,<output_root>/detail_v1d/DIV2K/0890/base.png,<benchmark_root>/div2k/DIV2K_valid_HR/0890.png,<benchmark_root>/div2k/DIV2K_valid_LR_bicubic/X4/0890x4.png,26.463907689861898,0.7515718967270847,25.162111354593513
DIV2K,0890,detail_v1d,<output_root>/detail_v1d/DIV2K/0890/detail.png,<benchmark_root>/div2k/DIV2K_valid_HR/0890.png,<benchmark_root>/div2k/DIV2K_valid_LR_bicubic/X4/0890x4.png,26.546414643526084,0.756063443521144,25.250530868992232
DIV2K,0890,refiner_v2,<output_root>/refiner_v2/DIV2K/0890/refined.png,<benchmark_root>/div2k/DIV2K_valid_HR/0890.png,<benchmark_root>/div2k/DIV2K_valid_LR_bicubic/X4/0890x4.png,26.370370947256696,0.747836571922169,25.061099092600365
DIV2K,0890,RealESRNet_x4plus,<output_root>/realesrgan/DIV2K/0890/RealESRNet_x4plus.png,<benchmark_root>/div2k/DIV2K_valid_HR/0890.png,<benchmark_root>/div2k/DIV2K_valid_LR_bicubic/X4/0890x4.png,26.18753660304162,0.7430561529988151,24.74848742426104
DIV2K,0890,RealESRGAN_x4plus,<output_root>/realesrgan/DIV2K/0890/RealESRGAN_x4plus.png,<benchmark_root>/div2k/DIV2K_valid_HR/0890.png,<benchmark_root>/div2k/DIV2K_valid_LR_bicubic/X4/0890x4.png,24.10996858274217,0.6845831271113432,22.68394233816835
DIV2K,0890,SwinIR_classical_x4,<swinir_results_root>/swinir_classical_sr_x4/0890_SwinIR.png,<benchmark_root>/div2k/DIV2K_valid_HR/0890.png,<benchmark_root>/div2k/DIV2K_valid_LR_bicubic/X4/0890x4.png,26.79343044578736,0.7653923171965209,25.515388942700753
DIV2K,0891,bicubic,generated:matlab_bicubic_resize,<benchmark_root>/div2k/DIV2K_valid_HR/0891.png,<benchmark_root>/div2k/DIV2K_valid_LR_bicubic/X4/0891x4.png,25.104913819513165,0.7275471856761191,23.799262578641958
DIV2K,0891,detail_base,<output_root>/detail_v1d/DIV2K/0891/base.png,<benchmark_root>/div2k/DIV2K_valid_HR/0891.png,<benchmark_root>/div2k/DIV2K_valid_LR_bicubic/X4/0891x4.png,27.801889029055292,0.8353213434666897,26.472480925103135
DIV2K,0891,detail_v1d,<output_root>/detail_v1d/DIV2K/0891/detail.png,<benchmark_root>/div2k/DIV2K_valid_HR/0891.png,<benchmark_root>/div2k/DIV2K_valid_LR_bicubic/X4/0891x4.png,28.226560797557802,0.8489985453286897,26.901402081028763
DIV2K,0891,refiner_v2,<output_root>/refiner_v2/DIV2K/0891/refined.png,<benchmark_root>/div2k/DIV2K_valid_HR/0891.png,<benchmark_root>/div2k/DIV2K_valid_LR_bicubic/X4/0891x4.png,27.19289826059432,0.8195042809576336,25.84522546442991
DIV2K,0891,RealESRNet_x4plus,<output_root>/realesrgan/DIV2K/0891/RealESRNet_x4plus.png,<benchmark_root>/div2k/DIV2K_valid_HR/0891.png,<benchmark_root>/div2k/DIV2K_valid_LR_bicubic/X4/0891x4.png,26.918968889210483,0.8114045024191551,25.17333267882906
DIV2K,0891,RealESRGAN_x4plus,<output_root>/realesrgan/DIV2K/0891/RealESRGAN_x4plus.png,<benchmark_root>/div2k/DIV2K_valid_HR/0891.png,<benchmark_root>/div2k/DIV2K_valid_LR_bicubic/X4/0891x4.png,25.200293746535927,0.769364025494247,23.352365416410798
DIV2K,0891,SwinIR_classical_x4,<swinir_results_root>/swinir_classical_sr_x4/0891_SwinIR.png,<benchmark_root>/div2k/DIV2K_valid_HR/0891.png,<benchmark_root>/div2k/DIV2K_valid_LR_bicubic/X4/0891x4.png,29.28045271039045,0.8721864229289419,28.01687896673009
DIV2K,0892,bicubic,generated:matlab_bicubic_resize,<benchmark_root>/div2k/DIV2K_valid_HR/0892.png,<benchmark_root>/div2k/DIV2K_valid_LR_bicubic/X4/0892x4.png,26.57078744165719,0.8041714754118309,25.29440848248194
DIV2K,0892,detail_base,<output_root>/detail_v1d/DIV2K/0892/base.png,<benchmark_root>/div2k/DIV2K_valid_HR/0892.png,<benchmark_root>/div2k/DIV2K_valid_LR_bicubic/X4/0892x4.png,30.3394109623514,0.9070534388731708,28.971662621947733
DIV2K,0892,detail_v1d,<output_root>/detail_v1d/DIV2K/0892/detail.png,<benchmark_root>/div2k/DIV2K_valid_HR/0892.png,<benchmark_root>/div2k/DIV2K_valid_LR_bicubic/X4/0892x4.png,31.190879438257596,0.9224621646016938,29.820174706643392
DIV2K,0892,refiner_v2,<output_root>/refiner_v2/DIV2K/0892/refined.png,<benchmark_root>/div2k/DIV2K_valid_HR/0892.png,<benchmark_root>/div2k/DIV2K_valid_LR_bicubic/X4/0892x4.png,29.422076566425357,0.8879335612519764,28.06209912371169
DIV2K,0892,RealESRNet_x4plus,<output_root>/realesrgan/DIV2K/0892/RealESRNet_x4plus.png,<benchmark_root>/div2k/DIV2K_valid_HR/0892.png,<benchmark_root>/div2k/DIV2K_valid_LR_bicubic/X4/0892x4.png,28.73035484625124,0.8792520699182161,26.823566531974762
DIV2K,0892,RealESRGAN_x4plus,<output_root>/realesrgan/DIV2K/0892/RealESRGAN_x4plus.png,<benchmark_root>/div2k/DIV2K_valid_HR/0892.png,<benchmark_root>/div2k/DIV2K_valid_LR_bicubic/X4/0892x4.png,27.205355836706943,0.8507308030898528,25.27642807828039
DIV2K,0892,SwinIR_classical_x4,<swinir_results_root>/swinir_classical_sr_x4/0892_SwinIR.png,<benchmark_root>/div2k/DIV2K_valid_HR/0892.png,<benchmark_root>/div2k/DIV2K_valid_LR_bicubic/X4/0892x4.png,33.908653011424754,0.9490520177974842,32.53225209254328
DIV2K,0893,bicubic,generated:matlab_bicubic_resize,<benchmark_root>/div2k/DIV2K_valid_HR/0893.png,<benchmark_root>/div2k/DIV2K_valid_LR_bicubic/X4/0893x4.png,32.524773611385115,0.8279593162739151,30.978702819223265
DIV2K,0893,detail_base,<output_root>/detail_v1d/DIV2K/0893/base.png,<benchmark_root>/div2k/DIV2K_valid_HR/0893.png,<benchmark_root>/div2k/DIV2K_valid_LR_bicubic/X4/0893x4.png,34.53118959650332,0.8498037412694237,32.98935973358173
DIV2K,0893,detail_v1d,<output_root>/detail_v1d/DIV2K/0893/detail.png,<benchmark_root>/div2k/DIV2K_valid_HR/0893.png,<benchmark_root>/div2k/DIV2K_valid_LR_bicubic/X4/0893x4.png,34.68738207116623,0.8516671738485178,33.1522552550364
DIV2K,0893,refiner_v2,<output_root>/refiner_v2/DIV2K/0893/refined.png,<benchmark_root>/div2k/DIV2K_valid_HR/0893.png,<benchmark_root>/div2k/DIV2K_valid_LR_bicubic/X4/0893x4.png,32.57884115497817,0.8439747276733103,31.110920081423906
DIV2K,0893,RealESRNet_x4plus,<output_root>/realesrgan/DIV2K/0893/RealESRNet_x4plus.png,<benchmark_root>/div2k/DIV2K_valid_HR/0893.png,<benchmark_root>/div2k/DIV2K_valid_LR_bicubic/X4/0893x4.png,32.279610670650406,0.83359267793675,30.342001507937802
DIV2K,0893,RealESRGAN_x4plus,<output_root>/realesrgan/DIV2K/0893/RealESRGAN_x4plus.png,<benchmark_root>/div2k/DIV2K_valid_HR/0893.png,<benchmark_root>/div2k/DIV2K_valid_LR_bicubic/X4/0893x4.png,31.435543589184537,0.8223396098882726,29.426225297291904
DIV2K,0893,SwinIR_classical_x4,<swinir_results_root>/swinir_classical_sr_x4/0893_SwinIR.png,<benchmark_root>/div2k/DIV2K_valid_HR/0893.png,<benchmark_root>/div2k/DIV2K_valid_LR_bicubic/X4/0893x4.png,35.17522452961069,0.8557497204671032,33.67836283853454
DIV2K,0894,bicubic,generated:matlab_bicubic_resize,<benchmark_root>/div2k/DIV2K_valid_HR/0894.png,<benchmark_root>/div2k/DIV2K_valid_LR_bicubic/X4/0894x4.png,30.739337680331985,0.8635810337834654,29.343367348939225
DIV2K,0894,detail_base,<output_root>/detail_v1d/DIV2K/0894/base.png,<benchmark_root>/div2k/DIV2K_valid_HR/0894.png,<benchmark_root>/div2k/DIV2K_valid_LR_bicubic/X4/0894x4.png,32.87782932937836,0.9017720076033706,31.485029622665202
DIV2K,0894,detail_v1d,<output_root>/detail_v1d/DIV2K/0894/detail.png,<benchmark_root>/div2k/DIV2K_valid_HR/0894.png,<benchmark_root>/div2k/DIV2K_valid_LR_bicubic/X4/0894x4.png,33.095764028556275,0.9052067629183015,31.709312094395756
DIV2K,0894,refiner_v2,<output_root>/refiner_v2/DIV2K/0894/refined.png,<benchmark_root>/div2k/DIV2K_valid_HR/0894.png,<benchmark_root>/div2k/DIV2K_valid_LR_bicubic/X4/0894x4.png,32.310410218126655,0.8953790455106487,30.87831555351194
DIV2K,0894,RealESRNet_x4plus,<output_root>/realesrgan/DIV2K/0894/RealESRNet_x4plus.png,<benchmark_root>/div2k/DIV2K_valid_HR/0894.png,<benchmark_root>/div2k/DIV2K_valid_LR_bicubic/X4/0894x4.png,31.29632518067588,0.8835398411587179,29.559588840551182
DIV2K,0894,RealESRGAN_x4plus,<output_root>/realesrgan/DIV2K/0894/RealESRGAN_x4plus.png,<benchmark_root>/div2k/DIV2K_valid_HR/0894.png,<benchmark_root>/div2k/DIV2K_valid_LR_bicubic/X4/0894x4.png,29.02901824975278,0.8417182514819612,27.25914345985717
DIV2K,0894,SwinIR_classical_x4,<swinir_results_root>/swinir_classical_sr_x4/0894_SwinIR.png,<benchmark_root>/div2k/DIV2K_valid_HR/0894.png,<benchmark_root>/div2k/DIV2K_valid_LR_bicubic/X4/0894x4.png,33.75554648916455,0.913443686382251,32.41460720180227
DIV2K,0895,bicubic,generated:matlab_bicubic_resize,<benchmark_root>/div2k/DIV2K_valid_HR/0895.png,<benchmark_root>/div2k/DIV2K_valid_LR_bicubic/X4/0895x4.png,21.034498832028884,0.49905801182492426,19.719265494766923
DIV2K,0895,detail_base,<output_root>/detail_v1d/DIV2K/0895/base.png,<benchmark_root>/div2k/DIV2K_valid_HR/0895.png,<benchmark_root>/div2k/DIV2K_valid_LR_bicubic/X4/0895x4.png,21.623387046009817,0.5709371406490283,20.294761087255146
DIV2K,0895,detail_v1d,<output_root>/detail_v1d/DIV2K/0895/detail.png,<benchmark_root>/div2k/DIV2K_valid_HR/0895.png,<benchmark_root>/div2k/DIV2K_valid_LR_bicubic/X4/0895x4.png,21.681128320749373,0.5764508698437854,20.358276542554425
DIV2K,0895,refiner_v2,<output_root>/refiner_v2/DIV2K/0895/refined.png,<benchmark_root>/div2k/DIV2K_valid_HR/0895.png,<benchmark_root>/div2k/DIV2K_valid_LR_bicubic/X4/0895x4.png,21.56905133534615,0.5650392749034387,20.2450504335155
DIV2K,0895,RealESRNet_x4plus,<output_root>/realesrgan/DIV2K/0895/RealESRNet_x4plus.png,<benchmark_root>/div2k/DIV2K_valid_HR/0895.png,<benchmark_root>/div2k/DIV2K_valid_LR_bicubic/X4/0895x4.png,21.42556885587559,0.5649933130829049,19.98758901493246
DIV2K,0895,RealESRGAN_x4plus,<output_root>/realesrgan/DIV2K/0895/RealESRGAN_x4plus.png,<benchmark_root>/div2k/DIV2K_valid_HR/0895.png,<benchmark_root>/div2k/DIV2K_valid_LR_bicubic/X4/0895x4.png,19.112737043611517,0.45324273701769185,17.69560103105157
DIV2K,0895,SwinIR_classical_x4,<swinir_results_root>/swinir_classical_sr_x4/0895_SwinIR.png,<benchmark_root>/div2k/DIV2K_valid_HR/0895.png,<benchmark_root>/div2k/DIV2K_valid_LR_bicubic/X4/0895x4.png,21.90273782834465,0.6105248008536914,20.58071145319495
DIV2K,0896,bicubic,generated:matlab_bicubic_resize,<benchmark_root>/div2k/DIV2K_valid_HR/0896.png,<benchmark_root>/div2k/DIV2K_valid_LR_bicubic/X4/0896x4.png,34.926128738567066,0.9450622254346444,33.51237444146571
DIV2K,0896,detail_base,<output_root>/detail_v1d/DIV2K/0896/base.png,<benchmark_root>/div2k/DIV2K_valid_HR/0896.png,<benchmark_root>/div2k/DIV2K_valid_LR_bicubic/X4/0896x4.png,38.8505234980085,0.9578462825942169,37.11435672332521
DIV2K,0896,detail_v1d,<output_root>/detail_v1d/DIV2K/0896/detail.png,<benchmark_root>/div2k/DIV2K_valid_HR/0896.png,<benchmark_root>/div2k/DIV2K_valid_LR_bicubic/X4/0896x4.png,39.26575891994318,0.9590810851646111,37.52120846704018
DIV2K,0896,refiner_v2,<output_root>/refiner_v2/DIV2K/0896/refined.png,<benchmark_root>/div2k/DIV2K_valid_HR/0896.png,<benchmark_root>/div2k/DIV2K_valid_LR_bicubic/X4/0896x4.png,36.28128994185119,0.9546360217066624,34.582626851440665
DIV2K,0896,RealESRNet_x4plus,<output_root>/realesrgan/DIV2K/0896/RealESRNet_x4plus.png,<benchmark_root>/div2k/DIV2K_valid_HR/0896.png,<benchmark_root>/div2k/DIV2K_valid_LR_bicubic/X4/0896x4.png,34.25501549990466,0.9482452500675089,32.47204122169887
DIV2K,0896,RealESRGAN_x4plus,<output_root>/realesrgan/DIV2K/0896/RealESRGAN_x4plus.png,<benchmark_root>/div2k/DIV2K_valid_HR/0896.png,<benchmark_root>/div2k/DIV2K_valid_LR_bicubic/X4/0896x4.png,31.162865641963513,0.93022938247567,29.523644063276024
DIV2K,0896,SwinIR_classical_x4,<swinir_results_root>/swinir_classical_sr_x4/0896_SwinIR.png,<benchmark_root>/div2k/DIV2K_valid_HR/0896.png,<benchmark_root>/div2k/DIV2K_valid_LR_bicubic/X4/0896x4.png,41.72729517975235,0.9625301785579522,39.89835927924262
DIV2K,0897,bicubic,generated:matlab_bicubic_resize,<benchmark_root>/div2k/DIV2K_valid_HR/0897.png,<benchmark_root>/div2k/DIV2K_valid_LR_bicubic/X4/0897x4.png,21.989878054736604,0.6260526715555877,20.89749370466705
DIV2K,0897,detail_base,<output_root>/detail_v1d/DIV2K/0897/base.png,<benchmark_root>/div2k/DIV2K_valid_HR/0897.png,<benchmark_root>/div2k/DIV2K_valid_LR_bicubic/X4/0897x4.png,22.929055792093315,0.7098183107523283,21.783752032066385
DIV2K,0897,detail_v1d,<output_root>/detail_v1d/DIV2K/0897/detail.png,<benchmark_root>/div2k/DIV2K_valid_HR/0897.png,<benchmark_root>/div2k/DIV2K_valid_LR_bicubic/X4/0897x4.png,23.020769056493204,0.7173210313967479,21.88481878980665
DIV2K,0897,refiner_v2,<output_root>/refiner_v2/DIV2K/0897/refined.png,<benchmark_root>/div2k/DIV2K_valid_HR/0897.png,<benchmark_root>/div2k/DIV2K_valid_LR_bicubic/X4/0897x4.png,22.664354420084443,0.7079498260665988,21.508189261361586
DIV2K,0897,RealESRNet_x4plus,<output_root>/realesrgan/DIV2K/0897/RealESRNet_x4plus.png,<benchmark_root>/div2k/DIV2K_valid_HR/0897.png,<benchmark_root>/div2k/DIV2K_valid_LR_bicubic/X4/0897x4.png,21.958994405837885,0.6439039619542427,20.59173052318748
DIV2K,0897,RealESRGAN_x4plus,<output_root>/realesrgan/DIV2K/0897/RealESRGAN_x4plus.png,<benchmark_root>/div2k/DIV2K_valid_HR/0897.png,<benchmark_root>/div2k/DIV2K_valid_LR_bicubic/X4/0897x4.png,20.226871085534807,0.5874815183165404,18.546277247322166
DIV2K,0897,SwinIR_classical_x4,<swinir_results_root>/swinir_classical_sr_x4/0897_SwinIR.png,<benchmark_root>/div2k/DIV2K_valid_HR/0897.png,<benchmark_root>/div2k/DIV2K_valid_LR_bicubic/X4/0897x4.png,23.565674382723433,0.7459222130290377,22.41377289675853
DIV2K,0898,bicubic,generated:matlab_bicubic_resize,<benchmark_root>/div2k/DIV2K_valid_HR/0898.png,<benchmark_root>/div2k/DIV2K_valid_LR_bicubic/X4/0898x4.png,33.0788056753139,0.9094627159705704,31.561386489853334
DIV2K,0898,detail_base,<output_root>/detail_v1d/DIV2K/0898/base.png,<benchmark_root>/div2k/DIV2K_valid_HR/0898.png,<benchmark_root>/div2k/DIV2K_valid_LR_bicubic/X4/0898x4.png,35.37723484603244,0.9271942430140167,33.77761110061003
DIV2K,0898,detail_v1d,<output_root>/detail_v1d/DIV2K/0898/detail.png,<benchmark_root>/div2k/DIV2K_valid_HR/0898.png,<benchmark_root>/div2k/DIV2K_valid_LR_bicubic/X4/0898x4.png,35.65139973084154,0.9296004151896359,34.068896091776686
DIV2K,0898,refiner_v2,<output_root>/refiner_v2/DIV2K/0898/refined.png,<benchmark_root>/div2k/DIV2K_valid_HR/0898.png,<benchmark_root>/div2k/DIV2K_valid_LR_bicubic/X4/0898x4.png,33.56331819197821,0.9156223252873203,29.00533680509563
DIV2K,0898,RealESRNet_x4plus,<output_root>/realesrgan/DIV2K/0898/RealESRNet_x4plus.png,<benchmark_root>/div2k/DIV2K_valid_HR/0898.png,<benchmark_root>/div2k/DIV2K_valid_LR_bicubic/X4/0898x4.png,34.25316823983584,0.9184103038353225,31.68920728243789
DIV2K,0898,RealESRGAN_x4plus,<output_root>/realesrgan/DIV2K/0898/RealESRGAN_x4plus.png,<benchmark_root>/div2k/DIV2K_valid_HR/0898.png,<benchmark_root>/div2k/DIV2K_valid_LR_bicubic/X4/0898x4.png,32.38897142490113,0.9028983151615574,29.975741050108084
DIV2K,0898,SwinIR_classical_x4,<swinir_results_root>/swinir_classical_sr_x4/0898_SwinIR.png,<benchmark_root>/div2k/DIV2K_valid_HR/0898.png,<benchmark_root>/div2k/DIV2K_valid_LR_bicubic/X4/0898x4.png,36.92643076287731,0.9365998563624796,35.437905680501885
DIV2K,0899,bicubic,generated:matlab_bicubic_resize,<benchmark_root>/div2k/DIV2K_valid_HR/0899.png,<benchmark_root>/div2k/DIV2K_valid_LR_bicubic/X4/0899x4.png,27.52752355169043,0.8396631687608713,26.251827225588514
DIV2K,0899,detail_base,<output_root>/detail_v1d/DIV2K/0899/base.png,<benchmark_root>/div2k/DIV2K_valid_HR/0899.png,<benchmark_root>/div2k/DIV2K_valid_LR_bicubic/X4/0899x4.png,31.828948574537996,0.9084269583891267,30.53523669120583
DIV2K,0899,detail_v1d,<output_root>/detail_v1d/DIV2K/0899/detail.png,<benchmark_root>/div2k/DIV2K_valid_HR/0899.png,<benchmark_root>/div2k/DIV2K_valid_LR_bicubic/X4/0899x4.png,32.226094117142125,0.9145171249624534,30.928250482003364
DIV2K,0899,refiner_v2,<output_root>/refiner_v2/DIV2K/0899/refined.png,<benchmark_root>/div2k/DIV2K_valid_HR/0899.png,<benchmark_root>/div2k/DIV2K_valid_LR_bicubic/X4/0899x4.png,30.598541989944575,0.8977964538956208,29.238719915392586
DIV2K,0899,RealESRNet_x4plus,<output_root>/realesrgan/DIV2K/0899/RealESRNet_x4plus.png,<benchmark_root>/div2k/DIV2K_valid_HR/0899.png,<benchmark_root>/div2k/DIV2K_valid_LR_bicubic/X4/0899x4.png,30.079888945422404,0.8830714178149422,28.218433053440805
DIV2K,0899,RealESRGAN_x4plus,<output_root>/realesrgan/DIV2K/0899/RealESRGAN_x4plus.png,<benchmark_root>/div2k/DIV2K_valid_HR/0899.png,<benchmark_root>/div2k/DIV2K_valid_LR_bicubic/X4/0899x4.png,28.651645335639255,0.8576212579827781,26.59942535791641
DIV2K,0899,SwinIR_classical_x4,<swinir_results_root>/swinir_classical_sr_x4/0899_SwinIR.png,<benchmark_root>/div2k/DIV2K_valid_HR/0899.png,<benchmark_root>/div2k/DIV2K_valid_LR_bicubic/X4/0899x4.png,34.49676833846017,0.9395113364753979,33.20938906439538
DIV2K,0900,bicubic,generated:matlab_bicubic_resize,<benchmark_root>/div2k/DIV2K_valid_HR/0900.png,<benchmark_root>/div2k/DIV2K_valid_LR_bicubic/X4/0900x4.png,25.213752267128676,0.7793385761806038,24.165001637123133
DIV2K,0900,detail_base,<output_root>/detail_v1d/DIV2K/0900/base.png,<benchmark_root>/div2k/DIV2K_valid_HR/0900.png,<benchmark_root>/div2k/DIV2K_valid_LR_bicubic/X4/0900x4.png,28.80440278995502,0.8709922401597338,27.628639948758607
DIV2K,0900,detail_v1d,<output_root>/detail_v1d/DIV2K/0900/detail.png,<benchmark_root>/div2k/DIV2K_valid_HR/0900.png,<benchmark_root>/div2k/DIV2K_valid_LR_bicubic/X4/0900x4.png,29.17596659682826,0.8775230547279178,27.993228376146725
DIV2K,0900,refiner_v2,<output_root>/refiner_v2/DIV2K/0900/refined.png,<benchmark_root>/div2k/DIV2K_valid_HR/0900.png,<benchmark_root>/div2k/DIV2K_valid_LR_bicubic/X4/0900x4.png,28.276795917714026,0.8622960284941743,27.13157026791336
DIV2K,0900,RealESRNet_x4plus,<output_root>/realesrgan/DIV2K/0900/RealESRNet_x4plus.png,<benchmark_root>/div2k/DIV2K_valid_HR/0900.png,<benchmark_root>/div2k/DIV2K_valid_LR_bicubic/X4/0900x4.png,27.25574495013837,0.8342967815000277,25.48643176416882
DIV2K,0900,RealESRGAN_x4plus,<output_root>/realesrgan/DIV2K/0900/RealESRGAN_x4plus.png,<benchmark_root>/div2k/DIV2K_valid_HR/0900.png,<benchmark_root>/div2k/DIV2K_valid_LR_bicubic/X4/0900x4.png,26.164388005690075,0.8154070720220363,24.44514491177214
DIV2K,0900,SwinIR_classical_x4,<swinir_results_root>/swinir_classical_sr_x4/0900_SwinIR.png,<benchmark_root>/div2k/DIV2K_valid_HR/0900.png,<benchmark_root>/div2k/DIV2K_valid_LR_bicubic/X4/0900x4.png,30.381223866455468,0.8980469026173219,29.209733712294927
