dataset,id,candidate,candidate_path,hr_path,lr_path,y_psnr,rgb_psnr,y_ssim,rgb_ssim
DIV2K,0801,bicubic,generated:matlab_bicubic_resize,/home/ubuntu/scratch/sr-diffusion/benchmarks/div2k/DIV2K_valid_HR/0801.png,/home/ubuntu/scratch/sr-diffusion/benchmarks/div2k/DIV2K_valid_LR_bicubic/X4/0801x4.png,28.918895062413313,27.643347589792107,0.8018290667782313,0.7854949209702959
DIV2K,0801,stage2_bridge_guarded_soup_a025,/home/ubuntu/scratch/sr-diffusion/benchmark_outputs/stage2_bridge_guarded_soup_a025/DIV2K/0801/base.png,/home/ubuntu/scratch/sr-diffusion/benchmarks/div2k/DIV2K_valid_HR/0801.png,/home/ubuntu/scratch/sr-diffusion/benchmarks/div2k/DIV2K_valid_LR_bicubic/X4/0801x4.png,30.284162578236508,28.988432375862608,0.8531116131639724,0.8404334671792265
DIV2K,0802,bicubic,generated:matlab_bicubic_resize,/home/ubuntu/scratch/sr-diffusion/benchmarks/div2k/DIV2K_valid_HR/0802.png,/home/ubuntu/scratch/sr-diffusion/benchmarks/div2k/DIV2K_valid_LR_bicubic/X4/0802x4.png,34.930950714771704,33.16010272897294,0.8953074359903685,0.8730661544699491
DIV2K,0802,stage2_bridge_guarded_soup_a025,/home/ubuntu/scratch/sr-diffusion/benchmark_outputs/stage2_bridge_guarded_soup_a025/DIV2K/0802/base.png,/home/ubuntu/scratch/sr-diffusion/benchmarks/div2k/DIV2K_valid_HR/0802.png,/home/ubuntu/scratch/sr-diffusion/benchmarks/div2k/DIV2K_valid_LR_bicubic/X4/0802x4.png,36.987691798264436,34.8015912279262,0.9194486706163086,0.8833397306981475
DIV2K,0803,bicubic,generated:matlab_bicubic_resize,/home/ubuntu/scratch/sr-diffusion/benchmarks/div2k/DIV2K_valid_HR/0803.png,/home/ubuntu/scratch/sr-diffusion/benchmarks/div2k/DIV2K_valid_LR_bicubic/X4/0803x4.png,35.05526220916966,33.61202775229642,0.9527886085921927,0.9387728926450074
DIV2K,0803,stage2_bridge_guarded_soup_a025,/home/ubuntu/scratch/sr-diffusion/benchmark_outputs/stage2_bridge_guarded_soup_a025/DIV2K/0803/base.png,/home/ubuntu/scratch/sr-diffusion/benchmarks/div2k/DIV2K_valid_HR/0803.png,/home/ubuntu/scratch/sr-diffusion/benchmarks/div2k/DIV2K_valid_LR_bicubic/X4/0803x4.png,42.141006625918905,39.82382752545034,0.979849704165141,0.9678215753343354
DIV2K,0804,bicubic,generated:matlab_bicubic_resize,/home/ubuntu/scratch/sr-diffusion/benchmarks/div2k/DIV2K_valid_HR/0804.png,/home/ubuntu/scratch/sr-diffusion/benchmarks/div2k/DIV2K_valid_LR_bicubic/X4/0804x4.png,26.89838873553256,25.382047503703042,0.7363780585335264,0.7073928687788604
DIV2K,0804,stage2_bridge_guarded_soup_a025,/home/ubuntu/scratch/sr-diffusion/benchmark_outputs/stage2_bridge_guarded_soup_a025/DIV2K/0804/base.png,/home/ubuntu/scratch/sr-diffusion/benchmarks/div2k/DIV2K_valid_HR/0804.png,/home/ubuntu/scratch/sr-diffusion/benchmarks/div2k/DIV2K_valid_LR_bicubic/X4/0804x4.png,28.695898880467908,27.172707280262102,0.811949911157933,0.7875446800178935
DIV2K,0805,bicubic,generated:matlab_bicubic_resize,/home/ubuntu/scratch/sr-diffusion/benchmarks/div2k/DIV2K_valid_HR/0805.png,/home/ubuntu/scratch/sr-diffusion/benchmarks/div2k/DIV2K_valid_LR_bicubic/X4/0805x4.png,28.801797612578316,27.498127193375275,0.7497834825810444,0.7192560273854601
DIV2K,0805,stage2_bridge_guarded_soup_a025,/home/ubuntu/scratch/sr-diffusion/benchmark_outputs/stage2_bridge_guarded_soup_a025/DIV2K/0805/base.png,/home/ubuntu/scratch/sr-diffusion/benchmarks/div2k/DIV2K_valid_HR/0805.png,/home/ubuntu/scratch/sr-diffusion/benchmarks/div2k/DIV2K_valid_LR_bicubic/X4/0805x4.png,29.61263769124657,28.275094396371166,0.7976231218701163,0.771329032267814
DIV2K,0806,bicubic,generated:matlab_bicubic_resize,/home/ubuntu/scratch/sr-diffusion/benchmarks/div2k/DIV2K_valid_HR/0806.png,/home/ubuntu/scratch/sr-diffusion/benchmarks/div2k/DIV2K_valid_LR_bicubic/X4/0806x4.png,28.18409466223436,26.254558110775843,0.8318159177787555,0.8115800062424722
DIV2K,0806,stage2_bridge_guarded_soup_a025,/home/ubuntu/scratch/sr-diffusion/benchmark_outputs/stage2_bridge_guarded_soup_a025/DIV2K/0806/base.png,/home/ubuntu/scratch/sr-diffusion/benchmarks/div2k/DIV2K_valid_HR/0806.png,/home/ubuntu/scratch/sr-diffusion/benchmarks/div2k/DIV2K_valid_LR_bicubic/X4/0806x4.png,29.843652166667518,27.878090407905134,0.874393368693054,0.8535966278350607
DIV2K,0807,bicubic,generated:matlab_bicubic_resize,/home/ubuntu/scratch/sr-diffusion/benchmarks/div2k/DIV2K_valid_HR/0807.png,/home/ubuntu/scratch/sr-diffusion/benchmarks/div2k/DIV2K_valid_LR_bicubic/X4/0807x4.png,20.923770191455763,19.426190290090723,0.45080809914988274,0.4347874334579946
DIV2K,0807,stage2_bridge_guarded_soup_a025,/home/ubuntu/scratch/sr-diffusion/benchmark_outputs/stage2_bridge_guarded_soup_a025/DIV2K/0807/base.png,/home/ubuntu/scratch/sr-diffusion/benchmarks/div2k/DIV2K_valid_HR/0807.png,/home/ubuntu/scratch/sr-diffusion/benchmarks/div2k/DIV2K_valid_LR_bicubic/X4/0807x4.png,21.586408884892897,20.08887177718064,0.53803295827923,0.5200310676654207
DIV2K,0808,bicubic,generated:matlab_bicubic_resize,/home/ubuntu/scratch/sr-diffusion/benchmarks/div2k/DIV2K_valid_HR/0808.png,/home/ubuntu/scratch/sr-diffusion/benchmarks/div2k/DIV2K_valid_LR_bicubic/X4/0808x4.png,26.835505730831436,25.444273211617272,0.7853498865703669,0.7592609647482028
DIV2K,0808,stage2_bridge_guarded_soup_a025,/home/ubuntu/scratch/sr-diffusion/benchmark_outputs/stage2_bridge_guarded_soup_a025/DIV2K/0808/base.png,/home/ubuntu/scratch/sr-diffusion/benchmarks/div2k/DIV2K_valid_HR/0808.png,/home/ubuntu/scratch/sr-diffusion/benchmarks/div2k/DIV2K_valid_LR_bicubic/X4/0808x4.png,27.996080610826017,26.60714405324861,0.8218944443629591,0.7972343758830167
DIV2K,0809,bicubic,generated:matlab_bicubic_resize,/home/ubuntu/scratch/sr-diffusion/benchmarks/div2k/DIV2K_valid_HR/0809.png,/home/ubuntu/scratch/sr-diffusion/benchmarks/div2k/DIV2K_valid_LR_bicubic/X4/0809x4.png,31.979711733414675,30.476746211697915,0.8339541006473665,0.8102264604946058
DIV2K,0809,stage2_bridge_guarded_soup_a025,/home/ubuntu/scratch/sr-diffusion/benchmark_outputs/stage2_bridge_guarded_soup_a025/DIV2K/0809/base.png,/home/ubuntu/scratch/sr-diffusion/benchmarks/div2k/DIV2K_valid_HR/0809.png,/home/ubuntu/scratch/sr-diffusion/benchmarks/div2k/DIV2K_valid_LR_bicubic/X4/0809x4.png,33.425959003870936,31.892726634681203,0.8783960005536784,0.8601270618068865
DIV2K,0810,bicubic,generated:matlab_bicubic_resize,/home/ubuntu/scratch/sr-diffusion/benchmarks/div2k/DIV2K_valid_HR/0810.png,/home/ubuntu/scratch/sr-diffusion/benchmarks/div2k/DIV2K_valid_LR_bicubic/X4/0810x4.png,26.972769027906978,25.796789610372734,0.7466473508560989,0.7213247871108165
DIV2K,0810,stage2_bridge_guarded_soup_a025,/home/ubuntu/scratch/sr-diffusion/benchmark_outputs/stage2_bridge_guarded_soup_a025/DIV2K/0810/base.png,/home/ubuntu/scratch/sr-diffusion/benchmarks/div2k/DIV2K_valid_HR/0810.png,/home/ubuntu/scratch/sr-diffusion/benchmarks/div2k/DIV2K_valid_LR_bicubic/X4/0810x4.png,27.684576995980578,26.45438364004263,0.8032007844027762,0.780636591622014
DIV2K,0811,bicubic,generated:matlab_bicubic_resize,/home/ubuntu/scratch/sr-diffusion/benchmarks/div2k/DIV2K_valid_HR/0811.png,/home/ubuntu/scratch/sr-diffusion/benchmarks/div2k/DIV2K_valid_LR_bicubic/X4/0811x4.png,29.0753367233034,27.98478754284604,0.7580004037871899,0.7345698550763305
DIV2K,0811,stage2_bridge_guarded_soup_a025,/home/ubuntu/scratch/sr-diffusion/benchmark_outputs/stage2_bridge_guarded_soup_a025/DIV2K/0811/base.png,/home/ubuntu/scratch/sr-diffusion/benchmarks/div2k/DIV2K_valid_HR/0811.png,/home/ubuntu/scratch/sr-diffusion/benchmarks/div2k/DIV2K_valid_LR_bicubic/X4/0811x4.png,29.944234601579446,28.809735937514112,0.8087961495397477,0.7859395465323171
DIV2K,0812,bicubic,generated:matlab_bicubic_resize,/home/ubuntu/scratch/sr-diffusion/benchmarks/div2k/DIV2K_valid_HR/0812.png,/home/ubuntu/scratch/sr-diffusion/benchmarks/div2k/DIV2K_valid_LR_bicubic/X4/0812x4.png,26.850286416339078,25.614347536681812,0.7550489673518418,0.735071034052012
DIV2K,0812,stage2_bridge_guarded_soup_a025,/home/ubuntu/scratch/sr-diffusion/benchmark_outputs/stage2_bridge_guarded_soup_a025/DIV2K/0812/base.png,/home/ubuntu/scratch/sr-diffusion/benchmarks/div2k/DIV2K_valid_HR/0812.png,/home/ubuntu/scratch/sr-diffusion/benchmarks/div2k/DIV2K_valid_LR_bicubic/X4/0812x4.png,28.826283444429173,27.59363832292825,0.8236909049159421,0.8069281312365466
DIV2K,0813,bicubic,generated:matlab_bicubic_resize,/home/ubuntu/scratch/sr-diffusion/benchmarks/div2k/DIV2K_valid_HR/0813.png,/home/ubuntu/scratch/sr-diffusion/benchmarks/div2k/DIV2K_valid_LR_bicubic/X4/0813x4.png,30.20637705153463,28.822028775596156,0.8579755667057617,0.8334216255418824
DIV2K,0813,stage2_bridge_guarded_soup_a025,/home/ubuntu/scratch/sr-diffusion/benchmark_outputs/stage2_bridge_guarded_soup_a025/DIV2K/0813/base.png,/home/ubuntu/scratch/sr-diffusion/benchmarks/div2k/DIV2K_valid_HR/0813.png,/home/ubuntu/scratch/sr-diffusion/benchmarks/div2k/DIV2K_valid_LR_bicubic/X4/0813x4.png,32.60489673480222,31.155021915785397,0.8976801412428528,0.8752969891821273
DIV2K,0814,bicubic,generated:matlab_bicubic_resize,/home/ubuntu/scratch/sr-diffusion/benchmarks/div2k/DIV2K_valid_HR/0814.png,/home/ubuntu/scratch/sr-diffusion/benchmarks/div2k/DIV2K_valid_LR_bicubic/X4/0814x4.png,27.949684886370715,26.554310588486246,0.8735567824279529,0.8599674429816595
DIV2K,0814,stage2_bridge_guarded_soup_a025,/home/ubuntu/scratch/sr-diffusion/benchmark_outputs/stage2_bridge_guarded_soup_a025/DIV2K/0814/base.png,/home/ubuntu/scratch/sr-diffusion/benchmarks/div2k/DIV2K_valid_HR/0814.png,/home/ubuntu/scratch/sr-diffusion/benchmarks/div2k/DIV2K_valid_LR_bicubic/X4/0814x4.png,29.327584367117538,27.89257531143539,0.9051596233778747,0.8925053688883744
DIV2K,0815,bicubic,generated:matlab_bicubic_resize,/home/ubuntu/scratch/sr-diffusion/benchmarks/div2k/DIV2K_valid_HR/0815.png,/home/ubuntu/scratch/sr-diffusion/benchmarks/div2k/DIV2K_valid_LR_bicubic/X4/0815x4.png,33.81687062488898,31.655587982723944,0.9121340016665614,0.8905805053574912
DIV2K,0815,stage2_bridge_guarded_soup_a025,/home/ubuntu/scratch/sr-diffusion/benchmark_outputs/stage2_bridge_guarded_soup_a025/DIV2K/0815/base.png,/home/ubuntu/scratch/sr-diffusion/benchmarks/div2k/DIV2K_valid_HR/0815.png,/home/ubuntu/scratch/sr-diffusion/benchmarks/div2k/DIV2K_valid_LR_bicubic/X4/0815x4.png,36.00866219732451,33.68368945929898,0.9333317348091864,0.9140814836699844
DIV2K,0816,bicubic,generated:matlab_bicubic_resize,/home/ubuntu/scratch/sr-diffusion/benchmarks/div2k/DIV2K_valid_HR/0816.png,/home/ubuntu/scratch/sr-diffusion/benchmarks/div2k/DIV2K_valid_LR_bicubic/X4/0816x4.png,31.00305407963418,29.697207748413625,0.8159233707727152,0.7912232439913568
DIV2K,0816,stage2_bridge_guarded_soup_a025,/home/ubuntu/scratch/sr-diffusion/benchmark_outputs/stage2_bridge_guarded_soup_a025/DIV2K/0816/base.png,/home/ubuntu/scratch/sr-diffusion/benchmarks/div2k/DIV2K_valid_HR/0816.png,/home/ubuntu/scratch/sr-diffusion/benchmarks/div2k/DIV2K_valid_LR_bicubic/X4/0816x4.png,32.88469621006061,31.5494776636856,0.8595550262825731,0.8386136490323794
DIV2K,0817,bicubic,generated:matlab_bicubic_resize,/home/ubuntu/scratch/sr-diffusion/benchmarks/div2k/DIV2K_valid_HR/0817.png,/home/ubuntu/scratch/sr-diffusion/benchmarks/div2k/DIV2K_valid_LR_bicubic/X4/0817x4.png,31.788819354848957,29.948732829223555,0.8670286157101559,0.8460299578435024
DIV2K,0817,stage2_bridge_guarded_soup_a025,/home/ubuntu/scratch/sr-diffusion/benchmark_outputs/stage2_bridge_guarded_soup_a025/DIV2K/0817/base.png,/home/ubuntu/scratch/sr-diffusion/benchmarks/div2k/DIV2K_valid_HR/0817.png,/home/ubuntu/scratch/sr-diffusion/benchmarks/div2k/DIV2K_valid_LR_bicubic/X4/0817x4.png,33.47016321566345,31.68925737558415,0.8996886178957982,0.8797914821784509
DIV2K,0818,bicubic,generated:matlab_bicubic_resize,/home/ubuntu/scratch/sr-diffusion/benchmarks/div2k/DIV2K_valid_HR/0818.png,/home/ubuntu/scratch/sr-diffusion/benchmarks/div2k/DIV2K_valid_LR_bicubic/X4/0818x4.png,27.844286231432886,26.551832777424465,0.8601930564322972,0.8465231602733815
DIV2K,0818,stage2_bridge_guarded_soup_a025,/home/ubuntu/scratch/sr-diffusion/benchmark_outputs/stage2_bridge_guarded_soup_a025/DIV2K/0818/base.png,/home/ubuntu/scratch/sr-diffusion/benchmarks/div2k/DIV2K_valid_HR/0818.png,/home/ubuntu/scratch/sr-diffusion/benchmarks/div2k/DIV2K_valid_LR_bicubic/X4/0818x4.png,29.935765002278956,28.567625163186396,0.9074806414076186,0.8934150502342115
DIV2K,0819,bicubic,generated:matlab_bicubic_resize,/home/ubuntu/scratch/sr-diffusion/benchmarks/div2k/DIV2K_valid_HR/0819.png,/home/ubuntu/scratch/sr-diffusion/benchmarks/div2k/DIV2K_valid_LR_bicubic/X4/0819x4.png,27.95957605572735,26.37853157446488,0.7707426840006759,0.74507536082521
DIV2K,0819,stage2_bridge_guarded_soup_a025,/home/ubuntu/scratch/sr-diffusion/benchmark_outputs/stage2_bridge_guarded_soup_a025/DIV2K/0819/base.png,/home/ubuntu/scratch/sr-diffusion/benchmarks/div2k/DIV2K_valid_HR/0819.png,/home/ubuntu/scratch/sr-diffusion/benchmarks/div2k/DIV2K_valid_LR_bicubic/X4/0819x4.png,29.368797177419662,27.747231383431536,0.8349668766539545,0.8148891533957853
DIV2K,0820,bicubic,generated:matlab_bicubic_resize,/home/ubuntu/scratch/sr-diffusion/benchmarks/div2k/DIV2K_valid_HR/0820.png,/home/ubuntu/scratch/sr-diffusion/benchmarks/div2k/DIV2K_valid_LR_bicubic/X4/0820x4.png,23.010632059767715,21.617918585228594,0.6890144914993952,0.6675543918039016
DIV2K,0820,stage2_bridge_guarded_soup_a025,/home/ubuntu/scratch/sr-diffusion/benchmark_outputs/stage2_bridge_guarded_soup_a025/DIV2K/0820/base.png,/home/ubuntu/scratch/sr-diffusion/benchmarks/div2k/DIV2K_valid_HR/0820.png,/home/ubuntu/scratch/sr-diffusion/benchmarks/div2k/DIV2K_valid_LR_bicubic/X4/0820x4.png,25.764908264050437,24.36671559270922,0.8128021705474131,0.7976210175412283
DIV2K,0821,bicubic,generated:matlab_bicubic_resize,/home/ubuntu/scratch/sr-diffusion/benchmarks/div2k/DIV2K_valid_HR/0821.png,/home/ubuntu/scratch/sr-diffusion/benchmarks/div2k/DIV2K_valid_LR_bicubic/X4/0821x4.png,26.450391489233557,25.171369469536856,0.8393145324076938,0.8098951567637608
DIV2K,0821,stage2_bridge_guarded_soup_a025,/home/ubuntu/scratch/sr-diffusion/benchmark_outputs/stage2_bridge_guarded_soup_a025/DIV2K/0821/base.png,/home/ubuntu/scratch/sr-diffusion/benchmarks/div2k/DIV2K_valid_HR/0821.png,/home/ubuntu/scratch/sr-diffusion/benchmarks/div2k/DIV2K_valid_LR_bicubic/X4/0821x4.png,33.052670469846504,31.6410134129743,0.935037536263712,0.9182887766525543
DIV2K,0822,bicubic,generated:matlab_bicubic_resize,/home/ubuntu/scratch/sr-diffusion/benchmarks/div2k/DIV2K_valid_HR/0822.png,/home/ubuntu/scratch/sr-diffusion/benchmarks/div2k/DIV2K_valid_LR_bicubic/X4/0822x4.png,29.28314948991222,27.977955435337556,0.8080404432984737,0.7837239224104194
DIV2K,0822,stage2_bridge_guarded_soup_a025,/home/ubuntu/scratch/sr-diffusion/benchmark_outputs/stage2_bridge_guarded_soup_a025/DIV2K/0822/base.png,/home/ubuntu/scratch/sr-diffusion/benchmarks/div2k/DIV2K_valid_HR/0822.png,/home/ubuntu/scratch/sr-diffusion/benchmarks/div2k/DIV2K_valid_LR_bicubic/X4/0822x4.png,31.882872102273886,30.41301126915018,0.8831472294284046,0.8631734547682098
DIV2K,0823,bicubic,generated:matlab_bicubic_resize,/home/ubuntu/scratch/sr-diffusion/benchmarks/div2k/DIV2K_valid_HR/0823.png,/home/ubuntu/scratch/sr-diffusion/benchmarks/div2k/DIV2K_valid_LR_bicubic/X4/0823x4.png,25.70637388528983,24.375875469953723,0.7705294852763311,0.7505081697702325
DIV2K,0823,stage2_bridge_guarded_soup_a025,/home/ubuntu/scratch/sr-diffusion/benchmark_outputs/stage2_bridge_guarded_soup_a025/DIV2K/0823/base.png,/home/ubuntu/scratch/sr-diffusion/benchmarks/div2k/DIV2K_valid_HR/0823.png,/home/ubuntu/scratch/sr-diffusion/benchmarks/div2k/DIV2K_valid_LR_bicubic/X4/0823x4.png,27.09884600523205,25.75423003750266,0.8288623067969964,0.8090307768166262
DIV2K,0824,bicubic,generated:matlab_bicubic_resize,/home/ubuntu/scratch/sr-diffusion/benchmarks/div2k/DIV2K_valid_HR/0824.png,/home/ubuntu/scratch/sr-diffusion/benchmarks/div2k/DIV2K_valid_LR_bicubic/X4/0824x4.png,26.72851404137316,25.337210146303015,0.8438952770081909,0.8293048289258164
DIV2K,0824,stage2_bridge_guarded_soup_a025,/home/ubuntu/scratch/sr-diffusion/benchmark_outputs/stage2_bridge_guarded_soup_a025/DIV2K/0824/base.png,/home/ubuntu/scratch/sr-diffusion/benchmarks/div2k/DIV2K_valid_HR/0824.png,/home/ubuntu/scratch/sr-diffusion/benchmarks/div2k/DIV2K_valid_LR_bicubic/X4/0824x4.png,29.600447221313914,28.16577709947738,0.8995969598586222,0.8871158945083651
DIV2K,0825,bicubic,generated:matlab_bicubic_resize,/home/ubuntu/scratch/sr-diffusion/benchmarks/div2k/DIV2K_valid_HR/0825.png,/home/ubuntu/scratch/sr-diffusion/benchmarks/div2k/DIV2K_valid_LR_bicubic/X4/0825x4.png,26.15678238943612,24.751175199099258,0.7552285909923018,0.7327109414742417
DIV2K,0825,stage2_bridge_guarded_soup_a025,/home/ubuntu/scratch/sr-diffusion/benchmark_outputs/stage2_bridge_guarded_soup_a025/DIV2K/0825/base.png,/home/ubuntu/scratch/sr-diffusion/benchmarks/div2k/DIV2K_valid_HR/0825.png,/home/ubuntu/scratch/sr-diffusion/benchmarks/div2k/DIV2K_valid_LR_bicubic/X4/0825x4.png,28.596214675324138,27.182228776175165,0.835097988782363,0.8166306860960536
DIV2K,0826,bicubic,generated:matlab_bicubic_resize,/home/ubuntu/scratch/sr-diffusion/benchmarks/div2k/DIV2K_valid_HR/0826.png,/home/ubuntu/scratch/sr-diffusion/benchmarks/div2k/DIV2K_valid_LR_bicubic/X4/0826x4.png,24.16530630140638,22.943933081945463,0.7035666673474312,0.6855092764438577
DIV2K,0826,stage2_bridge_guarded_soup_a025,/home/ubuntu/scratch/sr-diffusion/benchmark_outputs/stage2_bridge_guarded_soup_a025/DIV2K/0826/base.png,/home/ubuntu/scratch/sr-diffusion/benchmarks/div2k/DIV2K_valid_HR/0826.png,/home/ubuntu/scratch/sr-diffusion/benchmarks/div2k/DIV2K_valid_LR_bicubic/X4/0826x4.png,25.306695478755913,24.072313215310785,0.7734613672158039,0.756401891082768
DIV2K,0827,bicubic,generated:matlab_bicubic_resize,/home/ubuntu/scratch/sr-diffusion/benchmarks/div2k/DIV2K_valid_HR/0827.png,/home/ubuntu/scratch/sr-diffusion/benchmarks/div2k/DIV2K_valid_LR_bicubic/X4/0827x4.png,31.854097550119796,30.49099731700653,0.8712306061707175,0.8465892177779093
DIV2K,0827,stage2_bridge_guarded_soup_a025,/home/ubuntu/scratch/sr-diffusion/benchmark_outputs/stage2_bridge_guarded_soup_a025/DIV2K/0827/base.png,/home/ubuntu/scratch/sr-diffusion/benchmarks/div2k/DIV2K_valid_HR/0827.png,/home/ubuntu/scratch/sr-diffusion/benchmarks/div2k/DIV2K_valid_LR_bicubic/X4/0827x4.png,34.60840422539061,33.20388830129728,0.9024949073936128,0.880976799714149
DIV2K,0828,bicubic,generated:matlab_bicubic_resize,/home/ubuntu/scratch/sr-diffusion/benchmarks/div2k/DIV2K_valid_HR/0828.png,/home/ubuntu/scratch/sr-diffusion/benchmarks/div2k/DIV2K_valid_LR_bicubic/X4/0828x4.png,17.39569011692606,16.453211649848477,0.6771524769222559,0.6455010307601051
DIV2K,0828,stage2_bridge_guarded_soup_a025,/home/ubuntu/scratch/sr-diffusion/benchmark_outputs/stage2_bridge_guarded_soup_a025/DIV2K/0828/base.png,/home/ubuntu/scratch/sr-diffusion/benchmarks/div2k/DIV2K_valid_HR/0828.png,/home/ubuntu/scratch/sr-diffusion/benchmarks/div2k/DIV2K_valid_LR_bicubic/X4/0828x4.png,20.869730791120187,19.809193312892546,0.8839483020015462,0.8388728519679621
DIV2K,0829,bicubic,generated:matlab_bicubic_resize,/home/ubuntu/scratch/sr-diffusion/benchmarks/div2k/DIV2K_valid_HR/0829.png,/home/ubuntu/scratch/sr-diffusion/benchmarks/div2k/DIV2K_valid_LR_bicubic/X4/0829x4.png,27.25706643294403,25.9539061447768,0.5485463858688163,0.4987054141568446
DIV2K,0829,stage2_bridge_guarded_soup_a025,/home/ubuntu/scratch/sr-diffusion/benchmark_outputs/stage2_bridge_guarded_soup_a025/DIV2K/0829/base.png,/home/ubuntu/scratch/sr-diffusion/benchmarks/div2k/DIV2K_valid_HR/0829.png,/home/ubuntu/scratch/sr-diffusion/benchmarks/div2k/DIV2K_valid_LR_bicubic/X4/0829x4.png,27.84709065950631,26.531346026039873,0.5795854544021649,0.5329716273815842
DIV2K,0830,bicubic,generated:matlab_bicubic_resize,/home/ubuntu/scratch/sr-diffusion/benchmarks/div2k/DIV2K_valid_HR/0830.png,/home/ubuntu/scratch/sr-diffusion/benchmarks/div2k/DIV2K_valid_LR_bicubic/X4/0830x4.png,25.12575267992629,23.568442634928097,0.6954199430784254,0.6675536021751868
DIV2K,0830,stage2_bridge_guarded_soup_a025,/home/ubuntu/scratch/sr-diffusion/benchmark_outputs/stage2_bridge_guarded_soup_a025/DIV2K/0830/base.png,/home/ubuntu/scratch/sr-diffusion/benchmarks/div2k/DIV2K_valid_HR/0830.png,/home/ubuntu/scratch/sr-diffusion/benchmarks/div2k/DIV2K_valid_LR_bicubic/X4/0830x4.png,25.85120735349623,24.29267866663022,0.7456879703029449,0.7206527855179926
DIV2K,0831,bicubic,generated:matlab_bicubic_resize,/home/ubuntu/scratch/sr-diffusion/benchmarks/div2k/DIV2K_valid_HR/0831.png,/home/ubuntu/scratch/sr-diffusion/benchmarks/div2k/DIV2K_valid_LR_bicubic/X4/0831x4.png,28.14138461458141,26.779227016435524,0.8105542933049013,0.7894537114438371
DIV2K,0831,stage2_bridge_guarded_soup_a025,/home/ubuntu/scratch/sr-diffusion/benchmark_outputs/stage2_bridge_guarded_soup_a025/DIV2K/0831/base.png,/home/ubuntu/scratch/sr-diffusion/benchmarks/div2k/DIV2K_valid_HR/0831.png,/home/ubuntu/scratch/sr-diffusion/benchmarks/div2k/DIV2K_valid_LR_bicubic/X4/0831x4.png,31.376928477024926,29.99127885390061,0.8869340613139416,0.8702949671456831
DIV2K,0832,bicubic,generated:matlab_bicubic_resize,/home/ubuntu/scratch/sr-diffusion/benchmarks/div2k/DIV2K_valid_HR/0832.png,/home/ubuntu/scratch/sr-diffusion/benchmarks/div2k/DIV2K_valid_LR_bicubic/X4/0832x4.png,29.225716614587753,27.53608584787915,0.8403021315318532,0.8141462926715027
DIV2K,0832,stage2_bridge_guarded_soup_a025,/home/ubuntu/scratch/sr-diffusion/benchmark_outputs/stage2_bridge_guarded_soup_a025/DIV2K/0832/base.png,/home/ubuntu/scratch/sr-diffusion/benchmarks/div2k/DIV2K_valid_HR/0832.png,/home/ubuntu/scratch/sr-diffusion/benchmarks/div2k/DIV2K_valid_LR_bicubic/X4/0832x4.png,31.797492022556643,30.09182533993792,0.8968184523941434,0.8762774364078211
DIV2K,0833,bicubic,generated:matlab_bicubic_resize,/home/ubuntu/scratch/sr-diffusion/benchmarks/div2k/DIV2K_valid_HR/0833.png,/home/ubuntu/scratch/sr-diffusion/benchmarks/div2k/DIV2K_valid_LR_bicubic/X4/0833x4.png,31.420016074736633,30.03113379165754,0.8908395280985896,0.8699477924596066
DIV2K,0833,stage2_bridge_guarded_soup_a025,/home/ubuntu/scratch/sr-diffusion/benchmark_outputs/stage2_bridge_guarded_soup_a025/DIV2K/0833/base.png,/home/ubuntu/scratch/sr-diffusion/benchmarks/div2k/DIV2K_valid_HR/0833.png,/home/ubuntu/scratch/sr-diffusion/benchmarks/div2k/DIV2K_valid_LR_bicubic/X4/0833x4.png,35.37338797354979,33.87156567495316,0.9229411467327777,0.9035104748987727
DIV2K,0834,bicubic,generated:matlab_bicubic_resize,/home/ubuntu/scratch/sr-diffusion/benchmarks/div2k/DIV2K_valid_HR/0834.png,/home/ubuntu/scratch/sr-diffusion/benchmarks/div2k/DIV2K_valid_LR_bicubic/X4/0834x4.png,25.853368134297575,24.404115364539756,0.7409508668272855,0.7239628432851175
DIV2K,0834,stage2_bridge_guarded_soup_a025,/home/ubuntu/scratch/sr-diffusion/benchmark_outputs/stage2_bridge_guarded_soup_a025/DIV2K/0834/base.png,/home/ubuntu/scratch/sr-diffusion/benchmarks/div2k/DIV2K_valid_HR/0834.png,/home/ubuntu/scratch/sr-diffusion/benchmarks/div2k/DIV2K_valid_LR_bicubic/X4/0834x4.png,26.691387524085933,25.228852406289164,0.791629260534599,0.7773049499985881
DIV2K,0835,bicubic,generated:matlab_bicubic_resize,/home/ubuntu/scratch/sr-diffusion/benchmarks/div2k/DIV2K_valid_HR/0835.png,/home/ubuntu/scratch/sr-diffusion/benchmarks/div2k/DIV2K_valid_LR_bicubic/X4/0835x4.png,23.55993075755734,22.176743757819565,0.5430498668158362,0.5164406757958061
DIV2K,0835,stage2_bridge_guarded_soup_a025,/home/ubuntu/scratch/sr-diffusion/benchmark_outputs/stage2_bridge_guarded_soup_a025/DIV2K/0835/base.png,/home/ubuntu/scratch/sr-diffusion/benchmarks/div2k/DIV2K_valid_HR/0835.png,/home/ubuntu/scratch/sr-diffusion/benchmarks/div2k/DIV2K_valid_LR_bicubic/X4/0835x4.png,24.070541034857303,22.68679644610559,0.6174874797368779,0.5960081851301577
DIV2K,0836,bicubic,generated:matlab_bicubic_resize,/home/ubuntu/scratch/sr-diffusion/benchmarks/div2k/DIV2K_valid_HR/0836.png,/home/ubuntu/scratch/sr-diffusion/benchmarks/div2k/DIV2K_valid_LR_bicubic/X4/0836x4.png,24.4980134752776,23.1812210281786,0.7195839126047728,0.6994364652809635
DIV2K,0836,stage2_bridge_guarded_soup_a025,/home/ubuntu/scratch/sr-diffusion/benchmark_outputs/stage2_bridge_guarded_soup_a025/DIV2K/0836/base.png,/home/ubuntu/scratch/sr-diffusion/benchmarks/div2k/DIV2K_valid_HR/0836.png,/home/ubuntu/scratch/sr-diffusion/benchmarks/div2k/DIV2K_valid_LR_bicubic/X4/0836x4.png,27.03656269202433,25.703855453171926,0.8107016601159943,0.7920694656652204
DIV2K,0837,bicubic,generated:matlab_bicubic_resize,/home/ubuntu/scratch/sr-diffusion/benchmarks/div2k/DIV2K_valid_HR/0837.png,/home/ubuntu/scratch/sr-diffusion/benchmarks/div2k/DIV2K_valid_LR_bicubic/X4/0837x4.png,25.137499144603122,23.78504123299759,0.7444186636485949,0.7236731173617127
DIV2K,0837,stage2_bridge_guarded_soup_a025,/home/ubuntu/scratch/sr-diffusion/benchmark_outputs/stage2_bridge_guarded_soup_a025/DIV2K/0837/base.png,/home/ubuntu/scratch/sr-diffusion/benchmarks/div2k/DIV2K_valid_HR/0837.png,/home/ubuntu/scratch/sr-diffusion/benchmarks/div2k/DIV2K_valid_LR_bicubic/X4/0837x4.png,27.403996785599745,26.031502458447243,0.8416849152131899,0.8266261702892215
DIV2K,0838,bicubic,generated:matlab_bicubic_resize,/home/ubuntu/scratch/sr-diffusion/benchmarks/div2k/DIV2K_valid_HR/0838.png,/home/ubuntu/scratch/sr-diffusion/benchmarks/div2k/DIV2K_valid_LR_bicubic/X4/0838x4.png,38.58874061016144,36.91729655604777,0.9210635627316786,0.8966391753306858
DIV2K,0838,stage2_bridge_guarded_soup_a025,/home/ubuntu/scratch/sr-diffusion/benchmark_outputs/stage2_bridge_guarded_soup_a025/DIV2K/0838/base.png,/home/ubuntu/scratch/sr-diffusion/benchmarks/div2k/DIV2K_valid_HR/0838.png,/home/ubuntu/scratch/sr-diffusion/benchmarks/div2k/DIV2K_valid_LR_bicubic/X4/0838x4.png,39.21491033654996,37.4713731566184,0.9282992551654993,0.905065194939093
DIV2K,0839,bicubic,generated:matlab_bicubic_resize,/home/ubuntu/scratch/sr-diffusion/benchmarks/div2k/DIV2K_valid_HR/0839.png,/home/ubuntu/scratch/sr-diffusion/benchmarks/div2k/DIV2K_valid_LR_bicubic/X4/0839x4.png,29.444209110837612,28.14416322728757,0.8011187268899189,0.7846547790335422
DIV2K,0839,stage2_bridge_guarded_soup_a025,/home/ubuntu/scratch/sr-diffusion/benchmark_outputs/stage2_bridge_guarded_soup_a025/DIV2K/0839/base.png,/home/ubuntu/scratch/sr-diffusion/benchmarks/div2k/DIV2K_valid_HR/0839.png,/home/ubuntu/scratch/sr-diffusion/benchmarks/div2k/DIV2K_valid_LR_bicubic/X4/0839x4.png,30.243687915580786,28.92090881638003,0.8349210213535586,0.7963040080907661
DIV2K,0840,bicubic,generated:matlab_bicubic_resize,/home/ubuntu/scratch/sr-diffusion/benchmarks/div2k/DIV2K_valid_HR/0840.png,/home/ubuntu/scratch/sr-diffusion/benchmarks/div2k/DIV2K_valid_LR_bicubic/X4/0840x4.png,28.37692160995907,27.000884377212717,0.7777173188993565,0.7563137198922415
DIV2K,0840,stage2_bridge_guarded_soup_a025,/home/ubuntu/scratch/sr-diffusion/benchmark_outputs/stage2_bridge_guarded_soup_a025/DIV2K/0840/base.png,/home/ubuntu/scratch/sr-diffusion/benchmarks/div2k/DIV2K_valid_HR/0840.png,/home/ubuntu/scratch/sr-diffusion/benchmarks/div2k/DIV2K_valid_LR_bicubic/X4/0840x4.png,29.670850134852266,28.283600282083512,0.828995808149579,0.8119995612234036
DIV2K,0841,bicubic,generated:matlab_bicubic_resize,/home/ubuntu/scratch/sr-diffusion/benchmarks/div2k/DIV2K_valid_HR/0841.png,/home/ubuntu/scratch/sr-diffusion/benchmarks/div2k/DIV2K_valid_LR_bicubic/X4/0841x4.png,27.61888247768015,26.20629057688246,0.8119890574807829,0.7926534278558516
DIV2K,0841,stage2_bridge_guarded_soup_a025,/home/ubuntu/scratch/sr-diffusion/benchmark_outputs/stage2_bridge_guarded_soup_a025/DIV2K/0841/base.png,/home/ubuntu/scratch/sr-diffusion/benchmarks/div2k/DIV2K_valid_HR/0841.png,/home/ubuntu/scratch/sr-diffusion/benchmarks/div2k/DIV2K_valid_LR_bicubic/X4/0841x4.png,29.213079943412342,27.80012146315004,0.8684199707456527,0.8516618949344738
DIV2K,0842,bicubic,generated:matlab_bicubic_resize,/home/ubuntu/scratch/sr-diffusion/benchmarks/div2k/DIV2K_valid_HR/0842.png,/home/ubuntu/scratch/sr-diffusion/benchmarks/div2k/DIV2K_valid_LR_bicubic/X4/0842x4.png,29.58260866669736,28.35307873802314,0.8319339139489491,0.8162910929554587
DIV2K,0842,stage2_bridge_guarded_soup_a025,/home/ubuntu/scratch/sr-diffusion/benchmark_outputs/stage2_bridge_guarded_soup_a025/DIV2K/0842/base.png,/home/ubuntu/scratch/sr-diffusion/benchmarks/div2k/DIV2K_valid_HR/0842.png,/home/ubuntu/scratch/sr-diffusion/benchmarks/div2k/DIV2K_valid_LR_bicubic/X4/0842x4.png,30.669390898140275,29.415813202203548,0.8651749427289696,0.8519324311817608
DIV2K,0843,bicubic,generated:matlab_bicubic_resize,/home/ubuntu/scratch/sr-diffusion/benchmarks/div2k/DIV2K_valid_HR/0843.png,/home/ubuntu/scratch/sr-diffusion/benchmarks/div2k/DIV2K_valid_LR_bicubic/X4/0843x4.png,38.79516168124559,37.04508902587868,0.9791280394714008,0.9715153376891975
DIV2K,0843,stage2_bridge_guarded_soup_a025,/home/ubuntu/scratch/sr-diffusion/benchmark_outputs/stage2_bridge_guarded_soup_a025/DIV2K/0843/base.png,/home/ubuntu/scratch/sr-diffusion/benchmarks/div2k/DIV2K_valid_HR/0843.png,/home/ubuntu/scratch/sr-diffusion/benchmarks/div2k/DIV2K_valid_LR_bicubic/X4/0843x4.png,42.68706451342574,40.51218217898893,0.9844950934938417,0.9765201226649696
DIV2K,0844,bicubic,generated:matlab_bicubic_resize,/home/ubuntu/scratch/sr-diffusion/benchmarks/div2k/DIV2K_valid_HR/0844.png,/home/ubuntu/scratch/sr-diffusion/benchmarks/div2k/DIV2K_valid_LR_bicubic/X4/0844x4.png,39.984156546854365,37.93295091421095,0.9839795531714791,0.9769001107656626
DIV2K,0844,stage2_bridge_guarded_soup_a025,/home/ubuntu/scratch/sr-diffusion/benchmark_outputs/stage2_bridge_guarded_soup_a025/DIV2K/0844/base.png,/home/ubuntu/scratch/sr-diffusion/benchmarks/div2k/DIV2K_valid_HR/0844.png,/home/ubuntu/scratch/sr-diffusion/benchmarks/div2k/DIV2K_valid_LR_bicubic/X4/0844x4.png,45.1046321006809,42.01959614369769,0.9902674182652704,0.9830287509725167
DIV2K,0845,bicubic,generated:matlab_bicubic_resize,/home/ubuntu/scratch/sr-diffusion/benchmarks/div2k/DIV2K_valid_HR/0845.png,/home/ubuntu/scratch/sr-diffusion/benchmarks/div2k/DIV2K_valid_LR_bicubic/X4/0845x4.png,22.771336688509614,21.417171560474163,0.6744974205793997,0.646723376957475
DIV2K,0845,stage2_bridge_guarded_soup_a025,/home/ubuntu/scratch/sr-diffusion/benchmark_outputs/stage2_bridge_guarded_soup_a025/DIV2K/0845/base.png,/home/ubuntu/scratch/sr-diffusion/benchmarks/div2k/DIV2K_valid_HR/0845.png,/home/ubuntu/scratch/sr-diffusion/benchmarks/div2k/DIV2K_valid_LR_bicubic/X4/0845x4.png,25.00714659355291,23.6277904740782,0.781300157316401,0.7563613438070661
DIV2K,0846,bicubic,generated:matlab_bicubic_resize,/home/ubuntu/scratch/sr-diffusion/benchmarks/div2k/DIV2K_valid_HR/0846.png,/home/ubuntu/scratch/sr-diffusion/benchmarks/div2k/DIV2K_valid_LR_bicubic/X4/0846x4.png,23.51793099963556,22.18363916800381,0.7167937902475218,0.6881915441559089
DIV2K,0846,stage2_bridge_guarded_soup_a025,/home/ubuntu/scratch/sr-diffusion/benchmark_outputs/stage2_bridge_guarded_soup_a025/DIV2K/0846/base.png,/home/ubuntu/scratch/sr-diffusion/benchmarks/div2k/DIV2K_valid_HR/0846.png,/home/ubuntu/scratch/sr-diffusion/benchmarks/div2k/DIV2K_valid_LR_bicubic/X4/0846x4.png,26.40348463805049,25.07254477558316,0.8077701615820666,0.788590177106714
DIV2K,0847,bicubic,generated:matlab_bicubic_resize,/home/ubuntu/scratch/sr-diffusion/benchmarks/div2k/DIV2K_valid_HR/0847.png,/home/ubuntu/scratch/sr-diffusion/benchmarks/div2k/DIV2K_valid_LR_bicubic/X4/0847x4.png,26.57145017829948,25.08212595283936,0.7657698246987819,0.7370018205482506
DIV2K,0847,stage2_bridge_guarded_soup_a025,/home/ubuntu/scratch/sr-diffusion/benchmark_outputs/stage2_bridge_guarded_soup_a025/DIV2K/0847/base.png,/home/ubuntu/scratch/sr-diffusion/benchmarks/div2k/DIV2K_valid_HR/0847.png,/home/ubuntu/scratch/sr-diffusion/benchmarks/div2k/DIV2K_valid_LR_bicubic/X4/0847x4.png,28.971786574006934,27.433221092062865,0.8443487405625691,0.8205938658159635
DIV2K,0848,bicubic,generated:matlab_bicubic_resize,/home/ubuntu/scratch/sr-diffusion/benchmarks/div2k/DIV2K_valid_HR/0848.png,/home/ubuntu/scratch/sr-diffusion/benchmarks/div2k/DIV2K_valid_LR_bicubic/X4/0848x4.png,26.367516854617822,25.057212394608605,0.710048976220453,0.6727054606774363
DIV2K,0848,stage2_bridge_guarded_soup_a025,/home/ubuntu/scratch/sr-diffusion/benchmark_outputs/stage2_bridge_guarded_soup_a025/DIV2K/0848/base.png,/home/ubuntu/scratch/sr-diffusion/benchmarks/div2k/DIV2K_valid_HR/0848.png,/home/ubuntu/scratch/sr-diffusion/benchmarks/div2k/DIV2K_valid_LR_bicubic/X4/0848x4.png,28.40197979709174,27.085006634419177,0.7692443701075936,0.7335153824328341
DIV2K,0849,bicubic,generated:matlab_bicubic_resize,/home/ubuntu/scratch/sr-diffusion/benchmarks/div2k/DIV2K_valid_HR/0849.png,/home/ubuntu/scratch/sr-diffusion/benchmarks/div2k/DIV2K_valid_LR_bicubic/X4/0849x4.png,21.024443377156878,19.576233492811138,0.6340396171576069,0.6183207674118105
DIV2K,0849,stage2_bridge_guarded_soup_a025,/home/ubuntu/scratch/sr-diffusion/benchmark_outputs/stage2_bridge_guarded_soup_a025/DIV2K/0849/base.png,/home/ubuntu/scratch/sr-diffusion/benchmarks/div2k/DIV2K_valid_HR/0849.png,/home/ubuntu/scratch/sr-diffusion/benchmarks/div2k/DIV2K_valid_LR_bicubic/X4/0849x4.png,23.44866820586086,22.029142501791355,0.7737612426146845,0.7612534677770252
DIV2K,0850,bicubic,generated:matlab_bicubic_resize,/home/ubuntu/scratch/sr-diffusion/benchmarks/div2k/DIV2K_valid_HR/0850.png,/home/ubuntu/scratch/sr-diffusion/benchmarks/div2k/DIV2K_valid_LR_bicubic/X4/0850x4.png,28.106013843028514,26.70376347817792,0.7905462951653007,0.7670063318884669
DIV2K,0850,stage2_bridge_guarded_soup_a025,/home/ubuntu/scratch/sr-diffusion/benchmark_outputs/stage2_bridge_guarded_soup_a025/DIV2K/0850/base.png,/home/ubuntu/scratch/sr-diffusion/benchmarks/div2k/DIV2K_valid_HR/0850.png,/home/ubuntu/scratch/sr-diffusion/benchmarks/div2k/DIV2K_valid_LR_bicubic/X4/0850x4.png,30.324462720891276,28.917888084506554,0.8549901166999386,0.8362647077645559
DIV2K,0851,bicubic,generated:matlab_bicubic_resize,/home/ubuntu/scratch/sr-diffusion/benchmarks/div2k/DIV2K_valid_HR/0851.png,/home/ubuntu/scratch/sr-diffusion/benchmarks/div2k/DIV2K_valid_LR_bicubic/X4/0851x4.png,28.182544875104583,26.745562766356006,0.8605111163227975,0.835585324520479
DIV2K,0851,stage2_bridge_guarded_soup_a025,/home/ubuntu/scratch/sr-diffusion/benchmark_outputs/stage2_bridge_guarded_soup_a025/DIV2K/0851/base.png,/home/ubuntu/scratch/sr-diffusion/benchmarks/div2k/DIV2K_valid_HR/0851.png,/home/ubuntu/scratch/sr-diffusion/benchmarks/div2k/DIV2K_valid_LR_bicubic/X4/0851x4.png,29.578667470952226,28.121866082415213,0.8934737565830433,0.8628879955618144
DIV2K,0852,bicubic,generated:matlab_bicubic_resize,/home/ubuntu/scratch/sr-diffusion/benchmarks/div2k/DIV2K_valid_HR/0852.png,/home/ubuntu/scratch/sr-diffusion/benchmarks/div2k/DIV2K_valid_LR_bicubic/X4/0852x4.png,30.01651473080573,28.931460710283122,0.7966093388976564,0.7914344819694402
DIV2K,0852,stage2_bridge_guarded_soup_a025,/home/ubuntu/scratch/sr-diffusion/benchmark_outputs/stage2_bridge_guarded_soup_a025/DIV2K/0852/base.png,/home/ubuntu/scratch/sr-diffusion/benchmarks/div2k/DIV2K_valid_HR/0852.png,/home/ubuntu/scratch/sr-diffusion/benchmarks/div2k/DIV2K_valid_LR_bicubic/X4/0852x4.png,30.845501171023997,29.782401488236935,0.8414198612421847,0.8229585057643493
DIV2K,0853,bicubic,generated:matlab_bicubic_resize,/home/ubuntu/scratch/sr-diffusion/benchmarks/div2k/DIV2K_valid_HR/0853.png,/home/ubuntu/scratch/sr-diffusion/benchmarks/div2k/DIV2K_valid_LR_bicubic/X4/0853x4.png,32.69575241445451,30.85875839069338,0.923973484235545,0.8993461361700793
DIV2K,0853,stage2_bridge_guarded_soup_a025,/home/ubuntu/scratch/sr-diffusion/benchmark_outputs/stage2_bridge_guarded_soup_a025/DIV2K/0853/base.png,/home/ubuntu/scratch/sr-diffusion/benchmarks/div2k/DIV2K_valid_HR/0853.png,/home/ubuntu/scratch/sr-diffusion/benchmarks/div2k/DIV2K_valid_LR_bicubic/X4/0853x4.png,35.725214727531245,33.73475692991324,0.9497784700219742,0.9267737421681183
DIV2K,0854,bicubic,generated:matlab_bicubic_resize,/home/ubuntu/scratch/sr-diffusion/benchmarks/div2k/DIV2K_valid_HR/0854.png,/home/ubuntu/scratch/sr-diffusion/benchmarks/div2k/DIV2K_valid_LR_bicubic/X4/0854x4.png,24.6867183385205,23.38569287341246,0.6854442793760797,0.6616990961018834
DIV2K,0854,stage2_bridge_guarded_soup_a025,/home/ubuntu/scratch/sr-diffusion/benchmark_outputs/stage2_bridge_guarded_soup_a025/DIV2K/0854/base.png,/home/ubuntu/scratch/sr-diffusion/benchmarks/div2k/DIV2K_valid_HR/0854.png,/home/ubuntu/scratch/sr-diffusion/benchmarks/div2k/DIV2K_valid_LR_bicubic/X4/0854x4.png,26.118498497759543,24.7981439954993,0.7564049401813543,0.7361394413577284
DIV2K,0855,bicubic,generated:matlab_bicubic_resize,/home/ubuntu/scratch/sr-diffusion/benchmarks/div2k/DIV2K_valid_HR/0855.png,/home/ubuntu/scratch/sr-diffusion/benchmarks/div2k/DIV2K_valid_LR_bicubic/X4/0855x4.png,29.367724335942135,28.024251869467793,0.7443501491614422,0.7065827775432524
DIV2K,0855,stage2_bridge_guarded_soup_a025,/home/ubuntu/scratch/sr-diffusion/benchmark_outputs/stage2_bridge_guarded_soup_a025/DIV2K/0855/base.png,/home/ubuntu/scratch/sr-diffusion/benchmarks/div2k/DIV2K_valid_HR/0855.png,/home/ubuntu/scratch/sr-diffusion/benchmarks/div2k/DIV2K_valid_LR_bicubic/X4/0855x4.png,30.516105914095903,29.162760985839494,0.7819673844124859,0.7467330638400891
DIV2K,0856,bicubic,generated:matlab_bicubic_resize,/home/ubuntu/scratch/sr-diffusion/benchmarks/div2k/DIV2K_valid_HR/0856.png,/home/ubuntu/scratch/sr-diffusion/benchmarks/div2k/DIV2K_valid_LR_bicubic/X4/0856x4.png,26.41288026624835,23.214276433100775,0.6604388907257019,0.6175533063644586
DIV2K,0856,stage2_bridge_guarded_soup_a025,/home/ubuntu/scratch/sr-diffusion/benchmark_outputs/stage2_bridge_guarded_soup_a025/DIV2K/0856/base.png,/home/ubuntu/scratch/sr-diffusion/benchmarks/div2k/DIV2K_valid_HR/0856.png,/home/ubuntu/scratch/sr-diffusion/benchmarks/div2k/DIV2K_valid_LR_bicubic/X4/0856x4.png,27.175426070680345,23.997607727756506,0.727855628889041,0.6870737658568937
DIV2K,0857,bicubic,generated:matlab_bicubic_resize,/home/ubuntu/scratch/sr-diffusion/benchmarks/div2k/DIV2K_valid_HR/0857.png,/home/ubuntu/scratch/sr-diffusion/benchmarks/div2k/DIV2K_valid_LR_bicubic/X4/0857x4.png,35.448676466665596,33.9965574064447,0.8284359962108077,0.7856961851851801
DIV2K,0857,stage2_bridge_guarded_soup_a025,/home/ubuntu/scratch/sr-diffusion/benchmark_outputs/stage2_bridge_guarded_soup_a025/DIV2K/0857/base.png,/home/ubuntu/scratch/sr-diffusion/benchmarks/div2k/DIV2K_valid_HR/0857.png,/home/ubuntu/scratch/sr-diffusion/benchmarks/div2k/DIV2K_valid_LR_bicubic/X4/0857x4.png,36.23961632846863,34.76205973263691,0.8334792132033721,0.7910114480376599
DIV2K,0858,bicubic,generated:matlab_bicubic_resize,/home/ubuntu/scratch/sr-diffusion/benchmarks/div2k/DIV2K_valid_HR/0858.png,/home/ubuntu/scratch/sr-diffusion/benchmarks/div2k/DIV2K_valid_LR_bicubic/X4/0858x4.png,28.23299192161112,27.01838741511296,0.7409549318478025,0.7196610649204738
DIV2K,0858,stage2_bridge_guarded_soup_a025,/home/ubuntu/scratch/sr-diffusion/benchmark_outputs/stage2_bridge_guarded_soup_a025/DIV2K/0858/base.png,/home/ubuntu/scratch/sr-diffusion/benchmarks/div2k/DIV2K_valid_HR/0858.png,/home/ubuntu/scratch/sr-diffusion/benchmarks/div2k/DIV2K_valid_LR_bicubic/X4/0858x4.png,29.611780333381997,28.364946953459842,0.8043814349292554,0.7822564037731242
DIV2K,0859,bicubic,generated:matlab_bicubic_resize,/home/ubuntu/scratch/sr-diffusion/benchmarks/div2k/DIV2K_valid_HR/0859.png,/home/ubuntu/scratch/sr-diffusion/benchmarks/div2k/DIV2K_valid_LR_bicubic/X4/0859x4.png,25.32469415163254,24.059457077726382,0.6324553301007961,0.6017599599222823
DIV2K,0859,stage2_bridge_guarded_soup_a025,/home/ubuntu/scratch/sr-diffusion/benchmark_outputs/stage2_bridge_guarded_soup_a025/DIV2K/0859/base.png,/home/ubuntu/scratch/sr-diffusion/benchmarks/div2k/DIV2K_valid_HR/0859.png,/home/ubuntu/scratch/sr-diffusion/benchmarks/div2k/DIV2K_valid_LR_bicubic/X4/0859x4.png,26.347075398151564,25.052286087757594,0.7072990560214465,0.6806272476896114
DIV2K,0860,bicubic,generated:matlab_bicubic_resize,/home/ubuntu/scratch/sr-diffusion/benchmarks/div2k/DIV2K_valid_HR/0860.png,/home/ubuntu/scratch/sr-diffusion/benchmarks/div2k/DIV2K_valid_LR_bicubic/X4/0860x4.png,21.030943613589912,19.671944612057757,0.5397377758968388,0.5221869202230508
DIV2K,0860,stage2_bridge_guarded_soup_a025,/home/ubuntu/scratch/sr-diffusion/benchmark_outputs/stage2_bridge_guarded_soup_a025/DIV2K/0860/base.png,/home/ubuntu/scratch/sr-diffusion/benchmarks/div2k/DIV2K_valid_HR/0860.png,/home/ubuntu/scratch/sr-diffusion/benchmarks/div2k/DIV2K_valid_LR_bicubic/X4/0860x4.png,21.846323880759062,20.475734568941224,0.6416569520828056,0.6284029427690401
DIV2K,0861,bicubic,generated:matlab_bicubic_resize,/home/ubuntu/scratch/sr-diffusion/benchmarks/div2k/DIV2K_valid_HR/0861.png,/home/ubuntu/scratch/sr-diffusion/benchmarks/div2k/DIV2K_valid_LR_bicubic/X4/0861x4.png,22.390981203316073,21.175928119334976,0.6546742911046685,0.6328544467379293
DIV2K,0861,stage2_bridge_guarded_soup_a025,/home/ubuntu/scratch/sr-diffusion/benchmark_outputs/stage2_bridge_guarded_soup_a025/DIV2K/0861/base.png,/home/ubuntu/scratch/sr-diffusion/benchmarks/div2k/DIV2K_valid_HR/0861.png,/home/ubuntu/scratch/sr-diffusion/benchmarks/div2k/DIV2K_valid_LR_bicubic/X4/0861x4.png,23.928885762471815,22.708376900097733,0.7666912655833346,0.7447210195250703
DIV2K,0862,bicubic,generated:matlab_bicubic_resize,/home/ubuntu/scratch/sr-diffusion/benchmarks/div2k/DIV2K_valid_HR/0862.png,/home/ubuntu/scratch/sr-diffusion/benchmarks/div2k/DIV2K_valid_LR_bicubic/X4/0862x4.png,33.7794601347183,32.387137781045524,0.834622411060717,0.8030785848932416
DIV2K,0862,stage2_bridge_guarded_soup_a025,/home/ubuntu/scratch/sr-diffusion/benchmark_outputs/stage2_bridge_guarded_soup_a025/DIV2K/0862/base.png,/home/ubuntu/scratch/sr-diffusion/benchmarks/div2k/DIV2K_valid_HR/0862.png,/home/ubuntu/scratch/sr-diffusion/benchmarks/div2k/DIV2K_valid_LR_bicubic/X4/0862x4.png,34.35736544136091,32.94192201822895,0.8526826229970784,0.8230598959094824
DIV2K,0863,bicubic,generated:matlab_bicubic_resize,/home/ubuntu/scratch/sr-diffusion/benchmarks/div2k/DIV2K_valid_HR/0863.png,/home/ubuntu/scratch/sr-diffusion/benchmarks/div2k/DIV2K_valid_LR_bicubic/X4/0863x4.png,33.414160830957144,32.0811352672992,0.8976468834791831,0.8798784466004825
DIV2K,0863,stage2_bridge_guarded_soup_a025,/home/ubuntu/scratch/sr-diffusion/benchmark_outputs/stage2_bridge_guarded_soup_a025/DIV2K/0863/base.png,/home/ubuntu/scratch/sr-diffusion/benchmarks/div2k/DIV2K_valid_HR/0863.png,/home/ubuntu/scratch/sr-diffusion/benchmarks/div2k/DIV2K_valid_LR_bicubic/X4/0863x4.png,34.39584146623349,33.03343185896428,0.9135940144656712,0.8973510040730425
DIV2K,0864,bicubic,generated:matlab_bicubic_resize,/home/ubuntu/scratch/sr-diffusion/benchmarks/div2k/DIV2K_valid_HR/0864.png,/home/ubuntu/scratch/sr-diffusion/benchmarks/div2k/DIV2K_valid_LR_bicubic/X4/0864x4.png,29.903125796212542,28.646204620572387,0.7551268327774266,0.7281009221762149
DIV2K,0864,stage2_bridge_guarded_soup_a025,/home/ubuntu/scratch/sr-diffusion/benchmark_outputs/stage2_bridge_guarded_soup_a025/DIV2K/0864/base.png,/home/ubuntu/scratch/sr-diffusion/benchmarks/div2k/DIV2K_valid_HR/0864.png,/home/ubuntu/scratch/sr-diffusion/benchmarks/div2k/DIV2K_valid_LR_bicubic/X4/0864x4.png,31.098774541974123,29.820281208107616,0.8066696984571232,0.7844960001648036
DIV2K,0865,bicubic,generated:matlab_bicubic_resize,/home/ubuntu/scratch/sr-diffusion/benchmarks/div2k/DIV2K_valid_HR/0865.png,/home/ubuntu/scratch/sr-diffusion/benchmarks/div2k/DIV2K_valid_LR_bicubic/X4/0865x4.png,27.6874818194118,26.311970394584314,0.7397082633258846,0.7147938193039262
DIV2K,0865,stage2_bridge_guarded_soup_a025,/home/ubuntu/scratch/sr-diffusion/benchmark_outputs/stage2_bridge_guarded_soup_a025/DIV2K/0865/base.png,/home/ubuntu/scratch/sr-diffusion/benchmarks/div2k/DIV2K_valid_HR/0865.png,/home/ubuntu/scratch/sr-diffusion/benchmarks/div2k/DIV2K_valid_LR_bicubic/X4/0865x4.png,28.55725326075828,27.18370345217265,0.7829951060170198,0.7611804730243364
DIV2K,0866,bicubic,generated:matlab_bicubic_resize,/home/ubuntu/scratch/sr-diffusion/benchmarks/div2k/DIV2K_valid_HR/0866.png,/home/ubuntu/scratch/sr-diffusion/benchmarks/div2k/DIV2K_valid_LR_bicubic/X4/0866x4.png,25.76912258812304,24.348665687586553,0.769161545054304,0.7523383410698726
DIV2K,0866,stage2_bridge_guarded_soup_a025,/home/ubuntu/scratch/sr-diffusion/benchmark_outputs/stage2_bridge_guarded_soup_a025/DIV2K/0866/base.png,/home/ubuntu/scratch/sr-diffusion/benchmarks/div2k/DIV2K_valid_HR/0866.png,/home/ubuntu/scratch/sr-diffusion/benchmarks/div2k/DIV2K_valid_LR_bicubic/X4/0866x4.png,26.244018823946675,24.822933331846407,0.8143024514225294,0.7995949967372106
DIV2K,0867,bicubic,generated:matlab_bicubic_resize,/home/ubuntu/scratch/sr-diffusion/benchmarks/div2k/DIV2K_valid_HR/0867.png,/home/ubuntu/scratch/sr-diffusion/benchmarks/div2k/DIV2K_valid_LR_bicubic/X4/0867x4.png,27.15107167706242,26.09706260241024,0.7773868122837911,0.7674415879340847
DIV2K,0867,stage2_bridge_guarded_soup_a025,/home/ubuntu/scratch/sr-diffusion/benchmark_outputs/stage2_bridge_guarded_soup_a025/DIV2K/0867/base.png,/home/ubuntu/scratch/sr-diffusion/benchmarks/div2k/DIV2K_valid_HR/0867.png,/home/ubuntu/scratch/sr-diffusion/benchmarks/div2k/DIV2K_valid_LR_bicubic/X4/0867x4.png,29.211409445837653,28.0857314625744,0.8639996938474452,0.8495922567337737
DIV2K,0868,bicubic,generated:matlab_bicubic_resize,/home/ubuntu/scratch/sr-diffusion/benchmarks/div2k/DIV2K_valid_HR/0868.png,/home/ubuntu/scratch/sr-diffusion/benchmarks/div2k/DIV2K_valid_LR_bicubic/X4/0868x4.png,30.902370410302744,29.55224204564073,0.9379222150106817,0.9336486282783653
DIV2K,0868,stage2_bridge_guarded_soup_a025,/home/ubuntu/scratch/sr-diffusion/benchmark_outputs/stage2_bridge_guarded_soup_a025/DIV2K/0868/base.png,/home/ubuntu/scratch/sr-diffusion/benchmarks/div2k/DIV2K_valid_HR/0868.png,/home/ubuntu/scratch/sr-diffusion/benchmarks/div2k/DIV2K_valid_LR_bicubic/X4/0868x4.png,33.683552336946995,32.416410603385394,0.9609754127422385,0.9571621758643932
DIV2K,0869,bicubic,generated:matlab_bicubic_resize,/home/ubuntu/scratch/sr-diffusion/benchmarks/div2k/DIV2K_valid_HR/0869.png,/home/ubuntu/scratch/sr-diffusion/benchmarks/div2k/DIV2K_valid_LR_bicubic/X4/0869x4.png,24.09092863645175,22.72169306335448,0.7497491566697656,0.7350252020994793
DIV2K,0869,stage2_bridge_guarded_soup_a025,/home/ubuntu/scratch/sr-diffusion/benchmark_outputs/stage2_bridge_guarded_soup_a025/DIV2K/0869/base.png,/home/ubuntu/scratch/sr-diffusion/benchmarks/div2k/DIV2K_valid_HR/0869.png,/home/ubuntu/scratch/sr-diffusion/benchmarks/div2k/DIV2K_valid_LR_bicubic/X4/0869x4.png,24.93788262875656,23.57402381935666,0.8063991233146444,0.794104910992536
DIV2K,0870,bicubic,generated:matlab_bicubic_resize,/home/ubuntu/scratch/sr-diffusion/benchmarks/div2k/DIV2K_valid_HR/0870.png,/home/ubuntu/scratch/sr-diffusion/benchmarks/div2k/DIV2K_valid_LR_bicubic/X4/0870x4.png,28.262181647547475,26.950020765616884,0.8051200396988059,0.784116708520377
DIV2K,0870,stage2_bridge_guarded_soup_a025,/home/ubuntu/scratch/sr-diffusion/benchmark_outputs/stage2_bridge_guarded_soup_a025/DIV2K/0870/base.png,/home/ubuntu/scratch/sr-diffusion/benchmarks/div2k/DIV2K_valid_HR/0870.png,/home/ubuntu/scratch/sr-diffusion/benchmarks/div2k/DIV2K_valid_LR_bicubic/X4/0870x4.png,29.78585386392377,28.423370382680304,0.8604937308892393,0.8420971295269687
DIV2K,0871,bicubic,generated:matlab_bicubic_resize,/home/ubuntu/scratch/sr-diffusion/benchmarks/div2k/DIV2K_valid_HR/0871.png,/home/ubuntu/scratch/sr-diffusion/benchmarks/div2k/DIV2K_valid_LR_bicubic/X4/0871x4.png,30.950863219785376,29.41408743258254,0.86500006512986,0.8482038486210272
DIV2K,0871,stage2_bridge_guarded_soup_a025,/home/ubuntu/scratch/sr-diffusion/benchmark_outputs/stage2_bridge_guarded_soup_a025/DIV2K/0871/base.png,/home/ubuntu/scratch/sr-diffusion/benchmarks/div2k/DIV2K_valid_HR/0871.png,/home/ubuntu/scratch/sr-diffusion/benchmarks/div2k/DIV2K_valid_LR_bicubic/X4/0871x4.png,33.39453853280128,31.793331221313657,0.9134940823527474,0.8991276875272582
DIV2K,0872,bicubic,generated:matlab_bicubic_resize,/home/ubuntu/scratch/sr-diffusion/benchmarks/div2k/DIV2K_valid_HR/0872.png,/home/ubuntu/scratch/sr-diffusion/benchmarks/div2k/DIV2K_valid_LR_bicubic/X4/0872x4.png,23.691701290838886,22.43637353595485,0.6277498254749015,0.5975030224972765
DIV2K,0872,stage2_bridge_guarded_soup_a025,/home/ubuntu/scratch/sr-diffusion/benchmark_outputs/stage2_bridge_guarded_soup_a025/DIV2K/0872/base.png,/home/ubuntu/scratch/sr-diffusion/benchmarks/div2k/DIV2K_valid_HR/0872.png,/home/ubuntu/scratch/sr-diffusion/benchmarks/div2k/DIV2K_valid_LR_bicubic/X4/0872x4.png,25.109069206825655,23.826748871312354,0.7110005097672994,0.6831615072249816
DIV2K,0873,bicubic,generated:matlab_bicubic_resize,/home/ubuntu/scratch/sr-diffusion/benchmarks/div2k/DIV2K_valid_HR/0873.png,/home/ubuntu/scratch/sr-diffusion/benchmarks/div2k/DIV2K_valid_LR_bicubic/X4/0873x4.png,24.000094384905452,22.676219820751196,0.6670170096796554,0.6463358553919484
DIV2K,0873,stage2_bridge_guarded_soup_a025,/home/ubuntu/scratch/sr-diffusion/benchmark_outputs/stage2_bridge_guarded_soup_a025/DIV2K/0873/base.png,/home/ubuntu/scratch/sr-diffusion/benchmarks/div2k/DIV2K_valid_HR/0873.png,/home/ubuntu/scratch/sr-diffusion/benchmarks/div2k/DIV2K_valid_LR_bicubic/X4/0873x4.png,25.188143983703174,23.849227375818383,0.7445274195656038,0.7267000048010854
DIV2K,0874,bicubic,generated:matlab_bicubic_resize,/home/ubuntu/scratch/sr-diffusion/benchmarks/div2k/DIV2K_valid_HR/0874.png,/home/ubuntu/scratch/sr-diffusion/benchmarks/div2k/DIV2K_valid_LR_bicubic/X4/0874x4.png,29.589149963150767,28.199253170565896,0.7601703899590856,0.7271920216730723
DIV2K,0874,stage2_bridge_guarded_soup_a025,/home/ubuntu/scratch/sr-diffusion/benchmark_outputs/stage2_bridge_guarded_soup_a025/DIV2K/0874/base.png,/home/ubuntu/scratch/sr-diffusion/benchmarks/div2k/DIV2K_valid_HR/0874.png,/home/ubuntu/scratch/sr-diffusion/benchmarks/div2k/DIV2K_valid_LR_bicubic/X4/0874x4.png,31.312299337828087,29.891963729169508,0.8147886732358939,0.7869664019808157
DIV2K,0875,bicubic,generated:matlab_bicubic_resize,/home/ubuntu/scratch/sr-diffusion/benchmarks/div2k/DIV2K_valid_HR/0875.png,/home/ubuntu/scratch/sr-diffusion/benchmarks/div2k/DIV2K_valid_LR_bicubic/X4/0875x4.png,23.66745196078936,22.420361583855776,0.5733736480813545,0.5421617203878851
DIV2K,0875,stage2_bridge_guarded_soup_a025,/home/ubuntu/scratch/sr-diffusion/benchmark_outputs/stage2_bridge_guarded_soup_a025/DIV2K/0875/base.png,/home/ubuntu/scratch/sr-diffusion/benchmarks/div2k/DIV2K_valid_HR/0875.png,/home/ubuntu/scratch/sr-diffusion/benchmarks/div2k/DIV2K_valid_LR_bicubic/X4/0875x4.png,25.576870507857706,24.286259326759566,0.6927292924809919,0.6676589554702336
DIV2K,0876,bicubic,generated:matlab_bicubic_resize,/home/ubuntu/scratch/sr-diffusion/benchmarks/div2k/DIV2K_valid_HR/0876.png,/home/ubuntu/scratch/sr-diffusion/benchmarks/div2k/DIV2K_valid_LR_bicubic/X4/0876x4.png,22.535149011766755,21.43399919375785,0.5117065522501167,0.4835952469723179
DIV2K,0876,stage2_bridge_guarded_soup_a025,/home/ubuntu/scratch/sr-diffusion/benchmark_outputs/stage2_bridge_guarded_soup_a025/DIV2K/0876/base.png,/home/ubuntu/scratch/sr-diffusion/benchmarks/div2k/DIV2K_valid_HR/0876.png,/home/ubuntu/scratch/sr-diffusion/benchmarks/div2k/DIV2K_valid_LR_bicubic/X4/0876x4.png,23.069349121098387,21.969569649779498,0.6020703722034512,0.57694850076969
DIV2K,0877,bicubic,generated:matlab_bicubic_resize,/home/ubuntu/scratch/sr-diffusion/benchmarks/div2k/DIV2K_valid_HR/0877.png,/home/ubuntu/scratch/sr-diffusion/benchmarks/div2k/DIV2K_valid_LR_bicubic/X4/0877x4.png,36.90720316722345,35.44206235873748,0.9512193034062388,0.940718820023104
DIV2K,0877,stage2_bridge_guarded_soup_a025,/home/ubuntu/scratch/sr-diffusion/benchmark_outputs/stage2_bridge_guarded_soup_a025/DIV2K/0877/base.png,/home/ubuntu/scratch/sr-diffusion/benchmarks/div2k/DIV2K_valid_HR/0877.png,/home/ubuntu/scratch/sr-diffusion/benchmarks/div2k/DIV2K_valid_LR_bicubic/X4/0877x4.png,41.04474993772844,39.38761293009959,0.974191298340788,0.9639997437007888
DIV2K,0878,bicubic,generated:matlab_bicubic_resize,/home/ubuntu/scratch/sr-diffusion/benchmarks/div2k/DIV2K_valid_HR/0878.png,/home/ubuntu/scratch/sr-diffusion/benchmarks/div2k/DIV2K_valid_LR_bicubic/X4/0878x4.png,30.31253975870529,28.823349851422876,0.855330205362406,0.8353318189775746
DIV2K,0878,stage2_bridge_guarded_soup_a025,/home/ubuntu/scratch/sr-diffusion/benchmark_outputs/stage2_bridge_guarded_soup_a025/DIV2K/0878/base.png,/home/ubuntu/scratch/sr-diffusion/benchmarks/div2k/DIV2K_valid_HR/0878.png,/home/ubuntu/scratch/sr-diffusion/benchmarks/div2k/DIV2K_valid_LR_bicubic/X4/0878x4.png,33.62095979187814,32.04296637193678,0.9102014291597882,0.8946672375574303
DIV2K,0879,bicubic,generated:matlab_bicubic_resize,/home/ubuntu/scratch/sr-diffusion/benchmarks/div2k/DIV2K_valid_HR/0879.png,/home/ubuntu/scratch/sr-diffusion/benchmarks/div2k/DIV2K_valid_LR_bicubic/X4/0879x4.png,26.7570462254599,25.416341829117442,0.8253695962763796,0.8038246646268199
DIV2K,0879,stage2_bridge_guarded_soup_a025,/home/ubuntu/scratch/sr-diffusion/benchmark_outputs/stage2_bridge_guarded_soup_a025/DIV2K/0879/base.png,/home/ubuntu/scratch/sr-diffusion/benchmarks/div2k/DIV2K_valid_HR/0879.png,/home/ubuntu/scratch/sr-diffusion/benchmarks/div2k/DIV2K_valid_LR_bicubic/X4/0879x4.png,28.450823985541376,27.10316877958682,0.8770073140391731,0.8572531811845572
DIV2K,0880,bicubic,generated:matlab_bicubic_resize,/home/ubuntu/scratch/sr-diffusion/benchmarks/div2k/DIV2K_valid_HR/0880.png,/home/ubuntu/scratch/sr-diffusion/benchmarks/div2k/DIV2K_valid_LR_bicubic/X4/0880x4.png,31.90791769212824,30.548764397967993,0.8798384678672005,0.8667103493325418
DIV2K,0880,stage2_bridge_guarded_soup_a025,/home/ubuntu/scratch/sr-diffusion/benchmark_outputs/stage2_bridge_guarded_soup_a025/DIV2K/0880/base.png,/home/ubuntu/scratch/sr-diffusion/benchmarks/div2k/DIV2K_valid_HR/0880.png,/home/ubuntu/scratch/sr-diffusion/benchmarks/div2k/DIV2K_valid_LR_bicubic/X4/0880x4.png,33.131928174988154,31.74475358423156,0.90934991223095,0.8983848976051493
DIV2K,0881,bicubic,generated:matlab_bicubic_resize,/home/ubuntu/scratch/sr-diffusion/benchmarks/div2k/DIV2K_valid_HR/0881.png,/home/ubuntu/scratch/sr-diffusion/benchmarks/div2k/DIV2K_valid_LR_bicubic/X4/0881x4.png,26.38470257503924,24.953038347429924,0.7513893630704347,0.7305250509099168
DIV2K,0881,stage2_bridge_guarded_soup_a025,/home/ubuntu/scratch/sr-diffusion/benchmark_outputs/stage2_bridge_guarded_soup_a025/DIV2K/0881/base.png,/home/ubuntu/scratch/sr-diffusion/benchmarks/div2k/DIV2K_valid_HR/0881.png,/home/ubuntu/scratch/sr-diffusion/benchmarks/div2k/DIV2K_valid_LR_bicubic/X4/0881x4.png,27.260944942332728,25.823408334648725,0.7909100350007697,0.7724303276297985
DIV2K,0882,bicubic,generated:matlab_bicubic_resize,/home/ubuntu/scratch/sr-diffusion/benchmarks/div2k/DIV2K_valid_HR/0882.png,/home/ubuntu/scratch/sr-diffusion/benchmarks/div2k/DIV2K_valid_LR_bicubic/X4/0882x4.png,32.834659059762096,31.33276990156024,0.9470841661922387,0.928730481549875
DIV2K,0882,stage2_bridge_guarded_soup_a025,/home/ubuntu/scratch/sr-diffusion/benchmark_outputs/stage2_bridge_guarded_soup_a025/DIV2K/0882/base.png,/home/ubuntu/scratch/sr-diffusion/benchmarks/div2k/DIV2K_valid_HR/0882.png,/home/ubuntu/scratch/sr-diffusion/benchmarks/div2k/DIV2K_valid_LR_bicubic/X4/0882x4.png,35.544652324368506,33.90638145488694,0.9619806845068012,0.9443911268125952
DIV2K,0883,bicubic,generated:matlab_bicubic_resize,/home/ubuntu/scratch/sr-diffusion/benchmarks/div2k/DIV2K_valid_HR/0883.png,/home/ubuntu/scratch/sr-diffusion/benchmarks/div2k/DIV2K_valid_LR_bicubic/X4/0883x4.png,26.672392283903477,24.903360754767967,0.699399412656511,0.6604065734610973
DIV2K,0883,stage2_bridge_guarded_soup_a025,/home/ubuntu/scratch/sr-diffusion/benchmark_outputs/stage2_bridge_guarded_soup_a025/DIV2K/0883/base.png,/home/ubuntu/scratch/sr-diffusion/benchmarks/div2k/DIV2K_valid_HR/0883.png,/home/ubuntu/scratch/sr-diffusion/benchmarks/div2k/DIV2K_valid_LR_bicubic/X4/0883x4.png,27.715470603442295,25.885442373298208,0.7691884390794548,0.7344489630713292
DIV2K,0884,bicubic,generated:matlab_bicubic_resize,/home/ubuntu/scratch/sr-diffusion/benchmarks/div2k/DIV2K_valid_HR/0884.png,/home/ubuntu/scratch/sr-diffusion/benchmarks/div2k/DIV2K_valid_LR_bicubic/X4/0884x4.png,25.932550617489515,24.1140716375031,0.6811603228602474,0.6414805570994759
DIV2K,0884,stage2_bridge_guarded_soup_a025,/home/ubuntu/scratch/sr-diffusion/benchmark_outputs/stage2_bridge_guarded_soup_a025/DIV2K/0884/base.png,/home/ubuntu/scratch/sr-diffusion/benchmarks/div2k/DIV2K_valid_HR/0884.png,/home/ubuntu/scratch/sr-diffusion/benchmarks/div2k/DIV2K_valid_LR_bicubic/X4/0884x4.png,27.586952560898187,25.662230602451896,0.7663185283558893,0.732358056498328
DIV2K,0885,bicubic,generated:matlab_bicubic_resize,/home/ubuntu/scratch/sr-diffusion/benchmarks/div2k/DIV2K_valid_HR/0885.png,/home/ubuntu/scratch/sr-diffusion/benchmarks/div2k/DIV2K_valid_LR_bicubic/X4/0885x4.png,23.23773909763997,21.849574732610378,0.515336661825981,0.49506962650441766
DIV2K,0885,stage2_bridge_guarded_soup_a025,/home/ubuntu/scratch/sr-diffusion/benchmark_outputs/stage2_bridge_guarded_soup_a025/DIV2K/0885/base.png,/home/ubuntu/scratch/sr-diffusion/benchmarks/div2k/DIV2K_valid_HR/0885.png,/home/ubuntu/scratch/sr-diffusion/benchmarks/div2k/DIV2K_valid_LR_bicubic/X4/0885x4.png,23.99640235478259,22.605154511349156,0.6033512531727736,0.580111528792567
DIV2K,0886,bicubic,generated:matlab_bicubic_resize,/home/ubuntu/scratch/sr-diffusion/benchmarks/div2k/DIV2K_valid_HR/0886.png,/home/ubuntu/scratch/sr-diffusion/benchmarks/div2k/DIV2K_valid_LR_bicubic/X4/0886x4.png,35.324427073198564,33.316461124845056,0.9233415733806059,0.9022115171189272
DIV2K,0886,stage2_bridge_guarded_soup_a025,/home/ubuntu/scratch/sr-diffusion/benchmark_outputs/stage2_bridge_guarded_soup_a025/DIV2K/0886/base.png,/home/ubuntu/scratch/sr-diffusion/benchmarks/div2k/DIV2K_valid_HR/0886.png,/home/ubuntu/scratch/sr-diffusion/benchmarks/div2k/DIV2K_valid_LR_bicubic/X4/0886x4.png,37.89639667434285,35.879281000649314,0.936982219464566,0.9161593992841167
DIV2K,0887,bicubic,generated:matlab_bicubic_resize,/home/ubuntu/scratch/sr-diffusion/benchmarks/div2k/DIV2K_valid_HR/0887.png,/home/ubuntu/scratch/sr-diffusion/benchmarks/div2k/DIV2K_valid_LR_bicubic/X4/0887x4.png,24.815082096726954,23.874017592280943,0.7019525550392715,0.7080484218752496
DIV2K,0887,stage2_bridge_guarded_soup_a025,/home/ubuntu/scratch/sr-diffusion/benchmark_outputs/stage2_bridge_guarded_soup_a025/DIV2K/0887/base.png,/home/ubuntu/scratch/sr-diffusion/benchmarks/div2k/DIV2K_valid_HR/0887.png,/home/ubuntu/scratch/sr-diffusion/benchmarks/div2k/DIV2K_valid_LR_bicubic/X4/0887x4.png,26.014466696186883,25.111967925528663,0.765103568738139,0.7644218543877362
DIV2K,0888,bicubic,generated:matlab_bicubic_resize,/home/ubuntu/scratch/sr-diffusion/benchmarks/div2k/DIV2K_valid_HR/0888.png,/home/ubuntu/scratch/sr-diffusion/benchmarks/div2k/DIV2K_valid_LR_bicubic/X4/0888x4.png,29.05220551841627,27.5604678932014,0.8447629206197457,0.8245712464976535
DIV2K,0888,stage2_bridge_guarded_soup_a025,/home/ubuntu/scratch/sr-diffusion/benchmark_outputs/stage2_bridge_guarded_soup_a025/DIV2K/0888/base.png,/home/ubuntu/scratch/sr-diffusion/benchmarks/div2k/DIV2K_valid_HR/0888.png,/home/ubuntu/scratch/sr-diffusion/benchmarks/div2k/DIV2K_valid_LR_bicubic/X4/0888x4.png,31.801029450433358,30.347434386535532,0.8970991004221003,0.8800978273135222
DIV2K,0889,bicubic,generated:matlab_bicubic_resize,/home/ubuntu/scratch/sr-diffusion/benchmarks/div2k/DIV2K_valid_HR/0889.png,/home/ubuntu/scratch/sr-diffusion/benchmarks/div2k/DIV2K_valid_LR_bicubic/X4/0889x4.png,28.796657415892287,27.22117864814145,0.8533591721431573,0.8335877105525529
DIV2K,0889,stage2_bridge_guarded_soup_a025,/home/ubuntu/scratch/sr-diffusion/benchmark_outputs/stage2_bridge_guarded_soup_a025/DIV2K/0889/base.png,/home/ubuntu/scratch/sr-diffusion/benchmarks/div2k/DIV2K_valid_HR/0889.png,/home/ubuntu/scratch/sr-diffusion/benchmarks/div2k/DIV2K_valid_LR_bicubic/X4/0889x4.png,32.134755540113645,30.474591660419044,0.9175944756098434,0.9028551521408913
DIV2K,0890,bicubic,generated:matlab_bicubic_resize,/home/ubuntu/scratch/sr-diffusion/benchmarks/div2k/DIV2K_valid_HR/0890.png,/home/ubuntu/scratch/sr-diffusion/benchmarks/div2k/DIV2K_valid_LR_bicubic/X4/0890x4.png,25.899954838004923,24.594596466012938,0.7074273581750954,0.6940400511523941
DIV2K,0890,stage2_bridge_guarded_soup_a025,/home/ubuntu/scratch/sr-diffusion/benchmark_outputs/stage2_bridge_guarded_soup_a025/DIV2K/0890/base.png,/home/ubuntu/scratch/sr-diffusion/benchmarks/div2k/DIV2K_valid_HR/0890.png,/home/ubuntu/scratch/sr-diffusion/benchmarks/div2k/DIV2K_valid_LR_bicubic/X4/0890x4.png,26.477298674069022,25.180853092172644,0.7551378536406596,0.7437224066216667
DIV2K,0891,bicubic,generated:matlab_bicubic_resize,/home/ubuntu/scratch/sr-diffusion/benchmarks/div2k/DIV2K_valid_HR/0891.png,/home/ubuntu/scratch/sr-diffusion/benchmarks/div2k/DIV2K_valid_LR_bicubic/X4/0891x4.png,25.104913819513165,23.799262578641958,0.7275471856761191,0.7047911748069247
DIV2K,0891,stage2_bridge_guarded_soup_a025,/home/ubuntu/scratch/sr-diffusion/benchmark_outputs/stage2_bridge_guarded_soup_a025/DIV2K/0891/base.png,/home/ubuntu/scratch/sr-diffusion/benchmarks/div2k/DIV2K_valid_HR/0891.png,/home/ubuntu/scratch/sr-diffusion/benchmarks/div2k/DIV2K_valid_LR_bicubic/X4/0891x4.png,27.891281187299633,26.575001431370243,0.8390489672843965,0.8168635536450872
DIV2K,0892,bicubic,generated:matlab_bicubic_resize,/home/ubuntu/scratch/sr-diffusion/benchmarks/div2k/DIV2K_valid_HR/0892.png,/home/ubuntu/scratch/sr-diffusion/benchmarks/div2k/DIV2K_valid_LR_bicubic/X4/0892x4.png,26.57078744165719,25.29440848248194,0.8041714754118309,0.7906969342943561
DIV2K,0892,stage2_bridge_guarded_soup_a025,/home/ubuntu/scratch/sr-diffusion/benchmark_outputs/stage2_bridge_guarded_soup_a025/DIV2K/0892/base.png,/home/ubuntu/scratch/sr-diffusion/benchmarks/div2k/DIV2K_valid_HR/0892.png,/home/ubuntu/scratch/sr-diffusion/benchmarks/div2k/DIV2K_valid_LR_bicubic/X4/0892x4.png,30.60154922989122,29.229376593273155,0.9101041764625573,0.8991513138933834
DIV2K,0893,bicubic,generated:matlab_bicubic_resize,/home/ubuntu/scratch/sr-diffusion/benchmarks/div2k/DIV2K_valid_HR/0893.png,/home/ubuntu/scratch/sr-diffusion/benchmarks/div2k/DIV2K_valid_LR_bicubic/X4/0893x4.png,32.524773611385115,30.978702819223265,0.8279593162739151,0.7898480984000941
DIV2K,0893,stage2_bridge_guarded_soup_a025,/home/ubuntu/scratch/sr-diffusion/benchmark_outputs/stage2_bridge_guarded_soup_a025/DIV2K/0893/base.png,/home/ubuntu/scratch/sr-diffusion/benchmarks/div2k/DIV2K_valid_HR/0893.png,/home/ubuntu/scratch/sr-diffusion/benchmarks/div2k/DIV2K_valid_LR_bicubic/X4/0893x4.png,34.606483276327,33.081976325164845,0.850528496168283,0.8136418631884988
DIV2K,0894,bicubic,generated:matlab_bicubic_resize,/home/ubuntu/scratch/sr-diffusion/benchmarks/div2k/DIV2K_valid_HR/0894.png,/home/ubuntu/scratch/sr-diffusion/benchmarks/div2k/DIV2K_valid_LR_bicubic/X4/0894x4.png,30.739337680331985,29.343367348939225,0.8635810337834654,0.8458350800161888
DIV2K,0894,stage2_bridge_guarded_soup_a025,/home/ubuntu/scratch/sr-diffusion/benchmark_outputs/stage2_bridge_guarded_soup_a025/DIV2K/0894/base.png,/home/ubuntu/scratch/sr-diffusion/benchmarks/div2k/DIV2K_valid_HR/0894.png,/home/ubuntu/scratch/sr-diffusion/benchmarks/div2k/DIV2K_valid_LR_bicubic/X4/0894x4.png,32.97266303546642,31.590137008500392,0.9032149660765757,0.8884608875561414
DIV2K,0895,bicubic,generated:matlab_bicubic_resize,/home/ubuntu/scratch/sr-diffusion/benchmarks/div2k/DIV2K_valid_HR/0895.png,/home/ubuntu/scratch/sr-diffusion/benchmarks/div2k/DIV2K_valid_LR_bicubic/X4/0895x4.png,21.034498832028884,19.719265494766923,0.49905801182492426,0.47684620262602806
DIV2K,0895,stage2_bridge_guarded_soup_a025,/home/ubuntu/scratch/sr-diffusion/benchmark_outputs/stage2_bridge_guarded_soup_a025/DIV2K/0895/base.png,/home/ubuntu/scratch/sr-diffusion/benchmarks/div2k/DIV2K_valid_HR/0895.png,/home/ubuntu/scratch/sr-diffusion/benchmarks/div2k/DIV2K_valid_LR_bicubic/X4/0895x4.png,21.6459766321754,20.319981580542485,0.5901510851843381,0.5709602886366653
DIV2K,0896,bicubic,generated:matlab_bicubic_resize,/home/ubuntu/scratch/sr-diffusion/benchmarks/div2k/DIV2K_valid_HR/0896.png,/home/ubuntu/scratch/sr-diffusion/benchmarks/div2k/DIV2K_valid_LR_bicubic/X4/0896x4.png,34.926128738567066,33.51237444146571,0.9450622254346444,0.9252180732354267
DIV2K,0896,stage2_bridge_guarded_soup_a025,/home/ubuntu/scratch/sr-diffusion/benchmark_outputs/stage2_bridge_guarded_soup_a025/DIV2K/0896/base.png,/home/ubuntu/scratch/sr-diffusion/benchmarks/div2k/DIV2K_valid_HR/0896.png,/home/ubuntu/scratch/sr-diffusion/benchmarks/div2k/DIV2K_valid_LR_bicubic/X4/0896x4.png,40.01203285480922,38.20861552162101,0.959078473731225,0.939469919871295
DIV2K,0897,bicubic,generated:matlab_bicubic_resize,/home/ubuntu/scratch/sr-diffusion/benchmarks/div2k/DIV2K_valid_HR/0897.png,/home/ubuntu/scratch/sr-diffusion/benchmarks/div2k/DIV2K_valid_LR_bicubic/X4/0897x4.png,21.989878054736604,20.89749370466705,0.6260526715555877,0.5878256296779435
DIV2K,0897,stage2_bridge_guarded_soup_a025,/home/ubuntu/scratch/sr-diffusion/benchmark_outputs/stage2_bridge_guarded_soup_a025/DIV2K/0897/base.png,/home/ubuntu/scratch/sr-diffusion/benchmarks/div2k/DIV2K_valid_HR/0897.png,/home/ubuntu/scratch/sr-diffusion/benchmarks/div2k/DIV2K_valid_LR_bicubic/X4/0897x4.png,22.886221914652467,21.747797423817815,0.71473025473985,0.6778786300707771
DIV2K,0898,bicubic,generated:matlab_bicubic_resize,/home/ubuntu/scratch/sr-diffusion/benchmarks/div2k/DIV2K_valid_HR/0898.png,/home/ubuntu/scratch/sr-diffusion/benchmarks/div2k/DIV2K_valid_LR_bicubic/X4/0898x4.png,33.0788056753139,31.561386489853334,0.9094627159705704,0.8860976440029417
DIV2K,0898,stage2_bridge_guarded_soup_a025,/home/ubuntu/scratch/sr-diffusion/benchmark_outputs/stage2_bridge_guarded_soup_a025/DIV2K/0898/base.png,/home/ubuntu/scratch/sr-diffusion/benchmarks/div2k/DIV2K_valid_HR/0898.png,/home/ubuntu/scratch/sr-diffusion/benchmarks/div2k/DIV2K_valid_LR_bicubic/X4/0898x4.png,35.54527529688747,33.975420260967724,0.9288019927114918,0.9045028095959752
DIV2K,0899,bicubic,generated:matlab_bicubic_resize,/home/ubuntu/scratch/sr-diffusion/benchmarks/div2k/DIV2K_valid_HR/0899.png,/home/ubuntu/scratch/sr-diffusion/benchmarks/div2k/DIV2K_valid_LR_bicubic/X4/0899x4.png,27.52752355169043,26.251827225588514,0.8396631687608713,0.8218287074995767
DIV2K,0899,stage2_bridge_guarded_soup_a025,/home/ubuntu/scratch/sr-diffusion/benchmark_outputs/stage2_bridge_guarded_soup_a025/DIV2K/0899/base.png,/home/ubuntu/scratch/sr-diffusion/benchmarks/div2k/DIV2K_valid_HR/0899.png,/home/ubuntu/scratch/sr-diffusion/benchmarks/div2k/DIV2K_valid_LR_bicubic/X4/0899x4.png,32.09948972667981,30.825071175513887,0.9106803675781762,0.8941193888533853
DIV2K,0900,bicubic,generated:matlab_bicubic_resize,/home/ubuntu/scratch/sr-diffusion/benchmarks/div2k/DIV2K_valid_HR/0900.png,/home/ubuntu/scratch/sr-diffusion/benchmarks/div2k/DIV2K_valid_LR_bicubic/X4/0900x4.png,25.213752267128676,24.165001637123133,0.7793385761806038,0.7631525935717841
DIV2K,0900,stage2_bridge_guarded_soup_a025,/home/ubuntu/scratch/sr-diffusion/benchmark_outputs/stage2_bridge_guarded_soup_a025/DIV2K/0900/base.png,/home/ubuntu/scratch/sr-diffusion/benchmarks/div2k/DIV2K_valid_HR/0900.png,/home/ubuntu/scratch/sr-diffusion/benchmarks/div2k/DIV2K_valid_LR_bicubic/X4/0900x4.png,28.963272756904964,27.786052076963493,0.8748026046613014,0.8532011179999327
Set5,img_001,bicubic,generated:matlab_bicubic_resize,/home/ubuntu/scratch/sr-diffusion/benchmarks/selfexsr/SelfExSR-master/data/Set5/image_SRF_4/img_001_SRF_4_HR.png,/home/ubuntu/scratch/sr-diffusion/benchmarks/selfexsr/SelfExSR-master/data/Set5/image_SRF_4/img_001_SRF_4_LR.png,31.78644431960816,30.36962867013581,0.8576563348104564,0.8287889836474539
Set5,img_001,stage2_bridge_guarded_soup_a025,/home/ubuntu/scratch/sr-diffusion/benchmark_outputs/stage2_bridge_guarded_soup_a025/Set5/img_001/base.png,/home/ubuntu/scratch/sr-diffusion/benchmarks/selfexsr/SelfExSR-master/data/Set5/image_SRF_4/img_001_SRF_4_HR.png,/home/ubuntu/scratch/sr-diffusion/benchmarks/selfexsr/SelfExSR-master/data/Set5/image_SRF_4/img_001_SRF_4_LR.png,33.70287669100318,32.16446922734331,0.8943329678760753,0.8686468987455224
Set5,img_002,bicubic,generated:matlab_bicubic_resize,/home/ubuntu/scratch/sr-diffusion/benchmarks/selfexsr/SelfExSR-master/data/Set5/image_SRF_4/img_002_SRF_4_HR.png,/home/ubuntu/scratch/sr-diffusion/benchmarks/selfexsr/SelfExSR-master/data/Set5/image_SRF_4/img_002_SRF_4_LR.png,30.187039204040854,28.21878365581817,0.8738086449040812,0.8487544677565205
Set5,img_002,stage2_bridge_guarded_soup_a025,/home/ubuntu/scratch/sr-diffusion/benchmark_outputs/stage2_bridge_guarded_soup_a025/Set5/img_002/base.png,/home/ubuntu/scratch/sr-diffusion/benchmarks/selfexsr/SelfExSR-master/data/Set5/image_SRF_4/img_002_SRF_4_HR.png,/home/ubuntu/scratch/sr-diffusion/benchmarks/selfexsr/SelfExSR-master/data/Set5/image_SRF_4/img_002_SRF_4_LR.png,34.286630647885204,31.994526678183842,0.9383012076841326,0.9129068516303557
Set5,img_003,bicubic,generated:matlab_bicubic_resize,/home/ubuntu/scratch/sr-diffusion/benchmarks/selfexsr/SelfExSR-master/data/Set5/image_SRF_4/img_003_SRF_4_HR.png,/home/ubuntu/scratch/sr-diffusion/benchmarks/selfexsr/SelfExSR-master/data/Set5/image_SRF_4/img_003_SRF_4_LR.png,22.10101141896677,20.865133023716393,0.7374837825309141,0.7012266482200533
Set5,img_003,stage2_bridge_guarded_soup_a025,/home/ubuntu/scratch/sr-diffusion/benchmark_outputs/stage2_bridge_guarded_soup_a025/Set5/img_003/base.png,/home/ubuntu/scratch/sr-diffusion/benchmarks/selfexsr/SelfExSR-master/data/Set5/image_SRF_4/img_003_SRF_4_HR.png,/home/ubuntu/scratch/sr-diffusion/benchmarks/selfexsr/SelfExSR-master/data/Set5/image_SRF_4/img_003_SRF_4_LR.png,27.76945571560059,26.313914354130663,0.9159440623491371,0.8935484458646948
Set5,img_004,bicubic,generated:matlab_bicubic_resize,/home/ubuntu/scratch/sr-diffusion/benchmarks/selfexsr/SelfExSR-master/data/Set5/image_SRF_4/img_004_SRF_4_HR.png,/home/ubuntu/scratch/sr-diffusion/benchmarks/selfexsr/SelfExSR-master/data/Set5/image_SRF_4/img_004_SRF_4_LR.png,31.615044379089795,28.893878067925943,0.7546651990438243,0.673476973043872
Set5,img_004,stage2_bridge_guarded_soup_a025,/home/ubuntu/scratch/sr-diffusion/benchmark_outputs/stage2_bridge_guarded_soup_a025/Set5/img_004/base.png,/home/ubuntu/scratch/sr-diffusion/benchmarks/selfexsr/SelfExSR-master/data/Set5/image_SRF_4/img_004_SRF_4_HR.png,/home/ubuntu/scratch/sr-diffusion/benchmarks/selfexsr/SelfExSR-master/data/Set5/image_SRF_4/img_004_SRF_4_LR.png,32.758796462066876,29.759285212531775,0.7955308843491169,0.7126554394233507
Set5,img_005,bicubic,generated:matlab_bicubic_resize,/home/ubuntu/scratch/sr-diffusion/benchmarks/selfexsr/SelfExSR-master/data/Set5/image_SRF_4/img_005_SRF_4_HR.png,/home/ubuntu/scratch/sr-diffusion/benchmarks/selfexsr/SelfExSR-master/data/Set5/image_SRF_4/img_005_SRF_4_LR.png,26.469228437508818,25.132357747489973,0.8326993870636418,0.8145988666039453
Set5,img_005,stage2_bridge_guarded_soup_a025,/home/ubuntu/scratch/sr-diffusion/benchmark_outputs/stage2_bridge_guarded_soup_a025/Set5/img_005/base.png,/home/ubuntu/scratch/sr-diffusion/benchmarks/selfexsr/SelfExSR-master/data/Set5/image_SRF_4/img_005_SRF_4_HR.png,/home/ubuntu/scratch/sr-diffusion/benchmarks/selfexsr/SelfExSR-master/data/Set5/image_SRF_4/img_005_SRF_4_LR.png,30.40396964244602,28.898919194447046,0.9099464072300867,0.8943886405631419
Set14,img_001,bicubic,generated:matlab_bicubic_resize,/home/ubuntu/scratch/sr-diffusion/benchmarks/selfexsr/SelfExSR-master/data/Set14/image_SRF_4/img_001_SRF_4_HR.png,/home/ubuntu/scratch/sr-diffusion/benchmarks/selfexsr/SelfExSR-master/data/Set14/image_SRF_4/img_001_SRF_4_LR.png,22.438539562079363,20.426101423819,0.4528149568741965,0.3908910604689663
Set14,img_001,stage2_bridge_guarded_soup_a025,/home/ubuntu/scratch/sr-diffusion/benchmark_outputs/stage2_bridge_guarded_soup_a025/Set14/img_001/base.png,/home/ubuntu/scratch/sr-diffusion/benchmarks/selfexsr/SelfExSR-master/data/Set14/image_SRF_4/img_001_SRF_4_HR.png,/home/ubuntu/scratch/sr-diffusion/benchmarks/selfexsr/SelfExSR-master/data/Set14/image_SRF_4/img_001_SRF_4_LR.png,22.866935264246877,20.850848137217866,0.5338668387854707,0.469279424239949
Set14,img_002,bicubic,generated:matlab_bicubic_resize,/home/ubuntu/scratch/sr-diffusion/benchmarks/selfexsr/SelfExSR-master/data/Set14/image_SRF_4/img_002_SRF_4_HR.png,/home/ubuntu/scratch/sr-diffusion/benchmarks/selfexsr/SelfExSR-master/data/Set14/image_SRF_4/img_002_SRF_4_LR.png,25.148765403428214,23.622110738449962,0.6870669895797502,0.6494997824723283
Set14,img_002,stage2_bridge_guarded_soup_a025,/home/ubuntu/scratch/sr-diffusion/benchmark_outputs/stage2_bridge_guarded_soup_a025/Set14/img_002/base.png,/home/ubuntu/scratch/sr-diffusion/benchmarks/selfexsr/SelfExSR-master/data/Set14/image_SRF_4/img_002_SRF_4_HR.png,/home/ubuntu/scratch/sr-diffusion/benchmarks/selfexsr/SelfExSR-master/data/Set14/image_SRF_4/img_002_SRF_4_LR.png,25.698717506676513,24.167119212877193,0.746660485429536,0.7124288488218641
Set14,img_003,bicubic,generated:matlab_bicubic_resize,/home/ubuntu/scratch/sr-diffusion/benchmarks/selfexsr/SelfExSR-master/data/Set14/image_SRF_4/img_003_SRF_4_HR.png,/home/ubuntu/scratch/sr-diffusion/benchmarks/selfexsr/SelfExSR-master/data/Set14/image_SRF_4/img_003_SRF_4_LR.png,24.467984282080238,23.146062970203506,0.5666729215010292,0.5402903592065974
Set14,img_003,stage2_bridge_guarded_soup_a025,/home/ubuntu/scratch/sr-diffusion/benchmark_outputs/stage2_bridge_guarded_soup_a025/Set14/img_003/base.png,/home/ubuntu/scratch/sr-diffusion/benchmarks/selfexsr/SelfExSR-master/data/Set14/image_SRF_4/img_003_SRF_4_HR.png,/home/ubuntu/scratch/sr-diffusion/benchmarks/selfexsr/SelfExSR-master/data/Set14/image_SRF_4/img_003_SRF_4_LR.png,25.38669073033697,24.060413202286895,0.6486963787313912,0.6276837692842009
Set14,img_004,bicubic,generated:matlab_bicubic_resize,/home/ubuntu/scratch/sr-diffusion/benchmarks/selfexsr/SelfExSR-master/data/Set14/image_SRF_4/img_004_SRF_4_HR.png,/home/ubuntu/scratch/sr-diffusion/benchmarks/selfexsr/SelfExSR-master/data/Set14/image_SRF_4/img_004_SRF_4_LR.png,25.47568074536597,24.148822449279955,0.5222966648514882,0.47878570980352236
Set14,img_004,stage2_bridge_guarded_soup_a025,/home/ubuntu/scratch/sr-diffusion/benchmark_outputs/stage2_bridge_guarded_soup_a025/Set14/img_004/base.png,/home/ubuntu/scratch/sr-diffusion/benchmarks/selfexsr/SelfExSR-master/data/Set14/image_SRF_4/img_004_SRF_4_HR.png,/home/ubuntu/scratch/sr-diffusion/benchmarks/selfexsr/SelfExSR-master/data/Set14/image_SRF_4/img_004_SRF_4_LR.png,26.36058264278821,25.021912746190438,0.5738947777677785,0.5350006009162106
Set14,img_005,bicubic,generated:matlab_bicubic_resize,/home/ubuntu/scratch/sr-diffusion/benchmarks/selfexsr/SelfExSR-master/data/Set14/image_SRF_4/img_005_SRF_4_HR.png,/home/ubuntu/scratch/sr-diffusion/benchmarks/selfexsr/SelfExSR-master/data/Set14/image_SRF_4/img_005_SRF_4_LR.png,21.691584246329803,20.206558848287948,0.5837121821599296,0.5666020474108563
Set14,img_005,stage2_bridge_guarded_soup_a025,/home/ubuntu/scratch/sr-diffusion/benchmark_outputs/stage2_bridge_guarded_soup_a025/Set14/img_005/base.png,/home/ubuntu/scratch/sr-diffusion/benchmarks/selfexsr/SelfExSR-master/data/Set14/image_SRF_4/img_005_SRF_4_HR.png,/home/ubuntu/scratch/sr-diffusion/benchmarks/selfexsr/SelfExSR-master/data/Set14/image_SRF_4/img_005_SRF_4_LR.png,23.283579029704413,21.76799107198516,0.7133268623335796,0.694431425563598
Set14,img_006,bicubic,generated:matlab_bicubic_resize,/home/ubuntu/scratch/sr-diffusion/benchmarks/selfexsr/SelfExSR-master/data/Set14/image_SRF_4/img_006_SRF_4_HR.png,/home/ubuntu/scratch/sr-diffusion/benchmarks/selfexsr/SelfExSR-master/data/Set14/image_SRF_4/img_006_SRF_4_LR.png,31.579034313181214,28.855726524648496,0.7529349310150952,0.671835281646958
Set14,img_006,stage2_bridge_guarded_soup_a025,/home/ubuntu/scratch/sr-diffusion/benchmark_outputs/stage2_bridge_guarded_soup_a025/Set14/img_006/base.png,/home/ubuntu/scratch/sr-diffusion/benchmarks/selfexsr/SelfExSR-master/data/Set14/image_SRF_4/img_006_SRF_4_HR.png,/home/ubuntu/scratch/sr-diffusion/benchmarks/selfexsr/SelfExSR-master/data/Set14/image_SRF_4/img_006_SRF_4_LR.png,32.78749703567341,29.769262544819227,0.7950927951799166,0.7138992177127971
Set14,img_007,bicubic,generated:matlab_bicubic_resize,/home/ubuntu/scratch/sr-diffusion/benchmarks/selfexsr/SelfExSR-master/data/Set14/image_SRF_4/img_007_SRF_4_HR.png,/home/ubuntu/scratch/sr-diffusion/benchmarks/selfexsr/SelfExSR-master/data/Set14/image_SRF_4/img_007_SRF_4_LR.png,25.522553042397767,23.71370526905103,0.7221104536160406,0.6950639370122467
Set14,img_007,stage2_bridge_guarded_soup_a025,/home/ubuntu/scratch/sr-diffusion/benchmark_outputs/stage2_bridge_guarded_soup_a025/Set14/img_007/base.png,/home/ubuntu/scratch/sr-diffusion/benchmarks/selfexsr/SelfExSR-master/data/Set14/image_SRF_4/img_007_SRF_4_HR.png,/home/ubuntu/scratch/sr-diffusion/benchmarks/selfexsr/SelfExSR-master/data/Set14/image_SRF_4/img_007_SRF_4_LR.png,27.869837582859436,25.86555832272151,0.807292624463257,0.7756628706313841
Set14,img_008,bicubic,generated:matlab_bicubic_resize,/home/ubuntu/scratch/sr-diffusion/benchmarks/selfexsr/SelfExSR-master/data/Set14/image_SRF_4/img_008_SRF_4_HR.png,/home/ubuntu/scratch/sr-diffusion/benchmarks/selfexsr/SelfExSR-master/data/Set14/image_SRF_4/img_008_SRF_4_LR.png,29.399180980865744,27.942815764750627,0.8667537393949221,0.8471641899868861
Set14,img_008,stage2_bridge_guarded_soup_a025,/home/ubuntu/scratch/sr-diffusion/benchmark_outputs/stage2_bridge_guarded_soup_a025/Set14/img_008/base.png,/home/ubuntu/scratch/sr-diffusion/benchmarks/selfexsr/SelfExSR-master/data/Set14/image_SRF_4/img_008_SRF_4_HR.png,/home/ubuntu/scratch/sr-diffusion/benchmarks/selfexsr/SelfExSR-master/data/Set14/image_SRF_4/img_008_SRF_4_LR.png,33.291437313669775,31.66008892131711,0.9282322114233263,0.9111760309443411
Set14,img_009,bicubic,generated:matlab_bicubic_resize,/home/ubuntu/scratch/sr-diffusion/benchmarks/selfexsr/SelfExSR-master/data/Set14/image_SRF_4/img_009_SRF_4_HR.png,/home/ubuntu/scratch/sr-diffusion/benchmarks/selfexsr/SelfExSR-master/data/Set14/image_SRF_4/img_009_SRF_4_LR.png,29.83956362715532,28.285882235641875,0.8143334339419335,0.7398948976507816
Set14,img_009,stage2_bridge_guarded_soup_a025,/home/ubuntu/scratch/sr-diffusion/benchmark_outputs/stage2_bridge_guarded_soup_a025/Set14/img_009/base.png,/home/ubuntu/scratch/sr-diffusion/benchmarks/selfexsr/SelfExSR-master/data/Set14/image_SRF_4/img_009_SRF_4_HR.png,/home/ubuntu/scratch/sr-diffusion/benchmarks/selfexsr/SelfExSR-master/data/Set14/image_SRF_4/img_009_SRF_4_LR.png,32.20318581490468,30.129330880716306,0.8598864889781695,0.7841904324562704
Set14,img_010,bicubic,generated:matlab_bicubic_resize,/home/ubuntu/scratch/sr-diffusion/benchmarks/selfexsr/SelfExSR-master/data/Set14/image_SRF_4/img_010_SRF_4_HR.png,/home/ubuntu/scratch/sr-diffusion/benchmarks/selfexsr/SelfExSR-master/data/Set14/image_SRF_4/img_010_SRF_4_LR.png,25.69774964383376,24.375828331957024,0.6763730659141758,0.6442896984785456
Set14,img_010,stage2_bridge_guarded_soup_a025,/home/ubuntu/scratch/sr-diffusion/benchmark_outputs/stage2_bridge_guarded_soup_a025/Set14/img_010/base.png,/home/ubuntu/scratch/sr-diffusion/benchmarks/selfexsr/SelfExSR-master/data/Set14/image_SRF_4/img_010_SRF_4_HR.png,/home/ubuntu/scratch/sr-diffusion/benchmarks/selfexsr/SelfExSR-master/data/Set14/image_SRF_4/img_010_SRF_4_LR.png,27.319180816467625,25.993373600997668,0.7494490433254667,0.7222721202867769
Set14,img_011,bicubic,generated:matlab_bicubic_resize,/home/ubuntu/scratch/sr-diffusion/benchmarks/selfexsr/SelfExSR-master/data/Set14/image_SRF_4/img_011_SRF_4_HR.png,/home/ubuntu/scratch/sr-diffusion/benchmarks/selfexsr/SelfExSR-master/data/Set14/image_SRF_4/img_011_SRF_4_LR.png,27.460085440327433,26.159299860095608,0.8815876528993428,0.8645013607341226
Set14,img_011,stage2_bridge_guarded_soup_a025,/home/ubuntu/scratch/sr-diffusion/benchmark_outputs/stage2_bridge_guarded_soup_a025/Set14/img_011/base.png,/home/ubuntu/scratch/sr-diffusion/benchmarks/selfexsr/SelfExSR-master/data/Set14/image_SRF_4/img_011_SRF_4_HR.png,/home/ubuntu/scratch/sr-diffusion/benchmarks/selfexsr/SelfExSR-master/data/Set14/image_SRF_4/img_011_SRF_4_LR.png,32.08823086750827,30.629435567150924,0.9390494495102876,0.9252526167292765
Set14,img_012,bicubic,generated:matlab_bicubic_resize,/home/ubuntu/scratch/sr-diffusion/benchmarks/selfexsr/SelfExSR-master/data/Set14/image_SRF_4/img_012_SRF_4_HR.png,/home/ubuntu/scratch/sr-diffusion/benchmarks/selfexsr/SelfExSR-master/data/Set14/image_SRF_4/img_012_SRF_4_LR.png,30.594995925144815,28.586832638902877,0.8378823604823411,0.7514794473223185
Set14,img_012,stage2_bridge_guarded_soup_a025,/home/ubuntu/scratch/sr-diffusion/benchmark_outputs/stage2_bridge_guarded_soup_a025/Set14/img_012/base.png,/home/ubuntu/scratch/sr-diffusion/benchmarks/selfexsr/SelfExSR-master/data/Set14/image_SRF_4/img_012_SRF_4_HR.png,/home/ubuntu/scratch/sr-diffusion/benchmarks/selfexsr/SelfExSR-master/data/Set14/image_SRF_4/img_012_SRF_4_LR.png,34.017143721124995,30.995220584548562,0.877783987548988,0.7886975134630195
Set14,img_013,bicubic,generated:matlab_bicubic_resize,/home/ubuntu/scratch/sr-diffusion/benchmarks/selfexsr/SelfExSR-master/data/Set14/image_SRF_4/img_013_SRF_4_HR.png,/home/ubuntu/scratch/sr-diffusion/benchmarks/selfexsr/SelfExSR-master/data/Set14/image_SRF_4/img_013_SRF_4_LR.png,21.918751658583236,20.32663844151134,0.8191591789793446,0.7988054773002943
Set14,img_013,stage2_bridge_guarded_soup_a025,/home/ubuntu/scratch/sr-diffusion/benchmark_outputs/stage2_bridge_guarded_soup_a025/Set14/img_013/base.png,/home/ubuntu/scratch/sr-diffusion/benchmarks/selfexsr/SelfExSR-master/data/Set14/image_SRF_4/img_013_SRF_4_HR.png,/home/ubuntu/scratch/sr-diffusion/benchmarks/selfexsr/SelfExSR-master/data/Set14/image_SRF_4/img_013_SRF_4_LR.png,26.55334815076472,24.868675387093695,0.94390755851521,0.9307871278087382
Set14,img_014,bicubic,generated:matlab_bicubic_resize,/home/ubuntu/scratch/sr-diffusion/benchmarks/selfexsr/SelfExSR-master/data/Set14/image_SRF_4/img_014_SRF_4_HR.png,/home/ubuntu/scratch/sr-diffusion/benchmarks/selfexsr/SelfExSR-master/data/Set14/image_SRF_4/img_014_SRF_4_LR.png,24.06409731888616,22.733617565885538,0.6850491717292527,0.6562341244114772
Set14,img_014,stage2_bridge_guarded_soup_a025,/home/ubuntu/scratch/sr-diffusion/benchmark_outputs/stage2_bridge_guarded_soup_a025/Set14/img_014/base.png,/home/ubuntu/scratch/sr-diffusion/benchmarks/selfexsr/SelfExSR-master/data/Set14/image_SRF_4/img_014_SRF_4_HR.png,/home/ubuntu/scratch/sr-diffusion/benchmarks/selfexsr/SelfExSR-master/data/Set14/image_SRF_4/img_014_SRF_4_LR.png,27.30819298067384,25.906824435487387,0.780633596340614,0.7613555714450086
Urban100,img_001,bicubic,generated:matlab_bicubic_resize,/home/ubuntu/scratch/sr-diffusion/benchmarks/selfexsr/SelfExSR-master/data/Urban100/image_SRF_4/img_001_SRF_4_HR.png,/home/ubuntu/scratch/sr-diffusion/benchmarks/selfexsr/SelfExSR-master/data/Urban100/image_SRF_4/img_001_SRF_4_LR.png,25.110482954456664,23.69721977262563,0.6683022129799351,0.6327362860643113
Urban100,img_001,stage2_bridge_guarded_soup_a025,/home/ubuntu/scratch/sr-diffusion/benchmark_outputs/stage2_bridge_guarded_soup_a025/Urban100/img_001/base.png,/home/ubuntu/scratch/sr-diffusion/benchmarks/selfexsr/SelfExSR-master/data/Urban100/image_SRF_4/img_001_SRF_4_HR.png,/home/ubuntu/scratch/sr-diffusion/benchmarks/selfexsr/SelfExSR-master/data/Urban100/image_SRF_4/img_001_SRF_4_LR.png,27.50034983458694,26.083481088171865,0.7660109074777853,0.7362814953222663
Urban100,img_002,bicubic,generated:matlab_bicubic_resize,/home/ubuntu/scratch/sr-diffusion/benchmarks/selfexsr/SelfExSR-master/data/Urban100/image_SRF_4/img_002_SRF_4_HR.png,/home/ubuntu/scratch/sr-diffusion/benchmarks/selfexsr/SelfExSR-master/data/Urban100/image_SRF_4/img_002_SRF_4_LR.png,24.18377354976073,22.87118080890748,0.6785306447604319,0.6529762804661953
Urban100,img_002,stage2_bridge_guarded_soup_a025,/home/ubuntu/scratch/sr-diffusion/benchmark_outputs/stage2_bridge_guarded_soup_a025/Urban100/img_002/base.png,/home/ubuntu/scratch/sr-diffusion/benchmarks/selfexsr/SelfExSR-master/data/Urban100/image_SRF_4/img_002_SRF_4_HR.png,/home/ubuntu/scratch/sr-diffusion/benchmarks/selfexsr/SelfExSR-master/data/Urban100/image_SRF_4/img_002_SRF_4_LR.png,26.29917401039265,24.911888581423817,0.8055156043086481,0.7836891813777359
Urban100,img_003,bicubic,generated:matlab_bicubic_resize,/home/ubuntu/scratch/sr-diffusion/benchmarks/selfexsr/SelfExSR-master/data/Urban100/image_SRF_4/img_003_SRF_4_HR.png,/home/ubuntu/scratch/sr-diffusion/benchmarks/selfexsr/SelfExSR-master/data/Urban100/image_SRF_4/img_003_SRF_4_LR.png,22.021559986783167,20.458597006646123,0.5512587250901113,0.512082699357618
Urban100,img_003,stage2_bridge_guarded_soup_a025,/home/ubuntu/scratch/sr-diffusion/benchmark_outputs/stage2_bridge_guarded_soup_a025/Urban100/img_003/base.png,/home/ubuntu/scratch/sr-diffusion/benchmarks/selfexsr/SelfExSR-master/data/Urban100/image_SRF_4/img_003_SRF_4_HR.png,/home/ubuntu/scratch/sr-diffusion/benchmarks/selfexsr/SelfExSR-master/data/Urban100/image_SRF_4/img_003_SRF_4_LR.png,23.625024797663038,22.027438251584282,0.6749047618379461,0.6384402920722775
Urban100,img_004,bicubic,generated:matlab_bicubic_resize,/home/ubuntu/scratch/sr-diffusion/benchmarks/selfexsr/SelfExSR-master/data/Urban100/image_SRF_4/img_004_SRF_4_HR.png,/home/ubuntu/scratch/sr-diffusion/benchmarks/selfexsr/SelfExSR-master/data/Urban100/image_SRF_4/img_004_SRF_4_LR.png,21.085270653159476,19.809291388948008,0.6794218742848984,0.6515208689708104
Urban100,img_004,stage2_bridge_guarded_soup_a025,/home/ubuntu/scratch/sr-diffusion/benchmark_outputs/stage2_bridge_guarded_soup_a025/Urban100/img_004/base.png,/home/ubuntu/scratch/sr-diffusion/benchmarks/selfexsr/SelfExSR-master/data/Urban100/image_SRF_4/img_004_SRF_4_HR.png,/home/ubuntu/scratch/sr-diffusion/benchmarks/selfexsr/SelfExSR-master/data/Urban100/image_SRF_4/img_004_SRF_4_LR.png,22.813751879339186,21.50487513995661,0.8133290494860621,0.7976535790686468
Urban100,img_005,bicubic,generated:matlab_bicubic_resize,/home/ubuntu/scratch/sr-diffusion/benchmarks/selfexsr/SelfExSR-master/data/Urban100/image_SRF_4/img_005_SRF_4_HR.png,/home/ubuntu/scratch/sr-diffusion/benchmarks/selfexsr/SelfExSR-master/data/Urban100/image_SRF_4/img_005_SRF_4_LR.png,23.311374224937737,21.978461981947895,0.834758260244483,0.8124589627858788
Urban100,img_005,stage2_bridge_guarded_soup_a025,/home/ubuntu/scratch/sr-diffusion/benchmark_outputs/stage2_bridge_guarded_soup_a025/Urban100/img_005/base.png,/home/ubuntu/scratch/sr-diffusion/benchmarks/selfexsr/SelfExSR-master/data/Urban100/image_SRF_4/img_005_SRF_4_HR.png,/home/ubuntu/scratch/sr-diffusion/benchmarks/selfexsr/SelfExSR-master/data/Urban100/image_SRF_4/img_005_SRF_4_LR.png,26.766750457609486,25.409570457072622,0.9373973567665494,0.9216356677074953
Urban100,img_006,bicubic,generated:matlab_bicubic_resize,/home/ubuntu/scratch/sr-diffusion/benchmarks/selfexsr/SelfExSR-master/data/Urban100/image_SRF_4/img_006_SRF_4_HR.png,/home/ubuntu/scratch/sr-diffusion/benchmarks/selfexsr/SelfExSR-master/data/Urban100/image_SRF_4/img_006_SRF_4_LR.png,20.518094027848935,19.166741325675908,0.4899617850676942,0.4594142985163327
Urban100,img_006,stage2_bridge_guarded_soup_a025,/home/ubuntu/scratch/sr-diffusion/benchmark_outputs/stage2_bridge_guarded_soup_a025/Urban100/img_006/base.png,/home/ubuntu/scratch/sr-diffusion/benchmarks/selfexsr/SelfExSR-master/data/Urban100/image_SRF_4/img_006_SRF_4_HR.png,/home/ubuntu/scratch/sr-diffusion/benchmarks/selfexsr/SelfExSR-master/data/Urban100/image_SRF_4/img_006_SRF_4_LR.png,22.20611563352909,20.859102300359154,0.6087779989068143,0.5818973282053849
Urban100,img_007,bicubic,generated:matlab_bicubic_resize,/home/ubuntu/scratch/sr-diffusion/benchmarks/selfexsr/SelfExSR-master/data/Urban100/image_SRF_4/img_007_SRF_4_HR.png,/home/ubuntu/scratch/sr-diffusion/benchmarks/selfexsr/SelfExSR-master/data/Urban100/image_SRF_4/img_007_SRF_4_LR.png,26.1711519966253,24.716818522012044,0.7707393411138527,0.7449178324099822
Urban100,img_007,stage2_bridge_guarded_soup_a025,/home/ubuntu/scratch/sr-diffusion/benchmark_outputs/stage2_bridge_guarded_soup_a025/Urban100/img_007/base.png,/home/ubuntu/scratch/sr-diffusion/benchmarks/selfexsr/SelfExSR-master/data/Urban100/image_SRF_4/img_007_SRF_4_HR.png,/home/ubuntu/scratch/sr-diffusion/benchmarks/selfexsr/SelfExSR-master/data/Urban100/image_SRF_4/img_007_SRF_4_LR.png,29.374381230077734,27.812232610148907,0.8597808278294615,0.8390595098447182
Urban100,img_008,bicubic,generated:matlab_bicubic_resize,/home/ubuntu/scratch/sr-diffusion/benchmarks/selfexsr/SelfExSR-master/data/Urban100/image_SRF_4/img_008_SRF_4_HR.png,/home/ubuntu/scratch/sr-diffusion/benchmarks/selfexsr/SelfExSR-master/data/Urban100/image_SRF_4/img_008_SRF_4_LR.png,19.72837325759844,18.479764705190938,0.49172464689950457,0.47930188207983715
Urban100,img_008,stage2_bridge_guarded_soup_a025,/home/ubuntu/scratch/sr-diffusion/benchmark_outputs/stage2_bridge_guarded_soup_a025/Urban100/img_008/base.png,/home/ubuntu/scratch/sr-diffusion/benchmarks/selfexsr/SelfExSR-master/data/Urban100/image_SRF_4/img_008_SRF_4_HR.png,/home/ubuntu/scratch/sr-diffusion/benchmarks/selfexsr/SelfExSR-master/data/Urban100/image_SRF_4/img_008_SRF_4_LR.png,21.083287141338367,19.848040516346003,0.6345150918082271,0.6249045966599995
Urban100,img_009,bicubic,generated:matlab_bicubic_resize,/home/ubuntu/scratch/sr-diffusion/benchmarks/selfexsr/SelfExSR-master/data/Urban100/image_SRF_4/img_009_SRF_4_HR.png,/home/ubuntu/scratch/sr-diffusion/benchmarks/selfexsr/SelfExSR-master/data/Urban100/image_SRF_4/img_009_SRF_4_LR.png,30.886290260912315,29.316788091720575,0.8562595033270494,0.8347944565597789
Urban100,img_009,stage2_bridge_guarded_soup_a025,/home/ubuntu/scratch/sr-diffusion/benchmark_outputs/stage2_bridge_guarded_soup_a025/Urban100/img_009/base.png,/home/ubuntu/scratch/sr-diffusion/benchmarks/selfexsr/SelfExSR-master/data/Urban100/image_SRF_4/img_009_SRF_4_HR.png,/home/ubuntu/scratch/sr-diffusion/benchmarks/selfexsr/SelfExSR-master/data/Urban100/image_SRF_4/img_009_SRF_4_LR.png,33.71064699794951,31.9346060828261,0.9252194557571296,0.9053630519263804
Urban100,img_010,bicubic,generated:matlab_bicubic_resize,/home/ubuntu/scratch/sr-diffusion/benchmarks/selfexsr/SelfExSR-master/data/Urban100/image_SRF_4/img_010_SRF_4_HR.png,/home/ubuntu/scratch/sr-diffusion/benchmarks/selfexsr/SelfExSR-master/data/Urban100/image_SRF_4/img_010_SRF_4_LR.png,23.595973487219002,22.2239239383996,0.7884330666099826,0.7646972902911452
Urban100,img_010,stage2_bridge_guarded_soup_a025,/home/ubuntu/scratch/sr-diffusion/benchmark_outputs/stage2_bridge_guarded_soup_a025/Urban100/img_010/base.png,/home/ubuntu/scratch/sr-diffusion/benchmarks/selfexsr/SelfExSR-master/data/Urban100/image_SRF_4/img_010_SRF_4_HR.png,/home/ubuntu/scratch/sr-diffusion/benchmarks/selfexsr/SelfExSR-master/data/Urban100/image_SRF_4/img_010_SRF_4_LR.png,26.62416300173931,25.229683011822665,0.8739085528238641,0.8524732137878376
Urban100,img_011,bicubic,generated:matlab_bicubic_resize,/home/ubuntu/scratch/sr-diffusion/benchmarks/selfexsr/SelfExSR-master/data/Urban100/image_SRF_4/img_011_SRF_4_HR.png,/home/ubuntu/scratch/sr-diffusion/benchmarks/selfexsr/SelfExSR-master/data/Urban100/image_SRF_4/img_011_SRF_4_LR.png,16.031358558877024,14.709437247000285,0.6068667465305941,0.565020670379502
Urban100,img_011,stage2_bridge_guarded_soup_a025,/home/ubuntu/scratch/sr-diffusion/benchmark_outputs/stage2_bridge_guarded_soup_a025/Urban100/img_011/base.png,/home/ubuntu/scratch/sr-diffusion/benchmarks/selfexsr/SelfExSR-master/data/Urban100/image_SRF_4/img_011_SRF_4_HR.png,/home/ubuntu/scratch/sr-diffusion/benchmarks/selfexsr/SelfExSR-master/data/Urban100/image_SRF_4/img_011_SRF_4_LR.png,17.79787483052742,16.474137011751814,0.7861855696980141,0.7370156358583358
Urban100,img_012,bicubic,generated:matlab_bicubic_resize,/home/ubuntu/scratch/sr-diffusion/benchmarks/selfexsr/SelfExSR-master/data/Urban100/image_SRF_4/img_012_SRF_4_HR.png,/home/ubuntu/scratch/sr-diffusion/benchmarks/selfexsr/SelfExSR-master/data/Urban100/image_SRF_4/img_012_SRF_4_LR.png,22.536116494431294,20.666621513321285,0.6136292692255034,0.5890983187520201
Urban100,img_012,stage2_bridge_guarded_soup_a025,/home/ubuntu/scratch/sr-diffusion/benchmark_outputs/stage2_bridge_guarded_soup_a025/Urban100/img_012/base.png,/home/ubuntu/scratch/sr-diffusion/benchmarks/selfexsr/SelfExSR-master/data/Urban100/image_SRF_4/img_012_SRF_4_HR.png,/home/ubuntu/scratch/sr-diffusion/benchmarks/selfexsr/SelfExSR-master/data/Urban100/image_SRF_4/img_012_SRF_4_LR.png,23.628358841128087,21.74558289626845,0.7160223030822446,0.6901726699377745
Urban100,img_013,bicubic,generated:matlab_bicubic_resize,/home/ubuntu/scratch/sr-diffusion/benchmarks/selfexsr/SelfExSR-master/data/Urban100/image_SRF_4/img_013_SRF_4_HR.png,/home/ubuntu/scratch/sr-diffusion/benchmarks/selfexsr/SelfExSR-master/data/Urban100/image_SRF_4/img_013_SRF_4_LR.png,26.44583405951056,25.244462678198474,0.7254128631762082,0.6781621029284265
Urban100,img_013,stage2_bridge_guarded_soup_a025,/home/ubuntu/scratch/sr-diffusion/benchmark_outputs/stage2_bridge_guarded_soup_a025/Urban100/img_013/base.png,/home/ubuntu/scratch/sr-diffusion/benchmarks/selfexsr/SelfExSR-master/data/Urban100/image_SRF_4/img_013_SRF_4_HR.png,/home/ubuntu/scratch/sr-diffusion/benchmarks/selfexsr/SelfExSR-master/data/Urban100/image_SRF_4/img_013_SRF_4_LR.png,29.161209981843413,27.80879626414238,0.8284103198152308,0.7832356575201779
Urban100,img_014,bicubic,generated:matlab_bicubic_resize,/home/ubuntu/scratch/sr-diffusion/benchmarks/selfexsr/SelfExSR-master/data/Urban100/image_SRF_4/img_014_SRF_4_HR.png,/home/ubuntu/scratch/sr-diffusion/benchmarks/selfexsr/SelfExSR-master/data/Urban100/image_SRF_4/img_014_SRF_4_LR.png,21.339486599437528,20.048655752752946,0.5807748130564734,0.5588578874082599
Urban100,img_014,stage2_bridge_guarded_soup_a025,/home/ubuntu/scratch/sr-diffusion/benchmark_outputs/stage2_bridge_guarded_soup_a025/Urban100/img_014/base.png,/home/ubuntu/scratch/sr-diffusion/benchmarks/selfexsr/SelfExSR-master/data/Urban100/image_SRF_4/img_014_SRF_4_HR.png,/home/ubuntu/scratch/sr-diffusion/benchmarks/selfexsr/SelfExSR-master/data/Urban100/image_SRF_4/img_014_SRF_4_LR.png,22.29147178441786,20.99830288146077,0.6821869216628379,0.6637796073259995
Urban100,img_015,bicubic,generated:matlab_bicubic_resize,/home/ubuntu/scratch/sr-diffusion/benchmarks/selfexsr/SelfExSR-master/data/Urban100/image_SRF_4/img_015_SRF_4_HR.png,/home/ubuntu/scratch/sr-diffusion/benchmarks/selfexsr/SelfExSR-master/data/Urban100/image_SRF_4/img_015_SRF_4_LR.png,23.002766171959212,21.7063326522903,0.60500655424017,0.558017262981414
Urban100,img_015,stage2_bridge_guarded_soup_a025,/home/ubuntu/scratch/sr-diffusion/benchmark_outputs/stage2_bridge_guarded_soup_a025/Urban100/img_015/base.png,/home/ubuntu/scratch/sr-diffusion/benchmarks/selfexsr/SelfExSR-master/data/Urban100/image_SRF_4/img_015_SRF_4_HR.png,/home/ubuntu/scratch/sr-diffusion/benchmarks/selfexsr/SelfExSR-master/data/Urban100/image_SRF_4/img_015_SRF_4_LR.png,25.766213703114143,24.343316523005267,0.7258641421311838,0.6806419853759652
Urban100,img_016,bicubic,generated:matlab_bicubic_resize,/home/ubuntu/scratch/sr-diffusion/benchmarks/selfexsr/SelfExSR-master/data/Urban100/image_SRF_4/img_016_SRF_4_HR.png,/home/ubuntu/scratch/sr-diffusion/benchmarks/selfexsr/SelfExSR-master/data/Urban100/image_SRF_4/img_016_SRF_4_LR.png,25.472137160590236,24.113360268811668,0.8257433416558179,0.8071895969020878
Urban100,img_016,stage2_bridge_guarded_soup_a025,/home/ubuntu/scratch/sr-diffusion/benchmark_outputs/stage2_bridge_guarded_soup_a025/Urban100/img_016/base.png,/home/ubuntu/scratch/sr-diffusion/benchmarks/selfexsr/SelfExSR-master/data/Urban100/image_SRF_4/img_016_SRF_4_HR.png,/home/ubuntu/scratch/sr-diffusion/benchmarks/selfexsr/SelfExSR-master/data/Urban100/image_SRF_4/img_016_SRF_4_LR.png,29.47052422732955,28.046962349169547,0.9055322533782091,0.8916273955539694
Urban100,img_017,bicubic,generated:matlab_bicubic_resize,/home/ubuntu/scratch/sr-diffusion/benchmarks/selfexsr/SelfExSR-master/data/Urban100/image_SRF_4/img_017_SRF_4_HR.png,/home/ubuntu/scratch/sr-diffusion/benchmarks/selfexsr/SelfExSR-master/data/Urban100/image_SRF_4/img_017_SRF_4_LR.png,23.449101860001576,22.02103895989201,0.7141190695411981,0.6971294491763044
Urban100,img_017,stage2_bridge_guarded_soup_a025,/home/ubuntu/scratch/sr-diffusion/benchmark_outputs/stage2_bridge_guarded_soup_a025/Urban100/img_017/base.png,/home/ubuntu/scratch/sr-diffusion/benchmarks/selfexsr/SelfExSR-master/data/Urban100/image_SRF_4/img_017_SRF_4_HR.png,/home/ubuntu/scratch/sr-diffusion/benchmarks/selfexsr/SelfExSR-master/data/Urban100/image_SRF_4/img_017_SRF_4_LR.png,25.353427837742174,23.871056355151154,0.8171849146930443,0.8015625047352168
Urban100,img_018,bicubic,generated:matlab_bicubic_resize,/home/ubuntu/scratch/sr-diffusion/benchmarks/selfexsr/SelfExSR-master/data/Urban100/image_SRF_4/img_018_SRF_4_HR.png,/home/ubuntu/scratch/sr-diffusion/benchmarks/selfexsr/SelfExSR-master/data/Urban100/image_SRF_4/img_018_SRF_4_LR.png,24.851534571243633,23.097980869944436,0.6183057502946545,0.5794852449779938
Urban100,img_018,stage2_bridge_guarded_soup_a025,/home/ubuntu/scratch/sr-diffusion/benchmark_outputs/stage2_bridge_guarded_soup_a025/Urban100/img_018/base.png,/home/ubuntu/scratch/sr-diffusion/benchmarks/selfexsr/SelfExSR-master/data/Urban100/image_SRF_4/img_018_SRF_4_HR.png,/home/ubuntu/scratch/sr-diffusion/benchmarks/selfexsr/SelfExSR-master/data/Urban100/image_SRF_4/img_018_SRF_4_LR.png,26.2559012253274,24.46467934195151,0.7102593333213499,0.6709844800872853
Urban100,img_019,bicubic,generated:matlab_bicubic_resize,/home/ubuntu/scratch/sr-diffusion/benchmarks/selfexsr/SelfExSR-master/data/Urban100/image_SRF_4/img_019_SRF_4_HR.png,/home/ubuntu/scratch/sr-diffusion/benchmarks/selfexsr/SelfExSR-master/data/Urban100/image_SRF_4/img_019_SRF_4_LR.png,19.04144760906948,17.699774648424395,0.6518664380843459,0.6018977901345693
Urban100,img_019,stage2_bridge_guarded_soup_a025,/home/ubuntu/scratch/sr-diffusion/benchmark_outputs/stage2_bridge_guarded_soup_a025/Urban100/img_019/base.png,/home/ubuntu/scratch/sr-diffusion/benchmarks/selfexsr/SelfExSR-master/data/Urban100/image_SRF_4/img_019_SRF_4_HR.png,/home/ubuntu/scratch/sr-diffusion/benchmarks/selfexsr/SelfExSR-master/data/Urban100/image_SRF_4/img_019_SRF_4_LR.png,21.075092754767972,19.641238712984602,0.7851118466037567,0.7329885804928478
Urban100,img_020,bicubic,generated:matlab_bicubic_resize,/home/ubuntu/scratch/sr-diffusion/benchmarks/selfexsr/SelfExSR-master/data/Urban100/image_SRF_4/img_020_SRF_4_HR.png,/home/ubuntu/scratch/sr-diffusion/benchmarks/selfexsr/SelfExSR-master/data/Urban100/image_SRF_4/img_020_SRF_4_LR.png,20.47143042494578,19.09909649288525,0.5949958970158172,0.5767426496533842
Urban100,img_020,stage2_bridge_guarded_soup_a025,/home/ubuntu/scratch/sr-diffusion/benchmark_outputs/stage2_bridge_guarded_soup_a025/Urban100/img_020/base.png,/home/ubuntu/scratch/sr-diffusion/benchmarks/selfexsr/SelfExSR-master/data/Urban100/image_SRF_4/img_020_SRF_4_HR.png,/home/ubuntu/scratch/sr-diffusion/benchmarks/selfexsr/SelfExSR-master/data/Urban100/image_SRF_4/img_020_SRF_4_LR.png,21.858216106258794,20.486857597981285,0.7092176781046705,0.6930078971234225
Urban100,img_021,bicubic,generated:matlab_bicubic_resize,/home/ubuntu/scratch/sr-diffusion/benchmarks/selfexsr/SelfExSR-master/data/Urban100/image_SRF_4/img_021_SRF_4_HR.png,/home/ubuntu/scratch/sr-diffusion/benchmarks/selfexsr/SelfExSR-master/data/Urban100/image_SRF_4/img_021_SRF_4_LR.png,27.735499361159384,26.336831057074292,0.7207112520844714,0.6863556240964371
Urban100,img_021,stage2_bridge_guarded_soup_a025,/home/ubuntu/scratch/sr-diffusion/benchmark_outputs/stage2_bridge_guarded_soup_a025/Urban100/img_021/base.png,/home/ubuntu/scratch/sr-diffusion/benchmarks/selfexsr/SelfExSR-master/data/Urban100/image_SRF_4/img_021_SRF_4_HR.png,/home/ubuntu/scratch/sr-diffusion/benchmarks/selfexsr/SelfExSR-master/data/Urban100/image_SRF_4/img_021_SRF_4_LR.png,29.456513654413005,28.056194711401297,0.7839201856168789,0.7564945132026223
Urban100,img_022,bicubic,generated:matlab_bicubic_resize,/home/ubuntu/scratch/sr-diffusion/benchmarks/selfexsr/SelfExSR-master/data/Urban100/image_SRF_4/img_022_SRF_4_HR.png,/home/ubuntu/scratch/sr-diffusion/benchmarks/selfexsr/SelfExSR-master/data/Urban100/image_SRF_4/img_022_SRF_4_LR.png,25.082862403988138,23.75551337537223,0.6928358011919832,0.6706292351691059
Urban100,img_022,stage2_bridge_guarded_soup_a025,/home/ubuntu/scratch/sr-diffusion/benchmark_outputs/stage2_bridge_guarded_soup_a025/Urban100/img_022/base.png,/home/ubuntu/scratch/sr-diffusion/benchmarks/selfexsr/SelfExSR-master/data/Urban100/image_SRF_4/img_022_SRF_4_HR.png,/home/ubuntu/scratch/sr-diffusion/benchmarks/selfexsr/SelfExSR-master/data/Urban100/image_SRF_4/img_022_SRF_4_LR.png,25.931351075740878,24.594110879876364,0.7531388603854857,0.7321308008597714
Urban100,img_023,bicubic,generated:matlab_bicubic_resize,/home/ubuntu/scratch/sr-diffusion/benchmarks/selfexsr/SelfExSR-master/data/Urban100/image_SRF_4/img_023_SRF_4_HR.png,/home/ubuntu/scratch/sr-diffusion/benchmarks/selfexsr/SelfExSR-master/data/Urban100/image_SRF_4/img_023_SRF_4_LR.png,26.437912811680576,24.787371565806126,0.8046619030325985,0.7828074913802666
Urban100,img_023,stage2_bridge_guarded_soup_a025,/home/ubuntu/scratch/sr-diffusion/benchmark_outputs/stage2_bridge_guarded_soup_a025/Urban100/img_023/base.png,/home/ubuntu/scratch/sr-diffusion/benchmarks/selfexsr/SelfExSR-master/data/Urban100/image_SRF_4/img_023_SRF_4_HR.png,/home/ubuntu/scratch/sr-diffusion/benchmarks/selfexsr/SelfExSR-master/data/Urban100/image_SRF_4/img_023_SRF_4_LR.png,29.549622872215096,27.740558156110726,0.8976820813908056,0.8765984873562349
Urban100,img_024,bicubic,generated:matlab_bicubic_resize,/home/ubuntu/scratch/sr-diffusion/benchmarks/selfexsr/SelfExSR-master/data/Urban100/image_SRF_4/img_024_SRF_4_HR.png,/home/ubuntu/scratch/sr-diffusion/benchmarks/selfexsr/SelfExSR-master/data/Urban100/image_SRF_4/img_024_SRF_4_LR.png,18.140174179153,16.82093152536217,0.45926104901959813,0.4420837595672789
Urban100,img_024,stage2_bridge_guarded_soup_a025,/home/ubuntu/scratch/sr-diffusion/benchmark_outputs/stage2_bridge_guarded_soup_a025/Urban100/img_024/base.png,/home/ubuntu/scratch/sr-diffusion/benchmarks/selfexsr/SelfExSR-master/data/Urban100/image_SRF_4/img_024_SRF_4_HR.png,/home/ubuntu/scratch/sr-diffusion/benchmarks/selfexsr/SelfExSR-master/data/Urban100/image_SRF_4/img_024_SRF_4_LR.png,19.590528637980054,18.236627965037016,0.6094840237396643,0.59364153398109
Urban100,img_025,bicubic,generated:matlab_bicubic_resize,/home/ubuntu/scratch/sr-diffusion/benchmarks/selfexsr/SelfExSR-master/data/Urban100/image_SRF_4/img_025_SRF_4_HR.png,/home/ubuntu/scratch/sr-diffusion/benchmarks/selfexsr/SelfExSR-master/data/Urban100/image_SRF_4/img_025_SRF_4_LR.png,26.168014348225917,24.845806912334307,0.8009403041606461,0.7701841103828319
Urban100,img_025,stage2_bridge_guarded_soup_a025,/home/ubuntu/scratch/sr-diffusion/benchmark_outputs/stage2_bridge_guarded_soup_a025/Urban100/img_025/base.png,/home/ubuntu/scratch/sr-diffusion/benchmarks/selfexsr/SelfExSR-master/data/Urban100/image_SRF_4/img_025_SRF_4_HR.png,/home/ubuntu/scratch/sr-diffusion/benchmarks/selfexsr/SelfExSR-master/data/Urban100/image_SRF_4/img_025_SRF_4_LR.png,31.54474766998721,30.0789989187627,0.8952679719135013,0.8702263554740802
Urban100,img_026,bicubic,generated:matlab_bicubic_resize,/home/ubuntu/scratch/sr-diffusion/benchmarks/selfexsr/SelfExSR-master/data/Urban100/image_SRF_4/img_026_SRF_4_HR.png,/home/ubuntu/scratch/sr-diffusion/benchmarks/selfexsr/SelfExSR-master/data/Urban100/image_SRF_4/img_026_SRF_4_LR.png,25.468174238299003,24.082437383122645,0.6153236323313762,0.5583346002499285
Urban100,img_026,stage2_bridge_guarded_soup_a025,/home/ubuntu/scratch/sr-diffusion/benchmark_outputs/stage2_bridge_guarded_soup_a025/Urban100/img_026/base.png,/home/ubuntu/scratch/sr-diffusion/benchmarks/selfexsr/SelfExSR-master/data/Urban100/image_SRF_4/img_026_SRF_4_HR.png,/home/ubuntu/scratch/sr-diffusion/benchmarks/selfexsr/SelfExSR-master/data/Urban100/image_SRF_4/img_026_SRF_4_LR.png,27.61704923413321,26.168710464137597,0.697614387832137,0.6443054434134278
Urban100,img_027,bicubic,generated:matlab_bicubic_resize,/home/ubuntu/scratch/sr-diffusion/benchmarks/selfexsr/SelfExSR-master/data/Urban100/image_SRF_4/img_027_SRF_4_HR.png,/home/ubuntu/scratch/sr-diffusion/benchmarks/selfexsr/SelfExSR-master/data/Urban100/image_SRF_4/img_027_SRF_4_LR.png,26.571111713129145,25.350413226721493,0.722375305655982,0.697351647449011
Urban100,img_027,stage2_bridge_guarded_soup_a025,/home/ubuntu/scratch/sr-diffusion/benchmark_outputs/stage2_bridge_guarded_soup_a025/Urban100/img_027/base.png,/home/ubuntu/scratch/sr-diffusion/benchmarks/selfexsr/SelfExSR-master/data/Urban100/image_SRF_4/img_027_SRF_4_HR.png,/home/ubuntu/scratch/sr-diffusion/benchmarks/selfexsr/SelfExSR-master/data/Urban100/image_SRF_4/img_027_SRF_4_LR.png,28.146808103377307,26.92050983062156,0.7929633130109484,0.7718285212089232
Urban100,img_028,bicubic,generated:matlab_bicubic_resize,/home/ubuntu/scratch/sr-diffusion/benchmarks/selfexsr/SelfExSR-master/data/Urban100/image_SRF_4/img_028_SRF_4_HR.png,/home/ubuntu/scratch/sr-diffusion/benchmarks/selfexsr/SelfExSR-master/data/Urban100/image_SRF_4/img_028_SRF_4_LR.png,28.47685602262951,27.154934710752773,0.8123672591345243,0.79059496267949
Urban100,img_028,stage2_bridge_guarded_soup_a025,/home/ubuntu/scratch/sr-diffusion/benchmark_outputs/stage2_bridge_guarded_soup_a025/Urban100/img_028/base.png,/home/ubuntu/scratch/sr-diffusion/benchmarks/selfexsr/SelfExSR-master/data/Urban100/image_SRF_4/img_028_SRF_4_HR.png,/home/ubuntu/scratch/sr-diffusion/benchmarks/selfexsr/SelfExSR-master/data/Urban100/image_SRF_4/img_028_SRF_4_LR.png,31.17031232974629,29.839425193411483,0.8728922908331082,0.8551876411177676
Urban100,img_029,bicubic,generated:matlab_bicubic_resize,/home/ubuntu/scratch/sr-diffusion/benchmarks/selfexsr/SelfExSR-master/data/Urban100/image_SRF_4/img_029_SRF_4_HR.png,/home/ubuntu/scratch/sr-diffusion/benchmarks/selfexsr/SelfExSR-master/data/Urban100/image_SRF_4/img_029_SRF_4_LR.png,22.79958062053137,21.490713410403337,0.7110182465975007,0.682164906893559
Urban100,img_029,stage2_bridge_guarded_soup_a025,/home/ubuntu/scratch/sr-diffusion/benchmark_outputs/stage2_bridge_guarded_soup_a025/Urban100/img_029/base.png,/home/ubuntu/scratch/sr-diffusion/benchmarks/selfexsr/SelfExSR-master/data/Urban100/image_SRF_4/img_029_SRF_4_HR.png,/home/ubuntu/scratch/sr-diffusion/benchmarks/selfexsr/SelfExSR-master/data/Urban100/image_SRF_4/img_029_SRF_4_LR.png,26.60845153240456,25.230805845960766,0.8546741704585737,0.8324976094979316
Urban100,img_030,bicubic,generated:matlab_bicubic_resize,/home/ubuntu/scratch/sr-diffusion/benchmarks/selfexsr/SelfExSR-master/data/Urban100/image_SRF_4/img_030_SRF_4_HR.png,/home/ubuntu/scratch/sr-diffusion/benchmarks/selfexsr/SelfExSR-master/data/Urban100/image_SRF_4/img_030_SRF_4_LR.png,21.64530328657936,19.984138515071017,0.6249268923872517,0.5920848201870732
Urban100,img_030,stage2_bridge_guarded_soup_a025,/home/ubuntu/scratch/sr-diffusion/benchmark_outputs/stage2_bridge_guarded_soup_a025/Urban100/img_030/base.png,/home/ubuntu/scratch/sr-diffusion/benchmarks/selfexsr/SelfExSR-master/data/Urban100/image_SRF_4/img_030_SRF_4_HR.png,/home/ubuntu/scratch/sr-diffusion/benchmarks/selfexsr/SelfExSR-master/data/Urban100/image_SRF_4/img_030_SRF_4_LR.png,24.02110576101812,22.226292391612965,0.7861393108966139,0.7594259639996435
Urban100,img_031,bicubic,generated:matlab_bicubic_resize,/home/ubuntu/scratch/sr-diffusion/benchmarks/selfexsr/SelfExSR-master/data/Urban100/image_SRF_4/img_031_SRF_4_HR.png,/home/ubuntu/scratch/sr-diffusion/benchmarks/selfexsr/SelfExSR-master/data/Urban100/image_SRF_4/img_031_SRF_4_LR.png,22.79683221903957,21.391999868687815,0.6870075042678402,0.6649916990338259
Urban100,img_031,stage2_bridge_guarded_soup_a025,/home/ubuntu/scratch/sr-diffusion/benchmark_outputs/stage2_bridge_guarded_soup_a025/Urban100/img_031/base.png,/home/ubuntu/scratch/sr-diffusion/benchmarks/selfexsr/SelfExSR-master/data/Urban100/image_SRF_4/img_031_SRF_4_HR.png,/home/ubuntu/scratch/sr-diffusion/benchmarks/selfexsr/SelfExSR-master/data/Urban100/image_SRF_4/img_031_SRF_4_LR.png,23.845806020475262,22.408219199561813,0.7736336551278822,0.7523530580231169
Urban100,img_032,bicubic,generated:matlab_bicubic_resize,/home/ubuntu/scratch/sr-diffusion/benchmarks/selfexsr/SelfExSR-master/data/Urban100/image_SRF_4/img_032_SRF_4_HR.png,/home/ubuntu/scratch/sr-diffusion/benchmarks/selfexsr/SelfExSR-master/data/Urban100/image_SRF_4/img_032_SRF_4_LR.png,26.00785081222884,24.597136549902846,0.7514998473682752,0.7285312638078062
Urban100,img_032,stage2_bridge_guarded_soup_a025,/home/ubuntu/scratch/sr-diffusion/benchmark_outputs/stage2_bridge_guarded_soup_a025/Urban100/img_032/base.png,/home/ubuntu/scratch/sr-diffusion/benchmarks/selfexsr/SelfExSR-master/data/Urban100/image_SRF_4/img_032_SRF_4_HR.png,/home/ubuntu/scratch/sr-diffusion/benchmarks/selfexsr/SelfExSR-master/data/Urban100/image_SRF_4/img_032_SRF_4_LR.png,28.665158982215505,27.125207703737505,0.8424930684726686,0.8223531182708393
Urban100,img_033,bicubic,generated:matlab_bicubic_resize,/home/ubuntu/scratch/sr-diffusion/benchmarks/selfexsr/SelfExSR-master/data/Urban100/image_SRF_4/img_033_SRF_4_HR.png,/home/ubuntu/scratch/sr-diffusion/benchmarks/selfexsr/SelfExSR-master/data/Urban100/image_SRF_4/img_033_SRF_4_LR.png,24.167953582777212,22.66140686366622,0.6706355854112618,0.6407841406456082
Urban100,img_033,stage2_bridge_guarded_soup_a025,/home/ubuntu/scratch/sr-diffusion/benchmark_outputs/stage2_bridge_guarded_soup_a025/Urban100/img_033/base.png,/home/ubuntu/scratch/sr-diffusion/benchmarks/selfexsr/SelfExSR-master/data/Urban100/image_SRF_4/img_033_SRF_4_HR.png,/home/ubuntu/scratch/sr-diffusion/benchmarks/selfexsr/SelfExSR-master/data/Urban100/image_SRF_4/img_033_SRF_4_LR.png,26.848671871922477,25.122175788079524,0.7869842196125872,0.7586554433352485
Urban100,img_034,bicubic,generated:matlab_bicubic_resize,/home/ubuntu/scratch/sr-diffusion/benchmarks/selfexsr/SelfExSR-master/data/Urban100/image_SRF_4/img_034_SRF_4_HR.png,/home/ubuntu/scratch/sr-diffusion/benchmarks/selfexsr/SelfExSR-master/data/Urban100/image_SRF_4/img_034_SRF_4_LR.png,21.412567909441897,19.597627017947644,0.47979171570901513,0.4673951596165613
Urban100,img_034,stage2_bridge_guarded_soup_a025,/home/ubuntu/scratch/sr-diffusion/benchmark_outputs/stage2_bridge_guarded_soup_a025/Urban100/img_034/base.png,/home/ubuntu/scratch/sr-diffusion/benchmarks/selfexsr/SelfExSR-master/data/Urban100/image_SRF_4/img_034_SRF_4_HR.png,/home/ubuntu/scratch/sr-diffusion/benchmarks/selfexsr/SelfExSR-master/data/Urban100/image_SRF_4/img_034_SRF_4_LR.png,22.914459007568297,21.00519973480324,0.5817130587460528,0.569488329652302
Urban100,img_035,bicubic,generated:matlab_bicubic_resize,/home/ubuntu/scratch/sr-diffusion/benchmarks/selfexsr/SelfExSR-master/data/Urban100/image_SRF_4/img_035_SRF_4_HR.png,/home/ubuntu/scratch/sr-diffusion/benchmarks/selfexsr/SelfExSR-master/data/Urban100/image_SRF_4/img_035_SRF_4_LR.png,24.730892723398036,23.351272276342495,0.7224750863577866,0.6977418310682971
Urban100,img_035,stage2_bridge_guarded_soup_a025,/home/ubuntu/scratch/sr-diffusion/benchmark_outputs/stage2_bridge_guarded_soup_a025/Urban100/img_035/base.png,/home/ubuntu/scratch/sr-diffusion/benchmarks/selfexsr/SelfExSR-master/data/Urban100/image_SRF_4/img_035_SRF_4_HR.png,/home/ubuntu/scratch/sr-diffusion/benchmarks/selfexsr/SelfExSR-master/data/Urban100/image_SRF_4/img_035_SRF_4_LR.png,28.226332943328213,26.797233300550104,0.8498787634615977,0.8274272641463275
Urban100,img_036,bicubic,generated:matlab_bicubic_resize,/home/ubuntu/scratch/sr-diffusion/benchmarks/selfexsr/SelfExSR-master/data/Urban100/image_SRF_4/img_036_SRF_4_HR.png,/home/ubuntu/scratch/sr-diffusion/benchmarks/selfexsr/SelfExSR-master/data/Urban100/image_SRF_4/img_036_SRF_4_LR.png,25.2265927557459,23.90467144386917,0.7865896164860853,0.7683587246965725
Urban100,img_036,stage2_bridge_guarded_soup_a025,/home/ubuntu/scratch/sr-diffusion/benchmark_outputs/stage2_bridge_guarded_soup_a025/Urban100/img_036/base.png,/home/ubuntu/scratch/sr-diffusion/benchmarks/selfexsr/SelfExSR-master/data/Urban100/image_SRF_4/img_036_SRF_4_HR.png,/home/ubuntu/scratch/sr-diffusion/benchmarks/selfexsr/SelfExSR-master/data/Urban100/image_SRF_4/img_036_SRF_4_LR.png,28.61276631663497,27.283516090940182,0.8816361571965198,0.8685999257991925
Urban100,img_037,bicubic,generated:matlab_bicubic_resize,/home/ubuntu/scratch/sr-diffusion/benchmarks/selfexsr/SelfExSR-master/data/Urban100/image_SRF_4/img_037_SRF_4_HR.png,/home/ubuntu/scratch/sr-diffusion/benchmarks/selfexsr/SelfExSR-master/data/Urban100/image_SRF_4/img_037_SRF_4_LR.png,24.219663268886865,22.882611155539344,0.7049515228198201,0.6765738002356008
Urban100,img_037,stage2_bridge_guarded_soup_a025,/home/ubuntu/scratch/sr-diffusion/benchmark_outputs/stage2_bridge_guarded_soup_a025/Urban100/img_037/base.png,/home/ubuntu/scratch/sr-diffusion/benchmarks/selfexsr/SelfExSR-master/data/Urban100/image_SRF_4/img_037_SRF_4_HR.png,/home/ubuntu/scratch/sr-diffusion/benchmarks/selfexsr/SelfExSR-master/data/Urban100/image_SRF_4/img_037_SRF_4_LR.png,26.0705502603442,24.68313014385088,0.7911770344953107,0.7662384568133311
Urban100,img_038,bicubic,generated:matlab_bicubic_resize,/home/ubuntu/scratch/sr-diffusion/benchmarks/selfexsr/SelfExSR-master/data/Urban100/image_SRF_4/img_038_SRF_4_HR.png,/home/ubuntu/scratch/sr-diffusion/benchmarks/selfexsr/SelfExSR-master/data/Urban100/image_SRF_4/img_038_SRF_4_LR.png,24.610881305853823,23.30372851227349,0.5279054728153404,0.4780555847615065
Urban100,img_038,stage2_bridge_guarded_soup_a025,/home/ubuntu/scratch/sr-diffusion/benchmark_outputs/stage2_bridge_guarded_soup_a025/Urban100/img_038/base.png,/home/ubuntu/scratch/sr-diffusion/benchmarks/selfexsr/SelfExSR-master/data/Urban100/image_SRF_4/img_038_SRF_4_HR.png,/home/ubuntu/scratch/sr-diffusion/benchmarks/selfexsr/SelfExSR-master/data/Urban100/image_SRF_4/img_038_SRF_4_LR.png,26.876297149028044,25.419775918372398,0.672880612182461,0.6235248141272359
Urban100,img_039,bicubic,generated:matlab_bicubic_resize,/home/ubuntu/scratch/sr-diffusion/benchmarks/selfexsr/SelfExSR-master/data/Urban100/image_SRF_4/img_039_SRF_4_HR.png,/home/ubuntu/scratch/sr-diffusion/benchmarks/selfexsr/SelfExSR-master/data/Urban100/image_SRF_4/img_039_SRF_4_LR.png,20.86096248287879,19.540952563301733,0.580224226360583,0.5601706351998925
Urban100,img_039,stage2_bridge_guarded_soup_a025,/home/ubuntu/scratch/sr-diffusion/benchmark_outputs/stage2_bridge_guarded_soup_a025/Urban100/img_039/base.png,/home/ubuntu/scratch/sr-diffusion/benchmarks/selfexsr/SelfExSR-master/data/Urban100/image_SRF_4/img_039_SRF_4_HR.png,/home/ubuntu/scratch/sr-diffusion/benchmarks/selfexsr/SelfExSR-master/data/Urban100/image_SRF_4/img_039_SRF_4_LR.png,22.766366433672005,21.38757546531288,0.7262772241889774,0.7065929931787985
Urban100,img_040,bicubic,generated:matlab_bicubic_resize,/home/ubuntu/scratch/sr-diffusion/benchmarks/selfexsr/SelfExSR-master/data/Urban100/image_SRF_4/img_040_SRF_4_HR.png,/home/ubuntu/scratch/sr-diffusion/benchmarks/selfexsr/SelfExSR-master/data/Urban100/image_SRF_4/img_040_SRF_4_LR.png,19.391685258669202,18.10707768593921,0.7048607787993993,0.6856945961240904
Urban100,img_040,stage2_bridge_guarded_soup_a025,/home/ubuntu/scratch/sr-diffusion/benchmark_outputs/stage2_bridge_guarded_soup_a025/Urban100/img_040/base.png,/home/ubuntu/scratch/sr-diffusion/benchmarks/selfexsr/SelfExSR-master/data/Urban100/image_SRF_4/img_040_SRF_4_HR.png,/home/ubuntu/scratch/sr-diffusion/benchmarks/selfexsr/SelfExSR-master/data/Urban100/image_SRF_4/img_040_SRF_4_LR.png,26.419808784501896,25.013354853726604,0.9320276782031782,0.9227998968217674
Urban100,img_041,bicubic,generated:matlab_bicubic_resize,/home/ubuntu/scratch/sr-diffusion/benchmarks/selfexsr/SelfExSR-master/data/Urban100/image_SRF_4/img_041_SRF_4_HR.png,/home/ubuntu/scratch/sr-diffusion/benchmarks/selfexsr/SelfExSR-master/data/Urban100/image_SRF_4/img_041_SRF_4_LR.png,21.00269685618043,19.564343684985086,0.670134208158125,0.6540011303932478
Urban100,img_041,stage2_bridge_guarded_soup_a025,/home/ubuntu/scratch/sr-diffusion/benchmark_outputs/stage2_bridge_guarded_soup_a025/Urban100/img_041/base.png,/home/ubuntu/scratch/sr-diffusion/benchmarks/selfexsr/SelfExSR-master/data/Urban100/image_SRF_4/img_041_SRF_4_HR.png,/home/ubuntu/scratch/sr-diffusion/benchmarks/selfexsr/SelfExSR-master/data/Urban100/image_SRF_4/img_041_SRF_4_LR.png,25.05911991940717,23.576824907080557,0.8506766401555854,0.836732669263439
Urban100,img_042,bicubic,generated:matlab_bicubic_resize,/home/ubuntu/scratch/sr-diffusion/benchmarks/selfexsr/SelfExSR-master/data/Urban100/image_SRF_4/img_042_SRF_4_HR.png,/home/ubuntu/scratch/sr-diffusion/benchmarks/selfexsr/SelfExSR-master/data/Urban100/image_SRF_4/img_042_SRF_4_LR.png,24.833446070514263,23.511524758637524,0.7700563414029394,0.7541242615940987
Urban100,img_042,stage2_bridge_guarded_soup_a025,/home/ubuntu/scratch/sr-diffusion/benchmark_outputs/stage2_bridge_guarded_soup_a025/Urban100/img_042/base.png,/home/ubuntu/scratch/sr-diffusion/benchmarks/selfexsr/SelfExSR-master/data/Urban100/image_SRF_4/img_042_SRF_4_HR.png,/home/ubuntu/scratch/sr-diffusion/benchmarks/selfexsr/SelfExSR-master/data/Urban100/image_SRF_4/img_042_SRF_4_LR.png,28.553120934733002,27.22199779351843,0.8790798012409548,0.8689447797776714
Urban100,img_043,bicubic,generated:matlab_bicubic_resize,/home/ubuntu/scratch/sr-diffusion/benchmarks/selfexsr/SelfExSR-master/data/Urban100/image_SRF_4/img_043_SRF_4_HR.png,/home/ubuntu/scratch/sr-diffusion/benchmarks/selfexsr/SelfExSR-master/data/Urban100/image_SRF_4/img_043_SRF_4_LR.png,22.09214145472089,20.8580983774256,0.7866731227688118,0.7546120155027055
Urban100,img_043,stage2_bridge_guarded_soup_a025,/home/ubuntu/scratch/sr-diffusion/benchmark_outputs/stage2_bridge_guarded_soup_a025/Urban100/img_043/base.png,/home/ubuntu/scratch/sr-diffusion/benchmarks/selfexsr/SelfExSR-master/data/Urban100/image_SRF_4/img_043_SRF_4_HR.png,/home/ubuntu/scratch/sr-diffusion/benchmarks/selfexsr/SelfExSR-master/data/Urban100/image_SRF_4/img_043_SRF_4_LR.png,31.50273261643068,29.778466151863846,0.930616425204212,0.9042498098513806
Urban100,img_044,bicubic,generated:matlab_bicubic_resize,/home/ubuntu/scratch/sr-diffusion/benchmarks/selfexsr/SelfExSR-master/data/Urban100/image_SRF_4/img_044_SRF_4_HR.png,/home/ubuntu/scratch/sr-diffusion/benchmarks/selfexsr/SelfExSR-master/data/Urban100/image_SRF_4/img_044_SRF_4_LR.png,26.91824147945563,25.119099097292512,0.725331923031809,0.6917636583408248
Urban100,img_044,stage2_bridge_guarded_soup_a025,/home/ubuntu/scratch/sr-diffusion/benchmark_outputs/stage2_bridge_guarded_soup_a025/Urban100/img_044/base.png,/home/ubuntu/scratch/sr-diffusion/benchmarks/selfexsr/SelfExSR-master/data/Urban100/image_SRF_4/img_044_SRF_4_HR.png,/home/ubuntu/scratch/sr-diffusion/benchmarks/selfexsr/SelfExSR-master/data/Urban100/image_SRF_4/img_044_SRF_4_LR.png,30.069932753083208,28.345940949118873,0.8425560328085916,0.8174756259636053
Urban100,img_045,bicubic,generated:matlab_bicubic_resize,/home/ubuntu/scratch/sr-diffusion/benchmarks/selfexsr/SelfExSR-master/data/Urban100/image_SRF_4/img_045_SRF_4_HR.png,/home/ubuntu/scratch/sr-diffusion/benchmarks/selfexsr/SelfExSR-master/data/Urban100/image_SRF_4/img_045_SRF_4_LR.png,20.942833540092014,19.62091222821528,0.5233487106974949,0.5020304116095443
Urban100,img_045,stage2_bridge_guarded_soup_a025,/home/ubuntu/scratch/sr-diffusion/benchmark_outputs/stage2_bridge_guarded_soup_a025/Urban100/img_045/base.png,/home/ubuntu/scratch/sr-diffusion/benchmarks/selfexsr/SelfExSR-master/data/Urban100/image_SRF_4/img_045_SRF_4_HR.png,/home/ubuntu/scratch/sr-diffusion/benchmarks/selfexsr/SelfExSR-master/data/Urban100/image_SRF_4/img_045_SRF_4_LR.png,23.151621590618472,21.829596657523446,0.6647791552183175,0.6465509062148157
Urban100,img_046,bicubic,generated:matlab_bicubic_resize,/home/ubuntu/scratch/sr-diffusion/benchmarks/selfexsr/SelfExSR-master/data/Urban100/image_SRF_4/img_046_SRF_4_HR.png,/home/ubuntu/scratch/sr-diffusion/benchmarks/selfexsr/SelfExSR-master/data/Urban100/image_SRF_4/img_046_SRF_4_LR.png,22.6917189526936,21.248513202494657,0.676226715727056,0.668251983807448
Urban100,img_046,stage2_bridge_guarded_soup_a025,/home/ubuntu/scratch/sr-diffusion/benchmark_outputs/stage2_bridge_guarded_soup_a025/Urban100/img_046/base.png,/home/ubuntu/scratch/sr-diffusion/benchmarks/selfexsr/SelfExSR-master/data/Urban100/image_SRF_4/img_046_SRF_4_HR.png,/home/ubuntu/scratch/sr-diffusion/benchmarks/selfexsr/SelfExSR-master/data/Urban100/image_SRF_4/img_046_SRF_4_LR.png,23.45661171714565,22.026035092239212,0.7479706915961326,0.7420891131846066
Urban100,img_047,bicubic,generated:matlab_bicubic_resize,/home/ubuntu/scratch/sr-diffusion/benchmarks/selfexsr/SelfExSR-master/data/Urban100/image_SRF_4/img_047_SRF_4_HR.png,/home/ubuntu/scratch/sr-diffusion/benchmarks/selfexsr/SelfExSR-master/data/Urban100/image_SRF_4/img_047_SRF_4_LR.png,20.007095585686237,18.531197246602172,0.6283830771696631,0.6143848155612385
Urban100,img_047,stage2_bridge_guarded_soup_a025,/home/ubuntu/scratch/sr-diffusion/benchmark_outputs/stage2_bridge_guarded_soup_a025/Urban100/img_047/base.png,/home/ubuntu/scratch/sr-diffusion/benchmarks/selfexsr/SelfExSR-master/data/Urban100/image_SRF_4/img_047_SRF_4_HR.png,/home/ubuntu/scratch/sr-diffusion/benchmarks/selfexsr/SelfExSR-master/data/Urban100/image_SRF_4/img_047_SRF_4_LR.png,21.52116878489339,20.034718942679834,0.7454011656893234,0.7333654572480333
Urban100,img_048,bicubic,generated:matlab_bicubic_resize,/home/ubuntu/scratch/sr-diffusion/benchmarks/selfexsr/SelfExSR-master/data/Urban100/image_SRF_4/img_048_SRF_4_HR.png,/home/ubuntu/scratch/sr-diffusion/benchmarks/selfexsr/SelfExSR-master/data/Urban100/image_SRF_4/img_048_SRF_4_LR.png,18.182879256931443,16.901513469311208,0.6728650110790243,0.6598791606787104
Urban100,img_048,stage2_bridge_guarded_soup_a025,/home/ubuntu/scratch/sr-diffusion/benchmark_outputs/stage2_bridge_guarded_soup_a025/Urban100/img_048/base.png,/home/ubuntu/scratch/sr-diffusion/benchmarks/selfexsr/SelfExSR-master/data/Urban100/image_SRF_4/img_048_SRF_4_HR.png,/home/ubuntu/scratch/sr-diffusion/benchmarks/selfexsr/SelfExSR-master/data/Urban100/image_SRF_4/img_048_SRF_4_LR.png,19.660392461906092,18.36013415689406,0.7883508694357401,0.7773545971099729
Urban100,img_049,bicubic,generated:matlab_bicubic_resize,/home/ubuntu/scratch/sr-diffusion/benchmarks/selfexsr/SelfExSR-master/data/Urban100/image_SRF_4/img_049_SRF_4_HR.png,/home/ubuntu/scratch/sr-diffusion/benchmarks/selfexsr/SelfExSR-master/data/Urban100/image_SRF_4/img_049_SRF_4_LR.png,20.491151262248792,19.012331275059587,0.5935690480451038,0.5686011087235571
Urban100,img_049,stage2_bridge_guarded_soup_a025,/home/ubuntu/scratch/sr-diffusion/benchmark_outputs/stage2_bridge_guarded_soup_a025/Urban100/img_049/base.png,/home/ubuntu/scratch/sr-diffusion/benchmarks/selfexsr/SelfExSR-master/data/Urban100/image_SRF_4/img_049_SRF_4_HR.png,/home/ubuntu/scratch/sr-diffusion/benchmarks/selfexsr/SelfExSR-master/data/Urban100/image_SRF_4/img_049_SRF_4_LR.png,23.165103326440857,21.630478806130064,0.7386080941317141,0.7177286093469258
Urban100,img_050,bicubic,generated:matlab_bicubic_resize,/home/ubuntu/scratch/sr-diffusion/benchmarks/selfexsr/SelfExSR-master/data/Urban100/image_SRF_4/img_050_SRF_4_HR.png,/home/ubuntu/scratch/sr-diffusion/benchmarks/selfexsr/SelfExSR-master/data/Urban100/image_SRF_4/img_050_SRF_4_LR.png,23.72529140831636,22.305910161572218,0.6699619756516622,0.6516819966792108
Urban100,img_050,stage2_bridge_guarded_soup_a025,/home/ubuntu/scratch/sr-diffusion/benchmark_outputs/stage2_bridge_guarded_soup_a025/Urban100/img_050/base.png,/home/ubuntu/scratch/sr-diffusion/benchmarks/selfexsr/SelfExSR-master/data/Urban100/image_SRF_4/img_050_SRF_4_HR.png,/home/ubuntu/scratch/sr-diffusion/benchmarks/selfexsr/SelfExSR-master/data/Urban100/image_SRF_4/img_050_SRF_4_LR.png,24.990106652440566,23.559549434255658,0.759663210080063,0.7421837359690532
Urban100,img_051,bicubic,generated:matlab_bicubic_resize,/home/ubuntu/scratch/sr-diffusion/benchmarks/selfexsr/SelfExSR-master/data/Urban100/image_SRF_4/img_051_SRF_4_HR.png,/home/ubuntu/scratch/sr-diffusion/benchmarks/selfexsr/SelfExSR-master/data/Urban100/image_SRF_4/img_051_SRF_4_LR.png,24.84742653850928,23.367992046813278,0.7408279273793514,0.7158928348871253
Urban100,img_051,stage2_bridge_guarded_soup_a025,/home/ubuntu/scratch/sr-diffusion/benchmark_outputs/stage2_bridge_guarded_soup_a025/Urban100/img_051/base.png,/home/ubuntu/scratch/sr-diffusion/benchmarks/selfexsr/SelfExSR-master/data/Urban100/image_SRF_4/img_051_SRF_4_HR.png,/home/ubuntu/scratch/sr-diffusion/benchmarks/selfexsr/SelfExSR-master/data/Urban100/image_SRF_4/img_051_SRF_4_LR.png,26.964400205824862,25.452363306461777,0.8357307748104821,0.8139544652879734
Urban100,img_052,bicubic,generated:matlab_bicubic_resize,/home/ubuntu/scratch/sr-diffusion/benchmarks/selfexsr/SelfExSR-master/data/Urban100/image_SRF_4/img_052_SRF_4_HR.png,/home/ubuntu/scratch/sr-diffusion/benchmarks/selfexsr/SelfExSR-master/data/Urban100/image_SRF_4/img_052_SRF_4_LR.png,23.785195376147236,22.445042963767087,0.7401753449221598,0.7185802140880594
Urban100,img_052,stage2_bridge_guarded_soup_a025,/home/ubuntu/scratch/sr-diffusion/benchmark_outputs/stage2_bridge_guarded_soup_a025/Urban100/img_052/base.png,/home/ubuntu/scratch/sr-diffusion/benchmarks/selfexsr/SelfExSR-master/data/Urban100/image_SRF_4/img_052_SRF_4_HR.png,/home/ubuntu/scratch/sr-diffusion/benchmarks/selfexsr/SelfExSR-master/data/Urban100/image_SRF_4/img_052_SRF_4_LR.png,28.417266905235373,27.040972874154065,0.8964075398195986,0.8817406453003217
Urban100,img_053,bicubic,generated:matlab_bicubic_resize,/home/ubuntu/scratch/sr-diffusion/benchmarks/selfexsr/SelfExSR-master/data/Urban100/image_SRF_4/img_053_SRF_4_HR.png,/home/ubuntu/scratch/sr-diffusion/benchmarks/selfexsr/SelfExSR-master/data/Urban100/image_SRF_4/img_053_SRF_4_LR.png,20.27552170517115,18.948100146673607,0.5916167372659874,0.5738004048373174
Urban100,img_053,stage2_bridge_guarded_soup_a025,/home/ubuntu/scratch/sr-diffusion/benchmark_outputs/stage2_bridge_guarded_soup_a025/Urban100/img_053/base.png,/home/ubuntu/scratch/sr-diffusion/benchmarks/selfexsr/SelfExSR-master/data/Urban100/image_SRF_4/img_053_SRF_4_HR.png,/home/ubuntu/scratch/sr-diffusion/benchmarks/selfexsr/SelfExSR-master/data/Urban100/image_SRF_4/img_053_SRF_4_LR.png,22.247916333892984,20.908144974369307,0.7219025202568956,0.7078330720850076
Urban100,img_054,bicubic,generated:matlab_bicubic_resize,/home/ubuntu/scratch/sr-diffusion/benchmarks/selfexsr/SelfExSR-master/data/Urban100/image_SRF_4/img_054_SRF_4_HR.png,/home/ubuntu/scratch/sr-diffusion/benchmarks/selfexsr/SelfExSR-master/data/Urban100/image_SRF_4/img_054_SRF_4_LR.png,19.9679984484084,18.462318399415004,0.5294832020168456,0.5077649767009186
Urban100,img_054,stage2_bridge_guarded_soup_a025,/home/ubuntu/scratch/sr-diffusion/benchmark_outputs/stage2_bridge_guarded_soup_a025/Urban100/img_054/base.png,/home/ubuntu/scratch/sr-diffusion/benchmarks/selfexsr/SelfExSR-master/data/Urban100/image_SRF_4/img_054_SRF_4_HR.png,/home/ubuntu/scratch/sr-diffusion/benchmarks/selfexsr/SelfExSR-master/data/Urban100/image_SRF_4/img_054_SRF_4_LR.png,20.974056744112364,19.491727026540396,0.6420232554126277,0.6229639858585343
Urban100,img_055,bicubic,generated:matlab_bicubic_resize,/home/ubuntu/scratch/sr-diffusion/benchmarks/selfexsr/SelfExSR-master/data/Urban100/image_SRF_4/img_055_SRF_4_HR.png,/home/ubuntu/scratch/sr-diffusion/benchmarks/selfexsr/SelfExSR-master/data/Urban100/image_SRF_4/img_055_SRF_4_LR.png,25.068140830626966,23.25238087418668,0.7840401628465447,0.745199953423127
Urban100,img_055,stage2_bridge_guarded_soup_a025,/home/ubuntu/scratch/sr-diffusion/benchmark_outputs/stage2_bridge_guarded_soup_a025/Urban100/img_055/base.png,/home/ubuntu/scratch/sr-diffusion/benchmarks/selfexsr/SelfExSR-master/data/Urban100/image_SRF_4/img_055_SRF_4_HR.png,/home/ubuntu/scratch/sr-diffusion/benchmarks/selfexsr/SelfExSR-master/data/Urban100/image_SRF_4/img_055_SRF_4_LR.png,32.44015228211359,30.44147060851275,0.940742938283135,0.9057233254857483
Urban100,img_056,bicubic,generated:matlab_bicubic_resize,/home/ubuntu/scratch/sr-diffusion/benchmarks/selfexsr/SelfExSR-master/data/Urban100/image_SRF_4/img_056_SRF_4_HR.png,/home/ubuntu/scratch/sr-diffusion/benchmarks/selfexsr/SelfExSR-master/data/Urban100/image_SRF_4/img_056_SRF_4_LR.png,22.174241841591886,20.839418622425082,0.6261250186854361,0.6029252339850175
Urban100,img_056,stage2_bridge_guarded_soup_a025,/home/ubuntu/scratch/sr-diffusion/benchmark_outputs/stage2_bridge_guarded_soup_a025/Urban100/img_056/base.png,/home/ubuntu/scratch/sr-diffusion/benchmarks/selfexsr/SelfExSR-master/data/Urban100/image_SRF_4/img_056_SRF_4_HR.png,/home/ubuntu/scratch/sr-diffusion/benchmarks/selfexsr/SelfExSR-master/data/Urban100/image_SRF_4/img_056_SRF_4_LR.png,24.65814610125088,23.285847544113093,0.7696884061714642,0.7511267644976005
Urban100,img_057,bicubic,generated:matlab_bicubic_resize,/home/ubuntu/scratch/sr-diffusion/benchmarks/selfexsr/SelfExSR-master/data/Urban100/image_SRF_4/img_057_SRF_4_HR.png,/home/ubuntu/scratch/sr-diffusion/benchmarks/selfexsr/SelfExSR-master/data/Urban100/image_SRF_4/img_057_SRF_4_LR.png,26.145526808060247,24.76279223334525,0.794574110439895,0.7698670534147487
Urban100,img_057,stage2_bridge_guarded_soup_a025,/home/ubuntu/scratch/sr-diffusion/benchmark_outputs/stage2_bridge_guarded_soup_a025/Urban100/img_057/base.png,/home/ubuntu/scratch/sr-diffusion/benchmarks/selfexsr/SelfExSR-master/data/Urban100/image_SRF_4/img_057_SRF_4_HR.png,/home/ubuntu/scratch/sr-diffusion/benchmarks/selfexsr/SelfExSR-master/data/Urban100/image_SRF_4/img_057_SRF_4_LR.png,30.34657405639635,28.916621626549833,0.8853750694087691,0.8667433694664699
Urban100,img_058,bicubic,generated:matlab_bicubic_resize,/home/ubuntu/scratch/sr-diffusion/benchmarks/selfexsr/SelfExSR-master/data/Urban100/image_SRF_4/img_058_SRF_4_HR.png,/home/ubuntu/scratch/sr-diffusion/benchmarks/selfexsr/SelfExSR-master/data/Urban100/image_SRF_4/img_058_SRF_4_LR.png,22.335133607483645,20.924090155138636,0.715923789681161,0.6951134906191685
Urban100,img_058,stage2_bridge_guarded_soup_a025,/home/ubuntu/scratch/sr-diffusion/benchmark_outputs/stage2_bridge_guarded_soup_a025/Urban100/img_058/base.png,/home/ubuntu/scratch/sr-diffusion/benchmarks/selfexsr/SelfExSR-master/data/Urban100/image_SRF_4/img_058_SRF_4_HR.png,/home/ubuntu/scratch/sr-diffusion/benchmarks/selfexsr/SelfExSR-master/data/Urban100/image_SRF_4/img_058_SRF_4_LR.png,25.160105138448277,23.705703027131047,0.8335386157650543,0.8200499893803123
Urban100,img_059,bicubic,generated:matlab_bicubic_resize,/home/ubuntu/scratch/sr-diffusion/benchmarks/selfexsr/SelfExSR-master/data/Urban100/image_SRF_4/img_059_SRF_4_HR.png,/home/ubuntu/scratch/sr-diffusion/benchmarks/selfexsr/SelfExSR-master/data/Urban100/image_SRF_4/img_059_SRF_4_LR.png,20.449160975430836,19.04378153774288,0.6559406586703311,0.6338896868023464
Urban100,img_059,stage2_bridge_guarded_soup_a025,/home/ubuntu/scratch/sr-diffusion/benchmark_outputs/stage2_bridge_guarded_soup_a025/Urban100/img_059/base.png,/home/ubuntu/scratch/sr-diffusion/benchmarks/selfexsr/SelfExSR-master/data/Urban100/image_SRF_4/img_059_SRF_4_HR.png,/home/ubuntu/scratch/sr-diffusion/benchmarks/selfexsr/SelfExSR-master/data/Urban100/image_SRF_4/img_059_SRF_4_LR.png,21.514856480638098,20.13384805765105,0.7376396654885561,0.7191035214394906
Urban100,img_060,bicubic,generated:matlab_bicubic_resize,/home/ubuntu/scratch/sr-diffusion/benchmarks/selfexsr/SelfExSR-master/data/Urban100/image_SRF_4/img_060_SRF_4_HR.png,/home/ubuntu/scratch/sr-diffusion/benchmarks/selfexsr/SelfExSR-master/data/Urban100/image_SRF_4/img_060_SRF_4_LR.png,21.094933614459986,19.646111926582286,0.44162461676640524,0.42211323001803835
Urban100,img_060,stage2_bridge_guarded_soup_a025,/home/ubuntu/scratch/sr-diffusion/benchmark_outputs/stage2_bridge_guarded_soup_a025/Urban100/img_060/base.png,/home/ubuntu/scratch/sr-diffusion/benchmarks/selfexsr/SelfExSR-master/data/Urban100/image_SRF_4/img_060_SRF_4_HR.png,/home/ubuntu/scratch/sr-diffusion/benchmarks/selfexsr/SelfExSR-master/data/Urban100/image_SRF_4/img_060_SRF_4_LR.png,22.419357472743467,21.02211993094651,0.5610756429979229,0.5438053376983455
Urban100,img_061,bicubic,generated:matlab_bicubic_resize,/home/ubuntu/scratch/sr-diffusion/benchmarks/selfexsr/SelfExSR-master/data/Urban100/image_SRF_4/img_061_SRF_4_HR.png,/home/ubuntu/scratch/sr-diffusion/benchmarks/selfexsr/SelfExSR-master/data/Urban100/image_SRF_4/img_061_SRF_4_LR.png,22.90211902548743,21.388877699761313,0.6254687414841348,0.6068448148202013
Urban100,img_061,stage2_bridge_guarded_soup_a025,/home/ubuntu/scratch/sr-diffusion/benchmark_outputs/stage2_bridge_guarded_soup_a025/Urban100/img_061/base.png,/home/ubuntu/scratch/sr-diffusion/benchmarks/selfexsr/SelfExSR-master/data/Urban100/image_SRF_4/img_061_SRF_4_HR.png,/home/ubuntu/scratch/sr-diffusion/benchmarks/selfexsr/SelfExSR-master/data/Urban100/image_SRF_4/img_061_SRF_4_LR.png,24.31123911061778,22.726930834390977,0.7427053910447478,0.7248052255152541
Urban100,img_062,bicubic,generated:matlab_bicubic_resize,/home/ubuntu/scratch/sr-diffusion/benchmarks/selfexsr/SelfExSR-master/data/Urban100/image_SRF_4/img_062_SRF_4_HR.png,/home/ubuntu/scratch/sr-diffusion/benchmarks/selfexsr/SelfExSR-master/data/Urban100/image_SRF_4/img_062_SRF_4_LR.png,19.8606624401761,18.431772770315842,0.6458850221229868,0.624203593745086
Urban100,img_062,stage2_bridge_guarded_soup_a025,/home/ubuntu/scratch/sr-diffusion/benchmark_outputs/stage2_bridge_guarded_soup_a025/Urban100/img_062/base.png,/home/ubuntu/scratch/sr-diffusion/benchmarks/selfexsr/SelfExSR-master/data/Urban100/image_SRF_4/img_062_SRF_4_HR.png,/home/ubuntu/scratch/sr-diffusion/benchmarks/selfexsr/SelfExSR-master/data/Urban100/image_SRF_4/img_062_SRF_4_LR.png,20.99588474408619,19.575770123213086,0.7739810784047001,0.7521564373344205
Urban100,img_063,bicubic,generated:matlab_bicubic_resize,/home/ubuntu/scratch/sr-diffusion/benchmarks/selfexsr/SelfExSR-master/data/Urban100/image_SRF_4/img_063_SRF_4_HR.png,/home/ubuntu/scratch/sr-diffusion/benchmarks/selfexsr/SelfExSR-master/data/Urban100/image_SRF_4/img_063_SRF_4_LR.png,17.954628605229544,16.747532272380383,0.43123074051208443,0.3862504228612314
Urban100,img_063,stage2_bridge_guarded_soup_a025,/home/ubuntu/scratch/sr-diffusion/benchmark_outputs/stage2_bridge_guarded_soup_a025/Urban100/img_063/base.png,/home/ubuntu/scratch/sr-diffusion/benchmarks/selfexsr/SelfExSR-master/data/Urban100/image_SRF_4/img_063_SRF_4_HR.png,/home/ubuntu/scratch/sr-diffusion/benchmarks/selfexsr/SelfExSR-master/data/Urban100/image_SRF_4/img_063_SRF_4_LR.png,22.02267120152849,20.666042554906632,0.6092513084530495,0.5670321209523689
Urban100,img_064,bicubic,generated:matlab_bicubic_resize,/home/ubuntu/scratch/sr-diffusion/benchmarks/selfexsr/SelfExSR-master/data/Urban100/image_SRF_4/img_064_SRF_4_HR.png,/home/ubuntu/scratch/sr-diffusion/benchmarks/selfexsr/SelfExSR-master/data/Urban100/image_SRF_4/img_064_SRF_4_LR.png,24.911751884280868,23.597111586733543,0.7029744157187847,0.6828821297683958
Urban100,img_064,stage2_bridge_guarded_soup_a025,/home/ubuntu/scratch/sr-diffusion/benchmark_outputs/stage2_bridge_guarded_soup_a025/Urban100/img_064/base.png,/home/ubuntu/scratch/sr-diffusion/benchmarks/selfexsr/SelfExSR-master/data/Urban100/image_SRF_4/img_064_SRF_4_HR.png,/home/ubuntu/scratch/sr-diffusion/benchmarks/selfexsr/SelfExSR-master/data/Urban100/image_SRF_4/img_064_SRF_4_LR.png,26.332565131999885,24.97318147924854,0.7755093309423848,0.7583267887543386
Urban100,img_065,bicubic,generated:matlab_bicubic_resize,/home/ubuntu/scratch/sr-diffusion/benchmarks/selfexsr/SelfExSR-master/data/Urban100/image_SRF_4/img_065_SRF_4_HR.png,/home/ubuntu/scratch/sr-diffusion/benchmarks/selfexsr/SelfExSR-master/data/Urban100/image_SRF_4/img_065_SRF_4_LR.png,23.92499605826941,22.26002238285279,0.6100779728996248,0.5861429211045038
Urban100,img_065,stage2_bridge_guarded_soup_a025,/home/ubuntu/scratch/sr-diffusion/benchmark_outputs/stage2_bridge_guarded_soup_a025/Urban100/img_065/base.png,/home/ubuntu/scratch/sr-diffusion/benchmarks/selfexsr/SelfExSR-master/data/Urban100/image_SRF_4/img_065_SRF_4_HR.png,/home/ubuntu/scratch/sr-diffusion/benchmarks/selfexsr/SelfExSR-master/data/Urban100/image_SRF_4/img_065_SRF_4_LR.png,25.257279997086314,23.57922336362638,0.7139984395267713,0.6932943241826596
Urban100,img_066,bicubic,generated:matlab_bicubic_resize,/home/ubuntu/scratch/sr-diffusion/benchmarks/selfexsr/SelfExSR-master/data/Urban100/image_SRF_4/img_066_SRF_4_HR.png,/home/ubuntu/scratch/sr-diffusion/benchmarks/selfexsr/SelfExSR-master/data/Urban100/image_SRF_4/img_066_SRF_4_LR.png,21.337516884349167,20.014394519723876,0.5568841163810392,0.5298076075752408
Urban100,img_066,stage2_bridge_guarded_soup_a025,/home/ubuntu/scratch/sr-diffusion/benchmark_outputs/stage2_bridge_guarded_soup_a025/Urban100/img_066/base.png,/home/ubuntu/scratch/sr-diffusion/benchmarks/selfexsr/SelfExSR-master/data/Urban100/image_SRF_4/img_066_SRF_4_HR.png,/home/ubuntu/scratch/sr-diffusion/benchmarks/selfexsr/SelfExSR-master/data/Urban100/image_SRF_4/img_066_SRF_4_LR.png,22.223337831180643,20.896508201460463,0.6427082041007374,0.6197829565705639
Urban100,img_067,bicubic,generated:matlab_bicubic_resize,/home/ubuntu/scratch/sr-diffusion/benchmarks/selfexsr/SelfExSR-master/data/Urban100/image_SRF_4/img_067_SRF_4_HR.png,/home/ubuntu/scratch/sr-diffusion/benchmarks/selfexsr/SelfExSR-master/data/Urban100/image_SRF_4/img_067_SRF_4_LR.png,16.962489608668506,15.483680219744985,0.7029382744368726,0.6748043606725272
Urban100,img_067,stage2_bridge_guarded_soup_a025,/home/ubuntu/scratch/sr-diffusion/benchmark_outputs/stage2_bridge_guarded_soup_a025/Urban100/img_067/base.png,/home/ubuntu/scratch/sr-diffusion/benchmarks/selfexsr/SelfExSR-master/data/Urban100/image_SRF_4/img_067_SRF_4_HR.png,/home/ubuntu/scratch/sr-diffusion/benchmarks/selfexsr/SelfExSR-master/data/Urban100/image_SRF_4/img_067_SRF_4_LR.png,18.817420838901715,17.384044972679465,0.8503833483685203,0.8261552857500455
Urban100,img_068,bicubic,generated:matlab_bicubic_resize,/home/ubuntu/scratch/sr-diffusion/benchmarks/selfexsr/SelfExSR-master/data/Urban100/image_SRF_4/img_068_SRF_4_HR.png,/home/ubuntu/scratch/sr-diffusion/benchmarks/selfexsr/SelfExSR-master/data/Urban100/image_SRF_4/img_068_SRF_4_LR.png,26.92462701535408,25.571603386377486,0.7504753116811578,0.7264514571759983
Urban100,img_068,stage2_bridge_guarded_soup_a025,/home/ubuntu/scratch/sr-diffusion/benchmark_outputs/stage2_bridge_guarded_soup_a025/Urban100/img_068/base.png,/home/ubuntu/scratch/sr-diffusion/benchmarks/selfexsr/SelfExSR-master/data/Urban100/image_SRF_4/img_068_SRF_4_HR.png,/home/ubuntu/scratch/sr-diffusion/benchmarks/selfexsr/SelfExSR-master/data/Urban100/image_SRF_4/img_068_SRF_4_LR.png,30.007939136406677,28.58400226479222,0.8732656224791088,0.8553656371496423
Urban100,img_069,bicubic,generated:matlab_bicubic_resize,/home/ubuntu/scratch/sr-diffusion/benchmarks/selfexsr/SelfExSR-master/data/Urban100/image_SRF_4/img_069_SRF_4_HR.png,/home/ubuntu/scratch/sr-diffusion/benchmarks/selfexsr/SelfExSR-master/data/Urban100/image_SRF_4/img_069_SRF_4_LR.png,22.899728023100604,21.61501155011212,0.6307582042739128,0.6047569190455709
Urban100,img_069,stage2_bridge_guarded_soup_a025,/home/ubuntu/scratch/sr-diffusion/benchmark_outputs/stage2_bridge_guarded_soup_a025/Urban100/img_069/base.png,/home/ubuntu/scratch/sr-diffusion/benchmarks/selfexsr/SelfExSR-master/data/Urban100/image_SRF_4/img_069_SRF_4_HR.png,/home/ubuntu/scratch/sr-diffusion/benchmarks/selfexsr/SelfExSR-master/data/Urban100/image_SRF_4/img_069_SRF_4_LR.png,24.602602234955235,23.2772283053273,0.749250547570553,0.7280418433630652
Urban100,img_070,bicubic,generated:matlab_bicubic_resize,/home/ubuntu/scratch/sr-diffusion/benchmarks/selfexsr/SelfExSR-master/data/Urban100/image_SRF_4/img_070_SRF_4_HR.png,/home/ubuntu/scratch/sr-diffusion/benchmarks/selfexsr/SelfExSR-master/data/Urban100/image_SRF_4/img_070_SRF_4_LR.png,21.5011553622232,20.184022242586362,0.5264459858423846,0.5049707153824903
Urban100,img_070,stage2_bridge_guarded_soup_a025,/home/ubuntu/scratch/sr-diffusion/benchmark_outputs/stage2_bridge_guarded_soup_a025/Urban100/img_070/base.png,/home/ubuntu/scratch/sr-diffusion/benchmarks/selfexsr/SelfExSR-master/data/Urban100/image_SRF_4/img_070_SRF_4_HR.png,/home/ubuntu/scratch/sr-diffusion/benchmarks/selfexsr/SelfExSR-master/data/Urban100/image_SRF_4/img_070_SRF_4_LR.png,22.10083160642676,20.777069379309335,0.5970175745941454,0.5767357431947143
Urban100,img_071,bicubic,generated:matlab_bicubic_resize,/home/ubuntu/scratch/sr-diffusion/benchmarks/selfexsr/SelfExSR-master/data/Urban100/image_SRF_4/img_071_SRF_4_HR.png,/home/ubuntu/scratch/sr-diffusion/benchmarks/selfexsr/SelfExSR-master/data/Urban100/image_SRF_4/img_071_SRF_4_LR.png,25.7148361950504,24.323834417593467,0.5557747978767604,0.5119210460806672
Urban100,img_071,stage2_bridge_guarded_soup_a025,/home/ubuntu/scratch/sr-diffusion/benchmark_outputs/stage2_bridge_guarded_soup_a025/Urban100/img_071/base.png,/home/ubuntu/scratch/sr-diffusion/benchmarks/selfexsr/SelfExSR-master/data/Urban100/image_SRF_4/img_071_SRF_4_HR.png,/home/ubuntu/scratch/sr-diffusion/benchmarks/selfexsr/SelfExSR-master/data/Urban100/image_SRF_4/img_071_SRF_4_LR.png,27.69839866982471,26.340397618317944,0.6525571625758736,0.6150436095603627
Urban100,img_072,bicubic,generated:matlab_bicubic_resize,/home/ubuntu/scratch/sr-diffusion/benchmarks/selfexsr/SelfExSR-master/data/Urban100/image_SRF_4/img_072_SRF_4_HR.png,/home/ubuntu/scratch/sr-diffusion/benchmarks/selfexsr/SelfExSR-master/data/Urban100/image_SRF_4/img_072_SRF_4_LR.png,16.684619670248853,15.362698358372116,0.5620626042916426,0.5462410819094191
Urban100,img_072,stage2_bridge_guarded_soup_a025,/home/ubuntu/scratch/sr-diffusion/benchmark_outputs/stage2_bridge_guarded_soup_a025/Urban100/img_072/base.png,/home/ubuntu/scratch/sr-diffusion/benchmarks/selfexsr/SelfExSR-master/data/Urban100/image_SRF_4/img_072_SRF_4_HR.png,/home/ubuntu/scratch/sr-diffusion/benchmarks/selfexsr/SelfExSR-master/data/Urban100/image_SRF_4/img_072_SRF_4_LR.png,19.79978983382146,18.471486738455344,0.8008467708417107,0.7940229489958841
Urban100,img_073,bicubic,generated:matlab_bicubic_resize,/home/ubuntu/scratch/sr-diffusion/benchmarks/selfexsr/SelfExSR-master/data/Urban100/image_SRF_4/img_073_SRF_4_HR.png,/home/ubuntu/scratch/sr-diffusion/benchmarks/selfexsr/SelfExSR-master/data/Urban100/image_SRF_4/img_073_SRF_4_LR.png,19.47599854140567,18.20376431177828,0.43737217106819615,0.42032032153526444
Urban100,img_073,stage2_bridge_guarded_soup_a025,/home/ubuntu/scratch/sr-diffusion/benchmark_outputs/stage2_bridge_guarded_soup_a025/Urban100/img_073/base.png,/home/ubuntu/scratch/sr-diffusion/benchmarks/selfexsr/SelfExSR-master/data/Urban100/image_SRF_4/img_073_SRF_4_HR.png,/home/ubuntu/scratch/sr-diffusion/benchmarks/selfexsr/SelfExSR-master/data/Urban100/image_SRF_4/img_073_SRF_4_LR.png,19.91672476159193,18.60229686305549,0.5456306022137133,0.525524365780035
Urban100,img_074,bicubic,generated:matlab_bicubic_resize,/home/ubuntu/scratch/sr-diffusion/benchmarks/selfexsr/SelfExSR-master/data/Urban100/image_SRF_4/img_074_SRF_4_HR.png,/home/ubuntu/scratch/sr-diffusion/benchmarks/selfexsr/SelfExSR-master/data/Urban100/image_SRF_4/img_074_SRF_4_LR.png,22.16004435238125,20.638845555173738,0.5552510470857125,0.5383828999443776
Urban100,img_074,stage2_bridge_guarded_soup_a025,/home/ubuntu/scratch/sr-diffusion/benchmark_outputs/stage2_bridge_guarded_soup_a025/Urban100/img_074/base.png,/home/ubuntu/scratch/sr-diffusion/benchmarks/selfexsr/SelfExSR-master/data/Urban100/image_SRF_4/img_074_SRF_4_HR.png,/home/ubuntu/scratch/sr-diffusion/benchmarks/selfexsr/SelfExSR-master/data/Urban100/image_SRF_4/img_074_SRF_4_LR.png,23.33210044450017,21.849202814095502,0.682666260464555,0.6709823002024399
Urban100,img_075,bicubic,generated:matlab_bicubic_resize,/home/ubuntu/scratch/sr-diffusion/benchmarks/selfexsr/SelfExSR-master/data/Urban100/image_SRF_4/img_075_SRF_4_HR.png,/home/ubuntu/scratch/sr-diffusion/benchmarks/selfexsr/SelfExSR-master/data/Urban100/image_SRF_4/img_075_SRF_4_LR.png,27.090153565785986,25.376615933932243,0.8028352842743274,0.7762417404025778
Urban100,img_075,stage2_bridge_guarded_soup_a025,/home/ubuntu/scratch/sr-diffusion/benchmark_outputs/stage2_bridge_guarded_soup_a025/Urban100/img_075/base.png,/home/ubuntu/scratch/sr-diffusion/benchmarks/selfexsr/SelfExSR-master/data/Urban100/image_SRF_4/img_075_SRF_4_HR.png,/home/ubuntu/scratch/sr-diffusion/benchmarks/selfexsr/SelfExSR-master/data/Urban100/image_SRF_4/img_075_SRF_4_LR.png,31.235343572614134,29.427047355477804,0.8820526451040381,0.8577872985661844
Urban100,img_076,bicubic,generated:matlab_bicubic_resize,/home/ubuntu/scratch/sr-diffusion/benchmarks/selfexsr/SelfExSR-master/data/Urban100/image_SRF_4/img_076_SRF_4_HR.png,/home/ubuntu/scratch/sr-diffusion/benchmarks/selfexsr/SelfExSR-master/data/Urban100/image_SRF_4/img_076_SRF_4_LR.png,21.574132843644364,20.113184236409694,0.628848509706735,0.6098270398803406
Urban100,img_076,stage2_bridge_guarded_soup_a025,/home/ubuntu/scratch/sr-diffusion/benchmark_outputs/stage2_bridge_guarded_soup_a025/Urban100/img_076/base.png,/home/ubuntu/scratch/sr-diffusion/benchmarks/selfexsr/SelfExSR-master/data/Urban100/image_SRF_4/img_076_SRF_4_HR.png,/home/ubuntu/scratch/sr-diffusion/benchmarks/selfexsr/SelfExSR-master/data/Urban100/image_SRF_4/img_076_SRF_4_LR.png,22.34913393015851,20.87112899422587,0.7096079558758376,0.6908213830302324
Urban100,img_077,bicubic,generated:matlab_bicubic_resize,/home/ubuntu/scratch/sr-diffusion/benchmarks/selfexsr/SelfExSR-master/data/Urban100/image_SRF_4/img_077_SRF_4_HR.png,/home/ubuntu/scratch/sr-diffusion/benchmarks/selfexsr/SelfExSR-master/data/Urban100/image_SRF_4/img_077_SRF_4_LR.png,22.01419953080282,20.60811889634405,0.6000805835814893,0.5819953452372909
Urban100,img_077,stage2_bridge_guarded_soup_a025,/home/ubuntu/scratch/sr-diffusion/benchmark_outputs/stage2_bridge_guarded_soup_a025/Urban100/img_077/base.png,/home/ubuntu/scratch/sr-diffusion/benchmarks/selfexsr/SelfExSR-master/data/Urban100/image_SRF_4/img_077_SRF_4_HR.png,/home/ubuntu/scratch/sr-diffusion/benchmarks/selfexsr/SelfExSR-master/data/Urban100/image_SRF_4/img_077_SRF_4_LR.png,22.58352697819353,21.180711312259163,0.6734535995230192,0.6561683825972527
Urban100,img_078,bicubic,generated:matlab_bicubic_resize,/home/ubuntu/scratch/sr-diffusion/benchmarks/selfexsr/SelfExSR-master/data/Urban100/image_SRF_4/img_078_SRF_4_HR.png,/home/ubuntu/scratch/sr-diffusion/benchmarks/selfexsr/SelfExSR-master/data/Urban100/image_SRF_4/img_078_SRF_4_LR.png,25.704446418878426,24.545880840535965,0.679749846331392,0.6369629563270108
Urban100,img_078,stage2_bridge_guarded_soup_a025,/home/ubuntu/scratch/sr-diffusion/benchmark_outputs/stage2_bridge_guarded_soup_a025/Urban100/img_078/base.png,/home/ubuntu/scratch/sr-diffusion/benchmarks/selfexsr/SelfExSR-master/data/Urban100/image_SRF_4/img_078_SRF_4_HR.png,/home/ubuntu/scratch/sr-diffusion/benchmarks/selfexsr/SelfExSR-master/data/Urban100/image_SRF_4/img_078_SRF_4_LR.png,27.03763431317418,25.830767807667296,0.766495133570825,0.7311934402431342
Urban100,img_079,bicubic,generated:matlab_bicubic_resize,/home/ubuntu/scratch/sr-diffusion/benchmarks/selfexsr/SelfExSR-master/data/Urban100/image_SRF_4/img_079_SRF_4_HR.png,/home/ubuntu/scratch/sr-diffusion/benchmarks/selfexsr/SelfExSR-master/data/Urban100/image_SRF_4/img_079_SRF_4_LR.png,23.82218745021425,22.398722205031262,0.5927952265593148,0.5629260070884378
Urban100,img_079,stage2_bridge_guarded_soup_a025,/home/ubuntu/scratch/sr-diffusion/benchmark_outputs/stage2_bridge_guarded_soup_a025/Urban100/img_079/base.png,/home/ubuntu/scratch/sr-diffusion/benchmarks/selfexsr/SelfExSR-master/data/Urban100/image_SRF_4/img_079_SRF_4_HR.png,/home/ubuntu/scratch/sr-diffusion/benchmarks/selfexsr/SelfExSR-master/data/Urban100/image_SRF_4/img_079_SRF_4_LR.png,25.104528027556405,23.66896694499782,0.6869084778983402,0.6588866992381877
Urban100,img_080,bicubic,generated:matlab_bicubic_resize,/home/ubuntu/scratch/sr-diffusion/benchmarks/selfexsr/SelfExSR-master/data/Urban100/image_SRF_4/img_080_SRF_4_HR.png,/home/ubuntu/scratch/sr-diffusion/benchmarks/selfexsr/SelfExSR-master/data/Urban100/image_SRF_4/img_080_SRF_4_LR.png,32.706356430289325,31.217245633222475,0.9169993844651327,0.9005277676179433
Urban100,img_080,stage2_bridge_guarded_soup_a025,/home/ubuntu/scratch/sr-diffusion/benchmark_outputs/stage2_bridge_guarded_soup_a025/Urban100/img_080/base.png,/home/ubuntu/scratch/sr-diffusion/benchmarks/selfexsr/SelfExSR-master/data/Urban100/image_SRF_4/img_080_SRF_4_HR.png,/home/ubuntu/scratch/sr-diffusion/benchmarks/selfexsr/SelfExSR-master/data/Urban100/image_SRF_4/img_080_SRF_4_LR.png,35.29758032692652,33.74710662937135,0.9489132962910498,0.9344966379498354
Urban100,img_081,bicubic,generated:matlab_bicubic_resize,/home/ubuntu/scratch/sr-diffusion/benchmarks/selfexsr/SelfExSR-master/data/Urban100/image_SRF_4/img_081_SRF_4_HR.png,/home/ubuntu/scratch/sr-diffusion/benchmarks/selfexsr/SelfExSR-master/data/Urban100/image_SRF_4/img_081_SRF_4_LR.png,28.579735396030856,26.40244610994577,0.8933234270449036,0.8616432886350124
Urban100,img_081,stage2_bridge_guarded_soup_a025,/home/ubuntu/scratch/sr-diffusion/benchmark_outputs/stage2_bridge_guarded_soup_a025/Urban100/img_081/base.png,/home/ubuntu/scratch/sr-diffusion/benchmarks/selfexsr/SelfExSR-master/data/Urban100/image_SRF_4/img_081_SRF_4_HR.png,/home/ubuntu/scratch/sr-diffusion/benchmarks/selfexsr/SelfExSR-master/data/Urban100/image_SRF_4/img_081_SRF_4_LR.png,35.732919893695986,32.88330084862495,0.9650754068912474,0.9195421001061451
Urban100,img_082,bicubic,generated:matlab_bicubic_resize,/home/ubuntu/scratch/sr-diffusion/benchmarks/selfexsr/SelfExSR-master/data/Urban100/image_SRF_4/img_082_SRF_4_HR.png,/home/ubuntu/scratch/sr-diffusion/benchmarks/selfexsr/SelfExSR-master/data/Urban100/image_SRF_4/img_082_SRF_4_LR.png,27.710101765329625,26.25330802094092,0.8738831917033252,0.8489874052292788
Urban100,img_082,stage2_bridge_guarded_soup_a025,/home/ubuntu/scratch/sr-diffusion/benchmark_outputs/stage2_bridge_guarded_soup_a025/Urban100/img_082/base.png,/home/ubuntu/scratch/sr-diffusion/benchmarks/selfexsr/SelfExSR-master/data/Urban100/image_SRF_4/img_082_SRF_4_HR.png,/home/ubuntu/scratch/sr-diffusion/benchmarks/selfexsr/SelfExSR-master/data/Urban100/image_SRF_4/img_082_SRF_4_LR.png,32.04236291213318,30.36490041149512,0.938162192566448,0.9126050010902439
Urban100,img_083,bicubic,generated:matlab_bicubic_resize,/home/ubuntu/scratch/sr-diffusion/benchmarks/selfexsr/SelfExSR-master/data/Urban100/image_SRF_4/img_083_SRF_4_HR.png,/home/ubuntu/scratch/sr-diffusion/benchmarks/selfexsr/SelfExSR-master/data/Urban100/image_SRF_4/img_083_SRF_4_LR.png,20.492521283207495,19.238530480652592,0.5547641805052183,0.5321064364732476
Urban100,img_083,stage2_bridge_guarded_soup_a025,/home/ubuntu/scratch/sr-diffusion/benchmark_outputs/stage2_bridge_guarded_soup_a025/Urban100/img_083/base.png,/home/ubuntu/scratch/sr-diffusion/benchmarks/selfexsr/SelfExSR-master/data/Urban100/image_SRF_4/img_083_SRF_4_HR.png,/home/ubuntu/scratch/sr-diffusion/benchmarks/selfexsr/SelfExSR-master/data/Urban100/image_SRF_4/img_083_SRF_4_LR.png,22.026070670362152,20.755773114691575,0.6829285482399808,0.6642748609517898
Urban100,img_084,bicubic,generated:matlab_bicubic_resize,/home/ubuntu/scratch/sr-diffusion/benchmarks/selfexsr/SelfExSR-master/data/Urban100/image_SRF_4/img_084_SRF_4_HR.png,/home/ubuntu/scratch/sr-diffusion/benchmarks/selfexsr/SelfExSR-master/data/Urban100/image_SRF_4/img_084_SRF_4_LR.png,26.475556054499076,25.087999910013018,0.7158806514340254,0.686546856856721
Urban100,img_084,stage2_bridge_guarded_soup_a025,/home/ubuntu/scratch/sr-diffusion/benchmark_outputs/stage2_bridge_guarded_soup_a025/Urban100/img_084/base.png,/home/ubuntu/scratch/sr-diffusion/benchmarks/selfexsr/SelfExSR-master/data/Urban100/image_SRF_4/img_084_SRF_4_HR.png,/home/ubuntu/scratch/sr-diffusion/benchmarks/selfexsr/SelfExSR-master/data/Urban100/image_SRF_4/img_084_SRF_4_LR.png,28.386309994879447,26.838171325512278,0.8040943310551494,0.7761015830464749
Urban100,img_085,bicubic,generated:matlab_bicubic_resize,/home/ubuntu/scratch/sr-diffusion/benchmarks/selfexsr/SelfExSR-master/data/Urban100/image_SRF_4/img_085_SRF_4_HR.png,/home/ubuntu/scratch/sr-diffusion/benchmarks/selfexsr/SelfExSR-master/data/Urban100/image_SRF_4/img_085_SRF_4_LR.png,25.903557171401093,24.36979725863731,0.837408964475899,0.8246066351645766
Urban100,img_085,stage2_bridge_guarded_soup_a025,/home/ubuntu/scratch/sr-diffusion/benchmark_outputs/stage2_bridge_guarded_soup_a025/Urban100/img_085/base.png,/home/ubuntu/scratch/sr-diffusion/benchmarks/selfexsr/SelfExSR-master/data/Urban100/image_SRF_4/img_085_SRF_4_HR.png,/home/ubuntu/scratch/sr-diffusion/benchmarks/selfexsr/SelfExSR-master/data/Urban100/image_SRF_4/img_085_SRF_4_LR.png,27.7999953201447,26.230511944566214,0.8929730504691143,0.87720439553586
Urban100,img_086,bicubic,generated:matlab_bicubic_resize,/home/ubuntu/scratch/sr-diffusion/benchmarks/selfexsr/SelfExSR-master/data/Urban100/image_SRF_4/img_086_SRF_4_HR.png,/home/ubuntu/scratch/sr-diffusion/benchmarks/selfexsr/SelfExSR-master/data/Urban100/image_SRF_4/img_086_SRF_4_LR.png,28.00742953694785,26.61515987427469,0.832379757879749,0.8120987792030729
Urban100,img_086,stage2_bridge_guarded_soup_a025,/home/ubuntu/scratch/sr-diffusion/benchmark_outputs/stage2_bridge_guarded_soup_a025/Urban100/img_086/base.png,/home/ubuntu/scratch/sr-diffusion/benchmarks/selfexsr/SelfExSR-master/data/Urban100/image_SRF_4/img_086_SRF_4_HR.png,/home/ubuntu/scratch/sr-diffusion/benchmarks/selfexsr/SelfExSR-master/data/Urban100/image_SRF_4/img_086_SRF_4_LR.png,30.178119491229598,28.707711410125427,0.8853797067917899,0.8669113185783178
Urban100,img_087,bicubic,generated:matlab_bicubic_resize,/home/ubuntu/scratch/sr-diffusion/benchmarks/selfexsr/SelfExSR-master/data/Urban100/image_SRF_4/img_087_SRF_4_HR.png,/home/ubuntu/scratch/sr-diffusion/benchmarks/selfexsr/SelfExSR-master/data/Urban100/image_SRF_4/img_087_SRF_4_LR.png,22.854783608600584,21.57692792936598,0.7409205376535272,0.7136399195167463
Urban100,img_087,stage2_bridge_guarded_soup_a025,/home/ubuntu/scratch/sr-diffusion/benchmark_outputs/stage2_bridge_guarded_soup_a025/Urban100/img_087/base.png,/home/ubuntu/scratch/sr-diffusion/benchmarks/selfexsr/SelfExSR-master/data/Urban100/image_SRF_4/img_087_SRF_4_HR.png,/home/ubuntu/scratch/sr-diffusion/benchmarks/selfexsr/SelfExSR-master/data/Urban100/image_SRF_4/img_087_SRF_4_LR.png,27.29410216181541,25.8573098704168,0.8748042078306191,0.8506599466111219
Urban100,img_088,bicubic,generated:matlab_bicubic_resize,/home/ubuntu/scratch/sr-diffusion/benchmarks/selfexsr/SelfExSR-master/data/Urban100/image_SRF_4/img_088_SRF_4_HR.png,/home/ubuntu/scratch/sr-diffusion/benchmarks/selfexsr/SelfExSR-master/data/Urban100/image_SRF_4/img_088_SRF_4_LR.png,18.644704344038225,17.255712839961348,0.4173516924383566,0.3979057756018543
Urban100,img_088,stage2_bridge_guarded_soup_a025,/home/ubuntu/scratch/sr-diffusion/benchmark_outputs/stage2_bridge_guarded_soup_a025/Urban100/img_088/base.png,/home/ubuntu/scratch/sr-diffusion/benchmarks/selfexsr/SelfExSR-master/data/Urban100/image_SRF_4/img_088_SRF_4_HR.png,/home/ubuntu/scratch/sr-diffusion/benchmarks/selfexsr/SelfExSR-master/data/Urban100/image_SRF_4/img_088_SRF_4_LR.png,19.69921189443069,18.35078268737536,0.5579574761875149,0.5378557746862436
Urban100,img_089,bicubic,generated:matlab_bicubic_resize,/home/ubuntu/scratch/sr-diffusion/benchmarks/selfexsr/SelfExSR-master/data/Urban100/image_SRF_4/img_089_SRF_4_HR.png,/home/ubuntu/scratch/sr-diffusion/benchmarks/selfexsr/SelfExSR-master/data/Urban100/image_SRF_4/img_089_SRF_4_LR.png,25.44994008394699,24.107622115883313,0.6229809491015779,0.5966288481692756
Urban100,img_089,stage2_bridge_guarded_soup_a025,/home/ubuntu/scratch/sr-diffusion/benchmark_outputs/stage2_bridge_guarded_soup_a025/Urban100/img_089/base.png,/home/ubuntu/scratch/sr-diffusion/benchmarks/selfexsr/SelfExSR-master/data/Urban100/image_SRF_4/img_089_SRF_4_HR.png,/home/ubuntu/scratch/sr-diffusion/benchmarks/selfexsr/SelfExSR-master/data/Urban100/image_SRF_4/img_089_SRF_4_LR.png,26.58997681487561,25.24276370303243,0.7173223707548833,0.6967722904894784
Urban100,img_090,bicubic,generated:matlab_bicubic_resize,/home/ubuntu/scratch/sr-diffusion/benchmarks/selfexsr/SelfExSR-master/data/Urban100/image_SRF_4/img_090_SRF_4_HR.png,/home/ubuntu/scratch/sr-diffusion/benchmarks/selfexsr/SelfExSR-master/data/Urban100/image_SRF_4/img_090_SRF_4_LR.png,30.489126990740566,29.08928910023015,0.8877037437147648,0.8744792277239869
Urban100,img_090,stage2_bridge_guarded_soup_a025,/home/ubuntu/scratch/sr-diffusion/benchmark_outputs/stage2_bridge_guarded_soup_a025/Urban100/img_090/base.png,/home/ubuntu/scratch/sr-diffusion/benchmarks/selfexsr/SelfExSR-master/data/Urban100/image_SRF_4/img_090_SRF_4_HR.png,/home/ubuntu/scratch/sr-diffusion/benchmarks/selfexsr/SelfExSR-master/data/Urban100/image_SRF_4/img_090_SRF_4_LR.png,37.34457331743896,35.67080373974911,0.9725016724188958,0.9616628699405206
Urban100,img_091,bicubic,generated:matlab_bicubic_resize,/home/ubuntu/scratch/sr-diffusion/benchmarks/selfexsr/SelfExSR-master/data/Urban100/image_SRF_4/img_091_SRF_4_HR.png,/home/ubuntu/scratch/sr-diffusion/benchmarks/selfexsr/SelfExSR-master/data/Urban100/image_SRF_4/img_091_SRF_4_LR.png,22.170031135555753,20.335570160185238,0.5264059432229115,0.4885278364312444
Urban100,img_091,stage2_bridge_guarded_soup_a025,/home/ubuntu/scratch/sr-diffusion/benchmark_outputs/stage2_bridge_guarded_soup_a025/Urban100/img_091/base.png,/home/ubuntu/scratch/sr-diffusion/benchmarks/selfexsr/SelfExSR-master/data/Urban100/image_SRF_4/img_091_SRF_4_HR.png,/home/ubuntu/scratch/sr-diffusion/benchmarks/selfexsr/SelfExSR-master/data/Urban100/image_SRF_4/img_091_SRF_4_LR.png,23.447725937421197,21.6401595389161,0.6383124584277731,0.6036914002429633
Urban100,img_092,bicubic,generated:matlab_bicubic_resize,/home/ubuntu/scratch/sr-diffusion/benchmarks/selfexsr/SelfExSR-master/data/Urban100/image_SRF_4/img_092_SRF_4_HR.png,/home/ubuntu/scratch/sr-diffusion/benchmarks/selfexsr/SelfExSR-master/data/Urban100/image_SRF_4/img_092_SRF_4_LR.png,16.579708965098842,15.257800488179388,0.4376793156427288,0.41495884881514894
Urban100,img_092,stage2_bridge_guarded_soup_a025,/home/ubuntu/scratch/sr-diffusion/benchmark_outputs/stage2_bridge_guarded_soup_a025/Urban100/img_092/base.png,/home/ubuntu/scratch/sr-diffusion/benchmarks/selfexsr/SelfExSR-master/data/Urban100/image_SRF_4/img_092_SRF_4_HR.png,/home/ubuntu/scratch/sr-diffusion/benchmarks/selfexsr/SelfExSR-master/data/Urban100/image_SRF_4/img_092_SRF_4_LR.png,18.428751920884142,17.102056872237117,0.617853377950377,0.5976030530269033
Urban100,img_093,bicubic,generated:matlab_bicubic_resize,/home/ubuntu/scratch/sr-diffusion/benchmarks/selfexsr/SelfExSR-master/data/Urban100/image_SRF_4/img_093_SRF_4_HR.png,/home/ubuntu/scratch/sr-diffusion/benchmarks/selfexsr/SelfExSR-master/data/Urban100/image_SRF_4/img_093_SRF_4_LR.png,23.62163465546349,22.2849320653021,0.8064754805791969,0.7851331521289729
Urban100,img_093,stage2_bridge_guarded_soup_a025,/home/ubuntu/scratch/sr-diffusion/benchmark_outputs/stage2_bridge_guarded_soup_a025/Urban100/img_093/base.png,/home/ubuntu/scratch/sr-diffusion/benchmarks/selfexsr/SelfExSR-master/data/Urban100/image_SRF_4/img_093_SRF_4_HR.png,/home/ubuntu/scratch/sr-diffusion/benchmarks/selfexsr/SelfExSR-master/data/Urban100/image_SRF_4/img_093_SRF_4_LR.png,28.513339889448627,27.037725372094105,0.9206885289774709,0.902680603442901
Urban100,img_094,bicubic,generated:matlab_bicubic_resize,/home/ubuntu/scratch/sr-diffusion/benchmarks/selfexsr/SelfExSR-master/data/Urban100/image_SRF_4/img_094_SRF_4_HR.png,/home/ubuntu/scratch/sr-diffusion/benchmarks/selfexsr/SelfExSR-master/data/Urban100/image_SRF_4/img_094_SRF_4_LR.png,25.35078280652025,24.005260783022546,0.702365251061718,0.6598044661493275
Urban100,img_094,stage2_bridge_guarded_soup_a025,/home/ubuntu/scratch/sr-diffusion/benchmark_outputs/stage2_bridge_guarded_soup_a025/Urban100/img_094/base.png,/home/ubuntu/scratch/sr-diffusion/benchmarks/selfexsr/SelfExSR-master/data/Urban100/image_SRF_4/img_094_SRF_4_HR.png,/home/ubuntu/scratch/sr-diffusion/benchmarks/selfexsr/SelfExSR-master/data/Urban100/image_SRF_4/img_094_SRF_4_LR.png,27.041935114870228,25.643222022105117,0.7823919718956005,0.743561104618856
Urban100,img_095,bicubic,generated:matlab_bicubic_resize,/home/ubuntu/scratch/sr-diffusion/benchmarks/selfexsr/SelfExSR-master/data/Urban100/image_SRF_4/img_095_SRF_4_HR.png,/home/ubuntu/scratch/sr-diffusion/benchmarks/selfexsr/SelfExSR-master/data/Urban100/image_SRF_4/img_095_SRF_4_LR.png,18.738898452137253,17.416977140260517,0.28046515620843215,0.2571851351658216
Urban100,img_095,stage2_bridge_guarded_soup_a025,/home/ubuntu/scratch/sr-diffusion/benchmark_outputs/stage2_bridge_guarded_soup_a025/Urban100/img_095/base.png,/home/ubuntu/scratch/sr-diffusion/benchmarks/selfexsr/SelfExSR-master/data/Urban100/image_SRF_4/img_095_SRF_4_HR.png,/home/ubuntu/scratch/sr-diffusion/benchmarks/selfexsr/SelfExSR-master/data/Urban100/image_SRF_4/img_095_SRF_4_LR.png,20.088152432684574,18.763899540958697,0.42004932211477336,0.40017268528102373
Urban100,img_096,bicubic,generated:matlab_bicubic_resize,/home/ubuntu/scratch/sr-diffusion/benchmarks/selfexsr/SelfExSR-master/data/Urban100/image_SRF_4/img_096_SRF_4_HR.png,/home/ubuntu/scratch/sr-diffusion/benchmarks/selfexsr/SelfExSR-master/data/Urban100/image_SRF_4/img_096_SRF_4_LR.png,21.327421052126798,20.05920811161748,0.6858057978565768,0.6679038897495114
Urban100,img_096,stage2_bridge_guarded_soup_a025,/home/ubuntu/scratch/sr-diffusion/benchmark_outputs/stage2_bridge_guarded_soup_a025/Urban100/img_096/base.png,/home/ubuntu/scratch/sr-diffusion/benchmarks/selfexsr/SelfExSR-master/data/Urban100/image_SRF_4/img_096_SRF_4_HR.png,/home/ubuntu/scratch/sr-diffusion/benchmarks/selfexsr/SelfExSR-master/data/Urban100/image_SRF_4/img_096_SRF_4_LR.png,23.828054158439063,22.522497621277907,0.8298013149361235,0.8153047715887854
Urban100,img_097,bicubic,generated:matlab_bicubic_resize,/home/ubuntu/scratch/sr-diffusion/benchmarks/selfexsr/SelfExSR-master/data/Urban100/image_SRF_4/img_097_SRF_4_HR.png,/home/ubuntu/scratch/sr-diffusion/benchmarks/selfexsr/SelfExSR-master/data/Urban100/image_SRF_4/img_097_SRF_4_LR.png,23.01924917937921,21.616160742138646,0.6425917195725455,0.6207394537234351
Urban100,img_097,stage2_bridge_guarded_soup_a025,/home/ubuntu/scratch/sr-diffusion/benchmark_outputs/stage2_bridge_guarded_soup_a025/Urban100/img_097/base.png,/home/ubuntu/scratch/sr-diffusion/benchmarks/selfexsr/SelfExSR-master/data/Urban100/image_SRF_4/img_097_SRF_4_HR.png,/home/ubuntu/scratch/sr-diffusion/benchmarks/selfexsr/SelfExSR-master/data/Urban100/image_SRF_4/img_097_SRF_4_LR.png,24.465477061937044,23.04942546750649,0.7451739947099028,0.7270774715067487
Urban100,img_098,bicubic,generated:matlab_bicubic_resize,/home/ubuntu/scratch/sr-diffusion/benchmarks/selfexsr/SelfExSR-master/data/Urban100/image_SRF_4/img_098_SRF_4_HR.png,/home/ubuntu/scratch/sr-diffusion/benchmarks/selfexsr/SelfExSR-master/data/Urban100/image_SRF_4/img_098_SRF_4_LR.png,19.650224898986636,18.258377424138242,0.3910293974969752,0.3688940507314927
Urban100,img_098,stage2_bridge_guarded_soup_a025,/home/ubuntu/scratch/sr-diffusion/benchmark_outputs/stage2_bridge_guarded_soup_a025/Urban100/img_098/base.png,/home/ubuntu/scratch/sr-diffusion/benchmarks/selfexsr/SelfExSR-master/data/Urban100/image_SRF_4/img_098_SRF_4_HR.png,/home/ubuntu/scratch/sr-diffusion/benchmarks/selfexsr/SelfExSR-master/data/Urban100/image_SRF_4/img_098_SRF_4_LR.png,20.513364152598626,19.126861362504968,0.5188160564977391,0.49823038694302896
Urban100,img_099,bicubic,generated:matlab_bicubic_resize,/home/ubuntu/scratch/sr-diffusion/benchmarks/selfexsr/SelfExSR-master/data/Urban100/image_SRF_4/img_099_SRF_4_HR.png,/home/ubuntu/scratch/sr-diffusion/benchmarks/selfexsr/SelfExSR-master/data/Urban100/image_SRF_4/img_099_SRF_4_LR.png,22.41167859246712,20.391473192480497,0.5877647141808264,0.5395311834601922
Urban100,img_099,stage2_bridge_guarded_soup_a025,/home/ubuntu/scratch/sr-diffusion/benchmark_outputs/stage2_bridge_guarded_soup_a025/Urban100/img_099/base.png,/home/ubuntu/scratch/sr-diffusion/benchmarks/selfexsr/SelfExSR-master/data/Urban100/image_SRF_4/img_099_SRF_4_HR.png,/home/ubuntu/scratch/sr-diffusion/benchmarks/selfexsr/SelfExSR-master/data/Urban100/image_SRF_4/img_099_SRF_4_LR.png,25.241268730871532,22.8716595913301,0.7629863556920768,0.7123613826573479
Urban100,img_100,bicubic,generated:matlab_bicubic_resize,/home/ubuntu/scratch/sr-diffusion/benchmarks/selfexsr/SelfExSR-master/data/Urban100/image_SRF_4/img_100_SRF_4_HR.png,/home/ubuntu/scratch/sr-diffusion/benchmarks/selfexsr/SelfExSR-master/data/Urban100/image_SRF_4/img_100_SRF_4_LR.png,22.284320491581596,19.6234725089187,0.599815193772396,0.5319749851254348
Urban100,img_100,stage2_bridge_guarded_soup_a025,/home/ubuntu/scratch/sr-diffusion/benchmark_outputs/stage2_bridge_guarded_soup_a025/Urban100/img_100/base.png,/home/ubuntu/scratch/sr-diffusion/benchmarks/selfexsr/SelfExSR-master/data/Urban100/image_SRF_4/img_100_SRF_4_HR.png,/home/ubuntu/scratch/sr-diffusion/benchmarks/selfexsr/SelfExSR-master/data/Urban100/image_SRF_4/img_100_SRF_4_LR.png,26.07892980280789,22.084984565406533,0.7454733920817284,0.6729366959914559
