dataset,id,candidate,candidate_path,hr_path,lr_path,y_psnr,rgb_psnr,y_ssim,rgb_ssim
DIV2K,0801,bicubic,generated:matlab_bicubic_resize,/home/ubuntu/scratch/sr-diffusion/benchmarks/div2k/DIV2K_valid_HR/0801.png,/home/ubuntu/scratch/sr-diffusion/benchmarks/div2k/DIV2K_valid_LR_bicubic/X4/0801x4.png,28.918895062413313,27.643347589792107,0.8018290667782313,0.7854949209702959
DIV2K,0801,generalization_v3_best11500,/home/ubuntu/scratch/sr-diffusion/benchmark_outputs/stage2_bicubic_generalization_v3_best11500/DIV2K/0801/base.png,/home/ubuntu/scratch/sr-diffusion/benchmarks/div2k/DIV2K_valid_HR/0801.png,/home/ubuntu/scratch/sr-diffusion/benchmarks/div2k/DIV2K_valid_LR_bicubic/X4/0801x4.png,30.352632189501865,29.066208658659352,0.8528114647166495,0.8402147150421371
DIV2K,0801,trunk148m_best3500,/home/ubuntu/scratch/sr-diffusion/benchmark_outputs/stage2_bicubic_trunk148m_best3500/DIV2K/0801/base.png,/home/ubuntu/scratch/sr-diffusion/benchmarks/div2k/DIV2K_valid_HR/0801.png,/home/ubuntu/scratch/sr-diffusion/benchmarks/div2k/DIV2K_valid_LR_bicubic/X4/0801x4.png,30.344102619052762,29.056386790679948,0.8533460413580185,0.8408161406265794
DIV2K,0802,bicubic,generated:matlab_bicubic_resize,/home/ubuntu/scratch/sr-diffusion/benchmarks/div2k/DIV2K_valid_HR/0802.png,/home/ubuntu/scratch/sr-diffusion/benchmarks/div2k/DIV2K_valid_LR_bicubic/X4/0802x4.png,34.930950714771704,33.16010272897294,0.8953074359903685,0.8730661544699491
DIV2K,0802,generalization_v3_best11500,/home/ubuntu/scratch/sr-diffusion/benchmark_outputs/stage2_bicubic_generalization_v3_best11500/DIV2K/0802/base.png,/home/ubuntu/scratch/sr-diffusion/benchmarks/div2k/DIV2K_valid_HR/0802.png,/home/ubuntu/scratch/sr-diffusion/benchmarks/div2k/DIV2K_valid_LR_bicubic/X4/0802x4.png,37.02211347215497,34.870829989528346,0.9196199383744669,0.8875305071815832
DIV2K,0802,trunk148m_best3500,/home/ubuntu/scratch/sr-diffusion/benchmark_outputs/stage2_bicubic_trunk148m_best3500/DIV2K/0802/base.png,/home/ubuntu/scratch/sr-diffusion/benchmarks/div2k/DIV2K_valid_HR/0802.png,/home/ubuntu/scratch/sr-diffusion/benchmarks/div2k/DIV2K_valid_LR_bicubic/X4/0802x4.png,37.01317968351645,34.87229453962954,0.919713403050546,0.8876586142727915
DIV2K,0803,bicubic,generated:matlab_bicubic_resize,/home/ubuntu/scratch/sr-diffusion/benchmarks/div2k/DIV2K_valid_HR/0803.png,/home/ubuntu/scratch/sr-diffusion/benchmarks/div2k/DIV2K_valid_LR_bicubic/X4/0803x4.png,35.05526220916966,33.61202775229642,0.9527886085921927,0.9387728926450074
DIV2K,0803,generalization_v3_best11500,/home/ubuntu/scratch/sr-diffusion/benchmark_outputs/stage2_bicubic_generalization_v3_best11500/DIV2K/0803/base.png,/home/ubuntu/scratch/sr-diffusion/benchmarks/div2k/DIV2K_valid_HR/0803.png,/home/ubuntu/scratch/sr-diffusion/benchmarks/div2k/DIV2K_valid_LR_bicubic/X4/0803x4.png,42.04258585643892,39.813476568015666,0.9797172138381887,0.9676816293222092
DIV2K,0803,trunk148m_best3500,/home/ubuntu/scratch/sr-diffusion/benchmark_outputs/stage2_bicubic_trunk148m_best3500/DIV2K/0803/base.png,/home/ubuntu/scratch/sr-diffusion/benchmarks/div2k/DIV2K_valid_HR/0803.png,/home/ubuntu/scratch/sr-diffusion/benchmarks/div2k/DIV2K_valid_LR_bicubic/X4/0803x4.png,42.08568254972648,39.83913050598413,0.9798419718406907,0.9678587170360603
DIV2K,0804,bicubic,generated:matlab_bicubic_resize,/home/ubuntu/scratch/sr-diffusion/benchmarks/div2k/DIV2K_valid_HR/0804.png,/home/ubuntu/scratch/sr-diffusion/benchmarks/div2k/DIV2K_valid_LR_bicubic/X4/0804x4.png,26.89838873553256,25.382047503703042,0.7363780585335264,0.7073928687788604
DIV2K,0804,generalization_v3_best11500,/home/ubuntu/scratch/sr-diffusion/benchmark_outputs/stage2_bicubic_generalization_v3_best11500/DIV2K/0804/base.png,/home/ubuntu/scratch/sr-diffusion/benchmarks/div2k/DIV2K_valid_HR/0804.png,/home/ubuntu/scratch/sr-diffusion/benchmarks/div2k/DIV2K_valid_LR_bicubic/X4/0804x4.png,28.774047013361358,27.25249759369857,0.8110205472121905,0.7864276856625834
DIV2K,0804,trunk148m_best3500,/home/ubuntu/scratch/sr-diffusion/benchmark_outputs/stage2_bicubic_trunk148m_best3500/DIV2K/0804/base.png,/home/ubuntu/scratch/sr-diffusion/benchmarks/div2k/DIV2K_valid_HR/0804.png,/home/ubuntu/scratch/sr-diffusion/benchmarks/div2k/DIV2K_valid_LR_bicubic/X4/0804x4.png,28.791953082017265,27.26950965557937,0.8113839338396408,0.7868793800308239
DIV2K,0805,bicubic,generated:matlab_bicubic_resize,/home/ubuntu/scratch/sr-diffusion/benchmarks/div2k/DIV2K_valid_HR/0805.png,/home/ubuntu/scratch/sr-diffusion/benchmarks/div2k/DIV2K_valid_LR_bicubic/X4/0805x4.png,28.801797612578316,27.498127193375275,0.7497834825810444,0.7192560273854601
DIV2K,0805,generalization_v3_best11500,/home/ubuntu/scratch/sr-diffusion/benchmark_outputs/stage2_bicubic_generalization_v3_best11500/DIV2K/0805/base.png,/home/ubuntu/scratch/sr-diffusion/benchmarks/div2k/DIV2K_valid_HR/0805.png,/home/ubuntu/scratch/sr-diffusion/benchmarks/div2k/DIV2K_valid_LR_bicubic/X4/0805x4.png,29.724900348833607,28.393890271508813,0.7971609194056446,0.7707454216158229
DIV2K,0805,trunk148m_best3500,/home/ubuntu/scratch/sr-diffusion/benchmark_outputs/stage2_bicubic_trunk148m_best3500/DIV2K/0805/base.png,/home/ubuntu/scratch/sr-diffusion/benchmarks/div2k/DIV2K_valid_HR/0805.png,/home/ubuntu/scratch/sr-diffusion/benchmarks/div2k/DIV2K_valid_LR_bicubic/X4/0805x4.png,29.720039802552357,28.388499710898177,0.7975926928976502,0.7712750776033367
DIV2K,0806,bicubic,generated:matlab_bicubic_resize,/home/ubuntu/scratch/sr-diffusion/benchmarks/div2k/DIV2K_valid_HR/0806.png,/home/ubuntu/scratch/sr-diffusion/benchmarks/div2k/DIV2K_valid_LR_bicubic/X4/0806x4.png,28.18409466223436,26.254558110775843,0.8318159177787555,0.8115800062424722
DIV2K,0806,generalization_v3_best11500,/home/ubuntu/scratch/sr-diffusion/benchmark_outputs/stage2_bicubic_generalization_v3_best11500/DIV2K/0806/base.png,/home/ubuntu/scratch/sr-diffusion/benchmarks/div2k/DIV2K_valid_HR/0806.png,/home/ubuntu/scratch/sr-diffusion/benchmarks/div2k/DIV2K_valid_LR_bicubic/X4/0806x4.png,29.85273711764956,27.88752486898765,0.8745450111610191,0.85415438924191
DIV2K,0806,trunk148m_best3500,/home/ubuntu/scratch/sr-diffusion/benchmark_outputs/stage2_bicubic_trunk148m_best3500/DIV2K/0806/base.png,/home/ubuntu/scratch/sr-diffusion/benchmarks/div2k/DIV2K_valid_HR/0806.png,/home/ubuntu/scratch/sr-diffusion/benchmarks/div2k/DIV2K_valid_LR_bicubic/X4/0806x4.png,29.84254859638693,27.880467332912986,0.8747825366502463,0.8544782559025004
DIV2K,0807,bicubic,generated:matlab_bicubic_resize,/home/ubuntu/scratch/sr-diffusion/benchmarks/div2k/DIV2K_valid_HR/0807.png,/home/ubuntu/scratch/sr-diffusion/benchmarks/div2k/DIV2K_valid_LR_bicubic/X4/0807x4.png,20.923770191455763,19.426190290090723,0.45080809914988274,0.4347874334579946
DIV2K,0807,generalization_v3_best11500,/home/ubuntu/scratch/sr-diffusion/benchmark_outputs/stage2_bicubic_generalization_v3_best11500/DIV2K/0807/base.png,/home/ubuntu/scratch/sr-diffusion/benchmarks/div2k/DIV2K_valid_HR/0807.png,/home/ubuntu/scratch/sr-diffusion/benchmarks/div2k/DIV2K_valid_LR_bicubic/X4/0807x4.png,21.58710197065423,20.091853107155178,0.5404072038815059,0.5220407356237385
DIV2K,0807,trunk148m_best3500,/home/ubuntu/scratch/sr-diffusion/benchmark_outputs/stage2_bicubic_trunk148m_best3500/DIV2K/0807/base.png,/home/ubuntu/scratch/sr-diffusion/benchmarks/div2k/DIV2K_valid_HR/0807.png,/home/ubuntu/scratch/sr-diffusion/benchmarks/div2k/DIV2K_valid_LR_bicubic/X4/0807x4.png,21.577383898306763,20.082949852058892,0.5408521511308398,0.5225118754525649
DIV2K,0808,bicubic,generated:matlab_bicubic_resize,/home/ubuntu/scratch/sr-diffusion/benchmarks/div2k/DIV2K_valid_HR/0808.png,/home/ubuntu/scratch/sr-diffusion/benchmarks/div2k/DIV2K_valid_LR_bicubic/X4/0808x4.png,26.835505730831436,25.444273211617272,0.7853498865703669,0.7592609647482028
DIV2K,0808,generalization_v3_best11500,/home/ubuntu/scratch/sr-diffusion/benchmark_outputs/stage2_bicubic_generalization_v3_best11500/DIV2K/0808/base.png,/home/ubuntu/scratch/sr-diffusion/benchmarks/div2k/DIV2K_valid_HR/0808.png,/home/ubuntu/scratch/sr-diffusion/benchmarks/div2k/DIV2K_valid_LR_bicubic/X4/0808x4.png,27.99227122027054,26.606117122306276,0.8223247653080391,0.7977749677682976
DIV2K,0808,trunk148m_best3500,/home/ubuntu/scratch/sr-diffusion/benchmark_outputs/stage2_bicubic_trunk148m_best3500/DIV2K/0808/base.png,/home/ubuntu/scratch/sr-diffusion/benchmarks/div2k/DIV2K_valid_HR/0808.png,/home/ubuntu/scratch/sr-diffusion/benchmarks/div2k/DIV2K_valid_LR_bicubic/X4/0808x4.png,27.9941409125541,26.60680685825486,0.8224676203947181,0.7980952554462029
DIV2K,0809,bicubic,generated:matlab_bicubic_resize,/home/ubuntu/scratch/sr-diffusion/benchmarks/div2k/DIV2K_valid_HR/0809.png,/home/ubuntu/scratch/sr-diffusion/benchmarks/div2k/DIV2K_valid_LR_bicubic/X4/0809x4.png,31.979711733414675,30.476746211697915,0.8339541006473665,0.8102264604946058
DIV2K,0809,generalization_v3_best11500,/home/ubuntu/scratch/sr-diffusion/benchmark_outputs/stage2_bicubic_generalization_v3_best11500/DIV2K/0809/base.png,/home/ubuntu/scratch/sr-diffusion/benchmarks/div2k/DIV2K_valid_HR/0809.png,/home/ubuntu/scratch/sr-diffusion/benchmarks/div2k/DIV2K_valid_LR_bicubic/X4/0809x4.png,33.580773076115086,32.0601392771281,0.8779663353786983,0.8595086081300339
DIV2K,0809,trunk148m_best3500,/home/ubuntu/scratch/sr-diffusion/benchmark_outputs/stage2_bicubic_trunk148m_best3500/DIV2K/0809/base.png,/home/ubuntu/scratch/sr-diffusion/benchmarks/div2k/DIV2K_valid_HR/0809.png,/home/ubuntu/scratch/sr-diffusion/benchmarks/div2k/DIV2K_valid_LR_bicubic/X4/0809x4.png,33.569997119049866,32.048610205201854,0.8783877067701825,0.8599866628408231
DIV2K,0810,bicubic,generated:matlab_bicubic_resize,/home/ubuntu/scratch/sr-diffusion/benchmarks/div2k/DIV2K_valid_HR/0810.png,/home/ubuntu/scratch/sr-diffusion/benchmarks/div2k/DIV2K_valid_LR_bicubic/X4/0810x4.png,26.972769027906978,25.796789610372734,0.7466473508560989,0.7213247871108165
DIV2K,0810,generalization_v3_best11500,/home/ubuntu/scratch/sr-diffusion/benchmark_outputs/stage2_bicubic_generalization_v3_best11500/DIV2K/0810/base.png,/home/ubuntu/scratch/sr-diffusion/benchmarks/div2k/DIV2K_valid_HR/0810.png,/home/ubuntu/scratch/sr-diffusion/benchmarks/div2k/DIV2K_valid_LR_bicubic/X4/0810x4.png,27.784638729422664,26.558375014247055,0.8005598765844911,0.7777042679080974
DIV2K,0810,trunk148m_best3500,/home/ubuntu/scratch/sr-diffusion/benchmark_outputs/stage2_bicubic_trunk148m_best3500/DIV2K/0810/base.png,/home/ubuntu/scratch/sr-diffusion/benchmarks/div2k/DIV2K_valid_HR/0810.png,/home/ubuntu/scratch/sr-diffusion/benchmarks/div2k/DIV2K_valid_LR_bicubic/X4/0810x4.png,27.76835812535516,26.541567535307216,0.8013910699039437,0.7786038153507665
DIV2K,0811,bicubic,generated:matlab_bicubic_resize,/home/ubuntu/scratch/sr-diffusion/benchmarks/div2k/DIV2K_valid_HR/0811.png,/home/ubuntu/scratch/sr-diffusion/benchmarks/div2k/DIV2K_valid_LR_bicubic/X4/0811x4.png,29.0753367233034,27.98478754284604,0.7580004037871899,0.7345698550763305
DIV2K,0811,generalization_v3_best11500,/home/ubuntu/scratch/sr-diffusion/benchmark_outputs/stage2_bicubic_generalization_v3_best11500/DIV2K/0811/base.png,/home/ubuntu/scratch/sr-diffusion/benchmarks/div2k/DIV2K_valid_HR/0811.png,/home/ubuntu/scratch/sr-diffusion/benchmarks/div2k/DIV2K_valid_LR_bicubic/X4/0811x4.png,30.08321225720922,28.956680313875587,0.8075502741698452,0.7848492519148627
DIV2K,0811,trunk148m_best3500,/home/ubuntu/scratch/sr-diffusion/benchmark_outputs/stage2_bicubic_trunk148m_best3500/DIV2K/0811/base.png,/home/ubuntu/scratch/sr-diffusion/benchmarks/div2k/DIV2K_valid_HR/0811.png,/home/ubuntu/scratch/sr-diffusion/benchmarks/div2k/DIV2K_valid_LR_bicubic/X4/0811x4.png,30.07741519101423,28.95004049990126,0.8077829873036562,0.7850151345895199
DIV2K,0812,bicubic,generated:matlab_bicubic_resize,/home/ubuntu/scratch/sr-diffusion/benchmarks/div2k/DIV2K_valid_HR/0812.png,/home/ubuntu/scratch/sr-diffusion/benchmarks/div2k/DIV2K_valid_LR_bicubic/X4/0812x4.png,26.850286416339078,25.614347536681812,0.7550489673518418,0.735071034052012
DIV2K,0812,generalization_v3_best11500,/home/ubuntu/scratch/sr-diffusion/benchmark_outputs/stage2_bicubic_generalization_v3_best11500/DIV2K/0812/base.png,/home/ubuntu/scratch/sr-diffusion/benchmarks/div2k/DIV2K_valid_HR/0812.png,/home/ubuntu/scratch/sr-diffusion/benchmarks/div2k/DIV2K_valid_LR_bicubic/X4/0812x4.png,28.851574969960893,27.622999986559883,0.8225700081744425,0.8057941466057302
DIV2K,0812,trunk148m_best3500,/home/ubuntu/scratch/sr-diffusion/benchmark_outputs/stage2_bicubic_trunk148m_best3500/DIV2K/0812/base.png,/home/ubuntu/scratch/sr-diffusion/benchmarks/div2k/DIV2K_valid_HR/0812.png,/home/ubuntu/scratch/sr-diffusion/benchmarks/div2k/DIV2K_valid_LR_bicubic/X4/0812x4.png,28.88981832604445,27.660883813037834,0.82349558890685,0.8067593089943706
DIV2K,0813,bicubic,generated:matlab_bicubic_resize,/home/ubuntu/scratch/sr-diffusion/benchmarks/div2k/DIV2K_valid_HR/0813.png,/home/ubuntu/scratch/sr-diffusion/benchmarks/div2k/DIV2K_valid_LR_bicubic/X4/0813x4.png,30.20637705153463,28.822028775596156,0.8579755667057617,0.8334216255418824
DIV2K,0813,generalization_v3_best11500,/home/ubuntu/scratch/sr-diffusion/benchmark_outputs/stage2_bicubic_generalization_v3_best11500/DIV2K/0813/base.png,/home/ubuntu/scratch/sr-diffusion/benchmarks/div2k/DIV2K_valid_HR/0813.png,/home/ubuntu/scratch/sr-diffusion/benchmarks/div2k/DIV2K_valid_LR_bicubic/X4/0813x4.png,32.66611452099714,31.22091052471392,0.8976855199714129,0.87528420126905
DIV2K,0813,trunk148m_best3500,/home/ubuntu/scratch/sr-diffusion/benchmark_outputs/stage2_bicubic_trunk148m_best3500/DIV2K/0813/base.png,/home/ubuntu/scratch/sr-diffusion/benchmarks/div2k/DIV2K_valid_HR/0813.png,/home/ubuntu/scratch/sr-diffusion/benchmarks/div2k/DIV2K_valid_LR_bicubic/X4/0813x4.png,32.65551109831367,31.21183093738224,0.8978593124657626,0.8753332222412923
DIV2K,0814,bicubic,generated:matlab_bicubic_resize,/home/ubuntu/scratch/sr-diffusion/benchmarks/div2k/DIV2K_valid_HR/0814.png,/home/ubuntu/scratch/sr-diffusion/benchmarks/div2k/DIV2K_valid_LR_bicubic/X4/0814x4.png,27.949684886370715,26.554310588486246,0.8735567824279529,0.8599674429816595
DIV2K,0814,generalization_v3_best11500,/home/ubuntu/scratch/sr-diffusion/benchmark_outputs/stage2_bicubic_generalization_v3_best11500/DIV2K/0814/base.png,/home/ubuntu/scratch/sr-diffusion/benchmarks/div2k/DIV2K_valid_HR/0814.png,/home/ubuntu/scratch/sr-diffusion/benchmarks/div2k/DIV2K_valid_LR_bicubic/X4/0814x4.png,29.35154408977299,27.91700917475099,0.905339412278044,0.8928614080979839
DIV2K,0814,trunk148m_best3500,/home/ubuntu/scratch/sr-diffusion/benchmark_outputs/stage2_bicubic_trunk148m_best3500/DIV2K/0814/base.png,/home/ubuntu/scratch/sr-diffusion/benchmarks/div2k/DIV2K_valid_HR/0814.png,/home/ubuntu/scratch/sr-diffusion/benchmarks/div2k/DIV2K_valid_LR_bicubic/X4/0814x4.png,29.346909413562784,27.91253999206663,0.9052792091509659,0.8928037922231619
DIV2K,0815,bicubic,generated:matlab_bicubic_resize,/home/ubuntu/scratch/sr-diffusion/benchmarks/div2k/DIV2K_valid_HR/0815.png,/home/ubuntu/scratch/sr-diffusion/benchmarks/div2k/DIV2K_valid_LR_bicubic/X4/0815x4.png,33.81687062488898,31.655587982723944,0.9121340016665614,0.8905805053574912
DIV2K,0815,generalization_v3_best11500,/home/ubuntu/scratch/sr-diffusion/benchmark_outputs/stage2_bicubic_generalization_v3_best11500/DIV2K/0815/base.png,/home/ubuntu/scratch/sr-diffusion/benchmarks/div2k/DIV2K_valid_HR/0815.png,/home/ubuntu/scratch/sr-diffusion/benchmarks/div2k/DIV2K_valid_LR_bicubic/X4/0815x4.png,36.04434001264763,33.71961581330064,0.9333096319809676,0.9140972914751315
DIV2K,0815,trunk148m_best3500,/home/ubuntu/scratch/sr-diffusion/benchmark_outputs/stage2_bicubic_trunk148m_best3500/DIV2K/0815/base.png,/home/ubuntu/scratch/sr-diffusion/benchmarks/div2k/DIV2K_valid_HR/0815.png,/home/ubuntu/scratch/sr-diffusion/benchmarks/div2k/DIV2K_valid_LR_bicubic/X4/0815x4.png,36.04521407510917,33.72688591097803,0.9335083813983845,0.9143782935116627
DIV2K,0816,bicubic,generated:matlab_bicubic_resize,/home/ubuntu/scratch/sr-diffusion/benchmarks/div2k/DIV2K_valid_HR/0816.png,/home/ubuntu/scratch/sr-diffusion/benchmarks/div2k/DIV2K_valid_LR_bicubic/X4/0816x4.png,31.00305407963418,29.697207748413625,0.8159233707727152,0.7912232439913568
DIV2K,0816,generalization_v3_best11500,/home/ubuntu/scratch/sr-diffusion/benchmark_outputs/stage2_bicubic_generalization_v3_best11500/DIV2K/0816/base.png,/home/ubuntu/scratch/sr-diffusion/benchmarks/div2k/DIV2K_valid_HR/0816.png,/home/ubuntu/scratch/sr-diffusion/benchmarks/div2k/DIV2K_valid_LR_bicubic/X4/0816x4.png,32.893232073379856,31.561562879002256,0.85901032228438,0.8380068715215723
DIV2K,0816,trunk148m_best3500,/home/ubuntu/scratch/sr-diffusion/benchmark_outputs/stage2_bicubic_trunk148m_best3500/DIV2K/0816/base.png,/home/ubuntu/scratch/sr-diffusion/benchmarks/div2k/DIV2K_valid_HR/0816.png,/home/ubuntu/scratch/sr-diffusion/benchmarks/div2k/DIV2K_valid_LR_bicubic/X4/0816x4.png,32.897648452069355,31.565038442253332,0.8594956199351242,0.8385610441900888
DIV2K,0817,bicubic,generated:matlab_bicubic_resize,/home/ubuntu/scratch/sr-diffusion/benchmarks/div2k/DIV2K_valid_HR/0817.png,/home/ubuntu/scratch/sr-diffusion/benchmarks/div2k/DIV2K_valid_LR_bicubic/X4/0817x4.png,31.788819354848957,29.948732829223555,0.8670286157101559,0.8460299578435024
DIV2K,0817,generalization_v3_best11500,/home/ubuntu/scratch/sr-diffusion/benchmark_outputs/stage2_bicubic_generalization_v3_best11500/DIV2K/0817/base.png,/home/ubuntu/scratch/sr-diffusion/benchmarks/div2k/DIV2K_valid_HR/0817.png,/home/ubuntu/scratch/sr-diffusion/benchmarks/div2k/DIV2K_valid_LR_bicubic/X4/0817x4.png,33.591527504427546,31.827233061200324,0.8993977542370801,0.8796559877940301
DIV2K,0817,trunk148m_best3500,/home/ubuntu/scratch/sr-diffusion/benchmark_outputs/stage2_bicubic_trunk148m_best3500/DIV2K/0817/base.png,/home/ubuntu/scratch/sr-diffusion/benchmarks/div2k/DIV2K_valid_HR/0817.png,/home/ubuntu/scratch/sr-diffusion/benchmarks/div2k/DIV2K_valid_LR_bicubic/X4/0817x4.png,33.58869383523353,31.829409521926245,0.8996192714763634,0.8799234156206754
DIV2K,0818,bicubic,generated:matlab_bicubic_resize,/home/ubuntu/scratch/sr-diffusion/benchmarks/div2k/DIV2K_valid_HR/0818.png,/home/ubuntu/scratch/sr-diffusion/benchmarks/div2k/DIV2K_valid_LR_bicubic/X4/0818x4.png,27.844286231432886,26.551832777424465,0.8601930564322972,0.8465231602733815
DIV2K,0818,generalization_v3_best11500,/home/ubuntu/scratch/sr-diffusion/benchmark_outputs/stage2_bicubic_generalization_v3_best11500/DIV2K/0818/base.png,/home/ubuntu/scratch/sr-diffusion/benchmarks/div2k/DIV2K_valid_HR/0818.png,/home/ubuntu/scratch/sr-diffusion/benchmarks/div2k/DIV2K_valid_LR_bicubic/X4/0818x4.png,29.937524010917915,28.582859255279693,0.9072356040854658,0.8934184971254346
DIV2K,0818,trunk148m_best3500,/home/ubuntu/scratch/sr-diffusion/benchmark_outputs/stage2_bicubic_trunk148m_best3500/DIV2K/0818/base.png,/home/ubuntu/scratch/sr-diffusion/benchmarks/div2k/DIV2K_valid_HR/0818.png,/home/ubuntu/scratch/sr-diffusion/benchmarks/div2k/DIV2K_valid_LR_bicubic/X4/0818x4.png,29.93792662254034,28.580554115376877,0.9074526665185212,0.8934556087640898
DIV2K,0819,bicubic,generated:matlab_bicubic_resize,/home/ubuntu/scratch/sr-diffusion/benchmarks/div2k/DIV2K_valid_HR/0819.png,/home/ubuntu/scratch/sr-diffusion/benchmarks/div2k/DIV2K_valid_LR_bicubic/X4/0819x4.png,27.95957605572735,26.37853157446488,0.7707426840006759,0.74507536082521
DIV2K,0819,generalization_v3_best11500,/home/ubuntu/scratch/sr-diffusion/benchmark_outputs/stage2_bicubic_generalization_v3_best11500/DIV2K/0819/base.png,/home/ubuntu/scratch/sr-diffusion/benchmarks/div2k/DIV2K_valid_HR/0819.png,/home/ubuntu/scratch/sr-diffusion/benchmarks/div2k/DIV2K_valid_LR_bicubic/X4/0819x4.png,29.386293431950183,27.7665282339671,0.8341552494077318,0.8140684525689288
DIV2K,0819,trunk148m_best3500,/home/ubuntu/scratch/sr-diffusion/benchmark_outputs/stage2_bicubic_trunk148m_best3500/DIV2K/0819/base.png,/home/ubuntu/scratch/sr-diffusion/benchmarks/div2k/DIV2K_valid_HR/0819.png,/home/ubuntu/scratch/sr-diffusion/benchmarks/div2k/DIV2K_valid_LR_bicubic/X4/0819x4.png,29.380226490359142,27.76063364966298,0.8348341208809058,0.8148794103553124
DIV2K,0820,bicubic,generated:matlab_bicubic_resize,/home/ubuntu/scratch/sr-diffusion/benchmarks/div2k/DIV2K_valid_HR/0820.png,/home/ubuntu/scratch/sr-diffusion/benchmarks/div2k/DIV2K_valid_LR_bicubic/X4/0820x4.png,23.010632059767715,21.617918585228594,0.6890144914993952,0.6675543918039016
DIV2K,0820,generalization_v3_best11500,/home/ubuntu/scratch/sr-diffusion/benchmark_outputs/stage2_bicubic_generalization_v3_best11500/DIV2K/0820/base.png,/home/ubuntu/scratch/sr-diffusion/benchmarks/div2k/DIV2K_valid_HR/0820.png,/home/ubuntu/scratch/sr-diffusion/benchmarks/div2k/DIV2K_valid_LR_bicubic/X4/0820x4.png,25.87118048398963,24.470673124010467,0.8138352924860524,0.7986661760513684
DIV2K,0820,trunk148m_best3500,/home/ubuntu/scratch/sr-diffusion/benchmark_outputs/stage2_bicubic_trunk148m_best3500/DIV2K/0820/base.png,/home/ubuntu/scratch/sr-diffusion/benchmarks/div2k/DIV2K_valid_HR/0820.png,/home/ubuntu/scratch/sr-diffusion/benchmarks/div2k/DIV2K_valid_LR_bicubic/X4/0820x4.png,25.925011644633777,24.52272371635022,0.8142726349305051,0.799140133245301
DIV2K,0821,bicubic,generated:matlab_bicubic_resize,/home/ubuntu/scratch/sr-diffusion/benchmarks/div2k/DIV2K_valid_HR/0821.png,/home/ubuntu/scratch/sr-diffusion/benchmarks/div2k/DIV2K_valid_LR_bicubic/X4/0821x4.png,26.450391489233557,25.171369469536856,0.8393145324076938,0.8098951567637608
DIV2K,0821,generalization_v3_best11500,/home/ubuntu/scratch/sr-diffusion/benchmark_outputs/stage2_bicubic_generalization_v3_best11500/DIV2K/0821/base.png,/home/ubuntu/scratch/sr-diffusion/benchmarks/div2k/DIV2K_valid_HR/0821.png,/home/ubuntu/scratch/sr-diffusion/benchmarks/div2k/DIV2K_valid_LR_bicubic/X4/0821x4.png,33.108124278358304,31.724365248304306,0.9355387171669474,0.918536140476534
DIV2K,0821,trunk148m_best3500,/home/ubuntu/scratch/sr-diffusion/benchmark_outputs/stage2_bicubic_trunk148m_best3500/DIV2K/0821/base.png,/home/ubuntu/scratch/sr-diffusion/benchmarks/div2k/DIV2K_valid_HR/0821.png,/home/ubuntu/scratch/sr-diffusion/benchmarks/div2k/DIV2K_valid_LR_bicubic/X4/0821x4.png,33.04283176515221,31.65266482476429,0.9354351104978688,0.9187655211972282
DIV2K,0822,bicubic,generated:matlab_bicubic_resize,/home/ubuntu/scratch/sr-diffusion/benchmarks/div2k/DIV2K_valid_HR/0822.png,/home/ubuntu/scratch/sr-diffusion/benchmarks/div2k/DIV2K_valid_LR_bicubic/X4/0822x4.png,29.28314948991222,27.977955435337556,0.8080404432984737,0.7837239224104194
DIV2K,0822,generalization_v3_best11500,/home/ubuntu/scratch/sr-diffusion/benchmark_outputs/stage2_bicubic_generalization_v3_best11500/DIV2K/0822/base.png,/home/ubuntu/scratch/sr-diffusion/benchmarks/div2k/DIV2K_valid_HR/0822.png,/home/ubuntu/scratch/sr-diffusion/benchmarks/div2k/DIV2K_valid_LR_bicubic/X4/0822x4.png,31.915841619974827,30.451577912956125,0.8822104654845905,0.8621444860275798
DIV2K,0822,trunk148m_best3500,/home/ubuntu/scratch/sr-diffusion/benchmark_outputs/stage2_bicubic_trunk148m_best3500/DIV2K/0822/base.png,/home/ubuntu/scratch/sr-diffusion/benchmarks/div2k/DIV2K_valid_HR/0822.png,/home/ubuntu/scratch/sr-diffusion/benchmarks/div2k/DIV2K_valid_LR_bicubic/X4/0822x4.png,31.926076197612545,30.461773790037896,0.8827315794783284,0.862670859398325
DIV2K,0823,bicubic,generated:matlab_bicubic_resize,/home/ubuntu/scratch/sr-diffusion/benchmarks/div2k/DIV2K_valid_HR/0823.png,/home/ubuntu/scratch/sr-diffusion/benchmarks/div2k/DIV2K_valid_LR_bicubic/X4/0823x4.png,25.70637388528983,24.375875469953723,0.7705294852763311,0.7505081697702325
DIV2K,0823,generalization_v3_best11500,/home/ubuntu/scratch/sr-diffusion/benchmark_outputs/stage2_bicubic_generalization_v3_best11500/DIV2K/0823/base.png,/home/ubuntu/scratch/sr-diffusion/benchmarks/div2k/DIV2K_valid_HR/0823.png,/home/ubuntu/scratch/sr-diffusion/benchmarks/div2k/DIV2K_valid_LR_bicubic/X4/0823x4.png,27.115638007075074,25.77249866372478,0.8294641232548837,0.8094071212947829
DIV2K,0823,trunk148m_best3500,/home/ubuntu/scratch/sr-diffusion/benchmark_outputs/stage2_bicubic_trunk148m_best3500/DIV2K/0823/base.png,/home/ubuntu/scratch/sr-diffusion/benchmarks/div2k/DIV2K_valid_HR/0823.png,/home/ubuntu/scratch/sr-diffusion/benchmarks/div2k/DIV2K_valid_LR_bicubic/X4/0823x4.png,27.118074972570433,25.774040395980258,0.8295058019033253,0.809541478106046
DIV2K,0824,bicubic,generated:matlab_bicubic_resize,/home/ubuntu/scratch/sr-diffusion/benchmarks/div2k/DIV2K_valid_HR/0824.png,/home/ubuntu/scratch/sr-diffusion/benchmarks/div2k/DIV2K_valid_LR_bicubic/X4/0824x4.png,26.72851404137316,25.337210146303015,0.8438952770081909,0.8293048289258164
DIV2K,0824,generalization_v3_best11500,/home/ubuntu/scratch/sr-diffusion/benchmark_outputs/stage2_bicubic_generalization_v3_best11500/DIV2K/0824/base.png,/home/ubuntu/scratch/sr-diffusion/benchmarks/div2k/DIV2K_valid_HR/0824.png,/home/ubuntu/scratch/sr-diffusion/benchmarks/div2k/DIV2K_valid_LR_bicubic/X4/0824x4.png,29.603698081159664,28.170790652847664,0.8994869251902375,0.8870304834817554
DIV2K,0824,trunk148m_best3500,/home/ubuntu/scratch/sr-diffusion/benchmark_outputs/stage2_bicubic_trunk148m_best3500/DIV2K/0824/base.png,/home/ubuntu/scratch/sr-diffusion/benchmarks/div2k/DIV2K_valid_HR/0824.png,/home/ubuntu/scratch/sr-diffusion/benchmarks/div2k/DIV2K_valid_LR_bicubic/X4/0824x4.png,29.597967728894513,28.16501135629078,0.8996400517923356,0.887209466063459
DIV2K,0825,bicubic,generated:matlab_bicubic_resize,/home/ubuntu/scratch/sr-diffusion/benchmarks/div2k/DIV2K_valid_HR/0825.png,/home/ubuntu/scratch/sr-diffusion/benchmarks/div2k/DIV2K_valid_LR_bicubic/X4/0825x4.png,26.15678238943612,24.751175199099258,0.7552285909923018,0.7327109414742417
DIV2K,0825,generalization_v3_best11500,/home/ubuntu/scratch/sr-diffusion/benchmark_outputs/stage2_bicubic_generalization_v3_best11500/DIV2K/0825/base.png,/home/ubuntu/scratch/sr-diffusion/benchmarks/div2k/DIV2K_valid_HR/0825.png,/home/ubuntu/scratch/sr-diffusion/benchmarks/div2k/DIV2K_valid_LR_bicubic/X4/0825x4.png,28.618158693217577,27.206404887346846,0.8354892304664314,0.8170618223072391
DIV2K,0825,trunk148m_best3500,/home/ubuntu/scratch/sr-diffusion/benchmark_outputs/stage2_bicubic_trunk148m_best3500/DIV2K/0825/base.png,/home/ubuntu/scratch/sr-diffusion/benchmarks/div2k/DIV2K_valid_HR/0825.png,/home/ubuntu/scratch/sr-diffusion/benchmarks/div2k/DIV2K_valid_LR_bicubic/X4/0825x4.png,28.621625967522014,27.210102547827233,0.8357054579142954,0.8173317872316389
DIV2K,0826,bicubic,generated:matlab_bicubic_resize,/home/ubuntu/scratch/sr-diffusion/benchmarks/div2k/DIV2K_valid_HR/0826.png,/home/ubuntu/scratch/sr-diffusion/benchmarks/div2k/DIV2K_valid_LR_bicubic/X4/0826x4.png,24.16530630140638,22.943933081945463,0.7035666673474312,0.6855092764438577
DIV2K,0826,generalization_v3_best11500,/home/ubuntu/scratch/sr-diffusion/benchmark_outputs/stage2_bicubic_generalization_v3_best11500/DIV2K/0826/base.png,/home/ubuntu/scratch/sr-diffusion/benchmarks/div2k/DIV2K_valid_HR/0826.png,/home/ubuntu/scratch/sr-diffusion/benchmarks/div2k/DIV2K_valid_LR_bicubic/X4/0826x4.png,25.30447150885265,24.071950897829915,0.7734023745417364,0.7562775483515898
DIV2K,0826,trunk148m_best3500,/home/ubuntu/scratch/sr-diffusion/benchmark_outputs/stage2_bicubic_trunk148m_best3500/DIV2K/0826/base.png,/home/ubuntu/scratch/sr-diffusion/benchmarks/div2k/DIV2K_valid_HR/0826.png,/home/ubuntu/scratch/sr-diffusion/benchmarks/div2k/DIV2K_valid_LR_bicubic/X4/0826x4.png,25.302676484307916,24.070558667090847,0.7738020016690367,0.7567274387277497
DIV2K,0827,bicubic,generated:matlab_bicubic_resize,/home/ubuntu/scratch/sr-diffusion/benchmarks/div2k/DIV2K_valid_HR/0827.png,/home/ubuntu/scratch/sr-diffusion/benchmarks/div2k/DIV2K_valid_LR_bicubic/X4/0827x4.png,31.854097550119796,30.49099731700653,0.8712306061707175,0.8465892177779093
DIV2K,0827,generalization_v3_best11500,/home/ubuntu/scratch/sr-diffusion/benchmark_outputs/stage2_bicubic_generalization_v3_best11500/DIV2K/0827/base.png,/home/ubuntu/scratch/sr-diffusion/benchmarks/div2k/DIV2K_valid_HR/0827.png,/home/ubuntu/scratch/sr-diffusion/benchmarks/div2k/DIV2K_valid_LR_bicubic/X4/0827x4.png,34.65447095138218,33.25401303417402,0.9029067654312969,0.8814098950634901
DIV2K,0827,trunk148m_best3500,/home/ubuntu/scratch/sr-diffusion/benchmark_outputs/stage2_bicubic_trunk148m_best3500/DIV2K/0827/base.png,/home/ubuntu/scratch/sr-diffusion/benchmarks/div2k/DIV2K_valid_HR/0827.png,/home/ubuntu/scratch/sr-diffusion/benchmarks/div2k/DIV2K_valid_LR_bicubic/X4/0827x4.png,34.6259099962961,33.2278721222503,0.9026671188228557,0.8810661230302806
DIV2K,0828,bicubic,generated:matlab_bicubic_resize,/home/ubuntu/scratch/sr-diffusion/benchmarks/div2k/DIV2K_valid_HR/0828.png,/home/ubuntu/scratch/sr-diffusion/benchmarks/div2k/DIV2K_valid_LR_bicubic/X4/0828x4.png,17.39569011692606,16.453211649848477,0.6771524769222559,0.6455010307601051
DIV2K,0828,generalization_v3_best11500,/home/ubuntu/scratch/sr-diffusion/benchmark_outputs/stage2_bicubic_generalization_v3_best11500/DIV2K/0828/base.png,/home/ubuntu/scratch/sr-diffusion/benchmarks/div2k/DIV2K_valid_HR/0828.png,/home/ubuntu/scratch/sr-diffusion/benchmarks/div2k/DIV2K_valid_LR_bicubic/X4/0828x4.png,20.91416056702869,19.85216201894786,0.8851648383878502,0.8407169292082757
DIV2K,0828,trunk148m_best3500,/home/ubuntu/scratch/sr-diffusion/benchmark_outputs/stage2_bicubic_trunk148m_best3500/DIV2K/0828/base.png,/home/ubuntu/scratch/sr-diffusion/benchmarks/div2k/DIV2K_valid_HR/0828.png,/home/ubuntu/scratch/sr-diffusion/benchmarks/div2k/DIV2K_valid_LR_bicubic/X4/0828x4.png,20.9850486948499,19.919649546130994,0.8872165997096387,0.8429619763802938
DIV2K,0829,bicubic,generated:matlab_bicubic_resize,/home/ubuntu/scratch/sr-diffusion/benchmarks/div2k/DIV2K_valid_HR/0829.png,/home/ubuntu/scratch/sr-diffusion/benchmarks/div2k/DIV2K_valid_LR_bicubic/X4/0829x4.png,27.25706643294403,25.9539061447768,0.5485463858688163,0.4987054141568446
DIV2K,0829,generalization_v3_best11500,/home/ubuntu/scratch/sr-diffusion/benchmark_outputs/stage2_bicubic_generalization_v3_best11500/DIV2K/0829/base.png,/home/ubuntu/scratch/sr-diffusion/benchmarks/div2k/DIV2K_valid_HR/0829.png,/home/ubuntu/scratch/sr-diffusion/benchmarks/div2k/DIV2K_valid_LR_bicubic/X4/0829x4.png,27.851065373594366,26.536925368134128,0.5794011388840021,0.533041219151363
DIV2K,0829,trunk148m_best3500,/home/ubuntu/scratch/sr-diffusion/benchmark_outputs/stage2_bicubic_trunk148m_best3500/DIV2K/0829/base.png,/home/ubuntu/scratch/sr-diffusion/benchmarks/div2k/DIV2K_valid_HR/0829.png,/home/ubuntu/scratch/sr-diffusion/benchmarks/div2k/DIV2K_valid_LR_bicubic/X4/0829x4.png,27.843966068502375,26.529916985375557,0.5799534602754741,0.5337317484126533
DIV2K,0830,bicubic,generated:matlab_bicubic_resize,/home/ubuntu/scratch/sr-diffusion/benchmarks/div2k/DIV2K_valid_HR/0830.png,/home/ubuntu/scratch/sr-diffusion/benchmarks/div2k/DIV2K_valid_LR_bicubic/X4/0830x4.png,25.12575267992629,23.568442634928097,0.6954199430784254,0.6675536021751868
DIV2K,0830,generalization_v3_best11500,/home/ubuntu/scratch/sr-diffusion/benchmark_outputs/stage2_bicubic_generalization_v3_best11500/DIV2K/0830/base.png,/home/ubuntu/scratch/sr-diffusion/benchmarks/div2k/DIV2K_valid_HR/0830.png,/home/ubuntu/scratch/sr-diffusion/benchmarks/div2k/DIV2K_valid_LR_bicubic/X4/0830x4.png,25.860414997365474,24.301571315876313,0.7463132922416702,0.7214014800034444
DIV2K,0830,trunk148m_best3500,/home/ubuntu/scratch/sr-diffusion/benchmark_outputs/stage2_bicubic_trunk148m_best3500/DIV2K/0830/base.png,/home/ubuntu/scratch/sr-diffusion/benchmarks/div2k/DIV2K_valid_HR/0830.png,/home/ubuntu/scratch/sr-diffusion/benchmarks/div2k/DIV2K_valid_LR_bicubic/X4/0830x4.png,25.859467626236633,24.301001879500244,0.7468028667542426,0.7219372544769169
DIV2K,0831,bicubic,generated:matlab_bicubic_resize,/home/ubuntu/scratch/sr-diffusion/benchmarks/div2k/DIV2K_valid_HR/0831.png,/home/ubuntu/scratch/sr-diffusion/benchmarks/div2k/DIV2K_valid_LR_bicubic/X4/0831x4.png,28.14138461458141,26.779227016435524,0.8105542933049013,0.7894537114438371
DIV2K,0831,generalization_v3_best11500,/home/ubuntu/scratch/sr-diffusion/benchmark_outputs/stage2_bicubic_generalization_v3_best11500/DIV2K/0831/base.png,/home/ubuntu/scratch/sr-diffusion/benchmarks/div2k/DIV2K_valid_HR/0831.png,/home/ubuntu/scratch/sr-diffusion/benchmarks/div2k/DIV2K_valid_LR_bicubic/X4/0831x4.png,31.387607131522174,30.002128817333016,0.8872315767555562,0.8704969300625421
DIV2K,0831,trunk148m_best3500,/home/ubuntu/scratch/sr-diffusion/benchmark_outputs/stage2_bicubic_trunk148m_best3500/DIV2K/0831/base.png,/home/ubuntu/scratch/sr-diffusion/benchmarks/div2k/DIV2K_valid_HR/0831.png,/home/ubuntu/scratch/sr-diffusion/benchmarks/div2k/DIV2K_valid_LR_bicubic/X4/0831x4.png,31.376407493253527,29.993011612657252,0.8871295688812117,0.8702136647460587
DIV2K,0832,bicubic,generated:matlab_bicubic_resize,/home/ubuntu/scratch/sr-diffusion/benchmarks/div2k/DIV2K_valid_HR/0832.png,/home/ubuntu/scratch/sr-diffusion/benchmarks/div2k/DIV2K_valid_LR_bicubic/X4/0832x4.png,29.225716614587753,27.53608584787915,0.8403021315318532,0.8141462926715027
DIV2K,0832,generalization_v3_best11500,/home/ubuntu/scratch/sr-diffusion/benchmark_outputs/stage2_bicubic_generalization_v3_best11500/DIV2K/0832/base.png,/home/ubuntu/scratch/sr-diffusion/benchmarks/div2k/DIV2K_valid_HR/0832.png,/home/ubuntu/scratch/sr-diffusion/benchmarks/div2k/DIV2K_valid_LR_bicubic/X4/0832x4.png,31.967347671571883,30.24418328017285,0.8972518151288004,0.8765663108108311
DIV2K,0832,trunk148m_best3500,/home/ubuntu/scratch/sr-diffusion/benchmark_outputs/stage2_bicubic_trunk148m_best3500/DIV2K/0832/base.png,/home/ubuntu/scratch/sr-diffusion/benchmarks/div2k/DIV2K_valid_HR/0832.png,/home/ubuntu/scratch/sr-diffusion/benchmarks/div2k/DIV2K_valid_LR_bicubic/X4/0832x4.png,31.94377904284091,30.22452849657744,0.89743990764842,0.8768459248380706
DIV2K,0833,bicubic,generated:matlab_bicubic_resize,/home/ubuntu/scratch/sr-diffusion/benchmarks/div2k/DIV2K_valid_HR/0833.png,/home/ubuntu/scratch/sr-diffusion/benchmarks/div2k/DIV2K_valid_LR_bicubic/X4/0833x4.png,31.420016074736633,30.03113379165754,0.8908395280985896,0.8699477924596066
DIV2K,0833,generalization_v3_best11500,/home/ubuntu/scratch/sr-diffusion/benchmark_outputs/stage2_bicubic_generalization_v3_best11500/DIV2K/0833/base.png,/home/ubuntu/scratch/sr-diffusion/benchmarks/div2k/DIV2K_valid_HR/0833.png,/home/ubuntu/scratch/sr-diffusion/benchmarks/div2k/DIV2K_valid_LR_bicubic/X4/0833x4.png,35.3629303206076,33.877654521253675,0.9228878375688901,0.9034767093422457
DIV2K,0833,trunk148m_best3500,/home/ubuntu/scratch/sr-diffusion/benchmark_outputs/stage2_bicubic_trunk148m_best3500/DIV2K/0833/base.png,/home/ubuntu/scratch/sr-diffusion/benchmarks/div2k/DIV2K_valid_HR/0833.png,/home/ubuntu/scratch/sr-diffusion/benchmarks/div2k/DIV2K_valid_LR_bicubic/X4/0833x4.png,35.39970111381939,33.91359694014152,0.9231322463417009,0.9037776339396039
DIV2K,0834,bicubic,generated:matlab_bicubic_resize,/home/ubuntu/scratch/sr-diffusion/benchmarks/div2k/DIV2K_valid_HR/0834.png,/home/ubuntu/scratch/sr-diffusion/benchmarks/div2k/DIV2K_valid_LR_bicubic/X4/0834x4.png,25.853368134297575,24.404115364539756,0.7409508668272855,0.7239628432851175
DIV2K,0834,generalization_v3_best11500,/home/ubuntu/scratch/sr-diffusion/benchmark_outputs/stage2_bicubic_generalization_v3_best11500/DIV2K/0834/base.png,/home/ubuntu/scratch/sr-diffusion/benchmarks/div2k/DIV2K_valid_HR/0834.png,/home/ubuntu/scratch/sr-diffusion/benchmarks/div2k/DIV2K_valid_LR_bicubic/X4/0834x4.png,26.704847987985293,25.242889705292523,0.79201740652098,0.7777657957803369
DIV2K,0834,trunk148m_best3500,/home/ubuntu/scratch/sr-diffusion/benchmark_outputs/stage2_bicubic_trunk148m_best3500/DIV2K/0834/base.png,/home/ubuntu/scratch/sr-diffusion/benchmarks/div2k/DIV2K_valid_HR/0834.png,/home/ubuntu/scratch/sr-diffusion/benchmarks/div2k/DIV2K_valid_LR_bicubic/X4/0834x4.png,26.705707170678473,25.24346961635314,0.7922683658251359,0.7780571463636522
DIV2K,0835,bicubic,generated:matlab_bicubic_resize,/home/ubuntu/scratch/sr-diffusion/benchmarks/div2k/DIV2K_valid_HR/0835.png,/home/ubuntu/scratch/sr-diffusion/benchmarks/div2k/DIV2K_valid_LR_bicubic/X4/0835x4.png,23.55993075755734,22.176743757819565,0.5430498668158362,0.5164406757958061
DIV2K,0835,generalization_v3_best11500,/home/ubuntu/scratch/sr-diffusion/benchmark_outputs/stage2_bicubic_generalization_v3_best11500/DIV2K/0835/base.png,/home/ubuntu/scratch/sr-diffusion/benchmarks/div2k/DIV2K_valid_HR/0835.png,/home/ubuntu/scratch/sr-diffusion/benchmarks/div2k/DIV2K_valid_LR_bicubic/X4/0835x4.png,24.10089837664301,22.721720482054234,0.616393649044098,0.5946148798437055
DIV2K,0835,trunk148m_best3500,/home/ubuntu/scratch/sr-diffusion/benchmark_outputs/stage2_bicubic_trunk148m_best3500/DIV2K/0835/base.png,/home/ubuntu/scratch/sr-diffusion/benchmarks/div2k/DIV2K_valid_HR/0835.png,/home/ubuntu/scratch/sr-diffusion/benchmarks/div2k/DIV2K_valid_LR_bicubic/X4/0835x4.png,24.10369505894551,22.72416695166428,0.6165118114118299,0.5946743799509268
DIV2K,0836,bicubic,generated:matlab_bicubic_resize,/home/ubuntu/scratch/sr-diffusion/benchmarks/div2k/DIV2K_valid_HR/0836.png,/home/ubuntu/scratch/sr-diffusion/benchmarks/div2k/DIV2K_valid_LR_bicubic/X4/0836x4.png,24.4980134752776,23.1812210281786,0.7195839126047728,0.6994364652809635
DIV2K,0836,generalization_v3_best11500,/home/ubuntu/scratch/sr-diffusion/benchmark_outputs/stage2_bicubic_generalization_v3_best11500/DIV2K/0836/base.png,/home/ubuntu/scratch/sr-diffusion/benchmarks/div2k/DIV2K_valid_HR/0836.png,/home/ubuntu/scratch/sr-diffusion/benchmarks/div2k/DIV2K_valid_LR_bicubic/X4/0836x4.png,27.047143226296157,25.71652482578611,0.8105997457893289,0.7921289085233033
DIV2K,0836,trunk148m_best3500,/home/ubuntu/scratch/sr-diffusion/benchmark_outputs/stage2_bicubic_trunk148m_best3500/DIV2K/0836/base.png,/home/ubuntu/scratch/sr-diffusion/benchmarks/div2k/DIV2K_valid_HR/0836.png,/home/ubuntu/scratch/sr-diffusion/benchmarks/div2k/DIV2K_valid_LR_bicubic/X4/0836x4.png,27.053233397208274,25.722622822537396,0.8108681694687874,0.7924838658698498
DIV2K,0837,bicubic,generated:matlab_bicubic_resize,/home/ubuntu/scratch/sr-diffusion/benchmarks/div2k/DIV2K_valid_HR/0837.png,/home/ubuntu/scratch/sr-diffusion/benchmarks/div2k/DIV2K_valid_LR_bicubic/X4/0837x4.png,25.137499144603122,23.78504123299759,0.7444186636485949,0.7236731173617127
DIV2K,0837,generalization_v3_best11500,/home/ubuntu/scratch/sr-diffusion/benchmark_outputs/stage2_bicubic_generalization_v3_best11500/DIV2K/0837/base.png,/home/ubuntu/scratch/sr-diffusion/benchmarks/div2k/DIV2K_valid_HR/0837.png,/home/ubuntu/scratch/sr-diffusion/benchmarks/div2k/DIV2K_valid_LR_bicubic/X4/0837x4.png,27.40947375719805,26.038014850824492,0.8416559970011822,0.8265590648910018
DIV2K,0837,trunk148m_best3500,/home/ubuntu/scratch/sr-diffusion/benchmark_outputs/stage2_bicubic_trunk148m_best3500/DIV2K/0837/base.png,/home/ubuntu/scratch/sr-diffusion/benchmarks/div2k/DIV2K_valid_HR/0837.png,/home/ubuntu/scratch/sr-diffusion/benchmarks/div2k/DIV2K_valid_LR_bicubic/X4/0837x4.png,27.4168223806446,26.04565934822975,0.8421279185902782,0.8270618046374714
DIV2K,0838,bicubic,generated:matlab_bicubic_resize,/home/ubuntu/scratch/sr-diffusion/benchmarks/div2k/DIV2K_valid_HR/0838.png,/home/ubuntu/scratch/sr-diffusion/benchmarks/div2k/DIV2K_valid_LR_bicubic/X4/0838x4.png,38.58874061016144,36.91729655604777,0.9210635627316786,0.8966391753306858
DIV2K,0838,generalization_v3_best11500,/home/ubuntu/scratch/sr-diffusion/benchmark_outputs/stage2_bicubic_generalization_v3_best11500/DIV2K/0838/base.png,/home/ubuntu/scratch/sr-diffusion/benchmarks/div2k/DIV2K_valid_HR/0838.png,/home/ubuntu/scratch/sr-diffusion/benchmarks/div2k/DIV2K_valid_LR_bicubic/X4/0838x4.png,39.25906081990603,37.539564687906356,0.9282529353059527,0.9051217847074623
DIV2K,0838,trunk148m_best3500,/home/ubuntu/scratch/sr-diffusion/benchmark_outputs/stage2_bicubic_trunk148m_best3500/DIV2K/0838/base.png,/home/ubuntu/scratch/sr-diffusion/benchmarks/div2k/DIV2K_valid_HR/0838.png,/home/ubuntu/scratch/sr-diffusion/benchmarks/div2k/DIV2K_valid_LR_bicubic/X4/0838x4.png,39.25505475526994,37.541985388674405,0.9283591573968291,0.9052331800895286
DIV2K,0839,bicubic,generated:matlab_bicubic_resize,/home/ubuntu/scratch/sr-diffusion/benchmarks/div2k/DIV2K_valid_HR/0839.png,/home/ubuntu/scratch/sr-diffusion/benchmarks/div2k/DIV2K_valid_LR_bicubic/X4/0839x4.png,29.444209110837612,28.14416322728757,0.8011187268899189,0.7846547790335422
DIV2K,0839,generalization_v3_best11500,/home/ubuntu/scratch/sr-diffusion/benchmark_outputs/stage2_bicubic_generalization_v3_best11500/DIV2K/0839/base.png,/home/ubuntu/scratch/sr-diffusion/benchmarks/div2k/DIV2K_valid_HR/0839.png,/home/ubuntu/scratch/sr-diffusion/benchmarks/div2k/DIV2K_valid_LR_bicubic/X4/0839x4.png,30.27004332376476,28.954022998788428,0.8340966559081802,0.7958724210841336
DIV2K,0839,trunk148m_best3500,/home/ubuntu/scratch/sr-diffusion/benchmark_outputs/stage2_bicubic_trunk148m_best3500/DIV2K/0839/base.png,/home/ubuntu/scratch/sr-diffusion/benchmarks/div2k/DIV2K_valid_HR/0839.png,/home/ubuntu/scratch/sr-diffusion/benchmarks/div2k/DIV2K_valid_LR_bicubic/X4/0839x4.png,30.265831169351497,28.949309316277287,0.834332948703761,0.7963074330886241
DIV2K,0840,bicubic,generated:matlab_bicubic_resize,/home/ubuntu/scratch/sr-diffusion/benchmarks/div2k/DIV2K_valid_HR/0840.png,/home/ubuntu/scratch/sr-diffusion/benchmarks/div2k/DIV2K_valid_LR_bicubic/X4/0840x4.png,28.37692160995907,27.000884377212717,0.7777173188993565,0.7563137198922415
DIV2K,0840,generalization_v3_best11500,/home/ubuntu/scratch/sr-diffusion/benchmark_outputs/stage2_bicubic_generalization_v3_best11500/DIV2K/0840/base.png,/home/ubuntu/scratch/sr-diffusion/benchmarks/div2k/DIV2K_valid_HR/0840.png,/home/ubuntu/scratch/sr-diffusion/benchmarks/div2k/DIV2K_valid_LR_bicubic/X4/0840x4.png,29.678406821290466,28.294263461489027,0.8287227918918532,0.8117299382973192
DIV2K,0840,trunk148m_best3500,/home/ubuntu/scratch/sr-diffusion/benchmark_outputs/stage2_bicubic_trunk148m_best3500/DIV2K/0840/base.png,/home/ubuntu/scratch/sr-diffusion/benchmarks/div2k/DIV2K_valid_HR/0840.png,/home/ubuntu/scratch/sr-diffusion/benchmarks/div2k/DIV2K_valid_LR_bicubic/X4/0840x4.png,29.68209264637907,28.298223975315757,0.8292023933575178,0.8122589524421043
DIV2K,0841,bicubic,generated:matlab_bicubic_resize,/home/ubuntu/scratch/sr-diffusion/benchmarks/div2k/DIV2K_valid_HR/0841.png,/home/ubuntu/scratch/sr-diffusion/benchmarks/div2k/DIV2K_valid_LR_bicubic/X4/0841x4.png,27.61888247768015,26.20629057688246,0.8119890574807829,0.7926534278558516
DIV2K,0841,generalization_v3_best11500,/home/ubuntu/scratch/sr-diffusion/benchmark_outputs/stage2_bicubic_generalization_v3_best11500/DIV2K/0841/base.png,/home/ubuntu/scratch/sr-diffusion/benchmarks/div2k/DIV2K_valid_HR/0841.png,/home/ubuntu/scratch/sr-diffusion/benchmarks/div2k/DIV2K_valid_LR_bicubic/X4/0841x4.png,29.240850866172803,27.827979616972293,0.8682815629094921,0.8515684482147231
DIV2K,0841,trunk148m_best3500,/home/ubuntu/scratch/sr-diffusion/benchmark_outputs/stage2_bicubic_trunk148m_best3500/DIV2K/0841/base.png,/home/ubuntu/scratch/sr-diffusion/benchmarks/div2k/DIV2K_valid_HR/0841.png,/home/ubuntu/scratch/sr-diffusion/benchmarks/div2k/DIV2K_valid_LR_bicubic/X4/0841x4.png,29.221834108953928,27.809589265735355,0.8684438766908245,0.8517700401210933
DIV2K,0842,bicubic,generated:matlab_bicubic_resize,/home/ubuntu/scratch/sr-diffusion/benchmarks/div2k/DIV2K_valid_HR/0842.png,/home/ubuntu/scratch/sr-diffusion/benchmarks/div2k/DIV2K_valid_LR_bicubic/X4/0842x4.png,29.58260866669736,28.35307873802314,0.8319339139489491,0.8162910929554587
DIV2K,0842,generalization_v3_best11500,/home/ubuntu/scratch/sr-diffusion/benchmark_outputs/stage2_bicubic_generalization_v3_best11500/DIV2K/0842/base.png,/home/ubuntu/scratch/sr-diffusion/benchmarks/div2k/DIV2K_valid_HR/0842.png,/home/ubuntu/scratch/sr-diffusion/benchmarks/div2k/DIV2K_valid_LR_bicubic/X4/0842x4.png,30.730575397209297,29.482444402257354,0.8642326243380313,0.8509004861488205
DIV2K,0842,trunk148m_best3500,/home/ubuntu/scratch/sr-diffusion/benchmark_outputs/stage2_bicubic_trunk148m_best3500/DIV2K/0842/base.png,/home/ubuntu/scratch/sr-diffusion/benchmarks/div2k/DIV2K_valid_HR/0842.png,/home/ubuntu/scratch/sr-diffusion/benchmarks/div2k/DIV2K_valid_LR_bicubic/X4/0842x4.png,30.716378811419652,29.467608826517264,0.8646706453539305,0.8513704852621383
DIV2K,0843,bicubic,generated:matlab_bicubic_resize,/home/ubuntu/scratch/sr-diffusion/benchmarks/div2k/DIV2K_valid_HR/0843.png,/home/ubuntu/scratch/sr-diffusion/benchmarks/div2k/DIV2K_valid_LR_bicubic/X4/0843x4.png,38.79516168124559,37.04508902587868,0.9791280394714008,0.9715153376891975
DIV2K,0843,generalization_v3_best11500,/home/ubuntu/scratch/sr-diffusion/benchmark_outputs/stage2_bicubic_generalization_v3_best11500/DIV2K/0843/base.png,/home/ubuntu/scratch/sr-diffusion/benchmarks/div2k/DIV2K_valid_HR/0843.png,/home/ubuntu/scratch/sr-diffusion/benchmarks/div2k/DIV2K_valid_LR_bicubic/X4/0843x4.png,42.25638176649185,40.23844337366477,0.9841787583042557,0.9764426267883892
DIV2K,0843,trunk148m_best3500,/home/ubuntu/scratch/sr-diffusion/benchmark_outputs/stage2_bicubic_trunk148m_best3500/DIV2K/0843/base.png,/home/ubuntu/scratch/sr-diffusion/benchmarks/div2k/DIV2K_valid_HR/0843.png,/home/ubuntu/scratch/sr-diffusion/benchmarks/div2k/DIV2K_valid_LR_bicubic/X4/0843x4.png,42.461368367537276,40.416593086343795,0.9843791664882088,0.9767304587171918
DIV2K,0844,bicubic,generated:matlab_bicubic_resize,/home/ubuntu/scratch/sr-diffusion/benchmarks/div2k/DIV2K_valid_HR/0844.png,/home/ubuntu/scratch/sr-diffusion/benchmarks/div2k/DIV2K_valid_LR_bicubic/X4/0844x4.png,39.984156546854365,37.93295091421095,0.9839795531714791,0.9769001107656626
DIV2K,0844,generalization_v3_best11500,/home/ubuntu/scratch/sr-diffusion/benchmark_outputs/stage2_bicubic_generalization_v3_best11500/DIV2K/0844/base.png,/home/ubuntu/scratch/sr-diffusion/benchmarks/div2k/DIV2K_valid_HR/0844.png,/home/ubuntu/scratch/sr-diffusion/benchmarks/div2k/DIV2K_valid_LR_bicubic/X4/0844x4.png,45.528367497076935,42.46684154009212,0.9904990572535979,0.9832986636585604
DIV2K,0844,trunk148m_best3500,/home/ubuntu/scratch/sr-diffusion/benchmark_outputs/stage2_bicubic_trunk148m_best3500/DIV2K/0844/base.png,/home/ubuntu/scratch/sr-diffusion/benchmarks/div2k/DIV2K_valid_HR/0844.png,/home/ubuntu/scratch/sr-diffusion/benchmarks/div2k/DIV2K_valid_LR_bicubic/X4/0844x4.png,45.55481912262853,42.556942325699865,0.9905217655119506,0.9833453375034219
DIV2K,0845,bicubic,generated:matlab_bicubic_resize,/home/ubuntu/scratch/sr-diffusion/benchmarks/div2k/DIV2K_valid_HR/0845.png,/home/ubuntu/scratch/sr-diffusion/benchmarks/div2k/DIV2K_valid_LR_bicubic/X4/0845x4.png,22.771336688509614,21.417171560474163,0.6744974205793997,0.646723376957475
DIV2K,0845,generalization_v3_best11500,/home/ubuntu/scratch/sr-diffusion/benchmark_outputs/stage2_bicubic_generalization_v3_best11500/DIV2K/0845/base.png,/home/ubuntu/scratch/sr-diffusion/benchmarks/div2k/DIV2K_valid_HR/0845.png,/home/ubuntu/scratch/sr-diffusion/benchmarks/div2k/DIV2K_valid_LR_bicubic/X4/0845x4.png,25.03519759799086,23.657502750682262,0.7812402250733335,0.7563935468933686
DIV2K,0845,trunk148m_best3500,/home/ubuntu/scratch/sr-diffusion/benchmark_outputs/stage2_bicubic_trunk148m_best3500/DIV2K/0845/base.png,/home/ubuntu/scratch/sr-diffusion/benchmarks/div2k/DIV2K_valid_HR/0845.png,/home/ubuntu/scratch/sr-diffusion/benchmarks/div2k/DIV2K_valid_LR_bicubic/X4/0845x4.png,25.04231854017197,23.66492584748731,0.781294008447888,0.7563596655643594
DIV2K,0846,bicubic,generated:matlab_bicubic_resize,/home/ubuntu/scratch/sr-diffusion/benchmarks/div2k/DIV2K_valid_HR/0846.png,/home/ubuntu/scratch/sr-diffusion/benchmarks/div2k/DIV2K_valid_LR_bicubic/X4/0846x4.png,23.51793099963556,22.18363916800381,0.7167937902475218,0.6881915441559089
DIV2K,0846,generalization_v3_best11500,/home/ubuntu/scratch/sr-diffusion/benchmark_outputs/stage2_bicubic_generalization_v3_best11500/DIV2K/0846/base.png,/home/ubuntu/scratch/sr-diffusion/benchmarks/div2k/DIV2K_valid_HR/0846.png,/home/ubuntu/scratch/sr-diffusion/benchmarks/div2k/DIV2K_valid_LR_bicubic/X4/0846x4.png,26.425175651042302,25.092981551984046,0.8093062821270355,0.7902548864624505
DIV2K,0846,trunk148m_best3500,/home/ubuntu/scratch/sr-diffusion/benchmark_outputs/stage2_bicubic_trunk148m_best3500/DIV2K/0846/base.png,/home/ubuntu/scratch/sr-diffusion/benchmarks/div2k/DIV2K_valid_HR/0846.png,/home/ubuntu/scratch/sr-diffusion/benchmarks/div2k/DIV2K_valid_LR_bicubic/X4/0846x4.png,26.449738905666894,25.118718324959065,0.8095258234348921,0.7905442180031659
DIV2K,0847,bicubic,generated:matlab_bicubic_resize,/home/ubuntu/scratch/sr-diffusion/benchmarks/div2k/DIV2K_valid_HR/0847.png,/home/ubuntu/scratch/sr-diffusion/benchmarks/div2k/DIV2K_valid_LR_bicubic/X4/0847x4.png,26.57145017829948,25.08212595283936,0.7657698246987819,0.7370018205482506
DIV2K,0847,generalization_v3_best11500,/home/ubuntu/scratch/sr-diffusion/benchmark_outputs/stage2_bicubic_generalization_v3_best11500/DIV2K/0847/base.png,/home/ubuntu/scratch/sr-diffusion/benchmarks/div2k/DIV2K_valid_HR/0847.png,/home/ubuntu/scratch/sr-diffusion/benchmarks/div2k/DIV2K_valid_LR_bicubic/X4/0847x4.png,29.00821261487685,27.47418224108508,0.8447108787607619,0.8208180691459498
DIV2K,0847,trunk148m_best3500,/home/ubuntu/scratch/sr-diffusion/benchmark_outputs/stage2_bicubic_trunk148m_best3500/DIV2K/0847/base.png,/home/ubuntu/scratch/sr-diffusion/benchmarks/div2k/DIV2K_valid_HR/0847.png,/home/ubuntu/scratch/sr-diffusion/benchmarks/div2k/DIV2K_valid_LR_bicubic/X4/0847x4.png,29.00664737658971,27.473542481809005,0.8449431329319614,0.8209821973815562
DIV2K,0848,bicubic,generated:matlab_bicubic_resize,/home/ubuntu/scratch/sr-diffusion/benchmarks/div2k/DIV2K_valid_HR/0848.png,/home/ubuntu/scratch/sr-diffusion/benchmarks/div2k/DIV2K_valid_LR_bicubic/X4/0848x4.png,26.367516854617822,25.057212394608605,0.710048976220453,0.6727054606774363
DIV2K,0848,generalization_v3_best11500,/home/ubuntu/scratch/sr-diffusion/benchmark_outputs/stage2_bicubic_generalization_v3_best11500/DIV2K/0848/base.png,/home/ubuntu/scratch/sr-diffusion/benchmarks/div2k/DIV2K_valid_HR/0848.png,/home/ubuntu/scratch/sr-diffusion/benchmarks/div2k/DIV2K_valid_LR_bicubic/X4/0848x4.png,28.402840255109506,27.08595378681805,0.7694478730606422,0.7333896319093992
DIV2K,0848,trunk148m_best3500,/home/ubuntu/scratch/sr-diffusion/benchmark_outputs/stage2_bicubic_trunk148m_best3500/DIV2K/0848/base.png,/home/ubuntu/scratch/sr-diffusion/benchmarks/div2k/DIV2K_valid_HR/0848.png,/home/ubuntu/scratch/sr-diffusion/benchmarks/div2k/DIV2K_valid_LR_bicubic/X4/0848x4.png,28.414604137285657,27.09790448292273,0.7701512901171406,0.7339703265220208
DIV2K,0849,bicubic,generated:matlab_bicubic_resize,/home/ubuntu/scratch/sr-diffusion/benchmarks/div2k/DIV2K_valid_HR/0849.png,/home/ubuntu/scratch/sr-diffusion/benchmarks/div2k/DIV2K_valid_LR_bicubic/X4/0849x4.png,21.024443377156878,19.576233492811138,0.6340396171576069,0.6183207674118105
DIV2K,0849,generalization_v3_best11500,/home/ubuntu/scratch/sr-diffusion/benchmark_outputs/stage2_bicubic_generalization_v3_best11500/DIV2K/0849/base.png,/home/ubuntu/scratch/sr-diffusion/benchmarks/div2k/DIV2K_valid_HR/0849.png,/home/ubuntu/scratch/sr-diffusion/benchmarks/div2k/DIV2K_valid_LR_bicubic/X4/0849x4.png,23.445447040565853,22.027663364028882,0.7743714222603313,0.7618949860912907
DIV2K,0849,trunk148m_best3500,/home/ubuntu/scratch/sr-diffusion/benchmark_outputs/stage2_bicubic_trunk148m_best3500/DIV2K/0849/base.png,/home/ubuntu/scratch/sr-diffusion/benchmarks/div2k/DIV2K_valid_HR/0849.png,/home/ubuntu/scratch/sr-diffusion/benchmarks/div2k/DIV2K_valid_LR_bicubic/X4/0849x4.png,23.44975802059059,22.030936329686067,0.7748114201772106,0.762333430913725
DIV2K,0850,bicubic,generated:matlab_bicubic_resize,/home/ubuntu/scratch/sr-diffusion/benchmarks/div2k/DIV2K_valid_HR/0850.png,/home/ubuntu/scratch/sr-diffusion/benchmarks/div2k/DIV2K_valid_LR_bicubic/X4/0850x4.png,28.106013843028514,26.70376347817792,0.7905462951653007,0.7670063318884669
DIV2K,0850,generalization_v3_best11500,/home/ubuntu/scratch/sr-diffusion/benchmark_outputs/stage2_bicubic_generalization_v3_best11500/DIV2K/0850/base.png,/home/ubuntu/scratch/sr-diffusion/benchmarks/div2k/DIV2K_valid_HR/0850.png,/home/ubuntu/scratch/sr-diffusion/benchmarks/div2k/DIV2K_valid_LR_bicubic/X4/0850x4.png,30.33450372083996,28.929921216411323,0.8545627260822436,0.8357921848423665
DIV2K,0850,trunk148m_best3500,/home/ubuntu/scratch/sr-diffusion/benchmark_outputs/stage2_bicubic_trunk148m_best3500/DIV2K/0850/base.png,/home/ubuntu/scratch/sr-diffusion/benchmarks/div2k/DIV2K_valid_HR/0850.png,/home/ubuntu/scratch/sr-diffusion/benchmarks/div2k/DIV2K_valid_LR_bicubic/X4/0850x4.png,30.337618527140293,28.932426564641055,0.8548572705106223,0.8361081369567058
DIV2K,0851,bicubic,generated:matlab_bicubic_resize,/home/ubuntu/scratch/sr-diffusion/benchmarks/div2k/DIV2K_valid_HR/0851.png,/home/ubuntu/scratch/sr-diffusion/benchmarks/div2k/DIV2K_valid_LR_bicubic/X4/0851x4.png,28.182544875104583,26.745562766356006,0.8605111163227975,0.835585324520479
DIV2K,0851,generalization_v3_best11500,/home/ubuntu/scratch/sr-diffusion/benchmark_outputs/stage2_bicubic_generalization_v3_best11500/DIV2K/0851/base.png,/home/ubuntu/scratch/sr-diffusion/benchmarks/div2k/DIV2K_valid_HR/0851.png,/home/ubuntu/scratch/sr-diffusion/benchmarks/div2k/DIV2K_valid_LR_bicubic/X4/0851x4.png,29.635279146355135,28.18953147693771,0.8936694558507036,0.8643259097274028
DIV2K,0851,trunk148m_best3500,/home/ubuntu/scratch/sr-diffusion/benchmark_outputs/stage2_bicubic_trunk148m_best3500/DIV2K/0851/base.png,/home/ubuntu/scratch/sr-diffusion/benchmarks/div2k/DIV2K_valid_HR/0851.png,/home/ubuntu/scratch/sr-diffusion/benchmarks/div2k/DIV2K_valid_LR_bicubic/X4/0851x4.png,29.635366829032076,28.18856370538976,0.8936734585984636,0.8626247164105395
DIV2K,0852,bicubic,generated:matlab_bicubic_resize,/home/ubuntu/scratch/sr-diffusion/benchmarks/div2k/DIV2K_valid_HR/0852.png,/home/ubuntu/scratch/sr-diffusion/benchmarks/div2k/DIV2K_valid_LR_bicubic/X4/0852x4.png,30.01651473080573,28.931460710283122,0.7966093388976564,0.7914344819694402
DIV2K,0852,generalization_v3_best11500,/home/ubuntu/scratch/sr-diffusion/benchmark_outputs/stage2_bicubic_generalization_v3_best11500/DIV2K/0852/base.png,/home/ubuntu/scratch/sr-diffusion/benchmarks/div2k/DIV2K_valid_HR/0852.png,/home/ubuntu/scratch/sr-diffusion/benchmarks/div2k/DIV2K_valid_LR_bicubic/X4/0852x4.png,30.845343796375744,29.787563848622387,0.8422271775997913,0.8234181163834587
DIV2K,0852,trunk148m_best3500,/home/ubuntu/scratch/sr-diffusion/benchmark_outputs/stage2_bicubic_trunk148m_best3500/DIV2K/0852/base.png,/home/ubuntu/scratch/sr-diffusion/benchmarks/div2k/DIV2K_valid_HR/0852.png,/home/ubuntu/scratch/sr-diffusion/benchmarks/div2k/DIV2K_valid_LR_bicubic/X4/0852x4.png,30.866991220671665,29.811145329311085,0.8421037750273508,0.8234816719226649
DIV2K,0853,bicubic,generated:matlab_bicubic_resize,/home/ubuntu/scratch/sr-diffusion/benchmarks/div2k/DIV2K_valid_HR/0853.png,/home/ubuntu/scratch/sr-diffusion/benchmarks/div2k/DIV2K_valid_LR_bicubic/X4/0853x4.png,32.69575241445451,30.85875839069338,0.923973484235545,0.8993461361700793
DIV2K,0853,generalization_v3_best11500,/home/ubuntu/scratch/sr-diffusion/benchmark_outputs/stage2_bicubic_generalization_v3_best11500/DIV2K/0853/base.png,/home/ubuntu/scratch/sr-diffusion/benchmarks/div2k/DIV2K_valid_HR/0853.png,/home/ubuntu/scratch/sr-diffusion/benchmarks/div2k/DIV2K_valid_LR_bicubic/X4/0853x4.png,35.75304353898676,33.77407783901137,0.950248178400344,0.927426660220498
DIV2K,0853,trunk148m_best3500,/home/ubuntu/scratch/sr-diffusion/benchmark_outputs/stage2_bicubic_trunk148m_best3500/DIV2K/0853/base.png,/home/ubuntu/scratch/sr-diffusion/benchmarks/div2k/DIV2K_valid_HR/0853.png,/home/ubuntu/scratch/sr-diffusion/benchmarks/div2k/DIV2K_valid_LR_bicubic/X4/0853x4.png,35.73037867081154,33.75473886357602,0.9503479341832874,0.9276075169542177
DIV2K,0854,bicubic,generated:matlab_bicubic_resize,/home/ubuntu/scratch/sr-diffusion/benchmarks/div2k/DIV2K_valid_HR/0854.png,/home/ubuntu/scratch/sr-diffusion/benchmarks/div2k/DIV2K_valid_LR_bicubic/X4/0854x4.png,24.6867183385205,23.38569287341246,0.6854442793760797,0.6616990961018834
DIV2K,0854,generalization_v3_best11500,/home/ubuntu/scratch/sr-diffusion/benchmark_outputs/stage2_bicubic_generalization_v3_best11500/DIV2K/0854/base.png,/home/ubuntu/scratch/sr-diffusion/benchmarks/div2k/DIV2K_valid_HR/0854.png,/home/ubuntu/scratch/sr-diffusion/benchmarks/div2k/DIV2K_valid_LR_bicubic/X4/0854x4.png,26.1271287663754,24.808085388486113,0.7565335461323933,0.7363339596255333
DIV2K,0854,trunk148m_best3500,/home/ubuntu/scratch/sr-diffusion/benchmark_outputs/stage2_bicubic_trunk148m_best3500/DIV2K/0854/base.png,/home/ubuntu/scratch/sr-diffusion/benchmarks/div2k/DIV2K_valid_HR/0854.png,/home/ubuntu/scratch/sr-diffusion/benchmarks/div2k/DIV2K_valid_LR_bicubic/X4/0854x4.png,26.124178170278665,24.804832200873264,0.7568388170119238,0.7366882053375329
DIV2K,0855,bicubic,generated:matlab_bicubic_resize,/home/ubuntu/scratch/sr-diffusion/benchmarks/div2k/DIV2K_valid_HR/0855.png,/home/ubuntu/scratch/sr-diffusion/benchmarks/div2k/DIV2K_valid_LR_bicubic/X4/0855x4.png,29.367724335942135,28.024251869467793,0.7443501491614422,0.7065827775432524
DIV2K,0855,generalization_v3_best11500,/home/ubuntu/scratch/sr-diffusion/benchmark_outputs/stage2_bicubic_generalization_v3_best11500/DIV2K/0855/base.png,/home/ubuntu/scratch/sr-diffusion/benchmarks/div2k/DIV2K_valid_HR/0855.png,/home/ubuntu/scratch/sr-diffusion/benchmarks/div2k/DIV2K_valid_LR_bicubic/X4/0855x4.png,30.57034897226801,29.220920964993212,0.7808077452534566,0.7454230399150498
DIV2K,0855,trunk148m_best3500,/home/ubuntu/scratch/sr-diffusion/benchmark_outputs/stage2_bicubic_trunk148m_best3500/DIV2K/0855/base.png,/home/ubuntu/scratch/sr-diffusion/benchmarks/div2k/DIV2K_valid_HR/0855.png,/home/ubuntu/scratch/sr-diffusion/benchmarks/div2k/DIV2K_valid_LR_bicubic/X4/0855x4.png,30.567128398099722,29.218471021517516,0.7811660148045794,0.7457292817445168
DIV2K,0856,bicubic,generated:matlab_bicubic_resize,/home/ubuntu/scratch/sr-diffusion/benchmarks/div2k/DIV2K_valid_HR/0856.png,/home/ubuntu/scratch/sr-diffusion/benchmarks/div2k/DIV2K_valid_LR_bicubic/X4/0856x4.png,26.41288026624835,23.214276433100775,0.6604388907257019,0.6175533063644586
DIV2K,0856,generalization_v3_best11500,/home/ubuntu/scratch/sr-diffusion/benchmark_outputs/stage2_bicubic_generalization_v3_best11500/DIV2K/0856/base.png,/home/ubuntu/scratch/sr-diffusion/benchmarks/div2k/DIV2K_valid_HR/0856.png,/home/ubuntu/scratch/sr-diffusion/benchmarks/div2k/DIV2K_valid_LR_bicubic/X4/0856x4.png,27.17531048176637,24.025657987876325,0.7296822464195873,0.6919618643656565
DIV2K,0856,trunk148m_best3500,/home/ubuntu/scratch/sr-diffusion/benchmark_outputs/stage2_bicubic_trunk148m_best3500/DIV2K/0856/base.png,/home/ubuntu/scratch/sr-diffusion/benchmarks/div2k/DIV2K_valid_HR/0856.png,/home/ubuntu/scratch/sr-diffusion/benchmarks/div2k/DIV2K_valid_LR_bicubic/X4/0856x4.png,27.144584774001004,24.005097555465184,0.7297539243530685,0.6920937215259176
DIV2K,0857,bicubic,generated:matlab_bicubic_resize,/home/ubuntu/scratch/sr-diffusion/benchmarks/div2k/DIV2K_valid_HR/0857.png,/home/ubuntu/scratch/sr-diffusion/benchmarks/div2k/DIV2K_valid_LR_bicubic/X4/0857x4.png,35.448676466665596,33.9965574064447,0.8284359962108077,0.7856961851851801
DIV2K,0857,generalization_v3_best11500,/home/ubuntu/scratch/sr-diffusion/benchmark_outputs/stage2_bicubic_generalization_v3_best11500/DIV2K/0857/base.png,/home/ubuntu/scratch/sr-diffusion/benchmarks/div2k/DIV2K_valid_HR/0857.png,/home/ubuntu/scratch/sr-diffusion/benchmarks/div2k/DIV2K_valid_LR_bicubic/X4/0857x4.png,36.26837576932487,34.7912640825204,0.833437046225995,0.7909139531151096
DIV2K,0857,trunk148m_best3500,/home/ubuntu/scratch/sr-diffusion/benchmark_outputs/stage2_bicubic_trunk148m_best3500/DIV2K/0857/base.png,/home/ubuntu/scratch/sr-diffusion/benchmarks/div2k/DIV2K_valid_HR/0857.png,/home/ubuntu/scratch/sr-diffusion/benchmarks/div2k/DIV2K_valid_LR_bicubic/X4/0857x4.png,36.26009304309249,34.78595497038138,0.8334849362756583,0.7909827595627928
DIV2K,0858,bicubic,generated:matlab_bicubic_resize,/home/ubuntu/scratch/sr-diffusion/benchmarks/div2k/DIV2K_valid_HR/0858.png,/home/ubuntu/scratch/sr-diffusion/benchmarks/div2k/DIV2K_valid_LR_bicubic/X4/0858x4.png,28.23299192161112,27.01838741511296,0.7409549318478025,0.7196610649204738
DIV2K,0858,generalization_v3_best11500,/home/ubuntu/scratch/sr-diffusion/benchmark_outputs/stage2_bicubic_generalization_v3_best11500/DIV2K/0858/base.png,/home/ubuntu/scratch/sr-diffusion/benchmarks/div2k/DIV2K_valid_HR/0858.png,/home/ubuntu/scratch/sr-diffusion/benchmarks/div2k/DIV2K_valid_LR_bicubic/X4/0858x4.png,29.609157701457626,28.365790885746428,0.8045627561888985,0.7817566021443105
DIV2K,0858,trunk148m_best3500,/home/ubuntu/scratch/sr-diffusion/benchmark_outputs/stage2_bicubic_trunk148m_best3500/DIV2K/0858/base.png,/home/ubuntu/scratch/sr-diffusion/benchmarks/div2k/DIV2K_valid_HR/0858.png,/home/ubuntu/scratch/sr-diffusion/benchmarks/div2k/DIV2K_valid_LR_bicubic/X4/0858x4.png,29.604053437019008,28.36161532785495,0.8046665406195453,0.7807321269490676
DIV2K,0859,bicubic,generated:matlab_bicubic_resize,/home/ubuntu/scratch/sr-diffusion/benchmarks/div2k/DIV2K_valid_HR/0859.png,/home/ubuntu/scratch/sr-diffusion/benchmarks/div2k/DIV2K_valid_LR_bicubic/X4/0859x4.png,25.32469415163254,24.059457077726382,0.6324553301007961,0.6017599599222823
DIV2K,0859,generalization_v3_best11500,/home/ubuntu/scratch/sr-diffusion/benchmark_outputs/stage2_bicubic_generalization_v3_best11500/DIV2K/0859/base.png,/home/ubuntu/scratch/sr-diffusion/benchmarks/div2k/DIV2K_valid_HR/0859.png,/home/ubuntu/scratch/sr-diffusion/benchmarks/div2k/DIV2K_valid_LR_bicubic/X4/0859x4.png,26.41313674846191,25.120862395207126,0.7061234761146604,0.6794084179511435
DIV2K,0859,trunk148m_best3500,/home/ubuntu/scratch/sr-diffusion/benchmark_outputs/stage2_bicubic_trunk148m_best3500/DIV2K/0859/base.png,/home/ubuntu/scratch/sr-diffusion/benchmarks/div2k/DIV2K_valid_HR/0859.png,/home/ubuntu/scratch/sr-diffusion/benchmarks/div2k/DIV2K_valid_LR_bicubic/X4/0859x4.png,26.40378690062093,25.111269519480803,0.7066484573301495,0.6800305261581571
DIV2K,0860,bicubic,generated:matlab_bicubic_resize,/home/ubuntu/scratch/sr-diffusion/benchmarks/div2k/DIV2K_valid_HR/0860.png,/home/ubuntu/scratch/sr-diffusion/benchmarks/div2k/DIV2K_valid_LR_bicubic/X4/0860x4.png,21.030943613589912,19.671944612057757,0.5397377758968388,0.5221869202230508
DIV2K,0860,generalization_v3_best11500,/home/ubuntu/scratch/sr-diffusion/benchmark_outputs/stage2_bicubic_generalization_v3_best11500/DIV2K/0860/base.png,/home/ubuntu/scratch/sr-diffusion/benchmarks/div2k/DIV2K_valid_HR/0860.png,/home/ubuntu/scratch/sr-diffusion/benchmarks/div2k/DIV2K_valid_LR_bicubic/X4/0860x4.png,21.848832301899574,20.477822103993127,0.6424188227995937,0.6292192262595018
DIV2K,0860,trunk148m_best3500,/home/ubuntu/scratch/sr-diffusion/benchmark_outputs/stage2_bicubic_trunk148m_best3500/DIV2K/0860/base.png,/home/ubuntu/scratch/sr-diffusion/benchmarks/div2k/DIV2K_valid_HR/0860.png,/home/ubuntu/scratch/sr-diffusion/benchmarks/div2k/DIV2K_valid_LR_bicubic/X4/0860x4.png,21.843828973594132,20.471902616913937,0.6430739395986812,0.6299138311119444
DIV2K,0861,bicubic,generated:matlab_bicubic_resize,/home/ubuntu/scratch/sr-diffusion/benchmarks/div2k/DIV2K_valid_HR/0861.png,/home/ubuntu/scratch/sr-diffusion/benchmarks/div2k/DIV2K_valid_LR_bicubic/X4/0861x4.png,22.390981203316073,21.175928119334976,0.6546742911046685,0.6328544467379293
DIV2K,0861,generalization_v3_best11500,/home/ubuntu/scratch/sr-diffusion/benchmark_outputs/stage2_bicubic_generalization_v3_best11500/DIV2K/0861/base.png,/home/ubuntu/scratch/sr-diffusion/benchmarks/div2k/DIV2K_valid_HR/0861.png,/home/ubuntu/scratch/sr-diffusion/benchmarks/div2k/DIV2K_valid_LR_bicubic/X4/0861x4.png,23.938050438727984,22.718955844586276,0.767225408536489,0.7460816451275533
DIV2K,0861,trunk148m_best3500,/home/ubuntu/scratch/sr-diffusion/benchmark_outputs/stage2_bicubic_trunk148m_best3500/DIV2K/0861/base.png,/home/ubuntu/scratch/sr-diffusion/benchmarks/div2k/DIV2K_valid_HR/0861.png,/home/ubuntu/scratch/sr-diffusion/benchmarks/div2k/DIV2K_valid_LR_bicubic/X4/0861x4.png,23.94616784561797,22.727046861930372,0.7673484307489825,0.7450695605595312
DIV2K,0862,bicubic,generated:matlab_bicubic_resize,/home/ubuntu/scratch/sr-diffusion/benchmarks/div2k/DIV2K_valid_HR/0862.png,/home/ubuntu/scratch/sr-diffusion/benchmarks/div2k/DIV2K_valid_LR_bicubic/X4/0862x4.png,33.7794601347183,32.387137781045524,0.834622411060717,0.8030785848932416
DIV2K,0862,generalization_v3_best11500,/home/ubuntu/scratch/sr-diffusion/benchmark_outputs/stage2_bicubic_generalization_v3_best11500/DIV2K/0862/base.png,/home/ubuntu/scratch/sr-diffusion/benchmarks/div2k/DIV2K_valid_HR/0862.png,/home/ubuntu/scratch/sr-diffusion/benchmarks/div2k/DIV2K_valid_LR_bicubic/X4/0862x4.png,34.39571141746467,32.98658956516757,0.8524738923339344,0.8228698263403023
DIV2K,0862,trunk148m_best3500,/home/ubuntu/scratch/sr-diffusion/benchmark_outputs/stage2_bicubic_trunk148m_best3500/DIV2K/0862/base.png,/home/ubuntu/scratch/sr-diffusion/benchmarks/div2k/DIV2K_valid_HR/0862.png,/home/ubuntu/scratch/sr-diffusion/benchmarks/div2k/DIV2K_valid_LR_bicubic/X4/0862x4.png,34.38633643229998,32.97930177048351,0.8528001638300148,0.8232543855264517
DIV2K,0863,bicubic,generated:matlab_bicubic_resize,/home/ubuntu/scratch/sr-diffusion/benchmarks/div2k/DIV2K_valid_HR/0863.png,/home/ubuntu/scratch/sr-diffusion/benchmarks/div2k/DIV2K_valid_LR_bicubic/X4/0863x4.png,33.414160830957144,32.0811352672992,0.8976468834791831,0.8798784466004825
DIV2K,0863,generalization_v3_best11500,/home/ubuntu/scratch/sr-diffusion/benchmark_outputs/stage2_bicubic_generalization_v3_best11500/DIV2K/0863/base.png,/home/ubuntu/scratch/sr-diffusion/benchmarks/div2k/DIV2K_valid_HR/0863.png,/home/ubuntu/scratch/sr-diffusion/benchmarks/div2k/DIV2K_valid_LR_bicubic/X4/0863x4.png,34.46632060843061,33.109272522460515,0.9131806144371879,0.8969086149668763
DIV2K,0863,trunk148m_best3500,/home/ubuntu/scratch/sr-diffusion/benchmark_outputs/stage2_bicubic_trunk148m_best3500/DIV2K/0863/base.png,/home/ubuntu/scratch/sr-diffusion/benchmarks/div2k/DIV2K_valid_HR/0863.png,/home/ubuntu/scratch/sr-diffusion/benchmarks/div2k/DIV2K_valid_LR_bicubic/X4/0863x4.png,34.45607854178637,33.10038524424192,0.9133776804639343,0.897174655961047
DIV2K,0864,bicubic,generated:matlab_bicubic_resize,/home/ubuntu/scratch/sr-diffusion/benchmarks/div2k/DIV2K_valid_HR/0864.png,/home/ubuntu/scratch/sr-diffusion/benchmarks/div2k/DIV2K_valid_LR_bicubic/X4/0864x4.png,29.903125796212542,28.646204620572387,0.7551268327774266,0.7281009221762149
DIV2K,0864,generalization_v3_best11500,/home/ubuntu/scratch/sr-diffusion/benchmark_outputs/stage2_bicubic_generalization_v3_best11500/DIV2K/0864/base.png,/home/ubuntu/scratch/sr-diffusion/benchmarks/div2k/DIV2K_valid_HR/0864.png,/home/ubuntu/scratch/sr-diffusion/benchmarks/div2k/DIV2K_valid_LR_bicubic/X4/0864x4.png,31.136542970034764,29.864458475824126,0.8056019406093264,0.783285369513062
DIV2K,0864,trunk148m_best3500,/home/ubuntu/scratch/sr-diffusion/benchmark_outputs/stage2_bicubic_trunk148m_best3500/DIV2K/0864/base.png,/home/ubuntu/scratch/sr-diffusion/benchmarks/div2k/DIV2K_valid_HR/0864.png,/home/ubuntu/scratch/sr-diffusion/benchmarks/div2k/DIV2K_valid_LR_bicubic/X4/0864x4.png,31.13971829717289,29.866413624214417,0.8059956726846124,0.7837254256877527
DIV2K,0865,bicubic,generated:matlab_bicubic_resize,/home/ubuntu/scratch/sr-diffusion/benchmarks/div2k/DIV2K_valid_HR/0865.png,/home/ubuntu/scratch/sr-diffusion/benchmarks/div2k/DIV2K_valid_LR_bicubic/X4/0865x4.png,27.6874818194118,26.311970394584314,0.7397082633258846,0.7147938193039262
DIV2K,0865,generalization_v3_best11500,/home/ubuntu/scratch/sr-diffusion/benchmark_outputs/stage2_bicubic_generalization_v3_best11500/DIV2K/0865/base.png,/home/ubuntu/scratch/sr-diffusion/benchmarks/div2k/DIV2K_valid_HR/0865.png,/home/ubuntu/scratch/sr-diffusion/benchmarks/div2k/DIV2K_valid_LR_bicubic/X4/0865x4.png,28.586480284450765,27.213305932519507,0.7821223290560639,0.7602109409603871
DIV2K,0865,trunk148m_best3500,/home/ubuntu/scratch/sr-diffusion/benchmark_outputs/stage2_bicubic_trunk148m_best3500/DIV2K/0865/base.png,/home/ubuntu/scratch/sr-diffusion/benchmarks/div2k/DIV2K_valid_HR/0865.png,/home/ubuntu/scratch/sr-diffusion/benchmarks/div2k/DIV2K_valid_LR_bicubic/X4/0865x4.png,28.584207296542754,27.211449668945985,0.7824608901780408,0.7606074070421007
DIV2K,0866,bicubic,generated:matlab_bicubic_resize,/home/ubuntu/scratch/sr-diffusion/benchmarks/div2k/DIV2K_valid_HR/0866.png,/home/ubuntu/scratch/sr-diffusion/benchmarks/div2k/DIV2K_valid_LR_bicubic/X4/0866x4.png,25.76912258812304,24.348665687586553,0.769161545054304,0.7523383410698726
DIV2K,0866,generalization_v3_best11500,/home/ubuntu/scratch/sr-diffusion/benchmark_outputs/stage2_bicubic_generalization_v3_best11500/DIV2K/0866/base.png,/home/ubuntu/scratch/sr-diffusion/benchmarks/div2k/DIV2K_valid_HR/0866.png,/home/ubuntu/scratch/sr-diffusion/benchmarks/div2k/DIV2K_valid_LR_bicubic/X4/0866x4.png,26.252912674674974,24.832539829694973,0.8147500420851526,0.8001789112118947
DIV2K,0866,trunk148m_best3500,/home/ubuntu/scratch/sr-diffusion/benchmark_outputs/stage2_bicubic_trunk148m_best3500/DIV2K/0866/base.png,/home/ubuntu/scratch/sr-diffusion/benchmarks/div2k/DIV2K_valid_HR/0866.png,/home/ubuntu/scratch/sr-diffusion/benchmarks/div2k/DIV2K_valid_LR_bicubic/X4/0866x4.png,26.24888155855998,24.828665145335922,0.8149561858896244,0.8004320480761181
DIV2K,0867,bicubic,generated:matlab_bicubic_resize,/home/ubuntu/scratch/sr-diffusion/benchmarks/div2k/DIV2K_valid_HR/0867.png,/home/ubuntu/scratch/sr-diffusion/benchmarks/div2k/DIV2K_valid_LR_bicubic/X4/0867x4.png,27.15107167706242,26.09706260241024,0.7773868122837911,0.7674415879340847
DIV2K,0867,generalization_v3_best11500,/home/ubuntu/scratch/sr-diffusion/benchmark_outputs/stage2_bicubic_generalization_v3_best11500/DIV2K/0867/base.png,/home/ubuntu/scratch/sr-diffusion/benchmarks/div2k/DIV2K_valid_HR/0867.png,/home/ubuntu/scratch/sr-diffusion/benchmarks/div2k/DIV2K_valid_LR_bicubic/X4/0867x4.png,29.36470284862102,28.258596917510847,0.8641642543639525,0.8506338108858568
DIV2K,0867,trunk148m_best3500,/home/ubuntu/scratch/sr-diffusion/benchmark_outputs/stage2_bicubic_trunk148m_best3500/DIV2K/0867/base.png,/home/ubuntu/scratch/sr-diffusion/benchmarks/div2k/DIV2K_valid_HR/0867.png,/home/ubuntu/scratch/sr-diffusion/benchmarks/div2k/DIV2K_valid_LR_bicubic/X4/0867x4.png,29.358253947309557,28.24937564336681,0.8642957130609927,0.8506513069315621
DIV2K,0868,bicubic,generated:matlab_bicubic_resize,/home/ubuntu/scratch/sr-diffusion/benchmarks/div2k/DIV2K_valid_HR/0868.png,/home/ubuntu/scratch/sr-diffusion/benchmarks/div2k/DIV2K_valid_LR_bicubic/X4/0868x4.png,30.902370410302744,29.55224204564073,0.9379222150106817,0.9336486282783653
DIV2K,0868,generalization_v3_best11500,/home/ubuntu/scratch/sr-diffusion/benchmark_outputs/stage2_bicubic_generalization_v3_best11500/DIV2K/0868/base.png,/home/ubuntu/scratch/sr-diffusion/benchmarks/div2k/DIV2K_valid_HR/0868.png,/home/ubuntu/scratch/sr-diffusion/benchmarks/div2k/DIV2K_valid_LR_bicubic/X4/0868x4.png,33.7452856421099,32.47587615186528,0.9609625501601554,0.9571990895544892
DIV2K,0868,trunk148m_best3500,/home/ubuntu/scratch/sr-diffusion/benchmark_outputs/stage2_bicubic_trunk148m_best3500/DIV2K/0868/base.png,/home/ubuntu/scratch/sr-diffusion/benchmarks/div2k/DIV2K_valid_HR/0868.png,/home/ubuntu/scratch/sr-diffusion/benchmarks/div2k/DIV2K_valid_LR_bicubic/X4/0868x4.png,33.71948430460346,32.427945277399616,0.9608083648643884,0.9569042293239375
DIV2K,0869,bicubic,generated:matlab_bicubic_resize,/home/ubuntu/scratch/sr-diffusion/benchmarks/div2k/DIV2K_valid_HR/0869.png,/home/ubuntu/scratch/sr-diffusion/benchmarks/div2k/DIV2K_valid_LR_bicubic/X4/0869x4.png,24.09092863645175,22.72169306335448,0.7497491566697656,0.7350252020994793
DIV2K,0869,generalization_v3_best11500,/home/ubuntu/scratch/sr-diffusion/benchmark_outputs/stage2_bicubic_generalization_v3_best11500/DIV2K/0869/base.png,/home/ubuntu/scratch/sr-diffusion/benchmarks/div2k/DIV2K_valid_HR/0869.png,/home/ubuntu/scratch/sr-diffusion/benchmarks/div2k/DIV2K_valid_LR_bicubic/X4/0869x4.png,24.942717410030035,23.579253511233667,0.8061350060983592,0.7938552907062505
DIV2K,0869,trunk148m_best3500,/home/ubuntu/scratch/sr-diffusion/benchmark_outputs/stage2_bicubic_trunk148m_best3500/DIV2K/0869/base.png,/home/ubuntu/scratch/sr-diffusion/benchmarks/div2k/DIV2K_valid_HR/0869.png,/home/ubuntu/scratch/sr-diffusion/benchmarks/div2k/DIV2K_valid_LR_bicubic/X4/0869x4.png,24.93759209910296,23.57391880703645,0.806752493386904,0.7945158864607037
DIV2K,0870,bicubic,generated:matlab_bicubic_resize,/home/ubuntu/scratch/sr-diffusion/benchmarks/div2k/DIV2K_valid_HR/0870.png,/home/ubuntu/scratch/sr-diffusion/benchmarks/div2k/DIV2K_valid_LR_bicubic/X4/0870x4.png,28.262181647547475,26.950020765616884,0.8051200396988059,0.784116708520377
DIV2K,0870,generalization_v3_best11500,/home/ubuntu/scratch/sr-diffusion/benchmark_outputs/stage2_bicubic_generalization_v3_best11500/DIV2K/0870/base.png,/home/ubuntu/scratch/sr-diffusion/benchmarks/div2k/DIV2K_valid_HR/0870.png,/home/ubuntu/scratch/sr-diffusion/benchmarks/div2k/DIV2K_valid_LR_bicubic/X4/0870x4.png,29.836958308784872,28.480478246338926,0.8591871583305271,0.8407607563699155
DIV2K,0870,trunk148m_best3500,/home/ubuntu/scratch/sr-diffusion/benchmark_outputs/stage2_bicubic_trunk148m_best3500/DIV2K/0870/base.png,/home/ubuntu/scratch/sr-diffusion/benchmarks/div2k/DIV2K_valid_HR/0870.png,/home/ubuntu/scratch/sr-diffusion/benchmarks/div2k/DIV2K_valid_LR_bicubic/X4/0870x4.png,29.834055804235113,28.476717233701144,0.8598313877912525,0.8414745903592791
DIV2K,0871,bicubic,generated:matlab_bicubic_resize,/home/ubuntu/scratch/sr-diffusion/benchmarks/div2k/DIV2K_valid_HR/0871.png,/home/ubuntu/scratch/sr-diffusion/benchmarks/div2k/DIV2K_valid_LR_bicubic/X4/0871x4.png,30.950863219785376,29.41408743258254,0.86500006512986,0.8482038486210272
DIV2K,0871,generalization_v3_best11500,/home/ubuntu/scratch/sr-diffusion/benchmark_outputs/stage2_bicubic_generalization_v3_best11500/DIV2K/0871/base.png,/home/ubuntu/scratch/sr-diffusion/benchmarks/div2k/DIV2K_valid_HR/0871.png,/home/ubuntu/scratch/sr-diffusion/benchmarks/div2k/DIV2K_valid_LR_bicubic/X4/0871x4.png,33.53534229233356,31.937945950119513,0.9134595320730385,0.8992052835096699
DIV2K,0871,trunk148m_best3500,/home/ubuntu/scratch/sr-diffusion/benchmark_outputs/stage2_bicubic_trunk148m_best3500/DIV2K/0871/base.png,/home/ubuntu/scratch/sr-diffusion/benchmarks/div2k/DIV2K_valid_HR/0871.png,/home/ubuntu/scratch/sr-diffusion/benchmarks/div2k/DIV2K_valid_LR_bicubic/X4/0871x4.png,33.533565744116885,31.936686053424943,0.9136983827249359,0.8994705613464852
DIV2K,0872,bicubic,generated:matlab_bicubic_resize,/home/ubuntu/scratch/sr-diffusion/benchmarks/div2k/DIV2K_valid_HR/0872.png,/home/ubuntu/scratch/sr-diffusion/benchmarks/div2k/DIV2K_valid_LR_bicubic/X4/0872x4.png,23.691701290838886,22.43637353595485,0.6277498254749015,0.5975030224972765
DIV2K,0872,generalization_v3_best11500,/home/ubuntu/scratch/sr-diffusion/benchmark_outputs/stage2_bicubic_generalization_v3_best11500/DIV2K/0872/base.png,/home/ubuntu/scratch/sr-diffusion/benchmarks/div2k/DIV2K_valid_HR/0872.png,/home/ubuntu/scratch/sr-diffusion/benchmarks/div2k/DIV2K_valid_LR_bicubic/X4/0872x4.png,25.10668930718471,23.825470058463786,0.7137174010904817,0.6861672699274425
DIV2K,0872,trunk148m_best3500,/home/ubuntu/scratch/sr-diffusion/benchmark_outputs/stage2_bicubic_trunk148m_best3500/DIV2K/0872/base.png,/home/ubuntu/scratch/sr-diffusion/benchmarks/div2k/DIV2K_valid_HR/0872.png,/home/ubuntu/scratch/sr-diffusion/benchmarks/div2k/DIV2K_valid_LR_bicubic/X4/0872x4.png,25.106301484850594,23.824461198745755,0.714526543117181,0.6870891589167448
DIV2K,0873,bicubic,generated:matlab_bicubic_resize,/home/ubuntu/scratch/sr-diffusion/benchmarks/div2k/DIV2K_valid_HR/0873.png,/home/ubuntu/scratch/sr-diffusion/benchmarks/div2k/DIV2K_valid_LR_bicubic/X4/0873x4.png,24.000094384905452,22.676219820751196,0.6670170096796554,0.6463358553919484
DIV2K,0873,generalization_v3_best11500,/home/ubuntu/scratch/sr-diffusion/benchmark_outputs/stage2_bicubic_generalization_v3_best11500/DIV2K/0873/base.png,/home/ubuntu/scratch/sr-diffusion/benchmarks/div2k/DIV2K_valid_HR/0873.png,/home/ubuntu/scratch/sr-diffusion/benchmarks/div2k/DIV2K_valid_LR_bicubic/X4/0873x4.png,25.19001953285386,23.85258864646836,0.7446144525011148,0.7268547142998055
DIV2K,0873,trunk148m_best3500,/home/ubuntu/scratch/sr-diffusion/benchmark_outputs/stage2_bicubic_trunk148m_best3500/DIV2K/0873/base.png,/home/ubuntu/scratch/sr-diffusion/benchmarks/div2k/DIV2K_valid_HR/0873.png,/home/ubuntu/scratch/sr-diffusion/benchmarks/div2k/DIV2K_valid_LR_bicubic/X4/0873x4.png,25.196053882405916,23.85839985222459,0.7450412321219132,0.7273793848889761
DIV2K,0874,bicubic,generated:matlab_bicubic_resize,/home/ubuntu/scratch/sr-diffusion/benchmarks/div2k/DIV2K_valid_HR/0874.png,/home/ubuntu/scratch/sr-diffusion/benchmarks/div2k/DIV2K_valid_LR_bicubic/X4/0874x4.png,29.589149963150767,28.199253170565896,0.7601703899590856,0.7271920216730723
DIV2K,0874,generalization_v3_best11500,/home/ubuntu/scratch/sr-diffusion/benchmark_outputs/stage2_bicubic_generalization_v3_best11500/DIV2K/0874/base.png,/home/ubuntu/scratch/sr-diffusion/benchmarks/div2k/DIV2K_valid_HR/0874.png,/home/ubuntu/scratch/sr-diffusion/benchmarks/div2k/DIV2K_valid_LR_bicubic/X4/0874x4.png,31.339360496892645,29.91945990850049,0.8142638942039183,0.7863535639162111
DIV2K,0874,trunk148m_best3500,/home/ubuntu/scratch/sr-diffusion/benchmark_outputs/stage2_bicubic_trunk148m_best3500/DIV2K/0874/base.png,/home/ubuntu/scratch/sr-diffusion/benchmarks/div2k/DIV2K_valid_HR/0874.png,/home/ubuntu/scratch/sr-diffusion/benchmarks/div2k/DIV2K_valid_LR_bicubic/X4/0874x4.png,31.33864156037522,29.91903286240529,0.8148312668130661,0.7870154407408685
DIV2K,0875,bicubic,generated:matlab_bicubic_resize,/home/ubuntu/scratch/sr-diffusion/benchmarks/div2k/DIV2K_valid_HR/0875.png,/home/ubuntu/scratch/sr-diffusion/benchmarks/div2k/DIV2K_valid_LR_bicubic/X4/0875x4.png,23.66745196078936,22.420361583855776,0.5733736480813545,0.5421617203878851
DIV2K,0875,generalization_v3_best11500,/home/ubuntu/scratch/sr-diffusion/benchmark_outputs/stage2_bicubic_generalization_v3_best11500/DIV2K/0875/base.png,/home/ubuntu/scratch/sr-diffusion/benchmarks/div2k/DIV2K_valid_HR/0875.png,/home/ubuntu/scratch/sr-diffusion/benchmarks/div2k/DIV2K_valid_LR_bicubic/X4/0875x4.png,25.5737931377964,24.284339997090584,0.694231039037001,0.669260661246188
DIV2K,0875,trunk148m_best3500,/home/ubuntu/scratch/sr-diffusion/benchmark_outputs/stage2_bicubic_trunk148m_best3500/DIV2K/0875/base.png,/home/ubuntu/scratch/sr-diffusion/benchmarks/div2k/DIV2K_valid_HR/0875.png,/home/ubuntu/scratch/sr-diffusion/benchmarks/div2k/DIV2K_valid_LR_bicubic/X4/0875x4.png,25.570127990229388,24.280235417837215,0.6944585096338437,0.6694027829683789
DIV2K,0876,bicubic,generated:matlab_bicubic_resize,/home/ubuntu/scratch/sr-diffusion/benchmarks/div2k/DIV2K_valid_HR/0876.png,/home/ubuntu/scratch/sr-diffusion/benchmarks/div2k/DIV2K_valid_LR_bicubic/X4/0876x4.png,22.535149011766755,21.43399919375785,0.5117065522501167,0.4835952469723179
DIV2K,0876,generalization_v3_best11500,/home/ubuntu/scratch/sr-diffusion/benchmark_outputs/stage2_bicubic_generalization_v3_best11500/DIV2K/0876/base.png,/home/ubuntu/scratch/sr-diffusion/benchmarks/div2k/DIV2K_valid_HR/0876.png,/home/ubuntu/scratch/sr-diffusion/benchmarks/div2k/DIV2K_valid_LR_bicubic/X4/0876x4.png,23.071466478110736,21.97263396777572,0.6029506430195427,0.577394492434078
DIV2K,0876,trunk148m_best3500,/home/ubuntu/scratch/sr-diffusion/benchmark_outputs/stage2_bicubic_trunk148m_best3500/DIV2K/0876/base.png,/home/ubuntu/scratch/sr-diffusion/benchmarks/div2k/DIV2K_valid_HR/0876.png,/home/ubuntu/scratch/sr-diffusion/benchmarks/div2k/DIV2K_valid_LR_bicubic/X4/0876x4.png,23.071782623808097,21.972970690773842,0.6028563041347678,0.5763037979385942
DIV2K,0877,bicubic,generated:matlab_bicubic_resize,/home/ubuntu/scratch/sr-diffusion/benchmarks/div2k/DIV2K_valid_HR/0877.png,/home/ubuntu/scratch/sr-diffusion/benchmarks/div2k/DIV2K_valid_LR_bicubic/X4/0877x4.png,36.90720316722345,35.44206235873748,0.9512193034062388,0.940718820023104
DIV2K,0877,generalization_v3_best11500,/home/ubuntu/scratch/sr-diffusion/benchmark_outputs/stage2_bicubic_generalization_v3_best11500/DIV2K/0877/base.png,/home/ubuntu/scratch/sr-diffusion/benchmarks/div2k/DIV2K_valid_HR/0877.png,/home/ubuntu/scratch/sr-diffusion/benchmarks/div2k/DIV2K_valid_LR_bicubic/X4/0877x4.png,41.20157877936211,39.554077152880495,0.9743767062729991,0.9643583254080096
DIV2K,0877,trunk148m_best3500,/home/ubuntu/scratch/sr-diffusion/benchmark_outputs/stage2_bicubic_trunk148m_best3500/DIV2K/0877/base.png,/home/ubuntu/scratch/sr-diffusion/benchmarks/div2k/DIV2K_valid_HR/0877.png,/home/ubuntu/scratch/sr-diffusion/benchmarks/div2k/DIV2K_valid_LR_bicubic/X4/0877x4.png,41.2160365322774,39.56511782777172,0.9743797339230579,0.9643907656876053
DIV2K,0878,bicubic,generated:matlab_bicubic_resize,/home/ubuntu/scratch/sr-diffusion/benchmarks/div2k/DIV2K_valid_HR/0878.png,/home/ubuntu/scratch/sr-diffusion/benchmarks/div2k/DIV2K_valid_LR_bicubic/X4/0878x4.png,30.31253975870529,28.823349851422876,0.855330205362406,0.8353318189775746
DIV2K,0878,generalization_v3_best11500,/home/ubuntu/scratch/sr-diffusion/benchmark_outputs/stage2_bicubic_generalization_v3_best11500/DIV2K/0878/base.png,/home/ubuntu/scratch/sr-diffusion/benchmarks/div2k/DIV2K_valid_HR/0878.png,/home/ubuntu/scratch/sr-diffusion/benchmarks/div2k/DIV2K_valid_LR_bicubic/X4/0878x4.png,33.62373470120434,32.04645204684161,0.9100256528567714,0.8944606813972104
DIV2K,0878,trunk148m_best3500,/home/ubuntu/scratch/sr-diffusion/benchmark_outputs/stage2_bicubic_trunk148m_best3500/DIV2K/0878/base.png,/home/ubuntu/scratch/sr-diffusion/benchmarks/div2k/DIV2K_valid_HR/0878.png,/home/ubuntu/scratch/sr-diffusion/benchmarks/div2k/DIV2K_valid_LR_bicubic/X4/0878x4.png,33.64846085588985,32.07195330023191,0.9106337749334941,0.8951325731715368
DIV2K,0879,bicubic,generated:matlab_bicubic_resize,/home/ubuntu/scratch/sr-diffusion/benchmarks/div2k/DIV2K_valid_HR/0879.png,/home/ubuntu/scratch/sr-diffusion/benchmarks/div2k/DIV2K_valid_LR_bicubic/X4/0879x4.png,26.7570462254599,25.416341829117442,0.8253695962763796,0.8038246646268199
DIV2K,0879,generalization_v3_best11500,/home/ubuntu/scratch/sr-diffusion/benchmark_outputs/stage2_bicubic_generalization_v3_best11500/DIV2K/0879/base.png,/home/ubuntu/scratch/sr-diffusion/benchmarks/div2k/DIV2K_valid_HR/0879.png,/home/ubuntu/scratch/sr-diffusion/benchmarks/div2k/DIV2K_valid_LR_bicubic/X4/0879x4.png,28.485137966024844,27.13784087764121,0.876964649595077,0.8572870561483281
DIV2K,0879,trunk148m_best3500,/home/ubuntu/scratch/sr-diffusion/benchmark_outputs/stage2_bicubic_trunk148m_best3500/DIV2K/0879/base.png,/home/ubuntu/scratch/sr-diffusion/benchmarks/div2k/DIV2K_valid_HR/0879.png,/home/ubuntu/scratch/sr-diffusion/benchmarks/div2k/DIV2K_valid_LR_bicubic/X4/0879x4.png,28.482908086765207,27.12932804081752,0.8769562124657048,0.8570801919113453
DIV2K,0880,bicubic,generated:matlab_bicubic_resize,/home/ubuntu/scratch/sr-diffusion/benchmarks/div2k/DIV2K_valid_HR/0880.png,/home/ubuntu/scratch/sr-diffusion/benchmarks/div2k/DIV2K_valid_LR_bicubic/X4/0880x4.png,31.90791769212824,30.548764397967993,0.8798384678672005,0.8667103493325418
DIV2K,0880,generalization_v3_best11500,/home/ubuntu/scratch/sr-diffusion/benchmark_outputs/stage2_bicubic_generalization_v3_best11500/DIV2K/0880/base.png,/home/ubuntu/scratch/sr-diffusion/benchmarks/div2k/DIV2K_valid_HR/0880.png,/home/ubuntu/scratch/sr-diffusion/benchmarks/div2k/DIV2K_valid_LR_bicubic/X4/0880x4.png,33.263314276186236,31.881843634042866,0.9083170819122924,0.8972015289121967
DIV2K,0880,trunk148m_best3500,/home/ubuntu/scratch/sr-diffusion/benchmark_outputs/stage2_bicubic_trunk148m_best3500/DIV2K/0880/base.png,/home/ubuntu/scratch/sr-diffusion/benchmarks/div2k/DIV2K_valid_HR/0880.png,/home/ubuntu/scratch/sr-diffusion/benchmarks/div2k/DIV2K_valid_LR_bicubic/X4/0880x4.png,33.25512550807437,31.873813157324058,0.9086417346763979,0.8975694788965681
DIV2K,0881,bicubic,generated:matlab_bicubic_resize,/home/ubuntu/scratch/sr-diffusion/benchmarks/div2k/DIV2K_valid_HR/0881.png,/home/ubuntu/scratch/sr-diffusion/benchmarks/div2k/DIV2K_valid_LR_bicubic/X4/0881x4.png,26.38470257503924,24.953038347429924,0.7513893630704347,0.7305250509099168
DIV2K,0881,generalization_v3_best11500,/home/ubuntu/scratch/sr-diffusion/benchmark_outputs/stage2_bicubic_generalization_v3_best11500/DIV2K/0881/base.png,/home/ubuntu/scratch/sr-diffusion/benchmarks/div2k/DIV2K_valid_HR/0881.png,/home/ubuntu/scratch/sr-diffusion/benchmarks/div2k/DIV2K_valid_LR_bicubic/X4/0881x4.png,27.248960771703565,25.811836631096163,0.7914705007787469,0.7731281933868251
DIV2K,0881,trunk148m_best3500,/home/ubuntu/scratch/sr-diffusion/benchmark_outputs/stage2_bicubic_trunk148m_best3500/DIV2K/0881/base.png,/home/ubuntu/scratch/sr-diffusion/benchmarks/div2k/DIV2K_valid_HR/0881.png,/home/ubuntu/scratch/sr-diffusion/benchmarks/div2k/DIV2K_valid_LR_bicubic/X4/0881x4.png,27.251301061141273,25.81438351499218,0.7920542526948945,0.773752109193667
DIV2K,0882,bicubic,generated:matlab_bicubic_resize,/home/ubuntu/scratch/sr-diffusion/benchmarks/div2k/DIV2K_valid_HR/0882.png,/home/ubuntu/scratch/sr-diffusion/benchmarks/div2k/DIV2K_valid_LR_bicubic/X4/0882x4.png,32.834659059762096,31.33276990156024,0.9470841661922387,0.928730481549875
DIV2K,0882,generalization_v3_best11500,/home/ubuntu/scratch/sr-diffusion/benchmark_outputs/stage2_bicubic_generalization_v3_best11500/DIV2K/0882/base.png,/home/ubuntu/scratch/sr-diffusion/benchmarks/div2k/DIV2K_valid_HR/0882.png,/home/ubuntu/scratch/sr-diffusion/benchmarks/div2k/DIV2K_valid_LR_bicubic/X4/0882x4.png,35.61804676069957,34.00089045755037,0.9619727563806472,0.9446300632722155
DIV2K,0882,trunk148m_best3500,/home/ubuntu/scratch/sr-diffusion/benchmark_outputs/stage2_bicubic_trunk148m_best3500/DIV2K/0882/base.png,/home/ubuntu/scratch/sr-diffusion/benchmarks/div2k/DIV2K_valid_HR/0882.png,/home/ubuntu/scratch/sr-diffusion/benchmarks/div2k/DIV2K_valid_LR_bicubic/X4/0882x4.png,35.61013007150649,33.997376454983666,0.9619949735924894,0.9446314438096653
DIV2K,0883,bicubic,generated:matlab_bicubic_resize,/home/ubuntu/scratch/sr-diffusion/benchmarks/div2k/DIV2K_valid_HR/0883.png,/home/ubuntu/scratch/sr-diffusion/benchmarks/div2k/DIV2K_valid_LR_bicubic/X4/0883x4.png,26.672392283903477,24.903360754767967,0.699399412656511,0.6604065734610973
DIV2K,0883,generalization_v3_best11500,/home/ubuntu/scratch/sr-diffusion/benchmark_outputs/stage2_bicubic_generalization_v3_best11500/DIV2K/0883/base.png,/home/ubuntu/scratch/sr-diffusion/benchmarks/div2k/DIV2K_valid_HR/0883.png,/home/ubuntu/scratch/sr-diffusion/benchmarks/div2k/DIV2K_valid_LR_bicubic/X4/0883x4.png,27.801437128391417,25.969059658368195,0.7697785899636727,0.7352555099862502
DIV2K,0883,trunk148m_best3500,/home/ubuntu/scratch/sr-diffusion/benchmark_outputs/stage2_bicubic_trunk148m_best3500/DIV2K/0883/base.png,/home/ubuntu/scratch/sr-diffusion/benchmarks/div2k/DIV2K_valid_HR/0883.png,/home/ubuntu/scratch/sr-diffusion/benchmarks/div2k/DIV2K_valid_LR_bicubic/X4/0883x4.png,27.791024787839284,25.95993637379278,0.7698183174577296,0.7353358309510513
DIV2K,0884,bicubic,generated:matlab_bicubic_resize,/home/ubuntu/scratch/sr-diffusion/benchmarks/div2k/DIV2K_valid_HR/0884.png,/home/ubuntu/scratch/sr-diffusion/benchmarks/div2k/DIV2K_valid_LR_bicubic/X4/0884x4.png,25.932550617489515,24.1140716375031,0.6811603228602474,0.6414805570994759
DIV2K,0884,generalization_v3_best11500,/home/ubuntu/scratch/sr-diffusion/benchmark_outputs/stage2_bicubic_generalization_v3_best11500/DIV2K/0884/base.png,/home/ubuntu/scratch/sr-diffusion/benchmarks/div2k/DIV2K_valid_HR/0884.png,/home/ubuntu/scratch/sr-diffusion/benchmarks/div2k/DIV2K_valid_LR_bicubic/X4/0884x4.png,27.606320669222303,25.681298159257256,0.7670149351923267,0.7333729205336573
DIV2K,0884,trunk148m_best3500,/home/ubuntu/scratch/sr-diffusion/benchmark_outputs/stage2_bicubic_trunk148m_best3500/DIV2K/0884/base.png,/home/ubuntu/scratch/sr-diffusion/benchmarks/div2k/DIV2K_valid_HR/0884.png,/home/ubuntu/scratch/sr-diffusion/benchmarks/div2k/DIV2K_valid_LR_bicubic/X4/0884x4.png,27.607614164843582,25.6833539924539,0.767508334683656,0.7339291329335946
DIV2K,0885,bicubic,generated:matlab_bicubic_resize,/home/ubuntu/scratch/sr-diffusion/benchmarks/div2k/DIV2K_valid_HR/0885.png,/home/ubuntu/scratch/sr-diffusion/benchmarks/div2k/DIV2K_valid_LR_bicubic/X4/0885x4.png,23.23773909763997,21.849574732610378,0.515336661825981,0.49506962650441766
DIV2K,0885,generalization_v3_best11500,/home/ubuntu/scratch/sr-diffusion/benchmark_outputs/stage2_bicubic_generalization_v3_best11500/DIV2K/0885/base.png,/home/ubuntu/scratch/sr-diffusion/benchmarks/div2k/DIV2K_valid_HR/0885.png,/home/ubuntu/scratch/sr-diffusion/benchmarks/div2k/DIV2K_valid_LR_bicubic/X4/0885x4.png,23.994170584838628,22.60491115236917,0.6028827328243249,0.5799230184615594
DIV2K,0885,trunk148m_best3500,/home/ubuntu/scratch/sr-diffusion/benchmark_outputs/stage2_bicubic_trunk148m_best3500/DIV2K/0885/base.png,/home/ubuntu/scratch/sr-diffusion/benchmarks/div2k/DIV2K_valid_HR/0885.png,/home/ubuntu/scratch/sr-diffusion/benchmarks/div2k/DIV2K_valid_LR_bicubic/X4/0885x4.png,24.014320025104073,22.625307545613694,0.6042464339079037,0.5814438201840053
DIV2K,0886,bicubic,generated:matlab_bicubic_resize,/home/ubuntu/scratch/sr-diffusion/benchmarks/div2k/DIV2K_valid_HR/0886.png,/home/ubuntu/scratch/sr-diffusion/benchmarks/div2k/DIV2K_valid_LR_bicubic/X4/0886x4.png,35.324427073198564,33.316461124845056,0.9233415733806059,0.9022115171189272
DIV2K,0886,generalization_v3_best11500,/home/ubuntu/scratch/sr-diffusion/benchmark_outputs/stage2_bicubic_generalization_v3_best11500/DIV2K/0886/base.png,/home/ubuntu/scratch/sr-diffusion/benchmarks/div2k/DIV2K_valid_HR/0886.png,/home/ubuntu/scratch/sr-diffusion/benchmarks/div2k/DIV2K_valid_LR_bicubic/X4/0886x4.png,37.961760546654304,35.956660087789025,0.9371769633589375,0.9164932030012426
DIV2K,0886,trunk148m_best3500,/home/ubuntu/scratch/sr-diffusion/benchmark_outputs/stage2_bicubic_trunk148m_best3500/DIV2K/0886/base.png,/home/ubuntu/scratch/sr-diffusion/benchmarks/div2k/DIV2K_valid_HR/0886.png,/home/ubuntu/scratch/sr-diffusion/benchmarks/div2k/DIV2K_valid_LR_bicubic/X4/0886x4.png,37.930136897488396,35.93209406629957,0.9371611316416751,0.9164544681609742
DIV2K,0887,bicubic,generated:matlab_bicubic_resize,/home/ubuntu/scratch/sr-diffusion/benchmarks/div2k/DIV2K_valid_HR/0887.png,/home/ubuntu/scratch/sr-diffusion/benchmarks/div2k/DIV2K_valid_LR_bicubic/X4/0887x4.png,24.815082096726954,23.874017592280943,0.7019525550392715,0.7080484218752496
DIV2K,0887,generalization_v3_best11500,/home/ubuntu/scratch/sr-diffusion/benchmark_outputs/stage2_bicubic_generalization_v3_best11500/DIV2K/0887/base.png,/home/ubuntu/scratch/sr-diffusion/benchmarks/div2k/DIV2K_valid_HR/0887.png,/home/ubuntu/scratch/sr-diffusion/benchmarks/div2k/DIV2K_valid_LR_bicubic/X4/0887x4.png,26.01191175642784,25.111283663913326,0.7655901645661471,0.7647775442214465
DIV2K,0887,trunk148m_best3500,/home/ubuntu/scratch/sr-diffusion/benchmark_outputs/stage2_bicubic_trunk148m_best3500/DIV2K/0887/base.png,/home/ubuntu/scratch/sr-diffusion/benchmarks/div2k/DIV2K_valid_HR/0887.png,/home/ubuntu/scratch/sr-diffusion/benchmarks/div2k/DIV2K_valid_LR_bicubic/X4/0887x4.png,26.014259848301045,25.114663576074264,0.7658175590913714,0.7649182271138241
DIV2K,0888,bicubic,generated:matlab_bicubic_resize,/home/ubuntu/scratch/sr-diffusion/benchmarks/div2k/DIV2K_valid_HR/0888.png,/home/ubuntu/scratch/sr-diffusion/benchmarks/div2k/DIV2K_valid_LR_bicubic/X4/0888x4.png,29.05220551841627,27.5604678932014,0.8447629206197457,0.8245712464976535
DIV2K,0888,generalization_v3_best11500,/home/ubuntu/scratch/sr-diffusion/benchmark_outputs/stage2_bicubic_generalization_v3_best11500/DIV2K/0888/base.png,/home/ubuntu/scratch/sr-diffusion/benchmarks/div2k/DIV2K_valid_HR/0888.png,/home/ubuntu/scratch/sr-diffusion/benchmarks/div2k/DIV2K_valid_LR_bicubic/X4/0888x4.png,31.823763417612646,30.376892711610758,0.896956591209627,0.8798953566217973
DIV2K,0888,trunk148m_best3500,/home/ubuntu/scratch/sr-diffusion/benchmark_outputs/stage2_bicubic_trunk148m_best3500/DIV2K/0888/base.png,/home/ubuntu/scratch/sr-diffusion/benchmarks/div2k/DIV2K_valid_HR/0888.png,/home/ubuntu/scratch/sr-diffusion/benchmarks/div2k/DIV2K_valid_LR_bicubic/X4/0888x4.png,31.815040937020544,30.36995741559981,0.8970643475863247,0.8799839746573972
DIV2K,0889,bicubic,generated:matlab_bicubic_resize,/home/ubuntu/scratch/sr-diffusion/benchmarks/div2k/DIV2K_valid_HR/0889.png,/home/ubuntu/scratch/sr-diffusion/benchmarks/div2k/DIV2K_valid_LR_bicubic/X4/0889x4.png,28.796657415892287,27.22117864814145,0.8533591721431573,0.8335877105525529
DIV2K,0889,generalization_v3_best11500,/home/ubuntu/scratch/sr-diffusion/benchmark_outputs/stage2_bicubic_generalization_v3_best11500/DIV2K/0889/base.png,/home/ubuntu/scratch/sr-diffusion/benchmarks/div2k/DIV2K_valid_HR/0889.png,/home/ubuntu/scratch/sr-diffusion/benchmarks/div2k/DIV2K_valid_LR_bicubic/X4/0889x4.png,32.249480442942854,30.578106620140723,0.9177471120011141,0.9030458677462123
DIV2K,0889,trunk148m_best3500,/home/ubuntu/scratch/sr-diffusion/benchmark_outputs/stage2_bicubic_trunk148m_best3500/DIV2K/0889/base.png,/home/ubuntu/scratch/sr-diffusion/benchmarks/div2k/DIV2K_valid_HR/0889.png,/home/ubuntu/scratch/sr-diffusion/benchmarks/div2k/DIV2K_valid_LR_bicubic/X4/0889x4.png,32.24933645795943,30.57760530797791,0.9180021114595825,0.9033441664970208
DIV2K,0890,bicubic,generated:matlab_bicubic_resize,/home/ubuntu/scratch/sr-diffusion/benchmarks/div2k/DIV2K_valid_HR/0890.png,/home/ubuntu/scratch/sr-diffusion/benchmarks/div2k/DIV2K_valid_LR_bicubic/X4/0890x4.png,25.899954838004923,24.594596466012938,0.7074273581750954,0.6940400511523941
DIV2K,0890,generalization_v3_best11500,/home/ubuntu/scratch/sr-diffusion/benchmark_outputs/stage2_bicubic_generalization_v3_best11500/DIV2K/0890/base.png,/home/ubuntu/scratch/sr-diffusion/benchmarks/div2k/DIV2K_valid_HR/0890.png,/home/ubuntu/scratch/sr-diffusion/benchmarks/div2k/DIV2K_valid_LR_bicubic/X4/0890x4.png,26.505555878530075,25.2105124461777,0.7535919787911196,0.7422612400583032
DIV2K,0890,trunk148m_best3500,/home/ubuntu/scratch/sr-diffusion/benchmark_outputs/stage2_bicubic_trunk148m_best3500/DIV2K/0890/base.png,/home/ubuntu/scratch/sr-diffusion/benchmarks/div2k/DIV2K_valid_HR/0890.png,/home/ubuntu/scratch/sr-diffusion/benchmarks/div2k/DIV2K_valid_LR_bicubic/X4/0890x4.png,26.502526212454057,25.20757144285101,0.7537134764821343,0.7423828934151965
DIV2K,0891,bicubic,generated:matlab_bicubic_resize,/home/ubuntu/scratch/sr-diffusion/benchmarks/div2k/DIV2K_valid_HR/0891.png,/home/ubuntu/scratch/sr-diffusion/benchmarks/div2k/DIV2K_valid_LR_bicubic/X4/0891x4.png,25.104913819513165,23.799262578641958,0.7275471856761191,0.7047911748069247
DIV2K,0891,generalization_v3_best11500,/home/ubuntu/scratch/sr-diffusion/benchmark_outputs/stage2_bicubic_generalization_v3_best11500/DIV2K/0891/base.png,/home/ubuntu/scratch/sr-diffusion/benchmarks/div2k/DIV2K_valid_HR/0891.png,/home/ubuntu/scratch/sr-diffusion/benchmarks/div2k/DIV2K_valid_LR_bicubic/X4/0891x4.png,27.91834553736463,26.60745616717921,0.8395763675837687,0.8175530474879275
DIV2K,0891,trunk148m_best3500,/home/ubuntu/scratch/sr-diffusion/benchmark_outputs/stage2_bicubic_trunk148m_best3500/DIV2K/0891/base.png,/home/ubuntu/scratch/sr-diffusion/benchmarks/div2k/DIV2K_valid_HR/0891.png,/home/ubuntu/scratch/sr-diffusion/benchmarks/div2k/DIV2K_valid_LR_bicubic/X4/0891x4.png,27.928810816561267,26.619055080672595,0.8397997943423399,0.8179125165316655
DIV2K,0892,bicubic,generated:matlab_bicubic_resize,/home/ubuntu/scratch/sr-diffusion/benchmarks/div2k/DIV2K_valid_HR/0892.png,/home/ubuntu/scratch/sr-diffusion/benchmarks/div2k/DIV2K_valid_LR_bicubic/X4/0892x4.png,26.57078744165719,25.29440848248194,0.8041714754118309,0.7906969342943561
DIV2K,0892,generalization_v3_best11500,/home/ubuntu/scratch/sr-diffusion/benchmark_outputs/stage2_bicubic_generalization_v3_best11500/DIV2K/0892/base.png,/home/ubuntu/scratch/sr-diffusion/benchmarks/div2k/DIV2K_valid_HR/0892.png,/home/ubuntu/scratch/sr-diffusion/benchmarks/div2k/DIV2K_valid_LR_bicubic/X4/0892x4.png,30.63112581702228,29.25476663241377,0.9095629647853187,0.8985689493752215
DIV2K,0892,trunk148m_best3500,/home/ubuntu/scratch/sr-diffusion/benchmark_outputs/stage2_bicubic_trunk148m_best3500/DIV2K/0892/base.png,/home/ubuntu/scratch/sr-diffusion/benchmarks/div2k/DIV2K_valid_HR/0892.png,/home/ubuntu/scratch/sr-diffusion/benchmarks/div2k/DIV2K_valid_LR_bicubic/X4/0892x4.png,30.65297378923993,29.28751038843048,0.9100220655820549,0.8992566953366378
DIV2K,0893,bicubic,generated:matlab_bicubic_resize,/home/ubuntu/scratch/sr-diffusion/benchmarks/div2k/DIV2K_valid_HR/0893.png,/home/ubuntu/scratch/sr-diffusion/benchmarks/div2k/DIV2K_valid_LR_bicubic/X4/0893x4.png,32.524773611385115,30.978702819223265,0.8279593162739151,0.7898480984000941
DIV2K,0893,generalization_v3_best11500,/home/ubuntu/scratch/sr-diffusion/benchmark_outputs/stage2_bicubic_generalization_v3_best11500/DIV2K/0893/base.png,/home/ubuntu/scratch/sr-diffusion/benchmarks/div2k/DIV2K_valid_HR/0893.png,/home/ubuntu/scratch/sr-diffusion/benchmarks/div2k/DIV2K_valid_LR_bicubic/X4/0893x4.png,34.62047277748698,33.09342858322955,0.8503932679464297,0.8135251754356534
DIV2K,0893,trunk148m_best3500,/home/ubuntu/scratch/sr-diffusion/benchmark_outputs/stage2_bicubic_trunk148m_best3500/DIV2K/0893/base.png,/home/ubuntu/scratch/sr-diffusion/benchmarks/div2k/DIV2K_valid_HR/0893.png,/home/ubuntu/scratch/sr-diffusion/benchmarks/div2k/DIV2K_valid_LR_bicubic/X4/0893x4.png,34.637958975267324,33.11318908775054,0.8506255197491254,0.8138111676664511
DIV2K,0894,bicubic,generated:matlab_bicubic_resize,/home/ubuntu/scratch/sr-diffusion/benchmarks/div2k/DIV2K_valid_HR/0894.png,/home/ubuntu/scratch/sr-diffusion/benchmarks/div2k/DIV2K_valid_LR_bicubic/X4/0894x4.png,30.739337680331985,29.343367348939225,0.8635810337834654,0.8458350800161888
DIV2K,0894,generalization_v3_best11500,/home/ubuntu/scratch/sr-diffusion/benchmark_outputs/stage2_bicubic_generalization_v3_best11500/DIV2K/0894/base.png,/home/ubuntu/scratch/sr-diffusion/benchmarks/div2k/DIV2K_valid_HR/0894.png,/home/ubuntu/scratch/sr-diffusion/benchmarks/div2k/DIV2K_valid_LR_bicubic/X4/0894x4.png,32.99840328522497,31.62220839730026,0.9030735802256428,0.8883128088692401
DIV2K,0894,trunk148m_best3500,/home/ubuntu/scratch/sr-diffusion/benchmark_outputs/stage2_bicubic_trunk148m_best3500/DIV2K/0894/base.png,/home/ubuntu/scratch/sr-diffusion/benchmarks/div2k/DIV2K_valid_HR/0894.png,/home/ubuntu/scratch/sr-diffusion/benchmarks/div2k/DIV2K_valid_LR_bicubic/X4/0894x4.png,33.01374262040787,31.638756617382505,0.9033471793159614,0.8886186725517705
DIV2K,0895,bicubic,generated:matlab_bicubic_resize,/home/ubuntu/scratch/sr-diffusion/benchmarks/div2k/DIV2K_valid_HR/0895.png,/home/ubuntu/scratch/sr-diffusion/benchmarks/div2k/DIV2K_valid_LR_bicubic/X4/0895x4.png,21.034498832028884,19.719265494766923,0.49905801182492426,0.47684620262602806
DIV2K,0895,generalization_v3_best11500,/home/ubuntu/scratch/sr-diffusion/benchmark_outputs/stage2_bicubic_generalization_v3_best11500/DIV2K/0895/base.png,/home/ubuntu/scratch/sr-diffusion/benchmarks/div2k/DIV2K_valid_HR/0895.png,/home/ubuntu/scratch/sr-diffusion/benchmarks/div2k/DIV2K_valid_LR_bicubic/X4/0895x4.png,21.63114411037714,20.306165616756616,0.5927344912916792,0.5738571998978026
DIV2K,0895,trunk148m_best3500,/home/ubuntu/scratch/sr-diffusion/benchmark_outputs/stage2_bicubic_trunk148m_best3500/DIV2K/0895/base.png,/home/ubuntu/scratch/sr-diffusion/benchmarks/div2k/DIV2K_valid_HR/0895.png,/home/ubuntu/scratch/sr-diffusion/benchmarks/div2k/DIV2K_valid_LR_bicubic/X4/0895x4.png,21.63227351039628,20.306689624086967,0.5929679947189862,0.5741589385528896
DIV2K,0896,bicubic,generated:matlab_bicubic_resize,/home/ubuntu/scratch/sr-diffusion/benchmarks/div2k/DIV2K_valid_HR/0896.png,/home/ubuntu/scratch/sr-diffusion/benchmarks/div2k/DIV2K_valid_LR_bicubic/X4/0896x4.png,34.926128738567066,33.51237444146571,0.9450622254346444,0.9252180732354267
DIV2K,0896,generalization_v3_best11500,/home/ubuntu/scratch/sr-diffusion/benchmark_outputs/stage2_bicubic_generalization_v3_best11500/DIV2K/0896/base.png,/home/ubuntu/scratch/sr-diffusion/benchmarks/div2k/DIV2K_valid_HR/0896.png,/home/ubuntu/scratch/sr-diffusion/benchmarks/div2k/DIV2K_valid_LR_bicubic/X4/0896x4.png,40.43811053131699,38.60704114953521,0.9592318145764329,0.9398079671459811
DIV2K,0896,trunk148m_best3500,/home/ubuntu/scratch/sr-diffusion/benchmark_outputs/stage2_bicubic_trunk148m_best3500/DIV2K/0896/base.png,/home/ubuntu/scratch/sr-diffusion/benchmarks/div2k/DIV2K_valid_HR/0896.png,/home/ubuntu/scratch/sr-diffusion/benchmarks/div2k/DIV2K_valid_LR_bicubic/X4/0896x4.png,40.42791222963167,38.61296310335253,0.9592935567475438,0.9398785123225205
DIV2K,0897,bicubic,generated:matlab_bicubic_resize,/home/ubuntu/scratch/sr-diffusion/benchmarks/div2k/DIV2K_valid_HR/0897.png,/home/ubuntu/scratch/sr-diffusion/benchmarks/div2k/DIV2K_valid_LR_bicubic/X4/0897x4.png,21.989878054736604,20.89749370466705,0.6260526715555877,0.5878256296779435
DIV2K,0897,generalization_v3_best11500,/home/ubuntu/scratch/sr-diffusion/benchmark_outputs/stage2_bicubic_generalization_v3_best11500/DIV2K/0897/base.png,/home/ubuntu/scratch/sr-diffusion/benchmarks/div2k/DIV2K_valid_HR/0897.png,/home/ubuntu/scratch/sr-diffusion/benchmarks/div2k/DIV2K_valid_LR_bicubic/X4/0897x4.png,22.987439470788278,21.846914209570407,0.7155926188543377,0.6806265968206141
DIV2K,0897,trunk148m_best3500,/home/ubuntu/scratch/sr-diffusion/benchmark_outputs/stage2_bicubic_trunk148m_best3500/DIV2K/0897/base.png,/home/ubuntu/scratch/sr-diffusion/benchmarks/div2k/DIV2K_valid_HR/0897.png,/home/ubuntu/scratch/sr-diffusion/benchmarks/div2k/DIV2K_valid_LR_bicubic/X4/0897x4.png,22.965401486404975,21.8254719210398,0.7162496629269645,0.6807647551264281
DIV2K,0898,bicubic,generated:matlab_bicubic_resize,/home/ubuntu/scratch/sr-diffusion/benchmarks/div2k/DIV2K_valid_HR/0898.png,/home/ubuntu/scratch/sr-diffusion/benchmarks/div2k/DIV2K_valid_LR_bicubic/X4/0898x4.png,33.0788056753139,31.561386489853334,0.9094627159705704,0.8860976440029417
DIV2K,0898,generalization_v3_best11500,/home/ubuntu/scratch/sr-diffusion/benchmark_outputs/stage2_bicubic_generalization_v3_best11500/DIV2K/0898/base.png,/home/ubuntu/scratch/sr-diffusion/benchmarks/div2k/DIV2K_valid_HR/0898.png,/home/ubuntu/scratch/sr-diffusion/benchmarks/div2k/DIV2K_valid_LR_bicubic/X4/0898x4.png,35.591410046499604,34.03806326332286,0.9293559346774063,0.9054051367374303
DIV2K,0898,trunk148m_best3500,/home/ubuntu/scratch/sr-diffusion/benchmark_outputs/stage2_bicubic_trunk148m_best3500/DIV2K/0898/base.png,/home/ubuntu/scratch/sr-diffusion/benchmarks/div2k/DIV2K_valid_HR/0898.png,/home/ubuntu/scratch/sr-diffusion/benchmarks/div2k/DIV2K_valid_LR_bicubic/X4/0898x4.png,35.48017356941594,33.90643480325935,0.9291850160758227,0.9051283713212603
DIV2K,0899,bicubic,generated:matlab_bicubic_resize,/home/ubuntu/scratch/sr-diffusion/benchmarks/div2k/DIV2K_valid_HR/0899.png,/home/ubuntu/scratch/sr-diffusion/benchmarks/div2k/DIV2K_valid_LR_bicubic/X4/0899x4.png,27.52752355169043,26.251827225588514,0.8396631687608713,0.8218287074995767
DIV2K,0899,generalization_v3_best11500,/home/ubuntu/scratch/sr-diffusion/benchmark_outputs/stage2_bicubic_generalization_v3_best11500/DIV2K/0899/base.png,/home/ubuntu/scratch/sr-diffusion/benchmarks/div2k/DIV2K_valid_HR/0899.png,/home/ubuntu/scratch/sr-diffusion/benchmarks/div2k/DIV2K_valid_LR_bicubic/X4/0899x4.png,32.10175210076376,30.834639258659063,0.9107548545497445,0.8942078692946183
DIV2K,0899,trunk148m_best3500,/home/ubuntu/scratch/sr-diffusion/benchmark_outputs/stage2_bicubic_trunk148m_best3500/DIV2K/0899/base.png,/home/ubuntu/scratch/sr-diffusion/benchmarks/div2k/DIV2K_valid_HR/0899.png,/home/ubuntu/scratch/sr-diffusion/benchmarks/div2k/DIV2K_valid_LR_bicubic/X4/0899x4.png,32.12838389783439,30.857306730900973,0.9113076938122816,0.89482603543955
DIV2K,0900,bicubic,generated:matlab_bicubic_resize,/home/ubuntu/scratch/sr-diffusion/benchmarks/div2k/DIV2K_valid_HR/0900.png,/home/ubuntu/scratch/sr-diffusion/benchmarks/div2k/DIV2K_valid_LR_bicubic/X4/0900x4.png,25.213752267128676,24.165001637123133,0.7793385761806038,0.7631525935717841
DIV2K,0900,generalization_v3_best11500,/home/ubuntu/scratch/sr-diffusion/benchmark_outputs/stage2_bicubic_generalization_v3_best11500/DIV2K/0900/base.png,/home/ubuntu/scratch/sr-diffusion/benchmarks/div2k/DIV2K_valid_HR/0900.png,/home/ubuntu/scratch/sr-diffusion/benchmarks/div2k/DIV2K_valid_LR_bicubic/X4/0900x4.png,28.959331717968656,27.780526973574453,0.8752838370683643,0.8521647209471791
DIV2K,0900,trunk148m_best3500,/home/ubuntu/scratch/sr-diffusion/benchmark_outputs/stage2_bicubic_trunk148m_best3500/DIV2K/0900/base.png,/home/ubuntu/scratch/sr-diffusion/benchmarks/div2k/DIV2K_valid_HR/0900.png,/home/ubuntu/scratch/sr-diffusion/benchmarks/div2k/DIV2K_valid_LR_bicubic/X4/0900x4.png,29.025877028973902,27.855090290464645,0.8758098912563783,0.8530070573636364
Set5,img_001,bicubic,generated:matlab_bicubic_resize,/home/ubuntu/scratch/sr-diffusion/benchmarks/selfexsr/SelfExSR-master/data/Set5/image_SRF_4/img_001_SRF_4_HR.png,/home/ubuntu/scratch/sr-diffusion/benchmarks/selfexsr/SelfExSR-master/data/Set5/image_SRF_4/img_001_SRF_4_LR.png,31.78644431960816,30.36962867013581,0.8576563348104564,0.8287889836474539
Set5,img_001,generalization_v3_best11500,/home/ubuntu/scratch/sr-diffusion/benchmark_outputs/stage2_bicubic_generalization_v3_best11500/Set5/img_001/base.png,/home/ubuntu/scratch/sr-diffusion/benchmarks/selfexsr/SelfExSR-master/data/Set5/image_SRF_4/img_001_SRF_4_HR.png,/home/ubuntu/scratch/sr-diffusion/benchmarks/selfexsr/SelfExSR-master/data/Set5/image_SRF_4/img_001_SRF_4_LR.png,33.7382158777188,32.21040749070352,0.8932723761179849,0.8672843799488419
Set5,img_001,trunk148m_best3500,/home/ubuntu/scratch/sr-diffusion/benchmark_outputs/stage2_bicubic_trunk148m_best3500/Set5/img_001/base.png,/home/ubuntu/scratch/sr-diffusion/benchmarks/selfexsr/SelfExSR-master/data/Set5/image_SRF_4/img_001_SRF_4_HR.png,/home/ubuntu/scratch/sr-diffusion/benchmarks/selfexsr/SelfExSR-master/data/Set5/image_SRF_4/img_001_SRF_4_LR.png,33.740545709566376,32.21205886225463,0.8936426214322614,0.867707005418902
Set5,img_002,bicubic,generated:matlab_bicubic_resize,/home/ubuntu/scratch/sr-diffusion/benchmarks/selfexsr/SelfExSR-master/data/Set5/image_SRF_4/img_002_SRF_4_HR.png,/home/ubuntu/scratch/sr-diffusion/benchmarks/selfexsr/SelfExSR-master/data/Set5/image_SRF_4/img_002_SRF_4_LR.png,30.187039204040854,28.21878365581817,0.8738086449040812,0.8487544677565205
Set5,img_002,generalization_v3_best11500,/home/ubuntu/scratch/sr-diffusion/benchmark_outputs/stage2_bicubic_generalization_v3_best11500/Set5/img_002/base.png,/home/ubuntu/scratch/sr-diffusion/benchmarks/selfexsr/SelfExSR-master/data/Set5/image_SRF_4/img_002_SRF_4_HR.png,/home/ubuntu/scratch/sr-diffusion/benchmarks/selfexsr/SelfExSR-master/data/Set5/image_SRF_4/img_002_SRF_4_LR.png,34.316408984150556,32.03391232944872,0.9381334902217371,0.9129631455520087
Set5,img_002,trunk148m_best3500,/home/ubuntu/scratch/sr-diffusion/benchmark_outputs/stage2_bicubic_trunk148m_best3500/Set5/img_002/base.png,/home/ubuntu/scratch/sr-diffusion/benchmarks/selfexsr/SelfExSR-master/data/Set5/image_SRF_4/img_002_SRF_4_HR.png,/home/ubuntu/scratch/sr-diffusion/benchmarks/selfexsr/SelfExSR-master/data/Set5/image_SRF_4/img_002_SRF_4_LR.png,34.304518387270264,32.03553238055929,0.9383333294197175,0.9129653846767631
Set5,img_003,bicubic,generated:matlab_bicubic_resize,/home/ubuntu/scratch/sr-diffusion/benchmarks/selfexsr/SelfExSR-master/data/Set5/image_SRF_4/img_003_SRF_4_HR.png,/home/ubuntu/scratch/sr-diffusion/benchmarks/selfexsr/SelfExSR-master/data/Set5/image_SRF_4/img_003_SRF_4_LR.png,22.10101141896677,20.865133023716393,0.7374837825309141,0.7012266482200533
Set5,img_003,generalization_v3_best11500,/home/ubuntu/scratch/sr-diffusion/benchmark_outputs/stage2_bicubic_generalization_v3_best11500/Set5/img_003/base.png,/home/ubuntu/scratch/sr-diffusion/benchmarks/selfexsr/SelfExSR-master/data/Set5/image_SRF_4/img_003_SRF_4_HR.png,/home/ubuntu/scratch/sr-diffusion/benchmarks/selfexsr/SelfExSR-master/data/Set5/image_SRF_4/img_003_SRF_4_LR.png,27.674069458202332,26.22656876282523,0.9147834586189396,0.8923551036621061
Set5,img_003,trunk148m_best3500,/home/ubuntu/scratch/sr-diffusion/benchmark_outputs/stage2_bicubic_trunk148m_best3500/Set5/img_003/base.png,/home/ubuntu/scratch/sr-diffusion/benchmarks/selfexsr/SelfExSR-master/data/Set5/image_SRF_4/img_003_SRF_4_HR.png,/home/ubuntu/scratch/sr-diffusion/benchmarks/selfexsr/SelfExSR-master/data/Set5/image_SRF_4/img_003_SRF_4_LR.png,27.73945465423885,26.29272205694127,0.9160178447099249,0.8941352080036259
Set5,img_004,bicubic,generated:matlab_bicubic_resize,/home/ubuntu/scratch/sr-diffusion/benchmarks/selfexsr/SelfExSR-master/data/Set5/image_SRF_4/img_004_SRF_4_HR.png,/home/ubuntu/scratch/sr-diffusion/benchmarks/selfexsr/SelfExSR-master/data/Set5/image_SRF_4/img_004_SRF_4_LR.png,31.615044379089795,28.893878067925943,0.7546651990438243,0.673476973043872
Set5,img_004,generalization_v3_best11500,/home/ubuntu/scratch/sr-diffusion/benchmark_outputs/stage2_bicubic_generalization_v3_best11500/Set5/img_004/base.png,/home/ubuntu/scratch/sr-diffusion/benchmarks/selfexsr/SelfExSR-master/data/Set5/image_SRF_4/img_004_SRF_4_HR.png,/home/ubuntu/scratch/sr-diffusion/benchmarks/selfexsr/SelfExSR-master/data/Set5/image_SRF_4/img_004_SRF_4_LR.png,32.8078841450148,29.793794382086976,0.794263400156298,0.7132130246354403
Set5,img_004,trunk148m_best3500,/home/ubuntu/scratch/sr-diffusion/benchmark_outputs/stage2_bicubic_trunk148m_best3500/Set5/img_004/base.png,/home/ubuntu/scratch/sr-diffusion/benchmarks/selfexsr/SelfExSR-master/data/Set5/image_SRF_4/img_004_SRF_4_HR.png,/home/ubuntu/scratch/sr-diffusion/benchmarks/selfexsr/SelfExSR-master/data/Set5/image_SRF_4/img_004_SRF_4_LR.png,32.80593852036839,29.796614986026935,0.7946287982248876,0.7135596274968695
Set5,img_005,bicubic,generated:matlab_bicubic_resize,/home/ubuntu/scratch/sr-diffusion/benchmarks/selfexsr/SelfExSR-master/data/Set5/image_SRF_4/img_005_SRF_4_HR.png,/home/ubuntu/scratch/sr-diffusion/benchmarks/selfexsr/SelfExSR-master/data/Set5/image_SRF_4/img_005_SRF_4_LR.png,26.469228437508818,25.132357747489973,0.8326993870636418,0.8145988666039453
Set5,img_005,generalization_v3_best11500,/home/ubuntu/scratch/sr-diffusion/benchmark_outputs/stage2_bicubic_generalization_v3_best11500/Set5/img_005/base.png,/home/ubuntu/scratch/sr-diffusion/benchmarks/selfexsr/SelfExSR-master/data/Set5/image_SRF_4/img_005_SRF_4_HR.png,/home/ubuntu/scratch/sr-diffusion/benchmarks/selfexsr/SelfExSR-master/data/Set5/image_SRF_4/img_005_SRF_4_LR.png,30.263897308079546,28.84166557879709,0.9082157535937844,0.8948536279983615
Set5,img_005,trunk148m_best3500,/home/ubuntu/scratch/sr-diffusion/benchmark_outputs/stage2_bicubic_trunk148m_best3500/Set5/img_005/base.png,/home/ubuntu/scratch/sr-diffusion/benchmarks/selfexsr/SelfExSR-master/data/Set5/image_SRF_4/img_005_SRF_4_HR.png,/home/ubuntu/scratch/sr-diffusion/benchmarks/selfexsr/SelfExSR-master/data/Set5/image_SRF_4/img_005_SRF_4_LR.png,30.335804365833923,28.91477389209836,0.9096292921921669,0.8964372364044261
Set14,img_001,bicubic,generated:matlab_bicubic_resize,/home/ubuntu/scratch/sr-diffusion/benchmarks/selfexsr/SelfExSR-master/data/Set14/image_SRF_4/img_001_SRF_4_HR.png,/home/ubuntu/scratch/sr-diffusion/benchmarks/selfexsr/SelfExSR-master/data/Set14/image_SRF_4/img_001_SRF_4_LR.png,22.438539562079363,20.426101423819,0.4528149568741965,0.3908910604689663
Set14,img_001,generalization_v3_best11500,/home/ubuntu/scratch/sr-diffusion/benchmark_outputs/stage2_bicubic_generalization_v3_best11500/Set14/img_001/base.png,/home/ubuntu/scratch/sr-diffusion/benchmarks/selfexsr/SelfExSR-master/data/Set14/image_SRF_4/img_001_SRF_4_HR.png,/home/ubuntu/scratch/sr-diffusion/benchmarks/selfexsr/SelfExSR-master/data/Set14/image_SRF_4/img_001_SRF_4_LR.png,22.87991167444345,20.864911370392445,0.5324132627359837,0.46804995258125687
Set14,img_001,trunk148m_best3500,/home/ubuntu/scratch/sr-diffusion/benchmark_outputs/stage2_bicubic_trunk148m_best3500/Set14/img_001/base.png,/home/ubuntu/scratch/sr-diffusion/benchmarks/selfexsr/SelfExSR-master/data/Set14/image_SRF_4/img_001_SRF_4_HR.png,/home/ubuntu/scratch/sr-diffusion/benchmarks/selfexsr/SelfExSR-master/data/Set14/image_SRF_4/img_001_SRF_4_LR.png,22.883236756910385,20.868039031522,0.5336363993588789,0.46932534920832136
Set14,img_002,bicubic,generated:matlab_bicubic_resize,/home/ubuntu/scratch/sr-diffusion/benchmarks/selfexsr/SelfExSR-master/data/Set14/image_SRF_4/img_002_SRF_4_HR.png,/home/ubuntu/scratch/sr-diffusion/benchmarks/selfexsr/SelfExSR-master/data/Set14/image_SRF_4/img_002_SRF_4_LR.png,25.148765403428214,23.622110738449962,0.6870669895797502,0.6494997824723283
Set14,img_002,generalization_v3_best11500,/home/ubuntu/scratch/sr-diffusion/benchmark_outputs/stage2_bicubic_generalization_v3_best11500/Set14/img_002/base.png,/home/ubuntu/scratch/sr-diffusion/benchmarks/selfexsr/SelfExSR-master/data/Set14/image_SRF_4/img_002_SRF_4_HR.png,/home/ubuntu/scratch/sr-diffusion/benchmarks/selfexsr/SelfExSR-master/data/Set14/image_SRF_4/img_002_SRF_4_LR.png,25.896399641501464,24.362700674391032,0.7479089481903274,0.7135006975710448
Set14,img_002,trunk148m_best3500,/home/ubuntu/scratch/sr-diffusion/benchmark_outputs/stage2_bicubic_trunk148m_best3500/Set14/img_002/base.png,/home/ubuntu/scratch/sr-diffusion/benchmarks/selfexsr/SelfExSR-master/data/Set14/image_SRF_4/img_002_SRF_4_HR.png,/home/ubuntu/scratch/sr-diffusion/benchmarks/selfexsr/SelfExSR-master/data/Set14/image_SRF_4/img_002_SRF_4_LR.png,25.873087044324716,24.340292202897253,0.7482404636509152,0.713938196412682
Set14,img_003,bicubic,generated:matlab_bicubic_resize,/home/ubuntu/scratch/sr-diffusion/benchmarks/selfexsr/SelfExSR-master/data/Set14/image_SRF_4/img_003_SRF_4_HR.png,/home/ubuntu/scratch/sr-diffusion/benchmarks/selfexsr/SelfExSR-master/data/Set14/image_SRF_4/img_003_SRF_4_LR.png,24.467984282080238,23.146062970203506,0.5666729215010292,0.5402903592065974
Set14,img_003,generalization_v3_best11500,/home/ubuntu/scratch/sr-diffusion/benchmark_outputs/stage2_bicubic_generalization_v3_best11500/Set14/img_003/base.png,/home/ubuntu/scratch/sr-diffusion/benchmarks/selfexsr/SelfExSR-master/data/Set14/image_SRF_4/img_003_SRF_4_HR.png,/home/ubuntu/scratch/sr-diffusion/benchmarks/selfexsr/SelfExSR-master/data/Set14/image_SRF_4/img_003_SRF_4_LR.png,25.403630116284358,24.078055828144052,0.6501690708868513,0.6293716718168533
Set14,img_003,trunk148m_best3500,/home/ubuntu/scratch/sr-diffusion/benchmark_outputs/stage2_bicubic_trunk148m_best3500/Set14/img_003/base.png,/home/ubuntu/scratch/sr-diffusion/benchmarks/selfexsr/SelfExSR-master/data/Set14/image_SRF_4/img_003_SRF_4_HR.png,/home/ubuntu/scratch/sr-diffusion/benchmarks/selfexsr/SelfExSR-master/data/Set14/image_SRF_4/img_003_SRF_4_LR.png,25.391887233287,24.06588674180569,0.6499101036872156,0.6291225379640254
Set14,img_004,bicubic,generated:matlab_bicubic_resize,/home/ubuntu/scratch/sr-diffusion/benchmarks/selfexsr/SelfExSR-master/data/Set14/image_SRF_4/img_004_SRF_4_HR.png,/home/ubuntu/scratch/sr-diffusion/benchmarks/selfexsr/SelfExSR-master/data/Set14/image_SRF_4/img_004_SRF_4_LR.png,25.47568074536597,24.148822449279955,0.5222966648514882,0.47878570980352236
Set14,img_004,generalization_v3_best11500,/home/ubuntu/scratch/sr-diffusion/benchmark_outputs/stage2_bicubic_generalization_v3_best11500/Set14/img_004/base.png,/home/ubuntu/scratch/sr-diffusion/benchmarks/selfexsr/SelfExSR-master/data/Set14/image_SRF_4/img_004_SRF_4_HR.png,/home/ubuntu/scratch/sr-diffusion/benchmarks/selfexsr/SelfExSR-master/data/Set14/image_SRF_4/img_004_SRF_4_LR.png,26.36254713868505,25.02488151611415,0.5764162429175056,0.5379062882740758
Set14,img_004,trunk148m_best3500,/home/ubuntu/scratch/sr-diffusion/benchmark_outputs/stage2_bicubic_trunk148m_best3500/Set14/img_004/base.png,/home/ubuntu/scratch/sr-diffusion/benchmarks/selfexsr/SelfExSR-master/data/Set14/image_SRF_4/img_004_SRF_4_HR.png,/home/ubuntu/scratch/sr-diffusion/benchmarks/selfexsr/SelfExSR-master/data/Set14/image_SRF_4/img_004_SRF_4_LR.png,26.357925434108246,25.020457358150527,0.5762383193287566,0.5377582104266047
Set14,img_005,bicubic,generated:matlab_bicubic_resize,/home/ubuntu/scratch/sr-diffusion/benchmarks/selfexsr/SelfExSR-master/data/Set14/image_SRF_4/img_005_SRF_4_HR.png,/home/ubuntu/scratch/sr-diffusion/benchmarks/selfexsr/SelfExSR-master/data/Set14/image_SRF_4/img_005_SRF_4_LR.png,21.691584246329803,20.206558848287948,0.5837121821599296,0.5666020474108563
Set14,img_005,generalization_v3_best11500,/home/ubuntu/scratch/sr-diffusion/benchmark_outputs/stage2_bicubic_generalization_v3_best11500/Set14/img_005/base.png,/home/ubuntu/scratch/sr-diffusion/benchmarks/selfexsr/SelfExSR-master/data/Set14/image_SRF_4/img_005_SRF_4_HR.png,/home/ubuntu/scratch/sr-diffusion/benchmarks/selfexsr/SelfExSR-master/data/Set14/image_SRF_4/img_005_SRF_4_LR.png,23.276117477898385,21.76078862817692,0.7163192519989939,0.6976999082243477
Set14,img_005,trunk148m_best3500,/home/ubuntu/scratch/sr-diffusion/benchmark_outputs/stage2_bicubic_trunk148m_best3500/Set14/img_005/base.png,/home/ubuntu/scratch/sr-diffusion/benchmarks/selfexsr/SelfExSR-master/data/Set14/image_SRF_4/img_005_SRF_4_HR.png,/home/ubuntu/scratch/sr-diffusion/benchmarks/selfexsr/SelfExSR-master/data/Set14/image_SRF_4/img_005_SRF_4_LR.png,23.27818728764559,21.76143856086312,0.717804718992175,0.6990152863886853
Set14,img_006,bicubic,generated:matlab_bicubic_resize,/home/ubuntu/scratch/sr-diffusion/benchmarks/selfexsr/SelfExSR-master/data/Set14/image_SRF_4/img_006_SRF_4_HR.png,/home/ubuntu/scratch/sr-diffusion/benchmarks/selfexsr/SelfExSR-master/data/Set14/image_SRF_4/img_006_SRF_4_LR.png,31.579034313181214,28.855726524648496,0.7529349310150952,0.671835281646958
Set14,img_006,generalization_v3_best11500,/home/ubuntu/scratch/sr-diffusion/benchmark_outputs/stage2_bicubic_generalization_v3_best11500/Set14/img_006/base.png,/home/ubuntu/scratch/sr-diffusion/benchmarks/selfexsr/SelfExSR-master/data/Set14/image_SRF_4/img_006_SRF_4_HR.png,/home/ubuntu/scratch/sr-diffusion/benchmarks/selfexsr/SelfExSR-master/data/Set14/image_SRF_4/img_006_SRF_4_LR.png,32.81149771103809,29.786877105280638,0.7934026856757102,0.7127587234163695
Set14,img_006,trunk148m_best3500,/home/ubuntu/scratch/sr-diffusion/benchmark_outputs/stage2_bicubic_trunk148m_best3500/Set14/img_006/base.png,/home/ubuntu/scratch/sr-diffusion/benchmarks/selfexsr/SelfExSR-master/data/Set14/image_SRF_4/img_006_SRF_4_HR.png,/home/ubuntu/scratch/sr-diffusion/benchmarks/selfexsr/SelfExSR-master/data/Set14/image_SRF_4/img_006_SRF_4_LR.png,32.82102425128722,29.797885796849066,0.7940518391394172,0.713359102145393
Set14,img_007,bicubic,generated:matlab_bicubic_resize,/home/ubuntu/scratch/sr-diffusion/benchmarks/selfexsr/SelfExSR-master/data/Set14/image_SRF_4/img_007_SRF_4_HR.png,/home/ubuntu/scratch/sr-diffusion/benchmarks/selfexsr/SelfExSR-master/data/Set14/image_SRF_4/img_007_SRF_4_LR.png,25.522553042397767,23.71370526905103,0.7221104536160406,0.6950639370122467
Set14,img_007,generalization_v3_best11500,/home/ubuntu/scratch/sr-diffusion/benchmark_outputs/stage2_bicubic_generalization_v3_best11500/Set14/img_007/base.png,/home/ubuntu/scratch/sr-diffusion/benchmarks/selfexsr/SelfExSR-master/data/Set14/image_SRF_4/img_007_SRF_4_HR.png,/home/ubuntu/scratch/sr-diffusion/benchmarks/selfexsr/SelfExSR-master/data/Set14/image_SRF_4/img_007_SRF_4_LR.png,27.875447108199808,25.8741997812716,0.8080084120318857,0.7770837019182287
Set14,img_007,trunk148m_best3500,/home/ubuntu/scratch/sr-diffusion/benchmark_outputs/stage2_bicubic_trunk148m_best3500/Set14/img_007/base.png,/home/ubuntu/scratch/sr-diffusion/benchmarks/selfexsr/SelfExSR-master/data/Set14/image_SRF_4/img_007_SRF_4_HR.png,/home/ubuntu/scratch/sr-diffusion/benchmarks/selfexsr/SelfExSR-master/data/Set14/image_SRF_4/img_007_SRF_4_LR.png,27.86842164016354,25.86791735996128,0.8082665615955473,0.7774262866921968
Set14,img_008,bicubic,generated:matlab_bicubic_resize,/home/ubuntu/scratch/sr-diffusion/benchmarks/selfexsr/SelfExSR-master/data/Set14/image_SRF_4/img_008_SRF_4_HR.png,/home/ubuntu/scratch/sr-diffusion/benchmarks/selfexsr/SelfExSR-master/data/Set14/image_SRF_4/img_008_SRF_4_LR.png,29.399180980865744,27.942815764750627,0.8667537393949221,0.8471641899868861
Set14,img_008,generalization_v3_best11500,/home/ubuntu/scratch/sr-diffusion/benchmark_outputs/stage2_bicubic_generalization_v3_best11500/Set14/img_008/base.png,/home/ubuntu/scratch/sr-diffusion/benchmarks/selfexsr/SelfExSR-master/data/Set14/image_SRF_4/img_008_SRF_4_HR.png,/home/ubuntu/scratch/sr-diffusion/benchmarks/selfexsr/SelfExSR-master/data/Set14/image_SRF_4/img_008_SRF_4_LR.png,33.26848493395013,31.648141512936654,0.9273149174437969,0.9104172613473969
Set14,img_008,trunk148m_best3500,/home/ubuntu/scratch/sr-diffusion/benchmark_outputs/stage2_bicubic_trunk148m_best3500/Set14/img_008/base.png,/home/ubuntu/scratch/sr-diffusion/benchmarks/selfexsr/SelfExSR-master/data/Set14/image_SRF_4/img_008_SRF_4_HR.png,/home/ubuntu/scratch/sr-diffusion/benchmarks/selfexsr/SelfExSR-master/data/Set14/image_SRF_4/img_008_SRF_4_LR.png,33.295624043555776,31.66639656010776,0.9281320777875471,0.9113118404765806
Set14,img_009,bicubic,generated:matlab_bicubic_resize,/home/ubuntu/scratch/sr-diffusion/benchmarks/selfexsr/SelfExSR-master/data/Set14/image_SRF_4/img_009_SRF_4_HR.png,/home/ubuntu/scratch/sr-diffusion/benchmarks/selfexsr/SelfExSR-master/data/Set14/image_SRF_4/img_009_SRF_4_LR.png,29.83956362715532,28.285882235641875,0.8143334339419335,0.7398948976507816
Set14,img_009,generalization_v3_best11500,/home/ubuntu/scratch/sr-diffusion/benchmark_outputs/stage2_bicubic_generalization_v3_best11500/Set14/img_009/base.png,/home/ubuntu/scratch/sr-diffusion/benchmarks/selfexsr/SelfExSR-master/data/Set14/image_SRF_4/img_009_SRF_4_HR.png,/home/ubuntu/scratch/sr-diffusion/benchmarks/selfexsr/SelfExSR-master/data/Set14/image_SRF_4/img_009_SRF_4_LR.png,32.19001618134504,30.129688185331815,0.8600202176009966,0.7844832493527951
Set14,img_009,trunk148m_best3500,/home/ubuntu/scratch/sr-diffusion/benchmark_outputs/stage2_bicubic_trunk148m_best3500/Set14/img_009/base.png,/home/ubuntu/scratch/sr-diffusion/benchmarks/selfexsr/SelfExSR-master/data/Set14/image_SRF_4/img_009_SRF_4_HR.png,/home/ubuntu/scratch/sr-diffusion/benchmarks/selfexsr/SelfExSR-master/data/Set14/image_SRF_4/img_009_SRF_4_LR.png,32.16255237703807,30.099679124385954,0.8605670203619825,0.7849295852540831
Set14,img_010,bicubic,generated:matlab_bicubic_resize,/home/ubuntu/scratch/sr-diffusion/benchmarks/selfexsr/SelfExSR-master/data/Set14/image_SRF_4/img_010_SRF_4_HR.png,/home/ubuntu/scratch/sr-diffusion/benchmarks/selfexsr/SelfExSR-master/data/Set14/image_SRF_4/img_010_SRF_4_LR.png,25.69774964383376,24.375828331957024,0.6763730659141758,0.6442896984785456
Set14,img_010,generalization_v3_best11500,/home/ubuntu/scratch/sr-diffusion/benchmark_outputs/stage2_bicubic_generalization_v3_best11500/Set14/img_010/base.png,/home/ubuntu/scratch/sr-diffusion/benchmarks/selfexsr/SelfExSR-master/data/Set14/image_SRF_4/img_010_SRF_4_HR.png,/home/ubuntu/scratch/sr-diffusion/benchmarks/selfexsr/SelfExSR-master/data/Set14/image_SRF_4/img_010_SRF_4_LR.png,27.324449038465666,25.998727739515942,0.7512441134843624,0.7238966875048994
Set14,img_010,trunk148m_best3500,/home/ubuntu/scratch/sr-diffusion/benchmark_outputs/stage2_bicubic_trunk148m_best3500/Set14/img_010/base.png,/home/ubuntu/scratch/sr-diffusion/benchmarks/selfexsr/SelfExSR-master/data/Set14/image_SRF_4/img_010_SRF_4_HR.png,/home/ubuntu/scratch/sr-diffusion/benchmarks/selfexsr/SelfExSR-master/data/Set14/image_SRF_4/img_010_SRF_4_LR.png,27.32419654107385,25.998945335385347,0.751555745944183,0.7237720187371625
Set14,img_011,bicubic,generated:matlab_bicubic_resize,/home/ubuntu/scratch/sr-diffusion/benchmarks/selfexsr/SelfExSR-master/data/Set14/image_SRF_4/img_011_SRF_4_HR.png,/home/ubuntu/scratch/sr-diffusion/benchmarks/selfexsr/SelfExSR-master/data/Set14/image_SRF_4/img_011_SRF_4_LR.png,27.460085440327433,26.159299860095608,0.8815876528993428,0.8645013607341226
Set14,img_011,generalization_v3_best11500,/home/ubuntu/scratch/sr-diffusion/benchmark_outputs/stage2_bicubic_generalization_v3_best11500/Set14/img_011/base.png,/home/ubuntu/scratch/sr-diffusion/benchmarks/selfexsr/SelfExSR-master/data/Set14/image_SRF_4/img_011_SRF_4_HR.png,/home/ubuntu/scratch/sr-diffusion/benchmarks/selfexsr/SelfExSR-master/data/Set14/image_SRF_4/img_011_SRF_4_LR.png,32.01610213346481,30.56223556679378,0.9385569703000399,0.9246777537275751
Set14,img_011,trunk148m_best3500,/home/ubuntu/scratch/sr-diffusion/benchmark_outputs/stage2_bicubic_trunk148m_best3500/Set14/img_011/base.png,/home/ubuntu/scratch/sr-diffusion/benchmarks/selfexsr/SelfExSR-master/data/Set14/image_SRF_4/img_011_SRF_4_HR.png,/home/ubuntu/scratch/sr-diffusion/benchmarks/selfexsr/SelfExSR-master/data/Set14/image_SRF_4/img_011_SRF_4_LR.png,32.09534184287445,30.64197830353162,0.9392230210061173,0.9254811092536749
Set14,img_012,bicubic,generated:matlab_bicubic_resize,/home/ubuntu/scratch/sr-diffusion/benchmarks/selfexsr/SelfExSR-master/data/Set14/image_SRF_4/img_012_SRF_4_HR.png,/home/ubuntu/scratch/sr-diffusion/benchmarks/selfexsr/SelfExSR-master/data/Set14/image_SRF_4/img_012_SRF_4_LR.png,30.594995925144815,28.586832638902877,0.8378823604823411,0.7514794473223185
Set14,img_012,generalization_v3_best11500,/home/ubuntu/scratch/sr-diffusion/benchmark_outputs/stage2_bicubic_generalization_v3_best11500/Set14/img_012/base.png,/home/ubuntu/scratch/sr-diffusion/benchmarks/selfexsr/SelfExSR-master/data/Set14/image_SRF_4/img_012_SRF_4_HR.png,/home/ubuntu/scratch/sr-diffusion/benchmarks/selfexsr/SelfExSR-master/data/Set14/image_SRF_4/img_012_SRF_4_LR.png,34.00091792027217,30.99739204705386,0.877709534853016,0.7888822294291279
Set14,img_012,trunk148m_best3500,/home/ubuntu/scratch/sr-diffusion/benchmark_outputs/stage2_bicubic_trunk148m_best3500/Set14/img_012/base.png,/home/ubuntu/scratch/sr-diffusion/benchmarks/selfexsr/SelfExSR-master/data/Set14/image_SRF_4/img_012_SRF_4_HR.png,/home/ubuntu/scratch/sr-diffusion/benchmarks/selfexsr/SelfExSR-master/data/Set14/image_SRF_4/img_012_SRF_4_LR.png,34.022001017904884,31.006594411087654,0.8781046071699617,0.7893218473800986
Set14,img_013,bicubic,generated:matlab_bicubic_resize,/home/ubuntu/scratch/sr-diffusion/benchmarks/selfexsr/SelfExSR-master/data/Set14/image_SRF_4/img_013_SRF_4_HR.png,/home/ubuntu/scratch/sr-diffusion/benchmarks/selfexsr/SelfExSR-master/data/Set14/image_SRF_4/img_013_SRF_4_LR.png,21.918751658583236,20.32663844151134,0.8191591789793446,0.7988054773002943
Set14,img_013,generalization_v3_best11500,/home/ubuntu/scratch/sr-diffusion/benchmark_outputs/stage2_bicubic_generalization_v3_best11500/Set14/img_013/base.png,/home/ubuntu/scratch/sr-diffusion/benchmarks/selfexsr/SelfExSR-master/data/Set14/image_SRF_4/img_013_SRF_4_HR.png,/home/ubuntu/scratch/sr-diffusion/benchmarks/selfexsr/SelfExSR-master/data/Set14/image_SRF_4/img_013_SRF_4_LR.png,26.585584837946868,24.89864562570276,0.9439334319297649,0.930703839200413
Set14,img_013,trunk148m_best3500,/home/ubuntu/scratch/sr-diffusion/benchmark_outputs/stage2_bicubic_trunk148m_best3500/Set14/img_013/base.png,/home/ubuntu/scratch/sr-diffusion/benchmarks/selfexsr/SelfExSR-master/data/Set14/image_SRF_4/img_013_SRF_4_HR.png,/home/ubuntu/scratch/sr-diffusion/benchmarks/selfexsr/SelfExSR-master/data/Set14/image_SRF_4/img_013_SRF_4_LR.png,26.592249459573445,24.910769241401223,0.9443153542010668,0.931362932802823
Set14,img_014,bicubic,generated:matlab_bicubic_resize,/home/ubuntu/scratch/sr-diffusion/benchmarks/selfexsr/SelfExSR-master/data/Set14/image_SRF_4/img_014_SRF_4_HR.png,/home/ubuntu/scratch/sr-diffusion/benchmarks/selfexsr/SelfExSR-master/data/Set14/image_SRF_4/img_014_SRF_4_LR.png,24.06409731888616,22.733617565885538,0.6850491717292527,0.6562341244114772
Set14,img_014,generalization_v3_best11500,/home/ubuntu/scratch/sr-diffusion/benchmark_outputs/stage2_bicubic_generalization_v3_best11500/Set14/img_014/base.png,/home/ubuntu/scratch/sr-diffusion/benchmarks/selfexsr/SelfExSR-master/data/Set14/image_SRF_4/img_014_SRF_4_HR.png,/home/ubuntu/scratch/sr-diffusion/benchmarks/selfexsr/SelfExSR-master/data/Set14/image_SRF_4/img_014_SRF_4_LR.png,27.34524788938076,25.94626817241249,0.7805965258612926,0.7617652667053192
Set14,img_014,trunk148m_best3500,/home/ubuntu/scratch/sr-diffusion/benchmark_outputs/stage2_bicubic_trunk148m_best3500/Set14/img_014/base.png,/home/ubuntu/scratch/sr-diffusion/benchmarks/selfexsr/SelfExSR-master/data/Set14/image_SRF_4/img_014_SRF_4_HR.png,/home/ubuntu/scratch/sr-diffusion/benchmarks/selfexsr/SelfExSR-master/data/Set14/image_SRF_4/img_014_SRF_4_LR.png,27.323320863023554,25.92609306041465,0.7816635680123019,0.7629075111810789
Urban100,img_001,bicubic,generated:matlab_bicubic_resize,/home/ubuntu/scratch/sr-diffusion/benchmarks/selfexsr/SelfExSR-master/data/Urban100/image_SRF_4/img_001_SRF_4_HR.png,/home/ubuntu/scratch/sr-diffusion/benchmarks/selfexsr/SelfExSR-master/data/Urban100/image_SRF_4/img_001_SRF_4_LR.png,25.110482954456664,23.69721977262563,0.6683022129799351,0.6327362860643113
Urban100,img_001,generalization_v3_best11500,/home/ubuntu/scratch/sr-diffusion/benchmark_outputs/stage2_bicubic_generalization_v3_best11500/Urban100/img_001/base.png,/home/ubuntu/scratch/sr-diffusion/benchmarks/selfexsr/SelfExSR-master/data/Urban100/image_SRF_4/img_001_SRF_4_HR.png,/home/ubuntu/scratch/sr-diffusion/benchmarks/selfexsr/SelfExSR-master/data/Urban100/image_SRF_4/img_001_SRF_4_LR.png,27.489013213722444,26.072637347044292,0.7665661301390818,0.7366023296329286
Urban100,img_001,trunk148m_best3500,/home/ubuntu/scratch/sr-diffusion/benchmark_outputs/stage2_bicubic_trunk148m_best3500/Urban100/img_001/base.png,/home/ubuntu/scratch/sr-diffusion/benchmarks/selfexsr/SelfExSR-master/data/Urban100/image_SRF_4/img_001_SRF_4_HR.png,/home/ubuntu/scratch/sr-diffusion/benchmarks/selfexsr/SelfExSR-master/data/Urban100/image_SRF_4/img_001_SRF_4_LR.png,27.486764092697484,26.070907339959277,0.7664218685153453,0.7357768065865175
Urban100,img_002,bicubic,generated:matlab_bicubic_resize,/home/ubuntu/scratch/sr-diffusion/benchmarks/selfexsr/SelfExSR-master/data/Urban100/image_SRF_4/img_002_SRF_4_HR.png,/home/ubuntu/scratch/sr-diffusion/benchmarks/selfexsr/SelfExSR-master/data/Urban100/image_SRF_4/img_002_SRF_4_LR.png,24.18377354976073,22.87118080890748,0.6785306447604319,0.6529762804661953
Urban100,img_002,generalization_v3_best11500,/home/ubuntu/scratch/sr-diffusion/benchmark_outputs/stage2_bicubic_generalization_v3_best11500/Urban100/img_002/base.png,/home/ubuntu/scratch/sr-diffusion/benchmarks/selfexsr/SelfExSR-master/data/Urban100/image_SRF_4/img_002_SRF_4_HR.png,/home/ubuntu/scratch/sr-diffusion/benchmarks/selfexsr/SelfExSR-master/data/Urban100/image_SRF_4/img_002_SRF_4_LR.png,26.294251818421124,24.912021071314964,0.80319197049674,0.7815248817756509
Urban100,img_002,trunk148m_best3500,/home/ubuntu/scratch/sr-diffusion/benchmark_outputs/stage2_bicubic_trunk148m_best3500/Urban100/img_002/base.png,/home/ubuntu/scratch/sr-diffusion/benchmarks/selfexsr/SelfExSR-master/data/Urban100/image_SRF_4/img_002_SRF_4_HR.png,/home/ubuntu/scratch/sr-diffusion/benchmarks/selfexsr/SelfExSR-master/data/Urban100/image_SRF_4/img_002_SRF_4_LR.png,26.306041809974083,24.9235565982743,0.8042844425567739,0.7827293450457747
Urban100,img_003,bicubic,generated:matlab_bicubic_resize,/home/ubuntu/scratch/sr-diffusion/benchmarks/selfexsr/SelfExSR-master/data/Urban100/image_SRF_4/img_003_SRF_4_HR.png,/home/ubuntu/scratch/sr-diffusion/benchmarks/selfexsr/SelfExSR-master/data/Urban100/image_SRF_4/img_003_SRF_4_LR.png,22.021559986783167,20.458597006646123,0.5512587250901113,0.512082699357618
Urban100,img_003,generalization_v3_best11500,/home/ubuntu/scratch/sr-diffusion/benchmark_outputs/stage2_bicubic_generalization_v3_best11500/Urban100/img_003/base.png,/home/ubuntu/scratch/sr-diffusion/benchmarks/selfexsr/SelfExSR-master/data/Urban100/image_SRF_4/img_003_SRF_4_HR.png,/home/ubuntu/scratch/sr-diffusion/benchmarks/selfexsr/SelfExSR-master/data/Urban100/image_SRF_4/img_003_SRF_4_LR.png,23.629702007657777,22.032613528775997,0.6754853922888202,0.6392041243288521
Urban100,img_003,trunk148m_best3500,/home/ubuntu/scratch/sr-diffusion/benchmark_outputs/stage2_bicubic_trunk148m_best3500/Urban100/img_003/base.png,/home/ubuntu/scratch/sr-diffusion/benchmarks/selfexsr/SelfExSR-master/data/Urban100/image_SRF_4/img_003_SRF_4_HR.png,/home/ubuntu/scratch/sr-diffusion/benchmarks/selfexsr/SelfExSR-master/data/Urban100/image_SRF_4/img_003_SRF_4_LR.png,23.636750338518308,22.039511990493477,0.6757533317825873,0.6394871249503232
Urban100,img_004,bicubic,generated:matlab_bicubic_resize,/home/ubuntu/scratch/sr-diffusion/benchmarks/selfexsr/SelfExSR-master/data/Urban100/image_SRF_4/img_004_SRF_4_HR.png,/home/ubuntu/scratch/sr-diffusion/benchmarks/selfexsr/SelfExSR-master/data/Urban100/image_SRF_4/img_004_SRF_4_LR.png,21.085270653159476,19.809291388948008,0.6794218742848984,0.6515208689708104
Urban100,img_004,generalization_v3_best11500,/home/ubuntu/scratch/sr-diffusion/benchmark_outputs/stage2_bicubic_generalization_v3_best11500/Urban100/img_004/base.png,/home/ubuntu/scratch/sr-diffusion/benchmarks/selfexsr/SelfExSR-master/data/Urban100/image_SRF_4/img_004_SRF_4_HR.png,/home/ubuntu/scratch/sr-diffusion/benchmarks/selfexsr/SelfExSR-master/data/Urban100/image_SRF_4/img_004_SRF_4_LR.png,22.848177491415807,21.542100098371563,0.814915831016905,0.7993178134642992
Urban100,img_004,trunk148m_best3500,/home/ubuntu/scratch/sr-diffusion/benchmark_outputs/stage2_bicubic_trunk148m_best3500/Urban100/img_004/base.png,/home/ubuntu/scratch/sr-diffusion/benchmarks/selfexsr/SelfExSR-master/data/Urban100/image_SRF_4/img_004_SRF_4_HR.png,/home/ubuntu/scratch/sr-diffusion/benchmarks/selfexsr/SelfExSR-master/data/Urban100/image_SRF_4/img_004_SRF_4_LR.png,22.86519437546186,21.557362420012694,0.8155834393039865,0.7997494184858587
Urban100,img_005,bicubic,generated:matlab_bicubic_resize,/home/ubuntu/scratch/sr-diffusion/benchmarks/selfexsr/SelfExSR-master/data/Urban100/image_SRF_4/img_005_SRF_4_HR.png,/home/ubuntu/scratch/sr-diffusion/benchmarks/selfexsr/SelfExSR-master/data/Urban100/image_SRF_4/img_005_SRF_4_LR.png,23.311374224937737,21.978461981947895,0.834758260244483,0.8124589627858788
Urban100,img_005,generalization_v3_best11500,/home/ubuntu/scratch/sr-diffusion/benchmark_outputs/stage2_bicubic_generalization_v3_best11500/Urban100/img_005/base.png,/home/ubuntu/scratch/sr-diffusion/benchmarks/selfexsr/SelfExSR-master/data/Urban100/image_SRF_4/img_005_SRF_4_HR.png,/home/ubuntu/scratch/sr-diffusion/benchmarks/selfexsr/SelfExSR-master/data/Urban100/image_SRF_4/img_005_SRF_4_LR.png,26.78201340312514,25.43083126670146,0.9377251245649818,0.9224776970623125
Urban100,img_005,trunk148m_best3500,/home/ubuntu/scratch/sr-diffusion/benchmark_outputs/stage2_bicubic_trunk148m_best3500/Urban100/img_005/base.png,/home/ubuntu/scratch/sr-diffusion/benchmarks/selfexsr/SelfExSR-master/data/Urban100/image_SRF_4/img_005_SRF_4_HR.png,/home/ubuntu/scratch/sr-diffusion/benchmarks/selfexsr/SelfExSR-master/data/Urban100/image_SRF_4/img_005_SRF_4_LR.png,26.814254244255274,25.462692663342384,0.9381734343555529,0.9231391277686699
Urban100,img_006,bicubic,generated:matlab_bicubic_resize,/home/ubuntu/scratch/sr-diffusion/benchmarks/selfexsr/SelfExSR-master/data/Urban100/image_SRF_4/img_006_SRF_4_HR.png,/home/ubuntu/scratch/sr-diffusion/benchmarks/selfexsr/SelfExSR-master/data/Urban100/image_SRF_4/img_006_SRF_4_LR.png,20.518094027848935,19.166741325675908,0.4899617850676942,0.4594142985163327
Urban100,img_006,generalization_v3_best11500,/home/ubuntu/scratch/sr-diffusion/benchmark_outputs/stage2_bicubic_generalization_v3_best11500/Urban100/img_006/base.png,/home/ubuntu/scratch/sr-diffusion/benchmarks/selfexsr/SelfExSR-master/data/Urban100/image_SRF_4/img_006_SRF_4_HR.png,/home/ubuntu/scratch/sr-diffusion/benchmarks/selfexsr/SelfExSR-master/data/Urban100/image_SRF_4/img_006_SRF_4_LR.png,22.21725690403862,20.86893548116784,0.6126064024745714,0.5859566380381375
Urban100,img_006,trunk148m_best3500,/home/ubuntu/scratch/sr-diffusion/benchmark_outputs/stage2_bicubic_trunk148m_best3500/Urban100/img_006/base.png,/home/ubuntu/scratch/sr-diffusion/benchmarks/selfexsr/SelfExSR-master/data/Urban100/image_SRF_4/img_006_SRF_4_HR.png,/home/ubuntu/scratch/sr-diffusion/benchmarks/selfexsr/SelfExSR-master/data/Urban100/image_SRF_4/img_006_SRF_4_LR.png,22.226513924167865,20.87849649691431,0.6135499380281895,0.5866924347805965
Urban100,img_007,bicubic,generated:matlab_bicubic_resize,/home/ubuntu/scratch/sr-diffusion/benchmarks/selfexsr/SelfExSR-master/data/Urban100/image_SRF_4/img_007_SRF_4_HR.png,/home/ubuntu/scratch/sr-diffusion/benchmarks/selfexsr/SelfExSR-master/data/Urban100/image_SRF_4/img_007_SRF_4_LR.png,26.1711519966253,24.716818522012044,0.7707393411138527,0.7449178324099822
Urban100,img_007,generalization_v3_best11500,/home/ubuntu/scratch/sr-diffusion/benchmark_outputs/stage2_bicubic_generalization_v3_best11500/Urban100/img_007/base.png,/home/ubuntu/scratch/sr-diffusion/benchmarks/selfexsr/SelfExSR-master/data/Urban100/image_SRF_4/img_007_SRF_4_HR.png,/home/ubuntu/scratch/sr-diffusion/benchmarks/selfexsr/SelfExSR-master/data/Urban100/image_SRF_4/img_007_SRF_4_LR.png,29.378559871838107,27.81613145224434,0.8596841260102387,0.8389341079799245
Urban100,img_007,trunk148m_best3500,/home/ubuntu/scratch/sr-diffusion/benchmark_outputs/stage2_bicubic_trunk148m_best3500/Urban100/img_007/base.png,/home/ubuntu/scratch/sr-diffusion/benchmarks/selfexsr/SelfExSR-master/data/Urban100/image_SRF_4/img_007_SRF_4_HR.png,/home/ubuntu/scratch/sr-diffusion/benchmarks/selfexsr/SelfExSR-master/data/Urban100/image_SRF_4/img_007_SRF_4_LR.png,29.399177749764203,27.838034561679738,0.8603163346293512,0.8397343220808279
Urban100,img_008,bicubic,generated:matlab_bicubic_resize,/home/ubuntu/scratch/sr-diffusion/benchmarks/selfexsr/SelfExSR-master/data/Urban100/image_SRF_4/img_008_SRF_4_HR.png,/home/ubuntu/scratch/sr-diffusion/benchmarks/selfexsr/SelfExSR-master/data/Urban100/image_SRF_4/img_008_SRF_4_LR.png,19.72837325759844,18.479764705190938,0.49172464689950457,0.47930188207983715
Urban100,img_008,generalization_v3_best11500,/home/ubuntu/scratch/sr-diffusion/benchmark_outputs/stage2_bicubic_generalization_v3_best11500/Urban100/img_008/base.png,/home/ubuntu/scratch/sr-diffusion/benchmarks/selfexsr/SelfExSR-master/data/Urban100/image_SRF_4/img_008_SRF_4_HR.png,/home/ubuntu/scratch/sr-diffusion/benchmarks/selfexsr/SelfExSR-master/data/Urban100/image_SRF_4/img_008_SRF_4_LR.png,21.088719848957773,19.854137791700982,0.6363674720252153,0.6269073848081149
Urban100,img_008,trunk148m_best3500,/home/ubuntu/scratch/sr-diffusion/benchmark_outputs/stage2_bicubic_trunk148m_best3500/Urban100/img_008/base.png,/home/ubuntu/scratch/sr-diffusion/benchmarks/selfexsr/SelfExSR-master/data/Urban100/image_SRF_4/img_008_SRF_4_HR.png,/home/ubuntu/scratch/sr-diffusion/benchmarks/selfexsr/SelfExSR-master/data/Urban100/image_SRF_4/img_008_SRF_4_LR.png,21.10131338224139,19.864873805996908,0.6376542312314359,0.6281626388090285
Urban100,img_009,bicubic,generated:matlab_bicubic_resize,/home/ubuntu/scratch/sr-diffusion/benchmarks/selfexsr/SelfExSR-master/data/Urban100/image_SRF_4/img_009_SRF_4_HR.png,/home/ubuntu/scratch/sr-diffusion/benchmarks/selfexsr/SelfExSR-master/data/Urban100/image_SRF_4/img_009_SRF_4_LR.png,30.886290260912315,29.316788091720575,0.8562595033270494,0.8347944565597789
Urban100,img_009,generalization_v3_best11500,/home/ubuntu/scratch/sr-diffusion/benchmark_outputs/stage2_bicubic_generalization_v3_best11500/Urban100/img_009/base.png,/home/ubuntu/scratch/sr-diffusion/benchmarks/selfexsr/SelfExSR-master/data/Urban100/image_SRF_4/img_009_SRF_4_HR.png,/home/ubuntu/scratch/sr-diffusion/benchmarks/selfexsr/SelfExSR-master/data/Urban100/image_SRF_4/img_009_SRF_4_LR.png,33.75638242949957,31.976109185933677,0.9251109660413868,0.9053283799121133
Urban100,img_009,trunk148m_best3500,/home/ubuntu/scratch/sr-diffusion/benchmark_outputs/stage2_bicubic_trunk148m_best3500/Urban100/img_009/base.png,/home/ubuntu/scratch/sr-diffusion/benchmarks/selfexsr/SelfExSR-master/data/Urban100/image_SRF_4/img_009_SRF_4_HR.png,/home/ubuntu/scratch/sr-diffusion/benchmarks/selfexsr/SelfExSR-master/data/Urban100/image_SRF_4/img_009_SRF_4_LR.png,33.70647776398391,31.935909243432796,0.9239091658469286,0.9043567353086038
Urban100,img_010,bicubic,generated:matlab_bicubic_resize,/home/ubuntu/scratch/sr-diffusion/benchmarks/selfexsr/SelfExSR-master/data/Urban100/image_SRF_4/img_010_SRF_4_HR.png,/home/ubuntu/scratch/sr-diffusion/benchmarks/selfexsr/SelfExSR-master/data/Urban100/image_SRF_4/img_010_SRF_4_LR.png,23.595973487219002,22.2239239383996,0.7884330666099826,0.7646972902911452
Urban100,img_010,generalization_v3_best11500,/home/ubuntu/scratch/sr-diffusion/benchmark_outputs/stage2_bicubic_generalization_v3_best11500/Urban100/img_010/base.png,/home/ubuntu/scratch/sr-diffusion/benchmarks/selfexsr/SelfExSR-master/data/Urban100/image_SRF_4/img_010_SRF_4_HR.png,/home/ubuntu/scratch/sr-diffusion/benchmarks/selfexsr/SelfExSR-master/data/Urban100/image_SRF_4/img_010_SRF_4_LR.png,26.664703183210317,25.270758901467715,0.8747856976802175,0.8534470092128125
Urban100,img_010,trunk148m_best3500,/home/ubuntu/scratch/sr-diffusion/benchmark_outputs/stage2_bicubic_trunk148m_best3500/Urban100/img_010/base.png,/home/ubuntu/scratch/sr-diffusion/benchmarks/selfexsr/SelfExSR-master/data/Urban100/image_SRF_4/img_010_SRF_4_HR.png,/home/ubuntu/scratch/sr-diffusion/benchmarks/selfexsr/SelfExSR-master/data/Urban100/image_SRF_4/img_010_SRF_4_LR.png,26.653998842785683,25.263433199120968,0.8748275650030033,0.8535816024841588
Urban100,img_011,bicubic,generated:matlab_bicubic_resize,/home/ubuntu/scratch/sr-diffusion/benchmarks/selfexsr/SelfExSR-master/data/Urban100/image_SRF_4/img_011_SRF_4_HR.png,/home/ubuntu/scratch/sr-diffusion/benchmarks/selfexsr/SelfExSR-master/data/Urban100/image_SRF_4/img_011_SRF_4_LR.png,16.031358558877024,14.709437247000285,0.6068667465305941,0.565020670379502
Urban100,img_011,generalization_v3_best11500,/home/ubuntu/scratch/sr-diffusion/benchmark_outputs/stage2_bicubic_generalization_v3_best11500/Urban100/img_011/base.png,/home/ubuntu/scratch/sr-diffusion/benchmarks/selfexsr/SelfExSR-master/data/Urban100/image_SRF_4/img_011_SRF_4_HR.png,/home/ubuntu/scratch/sr-diffusion/benchmarks/selfexsr/SelfExSR-master/data/Urban100/image_SRF_4/img_011_SRF_4_LR.png,17.824430353895156,16.499835591650807,0.7875422446579854,0.7434531528024108
Urban100,img_011,trunk148m_best3500,/home/ubuntu/scratch/sr-diffusion/benchmark_outputs/stage2_bicubic_trunk148m_best3500/Urban100/img_011/base.png,/home/ubuntu/scratch/sr-diffusion/benchmarks/selfexsr/SelfExSR-master/data/Urban100/image_SRF_4/img_011_SRF_4_HR.png,/home/ubuntu/scratch/sr-diffusion/benchmarks/selfexsr/SelfExSR-master/data/Urban100/image_SRF_4/img_011_SRF_4_LR.png,17.80780725844609,16.48297180210551,0.7865169006002722,0.7401155337922464
Urban100,img_012,bicubic,generated:matlab_bicubic_resize,/home/ubuntu/scratch/sr-diffusion/benchmarks/selfexsr/SelfExSR-master/data/Urban100/image_SRF_4/img_012_SRF_4_HR.png,/home/ubuntu/scratch/sr-diffusion/benchmarks/selfexsr/SelfExSR-master/data/Urban100/image_SRF_4/img_012_SRF_4_LR.png,22.536116494431294,20.666621513321285,0.6136292692255034,0.5890983187520201
Urban100,img_012,generalization_v3_best11500,/home/ubuntu/scratch/sr-diffusion/benchmark_outputs/stage2_bicubic_generalization_v3_best11500/Urban100/img_012/base.png,/home/ubuntu/scratch/sr-diffusion/benchmarks/selfexsr/SelfExSR-master/data/Urban100/image_SRF_4/img_012_SRF_4_HR.png,/home/ubuntu/scratch/sr-diffusion/benchmarks/selfexsr/SelfExSR-master/data/Urban100/image_SRF_4/img_012_SRF_4_LR.png,23.637248916638125,21.75615163463317,0.7170930619820011,0.6915444249179457
Urban100,img_012,trunk148m_best3500,/home/ubuntu/scratch/sr-diffusion/benchmark_outputs/stage2_bicubic_trunk148m_best3500/Urban100/img_012/base.png,/home/ubuntu/scratch/sr-diffusion/benchmarks/selfexsr/SelfExSR-master/data/Urban100/image_SRF_4/img_012_SRF_4_HR.png,/home/ubuntu/scratch/sr-diffusion/benchmarks/selfexsr/SelfExSR-master/data/Urban100/image_SRF_4/img_012_SRF_4_LR.png,23.625947162676667,21.748308544393655,0.7176837425169619,0.6922276804954072
Urban100,img_013,bicubic,generated:matlab_bicubic_resize,/home/ubuntu/scratch/sr-diffusion/benchmarks/selfexsr/SelfExSR-master/data/Urban100/image_SRF_4/img_013_SRF_4_HR.png,/home/ubuntu/scratch/sr-diffusion/benchmarks/selfexsr/SelfExSR-master/data/Urban100/image_SRF_4/img_013_SRF_4_LR.png,26.44583405951056,25.244462678198474,0.7254128631762082,0.6781621029284265
Urban100,img_013,generalization_v3_best11500,/home/ubuntu/scratch/sr-diffusion/benchmark_outputs/stage2_bicubic_generalization_v3_best11500/Urban100/img_013/base.png,/home/ubuntu/scratch/sr-diffusion/benchmarks/selfexsr/SelfExSR-master/data/Urban100/image_SRF_4/img_013_SRF_4_HR.png,/home/ubuntu/scratch/sr-diffusion/benchmarks/selfexsr/SelfExSR-master/data/Urban100/image_SRF_4/img_013_SRF_4_LR.png,29.159529083751217,27.815687189689257,0.8281550451000693,0.782875040929751
Urban100,img_013,trunk148m_best3500,/home/ubuntu/scratch/sr-diffusion/benchmark_outputs/stage2_bicubic_trunk148m_best3500/Urban100/img_013/base.png,/home/ubuntu/scratch/sr-diffusion/benchmarks/selfexsr/SelfExSR-master/data/Urban100/image_SRF_4/img_013_SRF_4_HR.png,/home/ubuntu/scratch/sr-diffusion/benchmarks/selfexsr/SelfExSR-master/data/Urban100/image_SRF_4/img_013_SRF_4_LR.png,29.168747017223943,27.82126287639343,0.8291637224797862,0.7841049511510079
Urban100,img_014,bicubic,generated:matlab_bicubic_resize,/home/ubuntu/scratch/sr-diffusion/benchmarks/selfexsr/SelfExSR-master/data/Urban100/image_SRF_4/img_014_SRF_4_HR.png,/home/ubuntu/scratch/sr-diffusion/benchmarks/selfexsr/SelfExSR-master/data/Urban100/image_SRF_4/img_014_SRF_4_LR.png,21.339486599437528,20.048655752752946,0.5807748130564734,0.5588578874082599
Urban100,img_014,generalization_v3_best11500,/home/ubuntu/scratch/sr-diffusion/benchmark_outputs/stage2_bicubic_generalization_v3_best11500/Urban100/img_014/base.png,/home/ubuntu/scratch/sr-diffusion/benchmarks/selfexsr/SelfExSR-master/data/Urban100/image_SRF_4/img_014_SRF_4_HR.png,/home/ubuntu/scratch/sr-diffusion/benchmarks/selfexsr/SelfExSR-master/data/Urban100/image_SRF_4/img_014_SRF_4_LR.png,22.301154535093573,21.00766076649872,0.6828542030093956,0.664503037856588
Urban100,img_014,trunk148m_best3500,/home/ubuntu/scratch/sr-diffusion/benchmark_outputs/stage2_bicubic_trunk148m_best3500/Urban100/img_014/base.png,/home/ubuntu/scratch/sr-diffusion/benchmarks/selfexsr/SelfExSR-master/data/Urban100/image_SRF_4/img_014_SRF_4_HR.png,/home/ubuntu/scratch/sr-diffusion/benchmarks/selfexsr/SelfExSR-master/data/Urban100/image_SRF_4/img_014_SRF_4_LR.png,22.30863498959173,21.014989107698923,0.6838580685204264,0.6655711288054271
Urban100,img_015,bicubic,generated:matlab_bicubic_resize,/home/ubuntu/scratch/sr-diffusion/benchmarks/selfexsr/SelfExSR-master/data/Urban100/image_SRF_4/img_015_SRF_4_HR.png,/home/ubuntu/scratch/sr-diffusion/benchmarks/selfexsr/SelfExSR-master/data/Urban100/image_SRF_4/img_015_SRF_4_LR.png,23.002766171959212,21.7063326522903,0.60500655424017,0.558017262981414
Urban100,img_015,generalization_v3_best11500,/home/ubuntu/scratch/sr-diffusion/benchmark_outputs/stage2_bicubic_generalization_v3_best11500/Urban100/img_015/base.png,/home/ubuntu/scratch/sr-diffusion/benchmarks/selfexsr/SelfExSR-master/data/Urban100/image_SRF_4/img_015_SRF_4_HR.png,/home/ubuntu/scratch/sr-diffusion/benchmarks/selfexsr/SelfExSR-master/data/Urban100/image_SRF_4/img_015_SRF_4_LR.png,25.78068881055455,24.360662403948826,0.7271229877006361,0.6820241663707552
Urban100,img_015,trunk148m_best3500,/home/ubuntu/scratch/sr-diffusion/benchmark_outputs/stage2_bicubic_trunk148m_best3500/Urban100/img_015/base.png,/home/ubuntu/scratch/sr-diffusion/benchmarks/selfexsr/SelfExSR-master/data/Urban100/image_SRF_4/img_015_SRF_4_HR.png,/home/ubuntu/scratch/sr-diffusion/benchmarks/selfexsr/SelfExSR-master/data/Urban100/image_SRF_4/img_015_SRF_4_LR.png,25.766674341340657,24.348240605444282,0.7271425469284633,0.6821306905703031
Urban100,img_016,bicubic,generated:matlab_bicubic_resize,/home/ubuntu/scratch/sr-diffusion/benchmarks/selfexsr/SelfExSR-master/data/Urban100/image_SRF_4/img_016_SRF_4_HR.png,/home/ubuntu/scratch/sr-diffusion/benchmarks/selfexsr/SelfExSR-master/data/Urban100/image_SRF_4/img_016_SRF_4_LR.png,25.472137160590236,24.113360268811668,0.8257433416558179,0.8071895969020878
Urban100,img_016,generalization_v3_best11500,/home/ubuntu/scratch/sr-diffusion/benchmark_outputs/stage2_bicubic_generalization_v3_best11500/Urban100/img_016/base.png,/home/ubuntu/scratch/sr-diffusion/benchmarks/selfexsr/SelfExSR-master/data/Urban100/image_SRF_4/img_016_SRF_4_HR.png,/home/ubuntu/scratch/sr-diffusion/benchmarks/selfexsr/SelfExSR-master/data/Urban100/image_SRF_4/img_016_SRF_4_LR.png,29.536804903319936,28.11532625085333,0.9055022844710258,0.8917514879347914
Urban100,img_016,trunk148m_best3500,/home/ubuntu/scratch/sr-diffusion/benchmark_outputs/stage2_bicubic_trunk148m_best3500/Urban100/img_016/base.png,/home/ubuntu/scratch/sr-diffusion/benchmarks/selfexsr/SelfExSR-master/data/Urban100/image_SRF_4/img_016_SRF_4_HR.png,/home/ubuntu/scratch/sr-diffusion/benchmarks/selfexsr/SelfExSR-master/data/Urban100/image_SRF_4/img_016_SRF_4_LR.png,29.55570163324799,28.132106392440388,0.9056327976804845,0.8919237061200417
Urban100,img_017,bicubic,generated:matlab_bicubic_resize,/home/ubuntu/scratch/sr-diffusion/benchmarks/selfexsr/SelfExSR-master/data/Urban100/image_SRF_4/img_017_SRF_4_HR.png,/home/ubuntu/scratch/sr-diffusion/benchmarks/selfexsr/SelfExSR-master/data/Urban100/image_SRF_4/img_017_SRF_4_LR.png,23.449101860001576,22.02103895989201,0.7141190695411981,0.6971294491763044
Urban100,img_017,generalization_v3_best11500,/home/ubuntu/scratch/sr-diffusion/benchmark_outputs/stage2_bicubic_generalization_v3_best11500/Urban100/img_017/base.png,/home/ubuntu/scratch/sr-diffusion/benchmarks/selfexsr/SelfExSR-master/data/Urban100/image_SRF_4/img_017_SRF_4_HR.png,/home/ubuntu/scratch/sr-diffusion/benchmarks/selfexsr/SelfExSR-master/data/Urban100/image_SRF_4/img_017_SRF_4_LR.png,25.38490656847818,23.906068361302346,0.8163201292783794,0.8007796774468012
Urban100,img_017,trunk148m_best3500,/home/ubuntu/scratch/sr-diffusion/benchmark_outputs/stage2_bicubic_trunk148m_best3500/Urban100/img_017/base.png,/home/ubuntu/scratch/sr-diffusion/benchmarks/selfexsr/SelfExSR-master/data/Urban100/image_SRF_4/img_017_SRF_4_HR.png,/home/ubuntu/scratch/sr-diffusion/benchmarks/selfexsr/SelfExSR-master/data/Urban100/image_SRF_4/img_017_SRF_4_LR.png,25.385554983222246,23.906423868104127,0.8163339892034464,0.8008561334130234
Urban100,img_018,bicubic,generated:matlab_bicubic_resize,/home/ubuntu/scratch/sr-diffusion/benchmarks/selfexsr/SelfExSR-master/data/Urban100/image_SRF_4/img_018_SRF_4_HR.png,/home/ubuntu/scratch/sr-diffusion/benchmarks/selfexsr/SelfExSR-master/data/Urban100/image_SRF_4/img_018_SRF_4_LR.png,24.851534571243633,23.097980869944436,0.6183057502946545,0.5794852449779938
Urban100,img_018,generalization_v3_best11500,/home/ubuntu/scratch/sr-diffusion/benchmark_outputs/stage2_bicubic_generalization_v3_best11500/Urban100/img_018/base.png,/home/ubuntu/scratch/sr-diffusion/benchmarks/selfexsr/SelfExSR-master/data/Urban100/image_SRF_4/img_018_SRF_4_HR.png,/home/ubuntu/scratch/sr-diffusion/benchmarks/selfexsr/SelfExSR-master/data/Urban100/image_SRF_4/img_018_SRF_4_LR.png,26.28348724515274,24.487213076268937,0.7119007435529455,0.672826476170088
Urban100,img_018,trunk148m_best3500,/home/ubuntu/scratch/sr-diffusion/benchmark_outputs/stage2_bicubic_trunk148m_best3500/Urban100/img_018/base.png,/home/ubuntu/scratch/sr-diffusion/benchmarks/selfexsr/SelfExSR-master/data/Urban100/image_SRF_4/img_018_SRF_4_HR.png,/home/ubuntu/scratch/sr-diffusion/benchmarks/selfexsr/SelfExSR-master/data/Urban100/image_SRF_4/img_018_SRF_4_LR.png,26.26773125019541,24.473828186630282,0.712128444614549,0.6729694317739101
Urban100,img_019,bicubic,generated:matlab_bicubic_resize,/home/ubuntu/scratch/sr-diffusion/benchmarks/selfexsr/SelfExSR-master/data/Urban100/image_SRF_4/img_019_SRF_4_HR.png,/home/ubuntu/scratch/sr-diffusion/benchmarks/selfexsr/SelfExSR-master/data/Urban100/image_SRF_4/img_019_SRF_4_LR.png,19.04144760906948,17.699774648424395,0.6518664380843459,0.6018977901345693
Urban100,img_019,generalization_v3_best11500,/home/ubuntu/scratch/sr-diffusion/benchmark_outputs/stage2_bicubic_generalization_v3_best11500/Urban100/img_019/base.png,/home/ubuntu/scratch/sr-diffusion/benchmarks/selfexsr/SelfExSR-master/data/Urban100/image_SRF_4/img_019_SRF_4_HR.png,/home/ubuntu/scratch/sr-diffusion/benchmarks/selfexsr/SelfExSR-master/data/Urban100/image_SRF_4/img_019_SRF_4_LR.png,21.072578937714574,19.64037535219851,0.787444063776252,0.7355643826881817
Urban100,img_019,trunk148m_best3500,/home/ubuntu/scratch/sr-diffusion/benchmark_outputs/stage2_bicubic_trunk148m_best3500/Urban100/img_019/base.png,/home/ubuntu/scratch/sr-diffusion/benchmarks/selfexsr/SelfExSR-master/data/Urban100/image_SRF_4/img_019_SRF_4_HR.png,/home/ubuntu/scratch/sr-diffusion/benchmarks/selfexsr/SelfExSR-master/data/Urban100/image_SRF_4/img_019_SRF_4_LR.png,21.045145160802292,19.61328561764193,0.7875980267929006,0.735156367696748
Urban100,img_020,bicubic,generated:matlab_bicubic_resize,/home/ubuntu/scratch/sr-diffusion/benchmarks/selfexsr/SelfExSR-master/data/Urban100/image_SRF_4/img_020_SRF_4_HR.png,/home/ubuntu/scratch/sr-diffusion/benchmarks/selfexsr/SelfExSR-master/data/Urban100/image_SRF_4/img_020_SRF_4_LR.png,20.47143042494578,19.09909649288525,0.5949958970158172,0.5767426496533842
Urban100,img_020,generalization_v3_best11500,/home/ubuntu/scratch/sr-diffusion/benchmark_outputs/stage2_bicubic_generalization_v3_best11500/Urban100/img_020/base.png,/home/ubuntu/scratch/sr-diffusion/benchmarks/selfexsr/SelfExSR-master/data/Urban100/image_SRF_4/img_020_SRF_4_HR.png,/home/ubuntu/scratch/sr-diffusion/benchmarks/selfexsr/SelfExSR-master/data/Urban100/image_SRF_4/img_020_SRF_4_LR.png,21.856829505343978,20.486185925469425,0.711282165578154,0.6951749683062936
Urban100,img_020,trunk148m_best3500,/home/ubuntu/scratch/sr-diffusion/benchmark_outputs/stage2_bicubic_trunk148m_best3500/Urban100/img_020/base.png,/home/ubuntu/scratch/sr-diffusion/benchmarks/selfexsr/SelfExSR-master/data/Urban100/image_SRF_4/img_020_SRF_4_HR.png,/home/ubuntu/scratch/sr-diffusion/benchmarks/selfexsr/SelfExSR-master/data/Urban100/image_SRF_4/img_020_SRF_4_LR.png,21.857780507268586,20.48697732927196,0.7116331252252842,0.6955477527184885
Urban100,img_021,bicubic,generated:matlab_bicubic_resize,/home/ubuntu/scratch/sr-diffusion/benchmarks/selfexsr/SelfExSR-master/data/Urban100/image_SRF_4/img_021_SRF_4_HR.png,/home/ubuntu/scratch/sr-diffusion/benchmarks/selfexsr/SelfExSR-master/data/Urban100/image_SRF_4/img_021_SRF_4_LR.png,27.735499361159384,26.336831057074292,0.7207112520844714,0.6863556240964371
Urban100,img_021,generalization_v3_best11500,/home/ubuntu/scratch/sr-diffusion/benchmark_outputs/stage2_bicubic_generalization_v3_best11500/Urban100/img_021/base.png,/home/ubuntu/scratch/sr-diffusion/benchmarks/selfexsr/SelfExSR-master/data/Urban100/image_SRF_4/img_021_SRF_4_HR.png,/home/ubuntu/scratch/sr-diffusion/benchmarks/selfexsr/SelfExSR-master/data/Urban100/image_SRF_4/img_021_SRF_4_LR.png,29.501863564973938,28.111325856087063,0.7845284189498664,0.7573556460207597
Urban100,img_021,trunk148m_best3500,/home/ubuntu/scratch/sr-diffusion/benchmark_outputs/stage2_bicubic_trunk148m_best3500/Urban100/img_021/base.png,/home/ubuntu/scratch/sr-diffusion/benchmarks/selfexsr/SelfExSR-master/data/Urban100/image_SRF_4/img_021_SRF_4_HR.png,/home/ubuntu/scratch/sr-diffusion/benchmarks/selfexsr/SelfExSR-master/data/Urban100/image_SRF_4/img_021_SRF_4_LR.png,29.488036110621554,28.097592635847715,0.784800272209249,0.7577634659939144
Urban100,img_022,bicubic,generated:matlab_bicubic_resize,/home/ubuntu/scratch/sr-diffusion/benchmarks/selfexsr/SelfExSR-master/data/Urban100/image_SRF_4/img_022_SRF_4_HR.png,/home/ubuntu/scratch/sr-diffusion/benchmarks/selfexsr/SelfExSR-master/data/Urban100/image_SRF_4/img_022_SRF_4_LR.png,25.082862403988138,23.75551337537223,0.6928358011919832,0.6706292351691059
Urban100,img_022,generalization_v3_best11500,/home/ubuntu/scratch/sr-diffusion/benchmark_outputs/stage2_bicubic_generalization_v3_best11500/Urban100/img_022/base.png,/home/ubuntu/scratch/sr-diffusion/benchmarks/selfexsr/SelfExSR-master/data/Urban100/image_SRF_4/img_022_SRF_4_HR.png,/home/ubuntu/scratch/sr-diffusion/benchmarks/selfexsr/SelfExSR-master/data/Urban100/image_SRF_4/img_022_SRF_4_LR.png,25.935370375677273,24.599587081297607,0.7520446045567588,0.7310739631611675
Urban100,img_022,trunk148m_best3500,/home/ubuntu/scratch/sr-diffusion/benchmark_outputs/stage2_bicubic_trunk148m_best3500/Urban100/img_022/base.png,/home/ubuntu/scratch/sr-diffusion/benchmarks/selfexsr/SelfExSR-master/data/Urban100/image_SRF_4/img_022_SRF_4_HR.png,/home/ubuntu/scratch/sr-diffusion/benchmarks/selfexsr/SelfExSR-master/data/Urban100/image_SRF_4/img_022_SRF_4_LR.png,25.940529683621744,24.60435655005363,0.7523534673021557,0.7314547267687028
Urban100,img_023,bicubic,generated:matlab_bicubic_resize,/home/ubuntu/scratch/sr-diffusion/benchmarks/selfexsr/SelfExSR-master/data/Urban100/image_SRF_4/img_023_SRF_4_HR.png,/home/ubuntu/scratch/sr-diffusion/benchmarks/selfexsr/SelfExSR-master/data/Urban100/image_SRF_4/img_023_SRF_4_LR.png,26.437912811680576,24.787371565806126,0.8046619030325985,0.7828074913802666
Urban100,img_023,generalization_v3_best11500,/home/ubuntu/scratch/sr-diffusion/benchmark_outputs/stage2_bicubic_generalization_v3_best11500/Urban100/img_023/base.png,/home/ubuntu/scratch/sr-diffusion/benchmarks/selfexsr/SelfExSR-master/data/Urban100/image_SRF_4/img_023_SRF_4_HR.png,/home/ubuntu/scratch/sr-diffusion/benchmarks/selfexsr/SelfExSR-master/data/Urban100/image_SRF_4/img_023_SRF_4_LR.png,29.64229829124646,27.85982919403596,0.8995567369934467,0.8796239068220051
Urban100,img_023,trunk148m_best3500,/home/ubuntu/scratch/sr-diffusion/benchmark_outputs/stage2_bicubic_trunk148m_best3500/Urban100/img_023/base.png,/home/ubuntu/scratch/sr-diffusion/benchmarks/selfexsr/SelfExSR-master/data/Urban100/image_SRF_4/img_023_SRF_4_HR.png,/home/ubuntu/scratch/sr-diffusion/benchmarks/selfexsr/SelfExSR-master/data/Urban100/image_SRF_4/img_023_SRF_4_LR.png,29.64464131011885,27.847343973918306,0.9007737319966749,0.8808303536990758
Urban100,img_024,bicubic,generated:matlab_bicubic_resize,/home/ubuntu/scratch/sr-diffusion/benchmarks/selfexsr/SelfExSR-master/data/Urban100/image_SRF_4/img_024_SRF_4_HR.png,/home/ubuntu/scratch/sr-diffusion/benchmarks/selfexsr/SelfExSR-master/data/Urban100/image_SRF_4/img_024_SRF_4_LR.png,18.140174179153,16.82093152536217,0.45926104901959813,0.4420837595672789
Urban100,img_024,generalization_v3_best11500,/home/ubuntu/scratch/sr-diffusion/benchmark_outputs/stage2_bicubic_generalization_v3_best11500/Urban100/img_024/base.png,/home/ubuntu/scratch/sr-diffusion/benchmarks/selfexsr/SelfExSR-master/data/Urban100/image_SRF_4/img_024_SRF_4_HR.png,/home/ubuntu/scratch/sr-diffusion/benchmarks/selfexsr/SelfExSR-master/data/Urban100/image_SRF_4/img_024_SRF_4_LR.png,19.541881806068982,18.189605862828344,0.607428742865751,0.5917727949440367
Urban100,img_024,trunk148m_best3500,/home/ubuntu/scratch/sr-diffusion/benchmark_outputs/stage2_bicubic_trunk148m_best3500/Urban100/img_024/base.png,/home/ubuntu/scratch/sr-diffusion/benchmarks/selfexsr/SelfExSR-master/data/Urban100/image_SRF_4/img_024_SRF_4_HR.png,/home/ubuntu/scratch/sr-diffusion/benchmarks/selfexsr/SelfExSR-master/data/Urban100/image_SRF_4/img_024_SRF_4_LR.png,19.634091497180503,18.277956121333048,0.6112289987534829,0.5958560488877384
Urban100,img_025,bicubic,generated:matlab_bicubic_resize,/home/ubuntu/scratch/sr-diffusion/benchmarks/selfexsr/SelfExSR-master/data/Urban100/image_SRF_4/img_025_SRF_4_HR.png,/home/ubuntu/scratch/sr-diffusion/benchmarks/selfexsr/SelfExSR-master/data/Urban100/image_SRF_4/img_025_SRF_4_LR.png,26.168014348225917,24.845806912334307,0.8009403041606461,0.7701841103828319
Urban100,img_025,generalization_v3_best11500,/home/ubuntu/scratch/sr-diffusion/benchmark_outputs/stage2_bicubic_generalization_v3_best11500/Urban100/img_025/base.png,/home/ubuntu/scratch/sr-diffusion/benchmarks/selfexsr/SelfExSR-master/data/Urban100/image_SRF_4/img_025_SRF_4_HR.png,/home/ubuntu/scratch/sr-diffusion/benchmarks/selfexsr/SelfExSR-master/data/Urban100/image_SRF_4/img_025_SRF_4_LR.png,31.485805894140185,30.024571893543026,0.8954096108381531,0.8704794551627275
Urban100,img_025,trunk148m_best3500,/home/ubuntu/scratch/sr-diffusion/benchmark_outputs/stage2_bicubic_trunk148m_best3500/Urban100/img_025/base.png,/home/ubuntu/scratch/sr-diffusion/benchmarks/selfexsr/SelfExSR-master/data/Urban100/image_SRF_4/img_025_SRF_4_HR.png,/home/ubuntu/scratch/sr-diffusion/benchmarks/selfexsr/SelfExSR-master/data/Urban100/image_SRF_4/img_025_SRF_4_LR.png,31.48073355263287,30.018855322697505,0.8953151240255888,0.8704224372008623
Urban100,img_026,bicubic,generated:matlab_bicubic_resize,/home/ubuntu/scratch/sr-diffusion/benchmarks/selfexsr/SelfExSR-master/data/Urban100/image_SRF_4/img_026_SRF_4_HR.png,/home/ubuntu/scratch/sr-diffusion/benchmarks/selfexsr/SelfExSR-master/data/Urban100/image_SRF_4/img_026_SRF_4_LR.png,25.468174238299003,24.082437383122645,0.6153236323313762,0.5583346002499285
Urban100,img_026,generalization_v3_best11500,/home/ubuntu/scratch/sr-diffusion/benchmark_outputs/stage2_bicubic_generalization_v3_best11500/Urban100/img_026/base.png,/home/ubuntu/scratch/sr-diffusion/benchmarks/selfexsr/SelfExSR-master/data/Urban100/image_SRF_4/img_026_SRF_4_HR.png,/home/ubuntu/scratch/sr-diffusion/benchmarks/selfexsr/SelfExSR-master/data/Urban100/image_SRF_4/img_026_SRF_4_LR.png,27.665924282652682,26.21677833410225,0.6993191549181663,0.6464201451368312
Urban100,img_026,trunk148m_best3500,/home/ubuntu/scratch/sr-diffusion/benchmark_outputs/stage2_bicubic_trunk148m_best3500/Urban100/img_026/base.png,/home/ubuntu/scratch/sr-diffusion/benchmarks/selfexsr/SelfExSR-master/data/Urban100/image_SRF_4/img_026_SRF_4_HR.png,/home/ubuntu/scratch/sr-diffusion/benchmarks/selfexsr/SelfExSR-master/data/Urban100/image_SRF_4/img_026_SRF_4_LR.png,27.62940369062097,26.18219896912892,0.6996106569871944,0.6468588566920587
Urban100,img_027,bicubic,generated:matlab_bicubic_resize,/home/ubuntu/scratch/sr-diffusion/benchmarks/selfexsr/SelfExSR-master/data/Urban100/image_SRF_4/img_027_SRF_4_HR.png,/home/ubuntu/scratch/sr-diffusion/benchmarks/selfexsr/SelfExSR-master/data/Urban100/image_SRF_4/img_027_SRF_4_LR.png,26.571111713129145,25.350413226721493,0.722375305655982,0.697351647449011
Urban100,img_027,generalization_v3_best11500,/home/ubuntu/scratch/sr-diffusion/benchmark_outputs/stage2_bicubic_generalization_v3_best11500/Urban100/img_027/base.png,/home/ubuntu/scratch/sr-diffusion/benchmarks/selfexsr/SelfExSR-master/data/Urban100/image_SRF_4/img_027_SRF_4_HR.png,/home/ubuntu/scratch/sr-diffusion/benchmarks/selfexsr/SelfExSR-master/data/Urban100/image_SRF_4/img_027_SRF_4_LR.png,28.142028020655523,26.915697374055977,0.792781026252174,0.7716226829898408
Urban100,img_027,trunk148m_best3500,/home/ubuntu/scratch/sr-diffusion/benchmark_outputs/stage2_bicubic_trunk148m_best3500/Urban100/img_027/base.png,/home/ubuntu/scratch/sr-diffusion/benchmarks/selfexsr/SelfExSR-master/data/Urban100/image_SRF_4/img_027_SRF_4_HR.png,/home/ubuntu/scratch/sr-diffusion/benchmarks/selfexsr/SelfExSR-master/data/Urban100/image_SRF_4/img_027_SRF_4_LR.png,28.172851640636544,26.946637872858222,0.7940178708727296,0.772922904415141
Urban100,img_028,bicubic,generated:matlab_bicubic_resize,/home/ubuntu/scratch/sr-diffusion/benchmarks/selfexsr/SelfExSR-master/data/Urban100/image_SRF_4/img_028_SRF_4_HR.png,/home/ubuntu/scratch/sr-diffusion/benchmarks/selfexsr/SelfExSR-master/data/Urban100/image_SRF_4/img_028_SRF_4_LR.png,28.47685602262951,27.154934710752773,0.8123672591345243,0.79059496267949
Urban100,img_028,generalization_v3_best11500,/home/ubuntu/scratch/sr-diffusion/benchmark_outputs/stage2_bicubic_generalization_v3_best11500/Urban100/img_028/base.png,/home/ubuntu/scratch/sr-diffusion/benchmarks/selfexsr/SelfExSR-master/data/Urban100/image_SRF_4/img_028_SRF_4_HR.png,/home/ubuntu/scratch/sr-diffusion/benchmarks/selfexsr/SelfExSR-master/data/Urban100/image_SRF_4/img_028_SRF_4_LR.png,31.167809161990206,29.83791433626223,0.8731048792932968,0.8554320763252506
Urban100,img_028,trunk148m_best3500,/home/ubuntu/scratch/sr-diffusion/benchmark_outputs/stage2_bicubic_trunk148m_best3500/Urban100/img_028/base.png,/home/ubuntu/scratch/sr-diffusion/benchmarks/selfexsr/SelfExSR-master/data/Urban100/image_SRF_4/img_028_SRF_4_HR.png,/home/ubuntu/scratch/sr-diffusion/benchmarks/selfexsr/SelfExSR-master/data/Urban100/image_SRF_4/img_028_SRF_4_LR.png,31.18485578059582,29.855301233205928,0.873604364098354,0.855940486465283
Urban100,img_029,bicubic,generated:matlab_bicubic_resize,/home/ubuntu/scratch/sr-diffusion/benchmarks/selfexsr/SelfExSR-master/data/Urban100/image_SRF_4/img_029_SRF_4_HR.png,/home/ubuntu/scratch/sr-diffusion/benchmarks/selfexsr/SelfExSR-master/data/Urban100/image_SRF_4/img_029_SRF_4_LR.png,22.79958062053137,21.490713410403337,0.7110182465975007,0.682164906893559
Urban100,img_029,generalization_v3_best11500,/home/ubuntu/scratch/sr-diffusion/benchmark_outputs/stage2_bicubic_generalization_v3_best11500/Urban100/img_029/base.png,/home/ubuntu/scratch/sr-diffusion/benchmarks/selfexsr/SelfExSR-master/data/Urban100/image_SRF_4/img_029_SRF_4_HR.png,/home/ubuntu/scratch/sr-diffusion/benchmarks/selfexsr/SelfExSR-master/data/Urban100/image_SRF_4/img_029_SRF_4_LR.png,26.589135231569614,25.212599238241978,0.854110822306014,0.8317852835885708
Urban100,img_029,trunk148m_best3500,/home/ubuntu/scratch/sr-diffusion/benchmark_outputs/stage2_bicubic_trunk148m_best3500/Urban100/img_029/base.png,/home/ubuntu/scratch/sr-diffusion/benchmarks/selfexsr/SelfExSR-master/data/Urban100/image_SRF_4/img_029_SRF_4_HR.png,/home/ubuntu/scratch/sr-diffusion/benchmarks/selfexsr/SelfExSR-master/data/Urban100/image_SRF_4/img_029_SRF_4_LR.png,26.5778990107078,25.201080660959413,0.8540477095132695,0.8316493645855177
Urban100,img_030,bicubic,generated:matlab_bicubic_resize,/home/ubuntu/scratch/sr-diffusion/benchmarks/selfexsr/SelfExSR-master/data/Urban100/image_SRF_4/img_030_SRF_4_HR.png,/home/ubuntu/scratch/sr-diffusion/benchmarks/selfexsr/SelfExSR-master/data/Urban100/image_SRF_4/img_030_SRF_4_LR.png,21.64530328657936,19.984138515071017,0.6249268923872517,0.5920848201870732
Urban100,img_030,generalization_v3_best11500,/home/ubuntu/scratch/sr-diffusion/benchmark_outputs/stage2_bicubic_generalization_v3_best11500/Urban100/img_030/base.png,/home/ubuntu/scratch/sr-diffusion/benchmarks/selfexsr/SelfExSR-master/data/Urban100/image_SRF_4/img_030_SRF_4_HR.png,/home/ubuntu/scratch/sr-diffusion/benchmarks/selfexsr/SelfExSR-master/data/Urban100/image_SRF_4/img_030_SRF_4_LR.png,24.06370463909824,22.270717818416323,0.7875541664013699,0.7613828411713762
Urban100,img_030,trunk148m_best3500,/home/ubuntu/scratch/sr-diffusion/benchmark_outputs/stage2_bicubic_trunk148m_best3500/Urban100/img_030/base.png,/home/ubuntu/scratch/sr-diffusion/benchmarks/selfexsr/SelfExSR-master/data/Urban100/image_SRF_4/img_030_SRF_4_HR.png,/home/ubuntu/scratch/sr-diffusion/benchmarks/selfexsr/SelfExSR-master/data/Urban100/image_SRF_4/img_030_SRF_4_LR.png,24.087336674253365,22.291865100879882,0.7887567690546863,0.7627586347345634
Urban100,img_031,bicubic,generated:matlab_bicubic_resize,/home/ubuntu/scratch/sr-diffusion/benchmarks/selfexsr/SelfExSR-master/data/Urban100/image_SRF_4/img_031_SRF_4_HR.png,/home/ubuntu/scratch/sr-diffusion/benchmarks/selfexsr/SelfExSR-master/data/Urban100/image_SRF_4/img_031_SRF_4_LR.png,22.79683221903957,21.391999868687815,0.6870075042678402,0.6649916990338259
Urban100,img_031,generalization_v3_best11500,/home/ubuntu/scratch/sr-diffusion/benchmark_outputs/stage2_bicubic_generalization_v3_best11500/Urban100/img_031/base.png,/home/ubuntu/scratch/sr-diffusion/benchmarks/selfexsr/SelfExSR-master/data/Urban100/image_SRF_4/img_031_SRF_4_HR.png,/home/ubuntu/scratch/sr-diffusion/benchmarks/selfexsr/SelfExSR-master/data/Urban100/image_SRF_4/img_031_SRF_4_LR.png,23.834561309214507,22.397028818572696,0.7763661119876077,0.754869718740871
Urban100,img_031,trunk148m_best3500,/home/ubuntu/scratch/sr-diffusion/benchmark_outputs/stage2_bicubic_trunk148m_best3500/Urban100/img_031/base.png,/home/ubuntu/scratch/sr-diffusion/benchmarks/selfexsr/SelfExSR-master/data/Urban100/image_SRF_4/img_031_SRF_4_HR.png,/home/ubuntu/scratch/sr-diffusion/benchmarks/selfexsr/SelfExSR-master/data/Urban100/image_SRF_4/img_031_SRF_4_LR.png,23.84313391868996,22.40582957869958,0.7766273600155096,0.7548613726897638
Urban100,img_032,bicubic,generated:matlab_bicubic_resize,/home/ubuntu/scratch/sr-diffusion/benchmarks/selfexsr/SelfExSR-master/data/Urban100/image_SRF_4/img_032_SRF_4_HR.png,/home/ubuntu/scratch/sr-diffusion/benchmarks/selfexsr/SelfExSR-master/data/Urban100/image_SRF_4/img_032_SRF_4_LR.png,26.00785081222884,24.597136549902846,0.7514998473682752,0.7285312638078062
Urban100,img_032,generalization_v3_best11500,/home/ubuntu/scratch/sr-diffusion/benchmark_outputs/stage2_bicubic_generalization_v3_best11500/Urban100/img_032/base.png,/home/ubuntu/scratch/sr-diffusion/benchmarks/selfexsr/SelfExSR-master/data/Urban100/image_SRF_4/img_032_SRF_4_HR.png,/home/ubuntu/scratch/sr-diffusion/benchmarks/selfexsr/SelfExSR-master/data/Urban100/image_SRF_4/img_032_SRF_4_LR.png,28.68000838689776,27.141741807026236,0.8430328841156512,0.8229268560018256
Urban100,img_032,trunk148m_best3500,/home/ubuntu/scratch/sr-diffusion/benchmark_outputs/stage2_bicubic_trunk148m_best3500/Urban100/img_032/base.png,/home/ubuntu/scratch/sr-diffusion/benchmarks/selfexsr/SelfExSR-master/data/Urban100/image_SRF_4/img_032_SRF_4_HR.png,/home/ubuntu/scratch/sr-diffusion/benchmarks/selfexsr/SelfExSR-master/data/Urban100/image_SRF_4/img_032_SRF_4_LR.png,28.648184859719624,27.11267973764396,0.8426026857006926,0.822538202011465
Urban100,img_033,bicubic,generated:matlab_bicubic_resize,/home/ubuntu/scratch/sr-diffusion/benchmarks/selfexsr/SelfExSR-master/data/Urban100/image_SRF_4/img_033_SRF_4_HR.png,/home/ubuntu/scratch/sr-diffusion/benchmarks/selfexsr/SelfExSR-master/data/Urban100/image_SRF_4/img_033_SRF_4_LR.png,24.167953582777212,22.66140686366622,0.6706355854112618,0.6407841406456082
Urban100,img_033,generalization_v3_best11500,/home/ubuntu/scratch/sr-diffusion/benchmark_outputs/stage2_bicubic_generalization_v3_best11500/Urban100/img_033/base.png,/home/ubuntu/scratch/sr-diffusion/benchmarks/selfexsr/SelfExSR-master/data/Urban100/image_SRF_4/img_033_SRF_4_HR.png,/home/ubuntu/scratch/sr-diffusion/benchmarks/selfexsr/SelfExSR-master/data/Urban100/image_SRF_4/img_033_SRF_4_LR.png,26.86763699293583,25.138978945734646,0.7870115763832096,0.7587270085469693
Urban100,img_033,trunk148m_best3500,/home/ubuntu/scratch/sr-diffusion/benchmark_outputs/stage2_bicubic_trunk148m_best3500/Urban100/img_033/base.png,/home/ubuntu/scratch/sr-diffusion/benchmarks/selfexsr/SelfExSR-master/data/Urban100/image_SRF_4/img_033_SRF_4_HR.png,/home/ubuntu/scratch/sr-diffusion/benchmarks/selfexsr/SelfExSR-master/data/Urban100/image_SRF_4/img_033_SRF_4_LR.png,26.856654985187394,25.131544088043217,0.7862892981981293,0.7582944466894929
Urban100,img_034,bicubic,generated:matlab_bicubic_resize,/home/ubuntu/scratch/sr-diffusion/benchmarks/selfexsr/SelfExSR-master/data/Urban100/image_SRF_4/img_034_SRF_4_HR.png,/home/ubuntu/scratch/sr-diffusion/benchmarks/selfexsr/SelfExSR-master/data/Urban100/image_SRF_4/img_034_SRF_4_LR.png,21.412567909441897,19.597627017947644,0.47979171570901513,0.4673951596165613
Urban100,img_034,generalization_v3_best11500,/home/ubuntu/scratch/sr-diffusion/benchmark_outputs/stage2_bicubic_generalization_v3_best11500/Urban100/img_034/base.png,/home/ubuntu/scratch/sr-diffusion/benchmarks/selfexsr/SelfExSR-master/data/Urban100/image_SRF_4/img_034_SRF_4_HR.png,/home/ubuntu/scratch/sr-diffusion/benchmarks/selfexsr/SelfExSR-master/data/Urban100/image_SRF_4/img_034_SRF_4_LR.png,22.89926034345012,20.991801888699932,0.5854877025679678,0.5742022409726409
Urban100,img_034,trunk148m_best3500,/home/ubuntu/scratch/sr-diffusion/benchmark_outputs/stage2_bicubic_trunk148m_best3500/Urban100/img_034/base.png,/home/ubuntu/scratch/sr-diffusion/benchmarks/selfexsr/SelfExSR-master/data/Urban100/image_SRF_4/img_034_SRF_4_HR.png,/home/ubuntu/scratch/sr-diffusion/benchmarks/selfexsr/SelfExSR-master/data/Urban100/image_SRF_4/img_034_SRF_4_LR.png,22.900814536885008,20.99395845852079,0.5858051471316065,0.5742418968012164
Urban100,img_035,bicubic,generated:matlab_bicubic_resize,/home/ubuntu/scratch/sr-diffusion/benchmarks/selfexsr/SelfExSR-master/data/Urban100/image_SRF_4/img_035_SRF_4_HR.png,/home/ubuntu/scratch/sr-diffusion/benchmarks/selfexsr/SelfExSR-master/data/Urban100/image_SRF_4/img_035_SRF_4_LR.png,24.730892723398036,23.351272276342495,0.7224750863577866,0.6977418310682971
Urban100,img_035,generalization_v3_best11500,/home/ubuntu/scratch/sr-diffusion/benchmark_outputs/stage2_bicubic_generalization_v3_best11500/Urban100/img_035/base.png,/home/ubuntu/scratch/sr-diffusion/benchmarks/selfexsr/SelfExSR-master/data/Urban100/image_SRF_4/img_035_SRF_4_HR.png,/home/ubuntu/scratch/sr-diffusion/benchmarks/selfexsr/SelfExSR-master/data/Urban100/image_SRF_4/img_035_SRF_4_LR.png,28.261877077210578,26.833545224598797,0.8505953907038012,0.8282898099200535
Urban100,img_035,trunk148m_best3500,/home/ubuntu/scratch/sr-diffusion/benchmark_outputs/stage2_bicubic_trunk148m_best3500/Urban100/img_035/base.png,/home/ubuntu/scratch/sr-diffusion/benchmarks/selfexsr/SelfExSR-master/data/Urban100/image_SRF_4/img_035_SRF_4_HR.png,/home/ubuntu/scratch/sr-diffusion/benchmarks/selfexsr/SelfExSR-master/data/Urban100/image_SRF_4/img_035_SRF_4_LR.png,28.28087314433528,26.852788330377898,0.8512531727142547,0.8289766586157392
Urban100,img_036,bicubic,generated:matlab_bicubic_resize,/home/ubuntu/scratch/sr-diffusion/benchmarks/selfexsr/SelfExSR-master/data/Urban100/image_SRF_4/img_036_SRF_4_HR.png,/home/ubuntu/scratch/sr-diffusion/benchmarks/selfexsr/SelfExSR-master/data/Urban100/image_SRF_4/img_036_SRF_4_LR.png,25.2265927557459,23.90467144386917,0.7865896164860853,0.7683587246965725
Urban100,img_036,generalization_v3_best11500,/home/ubuntu/scratch/sr-diffusion/benchmark_outputs/stage2_bicubic_generalization_v3_best11500/Urban100/img_036/base.png,/home/ubuntu/scratch/sr-diffusion/benchmarks/selfexsr/SelfExSR-master/data/Urban100/image_SRF_4/img_036_SRF_4_HR.png,/home/ubuntu/scratch/sr-diffusion/benchmarks/selfexsr/SelfExSR-master/data/Urban100/image_SRF_4/img_036_SRF_4_LR.png,28.62012611451138,27.29126073002623,0.8818222302865499,0.868810009376381
Urban100,img_036,trunk148m_best3500,/home/ubuntu/scratch/sr-diffusion/benchmark_outputs/stage2_bicubic_trunk148m_best3500/Urban100/img_036/base.png,/home/ubuntu/scratch/sr-diffusion/benchmarks/selfexsr/SelfExSR-master/data/Urban100/image_SRF_4/img_036_SRF_4_HR.png,/home/ubuntu/scratch/sr-diffusion/benchmarks/selfexsr/SelfExSR-master/data/Urban100/image_SRF_4/img_036_SRF_4_LR.png,28.657182559266488,27.32747558800608,0.8824291359025017,0.8694833298154072
Urban100,img_037,bicubic,generated:matlab_bicubic_resize,/home/ubuntu/scratch/sr-diffusion/benchmarks/selfexsr/SelfExSR-master/data/Urban100/image_SRF_4/img_037_SRF_4_HR.png,/home/ubuntu/scratch/sr-diffusion/benchmarks/selfexsr/SelfExSR-master/data/Urban100/image_SRF_4/img_037_SRF_4_LR.png,24.219663268886865,22.882611155539344,0.7049515228198201,0.6765738002356008
Urban100,img_037,generalization_v3_best11500,/home/ubuntu/scratch/sr-diffusion/benchmark_outputs/stage2_bicubic_generalization_v3_best11500/Urban100/img_037/base.png,/home/ubuntu/scratch/sr-diffusion/benchmarks/selfexsr/SelfExSR-master/data/Urban100/image_SRF_4/img_037_SRF_4_HR.png,/home/ubuntu/scratch/sr-diffusion/benchmarks/selfexsr/SelfExSR-master/data/Urban100/image_SRF_4/img_037_SRF_4_LR.png,26.076280193189284,24.68991698488912,0.792933470540933,0.7680950626251959
Urban100,img_037,trunk148m_best3500,/home/ubuntu/scratch/sr-diffusion/benchmark_outputs/stage2_bicubic_trunk148m_best3500/Urban100/img_037/base.png,/home/ubuntu/scratch/sr-diffusion/benchmarks/selfexsr/SelfExSR-master/data/Urban100/image_SRF_4/img_037_SRF_4_HR.png,/home/ubuntu/scratch/sr-diffusion/benchmarks/selfexsr/SelfExSR-master/data/Urban100/image_SRF_4/img_037_SRF_4_LR.png,26.038090760722742,24.653045210535673,0.7927307896294982,0.7679612291129952
Urban100,img_038,bicubic,generated:matlab_bicubic_resize,/home/ubuntu/scratch/sr-diffusion/benchmarks/selfexsr/SelfExSR-master/data/Urban100/image_SRF_4/img_038_SRF_4_HR.png,/home/ubuntu/scratch/sr-diffusion/benchmarks/selfexsr/SelfExSR-master/data/Urban100/image_SRF_4/img_038_SRF_4_LR.png,24.610881305853823,23.30372851227349,0.5279054728153404,0.4780555847615065
Urban100,img_038,generalization_v3_best11500,/home/ubuntu/scratch/sr-diffusion/benchmark_outputs/stage2_bicubic_generalization_v3_best11500/Urban100/img_038/base.png,/home/ubuntu/scratch/sr-diffusion/benchmarks/selfexsr/SelfExSR-master/data/Urban100/image_SRF_4/img_038_SRF_4_HR.png,/home/ubuntu/scratch/sr-diffusion/benchmarks/selfexsr/SelfExSR-master/data/Urban100/image_SRF_4/img_038_SRF_4_LR.png,26.90197305211648,25.444478190655232,0.6753199697279256,0.6264215808089261
Urban100,img_038,trunk148m_best3500,/home/ubuntu/scratch/sr-diffusion/benchmark_outputs/stage2_bicubic_trunk148m_best3500/Urban100/img_038/base.png,/home/ubuntu/scratch/sr-diffusion/benchmarks/selfexsr/SelfExSR-master/data/Urban100/image_SRF_4/img_038_SRF_4_HR.png,/home/ubuntu/scratch/sr-diffusion/benchmarks/selfexsr/SelfExSR-master/data/Urban100/image_SRF_4/img_038_SRF_4_LR.png,26.879453823660295,25.423271441173924,0.67463545507988,0.6258550418738466
Urban100,img_039,bicubic,generated:matlab_bicubic_resize,/home/ubuntu/scratch/sr-diffusion/benchmarks/selfexsr/SelfExSR-master/data/Urban100/image_SRF_4/img_039_SRF_4_HR.png,/home/ubuntu/scratch/sr-diffusion/benchmarks/selfexsr/SelfExSR-master/data/Urban100/image_SRF_4/img_039_SRF_4_LR.png,20.86096248287879,19.540952563301733,0.580224226360583,0.5601706351998925
Urban100,img_039,generalization_v3_best11500,/home/ubuntu/scratch/sr-diffusion/benchmark_outputs/stage2_bicubic_generalization_v3_best11500/Urban100/img_039/base.png,/home/ubuntu/scratch/sr-diffusion/benchmarks/selfexsr/SelfExSR-master/data/Urban100/image_SRF_4/img_039_SRF_4_HR.png,/home/ubuntu/scratch/sr-diffusion/benchmarks/selfexsr/SelfExSR-master/data/Urban100/image_SRF_4/img_039_SRF_4_LR.png,22.751978633830397,21.37635599665044,0.7255650767377776,0.7061405514589985
Urban100,img_039,trunk148m_best3500,/home/ubuntu/scratch/sr-diffusion/benchmark_outputs/stage2_bicubic_trunk148m_best3500/Urban100/img_039/base.png,/home/ubuntu/scratch/sr-diffusion/benchmarks/selfexsr/SelfExSR-master/data/Urban100/image_SRF_4/img_039_SRF_4_HR.png,/home/ubuntu/scratch/sr-diffusion/benchmarks/selfexsr/SelfExSR-master/data/Urban100/image_SRF_4/img_039_SRF_4_LR.png,22.746814152328962,21.371336501812877,0.726366583130144,0.7069990289299429
Urban100,img_040,bicubic,generated:matlab_bicubic_resize,/home/ubuntu/scratch/sr-diffusion/benchmarks/selfexsr/SelfExSR-master/data/Urban100/image_SRF_4/img_040_SRF_4_HR.png,/home/ubuntu/scratch/sr-diffusion/benchmarks/selfexsr/SelfExSR-master/data/Urban100/image_SRF_4/img_040_SRF_4_LR.png,19.391685258669202,18.10707768593921,0.7048607787993993,0.6856945961240904
Urban100,img_040,generalization_v3_best11500,/home/ubuntu/scratch/sr-diffusion/benchmark_outputs/stage2_bicubic_generalization_v3_best11500/Urban100/img_040/base.png,/home/ubuntu/scratch/sr-diffusion/benchmarks/selfexsr/SelfExSR-master/data/Urban100/image_SRF_4/img_040_SRF_4_HR.png,/home/ubuntu/scratch/sr-diffusion/benchmarks/selfexsr/SelfExSR-master/data/Urban100/image_SRF_4/img_040_SRF_4_LR.png,26.524159232332313,25.115369085880307,0.9329148658057228,0.9237576603214864
Urban100,img_040,trunk148m_best3500,/home/ubuntu/scratch/sr-diffusion/benchmark_outputs/stage2_bicubic_trunk148m_best3500/Urban100/img_040/base.png,/home/ubuntu/scratch/sr-diffusion/benchmarks/selfexsr/SelfExSR-master/data/Urban100/image_SRF_4/img_040_SRF_4_HR.png,/home/ubuntu/scratch/sr-diffusion/benchmarks/selfexsr/SelfExSR-master/data/Urban100/image_SRF_4/img_040_SRF_4_LR.png,26.57532048652274,25.175457994745102,0.9330499224443127,0.9238500914983915
Urban100,img_041,bicubic,generated:matlab_bicubic_resize,/home/ubuntu/scratch/sr-diffusion/benchmarks/selfexsr/SelfExSR-master/data/Urban100/image_SRF_4/img_041_SRF_4_HR.png,/home/ubuntu/scratch/sr-diffusion/benchmarks/selfexsr/SelfExSR-master/data/Urban100/image_SRF_4/img_041_SRF_4_LR.png,21.00269685618043,19.564343684985086,0.670134208158125,0.6540011303932478
Urban100,img_041,generalization_v3_best11500,/home/ubuntu/scratch/sr-diffusion/benchmark_outputs/stage2_bicubic_generalization_v3_best11500/Urban100/img_041/base.png,/home/ubuntu/scratch/sr-diffusion/benchmarks/selfexsr/SelfExSR-master/data/Urban100/image_SRF_4/img_041_SRF_4_HR.png,/home/ubuntu/scratch/sr-diffusion/benchmarks/selfexsr/SelfExSR-master/data/Urban100/image_SRF_4/img_041_SRF_4_LR.png,25.07692298354062,23.596443951891782,0.851382545080431,0.837656637172759
Urban100,img_041,trunk148m_best3500,/home/ubuntu/scratch/sr-diffusion/benchmark_outputs/stage2_bicubic_trunk148m_best3500/Urban100/img_041/base.png,/home/ubuntu/scratch/sr-diffusion/benchmarks/selfexsr/SelfExSR-master/data/Urban100/image_SRF_4/img_041_SRF_4_HR.png,/home/ubuntu/scratch/sr-diffusion/benchmarks/selfexsr/SelfExSR-master/data/Urban100/image_SRF_4/img_041_SRF_4_LR.png,25.079928544081213,23.597865081456114,0.8523858462180082,0.8383576920650175
Urban100,img_042,bicubic,generated:matlab_bicubic_resize,/home/ubuntu/scratch/sr-diffusion/benchmarks/selfexsr/SelfExSR-master/data/Urban100/image_SRF_4/img_042_SRF_4_HR.png,/home/ubuntu/scratch/sr-diffusion/benchmarks/selfexsr/SelfExSR-master/data/Urban100/image_SRF_4/img_042_SRF_4_LR.png,24.833446070514263,23.511524758637524,0.7700563414029394,0.7541242615940987
Urban100,img_042,generalization_v3_best11500,/home/ubuntu/scratch/sr-diffusion/benchmark_outputs/stage2_bicubic_generalization_v3_best11500/Urban100/img_042/base.png,/home/ubuntu/scratch/sr-diffusion/benchmarks/selfexsr/SelfExSR-master/data/Urban100/image_SRF_4/img_042_SRF_4_HR.png,/home/ubuntu/scratch/sr-diffusion/benchmarks/selfexsr/SelfExSR-master/data/Urban100/image_SRF_4/img_042_SRF_4_LR.png,28.579211555163667,27.24866185878485,0.8799650486883491,0.8699039230656438
Urban100,img_042,trunk148m_best3500,/home/ubuntu/scratch/sr-diffusion/benchmark_outputs/stage2_bicubic_trunk148m_best3500/Urban100/img_042/base.png,/home/ubuntu/scratch/sr-diffusion/benchmarks/selfexsr/SelfExSR-master/data/Urban100/image_SRF_4/img_042_SRF_4_HR.png,/home/ubuntu/scratch/sr-diffusion/benchmarks/selfexsr/SelfExSR-master/data/Urban100/image_SRF_4/img_042_SRF_4_LR.png,28.607282568305052,27.2769909809261,0.8803247609499519,0.8703110391182037
Urban100,img_043,bicubic,generated:matlab_bicubic_resize,/home/ubuntu/scratch/sr-diffusion/benchmarks/selfexsr/SelfExSR-master/data/Urban100/image_SRF_4/img_043_SRF_4_HR.png,/home/ubuntu/scratch/sr-diffusion/benchmarks/selfexsr/SelfExSR-master/data/Urban100/image_SRF_4/img_043_SRF_4_LR.png,22.09214145472089,20.8580983774256,0.7866731227688118,0.7546120155027055
Urban100,img_043,generalization_v3_best11500,/home/ubuntu/scratch/sr-diffusion/benchmark_outputs/stage2_bicubic_generalization_v3_best11500/Urban100/img_043/base.png,/home/ubuntu/scratch/sr-diffusion/benchmarks/selfexsr/SelfExSR-master/data/Urban100/image_SRF_4/img_043_SRF_4_HR.png,/home/ubuntu/scratch/sr-diffusion/benchmarks/selfexsr/SelfExSR-master/data/Urban100/image_SRF_4/img_043_SRF_4_LR.png,31.384099875905555,29.704433499145722,0.9302641734080088,0.9036094469869657
Urban100,img_043,trunk148m_best3500,/home/ubuntu/scratch/sr-diffusion/benchmark_outputs/stage2_bicubic_trunk148m_best3500/Urban100/img_043/base.png,/home/ubuntu/scratch/sr-diffusion/benchmarks/selfexsr/SelfExSR-master/data/Urban100/image_SRF_4/img_043_SRF_4_HR.png,/home/ubuntu/scratch/sr-diffusion/benchmarks/selfexsr/SelfExSR-master/data/Urban100/image_SRF_4/img_043_SRF_4_LR.png,31.29128967886217,29.629286260734183,0.9300437958949284,0.9033348766334184
Urban100,img_044,bicubic,generated:matlab_bicubic_resize,/home/ubuntu/scratch/sr-diffusion/benchmarks/selfexsr/SelfExSR-master/data/Urban100/image_SRF_4/img_044_SRF_4_HR.png,/home/ubuntu/scratch/sr-diffusion/benchmarks/selfexsr/SelfExSR-master/data/Urban100/image_SRF_4/img_044_SRF_4_LR.png,26.91824147945563,25.119099097292512,0.725331923031809,0.6917636583408248
Urban100,img_044,generalization_v3_best11500,/home/ubuntu/scratch/sr-diffusion/benchmark_outputs/stage2_bicubic_generalization_v3_best11500/Urban100/img_044/base.png,/home/ubuntu/scratch/sr-diffusion/benchmarks/selfexsr/SelfExSR-master/data/Urban100/image_SRF_4/img_044_SRF_4_HR.png,/home/ubuntu/scratch/sr-diffusion/benchmarks/selfexsr/SelfExSR-master/data/Urban100/image_SRF_4/img_044_SRF_4_LR.png,30.485716727484693,28.711329239627172,0.8471702141001076,0.8216673821289687
Urban100,img_044,trunk148m_best3500,/home/ubuntu/scratch/sr-diffusion/benchmark_outputs/stage2_bicubic_trunk148m_best3500/Urban100/img_044/base.png,/home/ubuntu/scratch/sr-diffusion/benchmarks/selfexsr/SelfExSR-master/data/Urban100/image_SRF_4/img_044_SRF_4_HR.png,/home/ubuntu/scratch/sr-diffusion/benchmarks/selfexsr/SelfExSR-master/data/Urban100/image_SRF_4/img_044_SRF_4_LR.png,30.75558249830455,28.94847690885655,0.8505504918421265,0.8249239618837695
Urban100,img_045,bicubic,generated:matlab_bicubic_resize,/home/ubuntu/scratch/sr-diffusion/benchmarks/selfexsr/SelfExSR-master/data/Urban100/image_SRF_4/img_045_SRF_4_HR.png,/home/ubuntu/scratch/sr-diffusion/benchmarks/selfexsr/SelfExSR-master/data/Urban100/image_SRF_4/img_045_SRF_4_LR.png,20.942833540092014,19.62091222821528,0.5233487106974949,0.5020304116095443
Urban100,img_045,generalization_v3_best11500,/home/ubuntu/scratch/sr-diffusion/benchmark_outputs/stage2_bicubic_generalization_v3_best11500/Urban100/img_045/base.png,/home/ubuntu/scratch/sr-diffusion/benchmarks/selfexsr/SelfExSR-master/data/Urban100/image_SRF_4/img_045_SRF_4_HR.png,/home/ubuntu/scratch/sr-diffusion/benchmarks/selfexsr/SelfExSR-master/data/Urban100/image_SRF_4/img_045_SRF_4_LR.png,23.57240243488448,22.24712023131356,0.6862282814453645,0.6710442076449992
Urban100,img_045,trunk148m_best3500,/home/ubuntu/scratch/sr-diffusion/benchmark_outputs/stage2_bicubic_trunk148m_best3500/Urban100/img_045/base.png,/home/ubuntu/scratch/sr-diffusion/benchmarks/selfexsr/SelfExSR-master/data/Urban100/image_SRF_4/img_045_SRF_4_HR.png,/home/ubuntu/scratch/sr-diffusion/benchmarks/selfexsr/SelfExSR-master/data/Urban100/image_SRF_4/img_045_SRF_4_LR.png,23.742317451765835,22.416702256257317,0.6925011569302322,0.6776763297584124
Urban100,img_046,bicubic,generated:matlab_bicubic_resize,/home/ubuntu/scratch/sr-diffusion/benchmarks/selfexsr/SelfExSR-master/data/Urban100/image_SRF_4/img_046_SRF_4_HR.png,/home/ubuntu/scratch/sr-diffusion/benchmarks/selfexsr/SelfExSR-master/data/Urban100/image_SRF_4/img_046_SRF_4_LR.png,22.6917189526936,21.248513202494657,0.676226715727056,0.668251983807448
Urban100,img_046,generalization_v3_best11500,/home/ubuntu/scratch/sr-diffusion/benchmark_outputs/stage2_bicubic_generalization_v3_best11500/Urban100/img_046/base.png,/home/ubuntu/scratch/sr-diffusion/benchmarks/selfexsr/SelfExSR-master/data/Urban100/image_SRF_4/img_046_SRF_4_HR.png,/home/ubuntu/scratch/sr-diffusion/benchmarks/selfexsr/SelfExSR-master/data/Urban100/image_SRF_4/img_046_SRF_4_LR.png,23.46589683017795,22.036721759805857,0.7478967551542905,0.7422221320771393
Urban100,img_046,trunk148m_best3500,/home/ubuntu/scratch/sr-diffusion/benchmark_outputs/stage2_bicubic_trunk148m_best3500/Urban100/img_046/base.png,/home/ubuntu/scratch/sr-diffusion/benchmarks/selfexsr/SelfExSR-master/data/Urban100/image_SRF_4/img_046_SRF_4_HR.png,/home/ubuntu/scratch/sr-diffusion/benchmarks/selfexsr/SelfExSR-master/data/Urban100/image_SRF_4/img_046_SRF_4_LR.png,23.454763593609496,22.026363369526845,0.7478235779920335,0.7422140610211505
Urban100,img_047,bicubic,generated:matlab_bicubic_resize,/home/ubuntu/scratch/sr-diffusion/benchmarks/selfexsr/SelfExSR-master/data/Urban100/image_SRF_4/img_047_SRF_4_HR.png,/home/ubuntu/scratch/sr-diffusion/benchmarks/selfexsr/SelfExSR-master/data/Urban100/image_SRF_4/img_047_SRF_4_LR.png,20.007095585686237,18.531197246602172,0.6283830771696631,0.6143848155612385
Urban100,img_047,generalization_v3_best11500,/home/ubuntu/scratch/sr-diffusion/benchmark_outputs/stage2_bicubic_generalization_v3_best11500/Urban100/img_047/base.png,/home/ubuntu/scratch/sr-diffusion/benchmarks/selfexsr/SelfExSR-master/data/Urban100/image_SRF_4/img_047_SRF_4_HR.png,/home/ubuntu/scratch/sr-diffusion/benchmarks/selfexsr/SelfExSR-master/data/Urban100/image_SRF_4/img_047_SRF_4_LR.png,21.515887431923698,20.03032072680556,0.7471796479723842,0.7351932829236625
Urban100,img_047,trunk148m_best3500,/home/ubuntu/scratch/sr-diffusion/benchmark_outputs/stage2_bicubic_trunk148m_best3500/Urban100/img_047/base.png,/home/ubuntu/scratch/sr-diffusion/benchmarks/selfexsr/SelfExSR-master/data/Urban100/image_SRF_4/img_047_SRF_4_HR.png,/home/ubuntu/scratch/sr-diffusion/benchmarks/selfexsr/SelfExSR-master/data/Urban100/image_SRF_4/img_047_SRF_4_LR.png,21.526283864480146,20.041134070932568,0.7485944680793851,0.7365838554929032
Urban100,img_048,bicubic,generated:matlab_bicubic_resize,/home/ubuntu/scratch/sr-diffusion/benchmarks/selfexsr/SelfExSR-master/data/Urban100/image_SRF_4/img_048_SRF_4_HR.png,/home/ubuntu/scratch/sr-diffusion/benchmarks/selfexsr/SelfExSR-master/data/Urban100/image_SRF_4/img_048_SRF_4_LR.png,18.182879256931443,16.901513469311208,0.6728650110790243,0.6598791606787104
Urban100,img_048,generalization_v3_best11500,/home/ubuntu/scratch/sr-diffusion/benchmark_outputs/stage2_bicubic_generalization_v3_best11500/Urban100/img_048/base.png,/home/ubuntu/scratch/sr-diffusion/benchmarks/selfexsr/SelfExSR-master/data/Urban100/image_SRF_4/img_048_SRF_4_HR.png,/home/ubuntu/scratch/sr-diffusion/benchmarks/selfexsr/SelfExSR-master/data/Urban100/image_SRF_4/img_048_SRF_4_LR.png,19.659570155847586,18.359592556967563,0.7902334959797338,0.779300632181854
Urban100,img_048,trunk148m_best3500,/home/ubuntu/scratch/sr-diffusion/benchmark_outputs/stage2_bicubic_trunk148m_best3500/Urban100/img_048/base.png,/home/ubuntu/scratch/sr-diffusion/benchmarks/selfexsr/SelfExSR-master/data/Urban100/image_SRF_4/img_048_SRF_4_HR.png,/home/ubuntu/scratch/sr-diffusion/benchmarks/selfexsr/SelfExSR-master/data/Urban100/image_SRF_4/img_048_SRF_4_LR.png,19.652584234361946,18.35132908268497,0.7910537725872995,0.7801525598276222
Urban100,img_049,bicubic,generated:matlab_bicubic_resize,/home/ubuntu/scratch/sr-diffusion/benchmarks/selfexsr/SelfExSR-master/data/Urban100/image_SRF_4/img_049_SRF_4_HR.png,/home/ubuntu/scratch/sr-diffusion/benchmarks/selfexsr/SelfExSR-master/data/Urban100/image_SRF_4/img_049_SRF_4_LR.png,20.491151262248792,19.012331275059587,0.5935690480451038,0.5686011087235571
Urban100,img_049,generalization_v3_best11500,/home/ubuntu/scratch/sr-diffusion/benchmark_outputs/stage2_bicubic_generalization_v3_best11500/Urban100/img_049/base.png,/home/ubuntu/scratch/sr-diffusion/benchmarks/selfexsr/SelfExSR-master/data/Urban100/image_SRF_4/img_049_SRF_4_HR.png,/home/ubuntu/scratch/sr-diffusion/benchmarks/selfexsr/SelfExSR-master/data/Urban100/image_SRF_4/img_049_SRF_4_LR.png,23.166698349505044,21.63271933136889,0.7402786078151561,0.7193824631579614
Urban100,img_049,trunk148m_best3500,/home/ubuntu/scratch/sr-diffusion/benchmark_outputs/stage2_bicubic_trunk148m_best3500/Urban100/img_049/base.png,/home/ubuntu/scratch/sr-diffusion/benchmarks/selfexsr/SelfExSR-master/data/Urban100/image_SRF_4/img_049_SRF_4_HR.png,/home/ubuntu/scratch/sr-diffusion/benchmarks/selfexsr/SelfExSR-master/data/Urban100/image_SRF_4/img_049_SRF_4_LR.png,23.17691244630202,21.64447397432729,0.741077115864093,0.7201263952271635
Urban100,img_050,bicubic,generated:matlab_bicubic_resize,/home/ubuntu/scratch/sr-diffusion/benchmarks/selfexsr/SelfExSR-master/data/Urban100/image_SRF_4/img_050_SRF_4_HR.png,/home/ubuntu/scratch/sr-diffusion/benchmarks/selfexsr/SelfExSR-master/data/Urban100/image_SRF_4/img_050_SRF_4_LR.png,23.72529140831636,22.305910161572218,0.6699619756516622,0.6516819966792108
Urban100,img_050,generalization_v3_best11500,/home/ubuntu/scratch/sr-diffusion/benchmark_outputs/stage2_bicubic_generalization_v3_best11500/Urban100/img_050/base.png,/home/ubuntu/scratch/sr-diffusion/benchmarks/selfexsr/SelfExSR-master/data/Urban100/image_SRF_4/img_050_SRF_4_HR.png,/home/ubuntu/scratch/sr-diffusion/benchmarks/selfexsr/SelfExSR-master/data/Urban100/image_SRF_4/img_050_SRF_4_LR.png,25.00166301981031,23.571725957003196,0.7597555775802707,0.7425365654378022
Urban100,img_050,trunk148m_best3500,/home/ubuntu/scratch/sr-diffusion/benchmark_outputs/stage2_bicubic_trunk148m_best3500/Urban100/img_050/base.png,/home/ubuntu/scratch/sr-diffusion/benchmarks/selfexsr/SelfExSR-master/data/Urban100/image_SRF_4/img_050_SRF_4_HR.png,/home/ubuntu/scratch/sr-diffusion/benchmarks/selfexsr/SelfExSR-master/data/Urban100/image_SRF_4/img_050_SRF_4_LR.png,24.992104981090367,23.562912703592435,0.7605451686986732,0.7432447950571192
Urban100,img_051,bicubic,generated:matlab_bicubic_resize,/home/ubuntu/scratch/sr-diffusion/benchmarks/selfexsr/SelfExSR-master/data/Urban100/image_SRF_4/img_051_SRF_4_HR.png,/home/ubuntu/scratch/sr-diffusion/benchmarks/selfexsr/SelfExSR-master/data/Urban100/image_SRF_4/img_051_SRF_4_LR.png,24.84742653850928,23.367992046813278,0.7408279273793514,0.7158928348871253
Urban100,img_051,generalization_v3_best11500,/home/ubuntu/scratch/sr-diffusion/benchmark_outputs/stage2_bicubic_generalization_v3_best11500/Urban100/img_051/base.png,/home/ubuntu/scratch/sr-diffusion/benchmarks/selfexsr/SelfExSR-master/data/Urban100/image_SRF_4/img_051_SRF_4_HR.png,/home/ubuntu/scratch/sr-diffusion/benchmarks/selfexsr/SelfExSR-master/data/Urban100/image_SRF_4/img_051_SRF_4_LR.png,26.96388839598511,25.45321522716194,0.8363370931392816,0.8146781916132616
Urban100,img_051,trunk148m_best3500,/home/ubuntu/scratch/sr-diffusion/benchmark_outputs/stage2_bicubic_trunk148m_best3500/Urban100/img_051/base.png,/home/ubuntu/scratch/sr-diffusion/benchmarks/selfexsr/SelfExSR-master/data/Urban100/image_SRF_4/img_051_SRF_4_HR.png,/home/ubuntu/scratch/sr-diffusion/benchmarks/selfexsr/SelfExSR-master/data/Urban100/image_SRF_4/img_051_SRF_4_LR.png,26.98076116570419,25.46878779876095,0.8374835609608235,0.81590144903361
Urban100,img_052,bicubic,generated:matlab_bicubic_resize,/home/ubuntu/scratch/sr-diffusion/benchmarks/selfexsr/SelfExSR-master/data/Urban100/image_SRF_4/img_052_SRF_4_HR.png,/home/ubuntu/scratch/sr-diffusion/benchmarks/selfexsr/SelfExSR-master/data/Urban100/image_SRF_4/img_052_SRF_4_LR.png,23.785195376147236,22.445042963767087,0.7401753449221598,0.7185802140880594
Urban100,img_052,generalization_v3_best11500,/home/ubuntu/scratch/sr-diffusion/benchmark_outputs/stage2_bicubic_generalization_v3_best11500/Urban100/img_052/base.png,/home/ubuntu/scratch/sr-diffusion/benchmarks/selfexsr/SelfExSR-master/data/Urban100/image_SRF_4/img_052_SRF_4_HR.png,/home/ubuntu/scratch/sr-diffusion/benchmarks/selfexsr/SelfExSR-master/data/Urban100/image_SRF_4/img_052_SRF_4_LR.png,28.451859146492392,27.075515992231367,0.8977364297437522,0.8832131382554221
Urban100,img_052,trunk148m_best3500,/home/ubuntu/scratch/sr-diffusion/benchmark_outputs/stage2_bicubic_trunk148m_best3500/Urban100/img_052/base.png,/home/ubuntu/scratch/sr-diffusion/benchmarks/selfexsr/SelfExSR-master/data/Urban100/image_SRF_4/img_052_SRF_4_HR.png,/home/ubuntu/scratch/sr-diffusion/benchmarks/selfexsr/SelfExSR-master/data/Urban100/image_SRF_4/img_052_SRF_4_LR.png,28.431472616530684,27.055185170423435,0.8975833924249205,0.8830833568654496
Urban100,img_053,bicubic,generated:matlab_bicubic_resize,/home/ubuntu/scratch/sr-diffusion/benchmarks/selfexsr/SelfExSR-master/data/Urban100/image_SRF_4/img_053_SRF_4_HR.png,/home/ubuntu/scratch/sr-diffusion/benchmarks/selfexsr/SelfExSR-master/data/Urban100/image_SRF_4/img_053_SRF_4_LR.png,20.27552170517115,18.948100146673607,0.5916167372659874,0.5738004048373174
Urban100,img_053,generalization_v3_best11500,/home/ubuntu/scratch/sr-diffusion/benchmark_outputs/stage2_bicubic_generalization_v3_best11500/Urban100/img_053/base.png,/home/ubuntu/scratch/sr-diffusion/benchmarks/selfexsr/SelfExSR-master/data/Urban100/image_SRF_4/img_053_SRF_4_HR.png,/home/ubuntu/scratch/sr-diffusion/benchmarks/selfexsr/SelfExSR-master/data/Urban100/image_SRF_4/img_053_SRF_4_LR.png,22.26133363591035,20.922005068685205,0.7225863968328627,0.7085940669897784
Urban100,img_053,trunk148m_best3500,/home/ubuntu/scratch/sr-diffusion/benchmark_outputs/stage2_bicubic_trunk148m_best3500/Urban100/img_053/base.png,/home/ubuntu/scratch/sr-diffusion/benchmarks/selfexsr/SelfExSR-master/data/Urban100/image_SRF_4/img_053_SRF_4_HR.png,/home/ubuntu/scratch/sr-diffusion/benchmarks/selfexsr/SelfExSR-master/data/Urban100/image_SRF_4/img_053_SRF_4_LR.png,22.273622783533536,20.93377751888632,0.7230366186642033,0.7091139260609647
Urban100,img_054,bicubic,generated:matlab_bicubic_resize,/home/ubuntu/scratch/sr-diffusion/benchmarks/selfexsr/SelfExSR-master/data/Urban100/image_SRF_4/img_054_SRF_4_HR.png,/home/ubuntu/scratch/sr-diffusion/benchmarks/selfexsr/SelfExSR-master/data/Urban100/image_SRF_4/img_054_SRF_4_LR.png,19.9679984484084,18.462318399415004,0.5294832020168456,0.5077649767009186
Urban100,img_054,generalization_v3_best11500,/home/ubuntu/scratch/sr-diffusion/benchmark_outputs/stage2_bicubic_generalization_v3_best11500/Urban100/img_054/base.png,/home/ubuntu/scratch/sr-diffusion/benchmarks/selfexsr/SelfExSR-master/data/Urban100/image_SRF_4/img_054_SRF_4_HR.png,/home/ubuntu/scratch/sr-diffusion/benchmarks/selfexsr/SelfExSR-master/data/Urban100/image_SRF_4/img_054_SRF_4_LR.png,20.997081394594876,19.51374074139715,0.643317226974741,0.6242781637590843
Urban100,img_054,trunk148m_best3500,/home/ubuntu/scratch/sr-diffusion/benchmark_outputs/stage2_bicubic_trunk148m_best3500/Urban100/img_054/base.png,/home/ubuntu/scratch/sr-diffusion/benchmarks/selfexsr/SelfExSR-master/data/Urban100/image_SRF_4/img_054_SRF_4_HR.png,/home/ubuntu/scratch/sr-diffusion/benchmarks/selfexsr/SelfExSR-master/data/Urban100/image_SRF_4/img_054_SRF_4_LR.png,21.0086080900155,19.524310520893575,0.6435654751688331,0.6245616751718562
Urban100,img_055,bicubic,generated:matlab_bicubic_resize,/home/ubuntu/scratch/sr-diffusion/benchmarks/selfexsr/SelfExSR-master/data/Urban100/image_SRF_4/img_055_SRF_4_HR.png,/home/ubuntu/scratch/sr-diffusion/benchmarks/selfexsr/SelfExSR-master/data/Urban100/image_SRF_4/img_055_SRF_4_LR.png,25.068140830626966,23.25238087418668,0.7840401628465447,0.745199953423127
Urban100,img_055,generalization_v3_best11500,/home/ubuntu/scratch/sr-diffusion/benchmark_outputs/stage2_bicubic_generalization_v3_best11500/Urban100/img_055/base.png,/home/ubuntu/scratch/sr-diffusion/benchmarks/selfexsr/SelfExSR-master/data/Urban100/image_SRF_4/img_055_SRF_4_HR.png,/home/ubuntu/scratch/sr-diffusion/benchmarks/selfexsr/SelfExSR-master/data/Urban100/image_SRF_4/img_055_SRF_4_LR.png,32.45582703201211,30.458162568000215,0.940349691599453,0.9055922468357757
Urban100,img_055,trunk148m_best3500,/home/ubuntu/scratch/sr-diffusion/benchmark_outputs/stage2_bicubic_trunk148m_best3500/Urban100/img_055/base.png,/home/ubuntu/scratch/sr-diffusion/benchmarks/selfexsr/SelfExSR-master/data/Urban100/image_SRF_4/img_055_SRF_4_HR.png,/home/ubuntu/scratch/sr-diffusion/benchmarks/selfexsr/SelfExSR-master/data/Urban100/image_SRF_4/img_055_SRF_4_LR.png,32.50626622971715,30.50938902535384,0.9407764413161008,0.9060971481155637
Urban100,img_056,bicubic,generated:matlab_bicubic_resize,/home/ubuntu/scratch/sr-diffusion/benchmarks/selfexsr/SelfExSR-master/data/Urban100/image_SRF_4/img_056_SRF_4_HR.png,/home/ubuntu/scratch/sr-diffusion/benchmarks/selfexsr/SelfExSR-master/data/Urban100/image_SRF_4/img_056_SRF_4_LR.png,22.174241841591886,20.839418622425082,0.6261250186854361,0.6029252339850175
Urban100,img_056,generalization_v3_best11500,/home/ubuntu/scratch/sr-diffusion/benchmark_outputs/stage2_bicubic_generalization_v3_best11500/Urban100/img_056/base.png,/home/ubuntu/scratch/sr-diffusion/benchmarks/selfexsr/SelfExSR-master/data/Urban100/image_SRF_4/img_056_SRF_4_HR.png,/home/ubuntu/scratch/sr-diffusion/benchmarks/selfexsr/SelfExSR-master/data/Urban100/image_SRF_4/img_056_SRF_4_LR.png,24.682481409723177,23.3107485434208,0.7698032433955867,0.751214662238077
Urban100,img_056,trunk148m_best3500,/home/ubuntu/scratch/sr-diffusion/benchmark_outputs/stage2_bicubic_trunk148m_best3500/Urban100/img_056/base.png,/home/ubuntu/scratch/sr-diffusion/benchmarks/selfexsr/SelfExSR-master/data/Urban100/image_SRF_4/img_056_SRF_4_HR.png,/home/ubuntu/scratch/sr-diffusion/benchmarks/selfexsr/SelfExSR-master/data/Urban100/image_SRF_4/img_056_SRF_4_LR.png,24.685361781782575,23.313948461819145,0.7693625529811529,0.750831697159681
Urban100,img_057,bicubic,generated:matlab_bicubic_resize,/home/ubuntu/scratch/sr-diffusion/benchmarks/selfexsr/SelfExSR-master/data/Urban100/image_SRF_4/img_057_SRF_4_HR.png,/home/ubuntu/scratch/sr-diffusion/benchmarks/selfexsr/SelfExSR-master/data/Urban100/image_SRF_4/img_057_SRF_4_LR.png,26.145526808060247,24.76279223334525,0.794574110439895,0.7698670534147487
Urban100,img_057,generalization_v3_best11500,/home/ubuntu/scratch/sr-diffusion/benchmark_outputs/stage2_bicubic_generalization_v3_best11500/Urban100/img_057/base.png,/home/ubuntu/scratch/sr-diffusion/benchmarks/selfexsr/SelfExSR-master/data/Urban100/image_SRF_4/img_057_SRF_4_HR.png,/home/ubuntu/scratch/sr-diffusion/benchmarks/selfexsr/SelfExSR-master/data/Urban100/image_SRF_4/img_057_SRF_4_LR.png,30.385682229344745,28.954915544411627,0.8861621843197274,0.8675345805804214
Urban100,img_057,trunk148m_best3500,/home/ubuntu/scratch/sr-diffusion/benchmark_outputs/stage2_bicubic_trunk148m_best3500/Urban100/img_057/base.png,/home/ubuntu/scratch/sr-diffusion/benchmarks/selfexsr/SelfExSR-master/data/Urban100/image_SRF_4/img_057_SRF_4_HR.png,/home/ubuntu/scratch/sr-diffusion/benchmarks/selfexsr/SelfExSR-master/data/Urban100/image_SRF_4/img_057_SRF_4_LR.png,30.379541013341942,28.950287026062863,0.8859461374809188,0.8672407567337488
Urban100,img_058,bicubic,generated:matlab_bicubic_resize,/home/ubuntu/scratch/sr-diffusion/benchmarks/selfexsr/SelfExSR-master/data/Urban100/image_SRF_4/img_058_SRF_4_HR.png,/home/ubuntu/scratch/sr-diffusion/benchmarks/selfexsr/SelfExSR-master/data/Urban100/image_SRF_4/img_058_SRF_4_LR.png,22.335133607483645,20.924090155138636,0.715923789681161,0.6951134906191685
Urban100,img_058,generalization_v3_best11500,/home/ubuntu/scratch/sr-diffusion/benchmark_outputs/stage2_bicubic_generalization_v3_best11500/Urban100/img_058/base.png,/home/ubuntu/scratch/sr-diffusion/benchmarks/selfexsr/SelfExSR-master/data/Urban100/image_SRF_4/img_058_SRF_4_HR.png,/home/ubuntu/scratch/sr-diffusion/benchmarks/selfexsr/SelfExSR-master/data/Urban100/image_SRF_4/img_058_SRF_4_LR.png,25.18331405463359,23.73104270436039,0.835372124602303,0.8220817541083667
Urban100,img_058,trunk148m_best3500,/home/ubuntu/scratch/sr-diffusion/benchmark_outputs/stage2_bicubic_trunk148m_best3500/Urban100/img_058/base.png,/home/ubuntu/scratch/sr-diffusion/benchmarks/selfexsr/SelfExSR-master/data/Urban100/image_SRF_4/img_058_SRF_4_HR.png,/home/ubuntu/scratch/sr-diffusion/benchmarks/selfexsr/SelfExSR-master/data/Urban100/image_SRF_4/img_058_SRF_4_LR.png,25.19959894652407,23.74945758622345,0.8370375362677379,0.8239624700407235
Urban100,img_059,bicubic,generated:matlab_bicubic_resize,/home/ubuntu/scratch/sr-diffusion/benchmarks/selfexsr/SelfExSR-master/data/Urban100/image_SRF_4/img_059_SRF_4_HR.png,/home/ubuntu/scratch/sr-diffusion/benchmarks/selfexsr/SelfExSR-master/data/Urban100/image_SRF_4/img_059_SRF_4_LR.png,20.449160975430836,19.04378153774288,0.6559406586703311,0.6338896868023464
Urban100,img_059,generalization_v3_best11500,/home/ubuntu/scratch/sr-diffusion/benchmark_outputs/stage2_bicubic_generalization_v3_best11500/Urban100/img_059/base.png,/home/ubuntu/scratch/sr-diffusion/benchmarks/selfexsr/SelfExSR-master/data/Urban100/image_SRF_4/img_059_SRF_4_HR.png,/home/ubuntu/scratch/sr-diffusion/benchmarks/selfexsr/SelfExSR-master/data/Urban100/image_SRF_4/img_059_SRF_4_LR.png,21.53200635684215,20.151225052533572,0.7382733615282813,0.719733738261883
Urban100,img_059,trunk148m_best3500,/home/ubuntu/scratch/sr-diffusion/benchmark_outputs/stage2_bicubic_trunk148m_best3500/Urban100/img_059/base.png,/home/ubuntu/scratch/sr-diffusion/benchmarks/selfexsr/SelfExSR-master/data/Urban100/image_SRF_4/img_059_SRF_4_HR.png,/home/ubuntu/scratch/sr-diffusion/benchmarks/selfexsr/SelfExSR-master/data/Urban100/image_SRF_4/img_059_SRF_4_LR.png,21.528409982621177,20.14756602309612,0.7379067780869497,0.7193874163945662
Urban100,img_060,bicubic,generated:matlab_bicubic_resize,/home/ubuntu/scratch/sr-diffusion/benchmarks/selfexsr/SelfExSR-master/data/Urban100/image_SRF_4/img_060_SRF_4_HR.png,/home/ubuntu/scratch/sr-diffusion/benchmarks/selfexsr/SelfExSR-master/data/Urban100/image_SRF_4/img_060_SRF_4_LR.png,21.094933614459986,19.646111926582286,0.44162461676640524,0.42211323001803835
Urban100,img_060,generalization_v3_best11500,/home/ubuntu/scratch/sr-diffusion/benchmark_outputs/stage2_bicubic_generalization_v3_best11500/Urban100/img_060/base.png,/home/ubuntu/scratch/sr-diffusion/benchmarks/selfexsr/SelfExSR-master/data/Urban100/image_SRF_4/img_060_SRF_4_HR.png,/home/ubuntu/scratch/sr-diffusion/benchmarks/selfexsr/SelfExSR-master/data/Urban100/image_SRF_4/img_060_SRF_4_LR.png,22.432644330940107,21.035382096226037,0.5599753238188961,0.5427443155842044
Urban100,img_060,trunk148m_best3500,/home/ubuntu/scratch/sr-diffusion/benchmark_outputs/stage2_bicubic_trunk148m_best3500/Urban100/img_060/base.png,/home/ubuntu/scratch/sr-diffusion/benchmarks/selfexsr/SelfExSR-master/data/Urban100/image_SRF_4/img_060_SRF_4_HR.png,/home/ubuntu/scratch/sr-diffusion/benchmarks/selfexsr/SelfExSR-master/data/Urban100/image_SRF_4/img_060_SRF_4_LR.png,22.430250758446228,21.032429173163102,0.5594846532582166,0.5422594282245735
Urban100,img_061,bicubic,generated:matlab_bicubic_resize,/home/ubuntu/scratch/sr-diffusion/benchmarks/selfexsr/SelfExSR-master/data/Urban100/image_SRF_4/img_061_SRF_4_HR.png,/home/ubuntu/scratch/sr-diffusion/benchmarks/selfexsr/SelfExSR-master/data/Urban100/image_SRF_4/img_061_SRF_4_LR.png,22.90211902548743,21.388877699761313,0.6254687414841348,0.6068448148202013
Urban100,img_061,generalization_v3_best11500,/home/ubuntu/scratch/sr-diffusion/benchmark_outputs/stage2_bicubic_generalization_v3_best11500/Urban100/img_061/base.png,/home/ubuntu/scratch/sr-diffusion/benchmarks/selfexsr/SelfExSR-master/data/Urban100/image_SRF_4/img_061_SRF_4_HR.png,/home/ubuntu/scratch/sr-diffusion/benchmarks/selfexsr/SelfExSR-master/data/Urban100/image_SRF_4/img_061_SRF_4_LR.png,24.34264632442241,22.760874369810917,0.7419496843187632,0.7244819367457954
Urban100,img_061,trunk148m_best3500,/home/ubuntu/scratch/sr-diffusion/benchmark_outputs/stage2_bicubic_trunk148m_best3500/Urban100/img_061/base.png,/home/ubuntu/scratch/sr-diffusion/benchmarks/selfexsr/SelfExSR-master/data/Urban100/image_SRF_4/img_061_SRF_4_HR.png,/home/ubuntu/scratch/sr-diffusion/benchmarks/selfexsr/SelfExSR-master/data/Urban100/image_SRF_4/img_061_SRF_4_LR.png,24.341910562148957,22.759139672933873,0.7419473301991959,0.7244704339320567
Urban100,img_062,bicubic,generated:matlab_bicubic_resize,/home/ubuntu/scratch/sr-diffusion/benchmarks/selfexsr/SelfExSR-master/data/Urban100/image_SRF_4/img_062_SRF_4_HR.png,/home/ubuntu/scratch/sr-diffusion/benchmarks/selfexsr/SelfExSR-master/data/Urban100/image_SRF_4/img_062_SRF_4_LR.png,19.8606624401761,18.431772770315842,0.6458850221229868,0.624203593745086
Urban100,img_062,generalization_v3_best11500,/home/ubuntu/scratch/sr-diffusion/benchmark_outputs/stage2_bicubic_generalization_v3_best11500/Urban100/img_062/base.png,/home/ubuntu/scratch/sr-diffusion/benchmarks/selfexsr/SelfExSR-master/data/Urban100/image_SRF_4/img_062_SRF_4_HR.png,/home/ubuntu/scratch/sr-diffusion/benchmarks/selfexsr/SelfExSR-master/data/Urban100/image_SRF_4/img_062_SRF_4_LR.png,21.01757363976635,19.59721257510788,0.7752176223391783,0.753882775010246
Urban100,img_062,trunk148m_best3500,/home/ubuntu/scratch/sr-diffusion/benchmark_outputs/stage2_bicubic_trunk148m_best3500/Urban100/img_062/base.png,/home/ubuntu/scratch/sr-diffusion/benchmarks/selfexsr/SelfExSR-master/data/Urban100/image_SRF_4/img_062_SRF_4_HR.png,/home/ubuntu/scratch/sr-diffusion/benchmarks/selfexsr/SelfExSR-master/data/Urban100/image_SRF_4/img_062_SRF_4_LR.png,21.007763250537764,19.5888624482023,0.7751644123470337,0.7535309870938703
Urban100,img_063,bicubic,generated:matlab_bicubic_resize,/home/ubuntu/scratch/sr-diffusion/benchmarks/selfexsr/SelfExSR-master/data/Urban100/image_SRF_4/img_063_SRF_4_HR.png,/home/ubuntu/scratch/sr-diffusion/benchmarks/selfexsr/SelfExSR-master/data/Urban100/image_SRF_4/img_063_SRF_4_LR.png,17.954628605229544,16.747532272380383,0.43123074051208443,0.3862504228612314
Urban100,img_063,generalization_v3_best11500,/home/ubuntu/scratch/sr-diffusion/benchmark_outputs/stage2_bicubic_generalization_v3_best11500/Urban100/img_063/base.png,/home/ubuntu/scratch/sr-diffusion/benchmarks/selfexsr/SelfExSR-master/data/Urban100/image_SRF_4/img_063_SRF_4_HR.png,/home/ubuntu/scratch/sr-diffusion/benchmarks/selfexsr/SelfExSR-master/data/Urban100/image_SRF_4/img_063_SRF_4_LR.png,22.137840104394666,20.791024692502305,0.6148104121349088,0.5738632684835872
Urban100,img_063,trunk148m_best3500,/home/ubuntu/scratch/sr-diffusion/benchmark_outputs/stage2_bicubic_trunk148m_best3500/Urban100/img_063/base.png,/home/ubuntu/scratch/sr-diffusion/benchmarks/selfexsr/SelfExSR-master/data/Urban100/image_SRF_4/img_063_SRF_4_HR.png,/home/ubuntu/scratch/sr-diffusion/benchmarks/selfexsr/SelfExSR-master/data/Urban100/image_SRF_4/img_063_SRF_4_LR.png,22.15915807019615,20.813422008670486,0.6153665996512163,0.5746089816141496
Urban100,img_064,bicubic,generated:matlab_bicubic_resize,/home/ubuntu/scratch/sr-diffusion/benchmarks/selfexsr/SelfExSR-master/data/Urban100/image_SRF_4/img_064_SRF_4_HR.png,/home/ubuntu/scratch/sr-diffusion/benchmarks/selfexsr/SelfExSR-master/data/Urban100/image_SRF_4/img_064_SRF_4_LR.png,24.911751884280868,23.597111586733543,0.7029744157187847,0.6828821297683958
Urban100,img_064,generalization_v3_best11500,/home/ubuntu/scratch/sr-diffusion/benchmark_outputs/stage2_bicubic_generalization_v3_best11500/Urban100/img_064/base.png,/home/ubuntu/scratch/sr-diffusion/benchmarks/selfexsr/SelfExSR-master/data/Urban100/image_SRF_4/img_064_SRF_4_HR.png,/home/ubuntu/scratch/sr-diffusion/benchmarks/selfexsr/SelfExSR-master/data/Urban100/image_SRF_4/img_064_SRF_4_LR.png,26.36277335817097,25.00518723218621,0.7763317926791499,0.7592318771414396
Urban100,img_064,trunk148m_best3500,/home/ubuntu/scratch/sr-diffusion/benchmark_outputs/stage2_bicubic_trunk148m_best3500/Urban100/img_064/base.png,/home/ubuntu/scratch/sr-diffusion/benchmarks/selfexsr/SelfExSR-master/data/Urban100/image_SRF_4/img_064_SRF_4_HR.png,/home/ubuntu/scratch/sr-diffusion/benchmarks/selfexsr/SelfExSR-master/data/Urban100/image_SRF_4/img_064_SRF_4_LR.png,26.378559556571417,25.020648503538567,0.7769781264360246,0.7598864315132682
Urban100,img_065,bicubic,generated:matlab_bicubic_resize,/home/ubuntu/scratch/sr-diffusion/benchmarks/selfexsr/SelfExSR-master/data/Urban100/image_SRF_4/img_065_SRF_4_HR.png,/home/ubuntu/scratch/sr-diffusion/benchmarks/selfexsr/SelfExSR-master/data/Urban100/image_SRF_4/img_065_SRF_4_LR.png,23.92499605826941,22.26002238285279,0.6100779728996248,0.5861429211045038
Urban100,img_065,generalization_v3_best11500,/home/ubuntu/scratch/sr-diffusion/benchmark_outputs/stage2_bicubic_generalization_v3_best11500/Urban100/img_065/base.png,/home/ubuntu/scratch/sr-diffusion/benchmarks/selfexsr/SelfExSR-master/data/Urban100/image_SRF_4/img_065_SRF_4_HR.png,/home/ubuntu/scratch/sr-diffusion/benchmarks/selfexsr/SelfExSR-master/data/Urban100/image_SRF_4/img_065_SRF_4_LR.png,25.27702565558521,23.599133427465283,0.7136646837242543,0.6931373125285392
Urban100,img_065,trunk148m_best3500,/home/ubuntu/scratch/sr-diffusion/benchmark_outputs/stage2_bicubic_trunk148m_best3500/Urban100/img_065/base.png,/home/ubuntu/scratch/sr-diffusion/benchmarks/selfexsr/SelfExSR-master/data/Urban100/image_SRF_4/img_065_SRF_4_HR.png,/home/ubuntu/scratch/sr-diffusion/benchmarks/selfexsr/SelfExSR-master/data/Urban100/image_SRF_4/img_065_SRF_4_LR.png,25.23746183616868,23.560877173041312,0.7125289071107174,0.6921126530697923
Urban100,img_066,bicubic,generated:matlab_bicubic_resize,/home/ubuntu/scratch/sr-diffusion/benchmarks/selfexsr/SelfExSR-master/data/Urban100/image_SRF_4/img_066_SRF_4_HR.png,/home/ubuntu/scratch/sr-diffusion/benchmarks/selfexsr/SelfExSR-master/data/Urban100/image_SRF_4/img_066_SRF_4_LR.png,21.337516884349167,20.014394519723876,0.5568841163810392,0.5298076075752408
Urban100,img_066,generalization_v3_best11500,/home/ubuntu/scratch/sr-diffusion/benchmark_outputs/stage2_bicubic_generalization_v3_best11500/Urban100/img_066/base.png,/home/ubuntu/scratch/sr-diffusion/benchmarks/selfexsr/SelfExSR-master/data/Urban100/image_SRF_4/img_066_SRF_4_HR.png,/home/ubuntu/scratch/sr-diffusion/benchmarks/selfexsr/SelfExSR-master/data/Urban100/image_SRF_4/img_066_SRF_4_LR.png,22.2402773227331,20.913555375850397,0.6464599433979481,0.623963020089501
Urban100,img_066,trunk148m_best3500,/home/ubuntu/scratch/sr-diffusion/benchmark_outputs/stage2_bicubic_trunk148m_best3500/Urban100/img_066/base.png,/home/ubuntu/scratch/sr-diffusion/benchmarks/selfexsr/SelfExSR-master/data/Urban100/image_SRF_4/img_066_SRF_4_HR.png,/home/ubuntu/scratch/sr-diffusion/benchmarks/selfexsr/SelfExSR-master/data/Urban100/image_SRF_4/img_066_SRF_4_LR.png,22.236957658855246,20.91043894974471,0.6466776193657319,0.6242203869282862
Urban100,img_067,bicubic,generated:matlab_bicubic_resize,/home/ubuntu/scratch/sr-diffusion/benchmarks/selfexsr/SelfExSR-master/data/Urban100/image_SRF_4/img_067_SRF_4_HR.png,/home/ubuntu/scratch/sr-diffusion/benchmarks/selfexsr/SelfExSR-master/data/Urban100/image_SRF_4/img_067_SRF_4_LR.png,16.962489608668506,15.483680219744985,0.7029382744368726,0.6748043606725272
Urban100,img_067,generalization_v3_best11500,/home/ubuntu/scratch/sr-diffusion/benchmark_outputs/stage2_bicubic_generalization_v3_best11500/Urban100/img_067/base.png,/home/ubuntu/scratch/sr-diffusion/benchmarks/selfexsr/SelfExSR-master/data/Urban100/image_SRF_4/img_067_SRF_4_HR.png,/home/ubuntu/scratch/sr-diffusion/benchmarks/selfexsr/SelfExSR-master/data/Urban100/image_SRF_4/img_067_SRF_4_LR.png,18.891340936353487,17.455054883790453,0.8521024033592942,0.8275997872376323
Urban100,img_067,trunk148m_best3500,/home/ubuntu/scratch/sr-diffusion/benchmark_outputs/stage2_bicubic_trunk148m_best3500/Urban100/img_067/base.png,/home/ubuntu/scratch/sr-diffusion/benchmarks/selfexsr/SelfExSR-master/data/Urban100/image_SRF_4/img_067_SRF_4_HR.png,/home/ubuntu/scratch/sr-diffusion/benchmarks/selfexsr/SelfExSR-master/data/Urban100/image_SRF_4/img_067_SRF_4_LR.png,18.896499111716306,17.461459316292032,0.8524826724015836,0.8280982586659915
Urban100,img_068,bicubic,generated:matlab_bicubic_resize,/home/ubuntu/scratch/sr-diffusion/benchmarks/selfexsr/SelfExSR-master/data/Urban100/image_SRF_4/img_068_SRF_4_HR.png,/home/ubuntu/scratch/sr-diffusion/benchmarks/selfexsr/SelfExSR-master/data/Urban100/image_SRF_4/img_068_SRF_4_LR.png,26.92462701535408,25.571603386377486,0.7504753116811578,0.7264514571759983
Urban100,img_068,generalization_v3_best11500,/home/ubuntu/scratch/sr-diffusion/benchmark_outputs/stage2_bicubic_generalization_v3_best11500/Urban100/img_068/base.png,/home/ubuntu/scratch/sr-diffusion/benchmarks/selfexsr/SelfExSR-master/data/Urban100/image_SRF_4/img_068_SRF_4_HR.png,/home/ubuntu/scratch/sr-diffusion/benchmarks/selfexsr/SelfExSR-master/data/Urban100/image_SRF_4/img_068_SRF_4_LR.png,30.047465978899254,28.62265805044792,0.8758908817926445,0.8583224711306965
Urban100,img_068,trunk148m_best3500,/home/ubuntu/scratch/sr-diffusion/benchmark_outputs/stage2_bicubic_trunk148m_best3500/Urban100/img_068/base.png,/home/ubuntu/scratch/sr-diffusion/benchmarks/selfexsr/SelfExSR-master/data/Urban100/image_SRF_4/img_068_SRF_4_HR.png,/home/ubuntu/scratch/sr-diffusion/benchmarks/selfexsr/SelfExSR-master/data/Urban100/image_SRF_4/img_068_SRF_4_LR.png,30.049166345450868,28.625595862622397,0.8762047601425523,0.8588030828596981
Urban100,img_069,bicubic,generated:matlab_bicubic_resize,/home/ubuntu/scratch/sr-diffusion/benchmarks/selfexsr/SelfExSR-master/data/Urban100/image_SRF_4/img_069_SRF_4_HR.png,/home/ubuntu/scratch/sr-diffusion/benchmarks/selfexsr/SelfExSR-master/data/Urban100/image_SRF_4/img_069_SRF_4_LR.png,22.899728023100604,21.61501155011212,0.6307582042739128,0.6047569190455709
Urban100,img_069,generalization_v3_best11500,/home/ubuntu/scratch/sr-diffusion/benchmark_outputs/stage2_bicubic_generalization_v3_best11500/Urban100/img_069/base.png,/home/ubuntu/scratch/sr-diffusion/benchmarks/selfexsr/SelfExSR-master/data/Urban100/image_SRF_4/img_069_SRF_4_HR.png,/home/ubuntu/scratch/sr-diffusion/benchmarks/selfexsr/SelfExSR-master/data/Urban100/image_SRF_4/img_069_SRF_4_LR.png,24.596429243604653,23.272438435636815,0.7495961071295608,0.7286268944641754
Urban100,img_069,trunk148m_best3500,/home/ubuntu/scratch/sr-diffusion/benchmark_outputs/stage2_bicubic_trunk148m_best3500/Urban100/img_069/base.png,/home/ubuntu/scratch/sr-diffusion/benchmarks/selfexsr/SelfExSR-master/data/Urban100/image_SRF_4/img_069_SRF_4_HR.png,/home/ubuntu/scratch/sr-diffusion/benchmarks/selfexsr/SelfExSR-master/data/Urban100/image_SRF_4/img_069_SRF_4_LR.png,24.59673055386834,23.272778440208135,0.7501528231252546,0.7292926790398381
Urban100,img_070,bicubic,generated:matlab_bicubic_resize,/home/ubuntu/scratch/sr-diffusion/benchmarks/selfexsr/SelfExSR-master/data/Urban100/image_SRF_4/img_070_SRF_4_HR.png,/home/ubuntu/scratch/sr-diffusion/benchmarks/selfexsr/SelfExSR-master/data/Urban100/image_SRF_4/img_070_SRF_4_LR.png,21.5011553622232,20.184022242586362,0.5264459858423846,0.5049707153824903
Urban100,img_070,generalization_v3_best11500,/home/ubuntu/scratch/sr-diffusion/benchmark_outputs/stage2_bicubic_generalization_v3_best11500/Urban100/img_070/base.png,/home/ubuntu/scratch/sr-diffusion/benchmarks/selfexsr/SelfExSR-master/data/Urban100/image_SRF_4/img_070_SRF_4_HR.png,/home/ubuntu/scratch/sr-diffusion/benchmarks/selfexsr/SelfExSR-master/data/Urban100/image_SRF_4/img_070_SRF_4_LR.png,22.10130987778839,20.777462903453948,0.5981263143778628,0.5780987639331515
Urban100,img_070,trunk148m_best3500,/home/ubuntu/scratch/sr-diffusion/benchmark_outputs/stage2_bicubic_trunk148m_best3500/Urban100/img_070/base.png,/home/ubuntu/scratch/sr-diffusion/benchmarks/selfexsr/SelfExSR-master/data/Urban100/image_SRF_4/img_070_SRF_4_HR.png,/home/ubuntu/scratch/sr-diffusion/benchmarks/selfexsr/SelfExSR-master/data/Urban100/image_SRF_4/img_070_SRF_4_LR.png,22.117222500036608,20.792770354994886,0.598542517335669,0.5786056382516872
Urban100,img_071,bicubic,generated:matlab_bicubic_resize,/home/ubuntu/scratch/sr-diffusion/benchmarks/selfexsr/SelfExSR-master/data/Urban100/image_SRF_4/img_071_SRF_4_HR.png,/home/ubuntu/scratch/sr-diffusion/benchmarks/selfexsr/SelfExSR-master/data/Urban100/image_SRF_4/img_071_SRF_4_LR.png,25.7148361950504,24.323834417593467,0.5557747978767604,0.5119210460806672
Urban100,img_071,generalization_v3_best11500,/home/ubuntu/scratch/sr-diffusion/benchmark_outputs/stage2_bicubic_generalization_v3_best11500/Urban100/img_071/base.png,/home/ubuntu/scratch/sr-diffusion/benchmarks/selfexsr/SelfExSR-master/data/Urban100/image_SRF_4/img_071_SRF_4_HR.png,/home/ubuntu/scratch/sr-diffusion/benchmarks/selfexsr/SelfExSR-master/data/Urban100/image_SRF_4/img_071_SRF_4_LR.png,27.709751863449107,26.351865819452836,0.655153592389549,0.6181118140468298
Urban100,img_071,trunk148m_best3500,/home/ubuntu/scratch/sr-diffusion/benchmark_outputs/stage2_bicubic_trunk148m_best3500/Urban100/img_071/base.png,/home/ubuntu/scratch/sr-diffusion/benchmarks/selfexsr/SelfExSR-master/data/Urban100/image_SRF_4/img_071_SRF_4_HR.png,/home/ubuntu/scratch/sr-diffusion/benchmarks/selfexsr/SelfExSR-master/data/Urban100/image_SRF_4/img_071_SRF_4_LR.png,27.714662226228825,26.357479622544716,0.6555708176515826,0.6185964573355442
Urban100,img_072,bicubic,generated:matlab_bicubic_resize,/home/ubuntu/scratch/sr-diffusion/benchmarks/selfexsr/SelfExSR-master/data/Urban100/image_SRF_4/img_072_SRF_4_HR.png,/home/ubuntu/scratch/sr-diffusion/benchmarks/selfexsr/SelfExSR-master/data/Urban100/image_SRF_4/img_072_SRF_4_LR.png,16.684619670248853,15.362698358372116,0.5620626042916426,0.5462410819094191
Urban100,img_072,generalization_v3_best11500,/home/ubuntu/scratch/sr-diffusion/benchmark_outputs/stage2_bicubic_generalization_v3_best11500/Urban100/img_072/base.png,/home/ubuntu/scratch/sr-diffusion/benchmarks/selfexsr/SelfExSR-master/data/Urban100/image_SRF_4/img_072_SRF_4_HR.png,/home/ubuntu/scratch/sr-diffusion/benchmarks/selfexsr/SelfExSR-master/data/Urban100/image_SRF_4/img_072_SRF_4_LR.png,19.83002973816757,18.50199346414008,0.8033099032227438,0.7965279144532378
Urban100,img_072,trunk148m_best3500,/home/ubuntu/scratch/sr-diffusion/benchmark_outputs/stage2_bicubic_trunk148m_best3500/Urban100/img_072/base.png,/home/ubuntu/scratch/sr-diffusion/benchmarks/selfexsr/SelfExSR-master/data/Urban100/image_SRF_4/img_072_SRF_4_HR.png,/home/ubuntu/scratch/sr-diffusion/benchmarks/selfexsr/SelfExSR-master/data/Urban100/image_SRF_4/img_072_SRF_4_LR.png,19.840157414150603,18.511908657845197,0.8038249523562625,0.7970720689233687
Urban100,img_073,bicubic,generated:matlab_bicubic_resize,/home/ubuntu/scratch/sr-diffusion/benchmarks/selfexsr/SelfExSR-master/data/Urban100/image_SRF_4/img_073_SRF_4_HR.png,/home/ubuntu/scratch/sr-diffusion/benchmarks/selfexsr/SelfExSR-master/data/Urban100/image_SRF_4/img_073_SRF_4_LR.png,19.47599854140567,18.20376431177828,0.43737217106819615,0.42032032153526444
Urban100,img_073,generalization_v3_best11500,/home/ubuntu/scratch/sr-diffusion/benchmark_outputs/stage2_bicubic_generalization_v3_best11500/Urban100/img_073/base.png,/home/ubuntu/scratch/sr-diffusion/benchmarks/selfexsr/SelfExSR-master/data/Urban100/image_SRF_4/img_073_SRF_4_HR.png,/home/ubuntu/scratch/sr-diffusion/benchmarks/selfexsr/SelfExSR-master/data/Urban100/image_SRF_4/img_073_SRF_4_LR.png,19.93005651602202,18.626032703110084,0.5498639704908481,0.5308066240340358
Urban100,img_073,trunk148m_best3500,/home/ubuntu/scratch/sr-diffusion/benchmark_outputs/stage2_bicubic_trunk148m_best3500/Urban100/img_073/base.png,/home/ubuntu/scratch/sr-diffusion/benchmarks/selfexsr/SelfExSR-master/data/Urban100/image_SRF_4/img_073_SRF_4_HR.png,/home/ubuntu/scratch/sr-diffusion/benchmarks/selfexsr/SelfExSR-master/data/Urban100/image_SRF_4/img_073_SRF_4_LR.png,19.851930219418257,18.55031585062494,0.5472446194603944,0.5282440084342243
Urban100,img_074,bicubic,generated:matlab_bicubic_resize,/home/ubuntu/scratch/sr-diffusion/benchmarks/selfexsr/SelfExSR-master/data/Urban100/image_SRF_4/img_074_SRF_4_HR.png,/home/ubuntu/scratch/sr-diffusion/benchmarks/selfexsr/SelfExSR-master/data/Urban100/image_SRF_4/img_074_SRF_4_LR.png,22.16004435238125,20.638845555173738,0.5552510470857125,0.5383828999443776
Urban100,img_074,generalization_v3_best11500,/home/ubuntu/scratch/sr-diffusion/benchmark_outputs/stage2_bicubic_generalization_v3_best11500/Urban100/img_074/base.png,/home/ubuntu/scratch/sr-diffusion/benchmarks/selfexsr/SelfExSR-master/data/Urban100/image_SRF_4/img_074_SRF_4_HR.png,/home/ubuntu/scratch/sr-diffusion/benchmarks/selfexsr/SelfExSR-master/data/Urban100/image_SRF_4/img_074_SRF_4_LR.png,23.374468494085786,21.891792771843832,0.6831894435154474,0.6714425965603791
Urban100,img_074,trunk148m_best3500,/home/ubuntu/scratch/sr-diffusion/benchmark_outputs/stage2_bicubic_trunk148m_best3500/Urban100/img_074/base.png,/home/ubuntu/scratch/sr-diffusion/benchmarks/selfexsr/SelfExSR-master/data/Urban100/image_SRF_4/img_074_SRF_4_HR.png,/home/ubuntu/scratch/sr-diffusion/benchmarks/selfexsr/SelfExSR-master/data/Urban100/image_SRF_4/img_074_SRF_4_LR.png,23.38058351626114,21.89805817765751,0.6828660554131859,0.671112252229733
Urban100,img_075,bicubic,generated:matlab_bicubic_resize,/home/ubuntu/scratch/sr-diffusion/benchmarks/selfexsr/SelfExSR-master/data/Urban100/image_SRF_4/img_075_SRF_4_HR.png,/home/ubuntu/scratch/sr-diffusion/benchmarks/selfexsr/SelfExSR-master/data/Urban100/image_SRF_4/img_075_SRF_4_LR.png,27.090153565785986,25.376615933932243,0.8028352842743274,0.7762417404025778
Urban100,img_075,generalization_v3_best11500,/home/ubuntu/scratch/sr-diffusion/benchmark_outputs/stage2_bicubic_generalization_v3_best11500/Urban100/img_075/base.png,/home/ubuntu/scratch/sr-diffusion/benchmarks/selfexsr/SelfExSR-master/data/Urban100/image_SRF_4/img_075_SRF_4_HR.png,/home/ubuntu/scratch/sr-diffusion/benchmarks/selfexsr/SelfExSR-master/data/Urban100/image_SRF_4/img_075_SRF_4_LR.png,31.25649915193465,29.445242196952258,0.8820621004085127,0.8578742971721921
Urban100,img_075,trunk148m_best3500,/home/ubuntu/scratch/sr-diffusion/benchmark_outputs/stage2_bicubic_trunk148m_best3500/Urban100/img_075/base.png,/home/ubuntu/scratch/sr-diffusion/benchmarks/selfexsr/SelfExSR-master/data/Urban100/image_SRF_4/img_075_SRF_4_HR.png,/home/ubuntu/scratch/sr-diffusion/benchmarks/selfexsr/SelfExSR-master/data/Urban100/image_SRF_4/img_075_SRF_4_LR.png,31.286460563823645,29.475324084351726,0.8825428744814231,0.8583830146037394
Urban100,img_076,bicubic,generated:matlab_bicubic_resize,/home/ubuntu/scratch/sr-diffusion/benchmarks/selfexsr/SelfExSR-master/data/Urban100/image_SRF_4/img_076_SRF_4_HR.png,/home/ubuntu/scratch/sr-diffusion/benchmarks/selfexsr/SelfExSR-master/data/Urban100/image_SRF_4/img_076_SRF_4_LR.png,21.574132843644364,20.113184236409694,0.628848509706735,0.6098270398803406
Urban100,img_076,generalization_v3_best11500,/home/ubuntu/scratch/sr-diffusion/benchmark_outputs/stage2_bicubic_generalization_v3_best11500/Urban100/img_076/base.png,/home/ubuntu/scratch/sr-diffusion/benchmarks/selfexsr/SelfExSR-master/data/Urban100/image_SRF_4/img_076_SRF_4_HR.png,/home/ubuntu/scratch/sr-diffusion/benchmarks/selfexsr/SelfExSR-master/data/Urban100/image_SRF_4/img_076_SRF_4_LR.png,22.379960159673118,20.898974937329406,0.7112465915877035,0.6925037690082451
Urban100,img_076,trunk148m_best3500,/home/ubuntu/scratch/sr-diffusion/benchmark_outputs/stage2_bicubic_trunk148m_best3500/Urban100/img_076/base.png,/home/ubuntu/scratch/sr-diffusion/benchmarks/selfexsr/SelfExSR-master/data/Urban100/image_SRF_4/img_076_SRF_4_HR.png,/home/ubuntu/scratch/sr-diffusion/benchmarks/selfexsr/SelfExSR-master/data/Urban100/image_SRF_4/img_076_SRF_4_LR.png,22.315481810696976,20.83937310911199,0.7095501400524036,0.6908709689699384
Urban100,img_077,bicubic,generated:matlab_bicubic_resize,/home/ubuntu/scratch/sr-diffusion/benchmarks/selfexsr/SelfExSR-master/data/Urban100/image_SRF_4/img_077_SRF_4_HR.png,/home/ubuntu/scratch/sr-diffusion/benchmarks/selfexsr/SelfExSR-master/data/Urban100/image_SRF_4/img_077_SRF_4_LR.png,22.01419953080282,20.60811889634405,0.6000805835814893,0.5819953452372909
Urban100,img_077,generalization_v3_best11500,/home/ubuntu/scratch/sr-diffusion/benchmark_outputs/stage2_bicubic_generalization_v3_best11500/Urban100/img_077/base.png,/home/ubuntu/scratch/sr-diffusion/benchmarks/selfexsr/SelfExSR-master/data/Urban100/image_SRF_4/img_077_SRF_4_HR.png,/home/ubuntu/scratch/sr-diffusion/benchmarks/selfexsr/SelfExSR-master/data/Urban100/image_SRF_4/img_077_SRF_4_LR.png,22.593211136767724,21.19049144119984,0.6726930720535289,0.6554286459120614
Urban100,img_077,trunk148m_best3500,/home/ubuntu/scratch/sr-diffusion/benchmark_outputs/stage2_bicubic_trunk148m_best3500/Urban100/img_077/base.png,/home/ubuntu/scratch/sr-diffusion/benchmarks/selfexsr/SelfExSR-master/data/Urban100/image_SRF_4/img_077_SRF_4_HR.png,/home/ubuntu/scratch/sr-diffusion/benchmarks/selfexsr/SelfExSR-master/data/Urban100/image_SRF_4/img_077_SRF_4_LR.png,22.59865572337553,21.19558255058785,0.6730949875073293,0.6557704593035794
Urban100,img_078,bicubic,generated:matlab_bicubic_resize,/home/ubuntu/scratch/sr-diffusion/benchmarks/selfexsr/SelfExSR-master/data/Urban100/image_SRF_4/img_078_SRF_4_HR.png,/home/ubuntu/scratch/sr-diffusion/benchmarks/selfexsr/SelfExSR-master/data/Urban100/image_SRF_4/img_078_SRF_4_LR.png,25.704446418878426,24.545880840535965,0.679749846331392,0.6369629563270108
Urban100,img_078,generalization_v3_best11500,/home/ubuntu/scratch/sr-diffusion/benchmark_outputs/stage2_bicubic_generalization_v3_best11500/Urban100/img_078/base.png,/home/ubuntu/scratch/sr-diffusion/benchmarks/selfexsr/SelfExSR-master/data/Urban100/image_SRF_4/img_078_SRF_4_HR.png,/home/ubuntu/scratch/sr-diffusion/benchmarks/selfexsr/SelfExSR-master/data/Urban100/image_SRF_4/img_078_SRF_4_LR.png,27.04959780466107,25.84347008230159,0.7662097817497637,0.7307648055416643
Urban100,img_078,trunk148m_best3500,/home/ubuntu/scratch/sr-diffusion/benchmark_outputs/stage2_bicubic_trunk148m_best3500/Urban100/img_078/base.png,/home/ubuntu/scratch/sr-diffusion/benchmarks/selfexsr/SelfExSR-master/data/Urban100/image_SRF_4/img_078_SRF_4_HR.png,/home/ubuntu/scratch/sr-diffusion/benchmarks/selfexsr/SelfExSR-master/data/Urban100/image_SRF_4/img_078_SRF_4_LR.png,27.01173515946553,25.805957560574775,0.7670451719530404,0.7314039282059298
Urban100,img_079,bicubic,generated:matlab_bicubic_resize,/home/ubuntu/scratch/sr-diffusion/benchmarks/selfexsr/SelfExSR-master/data/Urban100/image_SRF_4/img_079_SRF_4_HR.png,/home/ubuntu/scratch/sr-diffusion/benchmarks/selfexsr/SelfExSR-master/data/Urban100/image_SRF_4/img_079_SRF_4_LR.png,23.82218745021425,22.398722205031262,0.5927952265593148,0.5629260070884378
Urban100,img_079,generalization_v3_best11500,/home/ubuntu/scratch/sr-diffusion/benchmark_outputs/stage2_bicubic_generalization_v3_best11500/Urban100/img_079/base.png,/home/ubuntu/scratch/sr-diffusion/benchmarks/selfexsr/SelfExSR-master/data/Urban100/image_SRF_4/img_079_SRF_4_HR.png,/home/ubuntu/scratch/sr-diffusion/benchmarks/selfexsr/SelfExSR-master/data/Urban100/image_SRF_4/img_079_SRF_4_LR.png,25.11965749771964,23.684594135174528,0.6878557021173297,0.6599874124535412
Urban100,img_079,trunk148m_best3500,/home/ubuntu/scratch/sr-diffusion/benchmark_outputs/stage2_bicubic_trunk148m_best3500/Urban100/img_079/base.png,/home/ubuntu/scratch/sr-diffusion/benchmarks/selfexsr/SelfExSR-master/data/Urban100/image_SRF_4/img_079_SRF_4_HR.png,/home/ubuntu/scratch/sr-diffusion/benchmarks/selfexsr/SelfExSR-master/data/Urban100/image_SRF_4/img_079_SRF_4_LR.png,25.112687734606766,23.678605219072967,0.6878227589784817,0.6600204283669103
Urban100,img_080,bicubic,generated:matlab_bicubic_resize,/home/ubuntu/scratch/sr-diffusion/benchmarks/selfexsr/SelfExSR-master/data/Urban100/image_SRF_4/img_080_SRF_4_HR.png,/home/ubuntu/scratch/sr-diffusion/benchmarks/selfexsr/SelfExSR-master/data/Urban100/image_SRF_4/img_080_SRF_4_LR.png,32.706356430289325,31.217245633222475,0.9169993844651327,0.9005277676179433
Urban100,img_080,generalization_v3_best11500,/home/ubuntu/scratch/sr-diffusion/benchmark_outputs/stage2_bicubic_generalization_v3_best11500/Urban100/img_080/base.png,/home/ubuntu/scratch/sr-diffusion/benchmarks/selfexsr/SelfExSR-master/data/Urban100/image_SRF_4/img_080_SRF_4_HR.png,/home/ubuntu/scratch/sr-diffusion/benchmarks/selfexsr/SelfExSR-master/data/Urban100/image_SRF_4/img_080_SRF_4_LR.png,35.25285218562647,33.714567441838064,0.9482159131558047,0.9337097559993642
Urban100,img_080,trunk148m_best3500,/home/ubuntu/scratch/sr-diffusion/benchmark_outputs/stage2_bicubic_trunk148m_best3500/Urban100/img_080/base.png,/home/ubuntu/scratch/sr-diffusion/benchmarks/selfexsr/SelfExSR-master/data/Urban100/image_SRF_4/img_080_SRF_4_HR.png,/home/ubuntu/scratch/sr-diffusion/benchmarks/selfexsr/SelfExSR-master/data/Urban100/image_SRF_4/img_080_SRF_4_LR.png,35.30427412536068,33.76680721995851,0.949002655710204,0.9346454571089876
Urban100,img_081,bicubic,generated:matlab_bicubic_resize,/home/ubuntu/scratch/sr-diffusion/benchmarks/selfexsr/SelfExSR-master/data/Urban100/image_SRF_4/img_081_SRF_4_HR.png,/home/ubuntu/scratch/sr-diffusion/benchmarks/selfexsr/SelfExSR-master/data/Urban100/image_SRF_4/img_081_SRF_4_LR.png,28.579735396030856,26.40244610994577,0.8933234270449036,0.8616432886350124
Urban100,img_081,generalization_v3_best11500,/home/ubuntu/scratch/sr-diffusion/benchmark_outputs/stage2_bicubic_generalization_v3_best11500/Urban100/img_081/base.png,/home/ubuntu/scratch/sr-diffusion/benchmarks/selfexsr/SelfExSR-master/data/Urban100/image_SRF_4/img_081_SRF_4_HR.png,/home/ubuntu/scratch/sr-diffusion/benchmarks/selfexsr/SelfExSR-master/data/Urban100/image_SRF_4/img_081_SRF_4_LR.png,35.72081881568987,32.8994152641127,0.9650998873260768,0.9204565160099253
Urban100,img_081,trunk148m_best3500,/home/ubuntu/scratch/sr-diffusion/benchmark_outputs/stage2_bicubic_trunk148m_best3500/Urban100/img_081/base.png,/home/ubuntu/scratch/sr-diffusion/benchmarks/selfexsr/SelfExSR-master/data/Urban100/image_SRF_4/img_081_SRF_4_HR.png,/home/ubuntu/scratch/sr-diffusion/benchmarks/selfexsr/SelfExSR-master/data/Urban100/image_SRF_4/img_081_SRF_4_LR.png,35.76659235053297,32.98037220101158,0.9651563486374622,0.9208270294315165
Urban100,img_082,bicubic,generated:matlab_bicubic_resize,/home/ubuntu/scratch/sr-diffusion/benchmarks/selfexsr/SelfExSR-master/data/Urban100/image_SRF_4/img_082_SRF_4_HR.png,/home/ubuntu/scratch/sr-diffusion/benchmarks/selfexsr/SelfExSR-master/data/Urban100/image_SRF_4/img_082_SRF_4_LR.png,27.710101765329625,26.25330802094092,0.8738831917033252,0.8489874052292788
Urban100,img_082,generalization_v3_best11500,/home/ubuntu/scratch/sr-diffusion/benchmark_outputs/stage2_bicubic_generalization_v3_best11500/Urban100/img_082/base.png,/home/ubuntu/scratch/sr-diffusion/benchmarks/selfexsr/SelfExSR-master/data/Urban100/image_SRF_4/img_082_SRF_4_HR.png,/home/ubuntu/scratch/sr-diffusion/benchmarks/selfexsr/SelfExSR-master/data/Urban100/image_SRF_4/img_082_SRF_4_LR.png,32.21139056353718,30.671265865593007,0.9381459113947159,0.9151335233921936
Urban100,img_082,trunk148m_best3500,/home/ubuntu/scratch/sr-diffusion/benchmark_outputs/stage2_bicubic_trunk148m_best3500/Urban100/img_082/base.png,/home/ubuntu/scratch/sr-diffusion/benchmarks/selfexsr/SelfExSR-master/data/Urban100/image_SRF_4/img_082_SRF_4_HR.png,/home/ubuntu/scratch/sr-diffusion/benchmarks/selfexsr/SelfExSR-master/data/Urban100/image_SRF_4/img_082_SRF_4_LR.png,32.22368197867763,30.684074473519033,0.9385467439168532,0.9151720148457878
Urban100,img_083,bicubic,generated:matlab_bicubic_resize,/home/ubuntu/scratch/sr-diffusion/benchmarks/selfexsr/SelfExSR-master/data/Urban100/image_SRF_4/img_083_SRF_4_HR.png,/home/ubuntu/scratch/sr-diffusion/benchmarks/selfexsr/SelfExSR-master/data/Urban100/image_SRF_4/img_083_SRF_4_LR.png,20.492521283207495,19.238530480652592,0.5547641805052183,0.5321064364732476
Urban100,img_083,generalization_v3_best11500,/home/ubuntu/scratch/sr-diffusion/benchmark_outputs/stage2_bicubic_generalization_v3_best11500/Urban100/img_083/base.png,/home/ubuntu/scratch/sr-diffusion/benchmarks/selfexsr/SelfExSR-master/data/Urban100/image_SRF_4/img_083_SRF_4_HR.png,/home/ubuntu/scratch/sr-diffusion/benchmarks/selfexsr/SelfExSR-master/data/Urban100/image_SRF_4/img_083_SRF_4_LR.png,22.029405846264606,20.75981788260167,0.6831532717363538,0.6642470385096292
Urban100,img_083,trunk148m_best3500,/home/ubuntu/scratch/sr-diffusion/benchmark_outputs/stage2_bicubic_trunk148m_best3500/Urban100/img_083/base.png,/home/ubuntu/scratch/sr-diffusion/benchmarks/selfexsr/SelfExSR-master/data/Urban100/image_SRF_4/img_083_SRF_4_HR.png,/home/ubuntu/scratch/sr-diffusion/benchmarks/selfexsr/SelfExSR-master/data/Urban100/image_SRF_4/img_083_SRF_4_LR.png,22.04415077176761,20.774651495257316,0.6841251198741906,0.6648505465135391
Urban100,img_084,bicubic,generated:matlab_bicubic_resize,/home/ubuntu/scratch/sr-diffusion/benchmarks/selfexsr/SelfExSR-master/data/Urban100/image_SRF_4/img_084_SRF_4_HR.png,/home/ubuntu/scratch/sr-diffusion/benchmarks/selfexsr/SelfExSR-master/data/Urban100/image_SRF_4/img_084_SRF_4_LR.png,26.475556054499076,25.087999910013018,0.7158806514340254,0.686546856856721
Urban100,img_084,generalization_v3_best11500,/home/ubuntu/scratch/sr-diffusion/benchmark_outputs/stage2_bicubic_generalization_v3_best11500/Urban100/img_084/base.png,/home/ubuntu/scratch/sr-diffusion/benchmarks/selfexsr/SelfExSR-master/data/Urban100/image_SRF_4/img_084_SRF_4_HR.png,/home/ubuntu/scratch/sr-diffusion/benchmarks/selfexsr/SelfExSR-master/data/Urban100/image_SRF_4/img_084_SRF_4_LR.png,28.40381731629882,26.857392418846114,0.803082404738815,0.7751359486395053
Urban100,img_084,trunk148m_best3500,/home/ubuntu/scratch/sr-diffusion/benchmark_outputs/stage2_bicubic_trunk148m_best3500/Urban100/img_084/base.png,/home/ubuntu/scratch/sr-diffusion/benchmarks/selfexsr/SelfExSR-master/data/Urban100/image_SRF_4/img_084_SRF_4_HR.png,/home/ubuntu/scratch/sr-diffusion/benchmarks/selfexsr/SelfExSR-master/data/Urban100/image_SRF_4/img_084_SRF_4_LR.png,28.411020746529726,26.864876945141685,0.80396915794175,0.7760702293218591
Urban100,img_085,bicubic,generated:matlab_bicubic_resize,/home/ubuntu/scratch/sr-diffusion/benchmarks/selfexsr/SelfExSR-master/data/Urban100/image_SRF_4/img_085_SRF_4_HR.png,/home/ubuntu/scratch/sr-diffusion/benchmarks/selfexsr/SelfExSR-master/data/Urban100/image_SRF_4/img_085_SRF_4_LR.png,25.903557171401093,24.36979725863731,0.837408964475899,0.8246066351645766
Urban100,img_085,generalization_v3_best11500,/home/ubuntu/scratch/sr-diffusion/benchmark_outputs/stage2_bicubic_generalization_v3_best11500/Urban100/img_085/base.png,/home/ubuntu/scratch/sr-diffusion/benchmarks/selfexsr/SelfExSR-master/data/Urban100/image_SRF_4/img_085_SRF_4_HR.png,/home/ubuntu/scratch/sr-diffusion/benchmarks/selfexsr/SelfExSR-master/data/Urban100/image_SRF_4/img_085_SRF_4_LR.png,27.840972298287298,26.271517941908684,0.893468702759202,0.8785160630913332
Urban100,img_085,trunk148m_best3500,/home/ubuntu/scratch/sr-diffusion/benchmark_outputs/stage2_bicubic_trunk148m_best3500/Urban100/img_085/base.png,/home/ubuntu/scratch/sr-diffusion/benchmarks/selfexsr/SelfExSR-master/data/Urban100/image_SRF_4/img_085_SRF_4_HR.png,/home/ubuntu/scratch/sr-diffusion/benchmarks/selfexsr/SelfExSR-master/data/Urban100/image_SRF_4/img_085_SRF_4_LR.png,27.83077150595897,26.26468020284186,0.8927877824053339,0.8777479415927996
Urban100,img_086,bicubic,generated:matlab_bicubic_resize,/home/ubuntu/scratch/sr-diffusion/benchmarks/selfexsr/SelfExSR-master/data/Urban100/image_SRF_4/img_086_SRF_4_HR.png,/home/ubuntu/scratch/sr-diffusion/benchmarks/selfexsr/SelfExSR-master/data/Urban100/image_SRF_4/img_086_SRF_4_LR.png,28.00742953694785,26.61515987427469,0.832379757879749,0.8120987792030729
Urban100,img_086,generalization_v3_best11500,/home/ubuntu/scratch/sr-diffusion/benchmark_outputs/stage2_bicubic_generalization_v3_best11500/Urban100/img_086/base.png,/home/ubuntu/scratch/sr-diffusion/benchmarks/selfexsr/SelfExSR-master/data/Urban100/image_SRF_4/img_086_SRF_4_HR.png,/home/ubuntu/scratch/sr-diffusion/benchmarks/selfexsr/SelfExSR-master/data/Urban100/image_SRF_4/img_086_SRF_4_LR.png,30.270063115382023,28.813223750716354,0.8843907267959628,0.8659816986773196
Urban100,img_086,trunk148m_best3500,/home/ubuntu/scratch/sr-diffusion/benchmark_outputs/stage2_bicubic_trunk148m_best3500/Urban100/img_086/base.png,/home/ubuntu/scratch/sr-diffusion/benchmarks/selfexsr/SelfExSR-master/data/Urban100/image_SRF_4/img_086_SRF_4_HR.png,/home/ubuntu/scratch/sr-diffusion/benchmarks/selfexsr/SelfExSR-master/data/Urban100/image_SRF_4/img_086_SRF_4_LR.png,30.307873617727694,28.85127995559295,0.88442515351461,0.8659990040255608
Urban100,img_087,bicubic,generated:matlab_bicubic_resize,/home/ubuntu/scratch/sr-diffusion/benchmarks/selfexsr/SelfExSR-master/data/Urban100/image_SRF_4/img_087_SRF_4_HR.png,/home/ubuntu/scratch/sr-diffusion/benchmarks/selfexsr/SelfExSR-master/data/Urban100/image_SRF_4/img_087_SRF_4_LR.png,22.854783608600584,21.57692792936598,0.7409205376535272,0.7136399195167463
Urban100,img_087,generalization_v3_best11500,/home/ubuntu/scratch/sr-diffusion/benchmark_outputs/stage2_bicubic_generalization_v3_best11500/Urban100/img_087/base.png,/home/ubuntu/scratch/sr-diffusion/benchmarks/selfexsr/SelfExSR-master/data/Urban100/image_SRF_4/img_087_SRF_4_HR.png,/home/ubuntu/scratch/sr-diffusion/benchmarks/selfexsr/SelfExSR-master/data/Urban100/image_SRF_4/img_087_SRF_4_LR.png,27.358262165379728,25.91727240485063,0.8764510375182126,0.8523959534118903
Urban100,img_087,trunk148m_best3500,/home/ubuntu/scratch/sr-diffusion/benchmark_outputs/stage2_bicubic_trunk148m_best3500/Urban100/img_087/base.png,/home/ubuntu/scratch/sr-diffusion/benchmarks/selfexsr/SelfExSR-master/data/Urban100/image_SRF_4/img_087_SRF_4_HR.png,/home/ubuntu/scratch/sr-diffusion/benchmarks/selfexsr/SelfExSR-master/data/Urban100/image_SRF_4/img_087_SRF_4_LR.png,27.375232652027215,25.935308400327976,0.8771325063613168,0.8531343174628615
Urban100,img_088,bicubic,generated:matlab_bicubic_resize,/home/ubuntu/scratch/sr-diffusion/benchmarks/selfexsr/SelfExSR-master/data/Urban100/image_SRF_4/img_088_SRF_4_HR.png,/home/ubuntu/scratch/sr-diffusion/benchmarks/selfexsr/SelfExSR-master/data/Urban100/image_SRF_4/img_088_SRF_4_LR.png,18.644704344038225,17.255712839961348,0.4173516924383566,0.3979057756018543
Urban100,img_088,generalization_v3_best11500,/home/ubuntu/scratch/sr-diffusion/benchmark_outputs/stage2_bicubic_generalization_v3_best11500/Urban100/img_088/base.png,/home/ubuntu/scratch/sr-diffusion/benchmarks/selfexsr/SelfExSR-master/data/Urban100/image_SRF_4/img_088_SRF_4_HR.png,/home/ubuntu/scratch/sr-diffusion/benchmarks/selfexsr/SelfExSR-master/data/Urban100/image_SRF_4/img_088_SRF_4_LR.png,19.689787302605822,18.34445602077035,0.5635564565756985,0.5436606484068925
Urban100,img_088,trunk148m_best3500,/home/ubuntu/scratch/sr-diffusion/benchmark_outputs/stage2_bicubic_trunk148m_best3500/Urban100/img_088/base.png,/home/ubuntu/scratch/sr-diffusion/benchmarks/selfexsr/SelfExSR-master/data/Urban100/image_SRF_4/img_088_SRF_4_HR.png,/home/ubuntu/scratch/sr-diffusion/benchmarks/selfexsr/SelfExSR-master/data/Urban100/image_SRF_4/img_088_SRF_4_LR.png,19.68732409164177,18.34098866913777,0.5636828465066775,0.5438532451339368
Urban100,img_089,bicubic,generated:matlab_bicubic_resize,/home/ubuntu/scratch/sr-diffusion/benchmarks/selfexsr/SelfExSR-master/data/Urban100/image_SRF_4/img_089_SRF_4_HR.png,/home/ubuntu/scratch/sr-diffusion/benchmarks/selfexsr/SelfExSR-master/data/Urban100/image_SRF_4/img_089_SRF_4_LR.png,25.44994008394699,24.107622115883313,0.6229809491015779,0.5966288481692756
Urban100,img_089,generalization_v3_best11500,/home/ubuntu/scratch/sr-diffusion/benchmark_outputs/stage2_bicubic_generalization_v3_best11500/Urban100/img_089/base.png,/home/ubuntu/scratch/sr-diffusion/benchmarks/selfexsr/SelfExSR-master/data/Urban100/image_SRF_4/img_089_SRF_4_HR.png,/home/ubuntu/scratch/sr-diffusion/benchmarks/selfexsr/SelfExSR-master/data/Urban100/image_SRF_4/img_089_SRF_4_LR.png,26.627746219172955,25.280814756124673,0.7169117856229529,0.6962981538286549
Urban100,img_089,trunk148m_best3500,/home/ubuntu/scratch/sr-diffusion/benchmark_outputs/stage2_bicubic_trunk148m_best3500/Urban100/img_089/base.png,/home/ubuntu/scratch/sr-diffusion/benchmarks/selfexsr/SelfExSR-master/data/Urban100/image_SRF_4/img_089_SRF_4_HR.png,/home/ubuntu/scratch/sr-diffusion/benchmarks/selfexsr/SelfExSR-master/data/Urban100/image_SRF_4/img_089_SRF_4_LR.png,26.6188939357211,25.271837556307343,0.7172993764280337,0.6967550567756805
Urban100,img_090,bicubic,generated:matlab_bicubic_resize,/home/ubuntu/scratch/sr-diffusion/benchmarks/selfexsr/SelfExSR-master/data/Urban100/image_SRF_4/img_090_SRF_4_HR.png,/home/ubuntu/scratch/sr-diffusion/benchmarks/selfexsr/SelfExSR-master/data/Urban100/image_SRF_4/img_090_SRF_4_LR.png,30.489126990740566,29.08928910023015,0.8877037437147648,0.8744792277239869
Urban100,img_090,generalization_v3_best11500,/home/ubuntu/scratch/sr-diffusion/benchmark_outputs/stage2_bicubic_generalization_v3_best11500/Urban100/img_090/base.png,/home/ubuntu/scratch/sr-diffusion/benchmarks/selfexsr/SelfExSR-master/data/Urban100/image_SRF_4/img_090_SRF_4_HR.png,/home/ubuntu/scratch/sr-diffusion/benchmarks/selfexsr/SelfExSR-master/data/Urban100/image_SRF_4/img_090_SRF_4_LR.png,37.4969217828062,35.81295391786882,0.9730318269365147,0.9622949642263124
Urban100,img_090,trunk148m_best3500,/home/ubuntu/scratch/sr-diffusion/benchmark_outputs/stage2_bicubic_trunk148m_best3500/Urban100/img_090/base.png,/home/ubuntu/scratch/sr-diffusion/benchmarks/selfexsr/SelfExSR-master/data/Urban100/image_SRF_4/img_090_SRF_4_HR.png,/home/ubuntu/scratch/sr-diffusion/benchmarks/selfexsr/SelfExSR-master/data/Urban100/image_SRF_4/img_090_SRF_4_LR.png,37.64868080133998,35.943085990649934,0.9736661589073937,0.9630127401647893
Urban100,img_091,bicubic,generated:matlab_bicubic_resize,/home/ubuntu/scratch/sr-diffusion/benchmarks/selfexsr/SelfExSR-master/data/Urban100/image_SRF_4/img_091_SRF_4_HR.png,/home/ubuntu/scratch/sr-diffusion/benchmarks/selfexsr/SelfExSR-master/data/Urban100/image_SRF_4/img_091_SRF_4_LR.png,22.170031135555753,20.335570160185238,0.5264059432229115,0.4885278364312444
Urban100,img_091,generalization_v3_best11500,/home/ubuntu/scratch/sr-diffusion/benchmark_outputs/stage2_bicubic_generalization_v3_best11500/Urban100/img_091/base.png,/home/ubuntu/scratch/sr-diffusion/benchmarks/selfexsr/SelfExSR-master/data/Urban100/image_SRF_4/img_091_SRF_4_HR.png,/home/ubuntu/scratch/sr-diffusion/benchmarks/selfexsr/SelfExSR-master/data/Urban100/image_SRF_4/img_091_SRF_4_LR.png,23.451174698837516,21.644391977667862,0.6433897424866725,0.6093472687704335
Urban100,img_091,trunk148m_best3500,/home/ubuntu/scratch/sr-diffusion/benchmark_outputs/stage2_bicubic_trunk148m_best3500/Urban100/img_091/base.png,/home/ubuntu/scratch/sr-diffusion/benchmarks/selfexsr/SelfExSR-master/data/Urban100/image_SRF_4/img_091_SRF_4_HR.png,/home/ubuntu/scratch/sr-diffusion/benchmarks/selfexsr/SelfExSR-master/data/Urban100/image_SRF_4/img_091_SRF_4_LR.png,23.449504263371004,21.643347493792593,0.644523734587935,0.6106441325614675
Urban100,img_092,bicubic,generated:matlab_bicubic_resize,/home/ubuntu/scratch/sr-diffusion/benchmarks/selfexsr/SelfExSR-master/data/Urban100/image_SRF_4/img_092_SRF_4_HR.png,/home/ubuntu/scratch/sr-diffusion/benchmarks/selfexsr/SelfExSR-master/data/Urban100/image_SRF_4/img_092_SRF_4_LR.png,16.579708965098842,15.257800488179388,0.4376793156427288,0.41495884881514894
Urban100,img_092,generalization_v3_best11500,/home/ubuntu/scratch/sr-diffusion/benchmark_outputs/stage2_bicubic_generalization_v3_best11500/Urban100/img_092/base.png,/home/ubuntu/scratch/sr-diffusion/benchmarks/selfexsr/SelfExSR-master/data/Urban100/image_SRF_4/img_092_SRF_4_HR.png,/home/ubuntu/scratch/sr-diffusion/benchmarks/selfexsr/SelfExSR-master/data/Urban100/image_SRF_4/img_092_SRF_4_LR.png,18.47634338079683,17.150382413577642,0.6215392615344695,0.6014721360852059
Urban100,img_092,trunk148m_best3500,/home/ubuntu/scratch/sr-diffusion/benchmark_outputs/stage2_bicubic_trunk148m_best3500/Urban100/img_092/base.png,/home/ubuntu/scratch/sr-diffusion/benchmarks/selfexsr/SelfExSR-master/data/Urban100/image_SRF_4/img_092_SRF_4_HR.png,/home/ubuntu/scratch/sr-diffusion/benchmarks/selfexsr/SelfExSR-master/data/Urban100/image_SRF_4/img_092_SRF_4_LR.png,18.417821226515144,17.092650351481325,0.6189342605822837,0.598949243579704
Urban100,img_093,bicubic,generated:matlab_bicubic_resize,/home/ubuntu/scratch/sr-diffusion/benchmarks/selfexsr/SelfExSR-master/data/Urban100/image_SRF_4/img_093_SRF_4_HR.png,/home/ubuntu/scratch/sr-diffusion/benchmarks/selfexsr/SelfExSR-master/data/Urban100/image_SRF_4/img_093_SRF_4_LR.png,23.62163465546349,22.2849320653021,0.8064754805791969,0.7851331521289729
Urban100,img_093,generalization_v3_best11500,/home/ubuntu/scratch/sr-diffusion/benchmark_outputs/stage2_bicubic_generalization_v3_best11500/Urban100/img_093/base.png,/home/ubuntu/scratch/sr-diffusion/benchmarks/selfexsr/SelfExSR-master/data/Urban100/image_SRF_4/img_093_SRF_4_HR.png,/home/ubuntu/scratch/sr-diffusion/benchmarks/selfexsr/SelfExSR-master/data/Urban100/image_SRF_4/img_093_SRF_4_LR.png,28.518696539424266,27.062426743331685,0.920985848116229,0.9031072993188012
Urban100,img_093,trunk148m_best3500,/home/ubuntu/scratch/sr-diffusion/benchmark_outputs/stage2_bicubic_trunk148m_best3500/Urban100/img_093/base.png,/home/ubuntu/scratch/sr-diffusion/benchmarks/selfexsr/SelfExSR-master/data/Urban100/image_SRF_4/img_093_SRF_4_HR.png,/home/ubuntu/scratch/sr-diffusion/benchmarks/selfexsr/SelfExSR-master/data/Urban100/image_SRF_4/img_093_SRF_4_LR.png,28.53858029723437,27.089744588338014,0.9217452818025691,0.9039779042053048
Urban100,img_094,bicubic,generated:matlab_bicubic_resize,/home/ubuntu/scratch/sr-diffusion/benchmarks/selfexsr/SelfExSR-master/data/Urban100/image_SRF_4/img_094_SRF_4_HR.png,/home/ubuntu/scratch/sr-diffusion/benchmarks/selfexsr/SelfExSR-master/data/Urban100/image_SRF_4/img_094_SRF_4_LR.png,25.35078280652025,24.005260783022546,0.702365251061718,0.6598044661493275
Urban100,img_094,generalization_v3_best11500,/home/ubuntu/scratch/sr-diffusion/benchmark_outputs/stage2_bicubic_generalization_v3_best11500/Urban100/img_094/base.png,/home/ubuntu/scratch/sr-diffusion/benchmarks/selfexsr/SelfExSR-master/data/Urban100/image_SRF_4/img_094_SRF_4_HR.png,/home/ubuntu/scratch/sr-diffusion/benchmarks/selfexsr/SelfExSR-master/data/Urban100/image_SRF_4/img_094_SRF_4_LR.png,27.055114248017645,25.65709787306361,0.7828112957353907,0.744193934775261
Urban100,img_094,trunk148m_best3500,/home/ubuntu/scratch/sr-diffusion/benchmark_outputs/stage2_bicubic_trunk148m_best3500/Urban100/img_094/base.png,/home/ubuntu/scratch/sr-diffusion/benchmarks/selfexsr/SelfExSR-master/data/Urban100/image_SRF_4/img_094_SRF_4_HR.png,/home/ubuntu/scratch/sr-diffusion/benchmarks/selfexsr/SelfExSR-master/data/Urban100/image_SRF_4/img_094_SRF_4_LR.png,27.059294836203513,25.661469456407026,0.7830091632454073,0.7443310198009142
Urban100,img_095,bicubic,generated:matlab_bicubic_resize,/home/ubuntu/scratch/sr-diffusion/benchmarks/selfexsr/SelfExSR-master/data/Urban100/image_SRF_4/img_095_SRF_4_HR.png,/home/ubuntu/scratch/sr-diffusion/benchmarks/selfexsr/SelfExSR-master/data/Urban100/image_SRF_4/img_095_SRF_4_LR.png,18.738898452137253,17.416977140260517,0.28046515620843215,0.2571851351658216
Urban100,img_095,generalization_v3_best11500,/home/ubuntu/scratch/sr-diffusion/benchmark_outputs/stage2_bicubic_generalization_v3_best11500/Urban100/img_095/base.png,/home/ubuntu/scratch/sr-diffusion/benchmarks/selfexsr/SelfExSR-master/data/Urban100/image_SRF_4/img_095_SRF_4_HR.png,/home/ubuntu/scratch/sr-diffusion/benchmarks/selfexsr/SelfExSR-master/data/Urban100/image_SRF_4/img_095_SRF_4_LR.png,20.191198561150795,18.8676006103438,0.44416844984042864,0.4259468251948139
Urban100,img_095,trunk148m_best3500,/home/ubuntu/scratch/sr-diffusion/benchmark_outputs/stage2_bicubic_trunk148m_best3500/Urban100/img_095/base.png,/home/ubuntu/scratch/sr-diffusion/benchmarks/selfexsr/SelfExSR-master/data/Urban100/image_SRF_4/img_095_SRF_4_HR.png,/home/ubuntu/scratch/sr-diffusion/benchmarks/selfexsr/SelfExSR-master/data/Urban100/image_SRF_4/img_095_SRF_4_LR.png,20.195425841938754,18.87176521351982,0.44519040400629356,0.4270519149596486
Urban100,img_096,bicubic,generated:matlab_bicubic_resize,/home/ubuntu/scratch/sr-diffusion/benchmarks/selfexsr/SelfExSR-master/data/Urban100/image_SRF_4/img_096_SRF_4_HR.png,/home/ubuntu/scratch/sr-diffusion/benchmarks/selfexsr/SelfExSR-master/data/Urban100/image_SRF_4/img_096_SRF_4_LR.png,21.327421052126798,20.05920811161748,0.6858057978565768,0.6679038897495114
Urban100,img_096,generalization_v3_best11500,/home/ubuntu/scratch/sr-diffusion/benchmark_outputs/stage2_bicubic_generalization_v3_best11500/Urban100/img_096/base.png,/home/ubuntu/scratch/sr-diffusion/benchmarks/selfexsr/SelfExSR-master/data/Urban100/image_SRF_4/img_096_SRF_4_HR.png,/home/ubuntu/scratch/sr-diffusion/benchmarks/selfexsr/SelfExSR-master/data/Urban100/image_SRF_4/img_096_SRF_4_LR.png,23.707892154108166,22.404846629690127,0.8263239375273169,0.8116229111267727
Urban100,img_096,trunk148m_best3500,/home/ubuntu/scratch/sr-diffusion/benchmark_outputs/stage2_bicubic_trunk148m_best3500/Urban100/img_096/base.png,/home/ubuntu/scratch/sr-diffusion/benchmarks/selfexsr/SelfExSR-master/data/Urban100/image_SRF_4/img_096_SRF_4_HR.png,/home/ubuntu/scratch/sr-diffusion/benchmarks/selfexsr/SelfExSR-master/data/Urban100/image_SRF_4/img_096_SRF_4_LR.png,23.937311699928962,22.62973351483651,0.830267585609874,0.815813970566735
Urban100,img_097,bicubic,generated:matlab_bicubic_resize,/home/ubuntu/scratch/sr-diffusion/benchmarks/selfexsr/SelfExSR-master/data/Urban100/image_SRF_4/img_097_SRF_4_HR.png,/home/ubuntu/scratch/sr-diffusion/benchmarks/selfexsr/SelfExSR-master/data/Urban100/image_SRF_4/img_097_SRF_4_LR.png,23.01924917937921,21.616160742138646,0.6425917195725455,0.6207394537234351
Urban100,img_097,generalization_v3_best11500,/home/ubuntu/scratch/sr-diffusion/benchmark_outputs/stage2_bicubic_generalization_v3_best11500/Urban100/img_097/base.png,/home/ubuntu/scratch/sr-diffusion/benchmarks/selfexsr/SelfExSR-master/data/Urban100/image_SRF_4/img_097_SRF_4_HR.png,/home/ubuntu/scratch/sr-diffusion/benchmarks/selfexsr/SelfExSR-master/data/Urban100/image_SRF_4/img_097_SRF_4_LR.png,24.48081342551461,23.064451627050573,0.7441782719865354,0.7260134382511744
Urban100,img_097,trunk148m_best3500,/home/ubuntu/scratch/sr-diffusion/benchmark_outputs/stage2_bicubic_trunk148m_best3500/Urban100/img_097/base.png,/home/ubuntu/scratch/sr-diffusion/benchmarks/selfexsr/SelfExSR-master/data/Urban100/image_SRF_4/img_097_SRF_4_HR.png,/home/ubuntu/scratch/sr-diffusion/benchmarks/selfexsr/SelfExSR-master/data/Urban100/image_SRF_4/img_097_SRF_4_LR.png,24.48236739509504,23.06589521584636,0.7443126656784487,0.7261958852628383
Urban100,img_098,bicubic,generated:matlab_bicubic_resize,/home/ubuntu/scratch/sr-diffusion/benchmarks/selfexsr/SelfExSR-master/data/Urban100/image_SRF_4/img_098_SRF_4_HR.png,/home/ubuntu/scratch/sr-diffusion/benchmarks/selfexsr/SelfExSR-master/data/Urban100/image_SRF_4/img_098_SRF_4_LR.png,19.650224898986636,18.258377424138242,0.3910293974969752,0.3688940507314927
Urban100,img_098,generalization_v3_best11500,/home/ubuntu/scratch/sr-diffusion/benchmark_outputs/stage2_bicubic_generalization_v3_best11500/Urban100/img_098/base.png,/home/ubuntu/scratch/sr-diffusion/benchmarks/selfexsr/SelfExSR-master/data/Urban100/image_SRF_4/img_098_SRF_4_HR.png,/home/ubuntu/scratch/sr-diffusion/benchmarks/selfexsr/SelfExSR-master/data/Urban100/image_SRF_4/img_098_SRF_4_LR.png,20.51341581279749,19.126905374489457,0.5203467646254688,0.49979040220199106
Urban100,img_098,trunk148m_best3500,/home/ubuntu/scratch/sr-diffusion/benchmark_outputs/stage2_bicubic_trunk148m_best3500/Urban100/img_098/base.png,/home/ubuntu/scratch/sr-diffusion/benchmarks/selfexsr/SelfExSR-master/data/Urban100/image_SRF_4/img_098_SRF_4_HR.png,/home/ubuntu/scratch/sr-diffusion/benchmarks/selfexsr/SelfExSR-master/data/Urban100/image_SRF_4/img_098_SRF_4_LR.png,20.512856385742488,19.12623450350222,0.5208942192702846,0.5002255374755911
Urban100,img_099,bicubic,generated:matlab_bicubic_resize,/home/ubuntu/scratch/sr-diffusion/benchmarks/selfexsr/SelfExSR-master/data/Urban100/image_SRF_4/img_099_SRF_4_HR.png,/home/ubuntu/scratch/sr-diffusion/benchmarks/selfexsr/SelfExSR-master/data/Urban100/image_SRF_4/img_099_SRF_4_LR.png,22.41167859246712,20.391473192480497,0.5877647141808264,0.5395311834601922
Urban100,img_099,generalization_v3_best11500,/home/ubuntu/scratch/sr-diffusion/benchmark_outputs/stage2_bicubic_generalization_v3_best11500/Urban100/img_099/base.png,/home/ubuntu/scratch/sr-diffusion/benchmarks/selfexsr/SelfExSR-master/data/Urban100/image_SRF_4/img_099_SRF_4_HR.png,/home/ubuntu/scratch/sr-diffusion/benchmarks/selfexsr/SelfExSR-master/data/Urban100/image_SRF_4/img_099_SRF_4_LR.png,25.171714799741885,22.815366043779246,0.7608182274899206,0.7103534887389186
Urban100,img_099,trunk148m_best3500,/home/ubuntu/scratch/sr-diffusion/benchmark_outputs/stage2_bicubic_trunk148m_best3500/Urban100/img_099/base.png,/home/ubuntu/scratch/sr-diffusion/benchmarks/selfexsr/SelfExSR-master/data/Urban100/image_SRF_4/img_099_SRF_4_HR.png,/home/ubuntu/scratch/sr-diffusion/benchmarks/selfexsr/SelfExSR-master/data/Urban100/image_SRF_4/img_099_SRF_4_LR.png,25.04661817589078,22.714876560234618,0.7584483766893859,0.7079319557762161
Urban100,img_100,bicubic,generated:matlab_bicubic_resize,/home/ubuntu/scratch/sr-diffusion/benchmarks/selfexsr/SelfExSR-master/data/Urban100/image_SRF_4/img_100_SRF_4_HR.png,/home/ubuntu/scratch/sr-diffusion/benchmarks/selfexsr/SelfExSR-master/data/Urban100/image_SRF_4/img_100_SRF_4_LR.png,22.284320491581596,19.6234725089187,0.599815193772396,0.5319749851254348
Urban100,img_100,generalization_v3_best11500,/home/ubuntu/scratch/sr-diffusion/benchmark_outputs/stage2_bicubic_generalization_v3_best11500/Urban100/img_100/base.png,/home/ubuntu/scratch/sr-diffusion/benchmarks/selfexsr/SelfExSR-master/data/Urban100/image_SRF_4/img_100_SRF_4_HR.png,/home/ubuntu/scratch/sr-diffusion/benchmarks/selfexsr/SelfExSR-master/data/Urban100/image_SRF_4/img_100_SRF_4_LR.png,26.085446372015767,22.08942917519048,0.7457586626356821,0.6733916321287691
Urban100,img_100,trunk148m_best3500,/home/ubuntu/scratch/sr-diffusion/benchmark_outputs/stage2_bicubic_trunk148m_best3500/Urban100/img_100/base.png,/home/ubuntu/scratch/sr-diffusion/benchmarks/selfexsr/SelfExSR-master/data/Urban100/image_SRF_4/img_100_SRF_4_HR.png,/home/ubuntu/scratch/sr-diffusion/benchmarks/selfexsr/SelfExSR-master/data/Urban100/image_SRF_4/img_100_SRF_4_LR.png,26.092863584463466,22.095077632495897,0.7462714360040192,0.6738951861885614
