dataset,id,candidate,candidate_path,hr_path,lr_path,y_psnr,y_ssim,rgb_psnr
DIV2K,0801,bicubic,generated:matlab_bicubic_resize,/home/ubuntu/scratch/sr-diffusion/benchmarks/div2k/DIV2K_valid_HR/0801.png,/home/ubuntu/scratch/sr-diffusion/benchmarks/div2k/DIV2K_valid_LR_bicubic/X4/0801x4.png,28.918895062413313,0.8018290667782313,27.643347589792107
DIV2K,0801,dual_context_base,/home/ubuntu/scratch/sr-diffusion/benchmark_outputs/detail_v2_masked/DIV2K/0801/base.png,/home/ubuntu/scratch/sr-diffusion/benchmarks/div2k/DIV2K_valid_HR/0801.png,/home/ubuntu/scratch/sr-diffusion/benchmarks/div2k/DIV2K_valid_LR_bicubic/X4/0801x4.png,30.118486437329164,0.8468877741874965,28.81023260633667
DIV2K,0801,detail_v1d,/home/ubuntu/scratch/sr-diffusion/benchmark_outputs/detail_v1d/DIV2K/0801/detail.png,/home/ubuntu/scratch/sr-diffusion/benchmarks/div2k/DIV2K_valid_HR/0801.png,/home/ubuntu/scratch/sr-diffusion/benchmarks/div2k/DIV2K_valid_LR_bicubic/X4/0801x4.png,30.190559438446975,0.8500374714501521,28.902801024973517
DIV2K,0801,detail_v2_masked,/home/ubuntu/scratch/sr-diffusion/benchmark_outputs/detail_v2_masked/DIV2K/0801/detail.png,/home/ubuntu/scratch/sr-diffusion/benchmarks/div2k/DIV2K_valid_HR/0801.png,/home/ubuntu/scratch/sr-diffusion/benchmarks/div2k/DIV2K_valid_LR_bicubic/X4/0801x4.png,30.16548079837544,0.8508087550599394,28.879849093152178
DIV2K,0802,bicubic,generated:matlab_bicubic_resize,/home/ubuntu/scratch/sr-diffusion/benchmarks/div2k/DIV2K_valid_HR/0802.png,/home/ubuntu/scratch/sr-diffusion/benchmarks/div2k/DIV2K_valid_LR_bicubic/X4/0802x4.png,34.930950714771704,0.8953074359903685,33.16010272897294
DIV2K,0802,dual_context_base,/home/ubuntu/scratch/sr-diffusion/benchmark_outputs/detail_v2_masked/DIV2K/0802/base.png,/home/ubuntu/scratch/sr-diffusion/benchmarks/div2k/DIV2K_valid_HR/0802.png,/home/ubuntu/scratch/sr-diffusion/benchmarks/div2k/DIV2K_valid_LR_bicubic/X4/0802x4.png,37.004483108230176,0.9181654282329026,34.78261763453797
DIV2K,0802,detail_v1d,/home/ubuntu/scratch/sr-diffusion/benchmark_outputs/detail_v1d/DIV2K/0802/detail.png,/home/ubuntu/scratch/sr-diffusion/benchmarks/div2k/DIV2K_valid_HR/0802.png,/home/ubuntu/scratch/sr-diffusion/benchmarks/div2k/DIV2K_valid_LR_bicubic/X4/0802x4.png,37.200726923281586,0.9204770331985122,34.98928999653157
DIV2K,0802,detail_v2_masked,/home/ubuntu/scratch/sr-diffusion/benchmark_outputs/detail_v2_masked/DIV2K/0802/detail.png,/home/ubuntu/scratch/sr-diffusion/benchmarks/div2k/DIV2K_valid_HR/0802.png,/home/ubuntu/scratch/sr-diffusion/benchmarks/div2k/DIV2K_valid_LR_bicubic/X4/0802x4.png,37.20197477535455,0.920499549059743,34.99389668452821
DIV2K,0803,bicubic,generated:matlab_bicubic_resize,/home/ubuntu/scratch/sr-diffusion/benchmarks/div2k/DIV2K_valid_HR/0803.png,/home/ubuntu/scratch/sr-diffusion/benchmarks/div2k/DIV2K_valid_LR_bicubic/X4/0803x4.png,35.05526220916966,0.9527886085921927,33.61202775229642
DIV2K,0803,dual_context_base,/home/ubuntu/scratch/sr-diffusion/benchmark_outputs/detail_v2_masked/DIV2K/0803/base.png,/home/ubuntu/scratch/sr-diffusion/benchmarks/div2k/DIV2K_valid_HR/0803.png,/home/ubuntu/scratch/sr-diffusion/benchmarks/div2k/DIV2K_valid_LR_bicubic/X4/0803x4.png,41.92151685868018,0.9792438976281268,39.547125263587624
DIV2K,0803,detail_v1d,/home/ubuntu/scratch/sr-diffusion/benchmark_outputs/detail_v1d/DIV2K/0803/detail.png,/home/ubuntu/scratch/sr-diffusion/benchmarks/div2k/DIV2K_valid_HR/0803.png,/home/ubuntu/scratch/sr-diffusion/benchmarks/div2k/DIV2K_valid_LR_bicubic/X4/0803x4.png,42.49394962245789,0.9812945362231851,40.07120250278936
DIV2K,0803,detail_v2_masked,/home/ubuntu/scratch/sr-diffusion/benchmark_outputs/detail_v2_masked/DIV2K/0803/detail.png,/home/ubuntu/scratch/sr-diffusion/benchmarks/div2k/DIV2K_valid_HR/0803.png,/home/ubuntu/scratch/sr-diffusion/benchmarks/div2k/DIV2K_valid_LR_bicubic/X4/0803x4.png,42.59913570074523,0.9814413975153873,40.160612792098306
DIV2K,0804,bicubic,generated:matlab_bicubic_resize,/home/ubuntu/scratch/sr-diffusion/benchmarks/div2k/DIV2K_valid_HR/0804.png,/home/ubuntu/scratch/sr-diffusion/benchmarks/div2k/DIV2K_valid_LR_bicubic/X4/0804x4.png,26.89838873553256,0.7363780585335264,25.382047503703042
DIV2K,0804,dual_context_base,/home/ubuntu/scratch/sr-diffusion/benchmark_outputs/detail_v2_masked/DIV2K/0804/base.png,/home/ubuntu/scratch/sr-diffusion/benchmarks/div2k/DIV2K_valid_HR/0804.png,/home/ubuntu/scratch/sr-diffusion/benchmarks/div2k/DIV2K_valid_LR_bicubic/X4/0804x4.png,28.587854253218307,0.8089092580980562,27.05843437504585
DIV2K,0804,detail_v1d,/home/ubuntu/scratch/sr-diffusion/benchmark_outputs/detail_v1d/DIV2K/0804/detail.png,/home/ubuntu/scratch/sr-diffusion/benchmarks/div2k/DIV2K_valid_HR/0804.png,/home/ubuntu/scratch/sr-diffusion/benchmarks/div2k/DIV2K_valid_LR_bicubic/X4/0804x4.png,28.769273226093468,0.8160453292897702,27.26323582444362
DIV2K,0804,detail_v2_masked,/home/ubuntu/scratch/sr-diffusion/benchmark_outputs/detail_v2_masked/DIV2K/0804/detail.png,/home/ubuntu/scratch/sr-diffusion/benchmarks/div2k/DIV2K_valid_HR/0804.png,/home/ubuntu/scratch/sr-diffusion/benchmarks/div2k/DIV2K_valid_LR_bicubic/X4/0804x4.png,28.732157179280094,0.8167596403756446,27.229335626358342
DIV2K,0805,bicubic,generated:matlab_bicubic_resize,/home/ubuntu/scratch/sr-diffusion/benchmarks/div2k/DIV2K_valid_HR/0805.png,/home/ubuntu/scratch/sr-diffusion/benchmarks/div2k/DIV2K_valid_LR_bicubic/X4/0805x4.png,28.801797612578316,0.7497834825810444,27.498127193375275
DIV2K,0805,dual_context_base,/home/ubuntu/scratch/sr-diffusion/benchmark_outputs/detail_v2_masked/DIV2K/0805/base.png,/home/ubuntu/scratch/sr-diffusion/benchmarks/div2k/DIV2K_valid_HR/0805.png,/home/ubuntu/scratch/sr-diffusion/benchmarks/div2k/DIV2K_valid_LR_bicubic/X4/0805x4.png,29.532253133410755,0.7935464874060509,28.18856584588014
DIV2K,0805,detail_v1d,/home/ubuntu/scratch/sr-diffusion/benchmark_outputs/detail_v1d/DIV2K/0805/detail.png,/home/ubuntu/scratch/sr-diffusion/benchmarks/div2k/DIV2K_valid_HR/0805.png,/home/ubuntu/scratch/sr-diffusion/benchmarks/div2k/DIV2K_valid_LR_bicubic/X4/0805x4.png,29.617442326370586,0.7967301664066944,28.281015609862767
DIV2K,0805,detail_v2_masked,/home/ubuntu/scratch/sr-diffusion/benchmark_outputs/detail_v2_masked/DIV2K/0805/detail.png,/home/ubuntu/scratch/sr-diffusion/benchmarks/div2k/DIV2K_valid_HR/0805.png,/home/ubuntu/scratch/sr-diffusion/benchmarks/div2k/DIV2K_valid_LR_bicubic/X4/0805x4.png,29.594821804406187,0.7974447328727663,28.258604543021484
DIV2K,0806,bicubic,generated:matlab_bicubic_resize,/home/ubuntu/scratch/sr-diffusion/benchmarks/div2k/DIV2K_valid_HR/0806.png,/home/ubuntu/scratch/sr-diffusion/benchmarks/div2k/DIV2K_valid_LR_bicubic/X4/0806x4.png,28.18409466223436,0.8318159177787555,26.254558110775843
DIV2K,0806,dual_context_base,/home/ubuntu/scratch/sr-diffusion/benchmark_outputs/detail_v2_masked/DIV2K/0806/base.png,/home/ubuntu/scratch/sr-diffusion/benchmarks/div2k/DIV2K_valid_HR/0806.png,/home/ubuntu/scratch/sr-diffusion/benchmarks/div2k/DIV2K_valid_LR_bicubic/X4/0806x4.png,29.77235067175643,0.8710027762622441,27.800482106286545
DIV2K,0806,detail_v1d,/home/ubuntu/scratch/sr-diffusion/benchmark_outputs/detail_v1d/DIV2K/0806/detail.png,/home/ubuntu/scratch/sr-diffusion/benchmarks/div2k/DIV2K_valid_HR/0806.png,/home/ubuntu/scratch/sr-diffusion/benchmarks/div2k/DIV2K_valid_LR_bicubic/X4/0806x4.png,29.98815466778117,0.8758564492970712,28.034219312760982
DIV2K,0806,detail_v2_masked,/home/ubuntu/scratch/sr-diffusion/benchmark_outputs/detail_v2_masked/DIV2K/0806/detail.png,/home/ubuntu/scratch/sr-diffusion/benchmarks/div2k/DIV2K_valid_HR/0806.png,/home/ubuntu/scratch/sr-diffusion/benchmarks/div2k/DIV2K_valid_LR_bicubic/X4/0806x4.png,30.00921063659829,0.8767919504516506,28.056227822523013
DIV2K,0807,bicubic,generated:matlab_bicubic_resize,/home/ubuntu/scratch/sr-diffusion/benchmarks/div2k/DIV2K_valid_HR/0807.png,/home/ubuntu/scratch/sr-diffusion/benchmarks/div2k/DIV2K_valid_LR_bicubic/X4/0807x4.png,20.923770191455763,0.45080809914988274,19.426190290090723
DIV2K,0807,dual_context_base,/home/ubuntu/scratch/sr-diffusion/benchmark_outputs/detail_v2_masked/DIV2K/0807/base.png,/home/ubuntu/scratch/sr-diffusion/benchmarks/div2k/DIV2K_valid_HR/0807.png,/home/ubuntu/scratch/sr-diffusion/benchmarks/div2k/DIV2K_valid_LR_bicubic/X4/0807x4.png,21.580029247977635,0.5234618772790431,20.077999478147348
DIV2K,0807,detail_v1d,/home/ubuntu/scratch/sr-diffusion/benchmark_outputs/detail_v1d/DIV2K/0807/detail.png,/home/ubuntu/scratch/sr-diffusion/benchmarks/div2k/DIV2K_valid_HR/0807.png,/home/ubuntu/scratch/sr-diffusion/benchmarks/div2k/DIV2K_valid_LR_bicubic/X4/0807x4.png,21.664331996687615,0.5314166916877137,20.17298469519752
DIV2K,0807,detail_v2_masked,/home/ubuntu/scratch/sr-diffusion/benchmark_outputs/detail_v2_masked/DIV2K/0807/detail.png,/home/ubuntu/scratch/sr-diffusion/benchmarks/div2k/DIV2K_valid_HR/0807.png,/home/ubuntu/scratch/sr-diffusion/benchmarks/div2k/DIV2K_valid_LR_bicubic/X4/0807x4.png,21.68119885169203,0.5352533471773884,20.18983239200018
DIV2K,0808,bicubic,generated:matlab_bicubic_resize,/home/ubuntu/scratch/sr-diffusion/benchmarks/div2k/DIV2K_valid_HR/0808.png,/home/ubuntu/scratch/sr-diffusion/benchmarks/div2k/DIV2K_valid_LR_bicubic/X4/0808x4.png,26.835505730831436,0.7853498865703669,25.444273211617272
DIV2K,0808,dual_context_base,/home/ubuntu/scratch/sr-diffusion/benchmark_outputs/detail_v2_masked/DIV2K/0808/base.png,/home/ubuntu/scratch/sr-diffusion/benchmarks/div2k/DIV2K_valid_HR/0808.png,/home/ubuntu/scratch/sr-diffusion/benchmarks/div2k/DIV2K_valid_LR_bicubic/X4/0808x4.png,27.972556738709144,0.8172373775136671,26.57811877934614
DIV2K,0808,detail_v1d,/home/ubuntu/scratch/sr-diffusion/benchmark_outputs/detail_v1d/DIV2K/0808/detail.png,/home/ubuntu/scratch/sr-diffusion/benchmarks/div2k/DIV2K_valid_HR/0808.png,/home/ubuntu/scratch/sr-diffusion/benchmarks/div2k/DIV2K_valid_LR_bicubic/X4/0808x4.png,28.11169947069008,0.8211711519445624,26.722507608807703
DIV2K,0808,detail_v2_masked,/home/ubuntu/scratch/sr-diffusion/benchmark_outputs/detail_v2_masked/DIV2K/0808/detail.png,/home/ubuntu/scratch/sr-diffusion/benchmarks/div2k/DIV2K_valid_HR/0808.png,/home/ubuntu/scratch/sr-diffusion/benchmarks/div2k/DIV2K_valid_LR_bicubic/X4/0808x4.png,28.11145581892208,0.8220121087493757,26.722739228630882
DIV2K,0809,bicubic,generated:matlab_bicubic_resize,/home/ubuntu/scratch/sr-diffusion/benchmarks/div2k/DIV2K_valid_HR/0809.png,/home/ubuntu/scratch/sr-diffusion/benchmarks/div2k/DIV2K_valid_LR_bicubic/X4/0809x4.png,31.979711733414675,0.8339541006473665,30.476746211697915
DIV2K,0809,dual_context_base,/home/ubuntu/scratch/sr-diffusion/benchmark_outputs/detail_v2_masked/DIV2K/0809/base.png,/home/ubuntu/scratch/sr-diffusion/benchmarks/div2k/DIV2K_valid_HR/0809.png,/home/ubuntu/scratch/sr-diffusion/benchmarks/div2k/DIV2K_valid_LR_bicubic/X4/0809x4.png,33.20114384846822,0.8752192837382302,31.65180910368673
DIV2K,0809,detail_v1d,/home/ubuntu/scratch/sr-diffusion/benchmark_outputs/detail_v1d/DIV2K/0809/detail.png,/home/ubuntu/scratch/sr-diffusion/benchmarks/div2k/DIV2K_valid_HR/0809.png,/home/ubuntu/scratch/sr-diffusion/benchmarks/div2k/DIV2K_valid_LR_bicubic/X4/0809x4.png,33.32429979068013,0.8786794026471845,31.791923787972646
DIV2K,0809,detail_v2_masked,/home/ubuntu/scratch/sr-diffusion/benchmark_outputs/detail_v2_masked/DIV2K/0809/detail.png,/home/ubuntu/scratch/sr-diffusion/benchmarks/div2k/DIV2K_valid_HR/0809.png,/home/ubuntu/scratch/sr-diffusion/benchmarks/div2k/DIV2K_valid_LR_bicubic/X4/0809x4.png,33.208687972327404,0.87821060918042,31.68228171180612
DIV2K,0810,bicubic,generated:matlab_bicubic_resize,/home/ubuntu/scratch/sr-diffusion/benchmarks/div2k/DIV2K_valid_HR/0810.png,/home/ubuntu/scratch/sr-diffusion/benchmarks/div2k/DIV2K_valid_LR_bicubic/X4/0810x4.png,26.972769027906978,0.7466473508560989,25.796789610372734
DIV2K,0810,dual_context_base,/home/ubuntu/scratch/sr-diffusion/benchmark_outputs/detail_v2_masked/DIV2K/0810/base.png,/home/ubuntu/scratch/sr-diffusion/benchmarks/div2k/DIV2K_valid_HR/0810.png,/home/ubuntu/scratch/sr-diffusion/benchmarks/div2k/DIV2K_valid_LR_bicubic/X4/0810x4.png,27.58029167815602,0.7998129727941933,26.342808197140144
DIV2K,0810,detail_v1d,/home/ubuntu/scratch/sr-diffusion/benchmark_outputs/detail_v1d/DIV2K/0810/detail.png,/home/ubuntu/scratch/sr-diffusion/benchmarks/div2k/DIV2K_valid_HR/0810.png,/home/ubuntu/scratch/sr-diffusion/benchmarks/div2k/DIV2K_valid_LR_bicubic/X4/0810x4.png,27.637552673049743,0.8025776503572716,26.41816604955479
DIV2K,0810,detail_v2_masked,/home/ubuntu/scratch/sr-diffusion/benchmark_outputs/detail_v2_masked/DIV2K/0810/detail.png,/home/ubuntu/scratch/sr-diffusion/benchmarks/div2k/DIV2K_valid_HR/0810.png,/home/ubuntu/scratch/sr-diffusion/benchmarks/div2k/DIV2K_valid_LR_bicubic/X4/0810x4.png,27.600319883089917,0.8036876498943728,26.38187708122649
DIV2K,0811,bicubic,generated:matlab_bicubic_resize,/home/ubuntu/scratch/sr-diffusion/benchmarks/div2k/DIV2K_valid_HR/0811.png,/home/ubuntu/scratch/sr-diffusion/benchmarks/div2k/DIV2K_valid_LR_bicubic/X4/0811x4.png,29.0753367233034,0.7580004037871899,27.98478754284604
DIV2K,0811,dual_context_base,/home/ubuntu/scratch/sr-diffusion/benchmark_outputs/detail_v2_masked/DIV2K/0811/base.png,/home/ubuntu/scratch/sr-diffusion/benchmarks/div2k/DIV2K_valid_HR/0811.png,/home/ubuntu/scratch/sr-diffusion/benchmarks/div2k/DIV2K_valid_LR_bicubic/X4/0811x4.png,29.727430892087305,0.8046126564432746,28.574513795360478
DIV2K,0811,detail_v1d,/home/ubuntu/scratch/sr-diffusion/benchmark_outputs/detail_v1d/DIV2K/0811/detail.png,/home/ubuntu/scratch/sr-diffusion/benchmarks/div2k/DIV2K_valid_HR/0811.png,/home/ubuntu/scratch/sr-diffusion/benchmarks/div2k/DIV2K_valid_LR_bicubic/X4/0811x4.png,29.846074168818756,0.809328922233065,28.709491346225555
DIV2K,0811,detail_v2_masked,/home/ubuntu/scratch/sr-diffusion/benchmark_outputs/detail_v2_masked/DIV2K/0811/detail.png,/home/ubuntu/scratch/sr-diffusion/benchmarks/div2k/DIV2K_valid_HR/0811.png,/home/ubuntu/scratch/sr-diffusion/benchmarks/div2k/DIV2K_valid_LR_bicubic/X4/0811x4.png,29.78459002250327,0.8097216704196712,28.652282271904703
DIV2K,0812,bicubic,generated:matlab_bicubic_resize,/home/ubuntu/scratch/sr-diffusion/benchmarks/div2k/DIV2K_valid_HR/0812.png,/home/ubuntu/scratch/sr-diffusion/benchmarks/div2k/DIV2K_valid_LR_bicubic/X4/0812x4.png,26.850286416339078,0.7550489673518418,25.614347536681812
DIV2K,0812,dual_context_base,/home/ubuntu/scratch/sr-diffusion/benchmark_outputs/detail_v2_masked/DIV2K/0812/base.png,/home/ubuntu/scratch/sr-diffusion/benchmarks/div2k/DIV2K_valid_HR/0812.png,/home/ubuntu/scratch/sr-diffusion/benchmarks/div2k/DIV2K_valid_LR_bicubic/X4/0812x4.png,28.710566183448833,0.8199297203861079,27.469176093636975
DIV2K,0812,detail_v1d,/home/ubuntu/scratch/sr-diffusion/benchmark_outputs/detail_v1d/DIV2K/0812/detail.png,/home/ubuntu/scratch/sr-diffusion/benchmarks/div2k/DIV2K_valid_HR/0812.png,/home/ubuntu/scratch/sr-diffusion/benchmarks/div2k/DIV2K_valid_LR_bicubic/X4/0812x4.png,28.906894181351035,0.8257866499422571,27.6732907544565
DIV2K,0812,detail_v2_masked,/home/ubuntu/scratch/sr-diffusion/benchmark_outputs/detail_v2_masked/DIV2K/0812/detail.png,/home/ubuntu/scratch/sr-diffusion/benchmarks/div2k/DIV2K_valid_HR/0812.png,/home/ubuntu/scratch/sr-diffusion/benchmarks/div2k/DIV2K_valid_LR_bicubic/X4/0812x4.png,28.8980260836805,0.8267363460727204,27.664965367253515
DIV2K,0813,bicubic,generated:matlab_bicubic_resize,/home/ubuntu/scratch/sr-diffusion/benchmarks/div2k/DIV2K_valid_HR/0813.png,/home/ubuntu/scratch/sr-diffusion/benchmarks/div2k/DIV2K_valid_LR_bicubic/X4/0813x4.png,30.20637705153463,0.8579755667057617,28.822028775596156
DIV2K,0813,dual_context_base,/home/ubuntu/scratch/sr-diffusion/benchmark_outputs/detail_v2_masked/DIV2K/0813/base.png,/home/ubuntu/scratch/sr-diffusion/benchmarks/div2k/DIV2K_valid_HR/0813.png,/home/ubuntu/scratch/sr-diffusion/benchmarks/div2k/DIV2K_valid_LR_bicubic/X4/0813x4.png,32.49723378854056,0.8960696512217112,31.03748721689601
DIV2K,0813,detail_v1d,/home/ubuntu/scratch/sr-diffusion/benchmark_outputs/detail_v1d/DIV2K/0813/detail.png,/home/ubuntu/scratch/sr-diffusion/benchmarks/div2k/DIV2K_valid_HR/0813.png,/home/ubuntu/scratch/sr-diffusion/benchmarks/div2k/DIV2K_valid_LR_bicubic/X4/0813x4.png,32.67479761382407,0.8992255858534854,31.224331061935217
DIV2K,0813,detail_v2_masked,/home/ubuntu/scratch/sr-diffusion/benchmark_outputs/detail_v2_masked/DIV2K/0813/detail.png,/home/ubuntu/scratch/sr-diffusion/benchmarks/div2k/DIV2K_valid_HR/0813.png,/home/ubuntu/scratch/sr-diffusion/benchmarks/div2k/DIV2K_valid_LR_bicubic/X4/0813x4.png,32.671827204089,0.8993617468162678,31.221533920449577
DIV2K,0814,bicubic,generated:matlab_bicubic_resize,/home/ubuntu/scratch/sr-diffusion/benchmarks/div2k/DIV2K_valid_HR/0814.png,/home/ubuntu/scratch/sr-diffusion/benchmarks/div2k/DIV2K_valid_LR_bicubic/X4/0814x4.png,27.949684886370715,0.8735567824279529,26.554310588486246
DIV2K,0814,dual_context_base,/home/ubuntu/scratch/sr-diffusion/benchmark_outputs/detail_v2_masked/DIV2K/0814/base.png,/home/ubuntu/scratch/sr-diffusion/benchmarks/div2k/DIV2K_valid_HR/0814.png,/home/ubuntu/scratch/sr-diffusion/benchmarks/div2k/DIV2K_valid_LR_bicubic/X4/0814x4.png,29.25432466613467,0.902496123445859,27.819113421451846
DIV2K,0814,detail_v1d,/home/ubuntu/scratch/sr-diffusion/benchmark_outputs/detail_v1d/DIV2K/0814/detail.png,/home/ubuntu/scratch/sr-diffusion/benchmarks/div2k/DIV2K_valid_HR/0814.png,/home/ubuntu/scratch/sr-diffusion/benchmarks/div2k/DIV2K_valid_LR_bicubic/X4/0814x4.png,29.496519339090366,0.9076857023440925,28.064802020456163
DIV2K,0814,detail_v2_masked,/home/ubuntu/scratch/sr-diffusion/benchmark_outputs/detail_v2_masked/DIV2K/0814/detail.png,/home/ubuntu/scratch/sr-diffusion/benchmarks/div2k/DIV2K_valid_HR/0814.png,/home/ubuntu/scratch/sr-diffusion/benchmarks/div2k/DIV2K_valid_LR_bicubic/X4/0814x4.png,29.512698286727353,0.9081311208959623,28.08026801494885
DIV2K,0815,bicubic,generated:matlab_bicubic_resize,/home/ubuntu/scratch/sr-diffusion/benchmarks/div2k/DIV2K_valid_HR/0815.png,/home/ubuntu/scratch/sr-diffusion/benchmarks/div2k/DIV2K_valid_LR_bicubic/X4/0815x4.png,33.81687062488898,0.9121340016665614,31.655587982723944
DIV2K,0815,dual_context_base,/home/ubuntu/scratch/sr-diffusion/benchmark_outputs/detail_v2_masked/DIV2K/0815/base.png,/home/ubuntu/scratch/sr-diffusion/benchmarks/div2k/DIV2K_valid_HR/0815.png,/home/ubuntu/scratch/sr-diffusion/benchmarks/div2k/DIV2K_valid_LR_bicubic/X4/0815x4.png,35.81818685970884,0.9319151568687556,33.50266870388053
DIV2K,0815,detail_v1d,/home/ubuntu/scratch/sr-diffusion/benchmark_outputs/detail_v1d/DIV2K/0815/detail.png,/home/ubuntu/scratch/sr-diffusion/benchmarks/div2k/DIV2K_valid_HR/0815.png,/home/ubuntu/scratch/sr-diffusion/benchmarks/div2k/DIV2K_valid_LR_bicubic/X4/0815x4.png,36.05667449215864,0.9342974305159292,33.74556034780011
DIV2K,0815,detail_v2_masked,/home/ubuntu/scratch/sr-diffusion/benchmark_outputs/detail_v2_masked/DIV2K/0815/detail.png,/home/ubuntu/scratch/sr-diffusion/benchmarks/div2k/DIV2K_valid_HR/0815.png,/home/ubuntu/scratch/sr-diffusion/benchmarks/div2k/DIV2K_valid_LR_bicubic/X4/0815x4.png,36.084899004460055,0.9345711659341585,33.77686797559102
DIV2K,0816,bicubic,generated:matlab_bicubic_resize,/home/ubuntu/scratch/sr-diffusion/benchmarks/div2k/DIV2K_valid_HR/0816.png,/home/ubuntu/scratch/sr-diffusion/benchmarks/div2k/DIV2K_valid_LR_bicubic/X4/0816x4.png,31.00305407963418,0.8159233707727152,29.697207748413625
DIV2K,0816,dual_context_base,/home/ubuntu/scratch/sr-diffusion/benchmark_outputs/detail_v2_masked/DIV2K/0816/base.png,/home/ubuntu/scratch/sr-diffusion/benchmarks/div2k/DIV2K_valid_HR/0816.png,/home/ubuntu/scratch/sr-diffusion/benchmarks/div2k/DIV2K_valid_LR_bicubic/X4/0816x4.png,32.84593069401471,0.857457584484904,31.505162512463336
DIV2K,0816,detail_v1d,/home/ubuntu/scratch/sr-diffusion/benchmark_outputs/detail_v1d/DIV2K/0816/detail.png,/home/ubuntu/scratch/sr-diffusion/benchmarks/div2k/DIV2K_valid_HR/0816.png,/home/ubuntu/scratch/sr-diffusion/benchmarks/div2k/DIV2K_valid_LR_bicubic/X4/0816x4.png,32.96425709260458,0.8607925220882295,31.6272956700141
DIV2K,0816,detail_v2_masked,/home/ubuntu/scratch/sr-diffusion/benchmark_outputs/detail_v2_masked/DIV2K/0816/detail.png,/home/ubuntu/scratch/sr-diffusion/benchmarks/div2k/DIV2K_valid_HR/0816.png,/home/ubuntu/scratch/sr-diffusion/benchmarks/div2k/DIV2K_valid_LR_bicubic/X4/0816x4.png,32.9613435090097,0.8610898091280458,31.625713224527363
DIV2K,0817,bicubic,generated:matlab_bicubic_resize,/home/ubuntu/scratch/sr-diffusion/benchmarks/div2k/DIV2K_valid_HR/0817.png,/home/ubuntu/scratch/sr-diffusion/benchmarks/div2k/DIV2K_valid_LR_bicubic/X4/0817x4.png,31.788819354848957,0.8670286157101559,29.948732829223555
DIV2K,0817,dual_context_base,/home/ubuntu/scratch/sr-diffusion/benchmark_outputs/detail_v2_masked/DIV2K/0817/base.png,/home/ubuntu/scratch/sr-diffusion/benchmarks/div2k/DIV2K_valid_HR/0817.png,/home/ubuntu/scratch/sr-diffusion/benchmarks/div2k/DIV2K_valid_LR_bicubic/X4/0817x4.png,33.21006396185146,0.8976182290004914,31.3587446749956
DIV2K,0817,detail_v1d,/home/ubuntu/scratch/sr-diffusion/benchmark_outputs/detail_v1d/DIV2K/0817/detail.png,/home/ubuntu/scratch/sr-diffusion/benchmarks/div2k/DIV2K_valid_HR/0817.png,/home/ubuntu/scratch/sr-diffusion/benchmarks/div2k/DIV2K_valid_LR_bicubic/X4/0817x4.png,33.35410505086812,0.9011270631254846,31.536553001281796
DIV2K,0817,detail_v2_masked,/home/ubuntu/scratch/sr-diffusion/benchmark_outputs/detail_v2_masked/DIV2K/0817/detail.png,/home/ubuntu/scratch/sr-diffusion/benchmarks/div2k/DIV2K_valid_HR/0817.png,/home/ubuntu/scratch/sr-diffusion/benchmarks/div2k/DIV2K_valid_LR_bicubic/X4/0817x4.png,33.26949034533945,0.9006589680901349,31.44846344978721
DIV2K,0818,bicubic,generated:matlab_bicubic_resize,/home/ubuntu/scratch/sr-diffusion/benchmarks/div2k/DIV2K_valid_HR/0818.png,/home/ubuntu/scratch/sr-diffusion/benchmarks/div2k/DIV2K_valid_LR_bicubic/X4/0818x4.png,27.844286231432886,0.8601930564322972,26.551832777424465
DIV2K,0818,dual_context_base,/home/ubuntu/scratch/sr-diffusion/benchmark_outputs/detail_v2_masked/DIV2K/0818/base.png,/home/ubuntu/scratch/sr-diffusion/benchmarks/div2k/DIV2K_valid_HR/0818.png,/home/ubuntu/scratch/sr-diffusion/benchmarks/div2k/DIV2K_valid_LR_bicubic/X4/0818x4.png,29.878176106007945,0.9048489211876768,28.519023875877522
DIV2K,0818,detail_v1d,/home/ubuntu/scratch/sr-diffusion/benchmark_outputs/detail_v1d/DIV2K/0818/detail.png,/home/ubuntu/scratch/sr-diffusion/benchmarks/div2k/DIV2K_valid_HR/0818.png,/home/ubuntu/scratch/sr-diffusion/benchmarks/div2k/DIV2K_valid_LR_bicubic/X4/0818x4.png,30.019613415074424,0.9084801657712771,28.6685799122463
DIV2K,0818,detail_v2_masked,/home/ubuntu/scratch/sr-diffusion/benchmark_outputs/detail_v2_masked/DIV2K/0818/detail.png,/home/ubuntu/scratch/sr-diffusion/benchmarks/div2k/DIV2K_valid_HR/0818.png,/home/ubuntu/scratch/sr-diffusion/benchmarks/div2k/DIV2K_valid_LR_bicubic/X4/0818x4.png,30.0606417086603,0.9092155391833597,28.707980584834903
DIV2K,0819,bicubic,generated:matlab_bicubic_resize,/home/ubuntu/scratch/sr-diffusion/benchmarks/div2k/DIV2K_valid_HR/0819.png,/home/ubuntu/scratch/sr-diffusion/benchmarks/div2k/DIV2K_valid_LR_bicubic/X4/0819x4.png,27.95957605572735,0.7707426840006759,26.37853157446488
DIV2K,0819,dual_context_base,/home/ubuntu/scratch/sr-diffusion/benchmark_outputs/detail_v2_masked/DIV2K/0819/base.png,/home/ubuntu/scratch/sr-diffusion/benchmarks/div2k/DIV2K_valid_HR/0819.png,/home/ubuntu/scratch/sr-diffusion/benchmarks/div2k/DIV2K_valid_LR_bicubic/X4/0819x4.png,29.346171899198424,0.8291827877827389,27.72149707824758
DIV2K,0819,detail_v1d,/home/ubuntu/scratch/sr-diffusion/benchmark_outputs/detail_v1d/DIV2K/0819/detail.png,/home/ubuntu/scratch/sr-diffusion/benchmarks/div2k/DIV2K_valid_HR/0819.png,/home/ubuntu/scratch/sr-diffusion/benchmarks/div2k/DIV2K_valid_LR_bicubic/X4/0819x4.png,29.483664958487438,0.834848920083399,27.861037571915745
DIV2K,0819,detail_v2_masked,/home/ubuntu/scratch/sr-diffusion/benchmark_outputs/detail_v2_masked/DIV2K/0819/detail.png,/home/ubuntu/scratch/sr-diffusion/benchmarks/div2k/DIV2K_valid_HR/0819.png,/home/ubuntu/scratch/sr-diffusion/benchmarks/div2k/DIV2K_valid_LR_bicubic/X4/0819x4.png,29.485656927957958,0.8358821245921034,27.86433458877895
DIV2K,0820,bicubic,generated:matlab_bicubic_resize,/home/ubuntu/scratch/sr-diffusion/benchmarks/div2k/DIV2K_valid_HR/0820.png,/home/ubuntu/scratch/sr-diffusion/benchmarks/div2k/DIV2K_valid_LR_bicubic/X4/0820x4.png,23.010632059767715,0.6890144914993952,21.617918585228594
DIV2K,0820,dual_context_base,/home/ubuntu/scratch/sr-diffusion/benchmark_outputs/detail_v2_masked/DIV2K/0820/base.png,/home/ubuntu/scratch/sr-diffusion/benchmarks/div2k/DIV2K_valid_HR/0820.png,/home/ubuntu/scratch/sr-diffusion/benchmarks/div2k/DIV2K_valid_LR_bicubic/X4/0820x4.png,25.399455903745455,0.8050721813682111,24.008532132373297
DIV2K,0820,detail_v1d,/home/ubuntu/scratch/sr-diffusion/benchmark_outputs/detail_v1d/DIV2K/0820/detail.png,/home/ubuntu/scratch/sr-diffusion/benchmarks/div2k/DIV2K_valid_HR/0820.png,/home/ubuntu/scratch/sr-diffusion/benchmarks/div2k/DIV2K_valid_LR_bicubic/X4/0820x4.png,25.85554318248186,0.8178894921729665,24.466199972969985
DIV2K,0820,detail_v2_masked,/home/ubuntu/scratch/sr-diffusion/benchmark_outputs/detail_v2_masked/DIV2K/0820/detail.png,/home/ubuntu/scratch/sr-diffusion/benchmarks/div2k/DIV2K_valid_HR/0820.png,/home/ubuntu/scratch/sr-diffusion/benchmarks/div2k/DIV2K_valid_LR_bicubic/X4/0820x4.png,25.81360914861557,0.8187502936302989,24.424405976462534
DIV2K,0821,bicubic,generated:matlab_bicubic_resize,/home/ubuntu/scratch/sr-diffusion/benchmarks/div2k/DIV2K_valid_HR/0821.png,/home/ubuntu/scratch/sr-diffusion/benchmarks/div2k/DIV2K_valid_LR_bicubic/X4/0821x4.png,26.450391489233557,0.8393145324076938,25.171369469536856
DIV2K,0821,dual_context_base,/home/ubuntu/scratch/sr-diffusion/benchmark_outputs/detail_v2_masked/DIV2K/0821/base.png,/home/ubuntu/scratch/sr-diffusion/benchmarks/div2k/DIV2K_valid_HR/0821.png,/home/ubuntu/scratch/sr-diffusion/benchmarks/div2k/DIV2K_valid_LR_bicubic/X4/0821x4.png,32.61128139097713,0.9321300039251129,31.14610871006451
DIV2K,0821,detail_v1d,/home/ubuntu/scratch/sr-diffusion/benchmark_outputs/detail_v1d/DIV2K/0821/detail.png,/home/ubuntu/scratch/sr-diffusion/benchmarks/div2k/DIV2K_valid_HR/0821.png,/home/ubuntu/scratch/sr-diffusion/benchmarks/div2k/DIV2K_valid_LR_bicubic/X4/0821x4.png,32.89088232090086,0.9375192564453187,31.42025832941673
DIV2K,0821,detail_v2_masked,/home/ubuntu/scratch/sr-diffusion/benchmark_outputs/detail_v2_masked/DIV2K/0821/detail.png,/home/ubuntu/scratch/sr-diffusion/benchmarks/div2k/DIV2K_valid_HR/0821.png,/home/ubuntu/scratch/sr-diffusion/benchmarks/div2k/DIV2K_valid_LR_bicubic/X4/0821x4.png,33.032648224824385,0.938670953528835,31.55781357887374
DIV2K,0822,bicubic,generated:matlab_bicubic_resize,/home/ubuntu/scratch/sr-diffusion/benchmarks/div2k/DIV2K_valid_HR/0822.png,/home/ubuntu/scratch/sr-diffusion/benchmarks/div2k/DIV2K_valid_LR_bicubic/X4/0822x4.png,29.28314948991222,0.8080404432984737,27.977955435337556
DIV2K,0822,dual_context_base,/home/ubuntu/scratch/sr-diffusion/benchmark_outputs/detail_v2_masked/DIV2K/0822/base.png,/home/ubuntu/scratch/sr-diffusion/benchmarks/div2k/DIV2K_valid_HR/0822.png,/home/ubuntu/scratch/sr-diffusion/benchmarks/div2k/DIV2K_valid_LR_bicubic/X4/0822x4.png,31.757274794833762,0.8810708186736433,30.274490661934102
DIV2K,0822,detail_v1d,/home/ubuntu/scratch/sr-diffusion/benchmark_outputs/detail_v1d/DIV2K/0822/detail.png,/home/ubuntu/scratch/sr-diffusion/benchmarks/div2k/DIV2K_valid_HR/0822.png,/home/ubuntu/scratch/sr-diffusion/benchmarks/div2k/DIV2K_valid_LR_bicubic/X4/0822x4.png,31.976305025000013,0.8869269518748222,30.49176136442727
DIV2K,0822,detail_v2_masked,/home/ubuntu/scratch/sr-diffusion/benchmark_outputs/detail_v2_masked/DIV2K/0822/detail.png,/home/ubuntu/scratch/sr-diffusion/benchmarks/div2k/DIV2K_valid_HR/0822.png,/home/ubuntu/scratch/sr-diffusion/benchmarks/div2k/DIV2K_valid_LR_bicubic/X4/0822x4.png,31.931618546703863,0.8872733244200636,30.454804020457964
DIV2K,0823,bicubic,generated:matlab_bicubic_resize,/home/ubuntu/scratch/sr-diffusion/benchmarks/div2k/DIV2K_valid_HR/0823.png,/home/ubuntu/scratch/sr-diffusion/benchmarks/div2k/DIV2K_valid_LR_bicubic/X4/0823x4.png,25.70637388528983,0.7705294852763311,24.375875469953723
DIV2K,0823,dual_context_base,/home/ubuntu/scratch/sr-diffusion/benchmark_outputs/detail_v2_masked/DIV2K/0823/base.png,/home/ubuntu/scratch/sr-diffusion/benchmarks/div2k/DIV2K_valid_HR/0823.png,/home/ubuntu/scratch/sr-diffusion/benchmarks/div2k/DIV2K_valid_LR_bicubic/X4/0823x4.png,27.062689275560302,0.8241237838375074,25.711264882998556
DIV2K,0823,detail_v1d,/home/ubuntu/scratch/sr-diffusion/benchmark_outputs/detail_v1d/DIV2K/0823/detail.png,/home/ubuntu/scratch/sr-diffusion/benchmarks/div2k/DIV2K_valid_HR/0823.png,/home/ubuntu/scratch/sr-diffusion/benchmarks/div2k/DIV2K_valid_LR_bicubic/X4/0823x4.png,27.292326989166575,0.8321604660538292,25.946858532171056
DIV2K,0823,detail_v2_masked,/home/ubuntu/scratch/sr-diffusion/benchmark_outputs/detail_v2_masked/DIV2K/0823/detail.png,/home/ubuntu/scratch/sr-diffusion/benchmarks/div2k/DIV2K_valid_HR/0823.png,/home/ubuntu/scratch/sr-diffusion/benchmarks/div2k/DIV2K_valid_LR_bicubic/X4/0823x4.png,27.321921512032187,0.833630836528888,25.975691172672025
DIV2K,0824,bicubic,generated:matlab_bicubic_resize,/home/ubuntu/scratch/sr-diffusion/benchmarks/div2k/DIV2K_valid_HR/0824.png,/home/ubuntu/scratch/sr-diffusion/benchmarks/div2k/DIV2K_valid_LR_bicubic/X4/0824x4.png,26.72851404137316,0.8438952770081909,25.337210146303015
DIV2K,0824,dual_context_base,/home/ubuntu/scratch/sr-diffusion/benchmark_outputs/detail_v2_masked/DIV2K/0824/base.png,/home/ubuntu/scratch/sr-diffusion/benchmarks/div2k/DIV2K_valid_HR/0824.png,/home/ubuntu/scratch/sr-diffusion/benchmarks/div2k/DIV2K_valid_LR_bicubic/X4/0824x4.png,29.52884760920623,0.8976725104277777,28.088796260484344
DIV2K,0824,detail_v1d,/home/ubuntu/scratch/sr-diffusion/benchmark_outputs/detail_v1d/DIV2K/0824/detail.png,/home/ubuntu/scratch/sr-diffusion/benchmarks/div2k/DIV2K_valid_HR/0824.png,/home/ubuntu/scratch/sr-diffusion/benchmarks/div2k/DIV2K_valid_LR_bicubic/X4/0824x4.png,29.84876136013765,0.9028367764629447,28.409970732370404
DIV2K,0824,detail_v2_masked,/home/ubuntu/scratch/sr-diffusion/benchmark_outputs/detail_v2_masked/DIV2K/0824/detail.png,/home/ubuntu/scratch/sr-diffusion/benchmarks/div2k/DIV2K_valid_HR/0824.png,/home/ubuntu/scratch/sr-diffusion/benchmarks/div2k/DIV2K_valid_LR_bicubic/X4/0824x4.png,29.882253009328387,0.9034061256122103,28.444994180039487
DIV2K,0825,bicubic,generated:matlab_bicubic_resize,/home/ubuntu/scratch/sr-diffusion/benchmarks/div2k/DIV2K_valid_HR/0825.png,/home/ubuntu/scratch/sr-diffusion/benchmarks/div2k/DIV2K_valid_LR_bicubic/X4/0825x4.png,26.15678238943612,0.7552285909923018,24.751175199099258
DIV2K,0825,dual_context_base,/home/ubuntu/scratch/sr-diffusion/benchmark_outputs/detail_v2_masked/DIV2K/0825/base.png,/home/ubuntu/scratch/sr-diffusion/benchmarks/div2k/DIV2K_valid_HR/0825.png,/home/ubuntu/scratch/sr-diffusion/benchmarks/div2k/DIV2K_valid_LR_bicubic/X4/0825x4.png,28.523087497218928,0.830954919265964,27.105544594765234
DIV2K,0825,detail_v1d,/home/ubuntu/scratch/sr-diffusion/benchmark_outputs/detail_v1d/DIV2K/0825/detail.png,/home/ubuntu/scratch/sr-diffusion/benchmarks/div2k/DIV2K_valid_HR/0825.png,/home/ubuntu/scratch/sr-diffusion/benchmarks/div2k/DIV2K_valid_LR_bicubic/X4/0825x4.png,28.759181489098985,0.8380139388620559,27.344445166943196
DIV2K,0825,detail_v2_masked,/home/ubuntu/scratch/sr-diffusion/benchmark_outputs/detail_v2_masked/DIV2K/0825/detail.png,/home/ubuntu/scratch/sr-diffusion/benchmarks/div2k/DIV2K_valid_HR/0825.png,/home/ubuntu/scratch/sr-diffusion/benchmarks/div2k/DIV2K_valid_LR_bicubic/X4/0825x4.png,28.78218064975536,0.8394421309343074,27.366977973698074
DIV2K,0826,bicubic,generated:matlab_bicubic_resize,/home/ubuntu/scratch/sr-diffusion/benchmarks/div2k/DIV2K_valid_HR/0826.png,/home/ubuntu/scratch/sr-diffusion/benchmarks/div2k/DIV2K_valid_LR_bicubic/X4/0826x4.png,24.16530630140638,0.7035666673474312,22.943933081945463
DIV2K,0826,dual_context_base,/home/ubuntu/scratch/sr-diffusion/benchmark_outputs/detail_v2_masked/DIV2K/0826/base.png,/home/ubuntu/scratch/sr-diffusion/benchmarks/div2k/DIV2K_valid_HR/0826.png,/home/ubuntu/scratch/sr-diffusion/benchmarks/div2k/DIV2K_valid_LR_bicubic/X4/0826x4.png,25.288044594073604,0.7701072411164439,24.051551463182868
DIV2K,0826,detail_v1d,/home/ubuntu/scratch/sr-diffusion/benchmark_outputs/detail_v1d/DIV2K/0826/detail.png,/home/ubuntu/scratch/sr-diffusion/benchmarks/div2k/DIV2K_valid_HR/0826.png,/home/ubuntu/scratch/sr-diffusion/benchmarks/div2k/DIV2K_valid_LR_bicubic/X4/0826x4.png,25.42547996819891,0.777428856333099,24.189145174731586
DIV2K,0826,detail_v2_masked,/home/ubuntu/scratch/sr-diffusion/benchmark_outputs/detail_v2_masked/DIV2K/0826/detail.png,/home/ubuntu/scratch/sr-diffusion/benchmarks/div2k/DIV2K_valid_HR/0826.png,/home/ubuntu/scratch/sr-diffusion/benchmarks/div2k/DIV2K_valid_LR_bicubic/X4/0826x4.png,25.42537802348121,0.7783585979976625,24.18878256648471
DIV2K,0827,bicubic,generated:matlab_bicubic_resize,/home/ubuntu/scratch/sr-diffusion/benchmarks/div2k/DIV2K_valid_HR/0827.png,/home/ubuntu/scratch/sr-diffusion/benchmarks/div2k/DIV2K_valid_LR_bicubic/X4/0827x4.png,31.854097550119796,0.8712306061707175,30.49099731700653
DIV2K,0827,dual_context_base,/home/ubuntu/scratch/sr-diffusion/benchmark_outputs/detail_v2_masked/DIV2K/0827/base.png,/home/ubuntu/scratch/sr-diffusion/benchmarks/div2k/DIV2K_valid_HR/0827.png,/home/ubuntu/scratch/sr-diffusion/benchmarks/div2k/DIV2K_valid_LR_bicubic/X4/0827x4.png,34.40908347673259,0.9006685564821226,32.9942759549268
DIV2K,0827,detail_v1d,/home/ubuntu/scratch/sr-diffusion/benchmark_outputs/detail_v1d/DIV2K/0827/detail.png,/home/ubuntu/scratch/sr-diffusion/benchmarks/div2k/DIV2K_valid_HR/0827.png,/home/ubuntu/scratch/sr-diffusion/benchmarks/div2k/DIV2K_valid_LR_bicubic/X4/0827x4.png,34.768668804490645,0.9039207916098246,33.350372116519736
DIV2K,0827,detail_v2_masked,/home/ubuntu/scratch/sr-diffusion/benchmark_outputs/detail_v2_masked/DIV2K/0827/detail.png,/home/ubuntu/scratch/sr-diffusion/benchmarks/div2k/DIV2K_valid_HR/0827.png,/home/ubuntu/scratch/sr-diffusion/benchmarks/div2k/DIV2K_valid_LR_bicubic/X4/0827x4.png,34.742802787079505,0.9037589675321478,33.321300209008186
DIV2K,0828,bicubic,generated:matlab_bicubic_resize,/home/ubuntu/scratch/sr-diffusion/benchmarks/div2k/DIV2K_valid_HR/0828.png,/home/ubuntu/scratch/sr-diffusion/benchmarks/div2k/DIV2K_valid_LR_bicubic/X4/0828x4.png,17.39569011692606,0.6771524769222559,16.453211649848477
DIV2K,0828,dual_context_base,/home/ubuntu/scratch/sr-diffusion/benchmark_outputs/detail_v2_masked/DIV2K/0828/base.png,/home/ubuntu/scratch/sr-diffusion/benchmarks/div2k/DIV2K_valid_HR/0828.png,/home/ubuntu/scratch/sr-diffusion/benchmarks/div2k/DIV2K_valid_LR_bicubic/X4/0828x4.png,20.710159955509035,0.8790824123022309,19.63742875982003
DIV2K,0828,detail_v1d,/home/ubuntu/scratch/sr-diffusion/benchmark_outputs/detail_v1d/DIV2K/0828/detail.png,/home/ubuntu/scratch/sr-diffusion/benchmarks/div2k/DIV2K_valid_HR/0828.png,/home/ubuntu/scratch/sr-diffusion/benchmarks/div2k/DIV2K_valid_LR_bicubic/X4/0828x4.png,21.53323722554958,0.9029435423049001,20.485658577803306
DIV2K,0828,detail_v2_masked,/home/ubuntu/scratch/sr-diffusion/benchmark_outputs/detail_v2_masked/DIV2K/0828/detail.png,/home/ubuntu/scratch/sr-diffusion/benchmarks/div2k/DIV2K_valid_HR/0828.png,/home/ubuntu/scratch/sr-diffusion/benchmarks/div2k/DIV2K_valid_LR_bicubic/X4/0828x4.png,21.664263272331056,0.9062785966327243,20.60967655095709
DIV2K,0829,bicubic,generated:matlab_bicubic_resize,/home/ubuntu/scratch/sr-diffusion/benchmarks/div2k/DIV2K_valid_HR/0829.png,/home/ubuntu/scratch/sr-diffusion/benchmarks/div2k/DIV2K_valid_LR_bicubic/X4/0829x4.png,27.25706643294403,0.5485463858688163,25.9539061447768
DIV2K,0829,dual_context_base,/home/ubuntu/scratch/sr-diffusion/benchmark_outputs/detail_v2_masked/DIV2K/0829/base.png,/home/ubuntu/scratch/sr-diffusion/benchmarks/div2k/DIV2K_valid_HR/0829.png,/home/ubuntu/scratch/sr-diffusion/benchmarks/div2k/DIV2K_valid_LR_bicubic/X4/0829x4.png,27.821015898417627,0.5764889786665734,26.503212082125724
DIV2K,0829,detail_v1d,/home/ubuntu/scratch/sr-diffusion/benchmark_outputs/detail_v1d/DIV2K/0829/detail.png,/home/ubuntu/scratch/sr-diffusion/benchmarks/div2k/DIV2K_valid_HR/0829.png,/home/ubuntu/scratch/sr-diffusion/benchmarks/div2k/DIV2K_valid_LR_bicubic/X4/0829x4.png,27.865082406068534,0.5782421465326492,26.55086961267984
DIV2K,0829,detail_v2_masked,/home/ubuntu/scratch/sr-diffusion/benchmark_outputs/detail_v2_masked/DIV2K/0829/detail.png,/home/ubuntu/scratch/sr-diffusion/benchmarks/div2k/DIV2K_valid_HR/0829.png,/home/ubuntu/scratch/sr-diffusion/benchmarks/div2k/DIV2K_valid_LR_bicubic/X4/0829x4.png,27.85970533063324,0.57874001168962,26.546115839208227
DIV2K,0830,bicubic,generated:matlab_bicubic_resize,/home/ubuntu/scratch/sr-diffusion/benchmarks/div2k/DIV2K_valid_HR/0830.png,/home/ubuntu/scratch/sr-diffusion/benchmarks/div2k/DIV2K_valid_LR_bicubic/X4/0830x4.png,25.12575267992629,0.6954199430784254,23.568442634928097
DIV2K,0830,dual_context_base,/home/ubuntu/scratch/sr-diffusion/benchmark_outputs/detail_v2_masked/DIV2K/0830/base.png,/home/ubuntu/scratch/sr-diffusion/benchmarks/div2k/DIV2K_valid_HR/0830.png,/home/ubuntu/scratch/sr-diffusion/benchmarks/div2k/DIV2K_valid_LR_bicubic/X4/0830x4.png,25.81413093198995,0.7376683894962158,24.256349376763346
DIV2K,0830,detail_v1d,/home/ubuntu/scratch/sr-diffusion/benchmark_outputs/detail_v1d/DIV2K/0830/detail.png,/home/ubuntu/scratch/sr-diffusion/benchmarks/div2k/DIV2K_valid_HR/0830.png,/home/ubuntu/scratch/sr-diffusion/benchmarks/div2k/DIV2K_valid_LR_bicubic/X4/0830x4.png,25.95901381764882,0.7452804127881719,24.40056330343527
DIV2K,0830,detail_v2_masked,/home/ubuntu/scratch/sr-diffusion/benchmark_outputs/detail_v2_masked/DIV2K/0830/detail.png,/home/ubuntu/scratch/sr-diffusion/benchmarks/div2k/DIV2K_valid_HR/0830.png,/home/ubuntu/scratch/sr-diffusion/benchmarks/div2k/DIV2K_valid_LR_bicubic/X4/0830x4.png,25.948810951498558,0.7460537326328094,24.391813242363845
DIV2K,0831,bicubic,generated:matlab_bicubic_resize,/home/ubuntu/scratch/sr-diffusion/benchmarks/div2k/DIV2K_valid_HR/0831.png,/home/ubuntu/scratch/sr-diffusion/benchmarks/div2k/DIV2K_valid_LR_bicubic/X4/0831x4.png,28.14138461458141,0.8105542933049013,26.779227016435524
DIV2K,0831,dual_context_base,/home/ubuntu/scratch/sr-diffusion/benchmark_outputs/detail_v2_masked/DIV2K/0831/base.png,/home/ubuntu/scratch/sr-diffusion/benchmarks/div2k/DIV2K_valid_HR/0831.png,/home/ubuntu/scratch/sr-diffusion/benchmarks/div2k/DIV2K_valid_LR_bicubic/X4/0831x4.png,31.225145700696963,0.8834651590299861,29.833245112324647
DIV2K,0831,detail_v1d,/home/ubuntu/scratch/sr-diffusion/benchmark_outputs/detail_v1d/DIV2K/0831/detail.png,/home/ubuntu/scratch/sr-diffusion/benchmarks/div2k/DIV2K_valid_HR/0831.png,/home/ubuntu/scratch/sr-diffusion/benchmarks/div2k/DIV2K_valid_LR_bicubic/X4/0831x4.png,31.56173085832513,0.890939261425812,30.172897775431768
DIV2K,0831,detail_v2_masked,/home/ubuntu/scratch/sr-diffusion/benchmark_outputs/detail_v2_masked/DIV2K/0831/detail.png,/home/ubuntu/scratch/sr-diffusion/benchmarks/div2k/DIV2K_valid_HR/0831.png,/home/ubuntu/scratch/sr-diffusion/benchmarks/div2k/DIV2K_valid_LR_bicubic/X4/0831x4.png,31.588782444703092,0.8918469568579773,30.20062654590866
DIV2K,0832,bicubic,generated:matlab_bicubic_resize,/home/ubuntu/scratch/sr-diffusion/benchmarks/div2k/DIV2K_valid_HR/0832.png,/home/ubuntu/scratch/sr-diffusion/benchmarks/div2k/DIV2K_valid_LR_bicubic/X4/0832x4.png,29.225716614587753,0.8403021315318532,27.53608584787915
DIV2K,0832,dual_context_base,/home/ubuntu/scratch/sr-diffusion/benchmark_outputs/detail_v2_masked/DIV2K/0832/base.png,/home/ubuntu/scratch/sr-diffusion/benchmarks/div2k/DIV2K_valid_HR/0832.png,/home/ubuntu/scratch/sr-diffusion/benchmarks/div2k/DIV2K_valid_LR_bicubic/X4/0832x4.png,31.611632660621773,0.8938078903831923,29.90937126105031
DIV2K,0832,detail_v1d,/home/ubuntu/scratch/sr-diffusion/benchmark_outputs/detail_v1d/DIV2K/0832/detail.png,/home/ubuntu/scratch/sr-diffusion/benchmarks/div2k/DIV2K_valid_HR/0832.png,/home/ubuntu/scratch/sr-diffusion/benchmarks/div2k/DIV2K_valid_LR_bicubic/X4/0832x4.png,31.880964148599684,0.8984462157679487,30.17669865247784
DIV2K,0832,detail_v2_masked,/home/ubuntu/scratch/sr-diffusion/benchmark_outputs/detail_v2_masked/DIV2K/0832/detail.png,/home/ubuntu/scratch/sr-diffusion/benchmarks/div2k/DIV2K_valid_HR/0832.png,/home/ubuntu/scratch/sr-diffusion/benchmarks/div2k/DIV2K_valid_LR_bicubic/X4/0832x4.png,31.84571827360612,0.8988578324857256,30.148490084593153
DIV2K,0833,bicubic,generated:matlab_bicubic_resize,/home/ubuntu/scratch/sr-diffusion/benchmarks/div2k/DIV2K_valid_HR/0833.png,/home/ubuntu/scratch/sr-diffusion/benchmarks/div2k/DIV2K_valid_LR_bicubic/X4/0833x4.png,31.420016074736633,0.8908395280985896,30.03113379165754
DIV2K,0833,dual_context_base,/home/ubuntu/scratch/sr-diffusion/benchmark_outputs/detail_v2_masked/DIV2K/0833/base.png,/home/ubuntu/scratch/sr-diffusion/benchmarks/div2k/DIV2K_valid_HR/0833.png,/home/ubuntu/scratch/sr-diffusion/benchmarks/div2k/DIV2K_valid_LR_bicubic/X4/0833x4.png,35.175737852430416,0.9219192361698106,33.652271727707955
DIV2K,0833,detail_v1d,/home/ubuntu/scratch/sr-diffusion/benchmark_outputs/detail_v1d/DIV2K/0833/detail.png,/home/ubuntu/scratch/sr-diffusion/benchmarks/div2k/DIV2K_valid_HR/0833.png,/home/ubuntu/scratch/sr-diffusion/benchmarks/div2k/DIV2K_valid_LR_bicubic/X4/0833x4.png,35.45041411937695,0.9239295439077079,33.934447870369226
DIV2K,0833,detail_v2_masked,/home/ubuntu/scratch/sr-diffusion/benchmark_outputs/detail_v2_masked/DIV2K/0833/detail.png,/home/ubuntu/scratch/sr-diffusion/benchmarks/div2k/DIV2K_valid_HR/0833.png,/home/ubuntu/scratch/sr-diffusion/benchmarks/div2k/DIV2K_valid_LR_bicubic/X4/0833x4.png,35.481824694873836,0.9240511286933247,33.95836834254333
DIV2K,0834,bicubic,generated:matlab_bicubic_resize,/home/ubuntu/scratch/sr-diffusion/benchmarks/div2k/DIV2K_valid_HR/0834.png,/home/ubuntu/scratch/sr-diffusion/benchmarks/div2k/DIV2K_valid_LR_bicubic/X4/0834x4.png,25.853368134297575,0.7409508668272855,24.404115364539756
DIV2K,0834,dual_context_base,/home/ubuntu/scratch/sr-diffusion/benchmark_outputs/detail_v2_masked/DIV2K/0834/base.png,/home/ubuntu/scratch/sr-diffusion/benchmarks/div2k/DIV2K_valid_HR/0834.png,/home/ubuntu/scratch/sr-diffusion/benchmarks/div2k/DIV2K_valid_LR_bicubic/X4/0834x4.png,26.69374496776435,0.7853224481858965,25.230923813660983
DIV2K,0834,detail_v1d,/home/ubuntu/scratch/sr-diffusion/benchmark_outputs/detail_v1d/DIV2K/0834/detail.png,/home/ubuntu/scratch/sr-diffusion/benchmarks/div2k/DIV2K_valid_HR/0834.png,/home/ubuntu/scratch/sr-diffusion/benchmarks/div2k/DIV2K_valid_LR_bicubic/X4/0834x4.png,26.77575773611956,0.7893303758002748,25.315360571440443
DIV2K,0834,detail_v2_masked,/home/ubuntu/scratch/sr-diffusion/benchmark_outputs/detail_v2_masked/DIV2K/0834/detail.png,/home/ubuntu/scratch/sr-diffusion/benchmarks/div2k/DIV2K_valid_HR/0834.png,/home/ubuntu/scratch/sr-diffusion/benchmarks/div2k/DIV2K_valid_LR_bicubic/X4/0834x4.png,26.78103475378238,0.7906675257648363,25.321353263762912
DIV2K,0835,bicubic,generated:matlab_bicubic_resize,/home/ubuntu/scratch/sr-diffusion/benchmarks/div2k/DIV2K_valid_HR/0835.png,/home/ubuntu/scratch/sr-diffusion/benchmarks/div2k/DIV2K_valid_LR_bicubic/X4/0835x4.png,23.55993075755734,0.5430498668158362,22.176743757819565
DIV2K,0835,dual_context_base,/home/ubuntu/scratch/sr-diffusion/benchmark_outputs/detail_v2_masked/DIV2K/0835/base.png,/home/ubuntu/scratch/sr-diffusion/benchmarks/div2k/DIV2K_valid_HR/0835.png,/home/ubuntu/scratch/sr-diffusion/benchmarks/div2k/DIV2K_valid_LR_bicubic/X4/0835x4.png,24.070760802495283,0.6094877611295628,22.684701494991536
DIV2K,0835,detail_v1d,/home/ubuntu/scratch/sr-diffusion/benchmark_outputs/detail_v1d/DIV2K/0835/detail.png,/home/ubuntu/scratch/sr-diffusion/benchmarks/div2k/DIV2K_valid_HR/0835.png,/home/ubuntu/scratch/sr-diffusion/benchmarks/div2k/DIV2K_valid_LR_bicubic/X4/0835x4.png,24.137166379110155,0.6145491889233345,22.75685171736239
DIV2K,0835,detail_v2_masked,/home/ubuntu/scratch/sr-diffusion/benchmark_outputs/detail_v2_masked/DIV2K/0835/detail.png,/home/ubuntu/scratch/sr-diffusion/benchmarks/div2k/DIV2K_valid_HR/0835.png,/home/ubuntu/scratch/sr-diffusion/benchmarks/div2k/DIV2K_valid_LR_bicubic/X4/0835x4.png,24.126060176963207,0.6172391928971639,22.744997240837307
DIV2K,0836,bicubic,generated:matlab_bicubic_resize,/home/ubuntu/scratch/sr-diffusion/benchmarks/div2k/DIV2K_valid_HR/0836.png,/home/ubuntu/scratch/sr-diffusion/benchmarks/div2k/DIV2K_valid_LR_bicubic/X4/0836x4.png,24.4980134752776,0.7195839126047728,23.1812210281786
DIV2K,0836,dual_context_base,/home/ubuntu/scratch/sr-diffusion/benchmark_outputs/detail_v2_masked/DIV2K/0836/base.png,/home/ubuntu/scratch/sr-diffusion/benchmarks/div2k/DIV2K_valid_HR/0836.png,/home/ubuntu/scratch/sr-diffusion/benchmarks/div2k/DIV2K_valid_LR_bicubic/X4/0836x4.png,26.96886298899252,0.8073660184017903,25.636244021461543
DIV2K,0836,detail_v1d,/home/ubuntu/scratch/sr-diffusion/benchmark_outputs/detail_v1d/DIV2K/0836/detail.png,/home/ubuntu/scratch/sr-diffusion/benchmarks/div2k/DIV2K_valid_HR/0836.png,/home/ubuntu/scratch/sr-diffusion/benchmarks/div2k/DIV2K_valid_LR_bicubic/X4/0836x4.png,27.241526232117785,0.815955251359507,25.9026461531636
DIV2K,0836,detail_v2_masked,/home/ubuntu/scratch/sr-diffusion/benchmark_outputs/detail_v2_masked/DIV2K/0836/detail.png,/home/ubuntu/scratch/sr-diffusion/benchmarks/div2k/DIV2K_valid_HR/0836.png,/home/ubuntu/scratch/sr-diffusion/benchmarks/div2k/DIV2K_valid_LR_bicubic/X4/0836x4.png,27.271935023091842,0.8171190080843466,25.93453604069978
DIV2K,0837,bicubic,generated:matlab_bicubic_resize,/home/ubuntu/scratch/sr-diffusion/benchmarks/div2k/DIV2K_valid_HR/0837.png,/home/ubuntu/scratch/sr-diffusion/benchmarks/div2k/DIV2K_valid_LR_bicubic/X4/0837x4.png,25.137499144603122,0.7444186636485949,23.78504123299759
DIV2K,0837,dual_context_base,/home/ubuntu/scratch/sr-diffusion/benchmark_outputs/detail_v2_masked/DIV2K/0837/base.png,/home/ubuntu/scratch/sr-diffusion/benchmarks/div2k/DIV2K_valid_HR/0837.png,/home/ubuntu/scratch/sr-diffusion/benchmarks/div2k/DIV2K_valid_LR_bicubic/X4/0837x4.png,27.34410945362812,0.8375558777117773,25.969752056148685
DIV2K,0837,detail_v1d,/home/ubuntu/scratch/sr-diffusion/benchmark_outputs/detail_v1d/DIV2K/0837/detail.png,/home/ubuntu/scratch/sr-diffusion/benchmarks/div2k/DIV2K_valid_HR/0837.png,/home/ubuntu/scratch/sr-diffusion/benchmarks/div2k/DIV2K_valid_LR_bicubic/X4/0837x4.png,27.608976914385917,0.8467715571963904,26.235008843016256
DIV2K,0837,detail_v2_masked,/home/ubuntu/scratch/sr-diffusion/benchmark_outputs/detail_v2_masked/DIV2K/0837/detail.png,/home/ubuntu/scratch/sr-diffusion/benchmarks/div2k/DIV2K_valid_HR/0837.png,/home/ubuntu/scratch/sr-diffusion/benchmarks/div2k/DIV2K_valid_LR_bicubic/X4/0837x4.png,27.633369195388244,0.848254007928773,26.259978664568283
DIV2K,0838,bicubic,generated:matlab_bicubic_resize,/home/ubuntu/scratch/sr-diffusion/benchmarks/div2k/DIV2K_valid_HR/0838.png,/home/ubuntu/scratch/sr-diffusion/benchmarks/div2k/DIV2K_valid_LR_bicubic/X4/0838x4.png,38.58874061016144,0.9210635627316786,36.91729655604777
DIV2K,0838,dual_context_base,/home/ubuntu/scratch/sr-diffusion/benchmark_outputs/detail_v2_masked/DIV2K/0838/base.png,/home/ubuntu/scratch/sr-diffusion/benchmarks/div2k/DIV2K_valid_HR/0838.png,/home/ubuntu/scratch/sr-diffusion/benchmarks/div2k/DIV2K_valid_LR_bicubic/X4/0838x4.png,39.09215754855338,0.927681575283639,37.30225442184126
DIV2K,0838,detail_v1d,/home/ubuntu/scratch/sr-diffusion/benchmark_outputs/detail_v1d/DIV2K/0838/detail.png,/home/ubuntu/scratch/sr-diffusion/benchmarks/div2k/DIV2K_valid_HR/0838.png,/home/ubuntu/scratch/sr-diffusion/benchmarks/div2k/DIV2K_valid_LR_bicubic/X4/0838x4.png,39.15531196659364,0.9286668006778017,37.38985734090394
DIV2K,0838,detail_v2_masked,/home/ubuntu/scratch/sr-diffusion/benchmark_outputs/detail_v2_masked/DIV2K/0838/detail.png,/home/ubuntu/scratch/sr-diffusion/benchmarks/div2k/DIV2K_valid_HR/0838.png,/home/ubuntu/scratch/sr-diffusion/benchmarks/div2k/DIV2K_valid_LR_bicubic/X4/0838x4.png,39.144861150700685,0.92858348990607,37.378704644515096
DIV2K,0839,bicubic,generated:matlab_bicubic_resize,/home/ubuntu/scratch/sr-diffusion/benchmarks/div2k/DIV2K_valid_HR/0839.png,/home/ubuntu/scratch/sr-diffusion/benchmarks/div2k/DIV2K_valid_LR_bicubic/X4/0839x4.png,29.444209110837612,0.8011187268899189,28.14416322728757
DIV2K,0839,dual_context_base,/home/ubuntu/scratch/sr-diffusion/benchmark_outputs/detail_v2_masked/DIV2K/0839/base.png,/home/ubuntu/scratch/sr-diffusion/benchmarks/div2k/DIV2K_valid_HR/0839.png,/home/ubuntu/scratch/sr-diffusion/benchmarks/div2k/DIV2K_valid_LR_bicubic/X4/0839x4.png,30.175915656268156,0.8321912967900338,28.85012875978513
DIV2K,0839,detail_v1d,/home/ubuntu/scratch/sr-diffusion/benchmark_outputs/detail_v1d/DIV2K/0839/detail.png,/home/ubuntu/scratch/sr-diffusion/benchmarks/div2k/DIV2K_valid_HR/0839.png,/home/ubuntu/scratch/sr-diffusion/benchmarks/div2k/DIV2K_valid_LR_bicubic/X4/0839x4.png,30.229215400871958,0.8340447254069089,28.915062171268275
DIV2K,0839,detail_v2_masked,/home/ubuntu/scratch/sr-diffusion/benchmark_outputs/detail_v2_masked/DIV2K/0839/detail.png,/home/ubuntu/scratch/sr-diffusion/benchmarks/div2k/DIV2K_valid_HR/0839.png,/home/ubuntu/scratch/sr-diffusion/benchmarks/div2k/DIV2K_valid_LR_bicubic/X4/0839x4.png,30.22366095101483,0.8345448583900131,28.910234636154097
DIV2K,0840,bicubic,generated:matlab_bicubic_resize,/home/ubuntu/scratch/sr-diffusion/benchmarks/div2k/DIV2K_valid_HR/0840.png,/home/ubuntu/scratch/sr-diffusion/benchmarks/div2k/DIV2K_valid_LR_bicubic/X4/0840x4.png,28.37692160995907,0.7777173188993565,27.000884377212717
DIV2K,0840,dual_context_base,/home/ubuntu/scratch/sr-diffusion/benchmark_outputs/detail_v2_masked/DIV2K/0840/base.png,/home/ubuntu/scratch/sr-diffusion/benchmarks/div2k/DIV2K_valid_HR/0840.png,/home/ubuntu/scratch/sr-diffusion/benchmarks/div2k/DIV2K_valid_LR_bicubic/X4/0840x4.png,29.64935003146337,0.8266993606171174,28.256991994363368
DIV2K,0840,detail_v1d,/home/ubuntu/scratch/sr-diffusion/benchmark_outputs/detail_v1d/DIV2K/0840/detail.png,/home/ubuntu/scratch/sr-diffusion/benchmarks/div2k/DIV2K_valid_HR/0840.png,/home/ubuntu/scratch/sr-diffusion/benchmarks/div2k/DIV2K_valid_LR_bicubic/X4/0840x4.png,29.707624056309612,0.8295756114707887,28.315760697913184
DIV2K,0840,detail_v2_masked,/home/ubuntu/scratch/sr-diffusion/benchmark_outputs/detail_v2_masked/DIV2K/0840/detail.png,/home/ubuntu/scratch/sr-diffusion/benchmarks/div2k/DIV2K_valid_HR/0840.png,/home/ubuntu/scratch/sr-diffusion/benchmarks/div2k/DIV2K_valid_LR_bicubic/X4/0840x4.png,29.701348224303125,0.8303091477915289,28.309956983867366
DIV2K,0841,bicubic,generated:matlab_bicubic_resize,/home/ubuntu/scratch/sr-diffusion/benchmarks/div2k/DIV2K_valid_HR/0841.png,/home/ubuntu/scratch/sr-diffusion/benchmarks/div2k/DIV2K_valid_LR_bicubic/X4/0841x4.png,27.61888247768015,0.8119890574807829,26.20629057688246
DIV2K,0841,dual_context_base,/home/ubuntu/scratch/sr-diffusion/benchmark_outputs/detail_v2_masked/DIV2K/0841/base.png,/home/ubuntu/scratch/sr-diffusion/benchmarks/div2k/DIV2K_valid_HR/0841.png,/home/ubuntu/scratch/sr-diffusion/benchmarks/div2k/DIV2K_valid_LR_bicubic/X4/0841x4.png,29.16191968829283,0.8659468587679713,27.745547204819985
DIV2K,0841,detail_v1d,/home/ubuntu/scratch/sr-diffusion/benchmark_outputs/detail_v1d/DIV2K/0841/detail.png,/home/ubuntu/scratch/sr-diffusion/benchmarks/div2k/DIV2K_valid_HR/0841.png,/home/ubuntu/scratch/sr-diffusion/benchmarks/div2k/DIV2K_valid_LR_bicubic/X4/0841x4.png,29.347739024063824,0.8720996663961377,27.934992814704025
DIV2K,0841,detail_v2_masked,/home/ubuntu/scratch/sr-diffusion/benchmark_outputs/detail_v2_masked/DIV2K/0841/detail.png,/home/ubuntu/scratch/sr-diffusion/benchmarks/div2k/DIV2K_valid_HR/0841.png,/home/ubuntu/scratch/sr-diffusion/benchmarks/div2k/DIV2K_valid_LR_bicubic/X4/0841x4.png,29.35885133349632,0.872841598488612,27.94623884704177
DIV2K,0842,bicubic,generated:matlab_bicubic_resize,/home/ubuntu/scratch/sr-diffusion/benchmarks/div2k/DIV2K_valid_HR/0842.png,/home/ubuntu/scratch/sr-diffusion/benchmarks/div2k/DIV2K_valid_LR_bicubic/X4/0842x4.png,29.58260866669736,0.8319339139489491,28.35307873802314
DIV2K,0842,dual_context_base,/home/ubuntu/scratch/sr-diffusion/benchmark_outputs/detail_v2_masked/DIV2K/0842/base.png,/home/ubuntu/scratch/sr-diffusion/benchmarks/div2k/DIV2K_valid_HR/0842.png,/home/ubuntu/scratch/sr-diffusion/benchmarks/div2k/DIV2K_valid_LR_bicubic/X4/0842x4.png,30.578519235967395,0.8628180844082769,29.31271959800188
DIV2K,0842,detail_v1d,/home/ubuntu/scratch/sr-diffusion/benchmark_outputs/detail_v1d/DIV2K/0842/detail.png,/home/ubuntu/scratch/sr-diffusion/benchmarks/div2k/DIV2K_valid_HR/0842.png,/home/ubuntu/scratch/sr-diffusion/benchmarks/div2k/DIV2K_valid_LR_bicubic/X4/0842x4.png,30.67263722333919,0.8650425042119958,29.419877643126455
DIV2K,0842,detail_v2_masked,/home/ubuntu/scratch/sr-diffusion/benchmark_outputs/detail_v2_masked/DIV2K/0842/detail.png,/home/ubuntu/scratch/sr-diffusion/benchmarks/div2k/DIV2K_valid_HR/0842.png,/home/ubuntu/scratch/sr-diffusion/benchmarks/div2k/DIV2K_valid_LR_bicubic/X4/0842x4.png,30.651230007714155,0.8656676649475534,29.400343500101904
DIV2K,0843,bicubic,generated:matlab_bicubic_resize,/home/ubuntu/scratch/sr-diffusion/benchmarks/div2k/DIV2K_valid_HR/0843.png,/home/ubuntu/scratch/sr-diffusion/benchmarks/div2k/DIV2K_valid_LR_bicubic/X4/0843x4.png,38.79516168124559,0.9791280394714008,37.04508902587868
DIV2K,0843,dual_context_base,/home/ubuntu/scratch/sr-diffusion/benchmark_outputs/detail_v2_masked/DIV2K/0843/base.png,/home/ubuntu/scratch/sr-diffusion/benchmarks/div2k/DIV2K_valid_HR/0843.png,/home/ubuntu/scratch/sr-diffusion/benchmarks/div2k/DIV2K_valid_LR_bicubic/X4/0843x4.png,42.64371565227218,0.9844788444333238,40.43173450577582
DIV2K,0843,detail_v1d,/home/ubuntu/scratch/sr-diffusion/benchmark_outputs/detail_v1d/DIV2K/0843/detail.png,/home/ubuntu/scratch/sr-diffusion/benchmarks/div2k/DIV2K_valid_HR/0843.png,/home/ubuntu/scratch/sr-diffusion/benchmarks/div2k/DIV2K_valid_LR_bicubic/X4/0843x4.png,43.07044749491655,0.985010841703697,40.80525810523558
DIV2K,0843,detail_v2_masked,/home/ubuntu/scratch/sr-diffusion/benchmark_outputs/detail_v2_masked/DIV2K/0843/detail.png,/home/ubuntu/scratch/sr-diffusion/benchmarks/div2k/DIV2K_valid_HR/0843.png,/home/ubuntu/scratch/sr-diffusion/benchmarks/div2k/DIV2K_valid_LR_bicubic/X4/0843x4.png,43.088491324646334,0.9849735255420542,40.82056229095418
DIV2K,0844,bicubic,generated:matlab_bicubic_resize,/home/ubuntu/scratch/sr-diffusion/benchmarks/div2k/DIV2K_valid_HR/0844.png,/home/ubuntu/scratch/sr-diffusion/benchmarks/div2k/DIV2K_valid_LR_bicubic/X4/0844x4.png,39.984156546854365,0.9839795531714791,37.93295091421095
DIV2K,0844,dual_context_base,/home/ubuntu/scratch/sr-diffusion/benchmark_outputs/detail_v2_masked/DIV2K/0844/base.png,/home/ubuntu/scratch/sr-diffusion/benchmarks/div2k/DIV2K_valid_HR/0844.png,/home/ubuntu/scratch/sr-diffusion/benchmarks/div2k/DIV2K_valid_LR_bicubic/X4/0844x4.png,44.672052816418,0.9897505773213084,41.5089738109322
DIV2K,0844,detail_v1d,/home/ubuntu/scratch/sr-diffusion/benchmark_outputs/detail_v1d/DIV2K/0844/detail.png,/home/ubuntu/scratch/sr-diffusion/benchmarks/div2k/DIV2K_valid_HR/0844.png,/home/ubuntu/scratch/sr-diffusion/benchmarks/div2k/DIV2K_valid_LR_bicubic/X4/0844x4.png,45.05396586912874,0.9908713274971631,41.8396599491275
DIV2K,0844,detail_v2_masked,/home/ubuntu/scratch/sr-diffusion/benchmark_outputs/detail_v2_masked/DIV2K/0844/detail.png,/home/ubuntu/scratch/sr-diffusion/benchmarks/div2k/DIV2K_valid_HR/0844.png,/home/ubuntu/scratch/sr-diffusion/benchmarks/div2k/DIV2K_valid_LR_bicubic/X4/0844x4.png,45.075719712022384,0.9908104754970198,41.863692339367375
DIV2K,0845,bicubic,generated:matlab_bicubic_resize,/home/ubuntu/scratch/sr-diffusion/benchmarks/div2k/DIV2K_valid_HR/0845.png,/home/ubuntu/scratch/sr-diffusion/benchmarks/div2k/DIV2K_valid_LR_bicubic/X4/0845x4.png,22.771336688509614,0.6744974205793997,21.417171560474163
DIV2K,0845,dual_context_base,/home/ubuntu/scratch/sr-diffusion/benchmark_outputs/detail_v2_masked/DIV2K/0845/base.png,/home/ubuntu/scratch/sr-diffusion/benchmarks/div2k/DIV2K_valid_HR/0845.png,/home/ubuntu/scratch/sr-diffusion/benchmarks/div2k/DIV2K_valid_LR_bicubic/X4/0845x4.png,24.889764725698274,0.7786519271945513,23.508980680696226
DIV2K,0845,detail_v1d,/home/ubuntu/scratch/sr-diffusion/benchmark_outputs/detail_v1d/DIV2K/0845/detail.png,/home/ubuntu/scratch/sr-diffusion/benchmarks/div2k/DIV2K_valid_HR/0845.png,/home/ubuntu/scratch/sr-diffusion/benchmarks/div2k/DIV2K_valid_LR_bicubic/X4/0845x4.png,25.215264784446866,0.7899627178490117,23.842132548378693
DIV2K,0845,detail_v2_masked,/home/ubuntu/scratch/sr-diffusion/benchmark_outputs/detail_v2_masked/DIV2K/0845/detail.png,/home/ubuntu/scratch/sr-diffusion/benchmarks/div2k/DIV2K_valid_HR/0845.png,/home/ubuntu/scratch/sr-diffusion/benchmarks/div2k/DIV2K_valid_LR_bicubic/X4/0845x4.png,25.240244172411877,0.7914781928527518,23.866754957313173
DIV2K,0846,bicubic,generated:matlab_bicubic_resize,/home/ubuntu/scratch/sr-diffusion/benchmarks/div2k/DIV2K_valid_HR/0846.png,/home/ubuntu/scratch/sr-diffusion/benchmarks/div2k/DIV2K_valid_LR_bicubic/X4/0846x4.png,23.51793099963556,0.7167937902475218,22.18363916800381
DIV2K,0846,dual_context_base,/home/ubuntu/scratch/sr-diffusion/benchmark_outputs/detail_v2_masked/DIV2K/0846/base.png,/home/ubuntu/scratch/sr-diffusion/benchmarks/div2k/DIV2K_valid_HR/0846.png,/home/ubuntu/scratch/sr-diffusion/benchmarks/div2k/DIV2K_valid_LR_bicubic/X4/0846x4.png,26.36222584414993,0.8048921722078706,25.028876240892423
DIV2K,0846,detail_v1d,/home/ubuntu/scratch/sr-diffusion/benchmark_outputs/detail_v1d/DIV2K/0846/detail.png,/home/ubuntu/scratch/sr-diffusion/benchmarks/div2k/DIV2K_valid_HR/0846.png,/home/ubuntu/scratch/sr-diffusion/benchmarks/div2k/DIV2K_valid_LR_bicubic/X4/0846x4.png,26.69377237553814,0.8137876535496777,25.364088127253762
DIV2K,0846,detail_v2_masked,/home/ubuntu/scratch/sr-diffusion/benchmark_outputs/detail_v2_masked/DIV2K/0846/detail.png,/home/ubuntu/scratch/sr-diffusion/benchmarks/div2k/DIV2K_valid_HR/0846.png,/home/ubuntu/scratch/sr-diffusion/benchmarks/div2k/DIV2K_valid_LR_bicubic/X4/0846x4.png,26.73562148459083,0.8147200702560243,25.40644249576747
DIV2K,0847,bicubic,generated:matlab_bicubic_resize,/home/ubuntu/scratch/sr-diffusion/benchmarks/div2k/DIV2K_valid_HR/0847.png,/home/ubuntu/scratch/sr-diffusion/benchmarks/div2k/DIV2K_valid_LR_bicubic/X4/0847x4.png,26.57145017829948,0.7657698246987819,25.08212595283936
DIV2K,0847,dual_context_base,/home/ubuntu/scratch/sr-diffusion/benchmark_outputs/detail_v2_masked/DIV2K/0847/base.png,/home/ubuntu/scratch/sr-diffusion/benchmarks/div2k/DIV2K_valid_HR/0847.png,/home/ubuntu/scratch/sr-diffusion/benchmarks/div2k/DIV2K_valid_LR_bicubic/X4/0847x4.png,28.897772658974155,0.8405241734965512,27.359310792227667
DIV2K,0847,detail_v1d,/home/ubuntu/scratch/sr-diffusion/benchmark_outputs/detail_v1d/DIV2K/0847/detail.png,/home/ubuntu/scratch/sr-diffusion/benchmarks/div2k/DIV2K_valid_HR/0847.png,/home/ubuntu/scratch/sr-diffusion/benchmarks/div2k/DIV2K_valid_LR_bicubic/X4/0847x4.png,29.23866165032337,0.8491401116701826,27.70507514633241
DIV2K,0847,detail_v2_masked,/home/ubuntu/scratch/sr-diffusion/benchmark_outputs/detail_v2_masked/DIV2K/0847/detail.png,/home/ubuntu/scratch/sr-diffusion/benchmarks/div2k/DIV2K_valid_HR/0847.png,/home/ubuntu/scratch/sr-diffusion/benchmarks/div2k/DIV2K_valid_LR_bicubic/X4/0847x4.png,29.262092129454423,0.8504170465091991,27.728337776148653
DIV2K,0848,bicubic,generated:matlab_bicubic_resize,/home/ubuntu/scratch/sr-diffusion/benchmarks/div2k/DIV2K_valid_HR/0848.png,/home/ubuntu/scratch/sr-diffusion/benchmarks/div2k/DIV2K_valid_LR_bicubic/X4/0848x4.png,26.367516854617822,0.710048976220453,25.057212394608605
DIV2K,0848,dual_context_base,/home/ubuntu/scratch/sr-diffusion/benchmark_outputs/detail_v2_masked/DIV2K/0848/base.png,/home/ubuntu/scratch/sr-diffusion/benchmarks/div2k/DIV2K_valid_HR/0848.png,/home/ubuntu/scratch/sr-diffusion/benchmarks/div2k/DIV2K_valid_LR_bicubic/X4/0848x4.png,28.35855208016882,0.7666022538534579,27.04018407376762
DIV2K,0848,detail_v1d,/home/ubuntu/scratch/sr-diffusion/benchmark_outputs/detail_v1d/DIV2K/0848/detail.png,/home/ubuntu/scratch/sr-diffusion/benchmarks/div2k/DIV2K_valid_HR/0848.png,/home/ubuntu/scratch/sr-diffusion/benchmarks/div2k/DIV2K_valid_LR_bicubic/X4/0848x4.png,28.546879274093584,0.7711539678058452,27.228864527998024
DIV2K,0848,detail_v2_masked,/home/ubuntu/scratch/sr-diffusion/benchmark_outputs/detail_v2_masked/DIV2K/0848/detail.png,/home/ubuntu/scratch/sr-diffusion/benchmarks/div2k/DIV2K_valid_HR/0848.png,/home/ubuntu/scratch/sr-diffusion/benchmarks/div2k/DIV2K_valid_LR_bicubic/X4/0848x4.png,28.56879522956023,0.7719422831966046,27.25066829431952
DIV2K,0849,bicubic,generated:matlab_bicubic_resize,/home/ubuntu/scratch/sr-diffusion/benchmarks/div2k/DIV2K_valid_HR/0849.png,/home/ubuntu/scratch/sr-diffusion/benchmarks/div2k/DIV2K_valid_LR_bicubic/X4/0849x4.png,21.024443377156878,0.6340396171576069,19.576233492811138
DIV2K,0849,dual_context_base,/home/ubuntu/scratch/sr-diffusion/benchmark_outputs/detail_v2_masked/DIV2K/0849/base.png,/home/ubuntu/scratch/sr-diffusion/benchmarks/div2k/DIV2K_valid_HR/0849.png,/home/ubuntu/scratch/sr-diffusion/benchmarks/div2k/DIV2K_valid_LR_bicubic/X4/0849x4.png,23.404267898301306,0.7679658676705612,21.985403313529535
DIV2K,0849,detail_v1d,/home/ubuntu/scratch/sr-diffusion/benchmark_outputs/detail_v1d/DIV2K/0849/detail.png,/home/ubuntu/scratch/sr-diffusion/benchmarks/div2k/DIV2K_valid_HR/0849.png,/home/ubuntu/scratch/sr-diffusion/benchmarks/div2k/DIV2K_valid_LR_bicubic/X4/0849x4.png,23.695273767334317,0.7811293498280298,22.282503839405287
DIV2K,0849,detail_v2_masked,/home/ubuntu/scratch/sr-diffusion/benchmark_outputs/detail_v2_masked/DIV2K/0849/detail.png,/home/ubuntu/scratch/sr-diffusion/benchmarks/div2k/DIV2K_valid_HR/0849.png,/home/ubuntu/scratch/sr-diffusion/benchmarks/div2k/DIV2K_valid_LR_bicubic/X4/0849x4.png,23.713774085331544,0.784408398804569,22.30185295570587
DIV2K,0850,bicubic,generated:matlab_bicubic_resize,/home/ubuntu/scratch/sr-diffusion/benchmarks/div2k/DIV2K_valid_HR/0850.png,/home/ubuntu/scratch/sr-diffusion/benchmarks/div2k/DIV2K_valid_LR_bicubic/X4/0850x4.png,28.106013843028514,0.7905462951653007,26.70376347817792
DIV2K,0850,dual_context_base,/home/ubuntu/scratch/sr-diffusion/benchmark_outputs/detail_v2_masked/DIV2K/0850/base.png,/home/ubuntu/scratch/sr-diffusion/benchmarks/div2k/DIV2K_valid_HR/0850.png,/home/ubuntu/scratch/sr-diffusion/benchmarks/div2k/DIV2K_valid_LR_bicubic/X4/0850x4.png,30.26042862197341,0.8526872489266668,28.848103462852713
DIV2K,0850,detail_v1d,/home/ubuntu/scratch/sr-diffusion/benchmark_outputs/detail_v1d/DIV2K/0850/detail.png,/home/ubuntu/scratch/sr-diffusion/benchmarks/div2k/DIV2K_valid_HR/0850.png,/home/ubuntu/scratch/sr-diffusion/benchmarks/div2k/DIV2K_valid_LR_bicubic/X4/0850x4.png,30.5547763626815,0.8597826747176731,29.143361852616994
DIV2K,0850,detail_v2_masked,/home/ubuntu/scratch/sr-diffusion/benchmark_outputs/detail_v2_masked/DIV2K/0850/detail.png,/home/ubuntu/scratch/sr-diffusion/benchmarks/div2k/DIV2K_valid_HR/0850.png,/home/ubuntu/scratch/sr-diffusion/benchmarks/div2k/DIV2K_valid_LR_bicubic/X4/0850x4.png,30.569984697805793,0.8605112367175899,29.156635760088612
DIV2K,0851,bicubic,generated:matlab_bicubic_resize,/home/ubuntu/scratch/sr-diffusion/benchmarks/div2k/DIV2K_valid_HR/0851.png,/home/ubuntu/scratch/sr-diffusion/benchmarks/div2k/DIV2K_valid_LR_bicubic/X4/0851x4.png,28.182544875104583,0.8605111163227975,26.745562766356006
DIV2K,0851,dual_context_base,/home/ubuntu/scratch/sr-diffusion/benchmark_outputs/detail_v2_masked/DIV2K/0851/base.png,/home/ubuntu/scratch/sr-diffusion/benchmarks/div2k/DIV2K_valid_HR/0851.png,/home/ubuntu/scratch/sr-diffusion/benchmarks/div2k/DIV2K_valid_LR_bicubic/X4/0851x4.png,29.46720798399933,0.8919180247695707,28.002715760188792
DIV2K,0851,detail_v1d,/home/ubuntu/scratch/sr-diffusion/benchmark_outputs/detail_v1d/DIV2K/0851/detail.png,/home/ubuntu/scratch/sr-diffusion/benchmarks/div2k/DIV2K_valid_HR/0851.png,/home/ubuntu/scratch/sr-diffusion/benchmarks/div2k/DIV2K_valid_LR_bicubic/X4/0851x4.png,29.60443292186949,0.8952668244301338,28.156082382552945
DIV2K,0851,detail_v2_masked,/home/ubuntu/scratch/sr-diffusion/benchmark_outputs/detail_v2_masked/DIV2K/0851/detail.png,/home/ubuntu/scratch/sr-diffusion/benchmarks/div2k/DIV2K_valid_HR/0851.png,/home/ubuntu/scratch/sr-diffusion/benchmarks/div2k/DIV2K_valid_LR_bicubic/X4/0851x4.png,29.613167238747007,0.8956806339006553,28.160173854205127
DIV2K,0852,bicubic,generated:matlab_bicubic_resize,/home/ubuntu/scratch/sr-diffusion/benchmarks/div2k/DIV2K_valid_HR/0852.png,/home/ubuntu/scratch/sr-diffusion/benchmarks/div2k/DIV2K_valid_LR_bicubic/X4/0852x4.png,30.01651473080573,0.7966093388976564,28.931460710283122
DIV2K,0852,dual_context_base,/home/ubuntu/scratch/sr-diffusion/benchmark_outputs/detail_v2_masked/DIV2K/0852/base.png,/home/ubuntu/scratch/sr-diffusion/benchmarks/div2k/DIV2K_valid_HR/0852.png,/home/ubuntu/scratch/sr-diffusion/benchmarks/div2k/DIV2K_valid_LR_bicubic/X4/0852x4.png,30.853733099739728,0.839224044914904,29.776513292264212
DIV2K,0852,detail_v1d,/home/ubuntu/scratch/sr-diffusion/benchmark_outputs/detail_v1d/DIV2K/0852/detail.png,/home/ubuntu/scratch/sr-diffusion/benchmarks/div2k/DIV2K_valid_HR/0852.png,/home/ubuntu/scratch/sr-diffusion/benchmarks/div2k/DIV2K_valid_LR_bicubic/X4/0852x4.png,30.941654545851357,0.8421040168985059,29.875354143809773
DIV2K,0852,detail_v2_masked,/home/ubuntu/scratch/sr-diffusion/benchmark_outputs/detail_v2_masked/DIV2K/0852/detail.png,/home/ubuntu/scratch/sr-diffusion/benchmarks/div2k/DIV2K_valid_HR/0852.png,/home/ubuntu/scratch/sr-diffusion/benchmarks/div2k/DIV2K_valid_LR_bicubic/X4/0852x4.png,30.94651873522924,0.8427304233083577,29.881597010271747
DIV2K,0853,bicubic,generated:matlab_bicubic_resize,/home/ubuntu/scratch/sr-diffusion/benchmarks/div2k/DIV2K_valid_HR/0853.png,/home/ubuntu/scratch/sr-diffusion/benchmarks/div2k/DIV2K_valid_LR_bicubic/X4/0853x4.png,32.69575241445451,0.923973484235545,30.85875839069338
DIV2K,0853,dual_context_base,/home/ubuntu/scratch/sr-diffusion/benchmark_outputs/detail_v2_masked/DIV2K/0853/base.png,/home/ubuntu/scratch/sr-diffusion/benchmarks/div2k/DIV2K_valid_HR/0853.png,/home/ubuntu/scratch/sr-diffusion/benchmarks/div2k/DIV2K_valid_LR_bicubic/X4/0853x4.png,35.39545293210943,0.9474641414813206,33.411540230177145
DIV2K,0853,detail_v1d,/home/ubuntu/scratch/sr-diffusion/benchmark_outputs/detail_v1d/DIV2K/0853/detail.png,/home/ubuntu/scratch/sr-diffusion/benchmarks/div2k/DIV2K_valid_HR/0853.png,/home/ubuntu/scratch/sr-diffusion/benchmarks/div2k/DIV2K_valid_LR_bicubic/X4/0853x4.png,35.753591131924196,0.9505825256571181,33.72717821057822
DIV2K,0853,detail_v2_masked,/home/ubuntu/scratch/sr-diffusion/benchmark_outputs/detail_v2_masked/DIV2K/0853/detail.png,/home/ubuntu/scratch/sr-diffusion/benchmarks/div2k/DIV2K_valid_HR/0853.png,/home/ubuntu/scratch/sr-diffusion/benchmarks/div2k/DIV2K_valid_LR_bicubic/X4/0853x4.png,35.73249116004578,0.9506128798819097,33.69928364210213
DIV2K,0854,bicubic,generated:matlab_bicubic_resize,/home/ubuntu/scratch/sr-diffusion/benchmarks/div2k/DIV2K_valid_HR/0854.png,/home/ubuntu/scratch/sr-diffusion/benchmarks/div2k/DIV2K_valid_LR_bicubic/X4/0854x4.png,24.6867183385205,0.6854442793760797,23.38569287341246
DIV2K,0854,dual_context_base,/home/ubuntu/scratch/sr-diffusion/benchmark_outputs/detail_v2_masked/DIV2K/0854/base.png,/home/ubuntu/scratch/sr-diffusion/benchmarks/div2k/DIV2K_valid_HR/0854.png,/home/ubuntu/scratch/sr-diffusion/benchmarks/div2k/DIV2K_valid_LR_bicubic/X4/0854x4.png,26.08897823360778,0.750367174126673,24.768463769604338
DIV2K,0854,detail_v1d,/home/ubuntu/scratch/sr-diffusion/benchmark_outputs/detail_v1d/DIV2K/0854/detail.png,/home/ubuntu/scratch/sr-diffusion/benchmarks/div2k/DIV2K_valid_HR/0854.png,/home/ubuntu/scratch/sr-diffusion/benchmarks/div2k/DIV2K_valid_LR_bicubic/X4/0854x4.png,26.2129625462901,0.7559804704737099,24.89484734149525
DIV2K,0854,detail_v2_masked,/home/ubuntu/scratch/sr-diffusion/benchmark_outputs/detail_v2_masked/DIV2K/0854/detail.png,/home/ubuntu/scratch/sr-diffusion/benchmarks/div2k/DIV2K_valid_HR/0854.png,/home/ubuntu/scratch/sr-diffusion/benchmarks/div2k/DIV2K_valid_LR_bicubic/X4/0854x4.png,26.219446574759647,0.7573619116733034,24.902575912032326
DIV2K,0855,bicubic,generated:matlab_bicubic_resize,/home/ubuntu/scratch/sr-diffusion/benchmarks/div2k/DIV2K_valid_HR/0855.png,/home/ubuntu/scratch/sr-diffusion/benchmarks/div2k/DIV2K_valid_LR_bicubic/X4/0855x4.png,29.367724335942135,0.7443501491614422,28.024251869467793
DIV2K,0855,dual_context_base,/home/ubuntu/scratch/sr-diffusion/benchmark_outputs/detail_v2_masked/DIV2K/0855/base.png,/home/ubuntu/scratch/sr-diffusion/benchmarks/div2k/DIV2K_valid_HR/0855.png,/home/ubuntu/scratch/sr-diffusion/benchmarks/div2k/DIV2K_valid_LR_bicubic/X4/0855x4.png,30.319229178643905,0.7800143882754506,28.955339189218794
DIV2K,0855,detail_v1d,/home/ubuntu/scratch/sr-diffusion/benchmark_outputs/detail_v1d/DIV2K/0855/detail.png,/home/ubuntu/scratch/sr-diffusion/benchmarks/div2k/DIV2K_valid_HR/0855.png,/home/ubuntu/scratch/sr-diffusion/benchmarks/div2k/DIV2K_valid_LR_bicubic/X4/0855x4.png,30.36054762837532,0.7818937258797748,29.005563373324136
DIV2K,0855,detail_v2_masked,/home/ubuntu/scratch/sr-diffusion/benchmark_outputs/detail_v2_masked/DIV2K/0855/detail.png,/home/ubuntu/scratch/sr-diffusion/benchmarks/div2k/DIV2K_valid_HR/0855.png,/home/ubuntu/scratch/sr-diffusion/benchmarks/div2k/DIV2K_valid_LR_bicubic/X4/0855x4.png,30.317403175107728,0.7820876168883106,28.96335355101015
DIV2K,0856,bicubic,generated:matlab_bicubic_resize,/home/ubuntu/scratch/sr-diffusion/benchmarks/div2k/DIV2K_valid_HR/0856.png,/home/ubuntu/scratch/sr-diffusion/benchmarks/div2k/DIV2K_valid_LR_bicubic/X4/0856x4.png,26.41288026624835,0.6604388907257019,23.214276433100775
DIV2K,0856,dual_context_base,/home/ubuntu/scratch/sr-diffusion/benchmark_outputs/detail_v2_masked/DIV2K/0856/base.png,/home/ubuntu/scratch/sr-diffusion/benchmarks/div2k/DIV2K_valid_HR/0856.png,/home/ubuntu/scratch/sr-diffusion/benchmarks/div2k/DIV2K_valid_LR_bicubic/X4/0856x4.png,27.16047484322025,0.7178157324670309,23.942748403913964
DIV2K,0856,detail_v1d,/home/ubuntu/scratch/sr-diffusion/benchmark_outputs/detail_v1d/DIV2K/0856/detail.png,/home/ubuntu/scratch/sr-diffusion/benchmarks/div2k/DIV2K_valid_HR/0856.png,/home/ubuntu/scratch/sr-diffusion/benchmarks/div2k/DIV2K_valid_LR_bicubic/X4/0856x4.png,27.274374201054158,0.7254843236669396,24.10044250422154
DIV2K,0856,detail_v2_masked,/home/ubuntu/scratch/sr-diffusion/benchmark_outputs/detail_v2_masked/DIV2K/0856/detail.png,/home/ubuntu/scratch/sr-diffusion/benchmarks/div2k/DIV2K_valid_HR/0856.png,/home/ubuntu/scratch/sr-diffusion/benchmarks/div2k/DIV2K_valid_LR_bicubic/X4/0856x4.png,27.2721222462453,0.7274616640605017,24.109384184365815
DIV2K,0857,bicubic,generated:matlab_bicubic_resize,/home/ubuntu/scratch/sr-diffusion/benchmarks/div2k/DIV2K_valid_HR/0857.png,/home/ubuntu/scratch/sr-diffusion/benchmarks/div2k/DIV2K_valid_LR_bicubic/X4/0857x4.png,35.448676466665596,0.8284359962108077,33.9965574064447
DIV2K,0857,dual_context_base,/home/ubuntu/scratch/sr-diffusion/benchmark_outputs/detail_v2_masked/DIV2K/0857/base.png,/home/ubuntu/scratch/sr-diffusion/benchmarks/div2k/DIV2K_valid_HR/0857.png,/home/ubuntu/scratch/sr-diffusion/benchmarks/div2k/DIV2K_valid_LR_bicubic/X4/0857x4.png,36.07142306669933,0.8331348698847216,34.56536414708565
DIV2K,0857,detail_v1d,/home/ubuntu/scratch/sr-diffusion/benchmark_outputs/detail_v1d/DIV2K/0857/detail.png,/home/ubuntu/scratch/sr-diffusion/benchmarks/div2k/DIV2K_valid_HR/0857.png,/home/ubuntu/scratch/sr-diffusion/benchmarks/div2k/DIV2K_valid_LR_bicubic/X4/0857x4.png,36.186923478121315,0.8339768501367866,34.70457039385749
DIV2K,0857,detail_v2_masked,/home/ubuntu/scratch/sr-diffusion/benchmark_outputs/detail_v2_masked/DIV2K/0857/detail.png,/home/ubuntu/scratch/sr-diffusion/benchmarks/div2k/DIV2K_valid_HR/0857.png,/home/ubuntu/scratch/sr-diffusion/benchmarks/div2k/DIV2K_valid_LR_bicubic/X4/0857x4.png,36.18387468735905,0.8338565869917779,34.70120455162594
DIV2K,0858,bicubic,generated:matlab_bicubic_resize,/home/ubuntu/scratch/sr-diffusion/benchmarks/div2k/DIV2K_valid_HR/0858.png,/home/ubuntu/scratch/sr-diffusion/benchmarks/div2k/DIV2K_valid_LR_bicubic/X4/0858x4.png,28.23299192161112,0.7409549318478025,27.01838741511296
DIV2K,0858,dual_context_base,/home/ubuntu/scratch/sr-diffusion/benchmark_outputs/detail_v2_masked/DIV2K/0858/base.png,/home/ubuntu/scratch/sr-diffusion/benchmarks/div2k/DIV2K_valid_HR/0858.png,/home/ubuntu/scratch/sr-diffusion/benchmarks/div2k/DIV2K_valid_LR_bicubic/X4/0858x4.png,29.599436544283236,0.7996477279753533,28.345628370446644
DIV2K,0858,detail_v1d,/home/ubuntu/scratch/sr-diffusion/benchmark_outputs/detail_v1d/DIV2K/0858/detail.png,/home/ubuntu/scratch/sr-diffusion/benchmarks/div2k/DIV2K_valid_HR/0858.png,/home/ubuntu/scratch/sr-diffusion/benchmarks/div2k/DIV2K_valid_LR_bicubic/X4/0858x4.png,29.686419890216087,0.8030920998877645,28.445061711729828
DIV2K,0858,detail_v2_masked,/home/ubuntu/scratch/sr-diffusion/benchmark_outputs/detail_v2_masked/DIV2K/0858/detail.png,/home/ubuntu/scratch/sr-diffusion/benchmarks/div2k/DIV2K_valid_HR/0858.png,/home/ubuntu/scratch/sr-diffusion/benchmarks/div2k/DIV2K_valid_LR_bicubic/X4/0858x4.png,29.699503535955117,0.8045747981422869,28.456432718414835
DIV2K,0859,bicubic,generated:matlab_bicubic_resize,/home/ubuntu/scratch/sr-diffusion/benchmarks/div2k/DIV2K_valid_HR/0859.png,/home/ubuntu/scratch/sr-diffusion/benchmarks/div2k/DIV2K_valid_LR_bicubic/X4/0859x4.png,25.32469415163254,0.6324553301007961,24.059457077726382
DIV2K,0859,dual_context_base,/home/ubuntu/scratch/sr-diffusion/benchmark_outputs/detail_v2_masked/DIV2K/0859/base.png,/home/ubuntu/scratch/sr-diffusion/benchmarks/div2k/DIV2K_valid_HR/0859.png,/home/ubuntu/scratch/sr-diffusion/benchmarks/div2k/DIV2K_valid_LR_bicubic/X4/0859x4.png,26.28139429208915,0.7015320471329758,24.984553853545286
DIV2K,0859,detail_v1d,/home/ubuntu/scratch/sr-diffusion/benchmark_outputs/detail_v1d/DIV2K/0859/detail.png,/home/ubuntu/scratch/sr-diffusion/benchmarks/div2k/DIV2K_valid_HR/0859.png,/home/ubuntu/scratch/sr-diffusion/benchmarks/div2k/DIV2K_valid_LR_bicubic/X4/0859x4.png,26.39855899279678,0.708207383840612,25.111065400724584
DIV2K,0859,detail_v2_masked,/home/ubuntu/scratch/sr-diffusion/benchmark_outputs/detail_v2_masked/DIV2K/0859/detail.png,/home/ubuntu/scratch/sr-diffusion/benchmarks/div2k/DIV2K_valid_HR/0859.png,/home/ubuntu/scratch/sr-diffusion/benchmarks/div2k/DIV2K_valid_LR_bicubic/X4/0859x4.png,26.352154385154343,0.7093660427896862,25.068876397791435
DIV2K,0860,bicubic,generated:matlab_bicubic_resize,/home/ubuntu/scratch/sr-diffusion/benchmarks/div2k/DIV2K_valid_HR/0860.png,/home/ubuntu/scratch/sr-diffusion/benchmarks/div2k/DIV2K_valid_LR_bicubic/X4/0860x4.png,21.030943613589912,0.5397377758968388,19.671944612057757
DIV2K,0860,dual_context_base,/home/ubuntu/scratch/sr-diffusion/benchmark_outputs/detail_v2_masked/DIV2K/0860/base.png,/home/ubuntu/scratch/sr-diffusion/benchmarks/div2k/DIV2K_valid_HR/0860.png,/home/ubuntu/scratch/sr-diffusion/benchmarks/div2k/DIV2K_valid_LR_bicubic/X4/0860x4.png,21.834590526891226,0.631183864420164,20.466447547148405
DIV2K,0860,detail_v1d,/home/ubuntu/scratch/sr-diffusion/benchmark_outputs/detail_v1d/DIV2K/0860/detail.png,/home/ubuntu/scratch/sr-diffusion/benchmarks/div2k/DIV2K_valid_HR/0860.png,/home/ubuntu/scratch/sr-diffusion/benchmarks/div2k/DIV2K_valid_LR_bicubic/X4/0860x4.png,21.89619680137325,0.6362412235422011,20.52810540733889
DIV2K,0860,detail_v2_masked,/home/ubuntu/scratch/sr-diffusion/benchmark_outputs/detail_v2_masked/DIV2K/0860/detail.png,/home/ubuntu/scratch/sr-diffusion/benchmarks/div2k/DIV2K_valid_HR/0860.png,/home/ubuntu/scratch/sr-diffusion/benchmarks/div2k/DIV2K_valid_LR_bicubic/X4/0860x4.png,21.893623543313872,0.639371371253945,20.52577966023543
DIV2K,0861,bicubic,generated:matlab_bicubic_resize,/home/ubuntu/scratch/sr-diffusion/benchmarks/div2k/DIV2K_valid_HR/0861.png,/home/ubuntu/scratch/sr-diffusion/benchmarks/div2k/DIV2K_valid_LR_bicubic/X4/0861x4.png,22.390981203316073,0.6546742911046685,21.175928119334976
DIV2K,0861,dual_context_base,/home/ubuntu/scratch/sr-diffusion/benchmark_outputs/detail_v2_masked/DIV2K/0861/base.png,/home/ubuntu/scratch/sr-diffusion/benchmarks/div2k/DIV2K_valid_HR/0861.png,/home/ubuntu/scratch/sr-diffusion/benchmarks/div2k/DIV2K_valid_LR_bicubic/X4/0861x4.png,23.883675396287533,0.7611971912347936,22.660794057116185
DIV2K,0861,detail_v1d,/home/ubuntu/scratch/sr-diffusion/benchmark_outputs/detail_v1d/DIV2K/0861/detail.png,/home/ubuntu/scratch/sr-diffusion/benchmarks/div2k/DIV2K_valid_HR/0861.png,/home/ubuntu/scratch/sr-diffusion/benchmarks/div2k/DIV2K_valid_LR_bicubic/X4/0861x4.png,24.1092858887544,0.7721501592010561,22.890629815530723
DIV2K,0861,detail_v2_masked,/home/ubuntu/scratch/sr-diffusion/benchmark_outputs/detail_v2_masked/DIV2K/0861/detail.png,/home/ubuntu/scratch/sr-diffusion/benchmarks/div2k/DIV2K_valid_HR/0861.png,/home/ubuntu/scratch/sr-diffusion/benchmarks/div2k/DIV2K_valid_LR_bicubic/X4/0861x4.png,24.114659703406755,0.7736564254625095,22.896877706797085
DIV2K,0862,bicubic,generated:matlab_bicubic_resize,/home/ubuntu/scratch/sr-diffusion/benchmarks/div2k/DIV2K_valid_HR/0862.png,/home/ubuntu/scratch/sr-diffusion/benchmarks/div2k/DIV2K_valid_LR_bicubic/X4/0862x4.png,33.7794601347183,0.834622411060717,32.387137781045524
DIV2K,0862,dual_context_base,/home/ubuntu/scratch/sr-diffusion/benchmark_outputs/detail_v2_masked/DIV2K/0862/base.png,/home/ubuntu/scratch/sr-diffusion/benchmarks/div2k/DIV2K_valid_HR/0862.png,/home/ubuntu/scratch/sr-diffusion/benchmarks/div2k/DIV2K_valid_LR_bicubic/X4/0862x4.png,34.24429570189025,0.8502850477599796,32.80773453150671
DIV2K,0862,detail_v1d,/home/ubuntu/scratch/sr-diffusion/benchmark_outputs/detail_v1d/DIV2K/0862/detail.png,/home/ubuntu/scratch/sr-diffusion/benchmarks/div2k/DIV2K_valid_HR/0862.png,/home/ubuntu/scratch/sr-diffusion/benchmarks/div2k/DIV2K_valid_LR_bicubic/X4/0862x4.png,34.318983809709195,0.8517998453808323,32.893494681566324
DIV2K,0862,detail_v2_masked,/home/ubuntu/scratch/sr-diffusion/benchmark_outputs/detail_v2_masked/DIV2K/0862/detail.png,/home/ubuntu/scratch/sr-diffusion/benchmarks/div2k/DIV2K_valid_HR/0862.png,/home/ubuntu/scratch/sr-diffusion/benchmarks/div2k/DIV2K_valid_LR_bicubic/X4/0862x4.png,34.30891198430579,0.8519619258899291,32.8832344489511
DIV2K,0863,bicubic,generated:matlab_bicubic_resize,/home/ubuntu/scratch/sr-diffusion/benchmarks/div2k/DIV2K_valid_HR/0863.png,/home/ubuntu/scratch/sr-diffusion/benchmarks/div2k/DIV2K_valid_LR_bicubic/X4/0863x4.png,33.414160830957144,0.8976468834791831,32.0811352672992
DIV2K,0863,dual_context_base,/home/ubuntu/scratch/sr-diffusion/benchmark_outputs/detail_v2_masked/DIV2K/0863/base.png,/home/ubuntu/scratch/sr-diffusion/benchmarks/div2k/DIV2K_valid_HR/0863.png,/home/ubuntu/scratch/sr-diffusion/benchmarks/div2k/DIV2K_valid_LR_bicubic/X4/0863x4.png,34.25282939394095,0.91261273042237,32.87523708107577
DIV2K,0863,detail_v1d,/home/ubuntu/scratch/sr-diffusion/benchmark_outputs/detail_v1d/DIV2K/0863/detail.png,/home/ubuntu/scratch/sr-diffusion/benchmarks/div2k/DIV2K_valid_HR/0863.png,/home/ubuntu/scratch/sr-diffusion/benchmarks/div2k/DIV2K_valid_LR_bicubic/X4/0863x4.png,34.30934902917418,0.9137856151144963,32.94083374627295
DIV2K,0863,detail_v2_masked,/home/ubuntu/scratch/sr-diffusion/benchmark_outputs/detail_v2_masked/DIV2K/0863/detail.png,/home/ubuntu/scratch/sr-diffusion/benchmarks/div2k/DIV2K_valid_HR/0863.png,/home/ubuntu/scratch/sr-diffusion/benchmarks/div2k/DIV2K_valid_LR_bicubic/X4/0863x4.png,34.29051456606602,0.9137323809281787,32.92496094164609
DIV2K,0864,bicubic,generated:matlab_bicubic_resize,/home/ubuntu/scratch/sr-diffusion/benchmarks/div2k/DIV2K_valid_HR/0864.png,/home/ubuntu/scratch/sr-diffusion/benchmarks/div2k/DIV2K_valid_LR_bicubic/X4/0864x4.png,29.903125796212542,0.7551268327774266,28.646204620572387
DIV2K,0864,dual_context_base,/home/ubuntu/scratch/sr-diffusion/benchmark_outputs/detail_v2_masked/DIV2K/0864/base.png,/home/ubuntu/scratch/sr-diffusion/benchmarks/div2k/DIV2K_valid_HR/0864.png,/home/ubuntu/scratch/sr-diffusion/benchmarks/div2k/DIV2K_valid_LR_bicubic/X4/0864x4.png,31.037512581069034,0.8041452856732244,29.749981771093786
DIV2K,0864,detail_v1d,/home/ubuntu/scratch/sr-diffusion/benchmark_outputs/detail_v1d/DIV2K/0864/detail.png,/home/ubuntu/scratch/sr-diffusion/benchmarks/div2k/DIV2K_valid_HR/0864.png,/home/ubuntu/scratch/sr-diffusion/benchmarks/div2k/DIV2K_valid_LR_bicubic/X4/0864x4.png,31.12898217335475,0.8084111115784535,29.84782042113951
DIV2K,0864,detail_v2_masked,/home/ubuntu/scratch/sr-diffusion/benchmark_outputs/detail_v2_masked/DIV2K/0864/detail.png,/home/ubuntu/scratch/sr-diffusion/benchmarks/div2k/DIV2K_valid_HR/0864.png,/home/ubuntu/scratch/sr-diffusion/benchmarks/div2k/DIV2K_valid_LR_bicubic/X4/0864x4.png,31.105703363160725,0.8089570641077043,29.82264943394922
DIV2K,0865,bicubic,generated:matlab_bicubic_resize,/home/ubuntu/scratch/sr-diffusion/benchmarks/div2k/DIV2K_valid_HR/0865.png,/home/ubuntu/scratch/sr-diffusion/benchmarks/div2k/DIV2K_valid_LR_bicubic/X4/0865x4.png,27.6874818194118,0.7397082633258846,26.311970394584314
DIV2K,0865,dual_context_base,/home/ubuntu/scratch/sr-diffusion/benchmark_outputs/detail_v2_masked/DIV2K/0865/base.png,/home/ubuntu/scratch/sr-diffusion/benchmarks/div2k/DIV2K_valid_HR/0865.png,/home/ubuntu/scratch/sr-diffusion/benchmarks/div2k/DIV2K_valid_LR_bicubic/X4/0865x4.png,28.53572534187718,0.7796081579271954,27.159258075340556
DIV2K,0865,detail_v1d,/home/ubuntu/scratch/sr-diffusion/benchmark_outputs/detail_v1d/DIV2K/0865/detail.png,/home/ubuntu/scratch/sr-diffusion/benchmarks/div2k/DIV2K_valid_HR/0865.png,/home/ubuntu/scratch/sr-diffusion/benchmarks/div2k/DIV2K_valid_LR_bicubic/X4/0865x4.png,28.637431720132867,0.7836813760617882,27.264090036402354
DIV2K,0865,detail_v2_masked,/home/ubuntu/scratch/sr-diffusion/benchmark_outputs/detail_v2_masked/DIV2K/0865/detail.png,/home/ubuntu/scratch/sr-diffusion/benchmarks/div2k/DIV2K_valid_HR/0865.png,/home/ubuntu/scratch/sr-diffusion/benchmarks/div2k/DIV2K_valid_LR_bicubic/X4/0865x4.png,28.636117975856102,0.7846066477233081,27.26362366000046
DIV2K,0866,bicubic,generated:matlab_bicubic_resize,/home/ubuntu/scratch/sr-diffusion/benchmarks/div2k/DIV2K_valid_HR/0866.png,/home/ubuntu/scratch/sr-diffusion/benchmarks/div2k/DIV2K_valid_LR_bicubic/X4/0866x4.png,25.76912258812304,0.769161545054304,24.348665687586553
DIV2K,0866,dual_context_base,/home/ubuntu/scratch/sr-diffusion/benchmark_outputs/detail_v2_masked/DIV2K/0866/base.png,/home/ubuntu/scratch/sr-diffusion/benchmarks/div2k/DIV2K_valid_HR/0866.png,/home/ubuntu/scratch/sr-diffusion/benchmarks/div2k/DIV2K_valid_LR_bicubic/X4/0866x4.png,26.246787228499493,0.806860843376588,24.819043582152634
DIV2K,0866,detail_v1d,/home/ubuntu/scratch/sr-diffusion/benchmark_outputs/detail_v1d/DIV2K/0866/detail.png,/home/ubuntu/scratch/sr-diffusion/benchmarks/div2k/DIV2K_valid_HR/0866.png,/home/ubuntu/scratch/sr-diffusion/benchmarks/div2k/DIV2K_valid_LR_bicubic/X4/0866x4.png,26.318005348755147,0.8099059523774105,24.896135224048223
DIV2K,0866,detail_v2_masked,/home/ubuntu/scratch/sr-diffusion/benchmark_outputs/detail_v2_masked/DIV2K/0866/detail.png,/home/ubuntu/scratch/sr-diffusion/benchmarks/div2k/DIV2K_valid_HR/0866.png,/home/ubuntu/scratch/sr-diffusion/benchmarks/div2k/DIV2K_valid_LR_bicubic/X4/0866x4.png,26.305391105765263,0.8111883122068766,24.88527551750764
DIV2K,0867,bicubic,generated:matlab_bicubic_resize,/home/ubuntu/scratch/sr-diffusion/benchmarks/div2k/DIV2K_valid_HR/0867.png,/home/ubuntu/scratch/sr-diffusion/benchmarks/div2k/DIV2K_valid_LR_bicubic/X4/0867x4.png,27.15107167706242,0.7773868122837911,26.09706260241024
DIV2K,0867,dual_context_base,/home/ubuntu/scratch/sr-diffusion/benchmark_outputs/detail_v2_masked/DIV2K/0867/base.png,/home/ubuntu/scratch/sr-diffusion/benchmarks/div2k/DIV2K_valid_HR/0867.png,/home/ubuntu/scratch/sr-diffusion/benchmarks/div2k/DIV2K_valid_LR_bicubic/X4/0867x4.png,28.922290902471733,0.8602328303692998,27.77101705470215
DIV2K,0867,detail_v1d,/home/ubuntu/scratch/sr-diffusion/benchmark_outputs/detail_v1d/DIV2K/0867/detail.png,/home/ubuntu/scratch/sr-diffusion/benchmarks/div2k/DIV2K_valid_HR/0867.png,/home/ubuntu/scratch/sr-diffusion/benchmarks/div2k/DIV2K_valid_LR_bicubic/X4/0867x4.png,29.097821728251883,0.8691195160519408,27.964753378686943
DIV2K,0867,detail_v2_masked,/home/ubuntu/scratch/sr-diffusion/benchmark_outputs/detail_v2_masked/DIV2K/0867/detail.png,/home/ubuntu/scratch/sr-diffusion/benchmarks/div2k/DIV2K_valid_HR/0867.png,/home/ubuntu/scratch/sr-diffusion/benchmarks/div2k/DIV2K_valid_LR_bicubic/X4/0867x4.png,29.03906188736567,0.8692418113887924,27.906287548359003
DIV2K,0868,bicubic,generated:matlab_bicubic_resize,/home/ubuntu/scratch/sr-diffusion/benchmarks/div2k/DIV2K_valid_HR/0868.png,/home/ubuntu/scratch/sr-diffusion/benchmarks/div2k/DIV2K_valid_LR_bicubic/X4/0868x4.png,30.902370410302744,0.9379222150106817,29.55224204564073
DIV2K,0868,dual_context_base,/home/ubuntu/scratch/sr-diffusion/benchmark_outputs/detail_v2_masked/DIV2K/0868/base.png,/home/ubuntu/scratch/sr-diffusion/benchmarks/div2k/DIV2K_valid_HR/0868.png,/home/ubuntu/scratch/sr-diffusion/benchmarks/div2k/DIV2K_valid_LR_bicubic/X4/0868x4.png,33.560117826747,0.9601567673830756,32.274355047833964
DIV2K,0868,detail_v1d,/home/ubuntu/scratch/sr-diffusion/benchmark_outputs/detail_v1d/DIV2K/0868/detail.png,/home/ubuntu/scratch/sr-diffusion/benchmarks/div2k/DIV2K_valid_HR/0868.png,/home/ubuntu/scratch/sr-diffusion/benchmarks/div2k/DIV2K_valid_LR_bicubic/X4/0868x4.png,33.82079146506781,0.96225649046653,32.54431117808338
DIV2K,0868,detail_v2_masked,/home/ubuntu/scratch/sr-diffusion/benchmark_outputs/detail_v2_masked/DIV2K/0868/detail.png,/home/ubuntu/scratch/sr-diffusion/benchmarks/div2k/DIV2K_valid_HR/0868.png,/home/ubuntu/scratch/sr-diffusion/benchmarks/div2k/DIV2K_valid_LR_bicubic/X4/0868x4.png,33.86226942513384,0.962378039476265,32.58375348322715
DIV2K,0869,bicubic,generated:matlab_bicubic_resize,/home/ubuntu/scratch/sr-diffusion/benchmarks/div2k/DIV2K_valid_HR/0869.png,/home/ubuntu/scratch/sr-diffusion/benchmarks/div2k/DIV2K_valid_LR_bicubic/X4/0869x4.png,24.09092863645175,0.7497491566697656,22.72169306335448
DIV2K,0869,dual_context_base,/home/ubuntu/scratch/sr-diffusion/benchmark_outputs/detail_v2_masked/DIV2K/0869/base.png,/home/ubuntu/scratch/sr-diffusion/benchmarks/div2k/DIV2K_valid_HR/0869.png,/home/ubuntu/scratch/sr-diffusion/benchmarks/div2k/DIV2K_valid_LR_bicubic/X4/0869x4.png,24.92632603048762,0.8021016475208339,23.561122968687386
DIV2K,0869,detail_v1d,/home/ubuntu/scratch/sr-diffusion/benchmark_outputs/detail_v1d/DIV2K/0869/detail.png,/home/ubuntu/scratch/sr-diffusion/benchmarks/div2k/DIV2K_valid_HR/0869.png,/home/ubuntu/scratch/sr-diffusion/benchmarks/div2k/DIV2K_valid_LR_bicubic/X4/0869x4.png,25.000611916403287,0.8053013720978985,23.636727086934876
DIV2K,0869,detail_v2_masked,/home/ubuntu/scratch/sr-diffusion/benchmark_outputs/detail_v2_masked/DIV2K/0869/detail.png,/home/ubuntu/scratch/sr-diffusion/benchmarks/div2k/DIV2K_valid_HR/0869.png,/home/ubuntu/scratch/sr-diffusion/benchmarks/div2k/DIV2K_valid_LR_bicubic/X4/0869x4.png,25.000040082774873,0.806930827857547,23.637002539745275
DIV2K,0870,bicubic,generated:matlab_bicubic_resize,/home/ubuntu/scratch/sr-diffusion/benchmarks/div2k/DIV2K_valid_HR/0870.png,/home/ubuntu/scratch/sr-diffusion/benchmarks/div2k/DIV2K_valid_LR_bicubic/X4/0870x4.png,28.262181647547475,0.8051200396988059,26.950020765616884
DIV2K,0870,dual_context_base,/home/ubuntu/scratch/sr-diffusion/benchmark_outputs/detail_v2_masked/DIV2K/0870/base.png,/home/ubuntu/scratch/sr-diffusion/benchmarks/div2k/DIV2K_valid_HR/0870.png,/home/ubuntu/scratch/sr-diffusion/benchmarks/div2k/DIV2K_valid_LR_bicubic/X4/0870x4.png,29.677461759544478,0.8582786467152519,28.31154170790032
DIV2K,0870,detail_v1d,/home/ubuntu/scratch/sr-diffusion/benchmark_outputs/detail_v1d/DIV2K/0870/detail.png,/home/ubuntu/scratch/sr-diffusion/benchmarks/div2k/DIV2K_valid_HR/0870.png,/home/ubuntu/scratch/sr-diffusion/benchmarks/div2k/DIV2K_valid_LR_bicubic/X4/0870x4.png,29.75859799587495,0.8619047698129083,28.397498005310485
DIV2K,0870,detail_v2_masked,/home/ubuntu/scratch/sr-diffusion/benchmark_outputs/detail_v2_masked/DIV2K/0870/detail.png,/home/ubuntu/scratch/sr-diffusion/benchmarks/div2k/DIV2K_valid_HR/0870.png,/home/ubuntu/scratch/sr-diffusion/benchmarks/div2k/DIV2K_valid_LR_bicubic/X4/0870x4.png,29.726980524649264,0.8624502710537825,28.370693088565986
DIV2K,0871,bicubic,generated:matlab_bicubic_resize,/home/ubuntu/scratch/sr-diffusion/benchmarks/div2k/DIV2K_valid_HR/0871.png,/home/ubuntu/scratch/sr-diffusion/benchmarks/div2k/DIV2K_valid_LR_bicubic/X4/0871x4.png,30.950863219785376,0.86500006512986,29.41408743258254
DIV2K,0871,dual_context_base,/home/ubuntu/scratch/sr-diffusion/benchmark_outputs/detail_v2_masked/DIV2K/0871/base.png,/home/ubuntu/scratch/sr-diffusion/benchmarks/div2k/DIV2K_valid_HR/0871.png,/home/ubuntu/scratch/sr-diffusion/benchmarks/div2k/DIV2K_valid_LR_bicubic/X4/0871x4.png,32.98192402516768,0.9108316947593329,31.365210324093308
DIV2K,0871,detail_v1d,/home/ubuntu/scratch/sr-diffusion/benchmark_outputs/detail_v1d/DIV2K/0871/detail.png,/home/ubuntu/scratch/sr-diffusion/benchmarks/div2k/DIV2K_valid_HR/0871.png,/home/ubuntu/scratch/sr-diffusion/benchmarks/div2k/DIV2K_valid_LR_bicubic/X4/0871x4.png,33.1501407876751,0.9151651157410634,31.57088240868141
DIV2K,0871,detail_v2_masked,/home/ubuntu/scratch/sr-diffusion/benchmark_outputs/detail_v2_masked/DIV2K/0871/detail.png,/home/ubuntu/scratch/sr-diffusion/benchmarks/div2k/DIV2K_valid_HR/0871.png,/home/ubuntu/scratch/sr-diffusion/benchmarks/div2k/DIV2K_valid_LR_bicubic/X4/0871x4.png,33.05973916296497,0.9149482363830439,31.483913149586016
DIV2K,0872,bicubic,generated:matlab_bicubic_resize,/home/ubuntu/scratch/sr-diffusion/benchmarks/div2k/DIV2K_valid_HR/0872.png,/home/ubuntu/scratch/sr-diffusion/benchmarks/div2k/DIV2K_valid_LR_bicubic/X4/0872x4.png,23.691701290838886,0.6277498254749015,22.43637353595485
DIV2K,0872,dual_context_base,/home/ubuntu/scratch/sr-diffusion/benchmark_outputs/detail_v2_masked/DIV2K/0872/base.png,/home/ubuntu/scratch/sr-diffusion/benchmarks/div2k/DIV2K_valid_HR/0872.png,/home/ubuntu/scratch/sr-diffusion/benchmarks/div2k/DIV2K_valid_LR_bicubic/X4/0872x4.png,25.032456482166637,0.6998044445619922,23.749667485538097
DIV2K,0872,detail_v1d,/home/ubuntu/scratch/sr-diffusion/benchmark_outputs/detail_v1d/DIV2K/0872/detail.png,/home/ubuntu/scratch/sr-diffusion/benchmarks/div2k/DIV2K_valid_HR/0872.png,/home/ubuntu/scratch/sr-diffusion/benchmarks/div2k/DIV2K_valid_LR_bicubic/X4/0872x4.png,25.130576084420788,0.7061405794894875,23.850777582774782
DIV2K,0872,detail_v2_masked,/home/ubuntu/scratch/sr-diffusion/benchmark_outputs/detail_v2_masked/DIV2K/0872/detail.png,/home/ubuntu/scratch/sr-diffusion/benchmarks/div2k/DIV2K_valid_HR/0872.png,/home/ubuntu/scratch/sr-diffusion/benchmarks/div2k/DIV2K_valid_LR_bicubic/X4/0872x4.png,25.14713392638358,0.708038532032198,23.867292146981928
DIV2K,0873,bicubic,generated:matlab_bicubic_resize,/home/ubuntu/scratch/sr-diffusion/benchmarks/div2k/DIV2K_valid_HR/0873.png,/home/ubuntu/scratch/sr-diffusion/benchmarks/div2k/DIV2K_valid_LR_bicubic/X4/0873x4.png,24.000094384905452,0.6670170096796554,22.676219820751196
DIV2K,0873,dual_context_base,/home/ubuntu/scratch/sr-diffusion/benchmark_outputs/detail_v2_masked/DIV2K/0873/base.png,/home/ubuntu/scratch/sr-diffusion/benchmarks/div2k/DIV2K_valid_HR/0873.png,/home/ubuntu/scratch/sr-diffusion/benchmarks/div2k/DIV2K_valid_LR_bicubic/X4/0873x4.png,25.140301971832535,0.7363044874675527,23.802441450366448
DIV2K,0873,detail_v1d,/home/ubuntu/scratch/sr-diffusion/benchmark_outputs/detail_v1d/DIV2K/0873/detail.png,/home/ubuntu/scratch/sr-diffusion/benchmarks/div2k/DIV2K_valid_HR/0873.png,/home/ubuntu/scratch/sr-diffusion/benchmarks/div2k/DIV2K_valid_LR_bicubic/X4/0873x4.png,25.354367818290964,0.7488685510145815,24.015073027262623
DIV2K,0873,detail_v2_masked,/home/ubuntu/scratch/sr-diffusion/benchmark_outputs/detail_v2_masked/DIV2K/0873/detail.png,/home/ubuntu/scratch/sr-diffusion/benchmarks/div2k/DIV2K_valid_HR/0873.png,/home/ubuntu/scratch/sr-diffusion/benchmarks/div2k/DIV2K_valid_LR_bicubic/X4/0873x4.png,25.38288090814636,0.7509758150074678,24.042950255006513
DIV2K,0874,bicubic,generated:matlab_bicubic_resize,/home/ubuntu/scratch/sr-diffusion/benchmarks/div2k/DIV2K_valid_HR/0874.png,/home/ubuntu/scratch/sr-diffusion/benchmarks/div2k/DIV2K_valid_LR_bicubic/X4/0874x4.png,29.589149963150767,0.7601703899590856,28.199253170565896
DIV2K,0874,dual_context_base,/home/ubuntu/scratch/sr-diffusion/benchmark_outputs/detail_v2_masked/DIV2K/0874/base.png,/home/ubuntu/scratch/sr-diffusion/benchmarks/div2k/DIV2K_valid_HR/0874.png,/home/ubuntu/scratch/sr-diffusion/benchmarks/div2k/DIV2K_valid_LR_bicubic/X4/0874x4.png,31.21798097513651,0.811864247381186,29.794931748133987
DIV2K,0874,detail_v1d,/home/ubuntu/scratch/sr-diffusion/benchmark_outputs/detail_v1d/DIV2K/0874/detail.png,/home/ubuntu/scratch/sr-diffusion/benchmarks/div2k/DIV2K_valid_HR/0874.png,/home/ubuntu/scratch/sr-diffusion/benchmarks/div2k/DIV2K_valid_LR_bicubic/X4/0874x4.png,31.324937107186113,0.8156097961829103,29.908228683805042
DIV2K,0874,detail_v2_masked,/home/ubuntu/scratch/sr-diffusion/benchmark_outputs/detail_v2_masked/DIV2K/0874/detail.png,/home/ubuntu/scratch/sr-diffusion/benchmarks/div2k/DIV2K_valid_HR/0874.png,/home/ubuntu/scratch/sr-diffusion/benchmarks/div2k/DIV2K_valid_LR_bicubic/X4/0874x4.png,31.316044545946887,0.8161677933714424,29.9027624878862
DIV2K,0875,bicubic,generated:matlab_bicubic_resize,/home/ubuntu/scratch/sr-diffusion/benchmarks/div2k/DIV2K_valid_HR/0875.png,/home/ubuntu/scratch/sr-diffusion/benchmarks/div2k/DIV2K_valid_LR_bicubic/X4/0875x4.png,23.66745196078936,0.5733736480813545,22.420361583855776
DIV2K,0875,dual_context_base,/home/ubuntu/scratch/sr-diffusion/benchmark_outputs/detail_v2_masked/DIV2K/0875/base.png,/home/ubuntu/scratch/sr-diffusion/benchmarks/div2k/DIV2K_valid_HR/0875.png,/home/ubuntu/scratch/sr-diffusion/benchmarks/div2k/DIV2K_valid_LR_bicubic/X4/0875x4.png,25.534890728581882,0.6842444497486685,24.244312698304668
DIV2K,0875,detail_v1d,/home/ubuntu/scratch/sr-diffusion/benchmark_outputs/detail_v1d/DIV2K/0875/detail.png,/home/ubuntu/scratch/sr-diffusion/benchmarks/div2k/DIV2K_valid_HR/0875.png,/home/ubuntu/scratch/sr-diffusion/benchmarks/div2k/DIV2K_valid_LR_bicubic/X4/0875x4.png,25.652837962229004,0.6917280833217461,24.36023585849246
DIV2K,0875,detail_v2_masked,/home/ubuntu/scratch/sr-diffusion/benchmark_outputs/detail_v2_masked/DIV2K/0875/detail.png,/home/ubuntu/scratch/sr-diffusion/benchmarks/div2k/DIV2K_valid_HR/0875.png,/home/ubuntu/scratch/sr-diffusion/benchmarks/div2k/DIV2K_valid_LR_bicubic/X4/0875x4.png,25.667926157924626,0.6939162761044135,24.37579404101317
DIV2K,0876,bicubic,generated:matlab_bicubic_resize,/home/ubuntu/scratch/sr-diffusion/benchmarks/div2k/DIV2K_valid_HR/0876.png,/home/ubuntu/scratch/sr-diffusion/benchmarks/div2k/DIV2K_valid_LR_bicubic/X4/0876x4.png,22.535149011766755,0.5117065522501167,21.43399919375785
DIV2K,0876,dual_context_base,/home/ubuntu/scratch/sr-diffusion/benchmark_outputs/detail_v2_masked/DIV2K/0876/base.png,/home/ubuntu/scratch/sr-diffusion/benchmarks/div2k/DIV2K_valid_HR/0876.png,/home/ubuntu/scratch/sr-diffusion/benchmarks/div2k/DIV2K_valid_LR_bicubic/X4/0876x4.png,23.06745914699967,0.5910434641850613,21.964081886893556
DIV2K,0876,detail_v1d,/home/ubuntu/scratch/sr-diffusion/benchmark_outputs/detail_v1d/DIV2K/0876/detail.png,/home/ubuntu/scratch/sr-diffusion/benchmarks/div2k/DIV2K_valid_HR/0876.png,/home/ubuntu/scratch/sr-diffusion/benchmarks/div2k/DIV2K_valid_LR_bicubic/X4/0876x4.png,23.14811633388199,0.5972051708590018,22.048539079402403
DIV2K,0876,detail_v2_masked,/home/ubuntu/scratch/sr-diffusion/benchmark_outputs/detail_v2_masked/DIV2K/0876/detail.png,/home/ubuntu/scratch/sr-diffusion/benchmarks/div2k/DIV2K_valid_HR/0876.png,/home/ubuntu/scratch/sr-diffusion/benchmarks/div2k/DIV2K_valid_LR_bicubic/X4/0876x4.png,23.140779150769358,0.5999938908648422,22.041275309739603
DIV2K,0877,bicubic,generated:matlab_bicubic_resize,/home/ubuntu/scratch/sr-diffusion/benchmarks/div2k/DIV2K_valid_HR/0877.png,/home/ubuntu/scratch/sr-diffusion/benchmarks/div2k/DIV2K_valid_LR_bicubic/X4/0877x4.png,36.90720316722345,0.9512193034062388,35.44206235873748
DIV2K,0877,dual_context_base,/home/ubuntu/scratch/sr-diffusion/benchmark_outputs/detail_v2_masked/DIV2K/0877/base.png,/home/ubuntu/scratch/sr-diffusion/benchmarks/div2k/DIV2K_valid_HR/0877.png,/home/ubuntu/scratch/sr-diffusion/benchmarks/div2k/DIV2K_valid_LR_bicubic/X4/0877x4.png,40.91869224486967,0.9738487132498231,39.20597385747671
DIV2K,0877,detail_v1d,/home/ubuntu/scratch/sr-diffusion/benchmark_outputs/detail_v1d/DIV2K/0877/detail.png,/home/ubuntu/scratch/sr-diffusion/benchmarks/div2k/DIV2K_valid_HR/0877.png,/home/ubuntu/scratch/sr-diffusion/benchmarks/div2k/DIV2K_valid_LR_bicubic/X4/0877x4.png,41.3623923507009,0.9762576539928525,39.606011183794536
DIV2K,0877,detail_v2_masked,/home/ubuntu/scratch/sr-diffusion/benchmark_outputs/detail_v2_masked/DIV2K/0877/detail.png,/home/ubuntu/scratch/sr-diffusion/benchmarks/div2k/DIV2K_valid_HR/0877.png,/home/ubuntu/scratch/sr-diffusion/benchmarks/div2k/DIV2K_valid_LR_bicubic/X4/0877x4.png,41.38293814447132,0.9762922591072511,39.63663516294303
DIV2K,0878,bicubic,generated:matlab_bicubic_resize,/home/ubuntu/scratch/sr-diffusion/benchmarks/div2k/DIV2K_valid_HR/0878.png,/home/ubuntu/scratch/sr-diffusion/benchmarks/div2k/DIV2K_valid_LR_bicubic/X4/0878x4.png,30.31253975870529,0.855330205362406,28.823349851422876
DIV2K,0878,dual_context_base,/home/ubuntu/scratch/sr-diffusion/benchmark_outputs/detail_v2_masked/DIV2K/0878/base.png,/home/ubuntu/scratch/sr-diffusion/benchmarks/div2k/DIV2K_valid_HR/0878.png,/home/ubuntu/scratch/sr-diffusion/benchmarks/div2k/DIV2K_valid_LR_bicubic/X4/0878x4.png,33.47838074979811,0.9079553641051096,31.90446884517445
DIV2K,0878,detail_v1d,/home/ubuntu/scratch/sr-diffusion/benchmark_outputs/detail_v1d/DIV2K/0878/detail.png,/home/ubuntu/scratch/sr-diffusion/benchmarks/div2k/DIV2K_valid_HR/0878.png,/home/ubuntu/scratch/sr-diffusion/benchmarks/div2k/DIV2K_valid_LR_bicubic/X4/0878x4.png,33.70999773396753,0.9115157898987397,32.137028023848885
DIV2K,0878,detail_v2_masked,/home/ubuntu/scratch/sr-diffusion/benchmark_outputs/detail_v2_masked/DIV2K/0878/detail.png,/home/ubuntu/scratch/sr-diffusion/benchmarks/div2k/DIV2K_valid_HR/0878.png,/home/ubuntu/scratch/sr-diffusion/benchmarks/div2k/DIV2K_valid_LR_bicubic/X4/0878x4.png,33.7343076483151,0.9119990047498711,32.16148040114214
DIV2K,0879,bicubic,generated:matlab_bicubic_resize,/home/ubuntu/scratch/sr-diffusion/benchmarks/div2k/DIV2K_valid_HR/0879.png,/home/ubuntu/scratch/sr-diffusion/benchmarks/div2k/DIV2K_valid_LR_bicubic/X4/0879x4.png,26.7570462254599,0.8253695962763796,25.416341829117442
DIV2K,0879,dual_context_base,/home/ubuntu/scratch/sr-diffusion/benchmark_outputs/detail_v2_masked/DIV2K/0879/base.png,/home/ubuntu/scratch/sr-diffusion/benchmarks/div2k/DIV2K_valid_HR/0879.png,/home/ubuntu/scratch/sr-diffusion/benchmarks/div2k/DIV2K_valid_LR_bicubic/X4/0879x4.png,28.38061721450652,0.8744697691219921,27.025437900309996
DIV2K,0879,detail_v1d,/home/ubuntu/scratch/sr-diffusion/benchmark_outputs/detail_v1d/DIV2K/0879/detail.png,/home/ubuntu/scratch/sr-diffusion/benchmarks/div2k/DIV2K_valid_HR/0879.png,/home/ubuntu/scratch/sr-diffusion/benchmarks/div2k/DIV2K_valid_LR_bicubic/X4/0879x4.png,28.601469937685756,0.8806377389643237,27.249745782894998
DIV2K,0879,detail_v2_masked,/home/ubuntu/scratch/sr-diffusion/benchmark_outputs/detail_v2_masked/DIV2K/0879/detail.png,/home/ubuntu/scratch/sr-diffusion/benchmarks/div2k/DIV2K_valid_HR/0879.png,/home/ubuntu/scratch/sr-diffusion/benchmarks/div2k/DIV2K_valid_LR_bicubic/X4/0879x4.png,28.632758445935824,0.8813886910326679,27.280367376446947
DIV2K,0880,bicubic,generated:matlab_bicubic_resize,/home/ubuntu/scratch/sr-diffusion/benchmarks/div2k/DIV2K_valid_HR/0880.png,/home/ubuntu/scratch/sr-diffusion/benchmarks/div2k/DIV2K_valid_LR_bicubic/X4/0880x4.png,31.90791769212824,0.8798384678672005,30.548764397967993
DIV2K,0880,dual_context_base,/home/ubuntu/scratch/sr-diffusion/benchmark_outputs/detail_v2_masked/DIV2K/0880/base.png,/home/ubuntu/scratch/sr-diffusion/benchmarks/div2k/DIV2K_valid_HR/0880.png,/home/ubuntu/scratch/sr-diffusion/benchmarks/div2k/DIV2K_valid_LR_bicubic/X4/0880x4.png,32.81040680041542,0.9068597278605123,31.41061390095413
DIV2K,0880,detail_v1d,/home/ubuntu/scratch/sr-diffusion/benchmark_outputs/detail_v1d/DIV2K/0880/detail.png,/home/ubuntu/scratch/sr-diffusion/benchmarks/div2k/DIV2K_valid_HR/0880.png,/home/ubuntu/scratch/sr-diffusion/benchmarks/div2k/DIV2K_valid_LR_bicubic/X4/0880x4.png,32.91208472040775,0.90903711894338,31.530312170437583
DIV2K,0880,detail_v2_masked,/home/ubuntu/scratch/sr-diffusion/benchmark_outputs/detail_v2_masked/DIV2K/0880/detail.png,/home/ubuntu/scratch/sr-diffusion/benchmarks/div2k/DIV2K_valid_HR/0880.png,/home/ubuntu/scratch/sr-diffusion/benchmarks/div2k/DIV2K_valid_LR_bicubic/X4/0880x4.png,32.84974289037555,0.9091279967337597,31.471638704387388
DIV2K,0881,bicubic,generated:matlab_bicubic_resize,/home/ubuntu/scratch/sr-diffusion/benchmarks/div2k/DIV2K_valid_HR/0881.png,/home/ubuntu/scratch/sr-diffusion/benchmarks/div2k/DIV2K_valid_LR_bicubic/X4/0881x4.png,26.38470257503924,0.7513893630704347,24.953038347429924
DIV2K,0881,dual_context_base,/home/ubuntu/scratch/sr-diffusion/benchmark_outputs/detail_v2_masked/DIV2K/0881/base.png,/home/ubuntu/scratch/sr-diffusion/benchmarks/div2k/DIV2K_valid_HR/0881.png,/home/ubuntu/scratch/sr-diffusion/benchmarks/div2k/DIV2K_valid_LR_bicubic/X4/0881x4.png,27.236152844114564,0.7849592039740355,25.796736447126108
DIV2K,0881,detail_v1d,/home/ubuntu/scratch/sr-diffusion/benchmark_outputs/detail_v1d/DIV2K/0881/detail.png,/home/ubuntu/scratch/sr-diffusion/benchmarks/div2k/DIV2K_valid_HR/0881.png,/home/ubuntu/scratch/sr-diffusion/benchmarks/div2k/DIV2K_valid_LR_bicubic/X4/0881x4.png,27.308272545638847,0.7878360799660289,25.87003411278245
DIV2K,0881,detail_v2_masked,/home/ubuntu/scratch/sr-diffusion/benchmark_outputs/detail_v2_masked/DIV2K/0881/detail.png,/home/ubuntu/scratch/sr-diffusion/benchmarks/div2k/DIV2K_valid_HR/0881.png,/home/ubuntu/scratch/sr-diffusion/benchmarks/div2k/DIV2K_valid_LR_bicubic/X4/0881x4.png,27.3235069894273,0.7889944859371171,25.88578509973236
DIV2K,0882,bicubic,generated:matlab_bicubic_resize,/home/ubuntu/scratch/sr-diffusion/benchmarks/div2k/DIV2K_valid_HR/0882.png,/home/ubuntu/scratch/sr-diffusion/benchmarks/div2k/DIV2K_valid_LR_bicubic/X4/0882x4.png,32.834659059762096,0.9470841661922387,31.33276990156024
DIV2K,0882,dual_context_base,/home/ubuntu/scratch/sr-diffusion/benchmark_outputs/detail_v2_masked/DIV2K/0882/base.png,/home/ubuntu/scratch/sr-diffusion/benchmarks/div2k/DIV2K_valid_HR/0882.png,/home/ubuntu/scratch/sr-diffusion/benchmarks/div2k/DIV2K_valid_LR_bicubic/X4/0882x4.png,34.950531844998714,0.9610015866531862,33.31723064550073
DIV2K,0882,detail_v1d,/home/ubuntu/scratch/sr-diffusion/benchmark_outputs/detail_v1d/DIV2K/0882/detail.png,/home/ubuntu/scratch/sr-diffusion/benchmarks/div2k/DIV2K_valid_HR/0882.png,/home/ubuntu/scratch/sr-diffusion/benchmarks/div2k/DIV2K_valid_LR_bicubic/X4/0882x4.png,35.074138209345705,0.9621868270757494,33.46101953210003
DIV2K,0882,detail_v2_masked,/home/ubuntu/scratch/sr-diffusion/benchmark_outputs/detail_v2_masked/DIV2K/0882/detail.png,/home/ubuntu/scratch/sr-diffusion/benchmarks/div2k/DIV2K_valid_HR/0882.png,/home/ubuntu/scratch/sr-diffusion/benchmarks/div2k/DIV2K_valid_LR_bicubic/X4/0882x4.png,34.99223774676721,0.962089932802882,33.38638278670822
DIV2K,0883,bicubic,generated:matlab_bicubic_resize,/home/ubuntu/scratch/sr-diffusion/benchmarks/div2k/DIV2K_valid_HR/0883.png,/home/ubuntu/scratch/sr-diffusion/benchmarks/div2k/DIV2K_valid_LR_bicubic/X4/0883x4.png,26.672392283903477,0.699399412656511,24.903360754767967
DIV2K,0883,dual_context_base,/home/ubuntu/scratch/sr-diffusion/benchmark_outputs/detail_v2_masked/DIV2K/0883/base.png,/home/ubuntu/scratch/sr-diffusion/benchmarks/div2k/DIV2K_valid_HR/0883.png,/home/ubuntu/scratch/sr-diffusion/benchmarks/div2k/DIV2K_valid_LR_bicubic/X4/0883x4.png,27.687389323328354,0.760661957477297,25.853507870777413
DIV2K,0883,detail_v1d,/home/ubuntu/scratch/sr-diffusion/benchmark_outputs/detail_v1d/DIV2K/0883/detail.png,/home/ubuntu/scratch/sr-diffusion/benchmarks/div2k/DIV2K_valid_HR/0883.png,/home/ubuntu/scratch/sr-diffusion/benchmarks/div2k/DIV2K_valid_LR_bicubic/X4/0883x4.png,27.821828276866864,0.7684647935551675,25.994692927904246
DIV2K,0883,detail_v2_masked,/home/ubuntu/scratch/sr-diffusion/benchmark_outputs/detail_v2_masked/DIV2K/0883/detail.png,/home/ubuntu/scratch/sr-diffusion/benchmarks/div2k/DIV2K_valid_HR/0883.png,/home/ubuntu/scratch/sr-diffusion/benchmarks/div2k/DIV2K_valid_LR_bicubic/X4/0883x4.png,27.787939289290552,0.7701272268200378,25.964236327726656
DIV2K,0884,bicubic,generated:matlab_bicubic_resize,/home/ubuntu/scratch/sr-diffusion/benchmarks/div2k/DIV2K_valid_HR/0884.png,/home/ubuntu/scratch/sr-diffusion/benchmarks/div2k/DIV2K_valid_LR_bicubic/X4/0884x4.png,25.932550617489515,0.6811603228602474,24.1140716375031
DIV2K,0884,dual_context_base,/home/ubuntu/scratch/sr-diffusion/benchmark_outputs/detail_v2_masked/DIV2K/0884/base.png,/home/ubuntu/scratch/sr-diffusion/benchmarks/div2k/DIV2K_valid_HR/0884.png,/home/ubuntu/scratch/sr-diffusion/benchmarks/div2k/DIV2K_valid_LR_bicubic/X4/0884x4.png,27.50243288196294,0.7592077699269592,25.579250250758285
DIV2K,0884,detail_v1d,/home/ubuntu/scratch/sr-diffusion/benchmark_outputs/detail_v1d/DIV2K/0884/detail.png,/home/ubuntu/scratch/sr-diffusion/benchmarks/div2k/DIV2K_valid_HR/0884.png,/home/ubuntu/scratch/sr-diffusion/benchmarks/div2k/DIV2K_valid_LR_bicubic/X4/0884x4.png,27.736387705572486,0.7710581642936766,25.801901409491744
DIV2K,0884,detail_v2_masked,/home/ubuntu/scratch/sr-diffusion/benchmark_outputs/detail_v2_masked/DIV2K/0884/detail.png,/home/ubuntu/scratch/sr-diffusion/benchmarks/div2k/DIV2K_valid_HR/0884.png,/home/ubuntu/scratch/sr-diffusion/benchmarks/div2k/DIV2K_valid_LR_bicubic/X4/0884x4.png,27.753051599729584,0.7725716463972676,25.820252125466467
DIV2K,0885,bicubic,generated:matlab_bicubic_resize,/home/ubuntu/scratch/sr-diffusion/benchmarks/div2k/DIV2K_valid_HR/0885.png,/home/ubuntu/scratch/sr-diffusion/benchmarks/div2k/DIV2K_valid_LR_bicubic/X4/0885x4.png,23.23773909763997,0.515336661825981,21.849574732610378
DIV2K,0885,dual_context_base,/home/ubuntu/scratch/sr-diffusion/benchmark_outputs/detail_v2_masked/DIV2K/0885/base.png,/home/ubuntu/scratch/sr-diffusion/benchmarks/div2k/DIV2K_valid_HR/0885.png,/home/ubuntu/scratch/sr-diffusion/benchmarks/div2k/DIV2K_valid_LR_bicubic/X4/0885x4.png,23.95679268253851,0.589551855674125,22.56165240025737
DIV2K,0885,detail_v1d,/home/ubuntu/scratch/sr-diffusion/benchmark_outputs/detail_v1d/DIV2K/0885/detail.png,/home/ubuntu/scratch/sr-diffusion/benchmarks/div2k/DIV2K_valid_HR/0885.png,/home/ubuntu/scratch/sr-diffusion/benchmarks/div2k/DIV2K_valid_LR_bicubic/X4/0885x4.png,24.057146752839287,0.5991547705289297,22.66669212907328
DIV2K,0885,detail_v2_masked,/home/ubuntu/scratch/sr-diffusion/benchmark_outputs/detail_v2_masked/DIV2K/0885/detail.png,/home/ubuntu/scratch/sr-diffusion/benchmarks/div2k/DIV2K_valid_HR/0885.png,/home/ubuntu/scratch/sr-diffusion/benchmarks/div2k/DIV2K_valid_LR_bicubic/X4/0885x4.png,24.08361277956157,0.6023617824814944,22.691592853736957
DIV2K,0886,bicubic,generated:matlab_bicubic_resize,/home/ubuntu/scratch/sr-diffusion/benchmarks/div2k/DIV2K_valid_HR/0886.png,/home/ubuntu/scratch/sr-diffusion/benchmarks/div2k/DIV2K_valid_LR_bicubic/X4/0886x4.png,35.324427073198564,0.9233415733806059,33.316461124845056
DIV2K,0886,dual_context_base,/home/ubuntu/scratch/sr-diffusion/benchmark_outputs/detail_v2_masked/DIV2K/0886/base.png,/home/ubuntu/scratch/sr-diffusion/benchmarks/div2k/DIV2K_valid_HR/0886.png,/home/ubuntu/scratch/sr-diffusion/benchmarks/div2k/DIV2K_valid_LR_bicubic/X4/0886x4.png,37.746725002691335,0.9362867798168457,35.723073821889926
DIV2K,0886,detail_v1d,/home/ubuntu/scratch/sr-diffusion/benchmark_outputs/detail_v1d/DIV2K/0886/detail.png,/home/ubuntu/scratch/sr-diffusion/benchmarks/div2k/DIV2K_valid_HR/0886.png,/home/ubuntu/scratch/sr-diffusion/benchmarks/div2k/DIV2K_valid_LR_bicubic/X4/0886x4.png,37.92017828511551,0.9376514988850735,35.9343612733393
DIV2K,0886,detail_v2_masked,/home/ubuntu/scratch/sr-diffusion/benchmark_outputs/detail_v2_masked/DIV2K/0886/detail.png,/home/ubuntu/scratch/sr-diffusion/benchmarks/div2k/DIV2K_valid_HR/0886.png,/home/ubuntu/scratch/sr-diffusion/benchmarks/div2k/DIV2K_valid_LR_bicubic/X4/0886x4.png,37.923346780582364,0.937621287346437,35.9404217604247
DIV2K,0887,bicubic,generated:matlab_bicubic_resize,/home/ubuntu/scratch/sr-diffusion/benchmarks/div2k/DIV2K_valid_HR/0887.png,/home/ubuntu/scratch/sr-diffusion/benchmarks/div2k/DIV2K_valid_LR_bicubic/X4/0887x4.png,24.815082096726954,0.7019525550392715,23.874017592280943
DIV2K,0887,dual_context_base,/home/ubuntu/scratch/sr-diffusion/benchmark_outputs/detail_v2_masked/DIV2K/0887/base.png,/home/ubuntu/scratch/sr-diffusion/benchmarks/div2k/DIV2K_valid_HR/0887.png,/home/ubuntu/scratch/sr-diffusion/benchmarks/div2k/DIV2K_valid_LR_bicubic/X4/0887x4.png,25.992706724973928,0.7568425970613923,25.092235175202354
DIV2K,0887,detail_v1d,/home/ubuntu/scratch/sr-diffusion/benchmark_outputs/detail_v1d/DIV2K/0887/detail.png,/home/ubuntu/scratch/sr-diffusion/benchmarks/div2k/DIV2K_valid_HR/0887.png,/home/ubuntu/scratch/sr-diffusion/benchmarks/div2k/DIV2K_valid_LR_bicubic/X4/0887x4.png,26.15254974215647,0.7634734587938741,25.262740623112414
DIV2K,0887,detail_v2_masked,/home/ubuntu/scratch/sr-diffusion/benchmark_outputs/detail_v2_masked/DIV2K/0887/detail.png,/home/ubuntu/scratch/sr-diffusion/benchmarks/div2k/DIV2K_valid_HR/0887.png,/home/ubuntu/scratch/sr-diffusion/benchmarks/div2k/DIV2K_valid_LR_bicubic/X4/0887x4.png,26.15256894078849,0.7647369486956863,25.263177157419815
DIV2K,0888,bicubic,generated:matlab_bicubic_resize,/home/ubuntu/scratch/sr-diffusion/benchmarks/div2k/DIV2K_valid_HR/0888.png,/home/ubuntu/scratch/sr-diffusion/benchmarks/div2k/DIV2K_valid_LR_bicubic/X4/0888x4.png,29.05220551841627,0.8447629206197457,27.5604678932014
DIV2K,0888,dual_context_base,/home/ubuntu/scratch/sr-diffusion/benchmark_outputs/detail_v2_masked/DIV2K/0888/base.png,/home/ubuntu/scratch/sr-diffusion/benchmarks/div2k/DIV2K_valid_HR/0888.png,/home/ubuntu/scratch/sr-diffusion/benchmarks/div2k/DIV2K_valid_LR_bicubic/X4/0888x4.png,31.696914655586195,0.8950312489465863,30.230142611310914
DIV2K,0888,detail_v1d,/home/ubuntu/scratch/sr-diffusion/benchmark_outputs/detail_v1d/DIV2K/0888/detail.png,/home/ubuntu/scratch/sr-diffusion/benchmarks/div2k/DIV2K_valid_HR/0888.png,/home/ubuntu/scratch/sr-diffusion/benchmarks/div2k/DIV2K_valid_LR_bicubic/X4/0888x4.png,31.936976361823515,0.8993081877741117,30.478809174928017
DIV2K,0888,detail_v2_masked,/home/ubuntu/scratch/sr-diffusion/benchmark_outputs/detail_v2_masked/DIV2K/0888/detail.png,/home/ubuntu/scratch/sr-diffusion/benchmarks/div2k/DIV2K_valid_HR/0888.png,/home/ubuntu/scratch/sr-diffusion/benchmarks/div2k/DIV2K_valid_LR_bicubic/X4/0888x4.png,31.946110408817848,0.8996747545691863,30.487074923684215
DIV2K,0889,bicubic,generated:matlab_bicubic_resize,/home/ubuntu/scratch/sr-diffusion/benchmarks/div2k/DIV2K_valid_HR/0889.png,/home/ubuntu/scratch/sr-diffusion/benchmarks/div2k/DIV2K_valid_LR_bicubic/X4/0889x4.png,28.796657415892287,0.8533591721431573,27.22117864814145
DIV2K,0889,dual_context_base,/home/ubuntu/scratch/sr-diffusion/benchmark_outputs/detail_v2_masked/DIV2K/0889/base.png,/home/ubuntu/scratch/sr-diffusion/benchmarks/div2k/DIV2K_valid_HR/0889.png,/home/ubuntu/scratch/sr-diffusion/benchmarks/div2k/DIV2K_valid_LR_bicubic/X4/0889x4.png,31.910994751724253,0.9147940459507438,30.262711468710126
DIV2K,0889,detail_v1d,/home/ubuntu/scratch/sr-diffusion/benchmark_outputs/detail_v1d/DIV2K/0889/detail.png,/home/ubuntu/scratch/sr-diffusion/benchmarks/div2k/DIV2K_valid_HR/0889.png,/home/ubuntu/scratch/sr-diffusion/benchmarks/div2k/DIV2K_valid_LR_bicubic/X4/0889x4.png,32.272084959112505,0.9201194094691418,30.622340562306512
DIV2K,0889,detail_v2_masked,/home/ubuntu/scratch/sr-diffusion/benchmark_outputs/detail_v2_masked/DIV2K/0889/detail.png,/home/ubuntu/scratch/sr-diffusion/benchmarks/div2k/DIV2K_valid_HR/0889.png,/home/ubuntu/scratch/sr-diffusion/benchmarks/div2k/DIV2K_valid_LR_bicubic/X4/0889x4.png,32.2828441884499,0.920595061244918,30.637591877551582
DIV2K,0890,bicubic,generated:matlab_bicubic_resize,/home/ubuntu/scratch/sr-diffusion/benchmarks/div2k/DIV2K_valid_HR/0890.png,/home/ubuntu/scratch/sr-diffusion/benchmarks/div2k/DIV2K_valid_LR_bicubic/X4/0890x4.png,25.899954838004923,0.7074273581750954,24.594596466012938
DIV2K,0890,dual_context_base,/home/ubuntu/scratch/sr-diffusion/benchmark_outputs/detail_v2_masked/DIV2K/0890/base.png,/home/ubuntu/scratch/sr-diffusion/benchmarks/div2k/DIV2K_valid_HR/0890.png,/home/ubuntu/scratch/sr-diffusion/benchmarks/div2k/DIV2K_valid_LR_bicubic/X4/0890x4.png,26.463907689861898,0.7515718967270847,25.162111354593513
DIV2K,0890,detail_v1d,/home/ubuntu/scratch/sr-diffusion/benchmark_outputs/detail_v1d/DIV2K/0890/detail.png,/home/ubuntu/scratch/sr-diffusion/benchmarks/div2k/DIV2K_valid_HR/0890.png,/home/ubuntu/scratch/sr-diffusion/benchmarks/div2k/DIV2K_valid_LR_bicubic/X4/0890x4.png,26.546414643526084,0.756063443521144,25.250530868992232
DIV2K,0890,detail_v2_masked,/home/ubuntu/scratch/sr-diffusion/benchmark_outputs/detail_v2_masked/DIV2K/0890/detail.png,/home/ubuntu/scratch/sr-diffusion/benchmarks/div2k/DIV2K_valid_HR/0890.png,/home/ubuntu/scratch/sr-diffusion/benchmarks/div2k/DIV2K_valid_LR_bicubic/X4/0890x4.png,26.535430447509594,0.7576702270068557,25.240721549299167
DIV2K,0891,bicubic,generated:matlab_bicubic_resize,/home/ubuntu/scratch/sr-diffusion/benchmarks/div2k/DIV2K_valid_HR/0891.png,/home/ubuntu/scratch/sr-diffusion/benchmarks/div2k/DIV2K_valid_LR_bicubic/X4/0891x4.png,25.104913819513165,0.7275471856761191,23.799262578641958
DIV2K,0891,dual_context_base,/home/ubuntu/scratch/sr-diffusion/benchmark_outputs/detail_v2_masked/DIV2K/0891/base.png,/home/ubuntu/scratch/sr-diffusion/benchmarks/div2k/DIV2K_valid_HR/0891.png,/home/ubuntu/scratch/sr-diffusion/benchmarks/div2k/DIV2K_valid_LR_bicubic/X4/0891x4.png,27.801889029055292,0.8353213434666897,26.472480925103135
DIV2K,0891,detail_v1d,/home/ubuntu/scratch/sr-diffusion/benchmark_outputs/detail_v1d/DIV2K/0891/detail.png,/home/ubuntu/scratch/sr-diffusion/benchmarks/div2k/DIV2K_valid_HR/0891.png,/home/ubuntu/scratch/sr-diffusion/benchmarks/div2k/DIV2K_valid_LR_bicubic/X4/0891x4.png,28.226560797557802,0.8489985453286897,26.901402081028763
DIV2K,0891,detail_v2_masked,/home/ubuntu/scratch/sr-diffusion/benchmark_outputs/detail_v2_masked/DIV2K/0891/detail.png,/home/ubuntu/scratch/sr-diffusion/benchmarks/div2k/DIV2K_valid_HR/0891.png,/home/ubuntu/scratch/sr-diffusion/benchmarks/div2k/DIV2K_valid_LR_bicubic/X4/0891x4.png,28.238013902824267,0.8502705700779911,26.910293544352122
DIV2K,0892,bicubic,generated:matlab_bicubic_resize,/home/ubuntu/scratch/sr-diffusion/benchmarks/div2k/DIV2K_valid_HR/0892.png,/home/ubuntu/scratch/sr-diffusion/benchmarks/div2k/DIV2K_valid_LR_bicubic/X4/0892x4.png,26.57078744165719,0.8041714754118309,25.29440848248194
DIV2K,0892,dual_context_base,/home/ubuntu/scratch/sr-diffusion/benchmark_outputs/detail_v2_masked/DIV2K/0892/base.png,/home/ubuntu/scratch/sr-diffusion/benchmarks/div2k/DIV2K_valid_HR/0892.png,/home/ubuntu/scratch/sr-diffusion/benchmarks/div2k/DIV2K_valid_LR_bicubic/X4/0892x4.png,30.3394109623514,0.9070534388731708,28.971662621947733
DIV2K,0892,detail_v1d,/home/ubuntu/scratch/sr-diffusion/benchmark_outputs/detail_v1d/DIV2K/0892/detail.png,/home/ubuntu/scratch/sr-diffusion/benchmarks/div2k/DIV2K_valid_HR/0892.png,/home/ubuntu/scratch/sr-diffusion/benchmarks/div2k/DIV2K_valid_LR_bicubic/X4/0892x4.png,31.190879438257596,0.9224621646016938,29.820174706643392
DIV2K,0892,detail_v2_masked,/home/ubuntu/scratch/sr-diffusion/benchmark_outputs/detail_v2_masked/DIV2K/0892/detail.png,/home/ubuntu/scratch/sr-diffusion/benchmarks/div2k/DIV2K_valid_HR/0892.png,/home/ubuntu/scratch/sr-diffusion/benchmarks/div2k/DIV2K_valid_LR_bicubic/X4/0892x4.png,31.3118762677764,0.9244958772645929,29.944008198345795
DIV2K,0893,bicubic,generated:matlab_bicubic_resize,/home/ubuntu/scratch/sr-diffusion/benchmarks/div2k/DIV2K_valid_HR/0893.png,/home/ubuntu/scratch/sr-diffusion/benchmarks/div2k/DIV2K_valid_LR_bicubic/X4/0893x4.png,32.524773611385115,0.8279593162739151,30.978702819223265
DIV2K,0893,dual_context_base,/home/ubuntu/scratch/sr-diffusion/benchmark_outputs/detail_v2_masked/DIV2K/0893/base.png,/home/ubuntu/scratch/sr-diffusion/benchmarks/div2k/DIV2K_valid_HR/0893.png,/home/ubuntu/scratch/sr-diffusion/benchmarks/div2k/DIV2K_valid_LR_bicubic/X4/0893x4.png,34.53118959650332,0.8498037412694237,32.98935973358173
DIV2K,0893,detail_v1d,/home/ubuntu/scratch/sr-diffusion/benchmark_outputs/detail_v1d/DIV2K/0893/detail.png,/home/ubuntu/scratch/sr-diffusion/benchmarks/div2k/DIV2K_valid_HR/0893.png,/home/ubuntu/scratch/sr-diffusion/benchmarks/div2k/DIV2K_valid_LR_bicubic/X4/0893x4.png,34.68738207116623,0.8516671738485178,33.1522552550364
DIV2K,0893,detail_v2_masked,/home/ubuntu/scratch/sr-diffusion/benchmark_outputs/detail_v2_masked/DIV2K/0893/detail.png,/home/ubuntu/scratch/sr-diffusion/benchmarks/div2k/DIV2K_valid_HR/0893.png,/home/ubuntu/scratch/sr-diffusion/benchmarks/div2k/DIV2K_valid_LR_bicubic/X4/0893x4.png,34.70753752522637,0.8516741615517535,33.172484164237794
DIV2K,0894,bicubic,generated:matlab_bicubic_resize,/home/ubuntu/scratch/sr-diffusion/benchmarks/div2k/DIV2K_valid_HR/0894.png,/home/ubuntu/scratch/sr-diffusion/benchmarks/div2k/DIV2K_valid_LR_bicubic/X4/0894x4.png,30.739337680331985,0.8635810337834654,29.343367348939225
DIV2K,0894,dual_context_base,/home/ubuntu/scratch/sr-diffusion/benchmark_outputs/detail_v2_masked/DIV2K/0894/base.png,/home/ubuntu/scratch/sr-diffusion/benchmarks/div2k/DIV2K_valid_HR/0894.png,/home/ubuntu/scratch/sr-diffusion/benchmarks/div2k/DIV2K_valid_LR_bicubic/X4/0894x4.png,32.87782932937836,0.9017720076033706,31.485029622665202
DIV2K,0894,detail_v1d,/home/ubuntu/scratch/sr-diffusion/benchmark_outputs/detail_v1d/DIV2K/0894/detail.png,/home/ubuntu/scratch/sr-diffusion/benchmarks/div2k/DIV2K_valid_HR/0894.png,/home/ubuntu/scratch/sr-diffusion/benchmarks/div2k/DIV2K_valid_LR_bicubic/X4/0894x4.png,33.095764028556275,0.9052067629183015,31.709312094395756
DIV2K,0894,detail_v2_masked,/home/ubuntu/scratch/sr-diffusion/benchmark_outputs/detail_v2_masked/DIV2K/0894/detail.png,/home/ubuntu/scratch/sr-diffusion/benchmarks/div2k/DIV2K_valid_HR/0894.png,/home/ubuntu/scratch/sr-diffusion/benchmarks/div2k/DIV2K_valid_LR_bicubic/X4/0894x4.png,33.08421332628281,0.9054523198794291,31.697949573324735
DIV2K,0895,bicubic,generated:matlab_bicubic_resize,/home/ubuntu/scratch/sr-diffusion/benchmarks/div2k/DIV2K_valid_HR/0895.png,/home/ubuntu/scratch/sr-diffusion/benchmarks/div2k/DIV2K_valid_LR_bicubic/X4/0895x4.png,21.034498832028884,0.49905801182492426,19.719265494766923
DIV2K,0895,dual_context_base,/home/ubuntu/scratch/sr-diffusion/benchmark_outputs/detail_v2_masked/DIV2K/0895/base.png,/home/ubuntu/scratch/sr-diffusion/benchmarks/div2k/DIV2K_valid_HR/0895.png,/home/ubuntu/scratch/sr-diffusion/benchmarks/div2k/DIV2K_valid_LR_bicubic/X4/0895x4.png,21.623387046009817,0.5709371406490283,20.294761087255146
DIV2K,0895,detail_v1d,/home/ubuntu/scratch/sr-diffusion/benchmark_outputs/detail_v1d/DIV2K/0895/detail.png,/home/ubuntu/scratch/sr-diffusion/benchmarks/div2k/DIV2K_valid_HR/0895.png,/home/ubuntu/scratch/sr-diffusion/benchmarks/div2k/DIV2K_valid_LR_bicubic/X4/0895x4.png,21.681128320749373,0.5764508698437854,20.358276542554425
DIV2K,0895,detail_v2_masked,/home/ubuntu/scratch/sr-diffusion/benchmark_outputs/detail_v2_masked/DIV2K/0895/detail.png,/home/ubuntu/scratch/sr-diffusion/benchmarks/div2k/DIV2K_valid_HR/0895.png,/home/ubuntu/scratch/sr-diffusion/benchmarks/div2k/DIV2K_valid_LR_bicubic/X4/0895x4.png,21.69399864562024,0.5803366935296981,20.370853340668603
DIV2K,0896,bicubic,generated:matlab_bicubic_resize,/home/ubuntu/scratch/sr-diffusion/benchmarks/div2k/DIV2K_valid_HR/0896.png,/home/ubuntu/scratch/sr-diffusion/benchmarks/div2k/DIV2K_valid_LR_bicubic/X4/0896x4.png,34.926128738567066,0.9450622254346444,33.51237444146571
DIV2K,0896,dual_context_base,/home/ubuntu/scratch/sr-diffusion/benchmark_outputs/detail_v2_masked/DIV2K/0896/base.png,/home/ubuntu/scratch/sr-diffusion/benchmarks/div2k/DIV2K_valid_HR/0896.png,/home/ubuntu/scratch/sr-diffusion/benchmarks/div2k/DIV2K_valid_LR_bicubic/X4/0896x4.png,38.8505234980085,0.9578462825942169,37.11435672332521
DIV2K,0896,detail_v1d,/home/ubuntu/scratch/sr-diffusion/benchmark_outputs/detail_v1d/DIV2K/0896/detail.png,/home/ubuntu/scratch/sr-diffusion/benchmarks/div2k/DIV2K_valid_HR/0896.png,/home/ubuntu/scratch/sr-diffusion/benchmarks/div2k/DIV2K_valid_LR_bicubic/X4/0896x4.png,39.26575891994318,0.9590810851646111,37.52120846704018
DIV2K,0896,detail_v2_masked,/home/ubuntu/scratch/sr-diffusion/benchmark_outputs/detail_v2_masked/DIV2K/0896/detail.png,/home/ubuntu/scratch/sr-diffusion/benchmarks/div2k/DIV2K_valid_HR/0896.png,/home/ubuntu/scratch/sr-diffusion/benchmarks/div2k/DIV2K_valid_LR_bicubic/X4/0896x4.png,39.351388105818145,0.9591046384571378,37.605225752333354
DIV2K,0897,bicubic,generated:matlab_bicubic_resize,/home/ubuntu/scratch/sr-diffusion/benchmarks/div2k/DIV2K_valid_HR/0897.png,/home/ubuntu/scratch/sr-diffusion/benchmarks/div2k/DIV2K_valid_LR_bicubic/X4/0897x4.png,21.989878054736604,0.6260526715555877,20.89749370466705
DIV2K,0897,dual_context_base,/home/ubuntu/scratch/sr-diffusion/benchmark_outputs/detail_v2_masked/DIV2K/0897/base.png,/home/ubuntu/scratch/sr-diffusion/benchmarks/div2k/DIV2K_valid_HR/0897.png,/home/ubuntu/scratch/sr-diffusion/benchmarks/div2k/DIV2K_valid_LR_bicubic/X4/0897x4.png,22.929055792093315,0.7098183107523283,21.783752032066385
DIV2K,0897,detail_v1d,/home/ubuntu/scratch/sr-diffusion/benchmark_outputs/detail_v1d/DIV2K/0897/detail.png,/home/ubuntu/scratch/sr-diffusion/benchmarks/div2k/DIV2K_valid_HR/0897.png,/home/ubuntu/scratch/sr-diffusion/benchmarks/div2k/DIV2K_valid_LR_bicubic/X4/0897x4.png,23.020769056493204,0.7173210313967479,21.88481878980665
DIV2K,0897,detail_v2_masked,/home/ubuntu/scratch/sr-diffusion/benchmark_outputs/detail_v2_masked/DIV2K/0897/detail.png,/home/ubuntu/scratch/sr-diffusion/benchmarks/div2k/DIV2K_valid_HR/0897.png,/home/ubuntu/scratch/sr-diffusion/benchmarks/div2k/DIV2K_valid_LR_bicubic/X4/0897x4.png,22.98037121160894,0.7179588896299451,21.84752915257124
DIV2K,0898,bicubic,generated:matlab_bicubic_resize,/home/ubuntu/scratch/sr-diffusion/benchmarks/div2k/DIV2K_valid_HR/0898.png,/home/ubuntu/scratch/sr-diffusion/benchmarks/div2k/DIV2K_valid_LR_bicubic/X4/0898x4.png,33.0788056753139,0.9094627159705704,31.561386489853334
DIV2K,0898,dual_context_base,/home/ubuntu/scratch/sr-diffusion/benchmark_outputs/detail_v2_masked/DIV2K/0898/base.png,/home/ubuntu/scratch/sr-diffusion/benchmarks/div2k/DIV2K_valid_HR/0898.png,/home/ubuntu/scratch/sr-diffusion/benchmarks/div2k/DIV2K_valid_LR_bicubic/X4/0898x4.png,35.37723484603244,0.9271942430140167,33.77761110061003
DIV2K,0898,detail_v1d,/home/ubuntu/scratch/sr-diffusion/benchmark_outputs/detail_v1d/DIV2K/0898/detail.png,/home/ubuntu/scratch/sr-diffusion/benchmarks/div2k/DIV2K_valid_HR/0898.png,/home/ubuntu/scratch/sr-diffusion/benchmarks/div2k/DIV2K_valid_LR_bicubic/X4/0898x4.png,35.65139973084154,0.9296004151896359,34.068896091776686
DIV2K,0898,detail_v2_masked,/home/ubuntu/scratch/sr-diffusion/benchmark_outputs/detail_v2_masked/DIV2K/0898/detail.png,/home/ubuntu/scratch/sr-diffusion/benchmarks/div2k/DIV2K_valid_HR/0898.png,/home/ubuntu/scratch/sr-diffusion/benchmarks/div2k/DIV2K_valid_LR_bicubic/X4/0898x4.png,35.67037363051134,0.9295078043702772,34.09071575688305
DIV2K,0899,bicubic,generated:matlab_bicubic_resize,/home/ubuntu/scratch/sr-diffusion/benchmarks/div2k/DIV2K_valid_HR/0899.png,/home/ubuntu/scratch/sr-diffusion/benchmarks/div2k/DIV2K_valid_LR_bicubic/X4/0899x4.png,27.52752355169043,0.8396631687608713,26.251827225588514
DIV2K,0899,dual_context_base,/home/ubuntu/scratch/sr-diffusion/benchmark_outputs/detail_v2_masked/DIV2K/0899/base.png,/home/ubuntu/scratch/sr-diffusion/benchmarks/div2k/DIV2K_valid_HR/0899.png,/home/ubuntu/scratch/sr-diffusion/benchmarks/div2k/DIV2K_valid_LR_bicubic/X4/0899x4.png,31.828948574537996,0.9084269583891267,30.53523669120583
DIV2K,0899,detail_v1d,/home/ubuntu/scratch/sr-diffusion/benchmark_outputs/detail_v1d/DIV2K/0899/detail.png,/home/ubuntu/scratch/sr-diffusion/benchmarks/div2k/DIV2K_valid_HR/0899.png,/home/ubuntu/scratch/sr-diffusion/benchmarks/div2k/DIV2K_valid_LR_bicubic/X4/0899x4.png,32.226094117142125,0.9145171249624534,30.928250482003364
DIV2K,0899,detail_v2_masked,/home/ubuntu/scratch/sr-diffusion/benchmark_outputs/detail_v2_masked/DIV2K/0899/detail.png,/home/ubuntu/scratch/sr-diffusion/benchmarks/div2k/DIV2K_valid_HR/0899.png,/home/ubuntu/scratch/sr-diffusion/benchmarks/div2k/DIV2K_valid_LR_bicubic/X4/0899x4.png,32.2261365191607,0.9149488129460641,30.929547079518585
DIV2K,0900,bicubic,generated:matlab_bicubic_resize,/home/ubuntu/scratch/sr-diffusion/benchmarks/div2k/DIV2K_valid_HR/0900.png,/home/ubuntu/scratch/sr-diffusion/benchmarks/div2k/DIV2K_valid_LR_bicubic/X4/0900x4.png,25.213752267128676,0.7793385761806038,24.165001637123133
DIV2K,0900,dual_context_base,/home/ubuntu/scratch/sr-diffusion/benchmark_outputs/detail_v2_masked/DIV2K/0900/base.png,/home/ubuntu/scratch/sr-diffusion/benchmarks/div2k/DIV2K_valid_HR/0900.png,/home/ubuntu/scratch/sr-diffusion/benchmarks/div2k/DIV2K_valid_LR_bicubic/X4/0900x4.png,28.80440278995502,0.8709922401597338,27.628639948758607
DIV2K,0900,detail_v1d,/home/ubuntu/scratch/sr-diffusion/benchmark_outputs/detail_v1d/DIV2K/0900/detail.png,/home/ubuntu/scratch/sr-diffusion/benchmarks/div2k/DIV2K_valid_HR/0900.png,/home/ubuntu/scratch/sr-diffusion/benchmarks/div2k/DIV2K_valid_LR_bicubic/X4/0900x4.png,29.17596659682826,0.8775230547279178,27.993228376146725
DIV2K,0900,detail_v2_masked,/home/ubuntu/scratch/sr-diffusion/benchmark_outputs/detail_v2_masked/DIV2K/0900/detail.png,/home/ubuntu/scratch/sr-diffusion/benchmarks/div2k/DIV2K_valid_HR/0900.png,/home/ubuntu/scratch/sr-diffusion/benchmarks/div2k/DIV2K_valid_LR_bicubic/X4/0900x4.png,29.2794909442593,0.8788503586704265,28.09599404664139
Set5,img_001,bicubic,generated:matlab_bicubic_resize,/home/ubuntu/scratch/sr-diffusion/benchmarks/selfexsr/SelfExSR-master/data/Set5/image_SRF_4/img_001_SRF_4_HR.png,/home/ubuntu/scratch/sr-diffusion/benchmarks/selfexsr/SelfExSR-master/data/Set5/image_SRF_4/img_001_SRF_4_LR.png,31.78644431960816,0.8576563348104564,30.36962867013581
Set5,img_001,dual_context_base,/home/ubuntu/scratch/sr-diffusion/benchmark_outputs/detail_v2_masked/Set5/img_001/base.png,/home/ubuntu/scratch/sr-diffusion/benchmarks/selfexsr/SelfExSR-master/data/Set5/image_SRF_4/img_001_SRF_4_HR.png,/home/ubuntu/scratch/sr-diffusion/benchmarks/selfexsr/SelfExSR-master/data/Set5/image_SRF_4/img_001_SRF_4_LR.png,33.6278268983624,0.8929167050391401,32.067007336869665
Set5,img_001,detail_v1d,/home/ubuntu/scratch/sr-diffusion/benchmark_outputs/detail_v1d/Set5/img_001/detail.png,/home/ubuntu/scratch/sr-diffusion/benchmarks/selfexsr/SelfExSR-master/data/Set5/image_SRF_4/img_001_SRF_4_HR.png,/home/ubuntu/scratch/sr-diffusion/benchmarks/selfexsr/SelfExSR-master/data/Set5/image_SRF_4/img_001_SRF_4_LR.png,33.691191538520236,0.8946764707944866,32.143283365563455
Set5,img_001,detail_v2_masked,/home/ubuntu/scratch/sr-diffusion/benchmark_outputs/detail_v2_masked/Set5/img_001/detail.png,/home/ubuntu/scratch/sr-diffusion/benchmarks/selfexsr/SelfExSR-master/data/Set5/image_SRF_4/img_001_SRF_4_HR.png,/home/ubuntu/scratch/sr-diffusion/benchmarks/selfexsr/SelfExSR-master/data/Set5/image_SRF_4/img_001_SRF_4_LR.png,33.698581947790416,0.8948799596465774,32.152934789516664
Set5,img_002,bicubic,generated:matlab_bicubic_resize,/home/ubuntu/scratch/sr-diffusion/benchmarks/selfexsr/SelfExSR-master/data/Set5/image_SRF_4/img_002_SRF_4_HR.png,/home/ubuntu/scratch/sr-diffusion/benchmarks/selfexsr/SelfExSR-master/data/Set5/image_SRF_4/img_002_SRF_4_LR.png,30.187039204040854,0.8738086449040812,28.21878365581817
Set5,img_002,dual_context_base,/home/ubuntu/scratch/sr-diffusion/benchmark_outputs/detail_v2_masked/Set5/img_002/base.png,/home/ubuntu/scratch/sr-diffusion/benchmarks/selfexsr/SelfExSR-master/data/Set5/image_SRF_4/img_002_SRF_4_HR.png,/home/ubuntu/scratch/sr-diffusion/benchmarks/selfexsr/SelfExSR-master/data/Set5/image_SRF_4/img_002_SRF_4_LR.png,34.13141371085362,0.9359544427748601,31.838080132113873
Set5,img_002,detail_v1d,/home/ubuntu/scratch/sr-diffusion/benchmark_outputs/detail_v1d/Set5/img_002/detail.png,/home/ubuntu/scratch/sr-diffusion/benchmarks/selfexsr/SelfExSR-master/data/Set5/image_SRF_4/img_002_SRF_4_HR.png,/home/ubuntu/scratch/sr-diffusion/benchmarks/selfexsr/SelfExSR-master/data/Set5/image_SRF_4/img_002_SRF_4_LR.png,34.53632760149314,0.9413871935945998,32.18735126443316
Set5,img_002,detail_v2_masked,/home/ubuntu/scratch/sr-diffusion/benchmark_outputs/detail_v2_masked/Set5/img_002/detail.png,/home/ubuntu/scratch/sr-diffusion/benchmarks/selfexsr/SelfExSR-master/data/Set5/image_SRF_4/img_002_SRF_4_HR.png,/home/ubuntu/scratch/sr-diffusion/benchmarks/selfexsr/SelfExSR-master/data/Set5/image_SRF_4/img_002_SRF_4_LR.png,34.61253070666623,0.9426551688653387,32.277478974324715
Set5,img_003,bicubic,generated:matlab_bicubic_resize,/home/ubuntu/scratch/sr-diffusion/benchmarks/selfexsr/SelfExSR-master/data/Set5/image_SRF_4/img_003_SRF_4_HR.png,/home/ubuntu/scratch/sr-diffusion/benchmarks/selfexsr/SelfExSR-master/data/Set5/image_SRF_4/img_003_SRF_4_LR.png,22.10101141896677,0.7374837825309141,20.865133023716393
Set5,img_003,dual_context_base,/home/ubuntu/scratch/sr-diffusion/benchmark_outputs/detail_v2_masked/Set5/img_003/base.png,/home/ubuntu/scratch/sr-diffusion/benchmarks/selfexsr/SelfExSR-master/data/Set5/image_SRF_4/img_003_SRF_4_HR.png,/home/ubuntu/scratch/sr-diffusion/benchmarks/selfexsr/SelfExSR-master/data/Set5/image_SRF_4/img_003_SRF_4_LR.png,27.562418268366883,0.9158331649458057,26.137367611673007
Set5,img_003,detail_v1d,/home/ubuntu/scratch/sr-diffusion/benchmark_outputs/detail_v1d/Set5/img_003/detail.png,/home/ubuntu/scratch/sr-diffusion/benchmarks/selfexsr/SelfExSR-master/data/Set5/image_SRF_4/img_003_SRF_4_HR.png,/home/ubuntu/scratch/sr-diffusion/benchmarks/selfexsr/SelfExSR-master/data/Set5/image_SRF_4/img_003_SRF_4_LR.png,27.90415742649745,0.9235614081331702,26.479183448374016
Set5,img_003,detail_v2_masked,/home/ubuntu/scratch/sr-diffusion/benchmark_outputs/detail_v2_masked/Set5/img_003/detail.png,/home/ubuntu/scratch/sr-diffusion/benchmarks/selfexsr/SelfExSR-master/data/Set5/image_SRF_4/img_003_SRF_4_HR.png,/home/ubuntu/scratch/sr-diffusion/benchmarks/selfexsr/SelfExSR-master/data/Set5/image_SRF_4/img_003_SRF_4_LR.png,28.047300256448985,0.9260963391451026,26.621914327735617
Set5,img_004,bicubic,generated:matlab_bicubic_resize,/home/ubuntu/scratch/sr-diffusion/benchmarks/selfexsr/SelfExSR-master/data/Set5/image_SRF_4/img_004_SRF_4_HR.png,/home/ubuntu/scratch/sr-diffusion/benchmarks/selfexsr/SelfExSR-master/data/Set5/image_SRF_4/img_004_SRF_4_LR.png,31.615044379089795,0.7546651990438243,28.893878067925943
Set5,img_004,dual_context_base,/home/ubuntu/scratch/sr-diffusion/benchmark_outputs/detail_v2_masked/Set5/img_004/base.png,/home/ubuntu/scratch/sr-diffusion/benchmarks/selfexsr/SelfExSR-master/data/Set5/image_SRF_4/img_004_SRF_4_HR.png,/home/ubuntu/scratch/sr-diffusion/benchmarks/selfexsr/SelfExSR-master/data/Set5/image_SRF_4/img_004_SRF_4_LR.png,32.64846895456901,0.7934444536822094,29.66590429689227
Set5,img_004,detail_v1d,/home/ubuntu/scratch/sr-diffusion/benchmark_outputs/detail_v1d/Set5/img_004/detail.png,/home/ubuntu/scratch/sr-diffusion/benchmarks/selfexsr/SelfExSR-master/data/Set5/image_SRF_4/img_004_SRF_4_HR.png,/home/ubuntu/scratch/sr-diffusion/benchmarks/selfexsr/SelfExSR-master/data/Set5/image_SRF_4/img_004_SRF_4_LR.png,32.74776081853748,0.7970317905408437,29.748091942597696
Set5,img_004,detail_v2_masked,/home/ubuntu/scratch/sr-diffusion/benchmark_outputs/detail_v2_masked/Set5/img_004/detail.png,/home/ubuntu/scratch/sr-diffusion/benchmarks/selfexsr/SelfExSR-master/data/Set5/image_SRF_4/img_004_SRF_4_HR.png,/home/ubuntu/scratch/sr-diffusion/benchmarks/selfexsr/SelfExSR-master/data/Set5/image_SRF_4/img_004_SRF_4_LR.png,32.79424024690744,0.7973842213685325,29.77858136958666
Set5,img_005,bicubic,generated:matlab_bicubic_resize,/home/ubuntu/scratch/sr-diffusion/benchmarks/selfexsr/SelfExSR-master/data/Set5/image_SRF_4/img_005_SRF_4_HR.png,/home/ubuntu/scratch/sr-diffusion/benchmarks/selfexsr/SelfExSR-master/data/Set5/image_SRF_4/img_005_SRF_4_LR.png,26.469228437508818,0.8326993870636418,25.132357747489973
Set5,img_005,dual_context_base,/home/ubuntu/scratch/sr-diffusion/benchmark_outputs/detail_v2_masked/Set5/img_005/base.png,/home/ubuntu/scratch/sr-diffusion/benchmarks/selfexsr/SelfExSR-master/data/Set5/image_SRF_4/img_005_SRF_4_HR.png,/home/ubuntu/scratch/sr-diffusion/benchmarks/selfexsr/SelfExSR-master/data/Set5/image_SRF_4/img_005_SRF_4_LR.png,30.340378791330643,0.9094599934193675,28.82880184253919
Set5,img_005,detail_v1d,/home/ubuntu/scratch/sr-diffusion/benchmark_outputs/detail_v1d/Set5/img_005/detail.png,/home/ubuntu/scratch/sr-diffusion/benchmarks/selfexsr/SelfExSR-master/data/Set5/image_SRF_4/img_005_SRF_4_HR.png,/home/ubuntu/scratch/sr-diffusion/benchmarks/selfexsr/SelfExSR-master/data/Set5/image_SRF_4/img_005_SRF_4_LR.png,30.566607678463097,0.9153681320579272,29.089398385473615
Set5,img_005,detail_v2_masked,/home/ubuntu/scratch/sr-diffusion/benchmark_outputs/detail_v2_masked/Set5/img_005/detail.png,/home/ubuntu/scratch/sr-diffusion/benchmarks/selfexsr/SelfExSR-master/data/Set5/image_SRF_4/img_005_SRF_4_HR.png,/home/ubuntu/scratch/sr-diffusion/benchmarks/selfexsr/SelfExSR-master/data/Set5/image_SRF_4/img_005_SRF_4_LR.png,30.59461104353911,0.9156702486265446,29.130603400037533
Set14,img_001,bicubic,generated:matlab_bicubic_resize,/home/ubuntu/scratch/sr-diffusion/benchmarks/selfexsr/SelfExSR-master/data/Set14/image_SRF_4/img_001_SRF_4_HR.png,/home/ubuntu/scratch/sr-diffusion/benchmarks/selfexsr/SelfExSR-master/data/Set14/image_SRF_4/img_001_SRF_4_LR.png,22.438539562079363,0.4528149568741965,20.426101423819
Set14,img_001,dual_context_base,/home/ubuntu/scratch/sr-diffusion/benchmark_outputs/detail_v2_masked/Set14/img_001/base.png,/home/ubuntu/scratch/sr-diffusion/benchmarks/selfexsr/SelfExSR-master/data/Set14/image_SRF_4/img_001_SRF_4_HR.png,/home/ubuntu/scratch/sr-diffusion/benchmarks/selfexsr/SelfExSR-master/data/Set14/image_SRF_4/img_001_SRF_4_LR.png,22.84696919362892,0.5243672617637606,20.83120689542116
Set14,img_001,detail_v1d,/home/ubuntu/scratch/sr-diffusion/benchmark_outputs/detail_v1d/Set14/img_001/detail.png,/home/ubuntu/scratch/sr-diffusion/benchmarks/selfexsr/SelfExSR-master/data/Set14/image_SRF_4/img_001_SRF_4_HR.png,/home/ubuntu/scratch/sr-diffusion/benchmarks/selfexsr/SelfExSR-master/data/Set14/image_SRF_4/img_001_SRF_4_LR.png,22.88604852712154,0.5313378595568937,20.871885871021423
Set14,img_001,detail_v2_masked,/home/ubuntu/scratch/sr-diffusion/benchmark_outputs/detail_v2_masked/Set14/img_001/detail.png,/home/ubuntu/scratch/sr-diffusion/benchmarks/selfexsr/SelfExSR-master/data/Set14/image_SRF_4/img_001_SRF_4_HR.png,/home/ubuntu/scratch/sr-diffusion/benchmarks/selfexsr/SelfExSR-master/data/Set14/image_SRF_4/img_001_SRF_4_LR.png,22.876333558127058,0.5351665584327332,20.864117165004266
Set14,img_002,bicubic,generated:matlab_bicubic_resize,/home/ubuntu/scratch/sr-diffusion/benchmarks/selfexsr/SelfExSR-master/data/Set14/image_SRF_4/img_002_SRF_4_HR.png,/home/ubuntu/scratch/sr-diffusion/benchmarks/selfexsr/SelfExSR-master/data/Set14/image_SRF_4/img_002_SRF_4_LR.png,25.148765403428214,0.6870669895797502,23.622110738449962
Set14,img_002,dual_context_base,/home/ubuntu/scratch/sr-diffusion/benchmark_outputs/detail_v2_masked/Set14/img_002/base.png,/home/ubuntu/scratch/sr-diffusion/benchmarks/selfexsr/SelfExSR-master/data/Set14/image_SRF_4/img_002_SRF_4_HR.png,/home/ubuntu/scratch/sr-diffusion/benchmarks/selfexsr/SelfExSR-master/data/Set14/image_SRF_4/img_002_SRF_4_LR.png,25.274910493129553,0.7408088851406227,23.74590003531839
Set14,img_002,detail_v1d,/home/ubuntu/scratch/sr-diffusion/benchmark_outputs/detail_v1d/Set14/img_002/detail.png,/home/ubuntu/scratch/sr-diffusion/benchmarks/selfexsr/SelfExSR-master/data/Set14/image_SRF_4/img_002_SRF_4_HR.png,/home/ubuntu/scratch/sr-diffusion/benchmarks/selfexsr/SelfExSR-master/data/Set14/image_SRF_4/img_002_SRF_4_LR.png,25.35346893827387,0.7464632906005592,23.837585329870766
Set14,img_002,detail_v2_masked,/home/ubuntu/scratch/sr-diffusion/benchmark_outputs/detail_v2_masked/Set14/img_002/detail.png,/home/ubuntu/scratch/sr-diffusion/benchmarks/selfexsr/SelfExSR-master/data/Set14/image_SRF_4/img_002_SRF_4_HR.png,/home/ubuntu/scratch/sr-diffusion/benchmarks/selfexsr/SelfExSR-master/data/Set14/image_SRF_4/img_002_SRF_4_LR.png,25.296957395824972,0.7461499852419057,23.7814257106491
Set14,img_003,bicubic,generated:matlab_bicubic_resize,/home/ubuntu/scratch/sr-diffusion/benchmarks/selfexsr/SelfExSR-master/data/Set14/image_SRF_4/img_003_SRF_4_HR.png,/home/ubuntu/scratch/sr-diffusion/benchmarks/selfexsr/SelfExSR-master/data/Set14/image_SRF_4/img_003_SRF_4_LR.png,24.467984282080238,0.5666729215010292,23.146062970203506
Set14,img_003,dual_context_base,/home/ubuntu/scratch/sr-diffusion/benchmark_outputs/detail_v2_masked/Set14/img_003/base.png,/home/ubuntu/scratch/sr-diffusion/benchmarks/selfexsr/SelfExSR-master/data/Set14/image_SRF_4/img_003_SRF_4_HR.png,/home/ubuntu/scratch/sr-diffusion/benchmarks/selfexsr/SelfExSR-master/data/Set14/image_SRF_4/img_003_SRF_4_LR.png,25.372424915274525,0.6397427106115877,24.046906211323183
Set14,img_003,detail_v1d,/home/ubuntu/scratch/sr-diffusion/benchmark_outputs/detail_v1d/Set14/img_003/detail.png,/home/ubuntu/scratch/sr-diffusion/benchmarks/selfexsr/SelfExSR-master/data/Set14/image_SRF_4/img_003_SRF_4_HR.png,/home/ubuntu/scratch/sr-diffusion/benchmarks/selfexsr/SelfExSR-master/data/Set14/image_SRF_4/img_003_SRF_4_LR.png,25.460191184304964,0.6451077082072669,24.134826453956535
Set14,img_003,detail_v2_masked,/home/ubuntu/scratch/sr-diffusion/benchmark_outputs/detail_v2_masked/Set14/img_003/detail.png,/home/ubuntu/scratch/sr-diffusion/benchmarks/selfexsr/SelfExSR-master/data/Set14/image_SRF_4/img_003_SRF_4_HR.png,/home/ubuntu/scratch/sr-diffusion/benchmarks/selfexsr/SelfExSR-master/data/Set14/image_SRF_4/img_003_SRF_4_LR.png,25.46665357549876,0.6480636939436343,24.141495533133043
Set14,img_004,bicubic,generated:matlab_bicubic_resize,/home/ubuntu/scratch/sr-diffusion/benchmarks/selfexsr/SelfExSR-master/data/Set14/image_SRF_4/img_004_SRF_4_HR.png,/home/ubuntu/scratch/sr-diffusion/benchmarks/selfexsr/SelfExSR-master/data/Set14/image_SRF_4/img_004_SRF_4_LR.png,25.47568074536597,0.5222966648514882,24.148822449279955
Set14,img_004,dual_context_base,/home/ubuntu/scratch/sr-diffusion/benchmark_outputs/detail_v2_masked/Set14/img_004/base.png,/home/ubuntu/scratch/sr-diffusion/benchmarks/selfexsr/SelfExSR-master/data/Set14/image_SRF_4/img_004_SRF_4_HR.png,/home/ubuntu/scratch/sr-diffusion/benchmarks/selfexsr/SelfExSR-master/data/Set14/image_SRF_4/img_004_SRF_4_LR.png,26.33001117063602,0.5654837530505553,24.993679726761066
Set14,img_004,detail_v1d,/home/ubuntu/scratch/sr-diffusion/benchmark_outputs/detail_v1d/Set14/img_004/detail.png,/home/ubuntu/scratch/sr-diffusion/benchmarks/selfexsr/SelfExSR-master/data/Set14/image_SRF_4/img_004_SRF_4_HR.png,/home/ubuntu/scratch/sr-diffusion/benchmarks/selfexsr/SelfExSR-master/data/Set14/image_SRF_4/img_004_SRF_4_LR.png,26.371575225149,0.5706199683485083,25.034494861686607
Set14,img_004,detail_v2_masked,/home/ubuntu/scratch/sr-diffusion/benchmark_outputs/detail_v2_masked/Set14/img_004/detail.png,/home/ubuntu/scratch/sr-diffusion/benchmarks/selfexsr/SelfExSR-master/data/Set14/image_SRF_4/img_004_SRF_4_HR.png,/home/ubuntu/scratch/sr-diffusion/benchmarks/selfexsr/SelfExSR-master/data/Set14/image_SRF_4/img_004_SRF_4_LR.png,26.38169943331986,0.5698514437123124,25.044671464098982
Set14,img_005,bicubic,generated:matlab_bicubic_resize,/home/ubuntu/scratch/sr-diffusion/benchmarks/selfexsr/SelfExSR-master/data/Set14/image_SRF_4/img_005_SRF_4_HR.png,/home/ubuntu/scratch/sr-diffusion/benchmarks/selfexsr/SelfExSR-master/data/Set14/image_SRF_4/img_005_SRF_4_LR.png,21.691584246329803,0.5837121821599296,20.206558848287948
Set14,img_005,dual_context_base,/home/ubuntu/scratch/sr-diffusion/benchmark_outputs/detail_v2_masked/Set14/img_005/base.png,/home/ubuntu/scratch/sr-diffusion/benchmarks/selfexsr/SelfExSR-master/data/Set14/image_SRF_4/img_005_SRF_4_HR.png,/home/ubuntu/scratch/sr-diffusion/benchmarks/selfexsr/SelfExSR-master/data/Set14/image_SRF_4/img_005_SRF_4_LR.png,23.248041976258655,0.7033838171939353,21.73276928265861
Set14,img_005,detail_v1d,/home/ubuntu/scratch/sr-diffusion/benchmark_outputs/detail_v1d/Set14/img_005/detail.png,/home/ubuntu/scratch/sr-diffusion/benchmarks/selfexsr/SelfExSR-master/data/Set14/image_SRF_4/img_005_SRF_4_HR.png,/home/ubuntu/scratch/sr-diffusion/benchmarks/selfexsr/SelfExSR-master/data/Set14/image_SRF_4/img_005_SRF_4_LR.png,23.481816926054595,0.7238678240698516,21.964620719313963
Set14,img_005,detail_v2_masked,/home/ubuntu/scratch/sr-diffusion/benchmark_outputs/detail_v2_masked/Set14/img_005/detail.png,/home/ubuntu/scratch/sr-diffusion/benchmarks/selfexsr/SelfExSR-master/data/Set14/image_SRF_4/img_005_SRF_4_HR.png,/home/ubuntu/scratch/sr-diffusion/benchmarks/selfexsr/SelfExSR-master/data/Set14/image_SRF_4/img_005_SRF_4_LR.png,23.522988828558447,0.7273477456714408,22.009633717641055
Set14,img_006,bicubic,generated:matlab_bicubic_resize,/home/ubuntu/scratch/sr-diffusion/benchmarks/selfexsr/SelfExSR-master/data/Set14/image_SRF_4/img_006_SRF_4_HR.png,/home/ubuntu/scratch/sr-diffusion/benchmarks/selfexsr/SelfExSR-master/data/Set14/image_SRF_4/img_006_SRF_4_LR.png,31.579034313181214,0.7529349310150952,28.855726524648496
Set14,img_006,dual_context_base,/home/ubuntu/scratch/sr-diffusion/benchmark_outputs/detail_v2_masked/Set14/img_006/base.png,/home/ubuntu/scratch/sr-diffusion/benchmarks/selfexsr/SelfExSR-master/data/Set14/image_SRF_4/img_006_SRF_4_HR.png,/home/ubuntu/scratch/sr-diffusion/benchmarks/selfexsr/SelfExSR-master/data/Set14/image_SRF_4/img_006_SRF_4_LR.png,32.70653424157244,0.7936546097014407,29.695667516767507
Set14,img_006,detail_v1d,/home/ubuntu/scratch/sr-diffusion/benchmark_outputs/detail_v1d/Set14/img_006/detail.png,/home/ubuntu/scratch/sr-diffusion/benchmarks/selfexsr/SelfExSR-master/data/Set14/image_SRF_4/img_006_SRF_4_HR.png,/home/ubuntu/scratch/sr-diffusion/benchmarks/selfexsr/SelfExSR-master/data/Set14/image_SRF_4/img_006_SRF_4_LR.png,32.73817729069765,0.7954079831195321,29.72451627473308
Set14,img_006,detail_v2_masked,/home/ubuntu/scratch/sr-diffusion/benchmark_outputs/detail_v2_masked/Set14/img_006/detail.png,/home/ubuntu/scratch/sr-diffusion/benchmarks/selfexsr/SelfExSR-master/data/Set14/image_SRF_4/img_006_SRF_4_HR.png,/home/ubuntu/scratch/sr-diffusion/benchmarks/selfexsr/SelfExSR-master/data/Set14/image_SRF_4/img_006_SRF_4_LR.png,32.780309515902466,0.7956980827813459,29.755314034168208
Set14,img_007,bicubic,generated:matlab_bicubic_resize,/home/ubuntu/scratch/sr-diffusion/benchmarks/selfexsr/SelfExSR-master/data/Set14/image_SRF_4/img_007_SRF_4_HR.png,/home/ubuntu/scratch/sr-diffusion/benchmarks/selfexsr/SelfExSR-master/data/Set14/image_SRF_4/img_007_SRF_4_LR.png,25.522553042397767,0.7221104536160406,23.71370526905103
Set14,img_007,dual_context_base,/home/ubuntu/scratch/sr-diffusion/benchmark_outputs/detail_v2_masked/Set14/img_007/base.png,/home/ubuntu/scratch/sr-diffusion/benchmarks/selfexsr/SelfExSR-master/data/Set14/image_SRF_4/img_007_SRF_4_HR.png,/home/ubuntu/scratch/sr-diffusion/benchmarks/selfexsr/SelfExSR-master/data/Set14/image_SRF_4/img_007_SRF_4_LR.png,27.828262099754035,0.8017518110394527,25.82123699844352
Set14,img_007,detail_v1d,/home/ubuntu/scratch/sr-diffusion/benchmark_outputs/detail_v1d/Set14/img_007/detail.png,/home/ubuntu/scratch/sr-diffusion/benchmarks/selfexsr/SelfExSR-master/data/Set14/image_SRF_4/img_007_SRF_4_HR.png,/home/ubuntu/scratch/sr-diffusion/benchmarks/selfexsr/SelfExSR-master/data/Set14/image_SRF_4/img_007_SRF_4_LR.png,28.153248561141982,0.8139212414152162,26.139353549610973
Set14,img_007,detail_v2_masked,/home/ubuntu/scratch/sr-diffusion/benchmark_outputs/detail_v2_masked/Set14/img_007/detail.png,/home/ubuntu/scratch/sr-diffusion/benchmarks/selfexsr/SelfExSR-master/data/Set14/image_SRF_4/img_007_SRF_4_HR.png,/home/ubuntu/scratch/sr-diffusion/benchmarks/selfexsr/SelfExSR-master/data/Set14/image_SRF_4/img_007_SRF_4_LR.png,28.17106564757573,0.8150475038028517,26.16250776318736
Set14,img_008,bicubic,generated:matlab_bicubic_resize,/home/ubuntu/scratch/sr-diffusion/benchmarks/selfexsr/SelfExSR-master/data/Set14/image_SRF_4/img_008_SRF_4_HR.png,/home/ubuntu/scratch/sr-diffusion/benchmarks/selfexsr/SelfExSR-master/data/Set14/image_SRF_4/img_008_SRF_4_LR.png,29.399180980865744,0.8667537393949221,27.942815764750627
Set14,img_008,dual_context_base,/home/ubuntu/scratch/sr-diffusion/benchmark_outputs/detail_v2_masked/Set14/img_008/base.png,/home/ubuntu/scratch/sr-diffusion/benchmarks/selfexsr/SelfExSR-master/data/Set14/image_SRF_4/img_008_SRF_4_HR.png,/home/ubuntu/scratch/sr-diffusion/benchmarks/selfexsr/SelfExSR-master/data/Set14/image_SRF_4/img_008_SRF_4_LR.png,33.18988828502754,0.927303402128689,31.54759168281076
Set14,img_008,detail_v1d,/home/ubuntu/scratch/sr-diffusion/benchmark_outputs/detail_v1d/Set14/img_008/detail.png,/home/ubuntu/scratch/sr-diffusion/benchmarks/selfexsr/SelfExSR-master/data/Set14/image_SRF_4/img_008_SRF_4_HR.png,/home/ubuntu/scratch/sr-diffusion/benchmarks/selfexsr/SelfExSR-master/data/Set14/image_SRF_4/img_008_SRF_4_LR.png,33.17059278002059,0.931620948487536,31.559776672706384
Set14,img_008,detail_v2_masked,/home/ubuntu/scratch/sr-diffusion/benchmark_outputs/detail_v2_masked/Set14/img_008/detail.png,/home/ubuntu/scratch/sr-diffusion/benchmarks/selfexsr/SelfExSR-master/data/Set14/image_SRF_4/img_008_SRF_4_HR.png,/home/ubuntu/scratch/sr-diffusion/benchmarks/selfexsr/SelfExSR-master/data/Set14/image_SRF_4/img_008_SRF_4_LR.png,33.181126753857924,0.9317199134020826,31.575919313226155
Set14,img_009,bicubic,generated:matlab_bicubic_resize,/home/ubuntu/scratch/sr-diffusion/benchmarks/selfexsr/SelfExSR-master/data/Set14/image_SRF_4/img_009_SRF_4_HR.png,/home/ubuntu/scratch/sr-diffusion/benchmarks/selfexsr/SelfExSR-master/data/Set14/image_SRF_4/img_009_SRF_4_LR.png,29.83956362715532,0.8143334339419335,28.285882235641875
Set14,img_009,dual_context_base,/home/ubuntu/scratch/sr-diffusion/benchmark_outputs/detail_v2_masked/Set14/img_009/base.png,/home/ubuntu/scratch/sr-diffusion/benchmarks/selfexsr/SelfExSR-master/data/Set14/image_SRF_4/img_009_SRF_4_HR.png,/home/ubuntu/scratch/sr-diffusion/benchmarks/selfexsr/SelfExSR-master/data/Set14/image_SRF_4/img_009_SRF_4_LR.png,32.05795816006993,0.8560911832743934,29.99806632280807
Set14,img_009,detail_v1d,/home/ubuntu/scratch/sr-diffusion/benchmark_outputs/detail_v1d/Set14/img_009/detail.png,/home/ubuntu/scratch/sr-diffusion/benchmarks/selfexsr/SelfExSR-master/data/Set14/image_SRF_4/img_009_SRF_4_HR.png,/home/ubuntu/scratch/sr-diffusion/benchmarks/selfexsr/SelfExSR-master/data/Set14/image_SRF_4/img_009_SRF_4_LR.png,32.21805512206379,0.8603278790718287,30.13583016514231
Set14,img_009,detail_v2_masked,/home/ubuntu/scratch/sr-diffusion/benchmark_outputs/detail_v2_masked/Set14/img_009/detail.png,/home/ubuntu/scratch/sr-diffusion/benchmarks/selfexsr/SelfExSR-master/data/Set14/image_SRF_4/img_009_SRF_4_HR.png,/home/ubuntu/scratch/sr-diffusion/benchmarks/selfexsr/SelfExSR-master/data/Set14/image_SRF_4/img_009_SRF_4_LR.png,32.25764034746468,0.860720506339784,30.168268475169352
Set14,img_010,bicubic,generated:matlab_bicubic_resize,/home/ubuntu/scratch/sr-diffusion/benchmarks/selfexsr/SelfExSR-master/data/Set14/image_SRF_4/img_010_SRF_4_HR.png,/home/ubuntu/scratch/sr-diffusion/benchmarks/selfexsr/SelfExSR-master/data/Set14/image_SRF_4/img_010_SRF_4_LR.png,25.69774964383376,0.6763730659141758,24.375828331957024
Set14,img_010,dual_context_base,/home/ubuntu/scratch/sr-diffusion/benchmark_outputs/detail_v2_masked/Set14/img_010/base.png,/home/ubuntu/scratch/sr-diffusion/benchmarks/selfexsr/SelfExSR-master/data/Set14/image_SRF_4/img_010_SRF_4_HR.png,/home/ubuntu/scratch/sr-diffusion/benchmarks/selfexsr/SelfExSR-master/data/Set14/image_SRF_4/img_010_SRF_4_LR.png,27.257650516516186,0.743619006126924,25.932093387724123
Set14,img_010,detail_v1d,/home/ubuntu/scratch/sr-diffusion/benchmark_outputs/detail_v1d/Set14/img_010/detail.png,/home/ubuntu/scratch/sr-diffusion/benchmarks/selfexsr/SelfExSR-master/data/Set14/image_SRF_4/img_010_SRF_4_HR.png,/home/ubuntu/scratch/sr-diffusion/benchmarks/selfexsr/SelfExSR-master/data/Set14/image_SRF_4/img_010_SRF_4_LR.png,27.366218201548662,0.7483509219391086,26.038835187333362
Set14,img_010,detail_v2_masked,/home/ubuntu/scratch/sr-diffusion/benchmark_outputs/detail_v2_masked/Set14/img_010/detail.png,/home/ubuntu/scratch/sr-diffusion/benchmarks/selfexsr/SelfExSR-master/data/Set14/image_SRF_4/img_010_SRF_4_HR.png,/home/ubuntu/scratch/sr-diffusion/benchmarks/selfexsr/SelfExSR-master/data/Set14/image_SRF_4/img_010_SRF_4_LR.png,27.369973168792754,0.7493826866460261,26.042568422633305
Set14,img_011,bicubic,generated:matlab_bicubic_resize,/home/ubuntu/scratch/sr-diffusion/benchmarks/selfexsr/SelfExSR-master/data/Set14/image_SRF_4/img_011_SRF_4_HR.png,/home/ubuntu/scratch/sr-diffusion/benchmarks/selfexsr/SelfExSR-master/data/Set14/image_SRF_4/img_011_SRF_4_LR.png,27.460085440327433,0.8815876528993428,26.159299860095608
Set14,img_011,dual_context_base,/home/ubuntu/scratch/sr-diffusion/benchmark_outputs/detail_v2_masked/Set14/img_011/base.png,/home/ubuntu/scratch/sr-diffusion/benchmarks/selfexsr/SelfExSR-master/data/Set14/image_SRF_4/img_011_SRF_4_HR.png,/home/ubuntu/scratch/sr-diffusion/benchmarks/selfexsr/SelfExSR-master/data/Set14/image_SRF_4/img_011_SRF_4_LR.png,31.799545219908254,0.9383738049675566,30.35479508003966
Set14,img_011,detail_v1d,/home/ubuntu/scratch/sr-diffusion/benchmark_outputs/detail_v1d/Set14/img_011/detail.png,/home/ubuntu/scratch/sr-diffusion/benchmarks/selfexsr/SelfExSR-master/data/Set14/image_SRF_4/img_011_SRF_4_HR.png,/home/ubuntu/scratch/sr-diffusion/benchmarks/selfexsr/SelfExSR-master/data/Set14/image_SRF_4/img_011_SRF_4_LR.png,32.322382668655166,0.9432147644247266,30.87362819637534
Set14,img_011,detail_v2_masked,/home/ubuntu/scratch/sr-diffusion/benchmark_outputs/detail_v2_masked/Set14/img_011/detail.png,/home/ubuntu/scratch/sr-diffusion/benchmarks/selfexsr/SelfExSR-master/data/Set14/image_SRF_4/img_011_SRF_4_HR.png,/home/ubuntu/scratch/sr-diffusion/benchmarks/selfexsr/SelfExSR-master/data/Set14/image_SRF_4/img_011_SRF_4_LR.png,32.37839656937846,0.9437544560931351,30.93327079095657
Set14,img_012,bicubic,generated:matlab_bicubic_resize,/home/ubuntu/scratch/sr-diffusion/benchmarks/selfexsr/SelfExSR-master/data/Set14/image_SRF_4/img_012_SRF_4_HR.png,/home/ubuntu/scratch/sr-diffusion/benchmarks/selfexsr/SelfExSR-master/data/Set14/image_SRF_4/img_012_SRF_4_LR.png,30.594995925144815,0.8378823604823411,28.586832638902877
Set14,img_012,dual_context_base,/home/ubuntu/scratch/sr-diffusion/benchmark_outputs/detail_v2_masked/Set14/img_012/base.png,/home/ubuntu/scratch/sr-diffusion/benchmarks/selfexsr/SelfExSR-master/data/Set14/image_SRF_4/img_012_SRF_4_HR.png,/home/ubuntu/scratch/sr-diffusion/benchmarks/selfexsr/SelfExSR-master/data/Set14/image_SRF_4/img_012_SRF_4_LR.png,33.85124219872359,0.8756009488935466,30.863753113148608
Set14,img_012,detail_v1d,/home/ubuntu/scratch/sr-diffusion/benchmark_outputs/detail_v1d/Set14/img_012/detail.png,/home/ubuntu/scratch/sr-diffusion/benchmarks/selfexsr/SelfExSR-master/data/Set14/image_SRF_4/img_012_SRF_4_HR.png,/home/ubuntu/scratch/sr-diffusion/benchmarks/selfexsr/SelfExSR-master/data/Set14/image_SRF_4/img_012_SRF_4_LR.png,34.142478032157946,0.8794567850442326,31.09746213814743
Set14,img_012,detail_v2_masked,/home/ubuntu/scratch/sr-diffusion/benchmark_outputs/detail_v2_masked/Set14/img_012/detail.png,/home/ubuntu/scratch/sr-diffusion/benchmarks/selfexsr/SelfExSR-master/data/Set14/image_SRF_4/img_012_SRF_4_HR.png,/home/ubuntu/scratch/sr-diffusion/benchmarks/selfexsr/SelfExSR-master/data/Set14/image_SRF_4/img_012_SRF_4_LR.png,34.15792411718296,0.8794984845344853,31.1025638647877
Set14,img_013,bicubic,generated:matlab_bicubic_resize,/home/ubuntu/scratch/sr-diffusion/benchmarks/selfexsr/SelfExSR-master/data/Set14/image_SRF_4/img_013_SRF_4_HR.png,/home/ubuntu/scratch/sr-diffusion/benchmarks/selfexsr/SelfExSR-master/data/Set14/image_SRF_4/img_013_SRF_4_LR.png,21.918751658583236,0.8191591789793446,20.32663844151134
Set14,img_013,dual_context_base,/home/ubuntu/scratch/sr-diffusion/benchmark_outputs/detail_v2_masked/Set14/img_013/base.png,/home/ubuntu/scratch/sr-diffusion/benchmarks/selfexsr/SelfExSR-master/data/Set14/image_SRF_4/img_013_SRF_4_HR.png,/home/ubuntu/scratch/sr-diffusion/benchmarks/selfexsr/SelfExSR-master/data/Set14/image_SRF_4/img_013_SRF_4_LR.png,26.4619559189928,0.9415862044720391,24.764130413871158
Set14,img_013,detail_v1d,/home/ubuntu/scratch/sr-diffusion/benchmark_outputs/detail_v1d/Set14/img_013/detail.png,/home/ubuntu/scratch/sr-diffusion/benchmarks/selfexsr/SelfExSR-master/data/Set14/image_SRF_4/img_013_SRF_4_HR.png,/home/ubuntu/scratch/sr-diffusion/benchmarks/selfexsr/SelfExSR-master/data/Set14/image_SRF_4/img_013_SRF_4_LR.png,26.845555165752284,0.9517055758068879,25.183696907285366
Set14,img_013,detail_v2_masked,/home/ubuntu/scratch/sr-diffusion/benchmark_outputs/detail_v2_masked/Set14/img_013/detail.png,/home/ubuntu/scratch/sr-diffusion/benchmarks/selfexsr/SelfExSR-master/data/Set14/image_SRF_4/img_013_SRF_4_HR.png,/home/ubuntu/scratch/sr-diffusion/benchmarks/selfexsr/SelfExSR-master/data/Set14/image_SRF_4/img_013_SRF_4_LR.png,26.885155572607864,0.9526182602620124,25.21861815640935
Set14,img_014,bicubic,generated:matlab_bicubic_resize,/home/ubuntu/scratch/sr-diffusion/benchmarks/selfexsr/SelfExSR-master/data/Set14/image_SRF_4/img_014_SRF_4_HR.png,/home/ubuntu/scratch/sr-diffusion/benchmarks/selfexsr/SelfExSR-master/data/Set14/image_SRF_4/img_014_SRF_4_LR.png,24.06409731888616,0.6850491717292527,22.733617565885538
Set14,img_014,dual_context_base,/home/ubuntu/scratch/sr-diffusion/benchmark_outputs/detail_v2_masked/Set14/img_014/base.png,/home/ubuntu/scratch/sr-diffusion/benchmarks/selfexsr/SelfExSR-master/data/Set14/image_SRF_4/img_014_SRF_4_HR.png,/home/ubuntu/scratch/sr-diffusion/benchmarks/selfexsr/SelfExSR-master/data/Set14/image_SRF_4/img_014_SRF_4_LR.png,27.191772844626243,0.7758024814093186,25.791975683202644
Set14,img_014,detail_v1d,/home/ubuntu/scratch/sr-diffusion/benchmark_outputs/detail_v1d/Set14/img_014/detail.png,/home/ubuntu/scratch/sr-diffusion/benchmarks/selfexsr/SelfExSR-master/data/Set14/image_SRF_4/img_014_SRF_4_HR.png,/home/ubuntu/scratch/sr-diffusion/benchmarks/selfexsr/SelfExSR-master/data/Set14/image_SRF_4/img_014_SRF_4_LR.png,27.26197752823081,0.7782615980267362,25.871507654633028
Set14,img_014,detail_v2_masked,/home/ubuntu/scratch/sr-diffusion/benchmark_outputs/detail_v2_masked/Set14/img_014/detail.png,/home/ubuntu/scratch/sr-diffusion/benchmarks/selfexsr/SelfExSR-master/data/Set14/image_SRF_4/img_014_SRF_4_HR.png,/home/ubuntu/scratch/sr-diffusion/benchmarks/selfexsr/SelfExSR-master/data/Set14/image_SRF_4/img_014_SRF_4_LR.png,27.23394397919375,0.7792103786295693,25.844189336205314
Urban100,img_001,bicubic,generated:matlab_bicubic_resize,/home/ubuntu/scratch/sr-diffusion/benchmarks/selfexsr/SelfExSR-master/data/Urban100/image_SRF_4/img_001_SRF_4_HR.png,/home/ubuntu/scratch/sr-diffusion/benchmarks/selfexsr/SelfExSR-master/data/Urban100/image_SRF_4/img_001_SRF_4_LR.png,25.110482954456664,0.6683022129799351,23.69721977262563
Urban100,img_001,dual_context_base,/home/ubuntu/scratch/sr-diffusion/benchmark_outputs/detail_v2_masked/Urban100/img_001/base.png,/home/ubuntu/scratch/sr-diffusion/benchmarks/selfexsr/SelfExSR-master/data/Urban100/image_SRF_4/img_001_SRF_4_HR.png,/home/ubuntu/scratch/sr-diffusion/benchmarks/selfexsr/SelfExSR-master/data/Urban100/image_SRF_4/img_001_SRF_4_LR.png,27.423364128724558,0.7609820580306296,26.006768051229866
Urban100,img_001,detail_v1d,/home/ubuntu/scratch/sr-diffusion/benchmark_outputs/detail_v1d/Urban100/img_001/detail.png,/home/ubuntu/scratch/sr-diffusion/benchmarks/selfexsr/SelfExSR-master/data/Urban100/image_SRF_4/img_001_SRF_4_HR.png,/home/ubuntu/scratch/sr-diffusion/benchmarks/selfexsr/SelfExSR-master/data/Urban100/image_SRF_4/img_001_SRF_4_LR.png,27.779610146204767,0.7718588592279565,26.359578630127128
Urban100,img_001,detail_v2_masked,/home/ubuntu/scratch/sr-diffusion/benchmark_outputs/detail_v2_masked/Urban100/img_001/detail.png,/home/ubuntu/scratch/sr-diffusion/benchmarks/selfexsr/SelfExSR-master/data/Urban100/image_SRF_4/img_001_SRF_4_HR.png,/home/ubuntu/scratch/sr-diffusion/benchmarks/selfexsr/SelfExSR-master/data/Urban100/image_SRF_4/img_001_SRF_4_LR.png,27.788437872128625,0.7727904186563291,26.36952130452885
Urban100,img_002,bicubic,generated:matlab_bicubic_resize,/home/ubuntu/scratch/sr-diffusion/benchmarks/selfexsr/SelfExSR-master/data/Urban100/image_SRF_4/img_002_SRF_4_HR.png,/home/ubuntu/scratch/sr-diffusion/benchmarks/selfexsr/SelfExSR-master/data/Urban100/image_SRF_4/img_002_SRF_4_LR.png,24.18377354976073,0.6785306447604319,22.87118080890748
Urban100,img_002,dual_context_base,/home/ubuntu/scratch/sr-diffusion/benchmark_outputs/detail_v2_masked/Urban100/img_002/base.png,/home/ubuntu/scratch/sr-diffusion/benchmarks/selfexsr/SelfExSR-master/data/Urban100/image_SRF_4/img_002_SRF_4_HR.png,/home/ubuntu/scratch/sr-diffusion/benchmarks/selfexsr/SelfExSR-master/data/Urban100/image_SRF_4/img_002_SRF_4_LR.png,26.225041060636528,0.7997583709376546,24.8387687934544
Urban100,img_002,detail_v1d,/home/ubuntu/scratch/sr-diffusion/benchmark_outputs/detail_v1d/Urban100/img_002/detail.png,/home/ubuntu/scratch/sr-diffusion/benchmarks/selfexsr/SelfExSR-master/data/Urban100/image_SRF_4/img_002_SRF_4_HR.png,/home/ubuntu/scratch/sr-diffusion/benchmarks/selfexsr/SelfExSR-master/data/Urban100/image_SRF_4/img_002_SRF_4_LR.png,26.701183108725886,0.8178950810444772,25.299147231039626
Urban100,img_002,detail_v2_masked,/home/ubuntu/scratch/sr-diffusion/benchmark_outputs/detail_v2_masked/Urban100/img_002/detail.png,/home/ubuntu/scratch/sr-diffusion/benchmarks/selfexsr/SelfExSR-master/data/Urban100/image_SRF_4/img_002_SRF_4_HR.png,/home/ubuntu/scratch/sr-diffusion/benchmarks/selfexsr/SelfExSR-master/data/Urban100/image_SRF_4/img_002_SRF_4_LR.png,26.705310482819296,0.8196374307420198,25.303066598617413
Urban100,img_003,bicubic,generated:matlab_bicubic_resize,/home/ubuntu/scratch/sr-diffusion/benchmarks/selfexsr/SelfExSR-master/data/Urban100/image_SRF_4/img_003_SRF_4_HR.png,/home/ubuntu/scratch/sr-diffusion/benchmarks/selfexsr/SelfExSR-master/data/Urban100/image_SRF_4/img_003_SRF_4_LR.png,22.021559986783167,0.5512587250901113,20.458597006646123
Urban100,img_003,dual_context_base,/home/ubuntu/scratch/sr-diffusion/benchmark_outputs/detail_v2_masked/Urban100/img_003/base.png,/home/ubuntu/scratch/sr-diffusion/benchmarks/selfexsr/SelfExSR-master/data/Urban100/image_SRF_4/img_003_SRF_4_HR.png,/home/ubuntu/scratch/sr-diffusion/benchmarks/selfexsr/SelfExSR-master/data/Urban100/image_SRF_4/img_003_SRF_4_LR.png,23.575906629775623,0.6671496796266077,21.9764586668227
Urban100,img_003,detail_v1d,/home/ubuntu/scratch/sr-diffusion/benchmark_outputs/detail_v1d/Urban100/img_003/detail.png,/home/ubuntu/scratch/sr-diffusion/benchmarks/selfexsr/SelfExSR-master/data/Urban100/image_SRF_4/img_003_SRF_4_HR.png,/home/ubuntu/scratch/sr-diffusion/benchmarks/selfexsr/SelfExSR-master/data/Urban100/image_SRF_4/img_003_SRF_4_LR.png,23.809788464922917,0.6831808415977528,22.20658021859071
Urban100,img_003,detail_v2_masked,/home/ubuntu/scratch/sr-diffusion/benchmark_outputs/detail_v2_masked/Urban100/img_003/detail.png,/home/ubuntu/scratch/sr-diffusion/benchmarks/selfexsr/SelfExSR-master/data/Urban100/image_SRF_4/img_003_SRF_4_HR.png,/home/ubuntu/scratch/sr-diffusion/benchmarks/selfexsr/SelfExSR-master/data/Urban100/image_SRF_4/img_003_SRF_4_LR.png,23.82833506110891,0.6861703547399706,22.226850956260378
Urban100,img_004,bicubic,generated:matlab_bicubic_resize,/home/ubuntu/scratch/sr-diffusion/benchmarks/selfexsr/SelfExSR-master/data/Urban100/image_SRF_4/img_004_SRF_4_HR.png,/home/ubuntu/scratch/sr-diffusion/benchmarks/selfexsr/SelfExSR-master/data/Urban100/image_SRF_4/img_004_SRF_4_LR.png,21.085270653159476,0.6794218742848984,19.809291388948008
Urban100,img_004,dual_context_base,/home/ubuntu/scratch/sr-diffusion/benchmark_outputs/detail_v2_masked/Urban100/img_004/base.png,/home/ubuntu/scratch/sr-diffusion/benchmarks/selfexsr/SelfExSR-master/data/Urban100/image_SRF_4/img_004_SRF_4_HR.png,/home/ubuntu/scratch/sr-diffusion/benchmarks/selfexsr/SelfExSR-master/data/Urban100/image_SRF_4/img_004_SRF_4_LR.png,22.705163763752793,0.8086203019705767,21.39440095545803
Urban100,img_004,detail_v1d,/home/ubuntu/scratch/sr-diffusion/benchmark_outputs/detail_v1d/Urban100/img_004/detail.png,/home/ubuntu/scratch/sr-diffusion/benchmarks/selfexsr/SelfExSR-master/data/Urban100/image_SRF_4/img_004_SRF_4_HR.png,/home/ubuntu/scratch/sr-diffusion/benchmarks/selfexsr/SelfExSR-master/data/Urban100/image_SRF_4/img_004_SRF_4_LR.png,23.08132075485526,0.8269850089266159,21.77354021758182
Urban100,img_004,detail_v2_masked,/home/ubuntu/scratch/sr-diffusion/benchmark_outputs/detail_v2_masked/Urban100/img_004/detail.png,/home/ubuntu/scratch/sr-diffusion/benchmarks/selfexsr/SelfExSR-master/data/Urban100/image_SRF_4/img_004_SRF_4_HR.png,/home/ubuntu/scratch/sr-diffusion/benchmarks/selfexsr/SelfExSR-master/data/Urban100/image_SRF_4/img_004_SRF_4_LR.png,23.029516339915507,0.8268971110339097,21.71968341684532
Urban100,img_005,bicubic,generated:matlab_bicubic_resize,/home/ubuntu/scratch/sr-diffusion/benchmarks/selfexsr/SelfExSR-master/data/Urban100/image_SRF_4/img_005_SRF_4_HR.png,/home/ubuntu/scratch/sr-diffusion/benchmarks/selfexsr/SelfExSR-master/data/Urban100/image_SRF_4/img_005_SRF_4_LR.png,23.311374224937737,0.834758260244483,21.978461981947895
Urban100,img_005,dual_context_base,/home/ubuntu/scratch/sr-diffusion/benchmark_outputs/detail_v2_masked/Urban100/img_005/base.png,/home/ubuntu/scratch/sr-diffusion/benchmarks/selfexsr/SelfExSR-master/data/Urban100/image_SRF_4/img_005_SRF_4_HR.png,/home/ubuntu/scratch/sr-diffusion/benchmarks/selfexsr/SelfExSR-master/data/Urban100/image_SRF_4/img_005_SRF_4_LR.png,26.590829171337212,0.9343819572196124,25.226185083725174
Urban100,img_005,detail_v1d,/home/ubuntu/scratch/sr-diffusion/benchmark_outputs/detail_v1d/Urban100/img_005/detail.png,/home/ubuntu/scratch/sr-diffusion/benchmarks/selfexsr/SelfExSR-master/data/Urban100/image_SRF_4/img_005_SRF_4_HR.png,/home/ubuntu/scratch/sr-diffusion/benchmarks/selfexsr/SelfExSR-master/data/Urban100/image_SRF_4/img_005_SRF_4_LR.png,27.46359937642849,0.9462171519341465,26.100304047840602
Urban100,img_005,detail_v2_masked,/home/ubuntu/scratch/sr-diffusion/benchmark_outputs/detail_v2_masked/Urban100/img_005/detail.png,/home/ubuntu/scratch/sr-diffusion/benchmarks/selfexsr/SelfExSR-master/data/Urban100/image_SRF_4/img_005_SRF_4_HR.png,/home/ubuntu/scratch/sr-diffusion/benchmarks/selfexsr/SelfExSR-master/data/Urban100/image_SRF_4/img_005_SRF_4_LR.png,27.63455247323288,0.9481708930563432,26.26314431611825
Urban100,img_006,bicubic,generated:matlab_bicubic_resize,/home/ubuntu/scratch/sr-diffusion/benchmarks/selfexsr/SelfExSR-master/data/Urban100/image_SRF_4/img_006_SRF_4_HR.png,/home/ubuntu/scratch/sr-diffusion/benchmarks/selfexsr/SelfExSR-master/data/Urban100/image_SRF_4/img_006_SRF_4_LR.png,20.518094027848935,0.4899617850676942,19.166741325675908
Urban100,img_006,dual_context_base,/home/ubuntu/scratch/sr-diffusion/benchmark_outputs/detail_v2_masked/Urban100/img_006/base.png,/home/ubuntu/scratch/sr-diffusion/benchmarks/selfexsr/SelfExSR-master/data/Urban100/image_SRF_4/img_006_SRF_4_HR.png,/home/ubuntu/scratch/sr-diffusion/benchmarks/selfexsr/SelfExSR-master/data/Urban100/image_SRF_4/img_006_SRF_4_LR.png,22.108481347179136,0.5991933863423476,20.76264645337872
Urban100,img_006,detail_v1d,/home/ubuntu/scratch/sr-diffusion/benchmark_outputs/detail_v1d/Urban100/img_006/detail.png,/home/ubuntu/scratch/sr-diffusion/benchmarks/selfexsr/SelfExSR-master/data/Urban100/image_SRF_4/img_006_SRF_4_HR.png,/home/ubuntu/scratch/sr-diffusion/benchmarks/selfexsr/SelfExSR-master/data/Urban100/image_SRF_4/img_006_SRF_4_LR.png,22.425821289059854,0.6181214203924226,21.07587299128504
Urban100,img_006,detail_v2_masked,/home/ubuntu/scratch/sr-diffusion/benchmark_outputs/detail_v2_masked/Urban100/img_006/detail.png,/home/ubuntu/scratch/sr-diffusion/benchmarks/selfexsr/SelfExSR-master/data/Urban100/image_SRF_4/img_006_SRF_4_HR.png,/home/ubuntu/scratch/sr-diffusion/benchmarks/selfexsr/SelfExSR-master/data/Urban100/image_SRF_4/img_006_SRF_4_LR.png,22.46752441158104,0.6218778914894791,21.116315422599893
Urban100,img_007,bicubic,generated:matlab_bicubic_resize,/home/ubuntu/scratch/sr-diffusion/benchmarks/selfexsr/SelfExSR-master/data/Urban100/image_SRF_4/img_007_SRF_4_HR.png,/home/ubuntu/scratch/sr-diffusion/benchmarks/selfexsr/SelfExSR-master/data/Urban100/image_SRF_4/img_007_SRF_4_LR.png,26.1711519966253,0.7707393411138527,24.716818522012044
Urban100,img_007,dual_context_base,/home/ubuntu/scratch/sr-diffusion/benchmark_outputs/detail_v2_masked/Urban100/img_007/base.png,/home/ubuntu/scratch/sr-diffusion/benchmarks/selfexsr/SelfExSR-master/data/Urban100/image_SRF_4/img_007_SRF_4_HR.png,/home/ubuntu/scratch/sr-diffusion/benchmarks/selfexsr/SelfExSR-master/data/Urban100/image_SRF_4/img_007_SRF_4_LR.png,29.252577467282542,0.8548241697751436,27.686969745703934
Urban100,img_007,detail_v1d,/home/ubuntu/scratch/sr-diffusion/benchmark_outputs/detail_v1d/Urban100/img_007/detail.png,/home/ubuntu/scratch/sr-diffusion/benchmarks/selfexsr/SelfExSR-master/data/Urban100/image_SRF_4/img_007_SRF_4_HR.png,/home/ubuntu/scratch/sr-diffusion/benchmarks/selfexsr/SelfExSR-master/data/Urban100/image_SRF_4/img_007_SRF_4_LR.png,29.530847600058806,0.8621148366663123,27.96487852484937
Urban100,img_007,detail_v2_masked,/home/ubuntu/scratch/sr-diffusion/benchmark_outputs/detail_v2_masked/Urban100/img_007/detail.png,/home/ubuntu/scratch/sr-diffusion/benchmarks/selfexsr/SelfExSR-master/data/Urban100/image_SRF_4/img_007_SRF_4_HR.png,/home/ubuntu/scratch/sr-diffusion/benchmarks/selfexsr/SelfExSR-master/data/Urban100/image_SRF_4/img_007_SRF_4_LR.png,29.537924350975274,0.862839610250354,27.975188656081443
Urban100,img_008,bicubic,generated:matlab_bicubic_resize,/home/ubuntu/scratch/sr-diffusion/benchmarks/selfexsr/SelfExSR-master/data/Urban100/image_SRF_4/img_008_SRF_4_HR.png,/home/ubuntu/scratch/sr-diffusion/benchmarks/selfexsr/SelfExSR-master/data/Urban100/image_SRF_4/img_008_SRF_4_LR.png,19.72837325759844,0.49172464689950457,18.479764705190938
Urban100,img_008,dual_context_base,/home/ubuntu/scratch/sr-diffusion/benchmark_outputs/detail_v2_masked/Urban100/img_008/base.png,/home/ubuntu/scratch/sr-diffusion/benchmarks/selfexsr/SelfExSR-master/data/Urban100/image_SRF_4/img_008_SRF_4_HR.png,/home/ubuntu/scratch/sr-diffusion/benchmarks/selfexsr/SelfExSR-master/data/Urban100/image_SRF_4/img_008_SRF_4_LR.png,21.022481617266813,0.623766983374082,19.789308049189597
Urban100,img_008,detail_v1d,/home/ubuntu/scratch/sr-diffusion/benchmark_outputs/detail_v1d/Urban100/img_008/detail.png,/home/ubuntu/scratch/sr-diffusion/benchmarks/selfexsr/SelfExSR-master/data/Urban100/image_SRF_4/img_008_SRF_4_HR.png,/home/ubuntu/scratch/sr-diffusion/benchmarks/selfexsr/SelfExSR-master/data/Urban100/image_SRF_4/img_008_SRF_4_LR.png,21.321714768211677,0.6464837917692225,20.090359848990662
Urban100,img_008,detail_v2_masked,/home/ubuntu/scratch/sr-diffusion/benchmark_outputs/detail_v2_masked/Urban100/img_008/detail.png,/home/ubuntu/scratch/sr-diffusion/benchmarks/selfexsr/SelfExSR-master/data/Urban100/image_SRF_4/img_008_SRF_4_HR.png,/home/ubuntu/scratch/sr-diffusion/benchmarks/selfexsr/SelfExSR-master/data/Urban100/image_SRF_4/img_008_SRF_4_LR.png,21.330922842828947,0.6494840061643462,20.096790664210452
Urban100,img_009,bicubic,generated:matlab_bicubic_resize,/home/ubuntu/scratch/sr-diffusion/benchmarks/selfexsr/SelfExSR-master/data/Urban100/image_SRF_4/img_009_SRF_4_HR.png,/home/ubuntu/scratch/sr-diffusion/benchmarks/selfexsr/SelfExSR-master/data/Urban100/image_SRF_4/img_009_SRF_4_LR.png,30.886290260912315,0.8562595033270494,29.316788091720575
Urban100,img_009,dual_context_base,/home/ubuntu/scratch/sr-diffusion/benchmark_outputs/detail_v2_masked/Urban100/img_009/base.png,/home/ubuntu/scratch/sr-diffusion/benchmarks/selfexsr/SelfExSR-master/data/Urban100/image_SRF_4/img_009_SRF_4_HR.png,/home/ubuntu/scratch/sr-diffusion/benchmarks/selfexsr/SelfExSR-master/data/Urban100/image_SRF_4/img_009_SRF_4_LR.png,33.52832205551841,0.9221890195045728,31.751914498796204
Urban100,img_009,detail_v1d,/home/ubuntu/scratch/sr-diffusion/benchmark_outputs/detail_v1d/Urban100/img_009/detail.png,/home/ubuntu/scratch/sr-diffusion/benchmarks/selfexsr/SelfExSR-master/data/Urban100/image_SRF_4/img_009_SRF_4_HR.png,/home/ubuntu/scratch/sr-diffusion/benchmarks/selfexsr/SelfExSR-master/data/Urban100/image_SRF_4/img_009_SRF_4_LR.png,34.03972438530392,0.9297164893592486,32.214883990755055
Urban100,img_009,detail_v2_masked,/home/ubuntu/scratch/sr-diffusion/benchmark_outputs/detail_v2_masked/Urban100/img_009/detail.png,/home/ubuntu/scratch/sr-diffusion/benchmarks/selfexsr/SelfExSR-master/data/Urban100/image_SRF_4/img_009_SRF_4_HR.png,/home/ubuntu/scratch/sr-diffusion/benchmarks/selfexsr/SelfExSR-master/data/Urban100/image_SRF_4/img_009_SRF_4_LR.png,34.13988077990137,0.9321706997467946,32.29970764652116
Urban100,img_010,bicubic,generated:matlab_bicubic_resize,/home/ubuntu/scratch/sr-diffusion/benchmarks/selfexsr/SelfExSR-master/data/Urban100/image_SRF_4/img_010_SRF_4_HR.png,/home/ubuntu/scratch/sr-diffusion/benchmarks/selfexsr/SelfExSR-master/data/Urban100/image_SRF_4/img_010_SRF_4_LR.png,23.595973487219002,0.7884330666099826,22.2239239383996
Urban100,img_010,dual_context_base,/home/ubuntu/scratch/sr-diffusion/benchmark_outputs/detail_v2_masked/Urban100/img_010/base.png,/home/ubuntu/scratch/sr-diffusion/benchmarks/selfexsr/SelfExSR-master/data/Urban100/image_SRF_4/img_010_SRF_4_HR.png,/home/ubuntu/scratch/sr-diffusion/benchmarks/selfexsr/SelfExSR-master/data/Urban100/image_SRF_4/img_010_SRF_4_LR.png,26.5544175445605,0.8722243947890912,25.15964784870539
Urban100,img_010,detail_v1d,/home/ubuntu/scratch/sr-diffusion/benchmark_outputs/detail_v1d/Urban100/img_010/detail.png,/home/ubuntu/scratch/sr-diffusion/benchmarks/selfexsr/SelfExSR-master/data/Urban100/image_SRF_4/img_010_SRF_4_HR.png,/home/ubuntu/scratch/sr-diffusion/benchmarks/selfexsr/SelfExSR-master/data/Urban100/image_SRF_4/img_010_SRF_4_LR.png,27.349533350558495,0.8890572882178126,25.935031800677756
Urban100,img_010,detail_v2_masked,/home/ubuntu/scratch/sr-diffusion/benchmark_outputs/detail_v2_masked/Urban100/img_010/detail.png,/home/ubuntu/scratch/sr-diffusion/benchmarks/selfexsr/SelfExSR-master/data/Urban100/image_SRF_4/img_010_SRF_4_HR.png,/home/ubuntu/scratch/sr-diffusion/benchmarks/selfexsr/SelfExSR-master/data/Urban100/image_SRF_4/img_010_SRF_4_LR.png,27.29107000401922,0.8876855475135028,25.88157271714647
Urban100,img_011,bicubic,generated:matlab_bicubic_resize,/home/ubuntu/scratch/sr-diffusion/benchmarks/selfexsr/SelfExSR-master/data/Urban100/image_SRF_4/img_011_SRF_4_HR.png,/home/ubuntu/scratch/sr-diffusion/benchmarks/selfexsr/SelfExSR-master/data/Urban100/image_SRF_4/img_011_SRF_4_LR.png,16.031358558877024,0.6068667465305941,14.709437247000285
Urban100,img_011,dual_context_base,/home/ubuntu/scratch/sr-diffusion/benchmark_outputs/detail_v2_masked/Urban100/img_011/base.png,/home/ubuntu/scratch/sr-diffusion/benchmarks/selfexsr/SelfExSR-master/data/Urban100/image_SRF_4/img_011_SRF_4_HR.png,/home/ubuntu/scratch/sr-diffusion/benchmarks/selfexsr/SelfExSR-master/data/Urban100/image_SRF_4/img_011_SRF_4_LR.png,17.77411003175547,0.7862176109077664,16.450798514211336
Urban100,img_011,detail_v1d,/home/ubuntu/scratch/sr-diffusion/benchmark_outputs/detail_v1d/Urban100/img_011/detail.png,/home/ubuntu/scratch/sr-diffusion/benchmarks/selfexsr/SelfExSR-master/data/Urban100/image_SRF_4/img_011_SRF_4_HR.png,/home/ubuntu/scratch/sr-diffusion/benchmarks/selfexsr/SelfExSR-master/data/Urban100/image_SRF_4/img_011_SRF_4_LR.png,17.805250588866354,0.7952303026673497,16.483015945508683
Urban100,img_011,detail_v2_masked,/home/ubuntu/scratch/sr-diffusion/benchmark_outputs/detail_v2_masked/Urban100/img_011/detail.png,/home/ubuntu/scratch/sr-diffusion/benchmarks/selfexsr/SelfExSR-master/data/Urban100/image_SRF_4/img_011_SRF_4_HR.png,/home/ubuntu/scratch/sr-diffusion/benchmarks/selfexsr/SelfExSR-master/data/Urban100/image_SRF_4/img_011_SRF_4_LR.png,17.94790503187396,0.7980025810921209,16.625031078463874
Urban100,img_012,bicubic,generated:matlab_bicubic_resize,/home/ubuntu/scratch/sr-diffusion/benchmarks/selfexsr/SelfExSR-master/data/Urban100/image_SRF_4/img_012_SRF_4_HR.png,/home/ubuntu/scratch/sr-diffusion/benchmarks/selfexsr/SelfExSR-master/data/Urban100/image_SRF_4/img_012_SRF_4_LR.png,22.536116494431294,0.6136292692255034,20.666621513321285
Urban100,img_012,dual_context_base,/home/ubuntu/scratch/sr-diffusion/benchmark_outputs/detail_v2_masked/Urban100/img_012/base.png,/home/ubuntu/scratch/sr-diffusion/benchmarks/selfexsr/SelfExSR-master/data/Urban100/image_SRF_4/img_012_SRF_4_HR.png,/home/ubuntu/scratch/sr-diffusion/benchmarks/selfexsr/SelfExSR-master/data/Urban100/image_SRF_4/img_012_SRF_4_LR.png,23.57768625933324,0.7106304940030496,21.693197233279417
Urban100,img_012,detail_v1d,/home/ubuntu/scratch/sr-diffusion/benchmark_outputs/detail_v1d/Urban100/img_012/detail.png,/home/ubuntu/scratch/sr-diffusion/benchmarks/selfexsr/SelfExSR-master/data/Urban100/image_SRF_4/img_012_SRF_4_HR.png,/home/ubuntu/scratch/sr-diffusion/benchmarks/selfexsr/SelfExSR-master/data/Urban100/image_SRF_4/img_012_SRF_4_LR.png,23.724027904057408,0.7250231690691772,21.859218371623207
Urban100,img_012,detail_v2_masked,/home/ubuntu/scratch/sr-diffusion/benchmark_outputs/detail_v2_masked/Urban100/img_012/detail.png,/home/ubuntu/scratch/sr-diffusion/benchmarks/selfexsr/SelfExSR-master/data/Urban100/image_SRF_4/img_012_SRF_4_HR.png,/home/ubuntu/scratch/sr-diffusion/benchmarks/selfexsr/SelfExSR-master/data/Urban100/image_SRF_4/img_012_SRF_4_LR.png,23.739499852214834,0.7280940248403742,21.87783076087441
Urban100,img_013,bicubic,generated:matlab_bicubic_resize,/home/ubuntu/scratch/sr-diffusion/benchmarks/selfexsr/SelfExSR-master/data/Urban100/image_SRF_4/img_013_SRF_4_HR.png,/home/ubuntu/scratch/sr-diffusion/benchmarks/selfexsr/SelfExSR-master/data/Urban100/image_SRF_4/img_013_SRF_4_LR.png,26.44583405951056,0.7254128631762082,25.244462678198474
Urban100,img_013,dual_context_base,/home/ubuntu/scratch/sr-diffusion/benchmark_outputs/detail_v2_masked/Urban100/img_013/base.png,/home/ubuntu/scratch/sr-diffusion/benchmarks/selfexsr/SelfExSR-master/data/Urban100/image_SRF_4/img_013_SRF_4_HR.png,/home/ubuntu/scratch/sr-diffusion/benchmarks/selfexsr/SelfExSR-master/data/Urban100/image_SRF_4/img_013_SRF_4_LR.png,29.051014751523102,0.8252867466357164,27.699973333570064
Urban100,img_013,detail_v1d,/home/ubuntu/scratch/sr-diffusion/benchmark_outputs/detail_v1d/Urban100/img_013/detail.png,/home/ubuntu/scratch/sr-diffusion/benchmarks/selfexsr/SelfExSR-master/data/Urban100/image_SRF_4/img_013_SRF_4_HR.png,/home/ubuntu/scratch/sr-diffusion/benchmarks/selfexsr/SelfExSR-master/data/Urban100/image_SRF_4/img_013_SRF_4_LR.png,29.532127866090182,0.8408367668999266,28.12293469126525
Urban100,img_013,detail_v2_masked,/home/ubuntu/scratch/sr-diffusion/benchmark_outputs/detail_v2_masked/Urban100/img_013/detail.png,/home/ubuntu/scratch/sr-diffusion/benchmarks/selfexsr/SelfExSR-master/data/Urban100/image_SRF_4/img_013_SRF_4_HR.png,/home/ubuntu/scratch/sr-diffusion/benchmarks/selfexsr/SelfExSR-master/data/Urban100/image_SRF_4/img_013_SRF_4_LR.png,29.5435523084244,0.8418185390139126,28.136711350512215
Urban100,img_014,bicubic,generated:matlab_bicubic_resize,/home/ubuntu/scratch/sr-diffusion/benchmarks/selfexsr/SelfExSR-master/data/Urban100/image_SRF_4/img_014_SRF_4_HR.png,/home/ubuntu/scratch/sr-diffusion/benchmarks/selfexsr/SelfExSR-master/data/Urban100/image_SRF_4/img_014_SRF_4_LR.png,21.339486599437528,0.5807748130564734,20.048655752752946
Urban100,img_014,dual_context_base,/home/ubuntu/scratch/sr-diffusion/benchmark_outputs/detail_v2_masked/Urban100/img_014/base.png,/home/ubuntu/scratch/sr-diffusion/benchmarks/selfexsr/SelfExSR-master/data/Urban100/image_SRF_4/img_014_SRF_4_HR.png,/home/ubuntu/scratch/sr-diffusion/benchmarks/selfexsr/SelfExSR-master/data/Urban100/image_SRF_4/img_014_SRF_4_LR.png,22.2388112126284,0.6732357727239877,20.944492491893048
Urban100,img_014,detail_v1d,/home/ubuntu/scratch/sr-diffusion/benchmark_outputs/detail_v1d/Urban100/img_014/detail.png,/home/ubuntu/scratch/sr-diffusion/benchmarks/selfexsr/SelfExSR-master/data/Urban100/image_SRF_4/img_014_SRF_4_HR.png,/home/ubuntu/scratch/sr-diffusion/benchmarks/selfexsr/SelfExSR-master/data/Urban100/image_SRF_4/img_014_SRF_4_LR.png,22.446141249764906,0.6916363896911953,21.150527372384012
Urban100,img_014,detail_v2_masked,/home/ubuntu/scratch/sr-diffusion/benchmark_outputs/detail_v2_masked/Urban100/img_014/detail.png,/home/ubuntu/scratch/sr-diffusion/benchmarks/selfexsr/SelfExSR-master/data/Urban100/image_SRF_4/img_014_SRF_4_HR.png,/home/ubuntu/scratch/sr-diffusion/benchmarks/selfexsr/SelfExSR-master/data/Urban100/image_SRF_4/img_014_SRF_4_LR.png,22.4582447802066,0.6934958147787923,21.163057260011755
Urban100,img_015,bicubic,generated:matlab_bicubic_resize,/home/ubuntu/scratch/sr-diffusion/benchmarks/selfexsr/SelfExSR-master/data/Urban100/image_SRF_4/img_015_SRF_4_HR.png,/home/ubuntu/scratch/sr-diffusion/benchmarks/selfexsr/SelfExSR-master/data/Urban100/image_SRF_4/img_015_SRF_4_LR.png,23.002766171959212,0.60500655424017,21.7063326522903
Urban100,img_015,dual_context_base,/home/ubuntu/scratch/sr-diffusion/benchmark_outputs/detail_v2_masked/Urban100/img_015/base.png,/home/ubuntu/scratch/sr-diffusion/benchmarks/selfexsr/SelfExSR-master/data/Urban100/image_SRF_4/img_015_SRF_4_HR.png,/home/ubuntu/scratch/sr-diffusion/benchmarks/selfexsr/SelfExSR-master/data/Urban100/image_SRF_4/img_015_SRF_4_LR.png,25.665927450402876,0.7228783848966525,24.241732139842043
Urban100,img_015,detail_v1d,/home/ubuntu/scratch/sr-diffusion/benchmark_outputs/detail_v1d/Urban100/img_015/detail.png,/home/ubuntu/scratch/sr-diffusion/benchmarks/selfexsr/SelfExSR-master/data/Urban100/image_SRF_4/img_015_SRF_4_HR.png,/home/ubuntu/scratch/sr-diffusion/benchmarks/selfexsr/SelfExSR-master/data/Urban100/image_SRF_4/img_015_SRF_4_LR.png,26.24238923680761,0.7405065587288245,24.769517318114236
Urban100,img_015,detail_v2_masked,/home/ubuntu/scratch/sr-diffusion/benchmark_outputs/detail_v2_masked/Urban100/img_015/detail.png,/home/ubuntu/scratch/sr-diffusion/benchmarks/selfexsr/SelfExSR-master/data/Urban100/image_SRF_4/img_015_SRF_4_HR.png,/home/ubuntu/scratch/sr-diffusion/benchmarks/selfexsr/SelfExSR-master/data/Urban100/image_SRF_4/img_015_SRF_4_LR.png,26.244093897368934,0.7412919449864017,24.774136842842477
Urban100,img_016,bicubic,generated:matlab_bicubic_resize,/home/ubuntu/scratch/sr-diffusion/benchmarks/selfexsr/SelfExSR-master/data/Urban100/image_SRF_4/img_016_SRF_4_HR.png,/home/ubuntu/scratch/sr-diffusion/benchmarks/selfexsr/SelfExSR-master/data/Urban100/image_SRF_4/img_016_SRF_4_LR.png,25.472137160590236,0.8257433416558179,24.113360268811668
Urban100,img_016,dual_context_base,/home/ubuntu/scratch/sr-diffusion/benchmark_outputs/detail_v2_masked/Urban100/img_016/base.png,/home/ubuntu/scratch/sr-diffusion/benchmarks/selfexsr/SelfExSR-master/data/Urban100/image_SRF_4/img_016_SRF_4_HR.png,/home/ubuntu/scratch/sr-diffusion/benchmarks/selfexsr/SelfExSR-master/data/Urban100/image_SRF_4/img_016_SRF_4_LR.png,29.142035064186885,0.9028341158727277,27.72522850952228
Urban100,img_016,detail_v1d,/home/ubuntu/scratch/sr-diffusion/benchmark_outputs/detail_v1d/Urban100/img_016/detail.png,/home/ubuntu/scratch/sr-diffusion/benchmarks/selfexsr/SelfExSR-master/data/Urban100/image_SRF_4/img_016_SRF_4_HR.png,/home/ubuntu/scratch/sr-diffusion/benchmarks/selfexsr/SelfExSR-master/data/Urban100/image_SRF_4/img_016_SRF_4_LR.png,29.86795666763409,0.9119384184915355,28.44299866629145
Urban100,img_016,detail_v2_masked,/home/ubuntu/scratch/sr-diffusion/benchmark_outputs/detail_v2_masked/Urban100/img_016/detail.png,/home/ubuntu/scratch/sr-diffusion/benchmarks/selfexsr/SelfExSR-master/data/Urban100/image_SRF_4/img_016_SRF_4_HR.png,/home/ubuntu/scratch/sr-diffusion/benchmarks/selfexsr/SelfExSR-master/data/Urban100/image_SRF_4/img_016_SRF_4_LR.png,29.84583900817543,0.9114668026154112,28.41930901630957
Urban100,img_017,bicubic,generated:matlab_bicubic_resize,/home/ubuntu/scratch/sr-diffusion/benchmarks/selfexsr/SelfExSR-master/data/Urban100/image_SRF_4/img_017_SRF_4_HR.png,/home/ubuntu/scratch/sr-diffusion/benchmarks/selfexsr/SelfExSR-master/data/Urban100/image_SRF_4/img_017_SRF_4_LR.png,23.449101860001576,0.7141190695411981,22.02103895989201
Urban100,img_017,dual_context_base,/home/ubuntu/scratch/sr-diffusion/benchmark_outputs/detail_v2_masked/Urban100/img_017/base.png,/home/ubuntu/scratch/sr-diffusion/benchmarks/selfexsr/SelfExSR-master/data/Urban100/image_SRF_4/img_017_SRF_4_HR.png,/home/ubuntu/scratch/sr-diffusion/benchmarks/selfexsr/SelfExSR-master/data/Urban100/image_SRF_4/img_017_SRF_4_LR.png,25.229212286615233,0.8130019191928395,23.74421859615136
Urban100,img_017,detail_v1d,/home/ubuntu/scratch/sr-diffusion/benchmark_outputs/detail_v1d/Urban100/img_017/detail.png,/home/ubuntu/scratch/sr-diffusion/benchmarks/selfexsr/SelfExSR-master/data/Urban100/image_SRF_4/img_017_SRF_4_HR.png,/home/ubuntu/scratch/sr-diffusion/benchmarks/selfexsr/SelfExSR-master/data/Urban100/image_SRF_4/img_017_SRF_4_LR.png,25.604875048431957,0.8297654598638418,24.11732363227606
Urban100,img_017,detail_v2_masked,/home/ubuntu/scratch/sr-diffusion/benchmark_outputs/detail_v2_masked/Urban100/img_017/detail.png,/home/ubuntu/scratch/sr-diffusion/benchmarks/selfexsr/SelfExSR-master/data/Urban100/image_SRF_4/img_017_SRF_4_HR.png,/home/ubuntu/scratch/sr-diffusion/benchmarks/selfexsr/SelfExSR-master/data/Urban100/image_SRF_4/img_017_SRF_4_LR.png,25.60390760870435,0.8307948630895234,24.118623690799144
Urban100,img_018,bicubic,generated:matlab_bicubic_resize,/home/ubuntu/scratch/sr-diffusion/benchmarks/selfexsr/SelfExSR-master/data/Urban100/image_SRF_4/img_018_SRF_4_HR.png,/home/ubuntu/scratch/sr-diffusion/benchmarks/selfexsr/SelfExSR-master/data/Urban100/image_SRF_4/img_018_SRF_4_LR.png,24.851534571243633,0.6183057502946545,23.097980869944436
Urban100,img_018,dual_context_base,/home/ubuntu/scratch/sr-diffusion/benchmark_outputs/detail_v2_masked/Urban100/img_018/base.png,/home/ubuntu/scratch/sr-diffusion/benchmarks/selfexsr/SelfExSR-master/data/Urban100/image_SRF_4/img_018_SRF_4_HR.png,/home/ubuntu/scratch/sr-diffusion/benchmarks/selfexsr/SelfExSR-master/data/Urban100/image_SRF_4/img_018_SRF_4_LR.png,26.229151861790907,0.7016308787177477,24.4254882078297
Urban100,img_018,detail_v1d,/home/ubuntu/scratch/sr-diffusion/benchmark_outputs/detail_v1d/Urban100/img_018/detail.png,/home/ubuntu/scratch/sr-diffusion/benchmarks/selfexsr/SelfExSR-master/data/Urban100/image_SRF_4/img_018_SRF_4_HR.png,/home/ubuntu/scratch/sr-diffusion/benchmarks/selfexsr/SelfExSR-master/data/Urban100/image_SRF_4/img_018_SRF_4_LR.png,26.315984422129254,0.708268052046693,24.529568994174888
Urban100,img_018,detail_v2_masked,/home/ubuntu/scratch/sr-diffusion/benchmark_outputs/detail_v2_masked/Urban100/img_018/detail.png,/home/ubuntu/scratch/sr-diffusion/benchmarks/selfexsr/SelfExSR-master/data/Urban100/image_SRF_4/img_018_SRF_4_HR.png,/home/ubuntu/scratch/sr-diffusion/benchmarks/selfexsr/SelfExSR-master/data/Urban100/image_SRF_4/img_018_SRF_4_LR.png,26.309090980882786,0.7091663165357049,24.52527057200459
Urban100,img_019,bicubic,generated:matlab_bicubic_resize,/home/ubuntu/scratch/sr-diffusion/benchmarks/selfexsr/SelfExSR-master/data/Urban100/image_SRF_4/img_019_SRF_4_HR.png,/home/ubuntu/scratch/sr-diffusion/benchmarks/selfexsr/SelfExSR-master/data/Urban100/image_SRF_4/img_019_SRF_4_LR.png,19.04144760906948,0.6518664380843459,17.699774648424395
Urban100,img_019,dual_context_base,/home/ubuntu/scratch/sr-diffusion/benchmark_outputs/detail_v2_masked/Urban100/img_019/base.png,/home/ubuntu/scratch/sr-diffusion/benchmarks/selfexsr/SelfExSR-master/data/Urban100/image_SRF_4/img_019_SRF_4_HR.png,/home/ubuntu/scratch/sr-diffusion/benchmarks/selfexsr/SelfExSR-master/data/Urban100/image_SRF_4/img_019_SRF_4_LR.png,21.049209891900706,0.7798990233362264,19.610429257731525
Urban100,img_019,detail_v1d,/home/ubuntu/scratch/sr-diffusion/benchmark_outputs/detail_v1d/Urban100/img_019/detail.png,/home/ubuntu/scratch/sr-diffusion/benchmarks/selfexsr/SelfExSR-master/data/Urban100/image_SRF_4/img_019_SRF_4_HR.png,/home/ubuntu/scratch/sr-diffusion/benchmarks/selfexsr/SelfExSR-master/data/Urban100/image_SRF_4/img_019_SRF_4_LR.png,21.588875011161363,0.7984051838814332,20.13477981830716
Urban100,img_019,detail_v2_masked,/home/ubuntu/scratch/sr-diffusion/benchmark_outputs/detail_v2_masked/Urban100/img_019/detail.png,/home/ubuntu/scratch/sr-diffusion/benchmarks/selfexsr/SelfExSR-master/data/Urban100/image_SRF_4/img_019_SRF_4_HR.png,/home/ubuntu/scratch/sr-diffusion/benchmarks/selfexsr/SelfExSR-master/data/Urban100/image_SRF_4/img_019_SRF_4_LR.png,21.589590105087048,0.799643219305107,20.136529495116573
Urban100,img_020,bicubic,generated:matlab_bicubic_resize,/home/ubuntu/scratch/sr-diffusion/benchmarks/selfexsr/SelfExSR-master/data/Urban100/image_SRF_4/img_020_SRF_4_HR.png,/home/ubuntu/scratch/sr-diffusion/benchmarks/selfexsr/SelfExSR-master/data/Urban100/image_SRF_4/img_020_SRF_4_LR.png,20.47143042494578,0.5949958970158172,19.09909649288525
Urban100,img_020,dual_context_base,/home/ubuntu/scratch/sr-diffusion/benchmark_outputs/detail_v2_masked/Urban100/img_020/base.png,/home/ubuntu/scratch/sr-diffusion/benchmarks/selfexsr/SelfExSR-master/data/Urban100/image_SRF_4/img_020_SRF_4_HR.png,/home/ubuntu/scratch/sr-diffusion/benchmarks/selfexsr/SelfExSR-master/data/Urban100/image_SRF_4/img_020_SRF_4_LR.png,21.819436473904798,0.6990434093056287,20.447377723932945
Urban100,img_020,detail_v1d,/home/ubuntu/scratch/sr-diffusion/benchmark_outputs/detail_v1d/Urban100/img_020/detail.png,/home/ubuntu/scratch/sr-diffusion/benchmarks/selfexsr/SelfExSR-master/data/Urban100/image_SRF_4/img_020_SRF_4_HR.png,/home/ubuntu/scratch/sr-diffusion/benchmarks/selfexsr/SelfExSR-master/data/Urban100/image_SRF_4/img_020_SRF_4_LR.png,22.02470978465501,0.7118776363432496,20.655706726986445
Urban100,img_020,detail_v2_masked,/home/ubuntu/scratch/sr-diffusion/benchmark_outputs/detail_v2_masked/Urban100/img_020/detail.png,/home/ubuntu/scratch/sr-diffusion/benchmarks/selfexsr/SelfExSR-master/data/Urban100/image_SRF_4/img_020_SRF_4_HR.png,/home/ubuntu/scratch/sr-diffusion/benchmarks/selfexsr/SelfExSR-master/data/Urban100/image_SRF_4/img_020_SRF_4_LR.png,22.046639547015992,0.7148675256060963,20.67816310083468
Urban100,img_021,bicubic,generated:matlab_bicubic_resize,/home/ubuntu/scratch/sr-diffusion/benchmarks/selfexsr/SelfExSR-master/data/Urban100/image_SRF_4/img_021_SRF_4_HR.png,/home/ubuntu/scratch/sr-diffusion/benchmarks/selfexsr/SelfExSR-master/data/Urban100/image_SRF_4/img_021_SRF_4_LR.png,27.735499361159384,0.7207112520844714,26.336831057074292
Urban100,img_021,dual_context_base,/home/ubuntu/scratch/sr-diffusion/benchmark_outputs/detail_v2_masked/Urban100/img_021/base.png,/home/ubuntu/scratch/sr-diffusion/benchmarks/selfexsr/SelfExSR-master/data/Urban100/image_SRF_4/img_021_SRF_4_HR.png,/home/ubuntu/scratch/sr-diffusion/benchmarks/selfexsr/SelfExSR-master/data/Urban100/image_SRF_4/img_021_SRF_4_LR.png,29.367742663147204,0.7797653522160606,27.97125668621412
Urban100,img_021,detail_v1d,/home/ubuntu/scratch/sr-diffusion/benchmark_outputs/detail_v1d/Urban100/img_021/detail.png,/home/ubuntu/scratch/sr-diffusion/benchmarks/selfexsr/SelfExSR-master/data/Urban100/image_SRF_4/img_021_SRF_4_HR.png,/home/ubuntu/scratch/sr-diffusion/benchmarks/selfexsr/SelfExSR-master/data/Urban100/image_SRF_4/img_021_SRF_4_LR.png,29.654786482558432,0.7888161954765391,28.245303573152935
Urban100,img_021,detail_v2_masked,/home/ubuntu/scratch/sr-diffusion/benchmark_outputs/detail_v2_masked/Urban100/img_021/detail.png,/home/ubuntu/scratch/sr-diffusion/benchmarks/selfexsr/SelfExSR-master/data/Urban100/image_SRF_4/img_021_SRF_4_HR.png,/home/ubuntu/scratch/sr-diffusion/benchmarks/selfexsr/SelfExSR-master/data/Urban100/image_SRF_4/img_021_SRF_4_LR.png,29.645362725127328,0.7896172290432566,28.23692898287678
Urban100,img_022,bicubic,generated:matlab_bicubic_resize,/home/ubuntu/scratch/sr-diffusion/benchmarks/selfexsr/SelfExSR-master/data/Urban100/image_SRF_4/img_022_SRF_4_HR.png,/home/ubuntu/scratch/sr-diffusion/benchmarks/selfexsr/SelfExSR-master/data/Urban100/image_SRF_4/img_022_SRF_4_LR.png,25.082862403988138,0.6928358011919832,23.75551337537223
Urban100,img_022,dual_context_base,/home/ubuntu/scratch/sr-diffusion/benchmark_outputs/detail_v2_masked/Urban100/img_022/base.png,/home/ubuntu/scratch/sr-diffusion/benchmarks/selfexsr/SelfExSR-master/data/Urban100/image_SRF_4/img_022_SRF_4_HR.png,/home/ubuntu/scratch/sr-diffusion/benchmarks/selfexsr/SelfExSR-master/data/Urban100/image_SRF_4/img_022_SRF_4_LR.png,25.90568995983567,0.7475538861950213,24.56711750647048
Urban100,img_022,detail_v1d,/home/ubuntu/scratch/sr-diffusion/benchmark_outputs/detail_v1d/Urban100/img_022/detail.png,/home/ubuntu/scratch/sr-diffusion/benchmarks/selfexsr/SelfExSR-master/data/Urban100/image_SRF_4/img_022_SRF_4_HR.png,/home/ubuntu/scratch/sr-diffusion/benchmarks/selfexsr/SelfExSR-master/data/Urban100/image_SRF_4/img_022_SRF_4_LR.png,25.982203202609746,0.7536807466654287,24.64276833568546
Urban100,img_022,detail_v2_masked,/home/ubuntu/scratch/sr-diffusion/benchmark_outputs/detail_v2_masked/Urban100/img_022/detail.png,/home/ubuntu/scratch/sr-diffusion/benchmarks/selfexsr/SelfExSR-master/data/Urban100/image_SRF_4/img_022_SRF_4_HR.png,/home/ubuntu/scratch/sr-diffusion/benchmarks/selfexsr/SelfExSR-master/data/Urban100/image_SRF_4/img_022_SRF_4_LR.png,26.00671620530273,0.7555065122794674,24.666643565546252
Urban100,img_023,bicubic,generated:matlab_bicubic_resize,/home/ubuntu/scratch/sr-diffusion/benchmarks/selfexsr/SelfExSR-master/data/Urban100/image_SRF_4/img_023_SRF_4_HR.png,/home/ubuntu/scratch/sr-diffusion/benchmarks/selfexsr/SelfExSR-master/data/Urban100/image_SRF_4/img_023_SRF_4_LR.png,26.437912811680576,0.8046619030325985,24.787371565806126
Urban100,img_023,dual_context_base,/home/ubuntu/scratch/sr-diffusion/benchmark_outputs/detail_v2_masked/Urban100/img_023/base.png,/home/ubuntu/scratch/sr-diffusion/benchmarks/selfexsr/SelfExSR-master/data/Urban100/image_SRF_4/img_023_SRF_4_HR.png,/home/ubuntu/scratch/sr-diffusion/benchmarks/selfexsr/SelfExSR-master/data/Urban100/image_SRF_4/img_023_SRF_4_LR.png,29.268689909353142,0.8908377249876837,27.491700262426427
Urban100,img_023,detail_v1d,/home/ubuntu/scratch/sr-diffusion/benchmark_outputs/detail_v1d/Urban100/img_023/detail.png,/home/ubuntu/scratch/sr-diffusion/benchmarks/selfexsr/SelfExSR-master/data/Urban100/image_SRF_4/img_023_SRF_4_HR.png,/home/ubuntu/scratch/sr-diffusion/benchmarks/selfexsr/SelfExSR-master/data/Urban100/image_SRF_4/img_023_SRF_4_LR.png,29.747783383134543,0.900527365705621,27.9457085683574
Urban100,img_023,detail_v2_masked,/home/ubuntu/scratch/sr-diffusion/benchmark_outputs/detail_v2_masked/Urban100/img_023/detail.png,/home/ubuntu/scratch/sr-diffusion/benchmarks/selfexsr/SelfExSR-master/data/Urban100/image_SRF_4/img_023_SRF_4_HR.png,/home/ubuntu/scratch/sr-diffusion/benchmarks/selfexsr/SelfExSR-master/data/Urban100/image_SRF_4/img_023_SRF_4_LR.png,29.814099737261902,0.9024248469442263,28.005481644026116
Urban100,img_024,bicubic,generated:matlab_bicubic_resize,/home/ubuntu/scratch/sr-diffusion/benchmarks/selfexsr/SelfExSR-master/data/Urban100/image_SRF_4/img_024_SRF_4_HR.png,/home/ubuntu/scratch/sr-diffusion/benchmarks/selfexsr/SelfExSR-master/data/Urban100/image_SRF_4/img_024_SRF_4_LR.png,18.140174179153,0.45926104901959813,16.82093152536217
Urban100,img_024,dual_context_base,/home/ubuntu/scratch/sr-diffusion/benchmark_outputs/detail_v2_masked/Urban100/img_024/base.png,/home/ubuntu/scratch/sr-diffusion/benchmarks/selfexsr/SelfExSR-master/data/Urban100/image_SRF_4/img_024_SRF_4_HR.png,/home/ubuntu/scratch/sr-diffusion/benchmarks/selfexsr/SelfExSR-master/data/Urban100/image_SRF_4/img_024_SRF_4_LR.png,19.532829171337013,0.6019648050209776,18.181225557316306
Urban100,img_024,detail_v1d,/home/ubuntu/scratch/sr-diffusion/benchmark_outputs/detail_v1d/Urban100/img_024/detail.png,/home/ubuntu/scratch/sr-diffusion/benchmarks/selfexsr/SelfExSR-master/data/Urban100/image_SRF_4/img_024_SRF_4_HR.png,/home/ubuntu/scratch/sr-diffusion/benchmarks/selfexsr/SelfExSR-master/data/Urban100/image_SRF_4/img_024_SRF_4_LR.png,19.732035885201288,0.6198559016189572,18.380007308637353
Urban100,img_024,detail_v2_masked,/home/ubuntu/scratch/sr-diffusion/benchmark_outputs/detail_v2_masked/Urban100/img_024/detail.png,/home/ubuntu/scratch/sr-diffusion/benchmarks/selfexsr/SelfExSR-master/data/Urban100/image_SRF_4/img_024_SRF_4_HR.png,/home/ubuntu/scratch/sr-diffusion/benchmarks/selfexsr/SelfExSR-master/data/Urban100/image_SRF_4/img_024_SRF_4_LR.png,19.650129620210233,0.6147712434762025,18.300633182018846
Urban100,img_025,bicubic,generated:matlab_bicubic_resize,/home/ubuntu/scratch/sr-diffusion/benchmarks/selfexsr/SelfExSR-master/data/Urban100/image_SRF_4/img_025_SRF_4_HR.png,/home/ubuntu/scratch/sr-diffusion/benchmarks/selfexsr/SelfExSR-master/data/Urban100/image_SRF_4/img_025_SRF_4_LR.png,26.168014348225917,0.8009403041606461,24.845806912334307
Urban100,img_025,dual_context_base,/home/ubuntu/scratch/sr-diffusion/benchmark_outputs/detail_v2_masked/Urban100/img_025/base.png,/home/ubuntu/scratch/sr-diffusion/benchmarks/selfexsr/SelfExSR-master/data/Urban100/image_SRF_4/img_025_SRF_4_HR.png,/home/ubuntu/scratch/sr-diffusion/benchmarks/selfexsr/SelfExSR-master/data/Urban100/image_SRF_4/img_025_SRF_4_LR.png,31.493894428545836,0.8935386861681122,30.023593096962617
Urban100,img_025,detail_v1d,/home/ubuntu/scratch/sr-diffusion/benchmark_outputs/detail_v1d/Urban100/img_025/detail.png,/home/ubuntu/scratch/sr-diffusion/benchmarks/selfexsr/SelfExSR-master/data/Urban100/image_SRF_4/img_025_SRF_4_HR.png,/home/ubuntu/scratch/sr-diffusion/benchmarks/selfexsr/SelfExSR-master/data/Urban100/image_SRF_4/img_025_SRF_4_LR.png,32.28477097762261,0.9041384199449214,30.76644382153475
Urban100,img_025,detail_v2_masked,/home/ubuntu/scratch/sr-diffusion/benchmark_outputs/detail_v2_masked/Urban100/img_025/detail.png,/home/ubuntu/scratch/sr-diffusion/benchmarks/selfexsr/SelfExSR-master/data/Urban100/image_SRF_4/img_025_SRF_4_HR.png,/home/ubuntu/scratch/sr-diffusion/benchmarks/selfexsr/SelfExSR-master/data/Urban100/image_SRF_4/img_025_SRF_4_LR.png,32.322501913040554,0.9047164340839777,30.795708658602713
Urban100,img_026,bicubic,generated:matlab_bicubic_resize,/home/ubuntu/scratch/sr-diffusion/benchmarks/selfexsr/SelfExSR-master/data/Urban100/image_SRF_4/img_026_SRF_4_HR.png,/home/ubuntu/scratch/sr-diffusion/benchmarks/selfexsr/SelfExSR-master/data/Urban100/image_SRF_4/img_026_SRF_4_LR.png,25.468174238299003,0.6153236323313762,24.082437383122645
Urban100,img_026,dual_context_base,/home/ubuntu/scratch/sr-diffusion/benchmark_outputs/detail_v2_masked/Urban100/img_026/base.png,/home/ubuntu/scratch/sr-diffusion/benchmarks/selfexsr/SelfExSR-master/data/Urban100/image_SRF_4/img_026_SRF_4_HR.png,/home/ubuntu/scratch/sr-diffusion/benchmarks/selfexsr/SelfExSR-master/data/Urban100/image_SRF_4/img_026_SRF_4_LR.png,27.61169150421574,0.6929806268786428,26.157750000977874
Urban100,img_026,detail_v1d,/home/ubuntu/scratch/sr-diffusion/benchmark_outputs/detail_v1d/Urban100/img_026/detail.png,/home/ubuntu/scratch/sr-diffusion/benchmarks/selfexsr/SelfExSR-master/data/Urban100/image_SRF_4/img_026_SRF_4_HR.png,/home/ubuntu/scratch/sr-diffusion/benchmarks/selfexsr/SelfExSR-master/data/Urban100/image_SRF_4/img_026_SRF_4_LR.png,27.975257317320224,0.7067709065345785,26.50551671207107
Urban100,img_026,detail_v2_masked,/home/ubuntu/scratch/sr-diffusion/benchmark_outputs/detail_v2_masked/Urban100/img_026/detail.png,/home/ubuntu/scratch/sr-diffusion/benchmarks/selfexsr/SelfExSR-master/data/Urban100/image_SRF_4/img_026_SRF_4_HR.png,/home/ubuntu/scratch/sr-diffusion/benchmarks/selfexsr/SelfExSR-master/data/Urban100/image_SRF_4/img_026_SRF_4_LR.png,28.021216228642206,0.7081568267879356,26.54909626684229
Urban100,img_027,bicubic,generated:matlab_bicubic_resize,/home/ubuntu/scratch/sr-diffusion/benchmarks/selfexsr/SelfExSR-master/data/Urban100/image_SRF_4/img_027_SRF_4_HR.png,/home/ubuntu/scratch/sr-diffusion/benchmarks/selfexsr/SelfExSR-master/data/Urban100/image_SRF_4/img_027_SRF_4_LR.png,26.571111713129145,0.722375305655982,25.350413226721493
Urban100,img_027,dual_context_base,/home/ubuntu/scratch/sr-diffusion/benchmark_outputs/detail_v2_masked/Urban100/img_027/base.png,/home/ubuntu/scratch/sr-diffusion/benchmarks/selfexsr/SelfExSR-master/data/Urban100/image_SRF_4/img_027_SRF_4_HR.png,/home/ubuntu/scratch/sr-diffusion/benchmarks/selfexsr/SelfExSR-master/data/Urban100/image_SRF_4/img_027_SRF_4_LR.png,28.0783571697801,0.7886689162015579,26.849064143427928
Urban100,img_027,detail_v1d,/home/ubuntu/scratch/sr-diffusion/benchmark_outputs/detail_v1d/Urban100/img_027/detail.png,/home/ubuntu/scratch/sr-diffusion/benchmarks/selfexsr/SelfExSR-master/data/Urban100/image_SRF_4/img_027_SRF_4_HR.png,/home/ubuntu/scratch/sr-diffusion/benchmarks/selfexsr/SelfExSR-master/data/Urban100/image_SRF_4/img_027_SRF_4_LR.png,28.306227507994603,0.7970207618126119,27.07649028790034
Urban100,img_027,detail_v2_masked,/home/ubuntu/scratch/sr-diffusion/benchmark_outputs/detail_v2_masked/Urban100/img_027/detail.png,/home/ubuntu/scratch/sr-diffusion/benchmarks/selfexsr/SelfExSR-master/data/Urban100/image_SRF_4/img_027_SRF_4_HR.png,/home/ubuntu/scratch/sr-diffusion/benchmarks/selfexsr/SelfExSR-master/data/Urban100/image_SRF_4/img_027_SRF_4_LR.png,28.321309221002924,0.7972626536775331,27.092680703056637
Urban100,img_028,bicubic,generated:matlab_bicubic_resize,/home/ubuntu/scratch/sr-diffusion/benchmarks/selfexsr/SelfExSR-master/data/Urban100/image_SRF_4/img_028_SRF_4_HR.png,/home/ubuntu/scratch/sr-diffusion/benchmarks/selfexsr/SelfExSR-master/data/Urban100/image_SRF_4/img_028_SRF_4_LR.png,28.47685602262951,0.8123672591345243,27.154934710752773
Urban100,img_028,dual_context_base,/home/ubuntu/scratch/sr-diffusion/benchmark_outputs/detail_v2_masked/Urban100/img_028/base.png,/home/ubuntu/scratch/sr-diffusion/benchmarks/selfexsr/SelfExSR-master/data/Urban100/image_SRF_4/img_028_SRF_4_HR.png,/home/ubuntu/scratch/sr-diffusion/benchmarks/selfexsr/SelfExSR-master/data/Urban100/image_SRF_4/img_028_SRF_4_LR.png,31.12345538494096,0.8713633016370697,29.78839082079301
Urban100,img_028,detail_v1d,/home/ubuntu/scratch/sr-diffusion/benchmark_outputs/detail_v1d/Urban100/img_028/detail.png,/home/ubuntu/scratch/sr-diffusion/benchmarks/selfexsr/SelfExSR-master/data/Urban100/image_SRF_4/img_028_SRF_4_HR.png,/home/ubuntu/scratch/sr-diffusion/benchmarks/selfexsr/SelfExSR-master/data/Urban100/image_SRF_4/img_028_SRF_4_LR.png,31.42462278512122,0.8771006944596574,30.088446736392335
Urban100,img_028,detail_v2_masked,/home/ubuntu/scratch/sr-diffusion/benchmark_outputs/detail_v2_masked/Urban100/img_028/detail.png,/home/ubuntu/scratch/sr-diffusion/benchmarks/selfexsr/SelfExSR-master/data/Urban100/image_SRF_4/img_028_SRF_4_HR.png,/home/ubuntu/scratch/sr-diffusion/benchmarks/selfexsr/SelfExSR-master/data/Urban100/image_SRF_4/img_028_SRF_4_LR.png,31.45434050504194,0.877576054405483,30.11911589516466
Urban100,img_029,bicubic,generated:matlab_bicubic_resize,/home/ubuntu/scratch/sr-diffusion/benchmarks/selfexsr/SelfExSR-master/data/Urban100/image_SRF_4/img_029_SRF_4_HR.png,/home/ubuntu/scratch/sr-diffusion/benchmarks/selfexsr/SelfExSR-master/data/Urban100/image_SRF_4/img_029_SRF_4_LR.png,22.79958062053137,0.7110182465975007,21.490713410403337
Urban100,img_029,dual_context_base,/home/ubuntu/scratch/sr-diffusion/benchmark_outputs/detail_v2_masked/Urban100/img_029/base.png,/home/ubuntu/scratch/sr-diffusion/benchmarks/selfexsr/SelfExSR-master/data/Urban100/image_SRF_4/img_029_SRF_4_HR.png,/home/ubuntu/scratch/sr-diffusion/benchmarks/selfexsr/SelfExSR-master/data/Urban100/image_SRF_4/img_029_SRF_4_LR.png,26.602022236643762,0.8538034342441837,25.219386758385394
Urban100,img_029,detail_v1d,/home/ubuntu/scratch/sr-diffusion/benchmark_outputs/detail_v1d/Urban100/img_029/detail.png,/home/ubuntu/scratch/sr-diffusion/benchmarks/selfexsr/SelfExSR-master/data/Urban100/image_SRF_4/img_029_SRF_4_HR.png,/home/ubuntu/scratch/sr-diffusion/benchmarks/selfexsr/SelfExSR-master/data/Urban100/image_SRF_4/img_029_SRF_4_LR.png,27.199761270824816,0.8700592643358552,25.802724838632564
Urban100,img_029,detail_v2_masked,/home/ubuntu/scratch/sr-diffusion/benchmark_outputs/detail_v2_masked/Urban100/img_029/detail.png,/home/ubuntu/scratch/sr-diffusion/benchmarks/selfexsr/SelfExSR-master/data/Urban100/image_SRF_4/img_029_SRF_4_HR.png,/home/ubuntu/scratch/sr-diffusion/benchmarks/selfexsr/SelfExSR-master/data/Urban100/image_SRF_4/img_029_SRF_4_LR.png,27.198719961818057,0.870734828327825,25.80392805776126
Urban100,img_030,bicubic,generated:matlab_bicubic_resize,/home/ubuntu/scratch/sr-diffusion/benchmarks/selfexsr/SelfExSR-master/data/Urban100/image_SRF_4/img_030_SRF_4_HR.png,/home/ubuntu/scratch/sr-diffusion/benchmarks/selfexsr/SelfExSR-master/data/Urban100/image_SRF_4/img_030_SRF_4_LR.png,21.64530328657936,0.6249268923872517,19.984138515071017
Urban100,img_030,dual_context_base,/home/ubuntu/scratch/sr-diffusion/benchmark_outputs/detail_v2_masked/Urban100/img_030/base.png,/home/ubuntu/scratch/sr-diffusion/benchmarks/selfexsr/SelfExSR-master/data/Urban100/image_SRF_4/img_030_SRF_4_HR.png,/home/ubuntu/scratch/sr-diffusion/benchmarks/selfexsr/SelfExSR-master/data/Urban100/image_SRF_4/img_030_SRF_4_LR.png,23.90416007309284,0.7774673069868228,22.110632979381315
Urban100,img_030,detail_v1d,/home/ubuntu/scratch/sr-diffusion/benchmark_outputs/detail_v1d/Urban100/img_030/detail.png,/home/ubuntu/scratch/sr-diffusion/benchmarks/selfexsr/SelfExSR-master/data/Urban100/image_SRF_4/img_030_SRF_4_HR.png,/home/ubuntu/scratch/sr-diffusion/benchmarks/selfexsr/SelfExSR-master/data/Urban100/image_SRF_4/img_030_SRF_4_LR.png,24.304071548479627,0.8001715550533562,22.504603576900514
Urban100,img_030,detail_v2_masked,/home/ubuntu/scratch/sr-diffusion/benchmark_outputs/detail_v2_masked/Urban100/img_030/detail.png,/home/ubuntu/scratch/sr-diffusion/benchmarks/selfexsr/SelfExSR-master/data/Urban100/image_SRF_4/img_030_SRF_4_HR.png,/home/ubuntu/scratch/sr-diffusion/benchmarks/selfexsr/SelfExSR-master/data/Urban100/image_SRF_4/img_030_SRF_4_LR.png,24.284461479713045,0.8014509467168476,22.492156583606445
Urban100,img_031,bicubic,generated:matlab_bicubic_resize,/home/ubuntu/scratch/sr-diffusion/benchmarks/selfexsr/SelfExSR-master/data/Urban100/image_SRF_4/img_031_SRF_4_HR.png,/home/ubuntu/scratch/sr-diffusion/benchmarks/selfexsr/SelfExSR-master/data/Urban100/image_SRF_4/img_031_SRF_4_LR.png,22.79683221903957,0.6870075042678402,21.391999868687815
Urban100,img_031,dual_context_base,/home/ubuntu/scratch/sr-diffusion/benchmark_outputs/detail_v2_masked/Urban100/img_031/base.png,/home/ubuntu/scratch/sr-diffusion/benchmarks/selfexsr/SelfExSR-master/data/Urban100/image_SRF_4/img_031_SRF_4_HR.png,/home/ubuntu/scratch/sr-diffusion/benchmarks/selfexsr/SelfExSR-master/data/Urban100/image_SRF_4/img_031_SRF_4_LR.png,23.779310443564974,0.7638053812139372,22.344242055060302
Urban100,img_031,detail_v1d,/home/ubuntu/scratch/sr-diffusion/benchmark_outputs/detail_v1d/Urban100/img_031/detail.png,/home/ubuntu/scratch/sr-diffusion/benchmarks/selfexsr/SelfExSR-master/data/Urban100/image_SRF_4/img_031_SRF_4_HR.png,/home/ubuntu/scratch/sr-diffusion/benchmarks/selfexsr/SelfExSR-master/data/Urban100/image_SRF_4/img_031_SRF_4_LR.png,23.934316013437886,0.7738835177314562,22.500389584275755
Urban100,img_031,detail_v2_masked,/home/ubuntu/scratch/sr-diffusion/benchmark_outputs/detail_v2_masked/Urban100/img_031/detail.png,/home/ubuntu/scratch/sr-diffusion/benchmarks/selfexsr/SelfExSR-master/data/Urban100/image_SRF_4/img_031_SRF_4_HR.png,/home/ubuntu/scratch/sr-diffusion/benchmarks/selfexsr/SelfExSR-master/data/Urban100/image_SRF_4/img_031_SRF_4_LR.png,23.94169441420049,0.7752929031324508,22.507479866025612
Urban100,img_032,bicubic,generated:matlab_bicubic_resize,/home/ubuntu/scratch/sr-diffusion/benchmarks/selfexsr/SelfExSR-master/data/Urban100/image_SRF_4/img_032_SRF_4_HR.png,/home/ubuntu/scratch/sr-diffusion/benchmarks/selfexsr/SelfExSR-master/data/Urban100/image_SRF_4/img_032_SRF_4_LR.png,26.00785081222884,0.7514998473682752,24.597136549902846
Urban100,img_032,dual_context_base,/home/ubuntu/scratch/sr-diffusion/benchmark_outputs/detail_v2_masked/Urban100/img_032/base.png,/home/ubuntu/scratch/sr-diffusion/benchmarks/selfexsr/SelfExSR-master/data/Urban100/image_SRF_4/img_032_SRF_4_HR.png,/home/ubuntu/scratch/sr-diffusion/benchmarks/selfexsr/SelfExSR-master/data/Urban100/image_SRF_4/img_032_SRF_4_LR.png,28.577038796177177,0.8383010735933193,27.039440085499017
Urban100,img_032,detail_v1d,/home/ubuntu/scratch/sr-diffusion/benchmark_outputs/detail_v1d/Urban100/img_032/detail.png,/home/ubuntu/scratch/sr-diffusion/benchmarks/selfexsr/SelfExSR-master/data/Urban100/image_SRF_4/img_032_SRF_4_HR.png,/home/ubuntu/scratch/sr-diffusion/benchmarks/selfexsr/SelfExSR-master/data/Urban100/image_SRF_4/img_032_SRF_4_LR.png,28.854159475103906,0.848481591285247,27.30770455033109
Urban100,img_032,detail_v2_masked,/home/ubuntu/scratch/sr-diffusion/benchmark_outputs/detail_v2_masked/Urban100/img_032/detail.png,/home/ubuntu/scratch/sr-diffusion/benchmarks/selfexsr/SelfExSR-master/data/Urban100/image_SRF_4/img_032_SRF_4_HR.png,/home/ubuntu/scratch/sr-diffusion/benchmarks/selfexsr/SelfExSR-master/data/Urban100/image_SRF_4/img_032_SRF_4_LR.png,28.913005573218076,0.851026622865996,27.364115468013274
Urban100,img_033,bicubic,generated:matlab_bicubic_resize,/home/ubuntu/scratch/sr-diffusion/benchmarks/selfexsr/SelfExSR-master/data/Urban100/image_SRF_4/img_033_SRF_4_HR.png,/home/ubuntu/scratch/sr-diffusion/benchmarks/selfexsr/SelfExSR-master/data/Urban100/image_SRF_4/img_033_SRF_4_LR.png,24.167953582777212,0.6706355854112618,22.66140686366622
Urban100,img_033,dual_context_base,/home/ubuntu/scratch/sr-diffusion/benchmark_outputs/detail_v2_masked/Urban100/img_033/base.png,/home/ubuntu/scratch/sr-diffusion/benchmarks/selfexsr/SelfExSR-master/data/Urban100/image_SRF_4/img_033_SRF_4_HR.png,/home/ubuntu/scratch/sr-diffusion/benchmarks/selfexsr/SelfExSR-master/data/Urban100/image_SRF_4/img_033_SRF_4_LR.png,26.834942659547654,0.7857737161824846,25.10357210352579
Urban100,img_033,detail_v1d,/home/ubuntu/scratch/sr-diffusion/benchmark_outputs/detail_v1d/Urban100/img_033/detail.png,/home/ubuntu/scratch/sr-diffusion/benchmarks/selfexsr/SelfExSR-master/data/Urban100/image_SRF_4/img_033_SRF_4_HR.png,/home/ubuntu/scratch/sr-diffusion/benchmarks/selfexsr/SelfExSR-master/data/Urban100/image_SRF_4/img_033_SRF_4_LR.png,27.296440068317807,0.8038637053527553,25.53209586886258
Urban100,img_033,detail_v2_masked,/home/ubuntu/scratch/sr-diffusion/benchmark_outputs/detail_v2_masked/Urban100/img_033/detail.png,/home/ubuntu/scratch/sr-diffusion/benchmarks/selfexsr/SelfExSR-master/data/Urban100/image_SRF_4/img_033_SRF_4_HR.png,/home/ubuntu/scratch/sr-diffusion/benchmarks/selfexsr/SelfExSR-master/data/Urban100/image_SRF_4/img_033_SRF_4_LR.png,27.323267379537587,0.8059942405501032,25.55213589801099
Urban100,img_034,bicubic,generated:matlab_bicubic_resize,/home/ubuntu/scratch/sr-diffusion/benchmarks/selfexsr/SelfExSR-master/data/Urban100/image_SRF_4/img_034_SRF_4_HR.png,/home/ubuntu/scratch/sr-diffusion/benchmarks/selfexsr/SelfExSR-master/data/Urban100/image_SRF_4/img_034_SRF_4_LR.png,21.412567909441897,0.47979171570901513,19.597627017947644
Urban100,img_034,dual_context_base,/home/ubuntu/scratch/sr-diffusion/benchmark_outputs/detail_v2_masked/Urban100/img_034/base.png,/home/ubuntu/scratch/sr-diffusion/benchmarks/selfexsr/SelfExSR-master/data/Urban100/image_SRF_4/img_034_SRF_4_HR.png,/home/ubuntu/scratch/sr-diffusion/benchmarks/selfexsr/SelfExSR-master/data/Urban100/image_SRF_4/img_034_SRF_4_LR.png,22.890759732707323,0.5723911519517602,20.97784035616201
Urban100,img_034,detail_v1d,/home/ubuntu/scratch/sr-diffusion/benchmark_outputs/detail_v1d/Urban100/img_034/detail.png,/home/ubuntu/scratch/sr-diffusion/benchmarks/selfexsr/SelfExSR-master/data/Urban100/image_SRF_4/img_034_SRF_4_HR.png,/home/ubuntu/scratch/sr-diffusion/benchmarks/selfexsr/SelfExSR-master/data/Urban100/image_SRF_4/img_034_SRF_4_LR.png,23.06518625749337,0.5812514081074625,21.156592006308713
Urban100,img_034,detail_v2_masked,/home/ubuntu/scratch/sr-diffusion/benchmark_outputs/detail_v2_masked/Urban100/img_034/detail.png,/home/ubuntu/scratch/sr-diffusion/benchmarks/selfexsr/SelfExSR-master/data/Urban100/image_SRF_4/img_034_SRF_4_HR.png,/home/ubuntu/scratch/sr-diffusion/benchmarks/selfexsr/SelfExSR-master/data/Urban100/image_SRF_4/img_034_SRF_4_LR.png,23.080232600820743,0.5834079811733752,21.169763311752853
Urban100,img_035,bicubic,generated:matlab_bicubic_resize,/home/ubuntu/scratch/sr-diffusion/benchmarks/selfexsr/SelfExSR-master/data/Urban100/image_SRF_4/img_035_SRF_4_HR.png,/home/ubuntu/scratch/sr-diffusion/benchmarks/selfexsr/SelfExSR-master/data/Urban100/image_SRF_4/img_035_SRF_4_LR.png,24.730892723398036,0.7224750863577866,23.351272276342495
Urban100,img_035,dual_context_base,/home/ubuntu/scratch/sr-diffusion/benchmark_outputs/detail_v2_masked/Urban100/img_035/base.png,/home/ubuntu/scratch/sr-diffusion/benchmarks/selfexsr/SelfExSR-master/data/Urban100/image_SRF_4/img_035_SRF_4_HR.png,/home/ubuntu/scratch/sr-diffusion/benchmarks/selfexsr/SelfExSR-master/data/Urban100/image_SRF_4/img_035_SRF_4_LR.png,28.097636544386084,0.8450133189443274,26.66936608712703
Urban100,img_035,detail_v1d,/home/ubuntu/scratch/sr-diffusion/benchmark_outputs/detail_v1d/Urban100/img_035/detail.png,/home/ubuntu/scratch/sr-diffusion/benchmarks/selfexsr/SelfExSR-master/data/Urban100/image_SRF_4/img_035_SRF_4_HR.png,/home/ubuntu/scratch/sr-diffusion/benchmarks/selfexsr/SelfExSR-master/data/Urban100/image_SRF_4/img_035_SRF_4_LR.png,29.20982282253029,0.8736219238217405,27.77174080684889
Urban100,img_035,detail_v2_masked,/home/ubuntu/scratch/sr-diffusion/benchmark_outputs/detail_v2_masked/Urban100/img_035/detail.png,/home/ubuntu/scratch/sr-diffusion/benchmarks/selfexsr/SelfExSR-master/data/Urban100/image_SRF_4/img_035_SRF_4_HR.png,/home/ubuntu/scratch/sr-diffusion/benchmarks/selfexsr/SelfExSR-master/data/Urban100/image_SRF_4/img_035_SRF_4_LR.png,29.208737340670186,0.8747193500413094,27.769008579153194
Urban100,img_036,bicubic,generated:matlab_bicubic_resize,/home/ubuntu/scratch/sr-diffusion/benchmarks/selfexsr/SelfExSR-master/data/Urban100/image_SRF_4/img_036_SRF_4_HR.png,/home/ubuntu/scratch/sr-diffusion/benchmarks/selfexsr/SelfExSR-master/data/Urban100/image_SRF_4/img_036_SRF_4_LR.png,25.2265927557459,0.7865896164860853,23.90467144386917
Urban100,img_036,dual_context_base,/home/ubuntu/scratch/sr-diffusion/benchmark_outputs/detail_v2_masked/Urban100/img_036/base.png,/home/ubuntu/scratch/sr-diffusion/benchmarks/selfexsr/SelfExSR-master/data/Urban100/image_SRF_4/img_036_SRF_4_HR.png,/home/ubuntu/scratch/sr-diffusion/benchmarks/selfexsr/SelfExSR-master/data/Urban100/image_SRF_4/img_036_SRF_4_LR.png,28.537432438060417,0.8809970456788117,27.204734498902244
Urban100,img_036,detail_v1d,/home/ubuntu/scratch/sr-diffusion/benchmark_outputs/detail_v1d/Urban100/img_036/detail.png,/home/ubuntu/scratch/sr-diffusion/benchmarks/selfexsr/SelfExSR-master/data/Urban100/image_SRF_4/img_036_SRF_4_HR.png,/home/ubuntu/scratch/sr-diffusion/benchmarks/selfexsr/SelfExSR-master/data/Urban100/image_SRF_4/img_036_SRF_4_LR.png,29.040098846520372,0.8905686476293208,27.71093671185333
Urban100,img_036,detail_v2_masked,/home/ubuntu/scratch/sr-diffusion/benchmark_outputs/detail_v2_masked/Urban100/img_036/detail.png,/home/ubuntu/scratch/sr-diffusion/benchmarks/selfexsr/SelfExSR-master/data/Urban100/image_SRF_4/img_036_SRF_4_HR.png,/home/ubuntu/scratch/sr-diffusion/benchmarks/selfexsr/SelfExSR-master/data/Urban100/image_SRF_4/img_036_SRF_4_LR.png,28.983901505658977,0.8904853297717998,27.657093629909696
Urban100,img_037,bicubic,generated:matlab_bicubic_resize,/home/ubuntu/scratch/sr-diffusion/benchmarks/selfexsr/SelfExSR-master/data/Urban100/image_SRF_4/img_037_SRF_4_HR.png,/home/ubuntu/scratch/sr-diffusion/benchmarks/selfexsr/SelfExSR-master/data/Urban100/image_SRF_4/img_037_SRF_4_LR.png,24.219663268886865,0.7049515228198201,22.882611155539344
Urban100,img_037,dual_context_base,/home/ubuntu/scratch/sr-diffusion/benchmark_outputs/detail_v2_masked/Urban100/img_037/base.png,/home/ubuntu/scratch/sr-diffusion/benchmarks/selfexsr/SelfExSR-master/data/Urban100/image_SRF_4/img_037_SRF_4_HR.png,/home/ubuntu/scratch/sr-diffusion/benchmarks/selfexsr/SelfExSR-master/data/Urban100/image_SRF_4/img_037_SRF_4_LR.png,25.98670965170299,0.7814607967778089,24.598895623414272
Urban100,img_037,detail_v1d,/home/ubuntu/scratch/sr-diffusion/benchmark_outputs/detail_v1d/Urban100/img_037/detail.png,/home/ubuntu/scratch/sr-diffusion/benchmarks/selfexsr/SelfExSR-master/data/Urban100/image_SRF_4/img_037_SRF_4_HR.png,/home/ubuntu/scratch/sr-diffusion/benchmarks/selfexsr/SelfExSR-master/data/Urban100/image_SRF_4/img_037_SRF_4_LR.png,26.216771929987026,0.7898047566335394,24.830962535546135
Urban100,img_037,detail_v2_masked,/home/ubuntu/scratch/sr-diffusion/benchmark_outputs/detail_v2_masked/Urban100/img_037/detail.png,/home/ubuntu/scratch/sr-diffusion/benchmarks/selfexsr/SelfExSR-master/data/Urban100/image_SRF_4/img_037_SRF_4_HR.png,/home/ubuntu/scratch/sr-diffusion/benchmarks/selfexsr/SelfExSR-master/data/Urban100/image_SRF_4/img_037_SRF_4_LR.png,26.240566594339395,0.7916849140367312,24.854908075619964
Urban100,img_038,bicubic,generated:matlab_bicubic_resize,/home/ubuntu/scratch/sr-diffusion/benchmarks/selfexsr/SelfExSR-master/data/Urban100/image_SRF_4/img_038_SRF_4_HR.png,/home/ubuntu/scratch/sr-diffusion/benchmarks/selfexsr/SelfExSR-master/data/Urban100/image_SRF_4/img_038_SRF_4_LR.png,24.610881305853823,0.5279054728153404,23.30372851227349
Urban100,img_038,dual_context_base,/home/ubuntu/scratch/sr-diffusion/benchmark_outputs/detail_v2_masked/Urban100/img_038/base.png,/home/ubuntu/scratch/sr-diffusion/benchmarks/selfexsr/SelfExSR-master/data/Urban100/image_SRF_4/img_038_SRF_4_HR.png,/home/ubuntu/scratch/sr-diffusion/benchmarks/selfexsr/SelfExSR-master/data/Urban100/image_SRF_4/img_038_SRF_4_LR.png,26.75466352253503,0.6621513282890207,25.306085653692328
Urban100,img_038,detail_v1d,/home/ubuntu/scratch/sr-diffusion/benchmark_outputs/detail_v1d/Urban100/img_038/detail.png,/home/ubuntu/scratch/sr-diffusion/benchmarks/selfexsr/SelfExSR-master/data/Urban100/image_SRF_4/img_038_SRF_4_HR.png,/home/ubuntu/scratch/sr-diffusion/benchmarks/selfexsr/SelfExSR-master/data/Urban100/image_SRF_4/img_038_SRF_4_LR.png,27.099588344867378,0.6804156901207088,25.64058728304434
Urban100,img_038,detail_v2_masked,/home/ubuntu/scratch/sr-diffusion/benchmark_outputs/detail_v2_masked/Urban100/img_038/detail.png,/home/ubuntu/scratch/sr-diffusion/benchmarks/selfexsr/SelfExSR-master/data/Urban100/image_SRF_4/img_038_SRF_4_HR.png,/home/ubuntu/scratch/sr-diffusion/benchmarks/selfexsr/SelfExSR-master/data/Urban100/image_SRF_4/img_038_SRF_4_LR.png,27.151738780634084,0.683732831896888,25.68643206203177
Urban100,img_039,bicubic,generated:matlab_bicubic_resize,/home/ubuntu/scratch/sr-diffusion/benchmarks/selfexsr/SelfExSR-master/data/Urban100/image_SRF_4/img_039_SRF_4_HR.png,/home/ubuntu/scratch/sr-diffusion/benchmarks/selfexsr/SelfExSR-master/data/Urban100/image_SRF_4/img_039_SRF_4_LR.png,20.86096248287879,0.580224226360583,19.540952563301733
Urban100,img_039,dual_context_base,/home/ubuntu/scratch/sr-diffusion/benchmark_outputs/detail_v2_masked/Urban100/img_039/base.png,/home/ubuntu/scratch/sr-diffusion/benchmarks/selfexsr/SelfExSR-master/data/Urban100/image_SRF_4/img_039_SRF_4_HR.png,/home/ubuntu/scratch/sr-diffusion/benchmarks/selfexsr/SelfExSR-master/data/Urban100/image_SRF_4/img_039_SRF_4_LR.png,22.67829581208618,0.7163119354383659,21.301514758252452
Urban100,img_039,detail_v1d,/home/ubuntu/scratch/sr-diffusion/benchmark_outputs/detail_v1d/Urban100/img_039/detail.png,/home/ubuntu/scratch/sr-diffusion/benchmarks/selfexsr/SelfExSR-master/data/Urban100/image_SRF_4/img_039_SRF_4_HR.png,/home/ubuntu/scratch/sr-diffusion/benchmarks/selfexsr/SelfExSR-master/data/Urban100/image_SRF_4/img_039_SRF_4_LR.png,23.140095984140427,0.7457602543878817,21.754529410916206
Urban100,img_039,detail_v2_masked,/home/ubuntu/scratch/sr-diffusion/benchmark_outputs/detail_v2_masked/Urban100/img_039/detail.png,/home/ubuntu/scratch/sr-diffusion/benchmarks/selfexsr/SelfExSR-master/data/Urban100/image_SRF_4/img_039_SRF_4_HR.png,/home/ubuntu/scratch/sr-diffusion/benchmarks/selfexsr/SelfExSR-master/data/Urban100/image_SRF_4/img_039_SRF_4_LR.png,23.168141436781138,0.7473004872339737,21.782044907978634
Urban100,img_040,bicubic,generated:matlab_bicubic_resize,/home/ubuntu/scratch/sr-diffusion/benchmarks/selfexsr/SelfExSR-master/data/Urban100/image_SRF_4/img_040_SRF_4_HR.png,/home/ubuntu/scratch/sr-diffusion/benchmarks/selfexsr/SelfExSR-master/data/Urban100/image_SRF_4/img_040_SRF_4_LR.png,19.391685258669202,0.7048607787993993,18.10707768593921
Urban100,img_040,dual_context_base,/home/ubuntu/scratch/sr-diffusion/benchmark_outputs/detail_v2_masked/Urban100/img_040/base.png,/home/ubuntu/scratch/sr-diffusion/benchmarks/selfexsr/SelfExSR-master/data/Urban100/image_SRF_4/img_040_SRF_4_HR.png,/home/ubuntu/scratch/sr-diffusion/benchmarks/selfexsr/SelfExSR-master/data/Urban100/image_SRF_4/img_040_SRF_4_LR.png,26.766915674538808,0.935612676095245,25.370677897264752
Urban100,img_040,detail_v1d,/home/ubuntu/scratch/sr-diffusion/benchmark_outputs/detail_v1d/Urban100/img_040/detail.png,/home/ubuntu/scratch/sr-diffusion/benchmarks/selfexsr/SelfExSR-master/data/Urban100/image_SRF_4/img_040_SRF_4_HR.png,/home/ubuntu/scratch/sr-diffusion/benchmarks/selfexsr/SelfExSR-master/data/Urban100/image_SRF_4/img_040_SRF_4_LR.png,27.649293731729546,0.9463625026441191,26.239860902082754
Urban100,img_040,detail_v2_masked,/home/ubuntu/scratch/sr-diffusion/benchmark_outputs/detail_v2_masked/Urban100/img_040/detail.png,/home/ubuntu/scratch/sr-diffusion/benchmarks/selfexsr/SelfExSR-master/data/Urban100/image_SRF_4/img_040_SRF_4_HR.png,/home/ubuntu/scratch/sr-diffusion/benchmarks/selfexsr/SelfExSR-master/data/Urban100/image_SRF_4/img_040_SRF_4_LR.png,27.618259072667204,0.9454727725677131,26.211033182228437
Urban100,img_041,bicubic,generated:matlab_bicubic_resize,/home/ubuntu/scratch/sr-diffusion/benchmarks/selfexsr/SelfExSR-master/data/Urban100/image_SRF_4/img_041_SRF_4_HR.png,/home/ubuntu/scratch/sr-diffusion/benchmarks/selfexsr/SelfExSR-master/data/Urban100/image_SRF_4/img_041_SRF_4_LR.png,21.00269685618043,0.670134208158125,19.564343684985086
Urban100,img_041,dual_context_base,/home/ubuntu/scratch/sr-diffusion/benchmark_outputs/detail_v2_masked/Urban100/img_041/base.png,/home/ubuntu/scratch/sr-diffusion/benchmarks/selfexsr/SelfExSR-master/data/Urban100/image_SRF_4/img_041_SRF_4_HR.png,/home/ubuntu/scratch/sr-diffusion/benchmarks/selfexsr/SelfExSR-master/data/Urban100/image_SRF_4/img_041_SRF_4_LR.png,24.976381943197794,0.8464334880931405,23.491457122703725
Urban100,img_041,detail_v1d,/home/ubuntu/scratch/sr-diffusion/benchmark_outputs/detail_v1d/Urban100/img_041/detail.png,/home/ubuntu/scratch/sr-diffusion/benchmarks/selfexsr/SelfExSR-master/data/Urban100/image_SRF_4/img_041_SRF_4_HR.png,/home/ubuntu/scratch/sr-diffusion/benchmarks/selfexsr/SelfExSR-master/data/Urban100/image_SRF_4/img_041_SRF_4_LR.png,25.91727989583497,0.8725354957875721,24.42149668448202
Urban100,img_041,detail_v2_masked,/home/ubuntu/scratch/sr-diffusion/benchmark_outputs/detail_v2_masked/Urban100/img_041/detail.png,/home/ubuntu/scratch/sr-diffusion/benchmarks/selfexsr/SelfExSR-master/data/Urban100/image_SRF_4/img_041_SRF_4_HR.png,/home/ubuntu/scratch/sr-diffusion/benchmarks/selfexsr/SelfExSR-master/data/Urban100/image_SRF_4/img_041_SRF_4_LR.png,25.903955679407822,0.8725338665659785,24.406343949106684
Urban100,img_042,bicubic,generated:matlab_bicubic_resize,/home/ubuntu/scratch/sr-diffusion/benchmarks/selfexsr/SelfExSR-master/data/Urban100/image_SRF_4/img_042_SRF_4_HR.png,/home/ubuntu/scratch/sr-diffusion/benchmarks/selfexsr/SelfExSR-master/data/Urban100/image_SRF_4/img_042_SRF_4_LR.png,24.833446070514263,0.7700563414029394,23.511524758637524
Urban100,img_042,dual_context_base,/home/ubuntu/scratch/sr-diffusion/benchmark_outputs/detail_v2_masked/Urban100/img_042/base.png,/home/ubuntu/scratch/sr-diffusion/benchmarks/selfexsr/SelfExSR-master/data/Urban100/image_SRF_4/img_042_SRF_4_HR.png,/home/ubuntu/scratch/sr-diffusion/benchmarks/selfexsr/SelfExSR-master/data/Urban100/image_SRF_4/img_042_SRF_4_LR.png,28.44052431161787,0.8774715096221327,27.103687462385476
Urban100,img_042,detail_v1d,/home/ubuntu/scratch/sr-diffusion/benchmark_outputs/detail_v1d/Urban100/img_042/detail.png,/home/ubuntu/scratch/sr-diffusion/benchmarks/selfexsr/SelfExSR-master/data/Urban100/image_SRF_4/img_042_SRF_4_HR.png,/home/ubuntu/scratch/sr-diffusion/benchmarks/selfexsr/SelfExSR-master/data/Urban100/image_SRF_4/img_042_SRF_4_LR.png,29.099966527348244,0.892356817507512,27.767594816430172
Urban100,img_042,detail_v2_masked,/home/ubuntu/scratch/sr-diffusion/benchmark_outputs/detail_v2_masked/Urban100/img_042/detail.png,/home/ubuntu/scratch/sr-diffusion/benchmarks/selfexsr/SelfExSR-master/data/Urban100/image_SRF_4/img_042_SRF_4_HR.png,/home/ubuntu/scratch/sr-diffusion/benchmarks/selfexsr/SelfExSR-master/data/Urban100/image_SRF_4/img_042_SRF_4_LR.png,29.12941352379185,0.8932645263843854,27.794787926401433
Urban100,img_043,bicubic,generated:matlab_bicubic_resize,/home/ubuntu/scratch/sr-diffusion/benchmarks/selfexsr/SelfExSR-master/data/Urban100/image_SRF_4/img_043_SRF_4_HR.png,/home/ubuntu/scratch/sr-diffusion/benchmarks/selfexsr/SelfExSR-master/data/Urban100/image_SRF_4/img_043_SRF_4_LR.png,22.09214145472089,0.7866731227688118,20.8580983774256
Urban100,img_043,dual_context_base,/home/ubuntu/scratch/sr-diffusion/benchmark_outputs/detail_v2_masked/Urban100/img_043/base.png,/home/ubuntu/scratch/sr-diffusion/benchmarks/selfexsr/SelfExSR-master/data/Urban100/image_SRF_4/img_043_SRF_4_HR.png,/home/ubuntu/scratch/sr-diffusion/benchmarks/selfexsr/SelfExSR-master/data/Urban100/image_SRF_4/img_043_SRF_4_LR.png,31.543748567986615,0.9298139969640536,29.76382698491956
Urban100,img_043,detail_v1d,/home/ubuntu/scratch/sr-diffusion/benchmark_outputs/detail_v1d/Urban100/img_043/detail.png,/home/ubuntu/scratch/sr-diffusion/benchmarks/selfexsr/SelfExSR-master/data/Urban100/image_SRF_4/img_043_SRF_4_HR.png,/home/ubuntu/scratch/sr-diffusion/benchmarks/selfexsr/SelfExSR-master/data/Urban100/image_SRF_4/img_043_SRF_4_LR.png,32.71463695558225,0.9377526721106242,30.821826772310562
Urban100,img_043,detail_v2_masked,/home/ubuntu/scratch/sr-diffusion/benchmark_outputs/detail_v2_masked/Urban100/img_043/detail.png,/home/ubuntu/scratch/sr-diffusion/benchmarks/selfexsr/SelfExSR-master/data/Urban100/image_SRF_4/img_043_SRF_4_HR.png,/home/ubuntu/scratch/sr-diffusion/benchmarks/selfexsr/SelfExSR-master/data/Urban100/image_SRF_4/img_043_SRF_4_LR.png,32.75193730903883,0.9383537531565656,30.852395495557346
Urban100,img_044,bicubic,generated:matlab_bicubic_resize,/home/ubuntu/scratch/sr-diffusion/benchmarks/selfexsr/SelfExSR-master/data/Urban100/image_SRF_4/img_044_SRF_4_HR.png,/home/ubuntu/scratch/sr-diffusion/benchmarks/selfexsr/SelfExSR-master/data/Urban100/image_SRF_4/img_044_SRF_4_LR.png,26.91824147945563,0.725331923031809,25.119099097292512
Urban100,img_044,dual_context_base,/home/ubuntu/scratch/sr-diffusion/benchmark_outputs/detail_v2_masked/Urban100/img_044/base.png,/home/ubuntu/scratch/sr-diffusion/benchmarks/selfexsr/SelfExSR-master/data/Urban100/image_SRF_4/img_044_SRF_4_HR.png,/home/ubuntu/scratch/sr-diffusion/benchmarks/selfexsr/SelfExSR-master/data/Urban100/image_SRF_4/img_044_SRF_4_LR.png,29.60768403872877,0.8364311952934911,27.90752211328346
Urban100,img_044,detail_v1d,/home/ubuntu/scratch/sr-diffusion/benchmark_outputs/detail_v1d/Urban100/img_044/detail.png,/home/ubuntu/scratch/sr-diffusion/benchmarks/selfexsr/SelfExSR-master/data/Urban100/image_SRF_4/img_044_SRF_4_HR.png,/home/ubuntu/scratch/sr-diffusion/benchmarks/selfexsr/SelfExSR-master/data/Urban100/image_SRF_4/img_044_SRF_4_LR.png,29.065301893160115,0.8390000696306731,27.447692863849902
Urban100,img_044,detail_v2_masked,/home/ubuntu/scratch/sr-diffusion/benchmark_outputs/detail_v2_masked/Urban100/img_044/detail.png,/home/ubuntu/scratch/sr-diffusion/benchmarks/selfexsr/SelfExSR-master/data/Urban100/image_SRF_4/img_044_SRF_4_HR.png,/home/ubuntu/scratch/sr-diffusion/benchmarks/selfexsr/SelfExSR-master/data/Urban100/image_SRF_4/img_044_SRF_4_LR.png,29.07254921937462,0.8395629450974935,27.4463499230746
Urban100,img_045,bicubic,generated:matlab_bicubic_resize,/home/ubuntu/scratch/sr-diffusion/benchmarks/selfexsr/SelfExSR-master/data/Urban100/image_SRF_4/img_045_SRF_4_HR.png,/home/ubuntu/scratch/sr-diffusion/benchmarks/selfexsr/SelfExSR-master/data/Urban100/image_SRF_4/img_045_SRF_4_LR.png,20.942833540092014,0.5233487106974949,19.62091222821528
Urban100,img_045,dual_context_base,/home/ubuntu/scratch/sr-diffusion/benchmark_outputs/detail_v2_masked/Urban100/img_045/base.png,/home/ubuntu/scratch/sr-diffusion/benchmarks/selfexsr/SelfExSR-master/data/Urban100/image_SRF_4/img_045_SRF_4_HR.png,/home/ubuntu/scratch/sr-diffusion/benchmarks/selfexsr/SelfExSR-master/data/Urban100/image_SRF_4/img_045_SRF_4_LR.png,22.7954318638192,0.6495599020183532,21.476725726536774
Urban100,img_045,detail_v1d,/home/ubuntu/scratch/sr-diffusion/benchmark_outputs/detail_v1d/Urban100/img_045/detail.png,/home/ubuntu/scratch/sr-diffusion/benchmarks/selfexsr/SelfExSR-master/data/Urban100/image_SRF_4/img_045_SRF_4_HR.png,/home/ubuntu/scratch/sr-diffusion/benchmarks/selfexsr/SelfExSR-master/data/Urban100/image_SRF_4/img_045_SRF_4_LR.png,22.9426937237886,0.6581895472969457,21.62729376345294
Urban100,img_045,detail_v2_masked,/home/ubuntu/scratch/sr-diffusion/benchmark_outputs/detail_v2_masked/Urban100/img_045/detail.png,/home/ubuntu/scratch/sr-diffusion/benchmarks/selfexsr/SelfExSR-master/data/Urban100/image_SRF_4/img_045_SRF_4_HR.png,/home/ubuntu/scratch/sr-diffusion/benchmarks/selfexsr/SelfExSR-master/data/Urban100/image_SRF_4/img_045_SRF_4_LR.png,23.018893651999793,0.6626552042207425,21.701910650640485
Urban100,img_046,bicubic,generated:matlab_bicubic_resize,/home/ubuntu/scratch/sr-diffusion/benchmarks/selfexsr/SelfExSR-master/data/Urban100/image_SRF_4/img_046_SRF_4_HR.png,/home/ubuntu/scratch/sr-diffusion/benchmarks/selfexsr/SelfExSR-master/data/Urban100/image_SRF_4/img_046_SRF_4_LR.png,22.6917189526936,0.676226715727056,21.248513202494657
Urban100,img_046,dual_context_base,/home/ubuntu/scratch/sr-diffusion/benchmark_outputs/detail_v2_masked/Urban100/img_046/base.png,/home/ubuntu/scratch/sr-diffusion/benchmarks/selfexsr/SelfExSR-master/data/Urban100/image_SRF_4/img_046_SRF_4_HR.png,/home/ubuntu/scratch/sr-diffusion/benchmarks/selfexsr/SelfExSR-master/data/Urban100/image_SRF_4/img_046_SRF_4_LR.png,23.42612362589735,0.7431505478286087,21.993697180066583
Urban100,img_046,detail_v1d,/home/ubuntu/scratch/sr-diffusion/benchmark_outputs/detail_v1d/Urban100/img_046/detail.png,/home/ubuntu/scratch/sr-diffusion/benchmarks/selfexsr/SelfExSR-master/data/Urban100/image_SRF_4/img_046_SRF_4_HR.png,/home/ubuntu/scratch/sr-diffusion/benchmarks/selfexsr/SelfExSR-master/data/Urban100/image_SRF_4/img_046_SRF_4_LR.png,23.524037502586896,0.7521211356783778,22.093508740171703
Urban100,img_046,detail_v2_masked,/home/ubuntu/scratch/sr-diffusion/benchmark_outputs/detail_v2_masked/Urban100/img_046/detail.png,/home/ubuntu/scratch/sr-diffusion/benchmarks/selfexsr/SelfExSR-master/data/Urban100/image_SRF_4/img_046_SRF_4_HR.png,/home/ubuntu/scratch/sr-diffusion/benchmarks/selfexsr/SelfExSR-master/data/Urban100/image_SRF_4/img_046_SRF_4_LR.png,23.505963216697268,0.7523419471366976,22.07495014303605
Urban100,img_047,bicubic,generated:matlab_bicubic_resize,/home/ubuntu/scratch/sr-diffusion/benchmarks/selfexsr/SelfExSR-master/data/Urban100/image_SRF_4/img_047_SRF_4_HR.png,/home/ubuntu/scratch/sr-diffusion/benchmarks/selfexsr/SelfExSR-master/data/Urban100/image_SRF_4/img_047_SRF_4_LR.png,20.007095585686237,0.6283830771696631,18.531197246602172
Urban100,img_047,dual_context_base,/home/ubuntu/scratch/sr-diffusion/benchmark_outputs/detail_v2_masked/Urban100/img_047/base.png,/home/ubuntu/scratch/sr-diffusion/benchmarks/selfexsr/SelfExSR-master/data/Urban100/image_SRF_4/img_047_SRF_4_HR.png,/home/ubuntu/scratch/sr-diffusion/benchmarks/selfexsr/SelfExSR-master/data/Urban100/image_SRF_4/img_047_SRF_4_LR.png,21.448723059396574,0.7371200812729628,19.963308794007162
Urban100,img_047,detail_v1d,/home/ubuntu/scratch/sr-diffusion/benchmark_outputs/detail_v1d/Urban100/img_047/detail.png,/home/ubuntu/scratch/sr-diffusion/benchmarks/selfexsr/SelfExSR-master/data/Urban100/image_SRF_4/img_047_SRF_4_HR.png,/home/ubuntu/scratch/sr-diffusion/benchmarks/selfexsr/SelfExSR-master/data/Urban100/image_SRF_4/img_047_SRF_4_LR.png,21.817326272356873,0.7553178571108792,20.3292414070012
Urban100,img_047,detail_v2_masked,/home/ubuntu/scratch/sr-diffusion/benchmark_outputs/detail_v2_masked/Urban100/img_047/detail.png,/home/ubuntu/scratch/sr-diffusion/benchmarks/selfexsr/SelfExSR-master/data/Urban100/image_SRF_4/img_047_SRF_4_HR.png,/home/ubuntu/scratch/sr-diffusion/benchmarks/selfexsr/SelfExSR-master/data/Urban100/image_SRF_4/img_047_SRF_4_LR.png,21.81266243494381,0.7575474137883621,20.326724255806184
Urban100,img_048,bicubic,generated:matlab_bicubic_resize,/home/ubuntu/scratch/sr-diffusion/benchmarks/selfexsr/SelfExSR-master/data/Urban100/image_SRF_4/img_048_SRF_4_HR.png,/home/ubuntu/scratch/sr-diffusion/benchmarks/selfexsr/SelfExSR-master/data/Urban100/image_SRF_4/img_048_SRF_4_LR.png,18.182879256931443,0.6728650110790243,16.901513469311208
Urban100,img_048,dual_context_base,/home/ubuntu/scratch/sr-diffusion/benchmark_outputs/detail_v2_masked/Urban100/img_048/base.png,/home/ubuntu/scratch/sr-diffusion/benchmarks/selfexsr/SelfExSR-master/data/Urban100/image_SRF_4/img_048_SRF_4_HR.png,/home/ubuntu/scratch/sr-diffusion/benchmarks/selfexsr/SelfExSR-master/data/Urban100/image_SRF_4/img_048_SRF_4_LR.png,19.6079455524918,0.7864656431628573,18.30880458773255
Urban100,img_048,detail_v1d,/home/ubuntu/scratch/sr-diffusion/benchmark_outputs/detail_v1d/Urban100/img_048/detail.png,/home/ubuntu/scratch/sr-diffusion/benchmarks/selfexsr/SelfExSR-master/data/Urban100/image_SRF_4/img_048_SRF_4_HR.png,/home/ubuntu/scratch/sr-diffusion/benchmarks/selfexsr/SelfExSR-master/data/Urban100/image_SRF_4/img_048_SRF_4_LR.png,19.792535321462896,0.7957776904226715,18.49309968314958
Urban100,img_048,detail_v2_masked,/home/ubuntu/scratch/sr-diffusion/benchmark_outputs/detail_v2_masked/Urban100/img_048/detail.png,/home/ubuntu/scratch/sr-diffusion/benchmarks/selfexsr/SelfExSR-master/data/Urban100/image_SRF_4/img_048_SRF_4_HR.png,/home/ubuntu/scratch/sr-diffusion/benchmarks/selfexsr/SelfExSR-master/data/Urban100/image_SRF_4/img_048_SRF_4_LR.png,19.799388494689385,0.7978984783950713,18.50173544677661
Urban100,img_049,bicubic,generated:matlab_bicubic_resize,/home/ubuntu/scratch/sr-diffusion/benchmarks/selfexsr/SelfExSR-master/data/Urban100/image_SRF_4/img_049_SRF_4_HR.png,/home/ubuntu/scratch/sr-diffusion/benchmarks/selfexsr/SelfExSR-master/data/Urban100/image_SRF_4/img_049_SRF_4_LR.png,20.491151262248792,0.5935690480451038,19.012331275059587
Urban100,img_049,dual_context_base,/home/ubuntu/scratch/sr-diffusion/benchmark_outputs/detail_v2_masked/Urban100/img_049/base.png,/home/ubuntu/scratch/sr-diffusion/benchmarks/selfexsr/SelfExSR-master/data/Urban100/image_SRF_4/img_049_SRF_4_HR.png,/home/ubuntu/scratch/sr-diffusion/benchmarks/selfexsr/SelfExSR-master/data/Urban100/image_SRF_4/img_049_SRF_4_LR.png,23.095555748372362,0.7319765183127404,21.561759696368096
Urban100,img_049,detail_v1d,/home/ubuntu/scratch/sr-diffusion/benchmark_outputs/detail_v1d/Urban100/img_049/detail.png,/home/ubuntu/scratch/sr-diffusion/benchmarks/selfexsr/SelfExSR-master/data/Urban100/image_SRF_4/img_049_SRF_4_HR.png,/home/ubuntu/scratch/sr-diffusion/benchmarks/selfexsr/SelfExSR-master/data/Urban100/image_SRF_4/img_049_SRF_4_LR.png,23.425689730943414,0.7475268586699332,21.888540147240665
Urban100,img_049,detail_v2_masked,/home/ubuntu/scratch/sr-diffusion/benchmark_outputs/detail_v2_masked/Urban100/img_049/detail.png,/home/ubuntu/scratch/sr-diffusion/benchmarks/selfexsr/SelfExSR-master/data/Urban100/image_SRF_4/img_049_SRF_4_HR.png,/home/ubuntu/scratch/sr-diffusion/benchmarks/selfexsr/SelfExSR-master/data/Urban100/image_SRF_4/img_049_SRF_4_LR.png,23.44661687935947,0.7497085725394484,21.912097225150905
Urban100,img_050,bicubic,generated:matlab_bicubic_resize,/home/ubuntu/scratch/sr-diffusion/benchmarks/selfexsr/SelfExSR-master/data/Urban100/image_SRF_4/img_050_SRF_4_HR.png,/home/ubuntu/scratch/sr-diffusion/benchmarks/selfexsr/SelfExSR-master/data/Urban100/image_SRF_4/img_050_SRF_4_LR.png,23.72529140831636,0.6699619756516622,22.305910161572218
Urban100,img_050,dual_context_base,/home/ubuntu/scratch/sr-diffusion/benchmark_outputs/detail_v2_masked/Urban100/img_050/base.png,/home/ubuntu/scratch/sr-diffusion/benchmarks/selfexsr/SelfExSR-master/data/Urban100/image_SRF_4/img_050_SRF_4_HR.png,/home/ubuntu/scratch/sr-diffusion/benchmarks/selfexsr/SelfExSR-master/data/Urban100/image_SRF_4/img_050_SRF_4_LR.png,24.946526253767296,0.7532811840194579,23.511611896308363
Urban100,img_050,detail_v1d,/home/ubuntu/scratch/sr-diffusion/benchmark_outputs/detail_v1d/Urban100/img_050/detail.png,/home/ubuntu/scratch/sr-diffusion/benchmarks/selfexsr/SelfExSR-master/data/Urban100/image_SRF_4/img_050_SRF_4_HR.png,/home/ubuntu/scratch/sr-diffusion/benchmarks/selfexsr/SelfExSR-master/data/Urban100/image_SRF_4/img_050_SRF_4_LR.png,25.133901857100454,0.7659549061725129,23.71249144661549
Urban100,img_050,detail_v2_masked,/home/ubuntu/scratch/sr-diffusion/benchmark_outputs/detail_v2_masked/Urban100/img_050/detail.png,/home/ubuntu/scratch/sr-diffusion/benchmarks/selfexsr/SelfExSR-master/data/Urban100/image_SRF_4/img_050_SRF_4_HR.png,/home/ubuntu/scratch/sr-diffusion/benchmarks/selfexsr/SelfExSR-master/data/Urban100/image_SRF_4/img_050_SRF_4_LR.png,25.155204947338426,0.7683759686475393,23.732311744716462
Urban100,img_051,bicubic,generated:matlab_bicubic_resize,/home/ubuntu/scratch/sr-diffusion/benchmarks/selfexsr/SelfExSR-master/data/Urban100/image_SRF_4/img_051_SRF_4_HR.png,/home/ubuntu/scratch/sr-diffusion/benchmarks/selfexsr/SelfExSR-master/data/Urban100/image_SRF_4/img_051_SRF_4_LR.png,24.84742653850928,0.7408279273793514,23.367992046813278
Urban100,img_051,dual_context_base,/home/ubuntu/scratch/sr-diffusion/benchmark_outputs/detail_v2_masked/Urban100/img_051/base.png,/home/ubuntu/scratch/sr-diffusion/benchmarks/selfexsr/SelfExSR-master/data/Urban100/image_SRF_4/img_051_SRF_4_HR.png,/home/ubuntu/scratch/sr-diffusion/benchmarks/selfexsr/SelfExSR-master/data/Urban100/image_SRF_4/img_051_SRF_4_LR.png,26.861664753801442,0.8293787911112774,25.349081549710828
Urban100,img_051,detail_v1d,/home/ubuntu/scratch/sr-diffusion/benchmark_outputs/detail_v1d/Urban100/img_051/detail.png,/home/ubuntu/scratch/sr-diffusion/benchmarks/selfexsr/SelfExSR-master/data/Urban100/image_SRF_4/img_051_SRF_4_HR.png,/home/ubuntu/scratch/sr-diffusion/benchmarks/selfexsr/SelfExSR-master/data/Urban100/image_SRF_4/img_051_SRF_4_LR.png,27.215848873064918,0.8425031656414538,25.70031816150893
Urban100,img_051,detail_v2_masked,/home/ubuntu/scratch/sr-diffusion/benchmark_outputs/detail_v2_masked/Urban100/img_051/detail.png,/home/ubuntu/scratch/sr-diffusion/benchmarks/selfexsr/SelfExSR-master/data/Urban100/image_SRF_4/img_051_SRF_4_HR.png,/home/ubuntu/scratch/sr-diffusion/benchmarks/selfexsr/SelfExSR-master/data/Urban100/image_SRF_4/img_051_SRF_4_LR.png,27.247906810332033,0.8436709968975545,25.733389449321734
Urban100,img_052,bicubic,generated:matlab_bicubic_resize,/home/ubuntu/scratch/sr-diffusion/benchmarks/selfexsr/SelfExSR-master/data/Urban100/image_SRF_4/img_052_SRF_4_HR.png,/home/ubuntu/scratch/sr-diffusion/benchmarks/selfexsr/SelfExSR-master/data/Urban100/image_SRF_4/img_052_SRF_4_LR.png,23.785195376147236,0.7401753449221598,22.445042963767087
Urban100,img_052,dual_context_base,/home/ubuntu/scratch/sr-diffusion/benchmark_outputs/detail_v2_masked/Urban100/img_052/base.png,/home/ubuntu/scratch/sr-diffusion/benchmarks/selfexsr/SelfExSR-master/data/Urban100/image_SRF_4/img_052_SRF_4_HR.png,/home/ubuntu/scratch/sr-diffusion/benchmarks/selfexsr/SelfExSR-master/data/Urban100/image_SRF_4/img_052_SRF_4_LR.png,28.35043027848061,0.8934280184451475,26.975764612418697
Urban100,img_052,detail_v1d,/home/ubuntu/scratch/sr-diffusion/benchmark_outputs/detail_v1d/Urban100/img_052/detail.png,/home/ubuntu/scratch/sr-diffusion/benchmarks/selfexsr/SelfExSR-master/data/Urban100/image_SRF_4/img_052_SRF_4_HR.png,/home/ubuntu/scratch/sr-diffusion/benchmarks/selfexsr/SelfExSR-master/data/Urban100/image_SRF_4/img_052_SRF_4_LR.png,29.301633030409153,0.9135732651072048,27.9161113333692
Urban100,img_052,detail_v2_masked,/home/ubuntu/scratch/sr-diffusion/benchmark_outputs/detail_v2_masked/Urban100/img_052/detail.png,/home/ubuntu/scratch/sr-diffusion/benchmarks/selfexsr/SelfExSR-master/data/Urban100/image_SRF_4/img_052_SRF_4_HR.png,/home/ubuntu/scratch/sr-diffusion/benchmarks/selfexsr/SelfExSR-master/data/Urban100/image_SRF_4/img_052_SRF_4_LR.png,29.434476791557273,0.9151834839778042,28.050456601206424
Urban100,img_053,bicubic,generated:matlab_bicubic_resize,/home/ubuntu/scratch/sr-diffusion/benchmarks/selfexsr/SelfExSR-master/data/Urban100/image_SRF_4/img_053_SRF_4_HR.png,/home/ubuntu/scratch/sr-diffusion/benchmarks/selfexsr/SelfExSR-master/data/Urban100/image_SRF_4/img_053_SRF_4_LR.png,20.27552170517115,0.5916167372659874,18.948100146673607
Urban100,img_053,dual_context_base,/home/ubuntu/scratch/sr-diffusion/benchmark_outputs/detail_v2_masked/Urban100/img_053/base.png,/home/ubuntu/scratch/sr-diffusion/benchmarks/selfexsr/SelfExSR-master/data/Urban100/image_SRF_4/img_053_SRF_4_HR.png,/home/ubuntu/scratch/sr-diffusion/benchmarks/selfexsr/SelfExSR-master/data/Urban100/image_SRF_4/img_053_SRF_4_LR.png,22.172199772386357,0.7140481600789137,20.831983745778718
Urban100,img_053,detail_v1d,/home/ubuntu/scratch/sr-diffusion/benchmark_outputs/detail_v1d/Urban100/img_053/detail.png,/home/ubuntu/scratch/sr-diffusion/benchmarks/selfexsr/SelfExSR-master/data/Urban100/image_SRF_4/img_053_SRF_4_HR.png,/home/ubuntu/scratch/sr-diffusion/benchmarks/selfexsr/SelfExSR-master/data/Urban100/image_SRF_4/img_053_SRF_4_LR.png,22.508673707230113,0.731855582490948,21.165865555330143
Urban100,img_053,detail_v2_masked,/home/ubuntu/scratch/sr-diffusion/benchmark_outputs/detail_v2_masked/Urban100/img_053/detail.png,/home/ubuntu/scratch/sr-diffusion/benchmarks/selfexsr/SelfExSR-master/data/Urban100/image_SRF_4/img_053_SRF_4_HR.png,/home/ubuntu/scratch/sr-diffusion/benchmarks/selfexsr/SelfExSR-master/data/Urban100/image_SRF_4/img_053_SRF_4_LR.png,22.54070535138403,0.7343049879701513,21.19798371509665
Urban100,img_054,bicubic,generated:matlab_bicubic_resize,/home/ubuntu/scratch/sr-diffusion/benchmarks/selfexsr/SelfExSR-master/data/Urban100/image_SRF_4/img_054_SRF_4_HR.png,/home/ubuntu/scratch/sr-diffusion/benchmarks/selfexsr/SelfExSR-master/data/Urban100/image_SRF_4/img_054_SRF_4_LR.png,19.9679984484084,0.5294832020168456,18.462318399415004
Urban100,img_054,dual_context_base,/home/ubuntu/scratch/sr-diffusion/benchmark_outputs/detail_v2_masked/Urban100/img_054/base.png,/home/ubuntu/scratch/sr-diffusion/benchmarks/selfexsr/SelfExSR-master/data/Urban100/image_SRF_4/img_054_SRF_4_HR.png,/home/ubuntu/scratch/sr-diffusion/benchmarks/selfexsr/SelfExSR-master/data/Urban100/image_SRF_4/img_054_SRF_4_LR.png,20.916570108335225,0.6352964817715605,19.434583064329114
Urban100,img_054,detail_v1d,/home/ubuntu/scratch/sr-diffusion/benchmark_outputs/detail_v1d/Urban100/img_054/detail.png,/home/ubuntu/scratch/sr-diffusion/benchmarks/selfexsr/SelfExSR-master/data/Urban100/image_SRF_4/img_054_SRF_4_HR.png,/home/ubuntu/scratch/sr-diffusion/benchmarks/selfexsr/SelfExSR-master/data/Urban100/image_SRF_4/img_054_SRF_4_LR.png,21.168919502172674,0.6530566195063455,19.688097673408485
Urban100,img_054,detail_v2_masked,/home/ubuntu/scratch/sr-diffusion/benchmark_outputs/detail_v2_masked/Urban100/img_054/detail.png,/home/ubuntu/scratch/sr-diffusion/benchmarks/selfexsr/SelfExSR-master/data/Urban100/image_SRF_4/img_054_SRF_4_HR.png,/home/ubuntu/scratch/sr-diffusion/benchmarks/selfexsr/SelfExSR-master/data/Urban100/image_SRF_4/img_054_SRF_4_LR.png,21.17304230076771,0.6554751299519603,19.694209203842934
Urban100,img_055,bicubic,generated:matlab_bicubic_resize,/home/ubuntu/scratch/sr-diffusion/benchmarks/selfexsr/SelfExSR-master/data/Urban100/image_SRF_4/img_055_SRF_4_HR.png,/home/ubuntu/scratch/sr-diffusion/benchmarks/selfexsr/SelfExSR-master/data/Urban100/image_SRF_4/img_055_SRF_4_LR.png,25.068140830626966,0.7840401628465447,23.25238087418668
Urban100,img_055,dual_context_base,/home/ubuntu/scratch/sr-diffusion/benchmark_outputs/detail_v2_masked/Urban100/img_055/base.png,/home/ubuntu/scratch/sr-diffusion/benchmarks/selfexsr/SelfExSR-master/data/Urban100/image_SRF_4/img_055_SRF_4_HR.png,/home/ubuntu/scratch/sr-diffusion/benchmarks/selfexsr/SelfExSR-master/data/Urban100/image_SRF_4/img_055_SRF_4_LR.png,31.84140917231528,0.9390065716352214,29.89217132225899
Urban100,img_055,detail_v1d,/home/ubuntu/scratch/sr-diffusion/benchmark_outputs/detail_v1d/Urban100/img_055/detail.png,/home/ubuntu/scratch/sr-diffusion/benchmarks/selfexsr/SelfExSR-master/data/Urban100/image_SRF_4/img_055_SRF_4_HR.png,/home/ubuntu/scratch/sr-diffusion/benchmarks/selfexsr/SelfExSR-master/data/Urban100/image_SRF_4/img_055_SRF_4_LR.png,32.44297943612572,0.9464383975148042,30.513696192632832
Urban100,img_055,detail_v2_masked,/home/ubuntu/scratch/sr-diffusion/benchmark_outputs/detail_v2_masked/Urban100/img_055/detail.png,/home/ubuntu/scratch/sr-diffusion/benchmarks/selfexsr/SelfExSR-master/data/Urban100/image_SRF_4/img_055_SRF_4_HR.png,/home/ubuntu/scratch/sr-diffusion/benchmarks/selfexsr/SelfExSR-master/data/Urban100/image_SRF_4/img_055_SRF_4_LR.png,32.736989208945424,0.9470382615778256,30.75437782149884
Urban100,img_056,bicubic,generated:matlab_bicubic_resize,/home/ubuntu/scratch/sr-diffusion/benchmarks/selfexsr/SelfExSR-master/data/Urban100/image_SRF_4/img_056_SRF_4_HR.png,/home/ubuntu/scratch/sr-diffusion/benchmarks/selfexsr/SelfExSR-master/data/Urban100/image_SRF_4/img_056_SRF_4_LR.png,22.174241841591886,0.6261250186854361,20.839418622425082
Urban100,img_056,dual_context_base,/home/ubuntu/scratch/sr-diffusion/benchmark_outputs/detail_v2_masked/Urban100/img_056/base.png,/home/ubuntu/scratch/sr-diffusion/benchmarks/selfexsr/SelfExSR-master/data/Urban100/image_SRF_4/img_056_SRF_4_HR.png,/home/ubuntu/scratch/sr-diffusion/benchmarks/selfexsr/SelfExSR-master/data/Urban100/image_SRF_4/img_056_SRF_4_LR.png,24.57120413834275,0.7630538762741873,23.199751111961334
Urban100,img_056,detail_v1d,/home/ubuntu/scratch/sr-diffusion/benchmark_outputs/detail_v1d/Urban100/img_056/detail.png,/home/ubuntu/scratch/sr-diffusion/benchmarks/selfexsr/SelfExSR-master/data/Urban100/image_SRF_4/img_056_SRF_4_HR.png,/home/ubuntu/scratch/sr-diffusion/benchmarks/selfexsr/SelfExSR-master/data/Urban100/image_SRF_4/img_056_SRF_4_LR.png,24.927279259496125,0.7807331895802249,23.555846558730554
Urban100,img_056,detail_v2_masked,/home/ubuntu/scratch/sr-diffusion/benchmark_outputs/detail_v2_masked/Urban100/img_056/detail.png,/home/ubuntu/scratch/sr-diffusion/benchmarks/selfexsr/SelfExSR-master/data/Urban100/image_SRF_4/img_056_SRF_4_HR.png,/home/ubuntu/scratch/sr-diffusion/benchmarks/selfexsr/SelfExSR-master/data/Urban100/image_SRF_4/img_056_SRF_4_LR.png,24.94689550263717,0.7827669552794418,23.575200950691027
Urban100,img_057,bicubic,generated:matlab_bicubic_resize,/home/ubuntu/scratch/sr-diffusion/benchmarks/selfexsr/SelfExSR-master/data/Urban100/image_SRF_4/img_057_SRF_4_HR.png,/home/ubuntu/scratch/sr-diffusion/benchmarks/selfexsr/SelfExSR-master/data/Urban100/image_SRF_4/img_057_SRF_4_LR.png,26.145526808060247,0.794574110439895,24.76279223334525
Urban100,img_057,dual_context_base,/home/ubuntu/scratch/sr-diffusion/benchmark_outputs/detail_v2_masked/Urban100/img_057/base.png,/home/ubuntu/scratch/sr-diffusion/benchmarks/selfexsr/SelfExSR-master/data/Urban100/image_SRF_4/img_057_SRF_4_HR.png,/home/ubuntu/scratch/sr-diffusion/benchmarks/selfexsr/SelfExSR-master/data/Urban100/image_SRF_4/img_057_SRF_4_LR.png,30.198769259069465,0.882170940099283,28.766059188154074
Urban100,img_057,detail_v1d,/home/ubuntu/scratch/sr-diffusion/benchmark_outputs/detail_v1d/Urban100/img_057/detail.png,/home/ubuntu/scratch/sr-diffusion/benchmarks/selfexsr/SelfExSR-master/data/Urban100/image_SRF_4/img_057_SRF_4_HR.png,/home/ubuntu/scratch/sr-diffusion/benchmarks/selfexsr/SelfExSR-master/data/Urban100/image_SRF_4/img_057_SRF_4_LR.png,30.825308314446687,0.8943144902078515,29.379039147697764
Urban100,img_057,detail_v2_masked,/home/ubuntu/scratch/sr-diffusion/benchmark_outputs/detail_v2_masked/Urban100/img_057/detail.png,/home/ubuntu/scratch/sr-diffusion/benchmarks/selfexsr/SelfExSR-master/data/Urban100/image_SRF_4/img_057_SRF_4_HR.png,/home/ubuntu/scratch/sr-diffusion/benchmarks/selfexsr/SelfExSR-master/data/Urban100/image_SRF_4/img_057_SRF_4_LR.png,30.886098815865783,0.8951997528613864,29.434072704327523
Urban100,img_058,bicubic,generated:matlab_bicubic_resize,/home/ubuntu/scratch/sr-diffusion/benchmarks/selfexsr/SelfExSR-master/data/Urban100/image_SRF_4/img_058_SRF_4_HR.png,/home/ubuntu/scratch/sr-diffusion/benchmarks/selfexsr/SelfExSR-master/data/Urban100/image_SRF_4/img_058_SRF_4_LR.png,22.335133607483645,0.715923789681161,20.924090155138636
Urban100,img_058,dual_context_base,/home/ubuntu/scratch/sr-diffusion/benchmark_outputs/detail_v2_masked/Urban100/img_058/base.png,/home/ubuntu/scratch/sr-diffusion/benchmarks/selfexsr/SelfExSR-master/data/Urban100/image_SRF_4/img_058_SRF_4_HR.png,/home/ubuntu/scratch/sr-diffusion/benchmarks/selfexsr/SelfExSR-master/data/Urban100/image_SRF_4/img_058_SRF_4_LR.png,25.02315851943905,0.8274972633161743,23.565262471621388
Urban100,img_058,detail_v1d,/home/ubuntu/scratch/sr-diffusion/benchmark_outputs/detail_v1d/Urban100/img_058/detail.png,/home/ubuntu/scratch/sr-diffusion/benchmarks/selfexsr/SelfExSR-master/data/Urban100/image_SRF_4/img_058_SRF_4_HR.png,/home/ubuntu/scratch/sr-diffusion/benchmarks/selfexsr/SelfExSR-master/data/Urban100/image_SRF_4/img_058_SRF_4_LR.png,25.54738117380632,0.8436651805639981,24.088335991460323
Urban100,img_058,detail_v2_masked,/home/ubuntu/scratch/sr-diffusion/benchmark_outputs/detail_v2_masked/Urban100/img_058/detail.png,/home/ubuntu/scratch/sr-diffusion/benchmarks/selfexsr/SelfExSR-master/data/Urban100/image_SRF_4/img_058_SRF_4_HR.png,/home/ubuntu/scratch/sr-diffusion/benchmarks/selfexsr/SelfExSR-master/data/Urban100/image_SRF_4/img_058_SRF_4_LR.png,25.549019058101365,0.844599813739727,24.09878581108396
Urban100,img_059,bicubic,generated:matlab_bicubic_resize,/home/ubuntu/scratch/sr-diffusion/benchmarks/selfexsr/SelfExSR-master/data/Urban100/image_SRF_4/img_059_SRF_4_HR.png,/home/ubuntu/scratch/sr-diffusion/benchmarks/selfexsr/SelfExSR-master/data/Urban100/image_SRF_4/img_059_SRF_4_LR.png,20.449160975430836,0.6559406586703311,19.04378153774288
Urban100,img_059,dual_context_base,/home/ubuntu/scratch/sr-diffusion/benchmark_outputs/detail_v2_masked/Urban100/img_059/base.png,/home/ubuntu/scratch/sr-diffusion/benchmarks/selfexsr/SelfExSR-master/data/Urban100/image_SRF_4/img_059_SRF_4_HR.png,/home/ubuntu/scratch/sr-diffusion/benchmarks/selfexsr/SelfExSR-master/data/Urban100/image_SRF_4/img_059_SRF_4_LR.png,21.40273524546998,0.7335735470798119,20.02187662938757
Urban100,img_059,detail_v1d,/home/ubuntu/scratch/sr-diffusion/benchmark_outputs/detail_v1d/Urban100/img_059/detail.png,/home/ubuntu/scratch/sr-diffusion/benchmarks/selfexsr/SelfExSR-master/data/Urban100/image_SRF_4/img_059_SRF_4_HR.png,/home/ubuntu/scratch/sr-diffusion/benchmarks/selfexsr/SelfExSR-master/data/Urban100/image_SRF_4/img_059_SRF_4_LR.png,21.750638572328988,0.7517837530221206,20.37091688766379
Urban100,img_059,detail_v2_masked,/home/ubuntu/scratch/sr-diffusion/benchmark_outputs/detail_v2_masked/Urban100/img_059/detail.png,/home/ubuntu/scratch/sr-diffusion/benchmarks/selfexsr/SelfExSR-master/data/Urban100/image_SRF_4/img_059_SRF_4_HR.png,/home/ubuntu/scratch/sr-diffusion/benchmarks/selfexsr/SelfExSR-master/data/Urban100/image_SRF_4/img_059_SRF_4_LR.png,21.805890448337216,0.7536557041145168,20.426523789194203
Urban100,img_060,bicubic,generated:matlab_bicubic_resize,/home/ubuntu/scratch/sr-diffusion/benchmarks/selfexsr/SelfExSR-master/data/Urban100/image_SRF_4/img_060_SRF_4_HR.png,/home/ubuntu/scratch/sr-diffusion/benchmarks/selfexsr/SelfExSR-master/data/Urban100/image_SRF_4/img_060_SRF_4_LR.png,21.094933614459986,0.44162461676640524,19.646111926582286
Urban100,img_060,dual_context_base,/home/ubuntu/scratch/sr-diffusion/benchmark_outputs/detail_v2_masked/Urban100/img_060/base.png,/home/ubuntu/scratch/sr-diffusion/benchmarks/selfexsr/SelfExSR-master/data/Urban100/image_SRF_4/img_060_SRF_4_HR.png,/home/ubuntu/scratch/sr-diffusion/benchmarks/selfexsr/SelfExSR-master/data/Urban100/image_SRF_4/img_060_SRF_4_LR.png,22.36091885914586,0.5563990352724534,20.96404909303474
Urban100,img_060,detail_v1d,/home/ubuntu/scratch/sr-diffusion/benchmark_outputs/detail_v1d/Urban100/img_060/detail.png,/home/ubuntu/scratch/sr-diffusion/benchmarks/selfexsr/SelfExSR-master/data/Urban100/image_SRF_4/img_060_SRF_4_HR.png,/home/ubuntu/scratch/sr-diffusion/benchmarks/selfexsr/SelfExSR-master/data/Urban100/image_SRF_4/img_060_SRF_4_LR.png,22.533545655355848,0.5695512114376994,21.144308566760404
Urban100,img_060,detail_v2_masked,/home/ubuntu/scratch/sr-diffusion/benchmark_outputs/detail_v2_masked/Urban100/img_060/detail.png,/home/ubuntu/scratch/sr-diffusion/benchmarks/selfexsr/SelfExSR-master/data/Urban100/image_SRF_4/img_060_SRF_4_HR.png,/home/ubuntu/scratch/sr-diffusion/benchmarks/selfexsr/SelfExSR-master/data/Urban100/image_SRF_4/img_060_SRF_4_LR.png,22.531578107837483,0.5712469230753889,21.14296910393669
Urban100,img_061,bicubic,generated:matlab_bicubic_resize,/home/ubuntu/scratch/sr-diffusion/benchmarks/selfexsr/SelfExSR-master/data/Urban100/image_SRF_4/img_061_SRF_4_HR.png,/home/ubuntu/scratch/sr-diffusion/benchmarks/selfexsr/SelfExSR-master/data/Urban100/image_SRF_4/img_061_SRF_4_LR.png,22.90211902548743,0.6254687414841348,21.388877699761313
Urban100,img_061,dual_context_base,/home/ubuntu/scratch/sr-diffusion/benchmark_outputs/detail_v2_masked/Urban100/img_061/base.png,/home/ubuntu/scratch/sr-diffusion/benchmarks/selfexsr/SelfExSR-master/data/Urban100/image_SRF_4/img_061_SRF_4_HR.png,/home/ubuntu/scratch/sr-diffusion/benchmarks/selfexsr/SelfExSR-master/data/Urban100/image_SRF_4/img_061_SRF_4_LR.png,24.258055413776724,0.7343751572214734,22.67293386696697
Urban100,img_061,detail_v1d,/home/ubuntu/scratch/sr-diffusion/benchmark_outputs/detail_v1d/Urban100/img_061/detail.png,/home/ubuntu/scratch/sr-diffusion/benchmarks/selfexsr/SelfExSR-master/data/Urban100/image_SRF_4/img_061_SRF_4_HR.png,/home/ubuntu/scratch/sr-diffusion/benchmarks/selfexsr/SelfExSR-master/data/Urban100/image_SRF_4/img_061_SRF_4_LR.png,24.5062203398221,0.7481758647558251,22.919209147537583
Urban100,img_061,detail_v2_masked,/home/ubuntu/scratch/sr-diffusion/benchmark_outputs/detail_v2_masked/Urban100/img_061/detail.png,/home/ubuntu/scratch/sr-diffusion/benchmarks/selfexsr/SelfExSR-master/data/Urban100/image_SRF_4/img_061_SRF_4_HR.png,/home/ubuntu/scratch/sr-diffusion/benchmarks/selfexsr/SelfExSR-master/data/Urban100/image_SRF_4/img_061_SRF_4_LR.png,24.471919260913854,0.7499845109956568,22.886956328176765
Urban100,img_062,bicubic,generated:matlab_bicubic_resize,/home/ubuntu/scratch/sr-diffusion/benchmarks/selfexsr/SelfExSR-master/data/Urban100/image_SRF_4/img_062_SRF_4_HR.png,/home/ubuntu/scratch/sr-diffusion/benchmarks/selfexsr/SelfExSR-master/data/Urban100/image_SRF_4/img_062_SRF_4_LR.png,19.8606624401761,0.6458850221229868,18.431772770315842
Urban100,img_062,dual_context_base,/home/ubuntu/scratch/sr-diffusion/benchmark_outputs/detail_v2_masked/Urban100/img_062/base.png,/home/ubuntu/scratch/sr-diffusion/benchmarks/selfexsr/SelfExSR-master/data/Urban100/image_SRF_4/img_062_SRF_4_HR.png,/home/ubuntu/scratch/sr-diffusion/benchmarks/selfexsr/SelfExSR-master/data/Urban100/image_SRF_4/img_062_SRF_4_LR.png,20.90969793022093,0.7700781655766082,19.489825893744822
Urban100,img_062,detail_v1d,/home/ubuntu/scratch/sr-diffusion/benchmark_outputs/detail_v1d/Urban100/img_062/detail.png,/home/ubuntu/scratch/sr-diffusion/benchmarks/selfexsr/SelfExSR-master/data/Urban100/image_SRF_4/img_062_SRF_4_HR.png,/home/ubuntu/scratch/sr-diffusion/benchmarks/selfexsr/SelfExSR-master/data/Urban100/image_SRF_4/img_062_SRF_4_LR.png,21.20995575825716,0.7913537879627018,19.792552924003243
Urban100,img_062,detail_v2_masked,/home/ubuntu/scratch/sr-diffusion/benchmark_outputs/detail_v2_masked/Urban100/img_062/detail.png,/home/ubuntu/scratch/sr-diffusion/benchmarks/selfexsr/SelfExSR-master/data/Urban100/image_SRF_4/img_062_SRF_4_HR.png,/home/ubuntu/scratch/sr-diffusion/benchmarks/selfexsr/SelfExSR-master/data/Urban100/image_SRF_4/img_062_SRF_4_LR.png,21.209503661068403,0.7935049843189738,19.79239148430163
Urban100,img_063,bicubic,generated:matlab_bicubic_resize,/home/ubuntu/scratch/sr-diffusion/benchmarks/selfexsr/SelfExSR-master/data/Urban100/image_SRF_4/img_063_SRF_4_HR.png,/home/ubuntu/scratch/sr-diffusion/benchmarks/selfexsr/SelfExSR-master/data/Urban100/image_SRF_4/img_063_SRF_4_LR.png,17.954628605229544,0.43123074051208443,16.747532272380383
Urban100,img_063,dual_context_base,/home/ubuntu/scratch/sr-diffusion/benchmark_outputs/detail_v2_masked/Urban100/img_063/base.png,/home/ubuntu/scratch/sr-diffusion/benchmarks/selfexsr/SelfExSR-master/data/Urban100/image_SRF_4/img_063_SRF_4_HR.png,/home/ubuntu/scratch/sr-diffusion/benchmarks/selfexsr/SelfExSR-master/data/Urban100/image_SRF_4/img_063_SRF_4_LR.png,21.857004697355592,0.6006739333235227,20.512804424329566
Urban100,img_063,detail_v1d,/home/ubuntu/scratch/sr-diffusion/benchmark_outputs/detail_v1d/Urban100/img_063/detail.png,/home/ubuntu/scratch/sr-diffusion/benchmarks/selfexsr/SelfExSR-master/data/Urban100/image_SRF_4/img_063_SRF_4_HR.png,/home/ubuntu/scratch/sr-diffusion/benchmarks/selfexsr/SelfExSR-master/data/Urban100/image_SRF_4/img_063_SRF_4_LR.png,22.171705772897482,0.609311154913893,20.81501816197806
Urban100,img_063,detail_v2_masked,/home/ubuntu/scratch/sr-diffusion/benchmark_outputs/detail_v2_masked/Urban100/img_063/detail.png,/home/ubuntu/scratch/sr-diffusion/benchmarks/selfexsr/SelfExSR-master/data/Urban100/image_SRF_4/img_063_SRF_4_HR.png,/home/ubuntu/scratch/sr-diffusion/benchmarks/selfexsr/SelfExSR-master/data/Urban100/image_SRF_4/img_063_SRF_4_LR.png,22.187965974098542,0.6106263552657988,20.835410227272035
Urban100,img_064,bicubic,generated:matlab_bicubic_resize,/home/ubuntu/scratch/sr-diffusion/benchmarks/selfexsr/SelfExSR-master/data/Urban100/image_SRF_4/img_064_SRF_4_HR.png,/home/ubuntu/scratch/sr-diffusion/benchmarks/selfexsr/SelfExSR-master/data/Urban100/image_SRF_4/img_064_SRF_4_LR.png,24.911751884280868,0.7029744157187847,23.597111586733543
Urban100,img_064,dual_context_base,/home/ubuntu/scratch/sr-diffusion/benchmark_outputs/detail_v2_masked/Urban100/img_064/base.png,/home/ubuntu/scratch/sr-diffusion/benchmarks/selfexsr/SelfExSR-master/data/Urban100/image_SRF_4/img_064_SRF_4_HR.png,/home/ubuntu/scratch/sr-diffusion/benchmarks/selfexsr/SelfExSR-master/data/Urban100/image_SRF_4/img_064_SRF_4_LR.png,26.227468924094104,0.7681094075904082,24.869122791448696
Urban100,img_064,detail_v1d,/home/ubuntu/scratch/sr-diffusion/benchmark_outputs/detail_v1d/Urban100/img_064/detail.png,/home/ubuntu/scratch/sr-diffusion/benchmarks/selfexsr/SelfExSR-master/data/Urban100/image_SRF_4/img_064_SRF_4_HR.png,/home/ubuntu/scratch/sr-diffusion/benchmarks/selfexsr/SelfExSR-master/data/Urban100/image_SRF_4/img_064_SRF_4_LR.png,26.52950650342845,0.7800373836492501,25.166851639956484
Urban100,img_064,detail_v2_masked,/home/ubuntu/scratch/sr-diffusion/benchmark_outputs/detail_v2_masked/Urban100/img_064/detail.png,/home/ubuntu/scratch/sr-diffusion/benchmarks/selfexsr/SelfExSR-master/data/Urban100/image_SRF_4/img_064_SRF_4_HR.png,/home/ubuntu/scratch/sr-diffusion/benchmarks/selfexsr/SelfExSR-master/data/Urban100/image_SRF_4/img_064_SRF_4_LR.png,26.542931911024258,0.7811876194453735,25.180410274156884
Urban100,img_065,bicubic,generated:matlab_bicubic_resize,/home/ubuntu/scratch/sr-diffusion/benchmarks/selfexsr/SelfExSR-master/data/Urban100/image_SRF_4/img_065_SRF_4_HR.png,/home/ubuntu/scratch/sr-diffusion/benchmarks/selfexsr/SelfExSR-master/data/Urban100/image_SRF_4/img_065_SRF_4_LR.png,23.92499605826941,0.6100779728996248,22.26002238285279
Urban100,img_065,dual_context_base,/home/ubuntu/scratch/sr-diffusion/benchmark_outputs/detail_v2_masked/Urban100/img_065/base.png,/home/ubuntu/scratch/sr-diffusion/benchmarks/selfexsr/SelfExSR-master/data/Urban100/image_SRF_4/img_065_SRF_4_HR.png,/home/ubuntu/scratch/sr-diffusion/benchmarks/selfexsr/SelfExSR-master/data/Urban100/image_SRF_4/img_065_SRF_4_LR.png,25.207825833227638,0.7052012534878608,23.535196279055597
Urban100,img_065,detail_v1d,/home/ubuntu/scratch/sr-diffusion/benchmark_outputs/detail_v1d/Urban100/img_065/detail.png,/home/ubuntu/scratch/sr-diffusion/benchmarks/selfexsr/SelfExSR-master/data/Urban100/image_SRF_4/img_065_SRF_4_HR.png,/home/ubuntu/scratch/sr-diffusion/benchmarks/selfexsr/SelfExSR-master/data/Urban100/image_SRF_4/img_065_SRF_4_LR.png,25.412533531163053,0.721849581622024,23.728917986476215
Urban100,img_065,detail_v2_masked,/home/ubuntu/scratch/sr-diffusion/benchmark_outputs/detail_v2_masked/Urban100/img_065/detail.png,/home/ubuntu/scratch/sr-diffusion/benchmarks/selfexsr/SelfExSR-master/data/Urban100/image_SRF_4/img_065_SRF_4_HR.png,/home/ubuntu/scratch/sr-diffusion/benchmarks/selfexsr/SelfExSR-master/data/Urban100/image_SRF_4/img_065_SRF_4_LR.png,25.43084727308326,0.7239142843067925,23.750404036002486
Urban100,img_066,bicubic,generated:matlab_bicubic_resize,/home/ubuntu/scratch/sr-diffusion/benchmarks/selfexsr/SelfExSR-master/data/Urban100/image_SRF_4/img_066_SRF_4_HR.png,/home/ubuntu/scratch/sr-diffusion/benchmarks/selfexsr/SelfExSR-master/data/Urban100/image_SRF_4/img_066_SRF_4_LR.png,21.337516884349167,0.5568841163810392,20.014394519723876
Urban100,img_066,dual_context_base,/home/ubuntu/scratch/sr-diffusion/benchmark_outputs/detail_v2_masked/Urban100/img_066/base.png,/home/ubuntu/scratch/sr-diffusion/benchmarks/selfexsr/SelfExSR-master/data/Urban100/image_SRF_4/img_066_SRF_4_HR.png,/home/ubuntu/scratch/sr-diffusion/benchmarks/selfexsr/SelfExSR-master/data/Urban100/image_SRF_4/img_066_SRF_4_LR.png,22.200951358170755,0.6350661260081256,20.874908905911216
Urban100,img_066,detail_v1d,/home/ubuntu/scratch/sr-diffusion/benchmark_outputs/detail_v1d/Urban100/img_066/detail.png,/home/ubuntu/scratch/sr-diffusion/benchmarks/selfexsr/SelfExSR-master/data/Urban100/image_SRF_4/img_066_SRF_4_HR.png,/home/ubuntu/scratch/sr-diffusion/benchmarks/selfexsr/SelfExSR-master/data/Urban100/image_SRF_4/img_066_SRF_4_LR.png,22.301306220120875,0.6435699360777896,20.974821454791474
Urban100,img_066,detail_v2_masked,/home/ubuntu/scratch/sr-diffusion/benchmark_outputs/detail_v2_masked/Urban100/img_066/detail.png,/home/ubuntu/scratch/sr-diffusion/benchmarks/selfexsr/SelfExSR-master/data/Urban100/image_SRF_4/img_066_SRF_4_HR.png,/home/ubuntu/scratch/sr-diffusion/benchmarks/selfexsr/SelfExSR-master/data/Urban100/image_SRF_4/img_066_SRF_4_LR.png,22.34216859505888,0.6461990710409499,21.014882876595816
Urban100,img_067,bicubic,generated:matlab_bicubic_resize,/home/ubuntu/scratch/sr-diffusion/benchmarks/selfexsr/SelfExSR-master/data/Urban100/image_SRF_4/img_067_SRF_4_HR.png,/home/ubuntu/scratch/sr-diffusion/benchmarks/selfexsr/SelfExSR-master/data/Urban100/image_SRF_4/img_067_SRF_4_LR.png,16.962489608668506,0.7029382744368726,15.483680219744985
Urban100,img_067,dual_context_base,/home/ubuntu/scratch/sr-diffusion/benchmark_outputs/detail_v2_masked/Urban100/img_067/base.png,/home/ubuntu/scratch/sr-diffusion/benchmarks/selfexsr/SelfExSR-master/data/Urban100/image_SRF_4/img_067_SRF_4_HR.png,/home/ubuntu/scratch/sr-diffusion/benchmarks/selfexsr/SelfExSR-master/data/Urban100/image_SRF_4/img_067_SRF_4_LR.png,18.671105811251163,0.8467793615053406,17.240687462874014
Urban100,img_067,detail_v1d,/home/ubuntu/scratch/sr-diffusion/benchmark_outputs/detail_v1d/Urban100/img_067/detail.png,/home/ubuntu/scratch/sr-diffusion/benchmarks/selfexsr/SelfExSR-master/data/Urban100/image_SRF_4/img_067_SRF_4_HR.png,/home/ubuntu/scratch/sr-diffusion/benchmarks/selfexsr/SelfExSR-master/data/Urban100/image_SRF_4/img_067_SRF_4_LR.png,18.930493706882835,0.8591506068452901,17.506762870000085
Urban100,img_067,detail_v2_masked,/home/ubuntu/scratch/sr-diffusion/benchmark_outputs/detail_v2_masked/Urban100/img_067/detail.png,/home/ubuntu/scratch/sr-diffusion/benchmarks/selfexsr/SelfExSR-master/data/Urban100/image_SRF_4/img_067_SRF_4_HR.png,/home/ubuntu/scratch/sr-diffusion/benchmarks/selfexsr/SelfExSR-master/data/Urban100/image_SRF_4/img_067_SRF_4_LR.png,19.005334182936025,0.8607418503552041,17.57909841555742
Urban100,img_068,bicubic,generated:matlab_bicubic_resize,/home/ubuntu/scratch/sr-diffusion/benchmarks/selfexsr/SelfExSR-master/data/Urban100/image_SRF_4/img_068_SRF_4_HR.png,/home/ubuntu/scratch/sr-diffusion/benchmarks/selfexsr/SelfExSR-master/data/Urban100/image_SRF_4/img_068_SRF_4_LR.png,26.92462701535408,0.7504753116811578,25.571603386377486
Urban100,img_068,dual_context_base,/home/ubuntu/scratch/sr-diffusion/benchmark_outputs/detail_v2_masked/Urban100/img_068/base.png,/home/ubuntu/scratch/sr-diffusion/benchmarks/selfexsr/SelfExSR-master/data/Urban100/image_SRF_4/img_068_SRF_4_HR.png,/home/ubuntu/scratch/sr-diffusion/benchmarks/selfexsr/SelfExSR-master/data/Urban100/image_SRF_4/img_068_SRF_4_LR.png,29.665742776927566,0.863128749349698,28.247473305670965
Urban100,img_068,detail_v1d,/home/ubuntu/scratch/sr-diffusion/benchmark_outputs/detail_v1d/Urban100/img_068/detail.png,/home/ubuntu/scratch/sr-diffusion/benchmarks/selfexsr/SelfExSR-master/data/Urban100/image_SRF_4/img_068_SRF_4_HR.png,/home/ubuntu/scratch/sr-diffusion/benchmarks/selfexsr/SelfExSR-master/data/Urban100/image_SRF_4/img_068_SRF_4_LR.png,30.519526071214248,0.8864136584643817,29.074835275085235
Urban100,img_068,detail_v2_masked,/home/ubuntu/scratch/sr-diffusion/benchmark_outputs/detail_v2_masked/Urban100/img_068/detail.png,/home/ubuntu/scratch/sr-diffusion/benchmarks/selfexsr/SelfExSR-master/data/Urban100/image_SRF_4/img_068_SRF_4_HR.png,/home/ubuntu/scratch/sr-diffusion/benchmarks/selfexsr/SelfExSR-master/data/Urban100/image_SRF_4/img_068_SRF_4_LR.png,30.6394226517423,0.8902313636464221,29.18884536243275
Urban100,img_069,bicubic,generated:matlab_bicubic_resize,/home/ubuntu/scratch/sr-diffusion/benchmarks/selfexsr/SelfExSR-master/data/Urban100/image_SRF_4/img_069_SRF_4_HR.png,/home/ubuntu/scratch/sr-diffusion/benchmarks/selfexsr/SelfExSR-master/data/Urban100/image_SRF_4/img_069_SRF_4_LR.png,22.899728023100604,0.6307582042739128,21.61501155011212
Urban100,img_069,dual_context_base,/home/ubuntu/scratch/sr-diffusion/benchmark_outputs/detail_v2_masked/Urban100/img_069/base.png,/home/ubuntu/scratch/sr-diffusion/benchmarks/selfexsr/SelfExSR-master/data/Urban100/image_SRF_4/img_069_SRF_4_HR.png,/home/ubuntu/scratch/sr-diffusion/benchmarks/selfexsr/SelfExSR-master/data/Urban100/image_SRF_4/img_069_SRF_4_LR.png,24.5422846707325,0.7435485129058155,23.21900609186157
Urban100,img_069,detail_v1d,/home/ubuntu/scratch/sr-diffusion/benchmark_outputs/detail_v1d/Urban100/img_069/detail.png,/home/ubuntu/scratch/sr-diffusion/benchmarks/selfexsr/SelfExSR-master/data/Urban100/image_SRF_4/img_069_SRF_4_HR.png,/home/ubuntu/scratch/sr-diffusion/benchmarks/selfexsr/SelfExSR-master/data/Urban100/image_SRF_4/img_069_SRF_4_LR.png,24.773137105198092,0.755618760377737,23.444288760591988
Urban100,img_069,detail_v2_masked,/home/ubuntu/scratch/sr-diffusion/benchmark_outputs/detail_v2_masked/Urban100/img_069/detail.png,/home/ubuntu/scratch/sr-diffusion/benchmarks/selfexsr/SelfExSR-master/data/Urban100/image_SRF_4/img_069_SRF_4_HR.png,/home/ubuntu/scratch/sr-diffusion/benchmarks/selfexsr/SelfExSR-master/data/Urban100/image_SRF_4/img_069_SRF_4_LR.png,24.793709626708186,0.7572877511125338,23.466599063627683
Urban100,img_070,bicubic,generated:matlab_bicubic_resize,/home/ubuntu/scratch/sr-diffusion/benchmarks/selfexsr/SelfExSR-master/data/Urban100/image_SRF_4/img_070_SRF_4_HR.png,/home/ubuntu/scratch/sr-diffusion/benchmarks/selfexsr/SelfExSR-master/data/Urban100/image_SRF_4/img_070_SRF_4_LR.png,21.5011553622232,0.5264459858423846,20.184022242586362
Urban100,img_070,dual_context_base,/home/ubuntu/scratch/sr-diffusion/benchmark_outputs/detail_v2_masked/Urban100/img_070/base.png,/home/ubuntu/scratch/sr-diffusion/benchmarks/selfexsr/SelfExSR-master/data/Urban100/image_SRF_4/img_070_SRF_4_HR.png,/home/ubuntu/scratch/sr-diffusion/benchmarks/selfexsr/SelfExSR-master/data/Urban100/image_SRF_4/img_070_SRF_4_LR.png,22.075498705702717,0.5880052254112893,20.7530956250111
Urban100,img_070,detail_v1d,/home/ubuntu/scratch/sr-diffusion/benchmark_outputs/detail_v1d/Urban100/img_070/detail.png,/home/ubuntu/scratch/sr-diffusion/benchmarks/selfexsr/SelfExSR-master/data/Urban100/image_SRF_4/img_070_SRF_4_HR.png,/home/ubuntu/scratch/sr-diffusion/benchmarks/selfexsr/SelfExSR-master/data/Urban100/image_SRF_4/img_070_SRF_4_LR.png,22.147994793363996,0.5945881153246539,20.826158087890644
Urban100,img_070,detail_v2_masked,/home/ubuntu/scratch/sr-diffusion/benchmark_outputs/detail_v2_masked/Urban100/img_070/detail.png,/home/ubuntu/scratch/sr-diffusion/benchmarks/selfexsr/SelfExSR-master/data/Urban100/image_SRF_4/img_070_SRF_4_HR.png,/home/ubuntu/scratch/sr-diffusion/benchmarks/selfexsr/SelfExSR-master/data/Urban100/image_SRF_4/img_070_SRF_4_LR.png,22.15633062244922,0.597020798658114,20.834576519720255
Urban100,img_071,bicubic,generated:matlab_bicubic_resize,/home/ubuntu/scratch/sr-diffusion/benchmarks/selfexsr/SelfExSR-master/data/Urban100/image_SRF_4/img_071_SRF_4_HR.png,/home/ubuntu/scratch/sr-diffusion/benchmarks/selfexsr/SelfExSR-master/data/Urban100/image_SRF_4/img_071_SRF_4_LR.png,25.7148361950504,0.5557747978767604,24.323834417593467
Urban100,img_071,dual_context_base,/home/ubuntu/scratch/sr-diffusion/benchmark_outputs/detail_v2_masked/Urban100/img_071/base.png,/home/ubuntu/scratch/sr-diffusion/benchmarks/selfexsr/SelfExSR-master/data/Urban100/image_SRF_4/img_071_SRF_4_HR.png,/home/ubuntu/scratch/sr-diffusion/benchmarks/selfexsr/SelfExSR-master/data/Urban100/image_SRF_4/img_071_SRF_4_LR.png,27.624619047691414,0.6452800181720699,26.2675457659347
Urban100,img_071,detail_v1d,/home/ubuntu/scratch/sr-diffusion/benchmark_outputs/detail_v1d/Urban100/img_071/detail.png,/home/ubuntu/scratch/sr-diffusion/benchmarks/selfexsr/SelfExSR-master/data/Urban100/image_SRF_4/img_071_SRF_4_HR.png,/home/ubuntu/scratch/sr-diffusion/benchmarks/selfexsr/SelfExSR-master/data/Urban100/image_SRF_4/img_071_SRF_4_LR.png,27.860665537688746,0.656521562390408,26.50282662002921
Urban100,img_071,detail_v2_masked,/home/ubuntu/scratch/sr-diffusion/benchmark_outputs/detail_v2_masked/Urban100/img_071/detail.png,/home/ubuntu/scratch/sr-diffusion/benchmarks/selfexsr/SelfExSR-master/data/Urban100/image_SRF_4/img_071_SRF_4_HR.png,/home/ubuntu/scratch/sr-diffusion/benchmarks/selfexsr/SelfExSR-master/data/Urban100/image_SRF_4/img_071_SRF_4_LR.png,27.9024031969604,0.6585369570458398,26.546601039295492
Urban100,img_072,bicubic,generated:matlab_bicubic_resize,/home/ubuntu/scratch/sr-diffusion/benchmarks/selfexsr/SelfExSR-master/data/Urban100/image_SRF_4/img_072_SRF_4_HR.png,/home/ubuntu/scratch/sr-diffusion/benchmarks/selfexsr/SelfExSR-master/data/Urban100/image_SRF_4/img_072_SRF_4_LR.png,16.684619670248853,0.5620626042916426,15.362698358372116
Urban100,img_072,dual_context_base,/home/ubuntu/scratch/sr-diffusion/benchmark_outputs/detail_v2_masked/Urban100/img_072/base.png,/home/ubuntu/scratch/sr-diffusion/benchmarks/selfexsr/SelfExSR-master/data/Urban100/image_SRF_4/img_072_SRF_4_HR.png,/home/ubuntu/scratch/sr-diffusion/benchmarks/selfexsr/SelfExSR-master/data/Urban100/image_SRF_4/img_072_SRF_4_LR.png,19.600573629755683,0.7932765336473546,18.272446988248415
Urban100,img_072,detail_v1d,/home/ubuntu/scratch/sr-diffusion/benchmark_outputs/detail_v1d/Urban100/img_072/detail.png,/home/ubuntu/scratch/sr-diffusion/benchmarks/selfexsr/SelfExSR-master/data/Urban100/image_SRF_4/img_072_SRF_4_HR.png,/home/ubuntu/scratch/sr-diffusion/benchmarks/selfexsr/SelfExSR-master/data/Urban100/image_SRF_4/img_072_SRF_4_LR.png,20.35333213109563,0.8238280206908273,19.022369088692823
Urban100,img_072,detail_v2_masked,/home/ubuntu/scratch/sr-diffusion/benchmark_outputs/detail_v2_masked/Urban100/img_072/detail.png,/home/ubuntu/scratch/sr-diffusion/benchmarks/selfexsr/SelfExSR-master/data/Urban100/image_SRF_4/img_072_SRF_4_HR.png,/home/ubuntu/scratch/sr-diffusion/benchmarks/selfexsr/SelfExSR-master/data/Urban100/image_SRF_4/img_072_SRF_4_LR.png,20.26827306605195,0.8239048010528631,18.93599453760251
Urban100,img_073,bicubic,generated:matlab_bicubic_resize,/home/ubuntu/scratch/sr-diffusion/benchmarks/selfexsr/SelfExSR-master/data/Urban100/image_SRF_4/img_073_SRF_4_HR.png,/home/ubuntu/scratch/sr-diffusion/benchmarks/selfexsr/SelfExSR-master/data/Urban100/image_SRF_4/img_073_SRF_4_LR.png,19.47599854140567,0.43737217106819615,18.20376431177828
Urban100,img_073,dual_context_base,/home/ubuntu/scratch/sr-diffusion/benchmark_outputs/detail_v2_masked/Urban100/img_073/base.png,/home/ubuntu/scratch/sr-diffusion/benchmarks/selfexsr/SelfExSR-master/data/Urban100/image_SRF_4/img_073_SRF_4_HR.png,/home/ubuntu/scratch/sr-diffusion/benchmarks/selfexsr/SelfExSR-master/data/Urban100/image_SRF_4/img_073_SRF_4_LR.png,19.97069162171477,0.5338392341655452,18.657904637622178
Urban100,img_073,detail_v1d,/home/ubuntu/scratch/sr-diffusion/benchmark_outputs/detail_v1d/Urban100/img_073/detail.png,/home/ubuntu/scratch/sr-diffusion/benchmarks/selfexsr/SelfExSR-master/data/Urban100/image_SRF_4/img_073_SRF_4_HR.png,/home/ubuntu/scratch/sr-diffusion/benchmarks/selfexsr/SelfExSR-master/data/Urban100/image_SRF_4/img_073_SRF_4_LR.png,20.076193471387285,0.5496588583182115,18.774680895244515
Urban100,img_073,detail_v2_masked,/home/ubuntu/scratch/sr-diffusion/benchmark_outputs/detail_v2_masked/Urban100/img_073/detail.png,/home/ubuntu/scratch/sr-diffusion/benchmarks/selfexsr/SelfExSR-master/data/Urban100/image_SRF_4/img_073_SRF_4_HR.png,/home/ubuntu/scratch/sr-diffusion/benchmarks/selfexsr/SelfExSR-master/data/Urban100/image_SRF_4/img_073_SRF_4_LR.png,20.045372815488726,0.5522627813736554,18.744401083075598
Urban100,img_074,bicubic,generated:matlab_bicubic_resize,/home/ubuntu/scratch/sr-diffusion/benchmarks/selfexsr/SelfExSR-master/data/Urban100/image_SRF_4/img_074_SRF_4_HR.png,/home/ubuntu/scratch/sr-diffusion/benchmarks/selfexsr/SelfExSR-master/data/Urban100/image_SRF_4/img_074_SRF_4_LR.png,22.16004435238125,0.5552510470857125,20.638845555173738
Urban100,img_074,dual_context_base,/home/ubuntu/scratch/sr-diffusion/benchmark_outputs/detail_v2_masked/Urban100/img_074/base.png,/home/ubuntu/scratch/sr-diffusion/benchmarks/selfexsr/SelfExSR-master/data/Urban100/image_SRF_4/img_074_SRF_4_HR.png,/home/ubuntu/scratch/sr-diffusion/benchmarks/selfexsr/SelfExSR-master/data/Urban100/image_SRF_4/img_074_SRF_4_LR.png,23.323015620956667,0.6729838605817379,21.83952578139462
Urban100,img_074,detail_v1d,/home/ubuntu/scratch/sr-diffusion/benchmark_outputs/detail_v1d/Urban100/img_074/detail.png,/home/ubuntu/scratch/sr-diffusion/benchmarks/selfexsr/SelfExSR-master/data/Urban100/image_SRF_4/img_074_SRF_4_HR.png,/home/ubuntu/scratch/sr-diffusion/benchmarks/selfexsr/SelfExSR-master/data/Urban100/image_SRF_4/img_074_SRF_4_LR.png,23.666330528329507,0.6981626239454884,22.171806683398735
Urban100,img_074,detail_v2_masked,/home/ubuntu/scratch/sr-diffusion/benchmark_outputs/detail_v2_masked/Urban100/img_074/detail.png,/home/ubuntu/scratch/sr-diffusion/benchmarks/selfexsr/SelfExSR-master/data/Urban100/image_SRF_4/img_074_SRF_4_HR.png,/home/ubuntu/scratch/sr-diffusion/benchmarks/selfexsr/SelfExSR-master/data/Urban100/image_SRF_4/img_074_SRF_4_LR.png,23.640937457632884,0.7007855042495738,22.147026562906305
Urban100,img_075,bicubic,generated:matlab_bicubic_resize,/home/ubuntu/scratch/sr-diffusion/benchmarks/selfexsr/SelfExSR-master/data/Urban100/image_SRF_4/img_075_SRF_4_HR.png,/home/ubuntu/scratch/sr-diffusion/benchmarks/selfexsr/SelfExSR-master/data/Urban100/image_SRF_4/img_075_SRF_4_LR.png,27.090153565785986,0.8028352842743274,25.376615933932243
Urban100,img_075,dual_context_base,/home/ubuntu/scratch/sr-diffusion/benchmark_outputs/detail_v2_masked/Urban100/img_075/base.png,/home/ubuntu/scratch/sr-diffusion/benchmarks/selfexsr/SelfExSR-master/data/Urban100/image_SRF_4/img_075_SRF_4_HR.png,/home/ubuntu/scratch/sr-diffusion/benchmarks/selfexsr/SelfExSR-master/data/Urban100/image_SRF_4/img_075_SRF_4_LR.png,31.097064664528208,0.8802943498633405,29.29223310572962
Urban100,img_075,detail_v1d,/home/ubuntu/scratch/sr-diffusion/benchmark_outputs/detail_v1d/Urban100/img_075/detail.png,/home/ubuntu/scratch/sr-diffusion/benchmarks/selfexsr/SelfExSR-master/data/Urban100/image_SRF_4/img_075_SRF_4_HR.png,/home/ubuntu/scratch/sr-diffusion/benchmarks/selfexsr/SelfExSR-master/data/Urban100/image_SRF_4/img_075_SRF_4_LR.png,32.01172227113879,0.8932756063067583,30.177921002307272
Urban100,img_075,detail_v2_masked,/home/ubuntu/scratch/sr-diffusion/benchmark_outputs/detail_v2_masked/Urban100/img_075/detail.png,/home/ubuntu/scratch/sr-diffusion/benchmarks/selfexsr/SelfExSR-master/data/Urban100/image_SRF_4/img_075_SRF_4_HR.png,/home/ubuntu/scratch/sr-diffusion/benchmarks/selfexsr/SelfExSR-master/data/Urban100/image_SRF_4/img_075_SRF_4_LR.png,31.961084338848032,0.8928915335753775,30.14028936651735
Urban100,img_076,bicubic,generated:matlab_bicubic_resize,/home/ubuntu/scratch/sr-diffusion/benchmarks/selfexsr/SelfExSR-master/data/Urban100/image_SRF_4/img_076_SRF_4_HR.png,/home/ubuntu/scratch/sr-diffusion/benchmarks/selfexsr/SelfExSR-master/data/Urban100/image_SRF_4/img_076_SRF_4_LR.png,21.574132843644364,0.628848509706735,20.113184236409694
Urban100,img_076,dual_context_base,/home/ubuntu/scratch/sr-diffusion/benchmark_outputs/detail_v2_masked/Urban100/img_076/base.png,/home/ubuntu/scratch/sr-diffusion/benchmarks/selfexsr/SelfExSR-master/data/Urban100/image_SRF_4/img_076_SRF_4_HR.png,/home/ubuntu/scratch/sr-diffusion/benchmarks/selfexsr/SelfExSR-master/data/Urban100/image_SRF_4/img_076_SRF_4_LR.png,22.324489986671658,0.7001537287326121,20.845395182809966
Urban100,img_076,detail_v1d,/home/ubuntu/scratch/sr-diffusion/benchmark_outputs/detail_v1d/Urban100/img_076/detail.png,/home/ubuntu/scratch/sr-diffusion/benchmarks/selfexsr/SelfExSR-master/data/Urban100/image_SRF_4/img_076_SRF_4_HR.png,/home/ubuntu/scratch/sr-diffusion/benchmarks/selfexsr/SelfExSR-master/data/Urban100/image_SRF_4/img_076_SRF_4_LR.png,22.3948624477187,0.7073873463064866,20.924185551743257
Urban100,img_076,detail_v2_masked,/home/ubuntu/scratch/sr-diffusion/benchmark_outputs/detail_v2_masked/Urban100/img_076/detail.png,/home/ubuntu/scratch/sr-diffusion/benchmarks/selfexsr/SelfExSR-master/data/Urban100/image_SRF_4/img_076_SRF_4_HR.png,/home/ubuntu/scratch/sr-diffusion/benchmarks/selfexsr/SelfExSR-master/data/Urban100/image_SRF_4/img_076_SRF_4_LR.png,22.389974252845487,0.7087628035063996,20.919012821240006
Urban100,img_077,bicubic,generated:matlab_bicubic_resize,/home/ubuntu/scratch/sr-diffusion/benchmarks/selfexsr/SelfExSR-master/data/Urban100/image_SRF_4/img_077_SRF_4_HR.png,/home/ubuntu/scratch/sr-diffusion/benchmarks/selfexsr/SelfExSR-master/data/Urban100/image_SRF_4/img_077_SRF_4_LR.png,22.01419953080282,0.6000805835814893,20.60811889634405
Urban100,img_077,dual_context_base,/home/ubuntu/scratch/sr-diffusion/benchmark_outputs/detail_v2_masked/Urban100/img_077/base.png,/home/ubuntu/scratch/sr-diffusion/benchmarks/selfexsr/SelfExSR-master/data/Urban100/image_SRF_4/img_077_SRF_4_HR.png,/home/ubuntu/scratch/sr-diffusion/benchmarks/selfexsr/SelfExSR-master/data/Urban100/image_SRF_4/img_077_SRF_4_LR.png,22.55678867557045,0.6659741716428492,21.152703503109947
Urban100,img_077,detail_v1d,/home/ubuntu/scratch/sr-diffusion/benchmark_outputs/detail_v1d/Urban100/img_077/detail.png,/home/ubuntu/scratch/sr-diffusion/benchmarks/selfexsr/SelfExSR-master/data/Urban100/image_SRF_4/img_077_SRF_4_HR.png,/home/ubuntu/scratch/sr-diffusion/benchmarks/selfexsr/SelfExSR-master/data/Urban100/image_SRF_4/img_077_SRF_4_LR.png,22.664468386340477,0.6743967047880747,21.26305611406171
Urban100,img_077,detail_v2_masked,/home/ubuntu/scratch/sr-diffusion/benchmark_outputs/detail_v2_masked/Urban100/img_077/detail.png,/home/ubuntu/scratch/sr-diffusion/benchmarks/selfexsr/SelfExSR-master/data/Urban100/image_SRF_4/img_077_SRF_4_HR.png,/home/ubuntu/scratch/sr-diffusion/benchmarks/selfexsr/SelfExSR-master/data/Urban100/image_SRF_4/img_077_SRF_4_LR.png,22.667657141445318,0.6767540119409261,21.268240656965727
Urban100,img_078,bicubic,generated:matlab_bicubic_resize,/home/ubuntu/scratch/sr-diffusion/benchmarks/selfexsr/SelfExSR-master/data/Urban100/image_SRF_4/img_078_SRF_4_HR.png,/home/ubuntu/scratch/sr-diffusion/benchmarks/selfexsr/SelfExSR-master/data/Urban100/image_SRF_4/img_078_SRF_4_LR.png,25.704446418878426,0.679749846331392,24.545880840535965
Urban100,img_078,dual_context_base,/home/ubuntu/scratch/sr-diffusion/benchmark_outputs/detail_v2_masked/Urban100/img_078/base.png,/home/ubuntu/scratch/sr-diffusion/benchmarks/selfexsr/SelfExSR-master/data/Urban100/image_SRF_4/img_078_SRF_4_HR.png,/home/ubuntu/scratch/sr-diffusion/benchmarks/selfexsr/SelfExSR-master/data/Urban100/image_SRF_4/img_078_SRF_4_LR.png,26.946991197906442,0.7620137967664515,25.73766249403933
Urban100,img_078,detail_v1d,/home/ubuntu/scratch/sr-diffusion/benchmark_outputs/detail_v1d/Urban100/img_078/detail.png,/home/ubuntu/scratch/sr-diffusion/benchmarks/selfexsr/SelfExSR-master/data/Urban100/image_SRF_4/img_078_SRF_4_HR.png,/home/ubuntu/scratch/sr-diffusion/benchmarks/selfexsr/SelfExSR-master/data/Urban100/image_SRF_4/img_078_SRF_4_LR.png,27.133508389818637,0.77103408003012,25.922933878694142
Urban100,img_078,detail_v2_masked,/home/ubuntu/scratch/sr-diffusion/benchmark_outputs/detail_v2_masked/Urban100/img_078/detail.png,/home/ubuntu/scratch/sr-diffusion/benchmarks/selfexsr/SelfExSR-master/data/Urban100/image_SRF_4/img_078_SRF_4_HR.png,/home/ubuntu/scratch/sr-diffusion/benchmarks/selfexsr/SelfExSR-master/data/Urban100/image_SRF_4/img_078_SRF_4_LR.png,27.10134362007505,0.772228563946971,25.89183470808317
Urban100,img_079,bicubic,generated:matlab_bicubic_resize,/home/ubuntu/scratch/sr-diffusion/benchmarks/selfexsr/SelfExSR-master/data/Urban100/image_SRF_4/img_079_SRF_4_HR.png,/home/ubuntu/scratch/sr-diffusion/benchmarks/selfexsr/SelfExSR-master/data/Urban100/image_SRF_4/img_079_SRF_4_LR.png,23.82218745021425,0.5927952265593148,22.398722205031262
Urban100,img_079,dual_context_base,/home/ubuntu/scratch/sr-diffusion/benchmark_outputs/detail_v2_masked/Urban100/img_079/base.png,/home/ubuntu/scratch/sr-diffusion/benchmarks/selfexsr/SelfExSR-master/data/Urban100/image_SRF_4/img_079_SRF_4_HR.png,/home/ubuntu/scratch/sr-diffusion/benchmarks/selfexsr/SelfExSR-master/data/Urban100/image_SRF_4/img_079_SRF_4_LR.png,25.03227236336256,0.6757416729716426,23.59741264469511
Urban100,img_079,detail_v1d,/home/ubuntu/scratch/sr-diffusion/benchmark_outputs/detail_v1d/Urban100/img_079/detail.png,/home/ubuntu/scratch/sr-diffusion/benchmarks/selfexsr/SelfExSR-master/data/Urban100/image_SRF_4/img_079_SRF_4_HR.png,/home/ubuntu/scratch/sr-diffusion/benchmarks/selfexsr/SelfExSR-master/data/Urban100/image_SRF_4/img_079_SRF_4_LR.png,25.28427430669946,0.6896510089408925,23.849717071436004
Urban100,img_079,detail_v2_masked,/home/ubuntu/scratch/sr-diffusion/benchmark_outputs/detail_v2_masked/Urban100/img_079/detail.png,/home/ubuntu/scratch/sr-diffusion/benchmarks/selfexsr/SelfExSR-master/data/Urban100/image_SRF_4/img_079_SRF_4_HR.png,/home/ubuntu/scratch/sr-diffusion/benchmarks/selfexsr/SelfExSR-master/data/Urban100/image_SRF_4/img_079_SRF_4_LR.png,25.295200916884383,0.6907650660606885,23.859702874019476
Urban100,img_080,bicubic,generated:matlab_bicubic_resize,/home/ubuntu/scratch/sr-diffusion/benchmarks/selfexsr/SelfExSR-master/data/Urban100/image_SRF_4/img_080_SRF_4_HR.png,/home/ubuntu/scratch/sr-diffusion/benchmarks/selfexsr/SelfExSR-master/data/Urban100/image_SRF_4/img_080_SRF_4_LR.png,32.706356430289325,0.9169993844651327,31.217245633222475
Urban100,img_080,dual_context_base,/home/ubuntu/scratch/sr-diffusion/benchmark_outputs/detail_v2_masked/Urban100/img_080/base.png,/home/ubuntu/scratch/sr-diffusion/benchmarks/selfexsr/SelfExSR-master/data/Urban100/image_SRF_4/img_080_SRF_4_HR.png,/home/ubuntu/scratch/sr-diffusion/benchmarks/selfexsr/SelfExSR-master/data/Urban100/image_SRF_4/img_080_SRF_4_LR.png,35.22961835873047,0.9474953518709592,33.655293994070654
Urban100,img_080,detail_v1d,/home/ubuntu/scratch/sr-diffusion/benchmark_outputs/detail_v1d/Urban100/img_080/detail.png,/home/ubuntu/scratch/sr-diffusion/benchmarks/selfexsr/SelfExSR-master/data/Urban100/image_SRF_4/img_080_SRF_4_HR.png,/home/ubuntu/scratch/sr-diffusion/benchmarks/selfexsr/SelfExSR-master/data/Urban100/image_SRF_4/img_080_SRF_4_LR.png,35.65802455087751,0.9531689934168436,34.059340286210016
Urban100,img_080,detail_v2_masked,/home/ubuntu/scratch/sr-diffusion/benchmark_outputs/detail_v2_masked/Urban100/img_080/detail.png,/home/ubuntu/scratch/sr-diffusion/benchmarks/selfexsr/SelfExSR-master/data/Urban100/image_SRF_4/img_080_SRF_4_HR.png,/home/ubuntu/scratch/sr-diffusion/benchmarks/selfexsr/SelfExSR-master/data/Urban100/image_SRF_4/img_080_SRF_4_LR.png,35.65685087447846,0.9533669458982094,34.05964152397492
Urban100,img_081,bicubic,generated:matlab_bicubic_resize,/home/ubuntu/scratch/sr-diffusion/benchmarks/selfexsr/SelfExSR-master/data/Urban100/image_SRF_4/img_081_SRF_4_HR.png,/home/ubuntu/scratch/sr-diffusion/benchmarks/selfexsr/SelfExSR-master/data/Urban100/image_SRF_4/img_081_SRF_4_LR.png,28.579735396030856,0.8933234270449036,26.40244610994577
Urban100,img_081,dual_context_base,/home/ubuntu/scratch/sr-diffusion/benchmark_outputs/detail_v2_masked/Urban100/img_081/base.png,/home/ubuntu/scratch/sr-diffusion/benchmarks/selfexsr/SelfExSR-master/data/Urban100/image_SRF_4/img_081_SRF_4_HR.png,/home/ubuntu/scratch/sr-diffusion/benchmarks/selfexsr/SelfExSR-master/data/Urban100/image_SRF_4/img_081_SRF_4_LR.png,35.50141804822696,0.9644096711807267,32.67129227098658
Urban100,img_081,detail_v1d,/home/ubuntu/scratch/sr-diffusion/benchmark_outputs/detail_v1d/Urban100/img_081/detail.png,/home/ubuntu/scratch/sr-diffusion/benchmarks/selfexsr/SelfExSR-master/data/Urban100/image_SRF_4/img_081_SRF_4_HR.png,/home/ubuntu/scratch/sr-diffusion/benchmarks/selfexsr/SelfExSR-master/data/Urban100/image_SRF_4/img_081_SRF_4_LR.png,36.82462314520055,0.9717139378948879,33.630323492916226
Urban100,img_081,detail_v2_masked,/home/ubuntu/scratch/sr-diffusion/benchmark_outputs/detail_v2_masked/Urban100/img_081/detail.png,/home/ubuntu/scratch/sr-diffusion/benchmarks/selfexsr/SelfExSR-master/data/Urban100/image_SRF_4/img_081_SRF_4_HR.png,/home/ubuntu/scratch/sr-diffusion/benchmarks/selfexsr/SelfExSR-master/data/Urban100/image_SRF_4/img_081_SRF_4_LR.png,36.633813228404605,0.9718382295432988,33.46557422620811
Urban100,img_082,bicubic,generated:matlab_bicubic_resize,/home/ubuntu/scratch/sr-diffusion/benchmarks/selfexsr/SelfExSR-master/data/Urban100/image_SRF_4/img_082_SRF_4_HR.png,/home/ubuntu/scratch/sr-diffusion/benchmarks/selfexsr/SelfExSR-master/data/Urban100/image_SRF_4/img_082_SRF_4_LR.png,27.710101765329625,0.8738831917033252,26.25330802094092
Urban100,img_082,dual_context_base,/home/ubuntu/scratch/sr-diffusion/benchmark_outputs/detail_v2_masked/Urban100/img_082/base.png,/home/ubuntu/scratch/sr-diffusion/benchmarks/selfexsr/SelfExSR-master/data/Urban100/image_SRF_4/img_082_SRF_4_HR.png,/home/ubuntu/scratch/sr-diffusion/benchmarks/selfexsr/SelfExSR-master/data/Urban100/image_SRF_4/img_082_SRF_4_LR.png,30.807998298082346,0.9343680904824365,29.12907318246689
Urban100,img_082,detail_v1d,/home/ubuntu/scratch/sr-diffusion/benchmark_outputs/detail_v1d/Urban100/img_082/detail.png,/home/ubuntu/scratch/sr-diffusion/benchmarks/selfexsr/SelfExSR-master/data/Urban100/image_SRF_4/img_082_SRF_4_HR.png,/home/ubuntu/scratch/sr-diffusion/benchmarks/selfexsr/SelfExSR-master/data/Urban100/image_SRF_4/img_082_SRF_4_LR.png,31.491601793175278,0.9411824170474915,29.847484033937803
Urban100,img_082,detail_v2_masked,/home/ubuntu/scratch/sr-diffusion/benchmark_outputs/detail_v2_masked/Urban100/img_082/detail.png,/home/ubuntu/scratch/sr-diffusion/benchmarks/selfexsr/SelfExSR-master/data/Urban100/image_SRF_4/img_082_SRF_4_HR.png,/home/ubuntu/scratch/sr-diffusion/benchmarks/selfexsr/SelfExSR-master/data/Urban100/image_SRF_4/img_082_SRF_4_LR.png,31.146954951943528,0.9395707297529927,29.52978807298068
Urban100,img_083,bicubic,generated:matlab_bicubic_resize,/home/ubuntu/scratch/sr-diffusion/benchmarks/selfexsr/SelfExSR-master/data/Urban100/image_SRF_4/img_083_SRF_4_HR.png,/home/ubuntu/scratch/sr-diffusion/benchmarks/selfexsr/SelfExSR-master/data/Urban100/image_SRF_4/img_083_SRF_4_LR.png,20.492521283207495,0.5547641805052183,19.238530480652592
Urban100,img_083,dual_context_base,/home/ubuntu/scratch/sr-diffusion/benchmark_outputs/detail_v2_masked/Urban100/img_083/base.png,/home/ubuntu/scratch/sr-diffusion/benchmarks/selfexsr/SelfExSR-master/data/Urban100/image_SRF_4/img_083_SRF_4_HR.png,/home/ubuntu/scratch/sr-diffusion/benchmarks/selfexsr/SelfExSR-master/data/Urban100/image_SRF_4/img_083_SRF_4_LR.png,21.963129336914132,0.676175031450332,20.692413073110213
Urban100,img_083,detail_v1d,/home/ubuntu/scratch/sr-diffusion/benchmark_outputs/detail_v1d/Urban100/img_083/detail.png,/home/ubuntu/scratch/sr-diffusion/benchmarks/selfexsr/SelfExSR-master/data/Urban100/image_SRF_4/img_083_SRF_4_HR.png,/home/ubuntu/scratch/sr-diffusion/benchmarks/selfexsr/SelfExSR-master/data/Urban100/image_SRF_4/img_083_SRF_4_LR.png,22.15780951999198,0.6911503129844896,20.887481006627418
Urban100,img_083,detail_v2_masked,/home/ubuntu/scratch/sr-diffusion/benchmark_outputs/detail_v2_masked/Urban100/img_083/detail.png,/home/ubuntu/scratch/sr-diffusion/benchmarks/selfexsr/SelfExSR-master/data/Urban100/image_SRF_4/img_083_SRF_4_HR.png,/home/ubuntu/scratch/sr-diffusion/benchmarks/selfexsr/SelfExSR-master/data/Urban100/image_SRF_4/img_083_SRF_4_LR.png,22.17347382538965,0.6930061055470236,20.903157727148223
Urban100,img_084,bicubic,generated:matlab_bicubic_resize,/home/ubuntu/scratch/sr-diffusion/benchmarks/selfexsr/SelfExSR-master/data/Urban100/image_SRF_4/img_084_SRF_4_HR.png,/home/ubuntu/scratch/sr-diffusion/benchmarks/selfexsr/SelfExSR-master/data/Urban100/image_SRF_4/img_084_SRF_4_LR.png,26.475556054499076,0.7158806514340254,25.087999910013018
Urban100,img_084,dual_context_base,/home/ubuntu/scratch/sr-diffusion/benchmark_outputs/detail_v2_masked/Urban100/img_084/base.png,/home/ubuntu/scratch/sr-diffusion/benchmarks/selfexsr/SelfExSR-master/data/Urban100/image_SRF_4/img_084_SRF_4_HR.png,/home/ubuntu/scratch/sr-diffusion/benchmarks/selfexsr/SelfExSR-master/data/Urban100/image_SRF_4/img_084_SRF_4_LR.png,28.26211406689486,0.7991878822559336,26.715845097902747
Urban100,img_084,detail_v1d,/home/ubuntu/scratch/sr-diffusion/benchmark_outputs/detail_v1d/Urban100/img_084/detail.png,/home/ubuntu/scratch/sr-diffusion/benchmarks/selfexsr/SelfExSR-master/data/Urban100/image_SRF_4/img_084_SRF_4_HR.png,/home/ubuntu/scratch/sr-diffusion/benchmarks/selfexsr/SelfExSR-master/data/Urban100/image_SRF_4/img_084_SRF_4_LR.png,28.50329092535752,0.8087710636817017,26.95055792832564
Urban100,img_084,detail_v2_masked,/home/ubuntu/scratch/sr-diffusion/benchmark_outputs/detail_v2_masked/Urban100/img_084/detail.png,/home/ubuntu/scratch/sr-diffusion/benchmarks/selfexsr/SelfExSR-master/data/Urban100/image_SRF_4/img_084_SRF_4_HR.png,/home/ubuntu/scratch/sr-diffusion/benchmarks/selfexsr/SelfExSR-master/data/Urban100/image_SRF_4/img_084_SRF_4_LR.png,28.525670839053877,0.810362301526952,26.97286567361914
Urban100,img_085,bicubic,generated:matlab_bicubic_resize,/home/ubuntu/scratch/sr-diffusion/benchmarks/selfexsr/SelfExSR-master/data/Urban100/image_SRF_4/img_085_SRF_4_HR.png,/home/ubuntu/scratch/sr-diffusion/benchmarks/selfexsr/SelfExSR-master/data/Urban100/image_SRF_4/img_085_SRF_4_LR.png,25.903557171401093,0.837408964475899,24.36979725863731
Urban100,img_085,dual_context_base,/home/ubuntu/scratch/sr-diffusion/benchmark_outputs/detail_v2_masked/Urban100/img_085/base.png,/home/ubuntu/scratch/sr-diffusion/benchmarks/selfexsr/SelfExSR-master/data/Urban100/image_SRF_4/img_085_SRF_4_HR.png,/home/ubuntu/scratch/sr-diffusion/benchmarks/selfexsr/SelfExSR-master/data/Urban100/image_SRF_4/img_085_SRF_4_LR.png,27.780294765558637,0.8904150480266015,26.20160986044208
Urban100,img_085,detail_v1d,/home/ubuntu/scratch/sr-diffusion/benchmark_outputs/detail_v1d/Urban100/img_085/detail.png,/home/ubuntu/scratch/sr-diffusion/benchmarks/selfexsr/SelfExSR-master/data/Urban100/image_SRF_4/img_085_SRF_4_HR.png,/home/ubuntu/scratch/sr-diffusion/benchmarks/selfexsr/SelfExSR-master/data/Urban100/image_SRF_4/img_085_SRF_4_LR.png,27.886876852185548,0.8952853896793851,26.31750459824687
Urban100,img_085,detail_v2_masked,/home/ubuntu/scratch/sr-diffusion/benchmark_outputs/detail_v2_masked/Urban100/img_085/detail.png,/home/ubuntu/scratch/sr-diffusion/benchmarks/selfexsr/SelfExSR-master/data/Urban100/image_SRF_4/img_085_SRF_4_HR.png,/home/ubuntu/scratch/sr-diffusion/benchmarks/selfexsr/SelfExSR-master/data/Urban100/image_SRF_4/img_085_SRF_4_LR.png,27.95457913379351,0.896564772158103,26.38329063207509
Urban100,img_086,bicubic,generated:matlab_bicubic_resize,/home/ubuntu/scratch/sr-diffusion/benchmarks/selfexsr/SelfExSR-master/data/Urban100/image_SRF_4/img_086_SRF_4_HR.png,/home/ubuntu/scratch/sr-diffusion/benchmarks/selfexsr/SelfExSR-master/data/Urban100/image_SRF_4/img_086_SRF_4_LR.png,28.00742953694785,0.832379757879749,26.61515987427469
Urban100,img_086,dual_context_base,/home/ubuntu/scratch/sr-diffusion/benchmark_outputs/detail_v2_masked/Urban100/img_086/base.png,/home/ubuntu/scratch/sr-diffusion/benchmarks/selfexsr/SelfExSR-master/data/Urban100/image_SRF_4/img_086_SRF_4_HR.png,/home/ubuntu/scratch/sr-diffusion/benchmarks/selfexsr/SelfExSR-master/data/Urban100/image_SRF_4/img_086_SRF_4_LR.png,29.758581531327557,0.8825302196656222,28.27364931662033
Urban100,img_086,detail_v1d,/home/ubuntu/scratch/sr-diffusion/benchmark_outputs/detail_v1d/Urban100/img_086/detail.png,/home/ubuntu/scratch/sr-diffusion/benchmarks/selfexsr/SelfExSR-master/data/Urban100/image_SRF_4/img_086_SRF_4_HR.png,/home/ubuntu/scratch/sr-diffusion/benchmarks/selfexsr/SelfExSR-master/data/Urban100/image_SRF_4/img_086_SRF_4_LR.png,29.991330597669766,0.8874915839132046,28.513464553138196
Urban100,img_086,detail_v2_masked,/home/ubuntu/scratch/sr-diffusion/benchmark_outputs/detail_v2_masked/Urban100/img_086/detail.png,/home/ubuntu/scratch/sr-diffusion/benchmarks/selfexsr/SelfExSR-master/data/Urban100/image_SRF_4/img_086_SRF_4_HR.png,/home/ubuntu/scratch/sr-diffusion/benchmarks/selfexsr/SelfExSR-master/data/Urban100/image_SRF_4/img_086_SRF_4_LR.png,29.96568596723921,0.8877683983135914,28.487764175439686
Urban100,img_087,bicubic,generated:matlab_bicubic_resize,/home/ubuntu/scratch/sr-diffusion/benchmarks/selfexsr/SelfExSR-master/data/Urban100/image_SRF_4/img_087_SRF_4_HR.png,/home/ubuntu/scratch/sr-diffusion/benchmarks/selfexsr/SelfExSR-master/data/Urban100/image_SRF_4/img_087_SRF_4_LR.png,22.854783608600584,0.7409205376535272,21.57692792936598
Urban100,img_087,dual_context_base,/home/ubuntu/scratch/sr-diffusion/benchmark_outputs/detail_v2_masked/Urban100/img_087/base.png,/home/ubuntu/scratch/sr-diffusion/benchmarks/selfexsr/SelfExSR-master/data/Urban100/image_SRF_4/img_087_SRF_4_HR.png,/home/ubuntu/scratch/sr-diffusion/benchmarks/selfexsr/SelfExSR-master/data/Urban100/image_SRF_4/img_087_SRF_4_LR.png,27.082417148959497,0.8699741472850784,25.656622671868558
Urban100,img_087,detail_v1d,/home/ubuntu/scratch/sr-diffusion/benchmark_outputs/detail_v1d/Urban100/img_087/detail.png,/home/ubuntu/scratch/sr-diffusion/benchmarks/selfexsr/SelfExSR-master/data/Urban100/image_SRF_4/img_087_SRF_4_HR.png,/home/ubuntu/scratch/sr-diffusion/benchmarks/selfexsr/SelfExSR-master/data/Urban100/image_SRF_4/img_087_SRF_4_LR.png,27.978101779594923,0.8888877928946533,26.518157451494424
Urban100,img_087,detail_v2_masked,/home/ubuntu/scratch/sr-diffusion/benchmark_outputs/detail_v2_masked/Urban100/img_087/detail.png,/home/ubuntu/scratch/sr-diffusion/benchmarks/selfexsr/SelfExSR-master/data/Urban100/image_SRF_4/img_087_SRF_4_HR.png,/home/ubuntu/scratch/sr-diffusion/benchmarks/selfexsr/SelfExSR-master/data/Urban100/image_SRF_4/img_087_SRF_4_LR.png,28.02716958439282,0.8894326222291481,26.56372536334272
Urban100,img_088,bicubic,generated:matlab_bicubic_resize,/home/ubuntu/scratch/sr-diffusion/benchmarks/selfexsr/SelfExSR-master/data/Urban100/image_SRF_4/img_088_SRF_4_HR.png,/home/ubuntu/scratch/sr-diffusion/benchmarks/selfexsr/SelfExSR-master/data/Urban100/image_SRF_4/img_088_SRF_4_LR.png,18.644704344038225,0.4173516924383566,17.255712839961348
Urban100,img_088,dual_context_base,/home/ubuntu/scratch/sr-diffusion/benchmark_outputs/detail_v2_masked/Urban100/img_088/base.png,/home/ubuntu/scratch/sr-diffusion/benchmarks/selfexsr/SelfExSR-master/data/Urban100/image_SRF_4/img_088_SRF_4_HR.png,/home/ubuntu/scratch/sr-diffusion/benchmarks/selfexsr/SelfExSR-master/data/Urban100/image_SRF_4/img_088_SRF_4_LR.png,19.660949569198355,0.5419443117131644,18.3089927691535
Urban100,img_088,detail_v1d,/home/ubuntu/scratch/sr-diffusion/benchmark_outputs/detail_v1d/Urban100/img_088/detail.png,/home/ubuntu/scratch/sr-diffusion/benchmarks/selfexsr/SelfExSR-master/data/Urban100/image_SRF_4/img_088_SRF_4_HR.png,/home/ubuntu/scratch/sr-diffusion/benchmarks/selfexsr/SelfExSR-master/data/Urban100/image_SRF_4/img_088_SRF_4_LR.png,19.77809275744382,0.5549131044759534,18.440176202586322
Urban100,img_088,detail_v2_masked,/home/ubuntu/scratch/sr-diffusion/benchmark_outputs/detail_v2_masked/Urban100/img_088/detail.png,/home/ubuntu/scratch/sr-diffusion/benchmarks/selfexsr/SelfExSR-master/data/Urban100/image_SRF_4/img_088_SRF_4_HR.png,/home/ubuntu/scratch/sr-diffusion/benchmarks/selfexsr/SelfExSR-master/data/Urban100/image_SRF_4/img_088_SRF_4_LR.png,19.807749815439838,0.5597171951863662,18.46798144848838
Urban100,img_089,bicubic,generated:matlab_bicubic_resize,/home/ubuntu/scratch/sr-diffusion/benchmarks/selfexsr/SelfExSR-master/data/Urban100/image_SRF_4/img_089_SRF_4_HR.png,/home/ubuntu/scratch/sr-diffusion/benchmarks/selfexsr/SelfExSR-master/data/Urban100/image_SRF_4/img_089_SRF_4_LR.png,25.44994008394699,0.6229809491015779,24.107622115883313
Urban100,img_089,dual_context_base,/home/ubuntu/scratch/sr-diffusion/benchmark_outputs/detail_v2_masked/Urban100/img_089/base.png,/home/ubuntu/scratch/sr-diffusion/benchmarks/selfexsr/SelfExSR-master/data/Urban100/image_SRF_4/img_089_SRF_4_HR.png,/home/ubuntu/scratch/sr-diffusion/benchmarks/selfexsr/SelfExSR-master/data/Urban100/image_SRF_4/img_089_SRF_4_LR.png,26.52204453404096,0.7105792459698049,25.17298410316839
Urban100,img_089,detail_v1d,/home/ubuntu/scratch/sr-diffusion/benchmark_outputs/detail_v1d/Urban100/img_089/detail.png,/home/ubuntu/scratch/sr-diffusion/benchmarks/selfexsr/SelfExSR-master/data/Urban100/image_SRF_4/img_089_SRF_4_HR.png,/home/ubuntu/scratch/sr-diffusion/benchmarks/selfexsr/SelfExSR-master/data/Urban100/image_SRF_4/img_089_SRF_4_LR.png,26.72076813869076,0.7217556284238696,25.374055291437323
Urban100,img_089,detail_v2_masked,/home/ubuntu/scratch/sr-diffusion/benchmark_outputs/detail_v2_masked/Urban100/img_089/detail.png,/home/ubuntu/scratch/sr-diffusion/benchmarks/selfexsr/SelfExSR-master/data/Urban100/image_SRF_4/img_089_SRF_4_HR.png,/home/ubuntu/scratch/sr-diffusion/benchmarks/selfexsr/SelfExSR-master/data/Urban100/image_SRF_4/img_089_SRF_4_LR.png,26.703476769455044,0.7232314804910176,25.358256033115964
Urban100,img_090,bicubic,generated:matlab_bicubic_resize,/home/ubuntu/scratch/sr-diffusion/benchmarks/selfexsr/SelfExSR-master/data/Urban100/image_SRF_4/img_090_SRF_4_HR.png,/home/ubuntu/scratch/sr-diffusion/benchmarks/selfexsr/SelfExSR-master/data/Urban100/image_SRF_4/img_090_SRF_4_LR.png,30.489126990740566,0.8877037437147648,29.08928910023015
Urban100,img_090,dual_context_base,/home/ubuntu/scratch/sr-diffusion/benchmark_outputs/detail_v2_masked/Urban100/img_090/base.png,/home/ubuntu/scratch/sr-diffusion/benchmarks/selfexsr/SelfExSR-master/data/Urban100/image_SRF_4/img_090_SRF_4_HR.png,/home/ubuntu/scratch/sr-diffusion/benchmarks/selfexsr/SelfExSR-master/data/Urban100/image_SRF_4/img_090_SRF_4_LR.png,36.942354412448964,0.9705038380033426,35.25673127159381
Urban100,img_090,detail_v1d,/home/ubuntu/scratch/sr-diffusion/benchmark_outputs/detail_v1d/Urban100/img_090/detail.png,/home/ubuntu/scratch/sr-diffusion/benchmarks/selfexsr/SelfExSR-master/data/Urban100/image_SRF_4/img_090_SRF_4_HR.png,/home/ubuntu/scratch/sr-diffusion/benchmarks/selfexsr/SelfExSR-master/data/Urban100/image_SRF_4/img_090_SRF_4_LR.png,37.441404424867116,0.97505710166014,35.77147285359444
Urban100,img_090,detail_v2_masked,/home/ubuntu/scratch/sr-diffusion/benchmark_outputs/detail_v2_masked/Urban100/img_090/detail.png,/home/ubuntu/scratch/sr-diffusion/benchmarks/selfexsr/SelfExSR-master/data/Urban100/image_SRF_4/img_090_SRF_4_HR.png,/home/ubuntu/scratch/sr-diffusion/benchmarks/selfexsr/SelfExSR-master/data/Urban100/image_SRF_4/img_090_SRF_4_LR.png,37.74105319195785,0.9758439521791056,36.05697497347436
Urban100,img_091,bicubic,generated:matlab_bicubic_resize,/home/ubuntu/scratch/sr-diffusion/benchmarks/selfexsr/SelfExSR-master/data/Urban100/image_SRF_4/img_091_SRF_4_HR.png,/home/ubuntu/scratch/sr-diffusion/benchmarks/selfexsr/SelfExSR-master/data/Urban100/image_SRF_4/img_091_SRF_4_LR.png,22.170031135555753,0.5264059432229115,20.335570160185238
Urban100,img_091,dual_context_base,/home/ubuntu/scratch/sr-diffusion/benchmark_outputs/detail_v2_masked/Urban100/img_091/base.png,/home/ubuntu/scratch/sr-diffusion/benchmarks/selfexsr/SelfExSR-master/data/Urban100/image_SRF_4/img_091_SRF_4_HR.png,/home/ubuntu/scratch/sr-diffusion/benchmarks/selfexsr/SelfExSR-master/data/Urban100/image_SRF_4/img_091_SRF_4_LR.png,23.348964834916192,0.622783116259439,21.540582851352536
Urban100,img_091,detail_v1d,/home/ubuntu/scratch/sr-diffusion/benchmark_outputs/detail_v1d/Urban100/img_091/detail.png,/home/ubuntu/scratch/sr-diffusion/benchmarks/selfexsr/SelfExSR-master/data/Urban100/image_SRF_4/img_091_SRF_4_HR.png,/home/ubuntu/scratch/sr-diffusion/benchmarks/selfexsr/SelfExSR-master/data/Urban100/image_SRF_4/img_091_SRF_4_LR.png,23.546492542123794,0.6380539464303443,21.74412085458642
Urban100,img_091,detail_v2_masked,/home/ubuntu/scratch/sr-diffusion/benchmark_outputs/detail_v2_masked/Urban100/img_091/detail.png,/home/ubuntu/scratch/sr-diffusion/benchmarks/selfexsr/SelfExSR-master/data/Urban100/image_SRF_4/img_091_SRF_4_HR.png,/home/ubuntu/scratch/sr-diffusion/benchmarks/selfexsr/SelfExSR-master/data/Urban100/image_SRF_4/img_091_SRF_4_LR.png,23.56091811224859,0.6423173111133763,21.765213017536958
Urban100,img_092,bicubic,generated:matlab_bicubic_resize,/home/ubuntu/scratch/sr-diffusion/benchmarks/selfexsr/SelfExSR-master/data/Urban100/image_SRF_4/img_092_SRF_4_HR.png,/home/ubuntu/scratch/sr-diffusion/benchmarks/selfexsr/SelfExSR-master/data/Urban100/image_SRF_4/img_092_SRF_4_LR.png,16.579708965098842,0.4376793156427288,15.257800488179388
Urban100,img_092,dual_context_base,/home/ubuntu/scratch/sr-diffusion/benchmark_outputs/detail_v2_masked/Urban100/img_092/base.png,/home/ubuntu/scratch/sr-diffusion/benchmarks/selfexsr/SelfExSR-master/data/Urban100/image_SRF_4/img_092_SRF_4_HR.png,/home/ubuntu/scratch/sr-diffusion/benchmarks/selfexsr/SelfExSR-master/data/Urban100/image_SRF_4/img_092_SRF_4_LR.png,18.40028801759988,0.6171322811745561,17.07396378280429
Urban100,img_092,detail_v1d,/home/ubuntu/scratch/sr-diffusion/benchmark_outputs/detail_v1d/Urban100/img_092/detail.png,/home/ubuntu/scratch/sr-diffusion/benchmarks/selfexsr/SelfExSR-master/data/Urban100/image_SRF_4/img_092_SRF_4_HR.png,/home/ubuntu/scratch/sr-diffusion/benchmarks/selfexsr/SelfExSR-master/data/Urban100/image_SRF_4/img_092_SRF_4_LR.png,18.68155172586208,0.6421438177026092,17.35233460959041
Urban100,img_092,detail_v2_masked,/home/ubuntu/scratch/sr-diffusion/benchmark_outputs/detail_v2_masked/Urban100/img_092/detail.png,/home/ubuntu/scratch/sr-diffusion/benchmarks/selfexsr/SelfExSR-master/data/Urban100/image_SRF_4/img_092_SRF_4_HR.png,/home/ubuntu/scratch/sr-diffusion/benchmarks/selfexsr/SelfExSR-master/data/Urban100/image_SRF_4/img_092_SRF_4_LR.png,18.70727644439905,0.6437328890599521,17.37722794695332
Urban100,img_093,bicubic,generated:matlab_bicubic_resize,/home/ubuntu/scratch/sr-diffusion/benchmarks/selfexsr/SelfExSR-master/data/Urban100/image_SRF_4/img_093_SRF_4_HR.png,/home/ubuntu/scratch/sr-diffusion/benchmarks/selfexsr/SelfExSR-master/data/Urban100/image_SRF_4/img_093_SRF_4_LR.png,23.62163465546349,0.8064754805791969,22.2849320653021
Urban100,img_093,dual_context_base,/home/ubuntu/scratch/sr-diffusion/benchmark_outputs/detail_v2_masked/Urban100/img_093/base.png,/home/ubuntu/scratch/sr-diffusion/benchmarks/selfexsr/SelfExSR-master/data/Urban100/image_SRF_4/img_093_SRF_4_HR.png,/home/ubuntu/scratch/sr-diffusion/benchmarks/selfexsr/SelfExSR-master/data/Urban100/image_SRF_4/img_093_SRF_4_LR.png,28.10907758685805,0.9159027442289427,26.610881885325202
Urban100,img_093,detail_v1d,/home/ubuntu/scratch/sr-diffusion/benchmark_outputs/detail_v1d/Urban100/img_093/detail.png,/home/ubuntu/scratch/sr-diffusion/benchmarks/selfexsr/SelfExSR-master/data/Urban100/image_SRF_4/img_093_SRF_4_HR.png,/home/ubuntu/scratch/sr-diffusion/benchmarks/selfexsr/SelfExSR-master/data/Urban100/image_SRF_4/img_093_SRF_4_LR.png,29.142438840037244,0.928754929347538,27.57286403290907
Urban100,img_093,detail_v2_masked,/home/ubuntu/scratch/sr-diffusion/benchmark_outputs/detail_v2_masked/Urban100/img_093/detail.png,/home/ubuntu/scratch/sr-diffusion/benchmarks/selfexsr/SelfExSR-master/data/Urban100/image_SRF_4/img_093_SRF_4_HR.png,/home/ubuntu/scratch/sr-diffusion/benchmarks/selfexsr/SelfExSR-master/data/Urban100/image_SRF_4/img_093_SRF_4_LR.png,29.226204170681914,0.9291170300555779,27.649817500619637
Urban100,img_094,bicubic,generated:matlab_bicubic_resize,/home/ubuntu/scratch/sr-diffusion/benchmarks/selfexsr/SelfExSR-master/data/Urban100/image_SRF_4/img_094_SRF_4_HR.png,/home/ubuntu/scratch/sr-diffusion/benchmarks/selfexsr/SelfExSR-master/data/Urban100/image_SRF_4/img_094_SRF_4_LR.png,25.35078280652025,0.702365251061718,24.005260783022546
Urban100,img_094,dual_context_base,/home/ubuntu/scratch/sr-diffusion/benchmark_outputs/detail_v2_masked/Urban100/img_094/base.png,/home/ubuntu/scratch/sr-diffusion/benchmarks/selfexsr/SelfExSR-master/data/Urban100/image_SRF_4/img_094_SRF_4_HR.png,/home/ubuntu/scratch/sr-diffusion/benchmarks/selfexsr/SelfExSR-master/data/Urban100/image_SRF_4/img_094_SRF_4_LR.png,26.98678723208065,0.7770385725348065,25.589119758532885
Urban100,img_094,detail_v1d,/home/ubuntu/scratch/sr-diffusion/benchmark_outputs/detail_v1d/Urban100/img_094/detail.png,/home/ubuntu/scratch/sr-diffusion/benchmarks/selfexsr/SelfExSR-master/data/Urban100/image_SRF_4/img_094_SRF_4_HR.png,/home/ubuntu/scratch/sr-diffusion/benchmarks/selfexsr/SelfExSR-master/data/Urban100/image_SRF_4/img_094_SRF_4_LR.png,27.226542922055096,0.7878757900365579,25.821809450925922
Urban100,img_094,detail_v2_masked,/home/ubuntu/scratch/sr-diffusion/benchmark_outputs/detail_v2_masked/Urban100/img_094/detail.png,/home/ubuntu/scratch/sr-diffusion/benchmarks/selfexsr/SelfExSR-master/data/Urban100/image_SRF_4/img_094_SRF_4_HR.png,/home/ubuntu/scratch/sr-diffusion/benchmarks/selfexsr/SelfExSR-master/data/Urban100/image_SRF_4/img_094_SRF_4_LR.png,27.270645541434646,0.789101570477831,25.86415026053011
Urban100,img_095,bicubic,generated:matlab_bicubic_resize,/home/ubuntu/scratch/sr-diffusion/benchmarks/selfexsr/SelfExSR-master/data/Urban100/image_SRF_4/img_095_SRF_4_HR.png,/home/ubuntu/scratch/sr-diffusion/benchmarks/selfexsr/SelfExSR-master/data/Urban100/image_SRF_4/img_095_SRF_4_LR.png,18.738898452137253,0.28046515620843215,17.416977140260517
Urban100,img_095,dual_context_base,/home/ubuntu/scratch/sr-diffusion/benchmark_outputs/detail_v2_masked/Urban100/img_095/base.png,/home/ubuntu/scratch/sr-diffusion/benchmarks/selfexsr/SelfExSR-master/data/Urban100/image_SRF_4/img_095_SRF_4_HR.png,/home/ubuntu/scratch/sr-diffusion/benchmarks/selfexsr/SelfExSR-master/data/Urban100/image_SRF_4/img_095_SRF_4_LR.png,19.921400394032265,0.3973132454281958,18.597772748353123
Urban100,img_095,detail_v1d,/home/ubuntu/scratch/sr-diffusion/benchmark_outputs/detail_v1d/Urban100/img_095/detail.png,/home/ubuntu/scratch/sr-diffusion/benchmarks/selfexsr/SelfExSR-master/data/Urban100/image_SRF_4/img_095_SRF_4_HR.png,/home/ubuntu/scratch/sr-diffusion/benchmarks/selfexsr/SelfExSR-master/data/Urban100/image_SRF_4/img_095_SRF_4_LR.png,20.07694100358219,0.4113860504734089,18.750246442063048
Urban100,img_095,detail_v2_masked,/home/ubuntu/scratch/sr-diffusion/benchmark_outputs/detail_v2_masked/Urban100/img_095/detail.png,/home/ubuntu/scratch/sr-diffusion/benchmarks/selfexsr/SelfExSR-master/data/Urban100/image_SRF_4/img_095_SRF_4_HR.png,/home/ubuntu/scratch/sr-diffusion/benchmarks/selfexsr/SelfExSR-master/data/Urban100/image_SRF_4/img_095_SRF_4_LR.png,20.114387666891584,0.4156912672974421,18.7874001376499
Urban100,img_096,bicubic,generated:matlab_bicubic_resize,/home/ubuntu/scratch/sr-diffusion/benchmarks/selfexsr/SelfExSR-master/data/Urban100/image_SRF_4/img_096_SRF_4_HR.png,/home/ubuntu/scratch/sr-diffusion/benchmarks/selfexsr/SelfExSR-master/data/Urban100/image_SRF_4/img_096_SRF_4_LR.png,21.327421052126798,0.6858057978565768,20.05920811161748
Urban100,img_096,dual_context_base,/home/ubuntu/scratch/sr-diffusion/benchmark_outputs/detail_v2_masked/Urban100/img_096/base.png,/home/ubuntu/scratch/sr-diffusion/benchmarks/selfexsr/SelfExSR-master/data/Urban100/image_SRF_4/img_096_SRF_4_HR.png,/home/ubuntu/scratch/sr-diffusion/benchmarks/selfexsr/SelfExSR-master/data/Urban100/image_SRF_4/img_096_SRF_4_LR.png,23.554951360844516,0.8233788563545489,22.256167281393072
Urban100,img_096,detail_v1d,/home/ubuntu/scratch/sr-diffusion/benchmark_outputs/detail_v1d/Urban100/img_096/detail.png,/home/ubuntu/scratch/sr-diffusion/benchmarks/selfexsr/SelfExSR-master/data/Urban100/image_SRF_4/img_096_SRF_4_HR.png,/home/ubuntu/scratch/sr-diffusion/benchmarks/selfexsr/SelfExSR-master/data/Urban100/image_SRF_4/img_096_SRF_4_LR.png,24.412672072560603,0.8549120325582635,23.11358077750056
Urban100,img_096,detail_v2_masked,/home/ubuntu/scratch/sr-diffusion/benchmark_outputs/detail_v2_masked/Urban100/img_096/detail.png,/home/ubuntu/scratch/sr-diffusion/benchmarks/selfexsr/SelfExSR-master/data/Urban100/image_SRF_4/img_096_SRF_4_HR.png,/home/ubuntu/scratch/sr-diffusion/benchmarks/selfexsr/SelfExSR-master/data/Urban100/image_SRF_4/img_096_SRF_4_LR.png,24.329181706320067,0.8544765833772427,23.030484494344332
Urban100,img_097,bicubic,generated:matlab_bicubic_resize,/home/ubuntu/scratch/sr-diffusion/benchmarks/selfexsr/SelfExSR-master/data/Urban100/image_SRF_4/img_097_SRF_4_HR.png,/home/ubuntu/scratch/sr-diffusion/benchmarks/selfexsr/SelfExSR-master/data/Urban100/image_SRF_4/img_097_SRF_4_LR.png,23.01924917937921,0.6425917195725455,21.616160742138646
Urban100,img_097,dual_context_base,/home/ubuntu/scratch/sr-diffusion/benchmark_outputs/detail_v2_masked/Urban100/img_097/base.png,/home/ubuntu/scratch/sr-diffusion/benchmarks/selfexsr/SelfExSR-master/data/Urban100/image_SRF_4/img_097_SRF_4_HR.png,/home/ubuntu/scratch/sr-diffusion/benchmarks/selfexsr/SelfExSR-master/data/Urban100/image_SRF_4/img_097_SRF_4_LR.png,24.441097708276054,0.7399231032931229,23.024017162157378
Urban100,img_097,detail_v1d,/home/ubuntu/scratch/sr-diffusion/benchmark_outputs/detail_v1d/Urban100/img_097/detail.png,/home/ubuntu/scratch/sr-diffusion/benchmarks/selfexsr/SelfExSR-master/data/Urban100/image_SRF_4/img_097_SRF_4_HR.png,/home/ubuntu/scratch/sr-diffusion/benchmarks/selfexsr/SelfExSR-master/data/Urban100/image_SRF_4/img_097_SRF_4_LR.png,24.723278452764276,0.7564337882595672,23.30569029715471
Urban100,img_097,detail_v2_masked,/home/ubuntu/scratch/sr-diffusion/benchmark_outputs/detail_v2_masked/Urban100/img_097/detail.png,/home/ubuntu/scratch/sr-diffusion/benchmarks/selfexsr/SelfExSR-master/data/Urban100/image_SRF_4/img_097_SRF_4_HR.png,/home/ubuntu/scratch/sr-diffusion/benchmarks/selfexsr/SelfExSR-master/data/Urban100/image_SRF_4/img_097_SRF_4_LR.png,24.743435151477094,0.7581209624876881,23.32539043060658
Urban100,img_098,bicubic,generated:matlab_bicubic_resize,/home/ubuntu/scratch/sr-diffusion/benchmarks/selfexsr/SelfExSR-master/data/Urban100/image_SRF_4/img_098_SRF_4_HR.png,/home/ubuntu/scratch/sr-diffusion/benchmarks/selfexsr/SelfExSR-master/data/Urban100/image_SRF_4/img_098_SRF_4_LR.png,19.650224898986636,0.3910293974969752,18.258377424138242
Urban100,img_098,dual_context_base,/home/ubuntu/scratch/sr-diffusion/benchmark_outputs/detail_v2_masked/Urban100/img_098/base.png,/home/ubuntu/scratch/sr-diffusion/benchmarks/selfexsr/SelfExSR-master/data/Urban100/image_SRF_4/img_098_SRF_4_HR.png,/home/ubuntu/scratch/sr-diffusion/benchmarks/selfexsr/SelfExSR-master/data/Urban100/image_SRF_4/img_098_SRF_4_LR.png,20.47429184066557,0.5077777548646958,19.087678412378864
Urban100,img_098,detail_v1d,/home/ubuntu/scratch/sr-diffusion/benchmark_outputs/detail_v1d/Urban100/img_098/detail.png,/home/ubuntu/scratch/sr-diffusion/benchmarks/selfexsr/SelfExSR-master/data/Urban100/image_SRF_4/img_098_SRF_4_HR.png,/home/ubuntu/scratch/sr-diffusion/benchmarks/selfexsr/SelfExSR-master/data/Urban100/image_SRF_4/img_098_SRF_4_LR.png,20.658656581585326,0.5253877269053726,19.270400726131424
Urban100,img_098,detail_v2_masked,/home/ubuntu/scratch/sr-diffusion/benchmark_outputs/detail_v2_masked/Urban100/img_098/detail.png,/home/ubuntu/scratch/sr-diffusion/benchmarks/selfexsr/SelfExSR-master/data/Urban100/image_SRF_4/img_098_SRF_4_HR.png,/home/ubuntu/scratch/sr-diffusion/benchmarks/selfexsr/SelfExSR-master/data/Urban100/image_SRF_4/img_098_SRF_4_LR.png,20.664653192429455,0.5294472241124298,19.274502653563903
Urban100,img_099,bicubic,generated:matlab_bicubic_resize,/home/ubuntu/scratch/sr-diffusion/benchmarks/selfexsr/SelfExSR-master/data/Urban100/image_SRF_4/img_099_SRF_4_HR.png,/home/ubuntu/scratch/sr-diffusion/benchmarks/selfexsr/SelfExSR-master/data/Urban100/image_SRF_4/img_099_SRF_4_LR.png,22.41167859246712,0.5877647141808264,20.391473192480497
Urban100,img_099,dual_context_base,/home/ubuntu/scratch/sr-diffusion/benchmark_outputs/detail_v2_masked/Urban100/img_099/base.png,/home/ubuntu/scratch/sr-diffusion/benchmarks/selfexsr/SelfExSR-master/data/Urban100/image_SRF_4/img_099_SRF_4_HR.png,/home/ubuntu/scratch/sr-diffusion/benchmarks/selfexsr/SelfExSR-master/data/Urban100/image_SRF_4/img_099_SRF_4_LR.png,25.161731545936014,0.7544716560344489,22.79985863991498
Urban100,img_099,detail_v1d,/home/ubuntu/scratch/sr-diffusion/benchmark_outputs/detail_v1d/Urban100/img_099/detail.png,/home/ubuntu/scratch/sr-diffusion/benchmarks/selfexsr/SelfExSR-master/data/Urban100/image_SRF_4/img_099_SRF_4_HR.png,/home/ubuntu/scratch/sr-diffusion/benchmarks/selfexsr/SelfExSR-master/data/Urban100/image_SRF_4/img_099_SRF_4_LR.png,25.762162650545708,0.7839877225101841,23.319103838047546
Urban100,img_099,detail_v2_masked,/home/ubuntu/scratch/sr-diffusion/benchmark_outputs/detail_v2_masked/Urban100/img_099/detail.png,/home/ubuntu/scratch/sr-diffusion/benchmarks/selfexsr/SelfExSR-master/data/Urban100/image_SRF_4/img_099_SRF_4_HR.png,/home/ubuntu/scratch/sr-diffusion/benchmarks/selfexsr/SelfExSR-master/data/Urban100/image_SRF_4/img_099_SRF_4_LR.png,25.809456788816348,0.7864743552302006,23.36284451935711
Urban100,img_100,bicubic,generated:matlab_bicubic_resize,/home/ubuntu/scratch/sr-diffusion/benchmarks/selfexsr/SelfExSR-master/data/Urban100/image_SRF_4/img_100_SRF_4_HR.png,/home/ubuntu/scratch/sr-diffusion/benchmarks/selfexsr/SelfExSR-master/data/Urban100/image_SRF_4/img_100_SRF_4_LR.png,22.284320491581596,0.599815193772396,19.6234725089187
Urban100,img_100,dual_context_base,/home/ubuntu/scratch/sr-diffusion/benchmark_outputs/detail_v2_masked/Urban100/img_100/base.png,/home/ubuntu/scratch/sr-diffusion/benchmarks/selfexsr/SelfExSR-master/data/Urban100/image_SRF_4/img_100_SRF_4_HR.png,/home/ubuntu/scratch/sr-diffusion/benchmarks/selfexsr/SelfExSR-master/data/Urban100/image_SRF_4/img_100_SRF_4_LR.png,26.017653278271425,0.7421811120804057,22.045332691678095
Urban100,img_100,detail_v1d,/home/ubuntu/scratch/sr-diffusion/benchmark_outputs/detail_v1d/Urban100/img_100/detail.png,/home/ubuntu/scratch/sr-diffusion/benchmarks/selfexsr/SelfExSR-master/data/Urban100/image_SRF_4/img_100_SRF_4_HR.png,/home/ubuntu/scratch/sr-diffusion/benchmarks/selfexsr/SelfExSR-master/data/Urban100/image_SRF_4/img_100_SRF_4_LR.png,26.51334625165434,0.7610964044912613,22.382005937573
Urban100,img_100,detail_v2_masked,/home/ubuntu/scratch/sr-diffusion/benchmark_outputs/detail_v2_masked/Urban100/img_100/detail.png,/home/ubuntu/scratch/sr-diffusion/benchmarks/selfexsr/SelfExSR-master/data/Urban100/image_SRF_4/img_100_SRF_4_HR.png,/home/ubuntu/scratch/sr-diffusion/benchmarks/selfexsr/SelfExSR-master/data/Urban100/image_SRF_4/img_100_SRF_4_LR.png,26.52830607178499,0.7619025627319553,22.383247663937894
