dataset,id,candidate,candidate_path,hr_path,lr_path,y_psnr,rgb_psnr
DIV2K,0801,bicubic,generated:matlab_bicubic_resize,/home/ubuntu/scratch/sr-diffusion/benchmarks/div2k/DIV2K_valid_HR/0801.png,/home/ubuntu/scratch/sr-diffusion/benchmarks/div2k/DIV2K_valid_LR_bicubic/X4/0801x4.png,28.918895062413313,27.643347589792107
DIV2K,0801,stage2_guarded_off,/home/ubuntu/scratch/sr-diffusion/benchmark_outputs/stage2_guarded_detail_v2_tta_off/DIV2K/0801/base.png,/home/ubuntu/scratch/sr-diffusion/benchmarks/div2k/DIV2K_valid_HR/0801.png,/home/ubuntu/scratch/sr-diffusion/benchmarks/div2k/DIV2K_valid_LR_bicubic/X4/0801x4.png,30.062554307451883,28.75351125308558
DIV2K,0801,stage2_guarded_hflip,/home/ubuntu/scratch/sr-diffusion/benchmark_outputs/stage2_guarded_detail_v2_tta_hflip/DIV2K/0801/base.png,/home/ubuntu/scratch/sr-diffusion/benchmarks/div2k/DIV2K_valid_HR/0801.png,/home/ubuntu/scratch/sr-diffusion/benchmarks/div2k/DIV2K_valid_LR_bicubic/X4/0801x4.png,30.09348203157874,28.78753567696571
DIV2K,0801,stage2_guarded_x8,/home/ubuntu/scratch/sr-diffusion/benchmark_outputs/stage2_guarded_detail_v2_tta_x8/DIV2K/0801/base.png,/home/ubuntu/scratch/sr-diffusion/benchmarks/div2k/DIV2K_valid_HR/0801.png,/home/ubuntu/scratch/sr-diffusion/benchmarks/div2k/DIV2K_valid_LR_bicubic/X4/0801x4.png,30.09362231872284,28.79332575434521
DIV2K,0801,detail_v2_masked,/home/ubuntu/scratch/sr-diffusion/benchmark_outputs/detail_v2_masked/DIV2K/0801/detail.png,/home/ubuntu/scratch/sr-diffusion/benchmarks/div2k/DIV2K_valid_HR/0801.png,/home/ubuntu/scratch/sr-diffusion/benchmarks/div2k/DIV2K_valid_LR_bicubic/X4/0801x4.png,30.16548079837544,28.879849093152178
DIV2K,0801,refiner_v2,/home/ubuntu/scratch/sr-diffusion/benchmark_outputs/refiner_v2/DIV2K/0801/refined.png,/home/ubuntu/scratch/sr-diffusion/benchmarks/div2k/DIV2K_valid_HR/0801.png,/home/ubuntu/scratch/sr-diffusion/benchmarks/div2k/DIV2K_valid_LR_bicubic/X4/0801x4.png,29.660583740862407,28.337090606110454
DIV2K,0801,realesrgan,/home/ubuntu/scratch/sr-diffusion/benchmark_outputs/realesrgan/DIV2K/0801/RealESRGAN_x4plus.png,/home/ubuntu/scratch/sr-diffusion/benchmarks/div2k/DIV2K_valid_HR/0801.png,/home/ubuntu/scratch/sr-diffusion/benchmarks/div2k/DIV2K_valid_LR_bicubic/X4/0801x4.png,25.886530265517223,24.405289863647113
DIV2K,0802,bicubic,generated:matlab_bicubic_resize,/home/ubuntu/scratch/sr-diffusion/benchmarks/div2k/DIV2K_valid_HR/0802.png,/home/ubuntu/scratch/sr-diffusion/benchmarks/div2k/DIV2K_valid_LR_bicubic/X4/0802x4.png,34.930950714771704,33.16010272897294
DIV2K,0802,stage2_guarded_off,/home/ubuntu/scratch/sr-diffusion/benchmark_outputs/stage2_guarded_detail_v2_tta_off/DIV2K/0802/base.png,/home/ubuntu/scratch/sr-diffusion/benchmarks/div2k/DIV2K_valid_HR/0802.png,/home/ubuntu/scratch/sr-diffusion/benchmarks/div2k/DIV2K_valid_LR_bicubic/X4/0802x4.png,36.93364058008403,34.74105582865388
DIV2K,0802,stage2_guarded_hflip,/home/ubuntu/scratch/sr-diffusion/benchmark_outputs/stage2_guarded_detail_v2_tta_hflip/DIV2K/0802/base.png,/home/ubuntu/scratch/sr-diffusion/benchmarks/div2k/DIV2K_valid_HR/0802.png,/home/ubuntu/scratch/sr-diffusion/benchmarks/div2k/DIV2K_valid_LR_bicubic/X4/0802x4.png,37.00497152581815,34.812597968932494
DIV2K,0802,stage2_guarded_x8,/home/ubuntu/scratch/sr-diffusion/benchmark_outputs/stage2_guarded_detail_v2_tta_x8/DIV2K/0802/base.png,/home/ubuntu/scratch/sr-diffusion/benchmarks/div2k/DIV2K_valid_HR/0802.png,/home/ubuntu/scratch/sr-diffusion/benchmarks/div2k/DIV2K_valid_LR_bicubic/X4/0802x4.png,37.08312004649416,34.89360832470782
DIV2K,0802,detail_v2_masked,/home/ubuntu/scratch/sr-diffusion/benchmark_outputs/detail_v2_masked/DIV2K/0802/detail.png,/home/ubuntu/scratch/sr-diffusion/benchmarks/div2k/DIV2K_valid_HR/0802.png,/home/ubuntu/scratch/sr-diffusion/benchmarks/div2k/DIV2K_valid_LR_bicubic/X4/0802x4.png,37.20197477535455,34.99389668452821
DIV2K,0802,refiner_v2,/home/ubuntu/scratch/sr-diffusion/benchmark_outputs/refiner_v2/DIV2K/0802/refined.png,/home/ubuntu/scratch/sr-diffusion/benchmarks/div2k/DIV2K_valid_HR/0802.png,/home/ubuntu/scratch/sr-diffusion/benchmarks/div2k/DIV2K_valid_LR_bicubic/X4/0802x4.png,35.99140967201736,33.760506682770625
DIV2K,0802,realesrgan,/home/ubuntu/scratch/sr-diffusion/benchmark_outputs/realesrgan/DIV2K/0802/RealESRGAN_x4plus.png,/home/ubuntu/scratch/sr-diffusion/benchmarks/div2k/DIV2K_valid_HR/0802.png,/home/ubuntu/scratch/sr-diffusion/benchmarks/div2k/DIV2K_valid_LR_bicubic/X4/0802x4.png,33.40505321833346,30.347533387249243
DIV2K,0803,bicubic,generated:matlab_bicubic_resize,/home/ubuntu/scratch/sr-diffusion/benchmarks/div2k/DIV2K_valid_HR/0803.png,/home/ubuntu/scratch/sr-diffusion/benchmarks/div2k/DIV2K_valid_LR_bicubic/X4/0803x4.png,35.05526220916966,33.61202775229642
DIV2K,0803,stage2_guarded_off,/home/ubuntu/scratch/sr-diffusion/benchmark_outputs/stage2_guarded_detail_v2_tta_off/DIV2K/0803/base.png,/home/ubuntu/scratch/sr-diffusion/benchmarks/div2k/DIV2K_valid_HR/0803.png,/home/ubuntu/scratch/sr-diffusion/benchmarks/div2k/DIV2K_valid_LR_bicubic/X4/0803x4.png,41.86171882516941,39.5375436229626
DIV2K,0803,stage2_guarded_hflip,/home/ubuntu/scratch/sr-diffusion/benchmark_outputs/stage2_guarded_detail_v2_tta_hflip/DIV2K/0803/base.png,/home/ubuntu/scratch/sr-diffusion/benchmarks/div2k/DIV2K_valid_HR/0803.png,/home/ubuntu/scratch/sr-diffusion/benchmarks/div2k/DIV2K_valid_LR_bicubic/X4/0803x4.png,42.084497483756536,39.77681579632686
DIV2K,0803,stage2_guarded_x8,/home/ubuntu/scratch/sr-diffusion/benchmark_outputs/stage2_guarded_detail_v2_tta_x8/DIV2K/0803/base.png,/home/ubuntu/scratch/sr-diffusion/benchmarks/div2k/DIV2K_valid_HR/0803.png,/home/ubuntu/scratch/sr-diffusion/benchmarks/div2k/DIV2K_valid_LR_bicubic/X4/0803x4.png,42.31898297856398,40.0522694883675
DIV2K,0803,detail_v2_masked,/home/ubuntu/scratch/sr-diffusion/benchmark_outputs/detail_v2_masked/DIV2K/0803/detail.png,/home/ubuntu/scratch/sr-diffusion/benchmarks/div2k/DIV2K_valid_HR/0803.png,/home/ubuntu/scratch/sr-diffusion/benchmarks/div2k/DIV2K_valid_LR_bicubic/X4/0803x4.png,42.59913570074523,40.160612792098306
DIV2K,0803,refiner_v2,/home/ubuntu/scratch/sr-diffusion/benchmark_outputs/refiner_v2/DIV2K/0803/refined.png,/home/ubuntu/scratch/sr-diffusion/benchmarks/div2k/DIV2K_valid_HR/0803.png,/home/ubuntu/scratch/sr-diffusion/benchmarks/div2k/DIV2K_valid_LR_bicubic/X4/0803x4.png,39.5042505561143,37.117263121357915
DIV2K,0803,realesrgan,/home/ubuntu/scratch/sr-diffusion/benchmark_outputs/realesrgan/DIV2K/0803/RealESRGAN_x4plus.png,/home/ubuntu/scratch/sr-diffusion/benchmarks/div2k/DIV2K_valid_HR/0803.png,/home/ubuntu/scratch/sr-diffusion/benchmarks/div2k/DIV2K_valid_LR_bicubic/X4/0803x4.png,35.716216356510905,31.25597835927449
DIV2K,0804,bicubic,generated:matlab_bicubic_resize,/home/ubuntu/scratch/sr-diffusion/benchmarks/div2k/DIV2K_valid_HR/0804.png,/home/ubuntu/scratch/sr-diffusion/benchmarks/div2k/DIV2K_valid_LR_bicubic/X4/0804x4.png,26.89838873553256,25.382047503703042
DIV2K,0804,stage2_guarded_off,/home/ubuntu/scratch/sr-diffusion/benchmark_outputs/stage2_guarded_detail_v2_tta_off/DIV2K/0804/base.png,/home/ubuntu/scratch/sr-diffusion/benchmarks/div2k/DIV2K_valid_HR/0804.png,/home/ubuntu/scratch/sr-diffusion/benchmarks/div2k/DIV2K_valid_LR_bicubic/X4/0804x4.png,28.544916784602876,27.019301012343128
DIV2K,0804,stage2_guarded_hflip,/home/ubuntu/scratch/sr-diffusion/benchmark_outputs/stage2_guarded_detail_v2_tta_hflip/DIV2K/0804/base.png,/home/ubuntu/scratch/sr-diffusion/benchmarks/div2k/DIV2K_valid_HR/0804.png,/home/ubuntu/scratch/sr-diffusion/benchmarks/div2k/DIV2K_valid_LR_bicubic/X4/0804x4.png,28.59565712755662,27.07331475157222
DIV2K,0804,stage2_guarded_x8,/home/ubuntu/scratch/sr-diffusion/benchmark_outputs/stage2_guarded_detail_v2_tta_x8/DIV2K/0804/base.png,/home/ubuntu/scratch/sr-diffusion/benchmarks/div2k/DIV2K_valid_HR/0804.png,/home/ubuntu/scratch/sr-diffusion/benchmarks/div2k/DIV2K_valid_LR_bicubic/X4/0804x4.png,28.647047855317133,27.134093579721462
DIV2K,0804,detail_v2_masked,/home/ubuntu/scratch/sr-diffusion/benchmark_outputs/detail_v2_masked/DIV2K/0804/detail.png,/home/ubuntu/scratch/sr-diffusion/benchmarks/div2k/DIV2K_valid_HR/0804.png,/home/ubuntu/scratch/sr-diffusion/benchmarks/div2k/DIV2K_valid_LR_bicubic/X4/0804x4.png,28.732157179280094,27.229335626358342
DIV2K,0804,refiner_v2,/home/ubuntu/scratch/sr-diffusion/benchmark_outputs/refiner_v2/DIV2K/0804/refined.png,/home/ubuntu/scratch/sr-diffusion/benchmarks/div2k/DIV2K_valid_HR/0804.png,/home/ubuntu/scratch/sr-diffusion/benchmarks/div2k/DIV2K_valid_LR_bicubic/X4/0804x4.png,28.26680586241453,26.736020066789862
DIV2K,0804,realesrgan,/home/ubuntu/scratch/sr-diffusion/benchmark_outputs/realesrgan/DIV2K/0804/RealESRGAN_x4plus.png,/home/ubuntu/scratch/sr-diffusion/benchmarks/div2k/DIV2K_valid_HR/0804.png,/home/ubuntu/scratch/sr-diffusion/benchmarks/div2k/DIV2K_valid_LR_bicubic/X4/0804x4.png,24.031418693195683,22.278440183797695
DIV2K,0805,bicubic,generated:matlab_bicubic_resize,/home/ubuntu/scratch/sr-diffusion/benchmarks/div2k/DIV2K_valid_HR/0805.png,/home/ubuntu/scratch/sr-diffusion/benchmarks/div2k/DIV2K_valid_LR_bicubic/X4/0805x4.png,28.801797612578316,27.498127193375275
DIV2K,0805,stage2_guarded_off,/home/ubuntu/scratch/sr-diffusion/benchmark_outputs/stage2_guarded_detail_v2_tta_off/DIV2K/0805/base.png,/home/ubuntu/scratch/sr-diffusion/benchmarks/div2k/DIV2K_valid_HR/0805.png,/home/ubuntu/scratch/sr-diffusion/benchmarks/div2k/DIV2K_valid_LR_bicubic/X4/0805x4.png,29.553338326456377,28.2120810303496
DIV2K,0805,stage2_guarded_hflip,/home/ubuntu/scratch/sr-diffusion/benchmark_outputs/stage2_guarded_detail_v2_tta_hflip/DIV2K/0805/base.png,/home/ubuntu/scratch/sr-diffusion/benchmarks/div2k/DIV2K_valid_HR/0805.png,/home/ubuntu/scratch/sr-diffusion/benchmarks/div2k/DIV2K_valid_LR_bicubic/X4/0805x4.png,29.583236831664664,28.243238402656907
DIV2K,0805,stage2_guarded_x8,/home/ubuntu/scratch/sr-diffusion/benchmark_outputs/stage2_guarded_detail_v2_tta_x8/DIV2K/0805/base.png,/home/ubuntu/scratch/sr-diffusion/benchmarks/div2k/DIV2K_valid_HR/0805.png,/home/ubuntu/scratch/sr-diffusion/benchmarks/div2k/DIV2K_valid_LR_bicubic/X4/0805x4.png,29.640174885113794,28.305145888007882
DIV2K,0805,detail_v2_masked,/home/ubuntu/scratch/sr-diffusion/benchmark_outputs/detail_v2_masked/DIV2K/0805/detail.png,/home/ubuntu/scratch/sr-diffusion/benchmarks/div2k/DIV2K_valid_HR/0805.png,/home/ubuntu/scratch/sr-diffusion/benchmarks/div2k/DIV2K_valid_LR_bicubic/X4/0805x4.png,29.594821804406187,28.258604543021484
DIV2K,0805,refiner_v2,/home/ubuntu/scratch/sr-diffusion/benchmark_outputs/refiner_v2/DIV2K/0805/refined.png,/home/ubuntu/scratch/sr-diffusion/benchmarks/div2k/DIV2K_valid_HR/0805.png,/home/ubuntu/scratch/sr-diffusion/benchmarks/div2k/DIV2K_valid_LR_bicubic/X4/0805x4.png,29.028608937445185,27.646727558338515
DIV2K,0805,realesrgan,/home/ubuntu/scratch/sr-diffusion/benchmark_outputs/realesrgan/DIV2K/0805/RealESRGAN_x4plus.png,/home/ubuntu/scratch/sr-diffusion/benchmarks/div2k/DIV2K_valid_HR/0805.png,/home/ubuntu/scratch/sr-diffusion/benchmarks/div2k/DIV2K_valid_LR_bicubic/X4/0805x4.png,26.141843740872446,24.70820182881253
DIV2K,0806,bicubic,generated:matlab_bicubic_resize,/home/ubuntu/scratch/sr-diffusion/benchmarks/div2k/DIV2K_valid_HR/0806.png,/home/ubuntu/scratch/sr-diffusion/benchmarks/div2k/DIV2K_valid_LR_bicubic/X4/0806x4.png,28.18409466223436,26.254558110775843
DIV2K,0806,stage2_guarded_off,/home/ubuntu/scratch/sr-diffusion/benchmark_outputs/stage2_guarded_detail_v2_tta_off/DIV2K/0806/base.png,/home/ubuntu/scratch/sr-diffusion/benchmarks/div2k/DIV2K_valid_HR/0806.png,/home/ubuntu/scratch/sr-diffusion/benchmarks/div2k/DIV2K_valid_LR_bicubic/X4/0806x4.png,29.776363633836837,27.80682954294278
DIV2K,0806,stage2_guarded_hflip,/home/ubuntu/scratch/sr-diffusion/benchmark_outputs/stage2_guarded_detail_v2_tta_hflip/DIV2K/0806/base.png,/home/ubuntu/scratch/sr-diffusion/benchmarks/div2k/DIV2K_valid_HR/0806.png,/home/ubuntu/scratch/sr-diffusion/benchmarks/div2k/DIV2K_valid_LR_bicubic/X4/0806x4.png,29.82498435554485,27.851468009684275
DIV2K,0806,stage2_guarded_x8,/home/ubuntu/scratch/sr-diffusion/benchmark_outputs/stage2_guarded_detail_v2_tta_x8/DIV2K/0806/base.png,/home/ubuntu/scratch/sr-diffusion/benchmarks/div2k/DIV2K_valid_HR/0806.png,/home/ubuntu/scratch/sr-diffusion/benchmarks/div2k/DIV2K_valid_LR_bicubic/X4/0806x4.png,29.869842133121985,27.895891755773388
DIV2K,0806,detail_v2_masked,/home/ubuntu/scratch/sr-diffusion/benchmark_outputs/detail_v2_masked/DIV2K/0806/detail.png,/home/ubuntu/scratch/sr-diffusion/benchmarks/div2k/DIV2K_valid_HR/0806.png,/home/ubuntu/scratch/sr-diffusion/benchmarks/div2k/DIV2K_valid_LR_bicubic/X4/0806x4.png,30.00921063659829,28.056227822523013
DIV2K,0806,refiner_v2,/home/ubuntu/scratch/sr-diffusion/benchmark_outputs/refiner_v2/DIV2K/0806/refined.png,/home/ubuntu/scratch/sr-diffusion/benchmarks/div2k/DIV2K_valid_HR/0806.png,/home/ubuntu/scratch/sr-diffusion/benchmarks/div2k/DIV2K_valid_LR_bicubic/X4/0806x4.png,29.40281314466844,27.418855352337435
DIV2K,0806,realesrgan,/home/ubuntu/scratch/sr-diffusion/benchmark_outputs/realesrgan/DIV2K/0806/RealESRGAN_x4plus.png,/home/ubuntu/scratch/sr-diffusion/benchmarks/div2k/DIV2K_valid_HR/0806.png,/home/ubuntu/scratch/sr-diffusion/benchmarks/div2k/DIV2K_valid_LR_bicubic/X4/0806x4.png,26.744629932376775,24.78076868788351
DIV2K,0807,bicubic,generated:matlab_bicubic_resize,/home/ubuntu/scratch/sr-diffusion/benchmarks/div2k/DIV2K_valid_HR/0807.png,/home/ubuntu/scratch/sr-diffusion/benchmarks/div2k/DIV2K_valid_LR_bicubic/X4/0807x4.png,20.923770191455763,19.426190290090723
DIV2K,0807,stage2_guarded_off,/home/ubuntu/scratch/sr-diffusion/benchmark_outputs/stage2_guarded_detail_v2_tta_off/DIV2K/0807/base.png,/home/ubuntu/scratch/sr-diffusion/benchmarks/div2k/DIV2K_valid_HR/0807.png,/home/ubuntu/scratch/sr-diffusion/benchmarks/div2k/DIV2K_valid_LR_bicubic/X4/0807x4.png,21.575225648214563,20.071237089291927
DIV2K,0807,stage2_guarded_hflip,/home/ubuntu/scratch/sr-diffusion/benchmark_outputs/stage2_guarded_detail_v2_tta_hflip/DIV2K/0807/base.png,/home/ubuntu/scratch/sr-diffusion/benchmarks/div2k/DIV2K_valid_HR/0807.png,/home/ubuntu/scratch/sr-diffusion/benchmarks/div2k/DIV2K_valid_LR_bicubic/X4/0807x4.png,21.593915096304784,20.092274141116185
DIV2K,0807,stage2_guarded_x8,/home/ubuntu/scratch/sr-diffusion/benchmark_outputs/stage2_guarded_detail_v2_tta_x8/DIV2K/0807/base.png,/home/ubuntu/scratch/sr-diffusion/benchmarks/div2k/DIV2K_valid_HR/0807.png,/home/ubuntu/scratch/sr-diffusion/benchmarks/div2k/DIV2K_valid_LR_bicubic/X4/0807x4.png,21.593458893031283,20.095226267981264
DIV2K,0807,detail_v2_masked,/home/ubuntu/scratch/sr-diffusion/benchmark_outputs/detail_v2_masked/DIV2K/0807/detail.png,/home/ubuntu/scratch/sr-diffusion/benchmarks/div2k/DIV2K_valid_HR/0807.png,/home/ubuntu/scratch/sr-diffusion/benchmarks/div2k/DIV2K_valid_LR_bicubic/X4/0807x4.png,21.68119885169203,20.18983239200018
DIV2K,0807,refiner_v2,/home/ubuntu/scratch/sr-diffusion/benchmark_outputs/refiner_v2/DIV2K/0807/refined.png,/home/ubuntu/scratch/sr-diffusion/benchmarks/div2k/DIV2K_valid_HR/0807.png,/home/ubuntu/scratch/sr-diffusion/benchmarks/div2k/DIV2K_valid_LR_bicubic/X4/0807x4.png,21.464770693216053,19.958240260673236
DIV2K,0807,realesrgan,/home/ubuntu/scratch/sr-diffusion/benchmark_outputs/realesrgan/DIV2K/0807/RealESRGAN_x4plus.png,/home/ubuntu/scratch/sr-diffusion/benchmarks/div2k/DIV2K_valid_HR/0807.png,/home/ubuntu/scratch/sr-diffusion/benchmarks/div2k/DIV2K_valid_LR_bicubic/X4/0807x4.png,19.587288607350956,17.968043232158443
DIV2K,0808,bicubic,generated:matlab_bicubic_resize,/home/ubuntu/scratch/sr-diffusion/benchmarks/div2k/DIV2K_valid_HR/0808.png,/home/ubuntu/scratch/sr-diffusion/benchmarks/div2k/DIV2K_valid_LR_bicubic/X4/0808x4.png,26.835505730831436,25.444273211617272
DIV2K,0808,stage2_guarded_off,/home/ubuntu/scratch/sr-diffusion/benchmark_outputs/stage2_guarded_detail_v2_tta_off/DIV2K/0808/base.png,/home/ubuntu/scratch/sr-diffusion/benchmarks/div2k/DIV2K_valid_HR/0808.png,/home/ubuntu/scratch/sr-diffusion/benchmarks/div2k/DIV2K_valid_LR_bicubic/X4/0808x4.png,27.948103868891696,26.55429051275693
DIV2K,0808,stage2_guarded_hflip,/home/ubuntu/scratch/sr-diffusion/benchmark_outputs/stage2_guarded_detail_v2_tta_hflip/DIV2K/0808/base.png,/home/ubuntu/scratch/sr-diffusion/benchmarks/div2k/DIV2K_valid_HR/0808.png,/home/ubuntu/scratch/sr-diffusion/benchmarks/div2k/DIV2K_valid_LR_bicubic/X4/0808x4.png,27.992524943463447,26.599781245693137
DIV2K,0808,stage2_guarded_x8,/home/ubuntu/scratch/sr-diffusion/benchmark_outputs/stage2_guarded_detail_v2_tta_x8/DIV2K/0808/base.png,/home/ubuntu/scratch/sr-diffusion/benchmarks/div2k/DIV2K_valid_HR/0808.png,/home/ubuntu/scratch/sr-diffusion/benchmarks/div2k/DIV2K_valid_LR_bicubic/X4/0808x4.png,28.022853443006376,26.63265101984086
DIV2K,0808,detail_v2_masked,/home/ubuntu/scratch/sr-diffusion/benchmark_outputs/detail_v2_masked/DIV2K/0808/detail.png,/home/ubuntu/scratch/sr-diffusion/benchmarks/div2k/DIV2K_valid_HR/0808.png,/home/ubuntu/scratch/sr-diffusion/benchmarks/div2k/DIV2K_valid_LR_bicubic/X4/0808x4.png,28.11145581892208,26.722739228630882
DIV2K,0808,refiner_v2,/home/ubuntu/scratch/sr-diffusion/benchmark_outputs/refiner_v2/DIV2K/0808/refined.png,/home/ubuntu/scratch/sr-diffusion/benchmarks/div2k/DIV2K_valid_HR/0808.png,/home/ubuntu/scratch/sr-diffusion/benchmarks/div2k/DIV2K_valid_LR_bicubic/X4/0808x4.png,27.79034917500936,26.359397837681968
DIV2K,0808,realesrgan,/home/ubuntu/scratch/sr-diffusion/benchmark_outputs/realesrgan/DIV2K/0808/RealESRGAN_x4plus.png,/home/ubuntu/scratch/sr-diffusion/benchmarks/div2k/DIV2K_valid_HR/0808.png,/home/ubuntu/scratch/sr-diffusion/benchmarks/div2k/DIV2K_valid_LR_bicubic/X4/0808x4.png,25.67587261484515,24.09819082234092
DIV2K,0809,bicubic,generated:matlab_bicubic_resize,/home/ubuntu/scratch/sr-diffusion/benchmarks/div2k/DIV2K_valid_HR/0809.png,/home/ubuntu/scratch/sr-diffusion/benchmarks/div2k/DIV2K_valid_LR_bicubic/X4/0809x4.png,31.979711733414675,30.476746211697915
DIV2K,0809,stage2_guarded_off,/home/ubuntu/scratch/sr-diffusion/benchmark_outputs/stage2_guarded_detail_v2_tta_off/DIV2K/0809/base.png,/home/ubuntu/scratch/sr-diffusion/benchmarks/div2k/DIV2K_valid_HR/0809.png,/home/ubuntu/scratch/sr-diffusion/benchmarks/div2k/DIV2K_valid_LR_bicubic/X4/0809x4.png,33.07299213662787,31.529499406506567
DIV2K,0809,stage2_guarded_hflip,/home/ubuntu/scratch/sr-diffusion/benchmark_outputs/stage2_guarded_detail_v2_tta_hflip/DIV2K/0809/base.png,/home/ubuntu/scratch/sr-diffusion/benchmarks/div2k/DIV2K_valid_HR/0809.png,/home/ubuntu/scratch/sr-diffusion/benchmarks/div2k/DIV2K_valid_LR_bicubic/X4/0809x4.png,33.140838581877595,31.597522877244884
DIV2K,0809,stage2_guarded_x8,/home/ubuntu/scratch/sr-diffusion/benchmark_outputs/stage2_guarded_detail_v2_tta_x8/DIV2K/0809/base.png,/home/ubuntu/scratch/sr-diffusion/benchmarks/div2k/DIV2K_valid_HR/0809.png,/home/ubuntu/scratch/sr-diffusion/benchmarks/div2k/DIV2K_valid_LR_bicubic/X4/0809x4.png,33.214116769046406,31.679365448202827
DIV2K,0809,detail_v2_masked,/home/ubuntu/scratch/sr-diffusion/benchmark_outputs/detail_v2_masked/DIV2K/0809/detail.png,/home/ubuntu/scratch/sr-diffusion/benchmarks/div2k/DIV2K_valid_HR/0809.png,/home/ubuntu/scratch/sr-diffusion/benchmarks/div2k/DIV2K_valid_LR_bicubic/X4/0809x4.png,33.208687972327404,31.68228171180612
DIV2K,0809,refiner_v2,/home/ubuntu/scratch/sr-diffusion/benchmark_outputs/refiner_v2/DIV2K/0809/refined.png,/home/ubuntu/scratch/sr-diffusion/benchmarks/div2k/DIV2K_valid_HR/0809.png,/home/ubuntu/scratch/sr-diffusion/benchmarks/div2k/DIV2K_valid_LR_bicubic/X4/0809x4.png,32.548601971614936,30.963047893858715
DIV2K,0809,realesrgan,/home/ubuntu/scratch/sr-diffusion/benchmark_outputs/realesrgan/DIV2K/0809/RealESRGAN_x4plus.png,/home/ubuntu/scratch/sr-diffusion/benchmarks/div2k/DIV2K_valid_HR/0809.png,/home/ubuntu/scratch/sr-diffusion/benchmarks/div2k/DIV2K_valid_LR_bicubic/X4/0809x4.png,28.13839589795849,26.275286952261972
DIV2K,0810,bicubic,generated:matlab_bicubic_resize,/home/ubuntu/scratch/sr-diffusion/benchmarks/div2k/DIV2K_valid_HR/0810.png,/home/ubuntu/scratch/sr-diffusion/benchmarks/div2k/DIV2K_valid_LR_bicubic/X4/0810x4.png,26.972769027906978,25.796789610372734
DIV2K,0810,stage2_guarded_off,/home/ubuntu/scratch/sr-diffusion/benchmark_outputs/stage2_guarded_detail_v2_tta_off/DIV2K/0810/base.png,/home/ubuntu/scratch/sr-diffusion/benchmarks/div2k/DIV2K_valid_HR/0810.png,/home/ubuntu/scratch/sr-diffusion/benchmarks/div2k/DIV2K_valid_LR_bicubic/X4/0810x4.png,27.573467698634502,26.337896319139865
DIV2K,0810,stage2_guarded_hflip,/home/ubuntu/scratch/sr-diffusion/benchmark_outputs/stage2_guarded_detail_v2_tta_hflip/DIV2K/0810/base.png,/home/ubuntu/scratch/sr-diffusion/benchmarks/div2k/DIV2K_valid_HR/0810.png,/home/ubuntu/scratch/sr-diffusion/benchmarks/div2k/DIV2K_valid_LR_bicubic/X4/0810x4.png,27.608343199960114,26.373757014759867
DIV2K,0810,stage2_guarded_x8,/home/ubuntu/scratch/sr-diffusion/benchmark_outputs/stage2_guarded_detail_v2_tta_x8/DIV2K/0810/base.png,/home/ubuntu/scratch/sr-diffusion/benchmarks/div2k/DIV2K_valid_HR/0810.png,/home/ubuntu/scratch/sr-diffusion/benchmarks/div2k/DIV2K_valid_LR_bicubic/X4/0810x4.png,27.6397330428017,26.40692549795887
DIV2K,0810,detail_v2_masked,/home/ubuntu/scratch/sr-diffusion/benchmark_outputs/detail_v2_masked/DIV2K/0810/detail.png,/home/ubuntu/scratch/sr-diffusion/benchmarks/div2k/DIV2K_valid_HR/0810.png,/home/ubuntu/scratch/sr-diffusion/benchmarks/div2k/DIV2K_valid_LR_bicubic/X4/0810x4.png,27.600319883089917,26.38187708122649
DIV2K,0810,refiner_v2,/home/ubuntu/scratch/sr-diffusion/benchmark_outputs/refiner_v2/DIV2K/0810/refined.png,/home/ubuntu/scratch/sr-diffusion/benchmarks/div2k/DIV2K_valid_HR/0810.png,/home/ubuntu/scratch/sr-diffusion/benchmarks/div2k/DIV2K_valid_LR_bicubic/X4/0810x4.png,27.44829208177554,26.198828852646994
DIV2K,0810,realesrgan,/home/ubuntu/scratch/sr-diffusion/benchmark_outputs/realesrgan/DIV2K/0810/RealESRGAN_x4plus.png,/home/ubuntu/scratch/sr-diffusion/benchmarks/div2k/DIV2K_valid_HR/0810.png,/home/ubuntu/scratch/sr-diffusion/benchmarks/div2k/DIV2K_valid_LR_bicubic/X4/0810x4.png,23.290378068813023,21.940665047089766
DIV2K,0811,bicubic,generated:matlab_bicubic_resize,/home/ubuntu/scratch/sr-diffusion/benchmarks/div2k/DIV2K_valid_HR/0811.png,/home/ubuntu/scratch/sr-diffusion/benchmarks/div2k/DIV2K_valid_LR_bicubic/X4/0811x4.png,29.0753367233034,27.98478754284604
DIV2K,0811,stage2_guarded_off,/home/ubuntu/scratch/sr-diffusion/benchmark_outputs/stage2_guarded_detail_v2_tta_off/DIV2K/0811/base.png,/home/ubuntu/scratch/sr-diffusion/benchmarks/div2k/DIV2K_valid_HR/0811.png,/home/ubuntu/scratch/sr-diffusion/benchmarks/div2k/DIV2K_valid_LR_bicubic/X4/0811x4.png,29.70823673626798,28.562499659686825
DIV2K,0811,stage2_guarded_hflip,/home/ubuntu/scratch/sr-diffusion/benchmark_outputs/stage2_guarded_detail_v2_tta_hflip/DIV2K/0811/base.png,/home/ubuntu/scratch/sr-diffusion/benchmarks/div2k/DIV2K_valid_HR/0811.png,/home/ubuntu/scratch/sr-diffusion/benchmarks/div2k/DIV2K_valid_LR_bicubic/X4/0811x4.png,29.749979146536273,28.60658537963799
DIV2K,0811,stage2_guarded_x8,/home/ubuntu/scratch/sr-diffusion/benchmark_outputs/stage2_guarded_detail_v2_tta_x8/DIV2K/0811/base.png,/home/ubuntu/scratch/sr-diffusion/benchmarks/div2k/DIV2K_valid_HR/0811.png,/home/ubuntu/scratch/sr-diffusion/benchmarks/div2k/DIV2K_valid_LR_bicubic/X4/0811x4.png,29.813822300929584,28.680916946059494
DIV2K,0811,detail_v2_masked,/home/ubuntu/scratch/sr-diffusion/benchmark_outputs/detail_v2_masked/DIV2K/0811/detail.png,/home/ubuntu/scratch/sr-diffusion/benchmarks/div2k/DIV2K_valid_HR/0811.png,/home/ubuntu/scratch/sr-diffusion/benchmarks/div2k/DIV2K_valid_LR_bicubic/X4/0811x4.png,29.78459002250327,28.652282271904703
DIV2K,0811,refiner_v2,/home/ubuntu/scratch/sr-diffusion/benchmark_outputs/refiner_v2/DIV2K/0811/refined.png,/home/ubuntu/scratch/sr-diffusion/benchmarks/div2k/DIV2K_valid_HR/0811.png,/home/ubuntu/scratch/sr-diffusion/benchmarks/div2k/DIV2K_valid_LR_bicubic/X4/0811x4.png,29.471970495271208,28.294581137828686
DIV2K,0811,realesrgan,/home/ubuntu/scratch/sr-diffusion/benchmark_outputs/realesrgan/DIV2K/0811/RealESRGAN_x4plus.png,/home/ubuntu/scratch/sr-diffusion/benchmarks/div2k/DIV2K_valid_HR/0811.png,/home/ubuntu/scratch/sr-diffusion/benchmarks/div2k/DIV2K_valid_LR_bicubic/X4/0811x4.png,24.965558508895857,23.653013556696393
DIV2K,0812,bicubic,generated:matlab_bicubic_resize,/home/ubuntu/scratch/sr-diffusion/benchmarks/div2k/DIV2K_valid_HR/0812.png,/home/ubuntu/scratch/sr-diffusion/benchmarks/div2k/DIV2K_valid_LR_bicubic/X4/0812x4.png,26.850286416339078,25.614347536681812
DIV2K,0812,stage2_guarded_off,/home/ubuntu/scratch/sr-diffusion/benchmark_outputs/stage2_guarded_detail_v2_tta_off/DIV2K/0812/base.png,/home/ubuntu/scratch/sr-diffusion/benchmarks/div2k/DIV2K_valid_HR/0812.png,/home/ubuntu/scratch/sr-diffusion/benchmarks/div2k/DIV2K_valid_LR_bicubic/X4/0812x4.png,28.674247582105806,27.43327749710833
DIV2K,0812,stage2_guarded_hflip,/home/ubuntu/scratch/sr-diffusion/benchmark_outputs/stage2_guarded_detail_v2_tta_hflip/DIV2K/0812/base.png,/home/ubuntu/scratch/sr-diffusion/benchmarks/div2k/DIV2K_valid_HR/0812.png,/home/ubuntu/scratch/sr-diffusion/benchmarks/div2k/DIV2K_valid_LR_bicubic/X4/0812x4.png,28.72631731996373,27.487767227857155
DIV2K,0812,stage2_guarded_x8,/home/ubuntu/scratch/sr-diffusion/benchmark_outputs/stage2_guarded_detail_v2_tta_x8/DIV2K/0812/base.png,/home/ubuntu/scratch/sr-diffusion/benchmarks/div2k/DIV2K_valid_HR/0812.png,/home/ubuntu/scratch/sr-diffusion/benchmarks/div2k/DIV2K_valid_LR_bicubic/X4/0812x4.png,28.801152742070496,27.57008914874063
DIV2K,0812,detail_v2_masked,/home/ubuntu/scratch/sr-diffusion/benchmark_outputs/detail_v2_masked/DIV2K/0812/detail.png,/home/ubuntu/scratch/sr-diffusion/benchmarks/div2k/DIV2K_valid_HR/0812.png,/home/ubuntu/scratch/sr-diffusion/benchmarks/div2k/DIV2K_valid_LR_bicubic/X4/0812x4.png,28.8980260836805,27.664965367253515
DIV2K,0812,refiner_v2,/home/ubuntu/scratch/sr-diffusion/benchmark_outputs/refiner_v2/DIV2K/0812/refined.png,/home/ubuntu/scratch/sr-diffusion/benchmarks/div2k/DIV2K_valid_HR/0812.png,/home/ubuntu/scratch/sr-diffusion/benchmarks/div2k/DIV2K_valid_LR_bicubic/X4/0812x4.png,28.125702332616793,26.858019630144447
DIV2K,0812,realesrgan,/home/ubuntu/scratch/sr-diffusion/benchmark_outputs/realesrgan/DIV2K/0812/RealESRGAN_x4plus.png,/home/ubuntu/scratch/sr-diffusion/benchmarks/div2k/DIV2K_valid_HR/0812.png,/home/ubuntu/scratch/sr-diffusion/benchmarks/div2k/DIV2K_valid_LR_bicubic/X4/0812x4.png,24.792696884368702,23.445487703790896
DIV2K,0813,bicubic,generated:matlab_bicubic_resize,/home/ubuntu/scratch/sr-diffusion/benchmarks/div2k/DIV2K_valid_HR/0813.png,/home/ubuntu/scratch/sr-diffusion/benchmarks/div2k/DIV2K_valid_LR_bicubic/X4/0813x4.png,30.20637705153463,28.822028775596156
DIV2K,0813,stage2_guarded_off,/home/ubuntu/scratch/sr-diffusion/benchmark_outputs/stage2_guarded_detail_v2_tta_off/DIV2K/0813/base.png,/home/ubuntu/scratch/sr-diffusion/benchmarks/div2k/DIV2K_valid_HR/0813.png,/home/ubuntu/scratch/sr-diffusion/benchmarks/div2k/DIV2K_valid_LR_bicubic/X4/0813x4.png,32.435793834790935,30.97961170841017
DIV2K,0813,stage2_guarded_hflip,/home/ubuntu/scratch/sr-diffusion/benchmark_outputs/stage2_guarded_detail_v2_tta_hflip/DIV2K/0813/base.png,/home/ubuntu/scratch/sr-diffusion/benchmarks/div2k/DIV2K_valid_HR/0813.png,/home/ubuntu/scratch/sr-diffusion/benchmarks/div2k/DIV2K_valid_LR_bicubic/X4/0813x4.png,32.50454863599089,31.053550314449538
DIV2K,0813,stage2_guarded_x8,/home/ubuntu/scratch/sr-diffusion/benchmark_outputs/stage2_guarded_detail_v2_tta_x8/DIV2K/0813/base.png,/home/ubuntu/scratch/sr-diffusion/benchmarks/div2k/DIV2K_valid_HR/0813.png,/home/ubuntu/scratch/sr-diffusion/benchmarks/div2k/DIV2K_valid_LR_bicubic/X4/0813x4.png,32.56504917440766,31.124803173973294
DIV2K,0813,detail_v2_masked,/home/ubuntu/scratch/sr-diffusion/benchmark_outputs/detail_v2_masked/DIV2K/0813/detail.png,/home/ubuntu/scratch/sr-diffusion/benchmarks/div2k/DIV2K_valid_HR/0813.png,/home/ubuntu/scratch/sr-diffusion/benchmarks/div2k/DIV2K_valid_LR_bicubic/X4/0813x4.png,32.671827204089,31.221533920449577
DIV2K,0813,refiner_v2,/home/ubuntu/scratch/sr-diffusion/benchmark_outputs/refiner_v2/DIV2K/0813/refined.png,/home/ubuntu/scratch/sr-diffusion/benchmarks/div2k/DIV2K_valid_HR/0813.png,/home/ubuntu/scratch/sr-diffusion/benchmarks/div2k/DIV2K_valid_LR_bicubic/X4/0813x4.png,32.12266619377515,30.640525253679417
DIV2K,0813,realesrgan,/home/ubuntu/scratch/sr-diffusion/benchmark_outputs/realesrgan/DIV2K/0813/RealESRGAN_x4plus.png,/home/ubuntu/scratch/sr-diffusion/benchmarks/div2k/DIV2K_valid_HR/0813.png,/home/ubuntu/scratch/sr-diffusion/benchmarks/div2k/DIV2K_valid_LR_bicubic/X4/0813x4.png,28.94389852064803,27.06246685700371
DIV2K,0814,bicubic,generated:matlab_bicubic_resize,/home/ubuntu/scratch/sr-diffusion/benchmarks/div2k/DIV2K_valid_HR/0814.png,/home/ubuntu/scratch/sr-diffusion/benchmarks/div2k/DIV2K_valid_LR_bicubic/X4/0814x4.png,27.949684886370715,26.554310588486246
DIV2K,0814,stage2_guarded_off,/home/ubuntu/scratch/sr-diffusion/benchmark_outputs/stage2_guarded_detail_v2_tta_off/DIV2K/0814/base.png,/home/ubuntu/scratch/sr-diffusion/benchmarks/div2k/DIV2K_valid_HR/0814.png,/home/ubuntu/scratch/sr-diffusion/benchmarks/div2k/DIV2K_valid_LR_bicubic/X4/0814x4.png,29.264007035046898,27.826787546226832
DIV2K,0814,stage2_guarded_hflip,/home/ubuntu/scratch/sr-diffusion/benchmark_outputs/stage2_guarded_detail_v2_tta_hflip/DIV2K/0814/base.png,/home/ubuntu/scratch/sr-diffusion/benchmarks/div2k/DIV2K_valid_HR/0814.png,/home/ubuntu/scratch/sr-diffusion/benchmarks/div2k/DIV2K_valid_LR_bicubic/X4/0814x4.png,29.297818676170042,27.86231401222649
DIV2K,0814,stage2_guarded_x8,/home/ubuntu/scratch/sr-diffusion/benchmark_outputs/stage2_guarded_detail_v2_tta_x8/DIV2K/0814/base.png,/home/ubuntu/scratch/sr-diffusion/benchmarks/div2k/DIV2K_valid_HR/0814.png,/home/ubuntu/scratch/sr-diffusion/benchmarks/div2k/DIV2K_valid_LR_bicubic/X4/0814x4.png,29.34369847898706,27.91498302199844
DIV2K,0814,detail_v2_masked,/home/ubuntu/scratch/sr-diffusion/benchmark_outputs/detail_v2_masked/DIV2K/0814/detail.png,/home/ubuntu/scratch/sr-diffusion/benchmarks/div2k/DIV2K_valid_HR/0814.png,/home/ubuntu/scratch/sr-diffusion/benchmarks/div2k/DIV2K_valid_LR_bicubic/X4/0814x4.png,29.512698286727353,28.08026801494885
DIV2K,0814,refiner_v2,/home/ubuntu/scratch/sr-diffusion/benchmark_outputs/refiner_v2/DIV2K/0814/refined.png,/home/ubuntu/scratch/sr-diffusion/benchmarks/div2k/DIV2K_valid_HR/0814.png,/home/ubuntu/scratch/sr-diffusion/benchmarks/div2k/DIV2K_valid_LR_bicubic/X4/0814x4.png,24.31893292837341,22.958529468244073
DIV2K,0814,realesrgan,/home/ubuntu/scratch/sr-diffusion/benchmark_outputs/realesrgan/DIV2K/0814/RealESRGAN_x4plus.png,/home/ubuntu/scratch/sr-diffusion/benchmarks/div2k/DIV2K_valid_HR/0814.png,/home/ubuntu/scratch/sr-diffusion/benchmarks/div2k/DIV2K_valid_LR_bicubic/X4/0814x4.png,27.549171955338053,25.90501571068863
DIV2K,0815,bicubic,generated:matlab_bicubic_resize,/home/ubuntu/scratch/sr-diffusion/benchmarks/div2k/DIV2K_valid_HR/0815.png,/home/ubuntu/scratch/sr-diffusion/benchmarks/div2k/DIV2K_valid_LR_bicubic/X4/0815x4.png,33.81687062488898,31.655587982723944
DIV2K,0815,stage2_guarded_off,/home/ubuntu/scratch/sr-diffusion/benchmark_outputs/stage2_guarded_detail_v2_tta_off/DIV2K/0815/base.png,/home/ubuntu/scratch/sr-diffusion/benchmarks/div2k/DIV2K_valid_HR/0815.png,/home/ubuntu/scratch/sr-diffusion/benchmarks/div2k/DIV2K_valid_LR_bicubic/X4/0815x4.png,35.90840795346483,33.582973478168725
DIV2K,0815,stage2_guarded_hflip,/home/ubuntu/scratch/sr-diffusion/benchmark_outputs/stage2_guarded_detail_v2_tta_hflip/DIV2K/0815/base.png,/home/ubuntu/scratch/sr-diffusion/benchmarks/div2k/DIV2K_valid_HR/0815.png,/home/ubuntu/scratch/sr-diffusion/benchmarks/div2k/DIV2K_valid_LR_bicubic/X4/0815x4.png,35.9587714311732,33.636063065238986
DIV2K,0815,stage2_guarded_x8,/home/ubuntu/scratch/sr-diffusion/benchmark_outputs/stage2_guarded_detail_v2_tta_x8/DIV2K/0815/base.png,/home/ubuntu/scratch/sr-diffusion/benchmarks/div2k/DIV2K_valid_HR/0815.png,/home/ubuntu/scratch/sr-diffusion/benchmarks/div2k/DIV2K_valid_LR_bicubic/X4/0815x4.png,36.01119240539041,33.69133793280167
DIV2K,0815,detail_v2_masked,/home/ubuntu/scratch/sr-diffusion/benchmark_outputs/detail_v2_masked/DIV2K/0815/detail.png,/home/ubuntu/scratch/sr-diffusion/benchmarks/div2k/DIV2K_valid_HR/0815.png,/home/ubuntu/scratch/sr-diffusion/benchmarks/div2k/DIV2K_valid_LR_bicubic/X4/0815x4.png,36.084899004460055,33.77686797559102
DIV2K,0815,refiner_v2,/home/ubuntu/scratch/sr-diffusion/benchmark_outputs/refiner_v2/DIV2K/0815/refined.png,/home/ubuntu/scratch/sr-diffusion/benchmarks/div2k/DIV2K_valid_HR/0815.png,/home/ubuntu/scratch/sr-diffusion/benchmarks/div2k/DIV2K_valid_LR_bicubic/X4/0815x4.png,35.45210187597597,33.17233616508567
DIV2K,0815,realesrgan,/home/ubuntu/scratch/sr-diffusion/benchmark_outputs/realesrgan/DIV2K/0815/RealESRGAN_x4plus.png,/home/ubuntu/scratch/sr-diffusion/benchmarks/div2k/DIV2K_valid_HR/0815.png,/home/ubuntu/scratch/sr-diffusion/benchmarks/div2k/DIV2K_valid_LR_bicubic/X4/0815x4.png,31.645770764481025,28.534731697190452
DIV2K,0816,bicubic,generated:matlab_bicubic_resize,/home/ubuntu/scratch/sr-diffusion/benchmarks/div2k/DIV2K_valid_HR/0816.png,/home/ubuntu/scratch/sr-diffusion/benchmarks/div2k/DIV2K_valid_LR_bicubic/X4/0816x4.png,31.00305407963418,29.697207748413625
DIV2K,0816,stage2_guarded_off,/home/ubuntu/scratch/sr-diffusion/benchmark_outputs/stage2_guarded_detail_v2_tta_off/DIV2K/0816/base.png,/home/ubuntu/scratch/sr-diffusion/benchmarks/div2k/DIV2K_valid_HR/0816.png,/home/ubuntu/scratch/sr-diffusion/benchmarks/div2k/DIV2K_valid_LR_bicubic/X4/0816x4.png,32.83007305529616,31.49177109513268
DIV2K,0816,stage2_guarded_hflip,/home/ubuntu/scratch/sr-diffusion/benchmark_outputs/stage2_guarded_detail_v2_tta_hflip/DIV2K/0816/base.png,/home/ubuntu/scratch/sr-diffusion/benchmarks/div2k/DIV2K_valid_HR/0816.png,/home/ubuntu/scratch/sr-diffusion/benchmarks/div2k/DIV2K_valid_LR_bicubic/X4/0816x4.png,32.873793946006195,31.53691984891809
DIV2K,0816,stage2_guarded_x8,/home/ubuntu/scratch/sr-diffusion/benchmark_outputs/stage2_guarded_detail_v2_tta_x8/DIV2K/0816/base.png,/home/ubuntu/scratch/sr-diffusion/benchmarks/div2k/DIV2K_valid_HR/0816.png,/home/ubuntu/scratch/sr-diffusion/benchmarks/div2k/DIV2K_valid_LR_bicubic/X4/0816x4.png,32.90419677566765,31.573838913692143
DIV2K,0816,detail_v2_masked,/home/ubuntu/scratch/sr-diffusion/benchmark_outputs/detail_v2_masked/DIV2K/0816/detail.png,/home/ubuntu/scratch/sr-diffusion/benchmarks/div2k/DIV2K_valid_HR/0816.png,/home/ubuntu/scratch/sr-diffusion/benchmarks/div2k/DIV2K_valid_LR_bicubic/X4/0816x4.png,32.9613435090097,31.625713224527363
DIV2K,0816,refiner_v2,/home/ubuntu/scratch/sr-diffusion/benchmark_outputs/refiner_v2/DIV2K/0816/refined.png,/home/ubuntu/scratch/sr-diffusion/benchmarks/div2k/DIV2K_valid_HR/0816.png,/home/ubuntu/scratch/sr-diffusion/benchmarks/div2k/DIV2K_valid_LR_bicubic/X4/0816x4.png,32.57882008704978,31.22710295032711
DIV2K,0816,realesrgan,/home/ubuntu/scratch/sr-diffusion/benchmark_outputs/realesrgan/DIV2K/0816/RealESRGAN_x4plus.png,/home/ubuntu/scratch/sr-diffusion/benchmarks/div2k/DIV2K_valid_HR/0816.png,/home/ubuntu/scratch/sr-diffusion/benchmarks/div2k/DIV2K_valid_LR_bicubic/X4/0816x4.png,30.195102972339235,28.75045950780432
DIV2K,0817,bicubic,generated:matlab_bicubic_resize,/home/ubuntu/scratch/sr-diffusion/benchmarks/div2k/DIV2K_valid_HR/0817.png,/home/ubuntu/scratch/sr-diffusion/benchmarks/div2k/DIV2K_valid_LR_bicubic/X4/0817x4.png,31.788819354848957,29.948732829223555
DIV2K,0817,stage2_guarded_off,/home/ubuntu/scratch/sr-diffusion/benchmark_outputs/stage2_guarded_detail_v2_tta_off/DIV2K/0817/base.png,/home/ubuntu/scratch/sr-diffusion/benchmarks/div2k/DIV2K_valid_HR/0817.png,/home/ubuntu/scratch/sr-diffusion/benchmarks/div2k/DIV2K_valid_LR_bicubic/X4/0817x4.png,33.07498365625036,31.248417273520825
DIV2K,0817,stage2_guarded_hflip,/home/ubuntu/scratch/sr-diffusion/benchmark_outputs/stage2_guarded_detail_v2_tta_hflip/DIV2K/0817/base.png,/home/ubuntu/scratch/sr-diffusion/benchmarks/div2k/DIV2K_valid_HR/0817.png,/home/ubuntu/scratch/sr-diffusion/benchmarks/div2k/DIV2K_valid_LR_bicubic/X4/0817x4.png,33.112493025735084,31.299889043353982
DIV2K,0817,stage2_guarded_x8,/home/ubuntu/scratch/sr-diffusion/benchmark_outputs/stage2_guarded_detail_v2_tta_x8/DIV2K/0817/base.png,/home/ubuntu/scratch/sr-diffusion/benchmarks/div2k/DIV2K_valid_HR/0817.png,/home/ubuntu/scratch/sr-diffusion/benchmarks/div2k/DIV2K_valid_LR_bicubic/X4/0817x4.png,33.23050295751221,31.454198754079297
DIV2K,0817,detail_v2_masked,/home/ubuntu/scratch/sr-diffusion/benchmark_outputs/detail_v2_masked/DIV2K/0817/detail.png,/home/ubuntu/scratch/sr-diffusion/benchmarks/div2k/DIV2K_valid_HR/0817.png,/home/ubuntu/scratch/sr-diffusion/benchmarks/div2k/DIV2K_valid_LR_bicubic/X4/0817x4.png,33.26949034533945,31.44846344978721
DIV2K,0817,refiner_v2,/home/ubuntu/scratch/sr-diffusion/benchmark_outputs/refiner_v2/DIV2K/0817/refined.png,/home/ubuntu/scratch/sr-diffusion/benchmarks/div2k/DIV2K_valid_HR/0817.png,/home/ubuntu/scratch/sr-diffusion/benchmarks/div2k/DIV2K_valid_LR_bicubic/X4/0817x4.png,30.09613347607688,27.024330913185118
DIV2K,0817,realesrgan,/home/ubuntu/scratch/sr-diffusion/benchmark_outputs/realesrgan/DIV2K/0817/RealESRGAN_x4plus.png,/home/ubuntu/scratch/sr-diffusion/benchmarks/div2k/DIV2K_valid_HR/0817.png,/home/ubuntu/scratch/sr-diffusion/benchmarks/div2k/DIV2K_valid_LR_bicubic/X4/0817x4.png,28.73214012136931,24.890888425395357
DIV2K,0818,bicubic,generated:matlab_bicubic_resize,/home/ubuntu/scratch/sr-diffusion/benchmarks/div2k/DIV2K_valid_HR/0818.png,/home/ubuntu/scratch/sr-diffusion/benchmarks/div2k/DIV2K_valid_LR_bicubic/X4/0818x4.png,27.844286231432886,26.551832777424465
DIV2K,0818,stage2_guarded_off,/home/ubuntu/scratch/sr-diffusion/benchmark_outputs/stage2_guarded_detail_v2_tta_off/DIV2K/0818/base.png,/home/ubuntu/scratch/sr-diffusion/benchmarks/div2k/DIV2K_valid_HR/0818.png,/home/ubuntu/scratch/sr-diffusion/benchmarks/div2k/DIV2K_valid_LR_bicubic/X4/0818x4.png,29.898760944643996,28.52700939246227
DIV2K,0818,stage2_guarded_hflip,/home/ubuntu/scratch/sr-diffusion/benchmark_outputs/stage2_guarded_detail_v2_tta_hflip/DIV2K/0818/base.png,/home/ubuntu/scratch/sr-diffusion/benchmarks/div2k/DIV2K_valid_HR/0818.png,/home/ubuntu/scratch/sr-diffusion/benchmarks/div2k/DIV2K_valid_LR_bicubic/X4/0818x4.png,29.939255051637296,28.57236025972672
DIV2K,0818,stage2_guarded_x8,/home/ubuntu/scratch/sr-diffusion/benchmark_outputs/stage2_guarded_detail_v2_tta_x8/DIV2K/0818/base.png,/home/ubuntu/scratch/sr-diffusion/benchmarks/div2k/DIV2K_valid_HR/0818.png,/home/ubuntu/scratch/sr-diffusion/benchmarks/div2k/DIV2K_valid_LR_bicubic/X4/0818x4.png,29.96885356480858,28.610791875143775
DIV2K,0818,detail_v2_masked,/home/ubuntu/scratch/sr-diffusion/benchmark_outputs/detail_v2_masked/DIV2K/0818/detail.png,/home/ubuntu/scratch/sr-diffusion/benchmarks/div2k/DIV2K_valid_HR/0818.png,/home/ubuntu/scratch/sr-diffusion/benchmarks/div2k/DIV2K_valid_LR_bicubic/X4/0818x4.png,30.0606417086603,28.707980584834903
DIV2K,0818,refiner_v2,/home/ubuntu/scratch/sr-diffusion/benchmark_outputs/refiner_v2/DIV2K/0818/refined.png,/home/ubuntu/scratch/sr-diffusion/benchmarks/div2k/DIV2K_valid_HR/0818.png,/home/ubuntu/scratch/sr-diffusion/benchmarks/div2k/DIV2K_valid_LR_bicubic/X4/0818x4.png,29.56012060918841,28.175489883258923
DIV2K,0818,realesrgan,/home/ubuntu/scratch/sr-diffusion/benchmark_outputs/realesrgan/DIV2K/0818/RealESRGAN_x4plus.png,/home/ubuntu/scratch/sr-diffusion/benchmarks/div2k/DIV2K_valid_HR/0818.png,/home/ubuntu/scratch/sr-diffusion/benchmarks/div2k/DIV2K_valid_LR_bicubic/X4/0818x4.png,26.352405224623983,24.529708964640875
DIV2K,0819,bicubic,generated:matlab_bicubic_resize,/home/ubuntu/scratch/sr-diffusion/benchmarks/div2k/DIV2K_valid_HR/0819.png,/home/ubuntu/scratch/sr-diffusion/benchmarks/div2k/DIV2K_valid_LR_bicubic/X4/0819x4.png,27.95957605572735,26.37853157446488
DIV2K,0819,stage2_guarded_off,/home/ubuntu/scratch/sr-diffusion/benchmark_outputs/stage2_guarded_detail_v2_tta_off/DIV2K/0819/base.png,/home/ubuntu/scratch/sr-diffusion/benchmarks/div2k/DIV2K_valid_HR/0819.png,/home/ubuntu/scratch/sr-diffusion/benchmarks/div2k/DIV2K_valid_LR_bicubic/X4/0819x4.png,29.32650486892519,27.70208382574645
DIV2K,0819,stage2_guarded_hflip,/home/ubuntu/scratch/sr-diffusion/benchmark_outputs/stage2_guarded_detail_v2_tta_hflip/DIV2K/0819/base.png,/home/ubuntu/scratch/sr-diffusion/benchmarks/div2k/DIV2K_valid_HR/0819.png,/home/ubuntu/scratch/sr-diffusion/benchmarks/div2k/DIV2K_valid_LR_bicubic/X4/0819x4.png,29.365453704902077,27.74205804792715
DIV2K,0819,stage2_guarded_x8,/home/ubuntu/scratch/sr-diffusion/benchmark_outputs/stage2_guarded_detail_v2_tta_x8/DIV2K/0819/base.png,/home/ubuntu/scratch/sr-diffusion/benchmarks/div2k/DIV2K_valid_HR/0819.png,/home/ubuntu/scratch/sr-diffusion/benchmarks/div2k/DIV2K_valid_LR_bicubic/X4/0819x4.png,29.391605183072915,27.772560926468614
DIV2K,0819,detail_v2_masked,/home/ubuntu/scratch/sr-diffusion/benchmark_outputs/detail_v2_masked/DIV2K/0819/detail.png,/home/ubuntu/scratch/sr-diffusion/benchmarks/div2k/DIV2K_valid_HR/0819.png,/home/ubuntu/scratch/sr-diffusion/benchmarks/div2k/DIV2K_valid_LR_bicubic/X4/0819x4.png,29.485656927957958,27.86433458877895
DIV2K,0819,refiner_v2,/home/ubuntu/scratch/sr-diffusion/benchmark_outputs/refiner_v2/DIV2K/0819/refined.png,/home/ubuntu/scratch/sr-diffusion/benchmarks/div2k/DIV2K_valid_HR/0819.png,/home/ubuntu/scratch/sr-diffusion/benchmarks/div2k/DIV2K_valid_LR_bicubic/X4/0819x4.png,29.07995005132738,27.460846811961307
DIV2K,0819,realesrgan,/home/ubuntu/scratch/sr-diffusion/benchmark_outputs/realesrgan/DIV2K/0819/RealESRGAN_x4plus.png,/home/ubuntu/scratch/sr-diffusion/benchmarks/div2k/DIV2K_valid_HR/0819.png,/home/ubuntu/scratch/sr-diffusion/benchmarks/div2k/DIV2K_valid_LR_bicubic/X4/0819x4.png,25.708684880858975,23.8885165377703
DIV2K,0820,bicubic,generated:matlab_bicubic_resize,/home/ubuntu/scratch/sr-diffusion/benchmarks/div2k/DIV2K_valid_HR/0820.png,/home/ubuntu/scratch/sr-diffusion/benchmarks/div2k/DIV2K_valid_LR_bicubic/X4/0820x4.png,23.010632059767715,21.617918585228594
DIV2K,0820,stage2_guarded_off,/home/ubuntu/scratch/sr-diffusion/benchmark_outputs/stage2_guarded_detail_v2_tta_off/DIV2K/0820/base.png,/home/ubuntu/scratch/sr-diffusion/benchmarks/div2k/DIV2K_valid_HR/0820.png,/home/ubuntu/scratch/sr-diffusion/benchmarks/div2k/DIV2K_valid_LR_bicubic/X4/0820x4.png,25.520963922442725,24.125406590376627
DIV2K,0820,stage2_guarded_hflip,/home/ubuntu/scratch/sr-diffusion/benchmark_outputs/stage2_guarded_detail_v2_tta_hflip/DIV2K/0820/base.png,/home/ubuntu/scratch/sr-diffusion/benchmarks/div2k/DIV2K_valid_HR/0820.png,/home/ubuntu/scratch/sr-diffusion/benchmarks/div2k/DIV2K_valid_LR_bicubic/X4/0820x4.png,25.56419689843651,24.171875245292377
DIV2K,0820,stage2_guarded_x8,/home/ubuntu/scratch/sr-diffusion/benchmark_outputs/stage2_guarded_detail_v2_tta_x8/DIV2K/0820/base.png,/home/ubuntu/scratch/sr-diffusion/benchmarks/div2k/DIV2K_valid_HR/0820.png,/home/ubuntu/scratch/sr-diffusion/benchmarks/div2k/DIV2K_valid_LR_bicubic/X4/0820x4.png,25.66393702172059,24.275512852858043
DIV2K,0820,detail_v2_masked,/home/ubuntu/scratch/sr-diffusion/benchmark_outputs/detail_v2_masked/DIV2K/0820/detail.png,/home/ubuntu/scratch/sr-diffusion/benchmarks/div2k/DIV2K_valid_HR/0820.png,/home/ubuntu/scratch/sr-diffusion/benchmarks/div2k/DIV2K_valid_LR_bicubic/X4/0820x4.png,25.81360914861557,24.424405976462534
DIV2K,0820,refiner_v2,/home/ubuntu/scratch/sr-diffusion/benchmark_outputs/refiner_v2/DIV2K/0820/refined.png,/home/ubuntu/scratch/sr-diffusion/benchmarks/div2k/DIV2K_valid_HR/0820.png,/home/ubuntu/scratch/sr-diffusion/benchmarks/div2k/DIV2K_valid_LR_bicubic/X4/0820x4.png,25.359047452072083,23.939230458581516
DIV2K,0820,realesrgan,/home/ubuntu/scratch/sr-diffusion/benchmark_outputs/realesrgan/DIV2K/0820/RealESRGAN_x4plus.png,/home/ubuntu/scratch/sr-diffusion/benchmarks/div2k/DIV2K_valid_HR/0820.png,/home/ubuntu/scratch/sr-diffusion/benchmarks/div2k/DIV2K_valid_LR_bicubic/X4/0820x4.png,21.822449763379108,20.388534121827853
DIV2K,0821,bicubic,generated:matlab_bicubic_resize,/home/ubuntu/scratch/sr-diffusion/benchmarks/div2k/DIV2K_valid_HR/0821.png,/home/ubuntu/scratch/sr-diffusion/benchmarks/div2k/DIV2K_valid_LR_bicubic/X4/0821x4.png,26.450391489233557,25.171369469536856
DIV2K,0821,stage2_guarded_off,/home/ubuntu/scratch/sr-diffusion/benchmark_outputs/stage2_guarded_detail_v2_tta_off/DIV2K/0821/base.png,/home/ubuntu/scratch/sr-diffusion/benchmarks/div2k/DIV2K_valid_HR/0821.png,/home/ubuntu/scratch/sr-diffusion/benchmarks/div2k/DIV2K_valid_LR_bicubic/X4/0821x4.png,32.8955708610332,31.46320447122529
DIV2K,0821,stage2_guarded_hflip,/home/ubuntu/scratch/sr-diffusion/benchmark_outputs/stage2_guarded_detail_v2_tta_hflip/DIV2K/0821/base.png,/home/ubuntu/scratch/sr-diffusion/benchmarks/div2k/DIV2K_valid_HR/0821.png,/home/ubuntu/scratch/sr-diffusion/benchmarks/div2k/DIV2K_valid_LR_bicubic/X4/0821x4.png,33.042882012927556,31.622890844790447
DIV2K,0821,stage2_guarded_x8,/home/ubuntu/scratch/sr-diffusion/benchmark_outputs/stage2_guarded_detail_v2_tta_x8/DIV2K/0821/base.png,/home/ubuntu/scratch/sr-diffusion/benchmarks/div2k/DIV2K_valid_HR/0821.png,/home/ubuntu/scratch/sr-diffusion/benchmarks/div2k/DIV2K_valid_LR_bicubic/X4/0821x4.png,33.1608121013079,31.764923632071667
DIV2K,0821,detail_v2_masked,/home/ubuntu/scratch/sr-diffusion/benchmark_outputs/detail_v2_masked/DIV2K/0821/detail.png,/home/ubuntu/scratch/sr-diffusion/benchmarks/div2k/DIV2K_valid_HR/0821.png,/home/ubuntu/scratch/sr-diffusion/benchmarks/div2k/DIV2K_valid_LR_bicubic/X4/0821x4.png,33.032648224824385,31.55781357887374
DIV2K,0821,refiner_v2,/home/ubuntu/scratch/sr-diffusion/benchmark_outputs/refiner_v2/DIV2K/0821/refined.png,/home/ubuntu/scratch/sr-diffusion/benchmarks/div2k/DIV2K_valid_HR/0821.png,/home/ubuntu/scratch/sr-diffusion/benchmarks/div2k/DIV2K_valid_LR_bicubic/X4/0821x4.png,31.30770257685443,30.035122377515453
DIV2K,0821,realesrgan,/home/ubuntu/scratch/sr-diffusion/benchmark_outputs/realesrgan/DIV2K/0821/RealESRGAN_x4plus.png,/home/ubuntu/scratch/sr-diffusion/benchmarks/div2k/DIV2K_valid_HR/0821.png,/home/ubuntu/scratch/sr-diffusion/benchmarks/div2k/DIV2K_valid_LR_bicubic/X4/0821x4.png,28.402031767560807,26.440426532409663
DIV2K,0822,bicubic,generated:matlab_bicubic_resize,/home/ubuntu/scratch/sr-diffusion/benchmarks/div2k/DIV2K_valid_HR/0822.png,/home/ubuntu/scratch/sr-diffusion/benchmarks/div2k/DIV2K_valid_LR_bicubic/X4/0822x4.png,29.28314948991222,27.977955435337556
DIV2K,0822,stage2_guarded_off,/home/ubuntu/scratch/sr-diffusion/benchmark_outputs/stage2_guarded_detail_v2_tta_off/DIV2K/0822/base.png,/home/ubuntu/scratch/sr-diffusion/benchmarks/div2k/DIV2K_valid_HR/0822.png,/home/ubuntu/scratch/sr-diffusion/benchmarks/div2k/DIV2K_valid_LR_bicubic/X4/0822x4.png,31.687111128012646,30.22420325771005
DIV2K,0822,stage2_guarded_hflip,/home/ubuntu/scratch/sr-diffusion/benchmark_outputs/stage2_guarded_detail_v2_tta_hflip/DIV2K/0822/base.png,/home/ubuntu/scratch/sr-diffusion/benchmarks/div2k/DIV2K_valid_HR/0822.png,/home/ubuntu/scratch/sr-diffusion/benchmarks/div2k/DIV2K_valid_LR_bicubic/X4/0822x4.png,31.725036826249156,30.265771929693187
DIV2K,0822,stage2_guarded_x8,/home/ubuntu/scratch/sr-diffusion/benchmark_outputs/stage2_guarded_detail_v2_tta_x8/DIV2K/0822/base.png,/home/ubuntu/scratch/sr-diffusion/benchmarks/div2k/DIV2K_valid_HR/0822.png,/home/ubuntu/scratch/sr-diffusion/benchmarks/div2k/DIV2K_valid_LR_bicubic/X4/0822x4.png,31.774039832523616,30.321134545184684
DIV2K,0822,detail_v2_masked,/home/ubuntu/scratch/sr-diffusion/benchmark_outputs/detail_v2_masked/DIV2K/0822/detail.png,/home/ubuntu/scratch/sr-diffusion/benchmarks/div2k/DIV2K_valid_HR/0822.png,/home/ubuntu/scratch/sr-diffusion/benchmarks/div2k/DIV2K_valid_LR_bicubic/X4/0822x4.png,31.931618546703863,30.454804020457964
DIV2K,0822,refiner_v2,/home/ubuntu/scratch/sr-diffusion/benchmark_outputs/refiner_v2/DIV2K/0822/refined.png,/home/ubuntu/scratch/sr-diffusion/benchmarks/div2k/DIV2K_valid_HR/0822.png,/home/ubuntu/scratch/sr-diffusion/benchmarks/div2k/DIV2K_valid_LR_bicubic/X4/0822x4.png,31.27318403125318,29.841132439147277
DIV2K,0822,realesrgan,/home/ubuntu/scratch/sr-diffusion/benchmark_outputs/realesrgan/DIV2K/0822/RealESRGAN_x4plus.png,/home/ubuntu/scratch/sr-diffusion/benchmarks/div2k/DIV2K_valid_HR/0822.png,/home/ubuntu/scratch/sr-diffusion/benchmarks/div2k/DIV2K_valid_LR_bicubic/X4/0822x4.png,26.58550653089322,24.941358616303347
DIV2K,0823,bicubic,generated:matlab_bicubic_resize,/home/ubuntu/scratch/sr-diffusion/benchmarks/div2k/DIV2K_valid_HR/0823.png,/home/ubuntu/scratch/sr-diffusion/benchmarks/div2k/DIV2K_valid_LR_bicubic/X4/0823x4.png,25.70637388528983,24.375875469953723
DIV2K,0823,stage2_guarded_off,/home/ubuntu/scratch/sr-diffusion/benchmark_outputs/stage2_guarded_detail_v2_tta_off/DIV2K/0823/base.png,/home/ubuntu/scratch/sr-diffusion/benchmarks/div2k/DIV2K_valid_HR/0823.png,/home/ubuntu/scratch/sr-diffusion/benchmarks/div2k/DIV2K_valid_LR_bicubic/X4/0823x4.png,27.059927291686204,25.714150946352795
DIV2K,0823,stage2_guarded_hflip,/home/ubuntu/scratch/sr-diffusion/benchmark_outputs/stage2_guarded_detail_v2_tta_hflip/DIV2K/0823/base.png,/home/ubuntu/scratch/sr-diffusion/benchmarks/div2k/DIV2K_valid_HR/0823.png,/home/ubuntu/scratch/sr-diffusion/benchmarks/div2k/DIV2K_valid_LR_bicubic/X4/0823x4.png,27.094380868700352,25.751291220577805
DIV2K,0823,stage2_guarded_x8,/home/ubuntu/scratch/sr-diffusion/benchmark_outputs/stage2_guarded_detail_v2_tta_x8/DIV2K/0823/base.png,/home/ubuntu/scratch/sr-diffusion/benchmarks/div2k/DIV2K_valid_HR/0823.png,/home/ubuntu/scratch/sr-diffusion/benchmarks/div2k/DIV2K_valid_LR_bicubic/X4/0823x4.png,27.11000211759496,25.7699121579452
DIV2K,0823,detail_v2_masked,/home/ubuntu/scratch/sr-diffusion/benchmark_outputs/detail_v2_masked/DIV2K/0823/detail.png,/home/ubuntu/scratch/sr-diffusion/benchmarks/div2k/DIV2K_valid_HR/0823.png,/home/ubuntu/scratch/sr-diffusion/benchmarks/div2k/DIV2K_valid_LR_bicubic/X4/0823x4.png,27.321921512032187,25.975691172672025
DIV2K,0823,refiner_v2,/home/ubuntu/scratch/sr-diffusion/benchmark_outputs/refiner_v2/DIV2K/0823/refined.png,/home/ubuntu/scratch/sr-diffusion/benchmarks/div2k/DIV2K_valid_HR/0823.png,/home/ubuntu/scratch/sr-diffusion/benchmarks/div2k/DIV2K_valid_LR_bicubic/X4/0823x4.png,26.028778953539167,24.58193339983287
DIV2K,0823,realesrgan,/home/ubuntu/scratch/sr-diffusion/benchmark_outputs/realesrgan/DIV2K/0823/RealESRGAN_x4plus.png,/home/ubuntu/scratch/sr-diffusion/benchmarks/div2k/DIV2K_valid_HR/0823.png,/home/ubuntu/scratch/sr-diffusion/benchmarks/div2k/DIV2K_valid_LR_bicubic/X4/0823x4.png,24.159826224165673,22.679270097600117
DIV2K,0824,bicubic,generated:matlab_bicubic_resize,/home/ubuntu/scratch/sr-diffusion/benchmarks/div2k/DIV2K_valid_HR/0824.png,/home/ubuntu/scratch/sr-diffusion/benchmarks/div2k/DIV2K_valid_LR_bicubic/X4/0824x4.png,26.72851404137316,25.337210146303015
DIV2K,0824,stage2_guarded_off,/home/ubuntu/scratch/sr-diffusion/benchmark_outputs/stage2_guarded_detail_v2_tta_off/DIV2K/0824/base.png,/home/ubuntu/scratch/sr-diffusion/benchmarks/div2k/DIV2K_valid_HR/0824.png,/home/ubuntu/scratch/sr-diffusion/benchmarks/div2k/DIV2K_valid_LR_bicubic/X4/0824x4.png,29.55633089513652,28.118442140624023
DIV2K,0824,stage2_guarded_hflip,/home/ubuntu/scratch/sr-diffusion/benchmark_outputs/stage2_guarded_detail_v2_tta_hflip/DIV2K/0824/base.png,/home/ubuntu/scratch/sr-diffusion/benchmarks/div2k/DIV2K_valid_HR/0824.png,/home/ubuntu/scratch/sr-diffusion/benchmarks/div2k/DIV2K_valid_LR_bicubic/X4/0824x4.png,29.589652811796505,28.155104633952707
DIV2K,0824,stage2_guarded_x8,/home/ubuntu/scratch/sr-diffusion/benchmark_outputs/stage2_guarded_detail_v2_tta_x8/DIV2K/0824/base.png,/home/ubuntu/scratch/sr-diffusion/benchmarks/div2k/DIV2K_valid_HR/0824.png,/home/ubuntu/scratch/sr-diffusion/benchmarks/div2k/DIV2K_valid_LR_bicubic/X4/0824x4.png,29.610440691034885,28.182022264596736
DIV2K,0824,detail_v2_masked,/home/ubuntu/scratch/sr-diffusion/benchmark_outputs/detail_v2_masked/DIV2K/0824/detail.png,/home/ubuntu/scratch/sr-diffusion/benchmarks/div2k/DIV2K_valid_HR/0824.png,/home/ubuntu/scratch/sr-diffusion/benchmarks/div2k/DIV2K_valid_LR_bicubic/X4/0824x4.png,29.882253009328387,28.444994180039487
DIV2K,0824,refiner_v2,/home/ubuntu/scratch/sr-diffusion/benchmark_outputs/refiner_v2/DIV2K/0824/refined.png,/home/ubuntu/scratch/sr-diffusion/benchmarks/div2k/DIV2K_valid_HR/0824.png,/home/ubuntu/scratch/sr-diffusion/benchmarks/div2k/DIV2K_valid_LR_bicubic/X4/0824x4.png,27.68226630073224,26.14799306047921
DIV2K,0824,realesrgan,/home/ubuntu/scratch/sr-diffusion/benchmark_outputs/realesrgan/DIV2K/0824/RealESRGAN_x4plus.png,/home/ubuntu/scratch/sr-diffusion/benchmarks/div2k/DIV2K_valid_HR/0824.png,/home/ubuntu/scratch/sr-diffusion/benchmarks/div2k/DIV2K_valid_LR_bicubic/X4/0824x4.png,26.624405131433146,25.011386003225404
DIV2K,0825,bicubic,generated:matlab_bicubic_resize,/home/ubuntu/scratch/sr-diffusion/benchmarks/div2k/DIV2K_valid_HR/0825.png,/home/ubuntu/scratch/sr-diffusion/benchmarks/div2k/DIV2K_valid_LR_bicubic/X4/0825x4.png,26.15678238943612,24.751175199099258
DIV2K,0825,stage2_guarded_off,/home/ubuntu/scratch/sr-diffusion/benchmark_outputs/stage2_guarded_detail_v2_tta_off/DIV2K/0825/base.png,/home/ubuntu/scratch/sr-diffusion/benchmarks/div2k/DIV2K_valid_HR/0825.png,/home/ubuntu/scratch/sr-diffusion/benchmarks/div2k/DIV2K_valid_LR_bicubic/X4/0825x4.png,28.51354285839603,27.096036381901904
DIV2K,0825,stage2_guarded_hflip,/home/ubuntu/scratch/sr-diffusion/benchmark_outputs/stage2_guarded_detail_v2_tta_hflip/DIV2K/0825/base.png,/home/ubuntu/scratch/sr-diffusion/benchmarks/div2k/DIV2K_valid_HR/0825.png,/home/ubuntu/scratch/sr-diffusion/benchmarks/div2k/DIV2K_valid_LR_bicubic/X4/0825x4.png,28.56337986923618,27.148419287894928
DIV2K,0825,stage2_guarded_x8,/home/ubuntu/scratch/sr-diffusion/benchmark_outputs/stage2_guarded_detail_v2_tta_x8/DIV2K/0825/base.png,/home/ubuntu/scratch/sr-diffusion/benchmarks/div2k/DIV2K_valid_HR/0825.png,/home/ubuntu/scratch/sr-diffusion/benchmarks/div2k/DIV2K_valid_LR_bicubic/X4/0825x4.png,28.607692388655916,27.19938920871693
DIV2K,0825,detail_v2_masked,/home/ubuntu/scratch/sr-diffusion/benchmark_outputs/detail_v2_masked/DIV2K/0825/detail.png,/home/ubuntu/scratch/sr-diffusion/benchmarks/div2k/DIV2K_valid_HR/0825.png,/home/ubuntu/scratch/sr-diffusion/benchmarks/div2k/DIV2K_valid_LR_bicubic/X4/0825x4.png,28.78218064975536,27.366977973698074
DIV2K,0825,refiner_v2,/home/ubuntu/scratch/sr-diffusion/benchmark_outputs/refiner_v2/DIV2K/0825/refined.png,/home/ubuntu/scratch/sr-diffusion/benchmarks/div2k/DIV2K_valid_HR/0825.png,/home/ubuntu/scratch/sr-diffusion/benchmarks/div2k/DIV2K_valid_LR_bicubic/X4/0825x4.png,28.22090032866383,26.792199223624348
DIV2K,0825,realesrgan,/home/ubuntu/scratch/sr-diffusion/benchmark_outputs/realesrgan/DIV2K/0825/RealESRGAN_x4plus.png,/home/ubuntu/scratch/sr-diffusion/benchmarks/div2k/DIV2K_valid_HR/0825.png,/home/ubuntu/scratch/sr-diffusion/benchmarks/div2k/DIV2K_valid_LR_bicubic/X4/0825x4.png,25.087958878645203,23.341010005191034
DIV2K,0826,bicubic,generated:matlab_bicubic_resize,/home/ubuntu/scratch/sr-diffusion/benchmarks/div2k/DIV2K_valid_HR/0826.png,/home/ubuntu/scratch/sr-diffusion/benchmarks/div2k/DIV2K_valid_LR_bicubic/X4/0826x4.png,24.16530630140638,22.943933081945463
DIV2K,0826,stage2_guarded_off,/home/ubuntu/scratch/sr-diffusion/benchmark_outputs/stage2_guarded_detail_v2_tta_off/DIV2K/0826/base.png,/home/ubuntu/scratch/sr-diffusion/benchmarks/div2k/DIV2K_valid_HR/0826.png,/home/ubuntu/scratch/sr-diffusion/benchmarks/div2k/DIV2K_valid_LR_bicubic/X4/0826x4.png,25.285221182696436,24.048967180142697
DIV2K,0826,stage2_guarded_hflip,/home/ubuntu/scratch/sr-diffusion/benchmark_outputs/stage2_guarded_detail_v2_tta_hflip/DIV2K/0826/base.png,/home/ubuntu/scratch/sr-diffusion/benchmarks/div2k/DIV2K_valid_HR/0826.png,/home/ubuntu/scratch/sr-diffusion/benchmarks/div2k/DIV2K_valid_LR_bicubic/X4/0826x4.png,25.315128070813586,24.08170325595048
DIV2K,0826,stage2_guarded_x8,/home/ubuntu/scratch/sr-diffusion/benchmark_outputs/stage2_guarded_detail_v2_tta_x8/DIV2K/0826/base.png,/home/ubuntu/scratch/sr-diffusion/benchmarks/div2k/DIV2K_valid_HR/0826.png,/home/ubuntu/scratch/sr-diffusion/benchmarks/div2k/DIV2K_valid_LR_bicubic/X4/0826x4.png,25.343054604803527,24.11361108518347
DIV2K,0826,detail_v2_masked,/home/ubuntu/scratch/sr-diffusion/benchmark_outputs/detail_v2_masked/DIV2K/0826/detail.png,/home/ubuntu/scratch/sr-diffusion/benchmarks/div2k/DIV2K_valid_HR/0826.png,/home/ubuntu/scratch/sr-diffusion/benchmarks/div2k/DIV2K_valid_LR_bicubic/X4/0826x4.png,25.42537802348121,24.18878256648471
DIV2K,0826,refiner_v2,/home/ubuntu/scratch/sr-diffusion/benchmark_outputs/refiner_v2/DIV2K/0826/refined.png,/home/ubuntu/scratch/sr-diffusion/benchmarks/div2k/DIV2K_valid_HR/0826.png,/home/ubuntu/scratch/sr-diffusion/benchmarks/div2k/DIV2K_valid_LR_bicubic/X4/0826x4.png,25.049265350474258,23.80356633905743
DIV2K,0826,realesrgan,/home/ubuntu/scratch/sr-diffusion/benchmark_outputs/realesrgan/DIV2K/0826/RealESRGAN_x4plus.png,/home/ubuntu/scratch/sr-diffusion/benchmarks/div2k/DIV2K_valid_HR/0826.png,/home/ubuntu/scratch/sr-diffusion/benchmarks/div2k/DIV2K_valid_LR_bicubic/X4/0826x4.png,22.926871224461113,21.337184879882344
DIV2K,0827,bicubic,generated:matlab_bicubic_resize,/home/ubuntu/scratch/sr-diffusion/benchmarks/div2k/DIV2K_valid_HR/0827.png,/home/ubuntu/scratch/sr-diffusion/benchmarks/div2k/DIV2K_valid_LR_bicubic/X4/0827x4.png,31.854097550119796,30.49099731700653
DIV2K,0827,stage2_guarded_off,/home/ubuntu/scratch/sr-diffusion/benchmark_outputs/stage2_guarded_detail_v2_tta_off/DIV2K/0827/base.png,/home/ubuntu/scratch/sr-diffusion/benchmarks/div2k/DIV2K_valid_HR/0827.png,/home/ubuntu/scratch/sr-diffusion/benchmarks/div2k/DIV2K_valid_LR_bicubic/X4/0827x4.png,34.513675693786745,33.109788214410685
DIV2K,0827,stage2_guarded_hflip,/home/ubuntu/scratch/sr-diffusion/benchmark_outputs/stage2_guarded_detail_v2_tta_hflip/DIV2K/0827/base.png,/home/ubuntu/scratch/sr-diffusion/benchmarks/div2k/DIV2K_valid_HR/0827.png,/home/ubuntu/scratch/sr-diffusion/benchmarks/div2k/DIV2K_valid_LR_bicubic/X4/0827x4.png,34.5704271266783,33.16626282443112
DIV2K,0827,stage2_guarded_x8,/home/ubuntu/scratch/sr-diffusion/benchmark_outputs/stage2_guarded_detail_v2_tta_x8/DIV2K/0827/base.png,/home/ubuntu/scratch/sr-diffusion/benchmarks/div2k/DIV2K_valid_HR/0827.png,/home/ubuntu/scratch/sr-diffusion/benchmarks/div2k/DIV2K_valid_LR_bicubic/X4/0827x4.png,34.706658702848394,33.3108542935137
DIV2K,0827,detail_v2_masked,/home/ubuntu/scratch/sr-diffusion/benchmark_outputs/detail_v2_masked/DIV2K/0827/detail.png,/home/ubuntu/scratch/sr-diffusion/benchmarks/div2k/DIV2K_valid_HR/0827.png,/home/ubuntu/scratch/sr-diffusion/benchmarks/div2k/DIV2K_valid_LR_bicubic/X4/0827x4.png,34.742802787079505,33.321300209008186
DIV2K,0827,refiner_v2,/home/ubuntu/scratch/sr-diffusion/benchmark_outputs/refiner_v2/DIV2K/0827/refined.png,/home/ubuntu/scratch/sr-diffusion/benchmarks/div2k/DIV2K_valid_HR/0827.png,/home/ubuntu/scratch/sr-diffusion/benchmarks/div2k/DIV2K_valid_LR_bicubic/X4/0827x4.png,33.7203820636936,32.34905776630848
DIV2K,0827,realesrgan,/home/ubuntu/scratch/sr-diffusion/benchmark_outputs/realesrgan/DIV2K/0827/RealESRGAN_x4plus.png,/home/ubuntu/scratch/sr-diffusion/benchmarks/div2k/DIV2K_valid_HR/0827.png,/home/ubuntu/scratch/sr-diffusion/benchmarks/div2k/DIV2K_valid_LR_bicubic/X4/0827x4.png,31.33023025705899,29.692588850209077
DIV2K,0828,bicubic,generated:matlab_bicubic_resize,/home/ubuntu/scratch/sr-diffusion/benchmarks/div2k/DIV2K_valid_HR/0828.png,/home/ubuntu/scratch/sr-diffusion/benchmarks/div2k/DIV2K_valid_LR_bicubic/X4/0828x4.png,17.39569011692606,16.453211649848477
DIV2K,0828,stage2_guarded_off,/home/ubuntu/scratch/sr-diffusion/benchmark_outputs/stage2_guarded_detail_v2_tta_off/DIV2K/0828/base.png,/home/ubuntu/scratch/sr-diffusion/benchmarks/div2k/DIV2K_valid_HR/0828.png,/home/ubuntu/scratch/sr-diffusion/benchmarks/div2k/DIV2K_valid_LR_bicubic/X4/0828x4.png,20.771809023988745,19.7087665514918
DIV2K,0828,stage2_guarded_hflip,/home/ubuntu/scratch/sr-diffusion/benchmark_outputs/stage2_guarded_detail_v2_tta_hflip/DIV2K/0828/base.png,/home/ubuntu/scratch/sr-diffusion/benchmarks/div2k/DIV2K_valid_HR/0828.png,/home/ubuntu/scratch/sr-diffusion/benchmarks/div2k/DIV2K_valid_LR_bicubic/X4/0828x4.png,20.821489436713723,19.770548640837156
DIV2K,0828,stage2_guarded_x8,/home/ubuntu/scratch/sr-diffusion/benchmark_outputs/stage2_guarded_detail_v2_tta_x8/DIV2K/0828/base.png,/home/ubuntu/scratch/sr-diffusion/benchmarks/div2k/DIV2K_valid_HR/0828.png,/home/ubuntu/scratch/sr-diffusion/benchmarks/div2k/DIV2K_valid_LR_bicubic/X4/0828x4.png,20.86436084172865,19.82330659579429
DIV2K,0828,detail_v2_masked,/home/ubuntu/scratch/sr-diffusion/benchmark_outputs/detail_v2_masked/DIV2K/0828/detail.png,/home/ubuntu/scratch/sr-diffusion/benchmarks/div2k/DIV2K_valid_HR/0828.png,/home/ubuntu/scratch/sr-diffusion/benchmarks/div2k/DIV2K_valid_LR_bicubic/X4/0828x4.png,21.664263272331056,20.60967655095709
DIV2K,0828,refiner_v2,/home/ubuntu/scratch/sr-diffusion/benchmark_outputs/refiner_v2/DIV2K/0828/refined.png,/home/ubuntu/scratch/sr-diffusion/benchmarks/div2k/DIV2K_valid_HR/0828.png,/home/ubuntu/scratch/sr-diffusion/benchmarks/div2k/DIV2K_valid_LR_bicubic/X4/0828x4.png,19.2065305918092,18.15590487338952
DIV2K,0828,realesrgan,/home/ubuntu/scratch/sr-diffusion/benchmark_outputs/realesrgan/DIV2K/0828/RealESRGAN_x4plus.png,/home/ubuntu/scratch/sr-diffusion/benchmarks/div2k/DIV2K_valid_HR/0828.png,/home/ubuntu/scratch/sr-diffusion/benchmarks/div2k/DIV2K_valid_LR_bicubic/X4/0828x4.png,19.31678542322171,17.933300687075054
DIV2K,0829,bicubic,generated:matlab_bicubic_resize,/home/ubuntu/scratch/sr-diffusion/benchmarks/div2k/DIV2K_valid_HR/0829.png,/home/ubuntu/scratch/sr-diffusion/benchmarks/div2k/DIV2K_valid_LR_bicubic/X4/0829x4.png,27.25706643294403,25.9539061447768
DIV2K,0829,stage2_guarded_off,/home/ubuntu/scratch/sr-diffusion/benchmark_outputs/stage2_guarded_detail_v2_tta_off/DIV2K/0829/base.png,/home/ubuntu/scratch/sr-diffusion/benchmarks/div2k/DIV2K_valid_HR/0829.png,/home/ubuntu/scratch/sr-diffusion/benchmarks/div2k/DIV2K_valid_LR_bicubic/X4/0829x4.png,27.81830785240217,26.50129715319681
DIV2K,0829,stage2_guarded_hflip,/home/ubuntu/scratch/sr-diffusion/benchmark_outputs/stage2_guarded_detail_v2_tta_hflip/DIV2K/0829/base.png,/home/ubuntu/scratch/sr-diffusion/benchmarks/div2k/DIV2K_valid_HR/0829.png,/home/ubuntu/scratch/sr-diffusion/benchmarks/div2k/DIV2K_valid_LR_bicubic/X4/0829x4.png,27.833983478919066,26.518485444889336
DIV2K,0829,stage2_guarded_x8,/home/ubuntu/scratch/sr-diffusion/benchmark_outputs/stage2_guarded_detail_v2_tta_x8/DIV2K/0829/base.png,/home/ubuntu/scratch/sr-diffusion/benchmarks/div2k/DIV2K_valid_HR/0829.png,/home/ubuntu/scratch/sr-diffusion/benchmarks/div2k/DIV2K_valid_LR_bicubic/X4/0829x4.png,27.84853295189553,26.53485951262221
DIV2K,0829,detail_v2_masked,/home/ubuntu/scratch/sr-diffusion/benchmark_outputs/detail_v2_masked/DIV2K/0829/detail.png,/home/ubuntu/scratch/sr-diffusion/benchmarks/div2k/DIV2K_valid_HR/0829.png,/home/ubuntu/scratch/sr-diffusion/benchmarks/div2k/DIV2K_valid_LR_bicubic/X4/0829x4.png,27.85970533063324,26.546115839208227
DIV2K,0829,refiner_v2,/home/ubuntu/scratch/sr-diffusion/benchmark_outputs/refiner_v2/DIV2K/0829/refined.png,/home/ubuntu/scratch/sr-diffusion/benchmarks/div2k/DIV2K_valid_HR/0829.png,/home/ubuntu/scratch/sr-diffusion/benchmarks/div2k/DIV2K_valid_LR_bicubic/X4/0829x4.png,27.68900536496353,26.343986617991327
DIV2K,0829,realesrgan,/home/ubuntu/scratch/sr-diffusion/benchmark_outputs/realesrgan/DIV2K/0829/RealESRGAN_x4plus.png,/home/ubuntu/scratch/sr-diffusion/benchmarks/div2k/DIV2K_valid_HR/0829.png,/home/ubuntu/scratch/sr-diffusion/benchmarks/div2k/DIV2K_valid_LR_bicubic/X4/0829x4.png,26.84287790913683,25.061947892307238
DIV2K,0830,bicubic,generated:matlab_bicubic_resize,/home/ubuntu/scratch/sr-diffusion/benchmarks/div2k/DIV2K_valid_HR/0830.png,/home/ubuntu/scratch/sr-diffusion/benchmarks/div2k/DIV2K_valid_LR_bicubic/X4/0830x4.png,25.12575267992629,23.568442634928097
DIV2K,0830,stage2_guarded_off,/home/ubuntu/scratch/sr-diffusion/benchmark_outputs/stage2_guarded_detail_v2_tta_off/DIV2K/0830/base.png,/home/ubuntu/scratch/sr-diffusion/benchmarks/div2k/DIV2K_valid_HR/0830.png,/home/ubuntu/scratch/sr-diffusion/benchmarks/div2k/DIV2K_valid_LR_bicubic/X4/0830x4.png,25.819688158039348,24.2618392292462
DIV2K,0830,stage2_guarded_hflip,/home/ubuntu/scratch/sr-diffusion/benchmark_outputs/stage2_guarded_detail_v2_tta_hflip/DIV2K/0830/base.png,/home/ubuntu/scratch/sr-diffusion/benchmarks/div2k/DIV2K_valid_HR/0830.png,/home/ubuntu/scratch/sr-diffusion/benchmarks/div2k/DIV2K_valid_LR_bicubic/X4/0830x4.png,25.849354093632364,24.29098809655492
DIV2K,0830,stage2_guarded_x8,/home/ubuntu/scratch/sr-diffusion/benchmark_outputs/stage2_guarded_detail_v2_tta_x8/DIV2K/0830/base.png,/home/ubuntu/scratch/sr-diffusion/benchmarks/div2k/DIV2K_valid_HR/0830.png,/home/ubuntu/scratch/sr-diffusion/benchmarks/div2k/DIV2K_valid_LR_bicubic/X4/0830x4.png,25.886692171387658,24.328247425275862
DIV2K,0830,detail_v2_masked,/home/ubuntu/scratch/sr-diffusion/benchmark_outputs/detail_v2_masked/DIV2K/0830/detail.png,/home/ubuntu/scratch/sr-diffusion/benchmarks/div2k/DIV2K_valid_HR/0830.png,/home/ubuntu/scratch/sr-diffusion/benchmarks/div2k/DIV2K_valid_LR_bicubic/X4/0830x4.png,25.948810951498558,24.391813242363845
DIV2K,0830,refiner_v2,/home/ubuntu/scratch/sr-diffusion/benchmark_outputs/refiner_v2/DIV2K/0830/refined.png,/home/ubuntu/scratch/sr-diffusion/benchmarks/div2k/DIV2K_valid_HR/0830.png,/home/ubuntu/scratch/sr-diffusion/benchmarks/div2k/DIV2K_valid_LR_bicubic/X4/0830x4.png,25.689337306869866,24.12831596852197
DIV2K,0830,realesrgan,/home/ubuntu/scratch/sr-diffusion/benchmark_outputs/realesrgan/DIV2K/0830/RealESRGAN_x4plus.png,/home/ubuntu/scratch/sr-diffusion/benchmarks/div2k/DIV2K_valid_HR/0830.png,/home/ubuntu/scratch/sr-diffusion/benchmarks/div2k/DIV2K_valid_LR_bicubic/X4/0830x4.png,23.29914904853242,21.748445517964946
DIV2K,0831,bicubic,generated:matlab_bicubic_resize,/home/ubuntu/scratch/sr-diffusion/benchmarks/div2k/DIV2K_valid_HR/0831.png,/home/ubuntu/scratch/sr-diffusion/benchmarks/div2k/DIV2K_valid_LR_bicubic/X4/0831x4.png,28.14138461458141,26.779227016435524
DIV2K,0831,stage2_guarded_off,/home/ubuntu/scratch/sr-diffusion/benchmark_outputs/stage2_guarded_detail_v2_tta_off/DIV2K/0831/base.png,/home/ubuntu/scratch/sr-diffusion/benchmarks/div2k/DIV2K_valid_HR/0831.png,/home/ubuntu/scratch/sr-diffusion/benchmarks/div2k/DIV2K_valid_LR_bicubic/X4/0831x4.png,31.255205680587004,29.870629284607332
DIV2K,0831,stage2_guarded_hflip,/home/ubuntu/scratch/sr-diffusion/benchmark_outputs/stage2_guarded_detail_v2_tta_hflip/DIV2K/0831/base.png,/home/ubuntu/scratch/sr-diffusion/benchmarks/div2k/DIV2K_valid_HR/0831.png,/home/ubuntu/scratch/sr-diffusion/benchmarks/div2k/DIV2K_valid_LR_bicubic/X4/0831x4.png,31.29445553912921,29.913182935195877
DIV2K,0831,stage2_guarded_x8,/home/ubuntu/scratch/sr-diffusion/benchmark_outputs/stage2_guarded_detail_v2_tta_x8/DIV2K/0831/base.png,/home/ubuntu/scratch/sr-diffusion/benchmarks/div2k/DIV2K_valid_HR/0831.png,/home/ubuntu/scratch/sr-diffusion/benchmarks/div2k/DIV2K_valid_LR_bicubic/X4/0831x4.png,31.3375764262957,29.963358329022917
DIV2K,0831,detail_v2_masked,/home/ubuntu/scratch/sr-diffusion/benchmark_outputs/detail_v2_masked/DIV2K/0831/detail.png,/home/ubuntu/scratch/sr-diffusion/benchmarks/div2k/DIV2K_valid_HR/0831.png,/home/ubuntu/scratch/sr-diffusion/benchmarks/div2k/DIV2K_valid_LR_bicubic/X4/0831x4.png,31.588782444703092,30.20062654590866
DIV2K,0831,refiner_v2,/home/ubuntu/scratch/sr-diffusion/benchmark_outputs/refiner_v2/DIV2K/0831/refined.png,/home/ubuntu/scratch/sr-diffusion/benchmarks/div2k/DIV2K_valid_HR/0831.png,/home/ubuntu/scratch/sr-diffusion/benchmarks/div2k/DIV2K_valid_LR_bicubic/X4/0831x4.png,30.66207572543783,29.28169867313816
DIV2K,0831,realesrgan,/home/ubuntu/scratch/sr-diffusion/benchmark_outputs/realesrgan/DIV2K/0831/RealESRGAN_x4plus.png,/home/ubuntu/scratch/sr-diffusion/benchmarks/div2k/DIV2K_valid_HR/0831.png,/home/ubuntu/scratch/sr-diffusion/benchmarks/div2k/DIV2K_valid_LR_bicubic/X4/0831x4.png,27.57885541637283,25.897211984317792
DIV2K,0832,bicubic,generated:matlab_bicubic_resize,/home/ubuntu/scratch/sr-diffusion/benchmarks/div2k/DIV2K_valid_HR/0832.png,/home/ubuntu/scratch/sr-diffusion/benchmarks/div2k/DIV2K_valid_LR_bicubic/X4/0832x4.png,29.225716614587753,27.53608584787915
DIV2K,0832,stage2_guarded_off,/home/ubuntu/scratch/sr-diffusion/benchmark_outputs/stage2_guarded_detail_v2_tta_off/DIV2K/0832/base.png,/home/ubuntu/scratch/sr-diffusion/benchmarks/div2k/DIV2K_valid_HR/0832.png,/home/ubuntu/scratch/sr-diffusion/benchmarks/div2k/DIV2K_valid_LR_bicubic/X4/0832x4.png,31.553582042714595,29.864342505609297
DIV2K,0832,stage2_guarded_hflip,/home/ubuntu/scratch/sr-diffusion/benchmark_outputs/stage2_guarded_detail_v2_tta_hflip/DIV2K/0832/base.png,/home/ubuntu/scratch/sr-diffusion/benchmarks/div2k/DIV2K_valid_HR/0832.png,/home/ubuntu/scratch/sr-diffusion/benchmarks/div2k/DIV2K_valid_LR_bicubic/X4/0832x4.png,31.621580347883132,29.93285416154753
DIV2K,0832,stage2_guarded_x8,/home/ubuntu/scratch/sr-diffusion/benchmark_outputs/stage2_guarded_detail_v2_tta_x8/DIV2K/0832/base.png,/home/ubuntu/scratch/sr-diffusion/benchmarks/div2k/DIV2K_valid_HR/0832.png,/home/ubuntu/scratch/sr-diffusion/benchmarks/div2k/DIV2K_valid_LR_bicubic/X4/0832x4.png,31.72250125979302,30.03512991574819
DIV2K,0832,detail_v2_masked,/home/ubuntu/scratch/sr-diffusion/benchmark_outputs/detail_v2_masked/DIV2K/0832/detail.png,/home/ubuntu/scratch/sr-diffusion/benchmarks/div2k/DIV2K_valid_HR/0832.png,/home/ubuntu/scratch/sr-diffusion/benchmarks/div2k/DIV2K_valid_LR_bicubic/X4/0832x4.png,31.84571827360612,30.148490084593153
DIV2K,0832,refiner_v2,/home/ubuntu/scratch/sr-diffusion/benchmark_outputs/refiner_v2/DIV2K/0832/refined.png,/home/ubuntu/scratch/sr-diffusion/benchmarks/div2k/DIV2K_valid_HR/0832.png,/home/ubuntu/scratch/sr-diffusion/benchmarks/div2k/DIV2K_valid_LR_bicubic/X4/0832x4.png,31.126137281446994,29.442395089078047
DIV2K,0832,realesrgan,/home/ubuntu/scratch/sr-diffusion/benchmark_outputs/realesrgan/DIV2K/0832/RealESRGAN_x4plus.png,/home/ubuntu/scratch/sr-diffusion/benchmarks/div2k/DIV2K_valid_HR/0832.png,/home/ubuntu/scratch/sr-diffusion/benchmarks/div2k/DIV2K_valid_LR_bicubic/X4/0832x4.png,26.84946930920833,25.117366794697986
DIV2K,0833,bicubic,generated:matlab_bicubic_resize,/home/ubuntu/scratch/sr-diffusion/benchmarks/div2k/DIV2K_valid_HR/0833.png,/home/ubuntu/scratch/sr-diffusion/benchmarks/div2k/DIV2K_valid_LR_bicubic/X4/0833x4.png,31.420016074736633,30.03113379165754
DIV2K,0833,stage2_guarded_off,/home/ubuntu/scratch/sr-diffusion/benchmark_outputs/stage2_guarded_detail_v2_tta_off/DIV2K/0833/base.png,/home/ubuntu/scratch/sr-diffusion/benchmarks/div2k/DIV2K_valid_HR/0833.png,/home/ubuntu/scratch/sr-diffusion/benchmarks/div2k/DIV2K_valid_LR_bicubic/X4/0833x4.png,35.172344404610364,33.658837740248444
DIV2K,0833,stage2_guarded_hflip,/home/ubuntu/scratch/sr-diffusion/benchmark_outputs/stage2_guarded_detail_v2_tta_hflip/DIV2K/0833/base.png,/home/ubuntu/scratch/sr-diffusion/benchmarks/div2k/DIV2K_valid_HR/0833.png,/home/ubuntu/scratch/sr-diffusion/benchmarks/div2k/DIV2K_valid_LR_bicubic/X4/0833x4.png,35.28166812401498,33.777013698025335
DIV2K,0833,stage2_guarded_x8,/home/ubuntu/scratch/sr-diffusion/benchmark_outputs/stage2_guarded_detail_v2_tta_x8/DIV2K/0833/base.png,/home/ubuntu/scratch/sr-diffusion/benchmarks/div2k/DIV2K_valid_HR/0833.png,/home/ubuntu/scratch/sr-diffusion/benchmarks/div2k/DIV2K_valid_LR_bicubic/X4/0833x4.png,35.3358770713717,33.84994561790505
DIV2K,0833,detail_v2_masked,/home/ubuntu/scratch/sr-diffusion/benchmark_outputs/detail_v2_masked/DIV2K/0833/detail.png,/home/ubuntu/scratch/sr-diffusion/benchmarks/div2k/DIV2K_valid_HR/0833.png,/home/ubuntu/scratch/sr-diffusion/benchmarks/div2k/DIV2K_valid_LR_bicubic/X4/0833x4.png,35.481824694873836,33.95836834254333
DIV2K,0833,refiner_v2,/home/ubuntu/scratch/sr-diffusion/benchmark_outputs/refiner_v2/DIV2K/0833/refined.png,/home/ubuntu/scratch/sr-diffusion/benchmarks/div2k/DIV2K_valid_HR/0833.png,/home/ubuntu/scratch/sr-diffusion/benchmarks/div2k/DIV2K_valid_LR_bicubic/X4/0833x4.png,34.2819327306182,32.759686068611316
DIV2K,0833,realesrgan,/home/ubuntu/scratch/sr-diffusion/benchmark_outputs/realesrgan/DIV2K/0833/RealESRGAN_x4plus.png,/home/ubuntu/scratch/sr-diffusion/benchmarks/div2k/DIV2K_valid_HR/0833.png,/home/ubuntu/scratch/sr-diffusion/benchmarks/div2k/DIV2K_valid_LR_bicubic/X4/0833x4.png,31.172640713059508,29.230262122304534
DIV2K,0834,bicubic,generated:matlab_bicubic_resize,/home/ubuntu/scratch/sr-diffusion/benchmarks/div2k/DIV2K_valid_HR/0834.png,/home/ubuntu/scratch/sr-diffusion/benchmarks/div2k/DIV2K_valid_LR_bicubic/X4/0834x4.png,25.853368134297575,24.404115364539756
DIV2K,0834,stage2_guarded_off,/home/ubuntu/scratch/sr-diffusion/benchmark_outputs/stage2_guarded_detail_v2_tta_off/DIV2K/0834/base.png,/home/ubuntu/scratch/sr-diffusion/benchmarks/div2k/DIV2K_valid_HR/0834.png,/home/ubuntu/scratch/sr-diffusion/benchmarks/div2k/DIV2K_valid_LR_bicubic/X4/0834x4.png,26.6586993589266,25.195952024023786
DIV2K,0834,stage2_guarded_hflip,/home/ubuntu/scratch/sr-diffusion/benchmark_outputs/stage2_guarded_detail_v2_tta_hflip/DIV2K/0834/base.png,/home/ubuntu/scratch/sr-diffusion/benchmarks/div2k/DIV2K_valid_HR/0834.png,/home/ubuntu/scratch/sr-diffusion/benchmarks/div2k/DIV2K_valid_LR_bicubic/X4/0834x4.png,26.700291047367507,25.238422606826347
DIV2K,0834,stage2_guarded_x8,/home/ubuntu/scratch/sr-diffusion/benchmark_outputs/stage2_guarded_detail_v2_tta_x8/DIV2K/0834/base.png,/home/ubuntu/scratch/sr-diffusion/benchmarks/div2k/DIV2K_valid_HR/0834.png,/home/ubuntu/scratch/sr-diffusion/benchmarks/div2k/DIV2K_valid_LR_bicubic/X4/0834x4.png,26.71755830416665,25.25864241017855
DIV2K,0834,detail_v2_masked,/home/ubuntu/scratch/sr-diffusion/benchmark_outputs/detail_v2_masked/DIV2K/0834/detail.png,/home/ubuntu/scratch/sr-diffusion/benchmarks/div2k/DIV2K_valid_HR/0834.png,/home/ubuntu/scratch/sr-diffusion/benchmarks/div2k/DIV2K_valid_LR_bicubic/X4/0834x4.png,26.78103475378238,25.321353263762912
DIV2K,0834,refiner_v2,/home/ubuntu/scratch/sr-diffusion/benchmark_outputs/refiner_v2/DIV2K/0834/refined.png,/home/ubuntu/scratch/sr-diffusion/benchmarks/div2k/DIV2K_valid_HR/0834.png,/home/ubuntu/scratch/sr-diffusion/benchmarks/div2k/DIV2K_valid_LR_bicubic/X4/0834x4.png,26.44385846725491,24.998964667994198
DIV2K,0834,realesrgan,/home/ubuntu/scratch/sr-diffusion/benchmark_outputs/realesrgan/DIV2K/0834/RealESRGAN_x4plus.png,/home/ubuntu/scratch/sr-diffusion/benchmarks/div2k/DIV2K_valid_HR/0834.png,/home/ubuntu/scratch/sr-diffusion/benchmarks/div2k/DIV2K_valid_LR_bicubic/X4/0834x4.png,24.038841635974112,22.49775512196714
DIV2K,0835,bicubic,generated:matlab_bicubic_resize,/home/ubuntu/scratch/sr-diffusion/benchmarks/div2k/DIV2K_valid_HR/0835.png,/home/ubuntu/scratch/sr-diffusion/benchmarks/div2k/DIV2K_valid_LR_bicubic/X4/0835x4.png,23.55993075755734,22.176743757819565
DIV2K,0835,stage2_guarded_off,/home/ubuntu/scratch/sr-diffusion/benchmark_outputs/stage2_guarded_detail_v2_tta_off/DIV2K/0835/base.png,/home/ubuntu/scratch/sr-diffusion/benchmarks/div2k/DIV2K_valid_HR/0835.png,/home/ubuntu/scratch/sr-diffusion/benchmarks/div2k/DIV2K_valid_LR_bicubic/X4/0835x4.png,24.04738118108409,22.660972073687397
DIV2K,0835,stage2_guarded_hflip,/home/ubuntu/scratch/sr-diffusion/benchmark_outputs/stage2_guarded_detail_v2_tta_hflip/DIV2K/0835/base.png,/home/ubuntu/scratch/sr-diffusion/benchmarks/div2k/DIV2K_valid_HR/0835.png,/home/ubuntu/scratch/sr-diffusion/benchmarks/div2k/DIV2K_valid_LR_bicubic/X4/0835x4.png,24.07401383606755,22.688335417578294
DIV2K,0835,stage2_guarded_x8,/home/ubuntu/scratch/sr-diffusion/benchmark_outputs/stage2_guarded_detail_v2_tta_x8/DIV2K/0835/base.png,/home/ubuntu/scratch/sr-diffusion/benchmarks/div2k/DIV2K_valid_HR/0835.png,/home/ubuntu/scratch/sr-diffusion/benchmarks/div2k/DIV2K_valid_LR_bicubic/X4/0835x4.png,24.080197714801216,22.696804750478606
DIV2K,0835,detail_v2_masked,/home/ubuntu/scratch/sr-diffusion/benchmark_outputs/detail_v2_masked/DIV2K/0835/detail.png,/home/ubuntu/scratch/sr-diffusion/benchmarks/div2k/DIV2K_valid_HR/0835.png,/home/ubuntu/scratch/sr-diffusion/benchmarks/div2k/DIV2K_valid_LR_bicubic/X4/0835x4.png,24.126060176963207,22.744997240837307
DIV2K,0835,refiner_v2,/home/ubuntu/scratch/sr-diffusion/benchmark_outputs/refiner_v2/DIV2K/0835/refined.png,/home/ubuntu/scratch/sr-diffusion/benchmarks/div2k/DIV2K_valid_HR/0835.png,/home/ubuntu/scratch/sr-diffusion/benchmarks/div2k/DIV2K_valid_LR_bicubic/X4/0835x4.png,24.004327031465547,22.6104078126603
DIV2K,0835,realesrgan,/home/ubuntu/scratch/sr-diffusion/benchmark_outputs/realesrgan/DIV2K/0835/RealESRGAN_x4plus.png,/home/ubuntu/scratch/sr-diffusion/benchmarks/div2k/DIV2K_valid_HR/0835.png,/home/ubuntu/scratch/sr-diffusion/benchmarks/div2k/DIV2K_valid_LR_bicubic/X4/0835x4.png,21.79232873356552,20.352673698345495
DIV2K,0836,bicubic,generated:matlab_bicubic_resize,/home/ubuntu/scratch/sr-diffusion/benchmarks/div2k/DIV2K_valid_HR/0836.png,/home/ubuntu/scratch/sr-diffusion/benchmarks/div2k/DIV2K_valid_LR_bicubic/X4/0836x4.png,24.4980134752776,23.1812210281786
DIV2K,0836,stage2_guarded_off,/home/ubuntu/scratch/sr-diffusion/benchmark_outputs/stage2_guarded_detail_v2_tta_off/DIV2K/0836/base.png,/home/ubuntu/scratch/sr-diffusion/benchmarks/div2k/DIV2K_valid_HR/0836.png,/home/ubuntu/scratch/sr-diffusion/benchmarks/div2k/DIV2K_valid_LR_bicubic/X4/0836x4.png,26.991234837763322,25.657359218690093
DIV2K,0836,stage2_guarded_hflip,/home/ubuntu/scratch/sr-diffusion/benchmark_outputs/stage2_guarded_detail_v2_tta_hflip/DIV2K/0836/base.png,/home/ubuntu/scratch/sr-diffusion/benchmarks/div2k/DIV2K_valid_HR/0836.png,/home/ubuntu/scratch/sr-diffusion/benchmarks/div2k/DIV2K_valid_LR_bicubic/X4/0836x4.png,27.033812752982076,25.70359893150249
DIV2K,0836,stage2_guarded_x8,/home/ubuntu/scratch/sr-diffusion/benchmark_outputs/stage2_guarded_detail_v2_tta_x8/DIV2K/0836/base.png,/home/ubuntu/scratch/sr-diffusion/benchmarks/div2k/DIV2K_valid_HR/0836.png,/home/ubuntu/scratch/sr-diffusion/benchmarks/div2k/DIV2K_valid_LR_bicubic/X4/0836x4.png,27.07359376848415,25.748670226379907
DIV2K,0836,detail_v2_masked,/home/ubuntu/scratch/sr-diffusion/benchmark_outputs/detail_v2_masked/DIV2K/0836/detail.png,/home/ubuntu/scratch/sr-diffusion/benchmarks/div2k/DIV2K_valid_HR/0836.png,/home/ubuntu/scratch/sr-diffusion/benchmarks/div2k/DIV2K_valid_LR_bicubic/X4/0836x4.png,27.271935023091842,25.93453604069978
DIV2K,0836,refiner_v2,/home/ubuntu/scratch/sr-diffusion/benchmark_outputs/refiner_v2/DIV2K/0836/refined.png,/home/ubuntu/scratch/sr-diffusion/benchmarks/div2k/DIV2K_valid_HR/0836.png,/home/ubuntu/scratch/sr-diffusion/benchmarks/div2k/DIV2K_valid_LR_bicubic/X4/0836x4.png,26.370995109896967,25.03743767441327
DIV2K,0836,realesrgan,/home/ubuntu/scratch/sr-diffusion/benchmark_outputs/realesrgan/DIV2K/0836/RealESRGAN_x4plus.png,/home/ubuntu/scratch/sr-diffusion/benchmarks/div2k/DIV2K_valid_HR/0836.png,/home/ubuntu/scratch/sr-diffusion/benchmarks/div2k/DIV2K_valid_LR_bicubic/X4/0836x4.png,24.56468896971525,22.880596576576618
DIV2K,0837,bicubic,generated:matlab_bicubic_resize,/home/ubuntu/scratch/sr-diffusion/benchmarks/div2k/DIV2K_valid_HR/0837.png,/home/ubuntu/scratch/sr-diffusion/benchmarks/div2k/DIV2K_valid_LR_bicubic/X4/0837x4.png,25.137499144603122,23.78504123299759
DIV2K,0837,stage2_guarded_off,/home/ubuntu/scratch/sr-diffusion/benchmark_outputs/stage2_guarded_detail_v2_tta_off/DIV2K/0837/base.png,/home/ubuntu/scratch/sr-diffusion/benchmarks/div2k/DIV2K_valid_HR/0837.png,/home/ubuntu/scratch/sr-diffusion/benchmarks/div2k/DIV2K_valid_LR_bicubic/X4/0837x4.png,27.353609077410084,25.98024546542689
DIV2K,0837,stage2_guarded_hflip,/home/ubuntu/scratch/sr-diffusion/benchmark_outputs/stage2_guarded_detail_v2_tta_hflip/DIV2K/0837/base.png,/home/ubuntu/scratch/sr-diffusion/benchmarks/div2k/DIV2K_valid_HR/0837.png,/home/ubuntu/scratch/sr-diffusion/benchmarks/div2k/DIV2K_valid_LR_bicubic/X4/0837x4.png,27.393243041909887,26.022312769560244
DIV2K,0837,stage2_guarded_x8,/home/ubuntu/scratch/sr-diffusion/benchmark_outputs/stage2_guarded_detail_v2_tta_x8/DIV2K/0837/base.png,/home/ubuntu/scratch/sr-diffusion/benchmarks/div2k/DIV2K_valid_HR/0837.png,/home/ubuntu/scratch/sr-diffusion/benchmarks/div2k/DIV2K_valid_LR_bicubic/X4/0837x4.png,27.419838416611448,26.053615058339187
DIV2K,0837,detail_v2_masked,/home/ubuntu/scratch/sr-diffusion/benchmark_outputs/detail_v2_masked/DIV2K/0837/detail.png,/home/ubuntu/scratch/sr-diffusion/benchmarks/div2k/DIV2K_valid_HR/0837.png,/home/ubuntu/scratch/sr-diffusion/benchmarks/div2k/DIV2K_valid_LR_bicubic/X4/0837x4.png,27.633369195388244,26.259978664568283
DIV2K,0837,refiner_v2,/home/ubuntu/scratch/sr-diffusion/benchmark_outputs/refiner_v2/DIV2K/0837/refined.png,/home/ubuntu/scratch/sr-diffusion/benchmarks/div2k/DIV2K_valid_HR/0837.png,/home/ubuntu/scratch/sr-diffusion/benchmarks/div2k/DIV2K_valid_LR_bicubic/X4/0837x4.png,27.051928832965842,25.681290383780137
DIV2K,0837,realesrgan,/home/ubuntu/scratch/sr-diffusion/benchmark_outputs/realesrgan/DIV2K/0837/RealESRGAN_x4plus.png,/home/ubuntu/scratch/sr-diffusion/benchmarks/div2k/DIV2K_valid_HR/0837.png,/home/ubuntu/scratch/sr-diffusion/benchmarks/div2k/DIV2K_valid_LR_bicubic/X4/0837x4.png,24.67386446696103,22.988522788032792
DIV2K,0838,bicubic,generated:matlab_bicubic_resize,/home/ubuntu/scratch/sr-diffusion/benchmarks/div2k/DIV2K_valid_HR/0838.png,/home/ubuntu/scratch/sr-diffusion/benchmarks/div2k/DIV2K_valid_LR_bicubic/X4/0838x4.png,38.58874061016144,36.91729655604777
DIV2K,0838,stage2_guarded_off,/home/ubuntu/scratch/sr-diffusion/benchmark_outputs/stage2_guarded_detail_v2_tta_off/DIV2K/0838/base.png,/home/ubuntu/scratch/sr-diffusion/benchmarks/div2k/DIV2K_valid_HR/0838.png,/home/ubuntu/scratch/sr-diffusion/benchmarks/div2k/DIV2K_valid_LR_bicubic/X4/0838x4.png,38.9369997786038,37.14621556145061
DIV2K,0838,stage2_guarded_hflip,/home/ubuntu/scratch/sr-diffusion/benchmark_outputs/stage2_guarded_detail_v2_tta_hflip/DIV2K/0838/base.png,/home/ubuntu/scratch/sr-diffusion/benchmarks/div2k/DIV2K_valid_HR/0838.png,/home/ubuntu/scratch/sr-diffusion/benchmarks/div2k/DIV2K_valid_LR_bicubic/X4/0838x4.png,38.98310153266419,37.188102870213044
DIV2K,0838,stage2_guarded_x8,/home/ubuntu/scratch/sr-diffusion/benchmark_outputs/stage2_guarded_detail_v2_tta_x8/DIV2K/0838/base.png,/home/ubuntu/scratch/sr-diffusion/benchmarks/div2k/DIV2K_valid_HR/0838.png,/home/ubuntu/scratch/sr-diffusion/benchmarks/div2k/DIV2K_valid_LR_bicubic/X4/0838x4.png,39.009706906090905,37.23622270173113
DIV2K,0838,detail_v2_masked,/home/ubuntu/scratch/sr-diffusion/benchmark_outputs/detail_v2_masked/DIV2K/0838/detail.png,/home/ubuntu/scratch/sr-diffusion/benchmarks/div2k/DIV2K_valid_HR/0838.png,/home/ubuntu/scratch/sr-diffusion/benchmarks/div2k/DIV2K_valid_LR_bicubic/X4/0838x4.png,39.144861150700685,37.378704644515096
DIV2K,0838,refiner_v2,/home/ubuntu/scratch/sr-diffusion/benchmark_outputs/refiner_v2/DIV2K/0838/refined.png,/home/ubuntu/scratch/sr-diffusion/benchmarks/div2k/DIV2K_valid_HR/0838.png,/home/ubuntu/scratch/sr-diffusion/benchmarks/div2k/DIV2K_valid_LR_bicubic/X4/0838x4.png,34.51298281139312,33.03831055071867
DIV2K,0838,realesrgan,/home/ubuntu/scratch/sr-diffusion/benchmark_outputs/realesrgan/DIV2K/0838/RealESRGAN_x4plus.png,/home/ubuntu/scratch/sr-diffusion/benchmarks/div2k/DIV2K_valid_HR/0838.png,/home/ubuntu/scratch/sr-diffusion/benchmarks/div2k/DIV2K_valid_LR_bicubic/X4/0838x4.png,35.76413586134305,33.67402982236442
DIV2K,0839,bicubic,generated:matlab_bicubic_resize,/home/ubuntu/scratch/sr-diffusion/benchmarks/div2k/DIV2K_valid_HR/0839.png,/home/ubuntu/scratch/sr-diffusion/benchmarks/div2k/DIV2K_valid_LR_bicubic/X4/0839x4.png,29.444209110837612,28.14416322728757
DIV2K,0839,stage2_guarded_off,/home/ubuntu/scratch/sr-diffusion/benchmark_outputs/stage2_guarded_detail_v2_tta_off/DIV2K/0839/base.png,/home/ubuntu/scratch/sr-diffusion/benchmarks/div2k/DIV2K_valid_HR/0839.png,/home/ubuntu/scratch/sr-diffusion/benchmarks/div2k/DIV2K_valid_LR_bicubic/X4/0839x4.png,30.201142956935417,28.872813536853386
DIV2K,0839,stage2_guarded_hflip,/home/ubuntu/scratch/sr-diffusion/benchmark_outputs/stage2_guarded_detail_v2_tta_hflip/DIV2K/0839/base.png,/home/ubuntu/scratch/sr-diffusion/benchmarks/div2k/DIV2K_valid_HR/0839.png,/home/ubuntu/scratch/sr-diffusion/benchmarks/div2k/DIV2K_valid_LR_bicubic/X4/0839x4.png,30.23020881671583,28.90495188221024
DIV2K,0839,stage2_guarded_x8,/home/ubuntu/scratch/sr-diffusion/benchmark_outputs/stage2_guarded_detail_v2_tta_x8/DIV2K/0839/base.png,/home/ubuntu/scratch/sr-diffusion/benchmarks/div2k/DIV2K_valid_HR/0839.png,/home/ubuntu/scratch/sr-diffusion/benchmarks/div2k/DIV2K_valid_LR_bicubic/X4/0839x4.png,30.264430255950426,28.946580547087642
DIV2K,0839,detail_v2_masked,/home/ubuntu/scratch/sr-diffusion/benchmark_outputs/detail_v2_masked/DIV2K/0839/detail.png,/home/ubuntu/scratch/sr-diffusion/benchmarks/div2k/DIV2K_valid_HR/0839.png,/home/ubuntu/scratch/sr-diffusion/benchmarks/div2k/DIV2K_valid_LR_bicubic/X4/0839x4.png,30.22366095101483,28.910234636154097
DIV2K,0839,refiner_v2,/home/ubuntu/scratch/sr-diffusion/benchmark_outputs/refiner_v2/DIV2K/0839/refined.png,/home/ubuntu/scratch/sr-diffusion/benchmarks/div2k/DIV2K_valid_HR/0839.png,/home/ubuntu/scratch/sr-diffusion/benchmarks/div2k/DIV2K_valid_LR_bicubic/X4/0839x4.png,30.005223250362086,28.669911407921976
DIV2K,0839,realesrgan,/home/ubuntu/scratch/sr-diffusion/benchmark_outputs/realesrgan/DIV2K/0839/RealESRGAN_x4plus.png,/home/ubuntu/scratch/sr-diffusion/benchmarks/div2k/DIV2K_valid_HR/0839.png,/home/ubuntu/scratch/sr-diffusion/benchmarks/div2k/DIV2K_valid_LR_bicubic/X4/0839x4.png,27.275351677078106,25.829628956390216
DIV2K,0840,bicubic,generated:matlab_bicubic_resize,/home/ubuntu/scratch/sr-diffusion/benchmarks/div2k/DIV2K_valid_HR/0840.png,/home/ubuntu/scratch/sr-diffusion/benchmarks/div2k/DIV2K_valid_LR_bicubic/X4/0840x4.png,28.37692160995907,27.000884377212717
DIV2K,0840,stage2_guarded_off,/home/ubuntu/scratch/sr-diffusion/benchmark_outputs/stage2_guarded_detail_v2_tta_off/DIV2K/0840/base.png,/home/ubuntu/scratch/sr-diffusion/benchmarks/div2k/DIV2K_valid_HR/0840.png,/home/ubuntu/scratch/sr-diffusion/benchmarks/div2k/DIV2K_valid_LR_bicubic/X4/0840x4.png,29.649680380903423,28.261166591949646
DIV2K,0840,stage2_guarded_hflip,/home/ubuntu/scratch/sr-diffusion/benchmark_outputs/stage2_guarded_detail_v2_tta_hflip/DIV2K/0840/base.png,/home/ubuntu/scratch/sr-diffusion/benchmarks/div2k/DIV2K_valid_HR/0840.png,/home/ubuntu/scratch/sr-diffusion/benchmarks/div2k/DIV2K_valid_LR_bicubic/X4/0840x4.png,29.669514822554923,28.2812537742519
DIV2K,0840,stage2_guarded_x8,/home/ubuntu/scratch/sr-diffusion/benchmark_outputs/stage2_guarded_detail_v2_tta_x8/DIV2K/0840/base.png,/home/ubuntu/scratch/sr-diffusion/benchmarks/div2k/DIV2K_valid_HR/0840.png,/home/ubuntu/scratch/sr-diffusion/benchmarks/div2k/DIV2K_valid_LR_bicubic/X4/0840x4.png,29.694071275724184,28.310038277254762
DIV2K,0840,detail_v2_masked,/home/ubuntu/scratch/sr-diffusion/benchmark_outputs/detail_v2_masked/DIV2K/0840/detail.png,/home/ubuntu/scratch/sr-diffusion/benchmarks/div2k/DIV2K_valid_HR/0840.png,/home/ubuntu/scratch/sr-diffusion/benchmarks/div2k/DIV2K_valid_LR_bicubic/X4/0840x4.png,29.701348224303125,28.309956983867366
DIV2K,0840,refiner_v2,/home/ubuntu/scratch/sr-diffusion/benchmark_outputs/refiner_v2/DIV2K/0840/refined.png,/home/ubuntu/scratch/sr-diffusion/benchmarks/div2k/DIV2K_valid_HR/0840.png,/home/ubuntu/scratch/sr-diffusion/benchmarks/div2k/DIV2K_valid_LR_bicubic/X4/0840x4.png,29.367894513657795,27.96262122675501
DIV2K,0840,realesrgan,/home/ubuntu/scratch/sr-diffusion/benchmark_outputs/realesrgan/DIV2K/0840/RealESRGAN_x4plus.png,/home/ubuntu/scratch/sr-diffusion/benchmarks/div2k/DIV2K_valid_HR/0840.png,/home/ubuntu/scratch/sr-diffusion/benchmarks/div2k/DIV2K_valid_LR_bicubic/X4/0840x4.png,27.284186786138378,25.806840830248582
DIV2K,0841,bicubic,generated:matlab_bicubic_resize,/home/ubuntu/scratch/sr-diffusion/benchmarks/div2k/DIV2K_valid_HR/0841.png,/home/ubuntu/scratch/sr-diffusion/benchmarks/div2k/DIV2K_valid_LR_bicubic/X4/0841x4.png,27.61888247768015,26.20629057688246
DIV2K,0841,stage2_guarded_off,/home/ubuntu/scratch/sr-diffusion/benchmark_outputs/stage2_guarded_detail_v2_tta_off/DIV2K/0841/base.png,/home/ubuntu/scratch/sr-diffusion/benchmarks/div2k/DIV2K_valid_HR/0841.png,/home/ubuntu/scratch/sr-diffusion/benchmarks/div2k/DIV2K_valid_LR_bicubic/X4/0841x4.png,29.13971119602437,27.727191826389866
DIV2K,0841,stage2_guarded_hflip,/home/ubuntu/scratch/sr-diffusion/benchmark_outputs/stage2_guarded_detail_v2_tta_hflip/DIV2K/0841/base.png,/home/ubuntu/scratch/sr-diffusion/benchmarks/div2k/DIV2K_valid_HR/0841.png,/home/ubuntu/scratch/sr-diffusion/benchmarks/div2k/DIV2K_valid_LR_bicubic/X4/0841x4.png,29.1936836923264,27.782222985420763
DIV2K,0841,stage2_guarded_x8,/home/ubuntu/scratch/sr-diffusion/benchmark_outputs/stage2_guarded_detail_v2_tta_x8/DIV2K/0841/base.png,/home/ubuntu/scratch/sr-diffusion/benchmarks/div2k/DIV2K_valid_HR/0841.png,/home/ubuntu/scratch/sr-diffusion/benchmarks/div2k/DIV2K_valid_LR_bicubic/X4/0841x4.png,29.22578269387134,27.818837486775216
DIV2K,0841,detail_v2_masked,/home/ubuntu/scratch/sr-diffusion/benchmark_outputs/detail_v2_masked/DIV2K/0841/detail.png,/home/ubuntu/scratch/sr-diffusion/benchmarks/div2k/DIV2K_valid_HR/0841.png,/home/ubuntu/scratch/sr-diffusion/benchmarks/div2k/DIV2K_valid_LR_bicubic/X4/0841x4.png,29.35885133349632,27.94623884704177
DIV2K,0841,refiner_v2,/home/ubuntu/scratch/sr-diffusion/benchmark_outputs/refiner_v2/DIV2K/0841/refined.png,/home/ubuntu/scratch/sr-diffusion/benchmarks/div2k/DIV2K_valid_HR/0841.png,/home/ubuntu/scratch/sr-diffusion/benchmarks/div2k/DIV2K_valid_LR_bicubic/X4/0841x4.png,26.9545928988718,25.567574438367892
DIV2K,0841,realesrgan,/home/ubuntu/scratch/sr-diffusion/benchmark_outputs/realesrgan/DIV2K/0841/RealESRGAN_x4plus.png,/home/ubuntu/scratch/sr-diffusion/benchmarks/div2k/DIV2K_valid_HR/0841.png,/home/ubuntu/scratch/sr-diffusion/benchmarks/div2k/DIV2K_valid_LR_bicubic/X4/0841x4.png,25.576382783032816,24.062140471856203
DIV2K,0842,bicubic,generated:matlab_bicubic_resize,/home/ubuntu/scratch/sr-diffusion/benchmarks/div2k/DIV2K_valid_HR/0842.png,/home/ubuntu/scratch/sr-diffusion/benchmarks/div2k/DIV2K_valid_LR_bicubic/X4/0842x4.png,29.58260866669736,28.35307873802314
DIV2K,0842,stage2_guarded_off,/home/ubuntu/scratch/sr-diffusion/benchmark_outputs/stage2_guarded_detail_v2_tta_off/DIV2K/0842/base.png,/home/ubuntu/scratch/sr-diffusion/benchmarks/div2k/DIV2K_valid_HR/0842.png,/home/ubuntu/scratch/sr-diffusion/benchmarks/div2k/DIV2K_valid_LR_bicubic/X4/0842x4.png,30.510306947761702,29.246738640777394
DIV2K,0842,stage2_guarded_hflip,/home/ubuntu/scratch/sr-diffusion/benchmark_outputs/stage2_guarded_detail_v2_tta_hflip/DIV2K/0842/base.png,/home/ubuntu/scratch/sr-diffusion/benchmarks/div2k/DIV2K_valid_HR/0842.png,/home/ubuntu/scratch/sr-diffusion/benchmarks/div2k/DIV2K_valid_LR_bicubic/X4/0842x4.png,30.55523340550863,29.294656315258777
DIV2K,0842,stage2_guarded_x8,/home/ubuntu/scratch/sr-diffusion/benchmark_outputs/stage2_guarded_detail_v2_tta_x8/DIV2K/0842/base.png,/home/ubuntu/scratch/sr-diffusion/benchmarks/div2k/DIV2K_valid_HR/0842.png,/home/ubuntu/scratch/sr-diffusion/benchmarks/div2k/DIV2K_valid_LR_bicubic/X4/0842x4.png,30.58308432074182,29.326970487964967
DIV2K,0842,detail_v2_masked,/home/ubuntu/scratch/sr-diffusion/benchmark_outputs/detail_v2_masked/DIV2K/0842/detail.png,/home/ubuntu/scratch/sr-diffusion/benchmarks/div2k/DIV2K_valid_HR/0842.png,/home/ubuntu/scratch/sr-diffusion/benchmarks/div2k/DIV2K_valid_LR_bicubic/X4/0842x4.png,30.651230007714155,29.400343500101904
DIV2K,0842,refiner_v2,/home/ubuntu/scratch/sr-diffusion/benchmark_outputs/refiner_v2/DIV2K/0842/refined.png,/home/ubuntu/scratch/sr-diffusion/benchmarks/div2k/DIV2K_valid_HR/0842.png,/home/ubuntu/scratch/sr-diffusion/benchmarks/div2k/DIV2K_valid_LR_bicubic/X4/0842x4.png,30.33488317005791,29.045459530283033
DIV2K,0842,realesrgan,/home/ubuntu/scratch/sr-diffusion/benchmark_outputs/realesrgan/DIV2K/0842/RealESRGAN_x4plus.png,/home/ubuntu/scratch/sr-diffusion/benchmarks/div2k/DIV2K_valid_HR/0842.png,/home/ubuntu/scratch/sr-diffusion/benchmarks/div2k/DIV2K_valid_LR_bicubic/X4/0842x4.png,27.540533589147138,26.154582155625903
DIV2K,0843,bicubic,generated:matlab_bicubic_resize,/home/ubuntu/scratch/sr-diffusion/benchmarks/div2k/DIV2K_valid_HR/0843.png,/home/ubuntu/scratch/sr-diffusion/benchmarks/div2k/DIV2K_valid_LR_bicubic/X4/0843x4.png,38.79516168124559,37.04508902587868
DIV2K,0843,stage2_guarded_off,/home/ubuntu/scratch/sr-diffusion/benchmark_outputs/stage2_guarded_detail_v2_tta_off/DIV2K/0843/base.png,/home/ubuntu/scratch/sr-diffusion/benchmarks/div2k/DIV2K_valid_HR/0843.png,/home/ubuntu/scratch/sr-diffusion/benchmarks/div2k/DIV2K_valid_LR_bicubic/X4/0843x4.png,42.60665370437014,40.514986507240025
DIV2K,0843,stage2_guarded_hflip,/home/ubuntu/scratch/sr-diffusion/benchmark_outputs/stage2_guarded_detail_v2_tta_hflip/DIV2K/0843/base.png,/home/ubuntu/scratch/sr-diffusion/benchmarks/div2k/DIV2K_valid_HR/0843.png,/home/ubuntu/scratch/sr-diffusion/benchmarks/div2k/DIV2K_valid_LR_bicubic/X4/0843x4.png,42.5995565161647,40.54116706748833
DIV2K,0843,stage2_guarded_x8,/home/ubuntu/scratch/sr-diffusion/benchmark_outputs/stage2_guarded_detail_v2_tta_x8/DIV2K/0843/base.png,/home/ubuntu/scratch/sr-diffusion/benchmarks/div2k/DIV2K_valid_HR/0843.png,/home/ubuntu/scratch/sr-diffusion/benchmarks/div2k/DIV2K_valid_LR_bicubic/X4/0843x4.png,42.69290768709312,40.642513412019184
DIV2K,0843,detail_v2_masked,/home/ubuntu/scratch/sr-diffusion/benchmark_outputs/detail_v2_masked/DIV2K/0843/detail.png,/home/ubuntu/scratch/sr-diffusion/benchmarks/div2k/DIV2K_valid_HR/0843.png,/home/ubuntu/scratch/sr-diffusion/benchmarks/div2k/DIV2K_valid_LR_bicubic/X4/0843x4.png,43.088491324646334,40.82056229095418
DIV2K,0843,refiner_v2,/home/ubuntu/scratch/sr-diffusion/benchmark_outputs/refiner_v2/DIV2K/0843/refined.png,/home/ubuntu/scratch/sr-diffusion/benchmarks/div2k/DIV2K_valid_HR/0843.png,/home/ubuntu/scratch/sr-diffusion/benchmarks/div2k/DIV2K_valid_LR_bicubic/X4/0843x4.png,27.861934767470547,26.36161965065542
DIV2K,0843,realesrgan,/home/ubuntu/scratch/sr-diffusion/benchmark_outputs/realesrgan/DIV2K/0843/RealESRGAN_x4plus.png,/home/ubuntu/scratch/sr-diffusion/benchmarks/div2k/DIV2K_valid_HR/0843.png,/home/ubuntu/scratch/sr-diffusion/benchmarks/div2k/DIV2K_valid_LR_bicubic/X4/0843x4.png,35.5757529971465,34.14520093178187
DIV2K,0844,bicubic,generated:matlab_bicubic_resize,/home/ubuntu/scratch/sr-diffusion/benchmarks/div2k/DIV2K_valid_HR/0844.png,/home/ubuntu/scratch/sr-diffusion/benchmarks/div2k/DIV2K_valid_LR_bicubic/X4/0844x4.png,39.984156546854365,37.93295091421095
DIV2K,0844,stage2_guarded_off,/home/ubuntu/scratch/sr-diffusion/benchmark_outputs/stage2_guarded_detail_v2_tta_off/DIV2K/0844/base.png,/home/ubuntu/scratch/sr-diffusion/benchmarks/div2k/DIV2K_valid_HR/0844.png,/home/ubuntu/scratch/sr-diffusion/benchmarks/div2k/DIV2K_valid_LR_bicubic/X4/0844x4.png,43.95025774628583,40.991496166097235
DIV2K,0844,stage2_guarded_hflip,/home/ubuntu/scratch/sr-diffusion/benchmark_outputs/stage2_guarded_detail_v2_tta_hflip/DIV2K/0844/base.png,/home/ubuntu/scratch/sr-diffusion/benchmarks/div2k/DIV2K_valid_HR/0844.png,/home/ubuntu/scratch/sr-diffusion/benchmarks/div2k/DIV2K_valid_LR_bicubic/X4/0844x4.png,44.069461750642056,41.15476045597759
DIV2K,0844,stage2_guarded_x8,/home/ubuntu/scratch/sr-diffusion/benchmark_outputs/stage2_guarded_detail_v2_tta_x8/DIV2K/0844/base.png,/home/ubuntu/scratch/sr-diffusion/benchmarks/div2k/DIV2K_valid_HR/0844.png,/home/ubuntu/scratch/sr-diffusion/benchmarks/div2k/DIV2K_valid_LR_bicubic/X4/0844x4.png,44.45643694436809,41.57075342610085
DIV2K,0844,detail_v2_masked,/home/ubuntu/scratch/sr-diffusion/benchmark_outputs/detail_v2_masked/DIV2K/0844/detail.png,/home/ubuntu/scratch/sr-diffusion/benchmarks/div2k/DIV2K_valid_HR/0844.png,/home/ubuntu/scratch/sr-diffusion/benchmarks/div2k/DIV2K_valid_LR_bicubic/X4/0844x4.png,45.075719712022384,41.863692339367375
DIV2K,0844,refiner_v2,/home/ubuntu/scratch/sr-diffusion/benchmark_outputs/refiner_v2/DIV2K/0844/refined.png,/home/ubuntu/scratch/sr-diffusion/benchmarks/div2k/DIV2K_valid_HR/0844.png,/home/ubuntu/scratch/sr-diffusion/benchmarks/div2k/DIV2K_valid_LR_bicubic/X4/0844x4.png,34.96721168929179,33.518477415089606
DIV2K,0844,realesrgan,/home/ubuntu/scratch/sr-diffusion/benchmark_outputs/realesrgan/DIV2K/0844/RealESRGAN_x4plus.png,/home/ubuntu/scratch/sr-diffusion/benchmarks/div2k/DIV2K_valid_HR/0844.png,/home/ubuntu/scratch/sr-diffusion/benchmarks/div2k/DIV2K_valid_LR_bicubic/X4/0844x4.png,38.001721586703084,33.6442489481497
DIV2K,0845,bicubic,generated:matlab_bicubic_resize,/home/ubuntu/scratch/sr-diffusion/benchmarks/div2k/DIV2K_valid_HR/0845.png,/home/ubuntu/scratch/sr-diffusion/benchmarks/div2k/DIV2K_valid_LR_bicubic/X4/0845x4.png,22.771336688509614,21.417171560474163
DIV2K,0845,stage2_guarded_off,/home/ubuntu/scratch/sr-diffusion/benchmark_outputs/stage2_guarded_detail_v2_tta_off/DIV2K/0845/base.png,/home/ubuntu/scratch/sr-diffusion/benchmarks/div2k/DIV2K_valid_HR/0845.png,/home/ubuntu/scratch/sr-diffusion/benchmarks/div2k/DIV2K_valid_LR_bicubic/X4/0845x4.png,24.934594186816007,23.5545450195818
DIV2K,0845,stage2_guarded_hflip,/home/ubuntu/scratch/sr-diffusion/benchmark_outputs/stage2_guarded_detail_v2_tta_hflip/DIV2K/0845/base.png,/home/ubuntu/scratch/sr-diffusion/benchmarks/div2k/DIV2K_valid_HR/0845.png,/home/ubuntu/scratch/sr-diffusion/benchmarks/div2k/DIV2K_valid_LR_bicubic/X4/0845x4.png,24.98116177386995,23.604425267428823
DIV2K,0845,stage2_guarded_x8,/home/ubuntu/scratch/sr-diffusion/benchmark_outputs/stage2_guarded_detail_v2_tta_x8/DIV2K/0845/base.png,/home/ubuntu/scratch/sr-diffusion/benchmarks/div2k/DIV2K_valid_HR/0845.png,/home/ubuntu/scratch/sr-diffusion/benchmarks/div2k/DIV2K_valid_LR_bicubic/X4/0845x4.png,25.01939571902993,23.648399460149836
DIV2K,0845,detail_v2_masked,/home/ubuntu/scratch/sr-diffusion/benchmark_outputs/detail_v2_masked/DIV2K/0845/detail.png,/home/ubuntu/scratch/sr-diffusion/benchmarks/div2k/DIV2K_valid_HR/0845.png,/home/ubuntu/scratch/sr-diffusion/benchmarks/div2k/DIV2K_valid_LR_bicubic/X4/0845x4.png,25.240244172411877,23.866754957313173
DIV2K,0845,refiner_v2,/home/ubuntu/scratch/sr-diffusion/benchmark_outputs/refiner_v2/DIV2K/0845/refined.png,/home/ubuntu/scratch/sr-diffusion/benchmarks/div2k/DIV2K_valid_HR/0845.png,/home/ubuntu/scratch/sr-diffusion/benchmarks/div2k/DIV2K_valid_LR_bicubic/X4/0845x4.png,24.408883402690556,23.03994311390707
DIV2K,0845,realesrgan,/home/ubuntu/scratch/sr-diffusion/benchmark_outputs/realesrgan/DIV2K/0845/RealESRGAN_x4plus.png,/home/ubuntu/scratch/sr-diffusion/benchmarks/div2k/DIV2K_valid_HR/0845.png,/home/ubuntu/scratch/sr-diffusion/benchmarks/div2k/DIV2K_valid_LR_bicubic/X4/0845x4.png,20.565125719744106,19.17241720505391
DIV2K,0846,bicubic,generated:matlab_bicubic_resize,/home/ubuntu/scratch/sr-diffusion/benchmarks/div2k/DIV2K_valid_HR/0846.png,/home/ubuntu/scratch/sr-diffusion/benchmarks/div2k/DIV2K_valid_LR_bicubic/X4/0846x4.png,23.51793099963556,22.18363916800381
DIV2K,0846,stage2_guarded_off,/home/ubuntu/scratch/sr-diffusion/benchmark_outputs/stage2_guarded_detail_v2_tta_off/DIV2K/0846/base.png,/home/ubuntu/scratch/sr-diffusion/benchmarks/div2k/DIV2K_valid_HR/0846.png,/home/ubuntu/scratch/sr-diffusion/benchmarks/div2k/DIV2K_valid_LR_bicubic/X4/0846x4.png,26.374656587006157,25.041713400660868
DIV2K,0846,stage2_guarded_hflip,/home/ubuntu/scratch/sr-diffusion/benchmark_outputs/stage2_guarded_detail_v2_tta_hflip/DIV2K/0846/base.png,/home/ubuntu/scratch/sr-diffusion/benchmarks/div2k/DIV2K_valid_HR/0846.png,/home/ubuntu/scratch/sr-diffusion/benchmarks/div2k/DIV2K_valid_LR_bicubic/X4/0846x4.png,26.415635595696855,25.084012861756584
DIV2K,0846,stage2_guarded_x8,/home/ubuntu/scratch/sr-diffusion/benchmark_outputs/stage2_guarded_detail_v2_tta_x8/DIV2K/0846/base.png,/home/ubuntu/scratch/sr-diffusion/benchmarks/div2k/DIV2K_valid_HR/0846.png,/home/ubuntu/scratch/sr-diffusion/benchmarks/div2k/DIV2K_valid_LR_bicubic/X4/0846x4.png,26.48346883332856,25.157313568164795
DIV2K,0846,detail_v2_masked,/home/ubuntu/scratch/sr-diffusion/benchmark_outputs/detail_v2_masked/DIV2K/0846/detail.png,/home/ubuntu/scratch/sr-diffusion/benchmarks/div2k/DIV2K_valid_HR/0846.png,/home/ubuntu/scratch/sr-diffusion/benchmarks/div2k/DIV2K_valid_LR_bicubic/X4/0846x4.png,26.73562148459083,25.40644249576747
DIV2K,0846,refiner_v2,/home/ubuntu/scratch/sr-diffusion/benchmark_outputs/refiner_v2/DIV2K/0846/refined.png,/home/ubuntu/scratch/sr-diffusion/benchmarks/div2k/DIV2K_valid_HR/0846.png,/home/ubuntu/scratch/sr-diffusion/benchmarks/div2k/DIV2K_valid_LR_bicubic/X4/0846x4.png,25.587802563783235,24.253751794977177
DIV2K,0846,realesrgan,/home/ubuntu/scratch/sr-diffusion/benchmark_outputs/realesrgan/DIV2K/0846/RealESRGAN_x4plus.png,/home/ubuntu/scratch/sr-diffusion/benchmarks/div2k/DIV2K_valid_HR/0846.png,/home/ubuntu/scratch/sr-diffusion/benchmarks/div2k/DIV2K_valid_LR_bicubic/X4/0846x4.png,23.990218701834,22.598036015734188
DIV2K,0847,bicubic,generated:matlab_bicubic_resize,/home/ubuntu/scratch/sr-diffusion/benchmarks/div2k/DIV2K_valid_HR/0847.png,/home/ubuntu/scratch/sr-diffusion/benchmarks/div2k/DIV2K_valid_LR_bicubic/X4/0847x4.png,26.57145017829948,25.08212595283936
DIV2K,0847,stage2_guarded_off,/home/ubuntu/scratch/sr-diffusion/benchmark_outputs/stage2_guarded_detail_v2_tta_off/DIV2K/0847/base.png,/home/ubuntu/scratch/sr-diffusion/benchmarks/div2k/DIV2K_valid_HR/0847.png,/home/ubuntu/scratch/sr-diffusion/benchmarks/div2k/DIV2K_valid_LR_bicubic/X4/0847x4.png,28.90013419064655,27.359938982866527
DIV2K,0847,stage2_guarded_hflip,/home/ubuntu/scratch/sr-diffusion/benchmark_outputs/stage2_guarded_detail_v2_tta_hflip/DIV2K/0847/base.png,/home/ubuntu/scratch/sr-diffusion/benchmarks/div2k/DIV2K_valid_HR/0847.png,/home/ubuntu/scratch/sr-diffusion/benchmarks/div2k/DIV2K_valid_LR_bicubic/X4/0847x4.png,28.953981693182595,27.4161542721044
DIV2K,0847,stage2_guarded_x8,/home/ubuntu/scratch/sr-diffusion/benchmark_outputs/stage2_guarded_detail_v2_tta_x8/DIV2K/0847/base.png,/home/ubuntu/scratch/sr-diffusion/benchmarks/div2k/DIV2K_valid_HR/0847.png,/home/ubuntu/scratch/sr-diffusion/benchmarks/div2k/DIV2K_valid_LR_bicubic/X4/0847x4.png,29.015558311779323,27.4866010993573
DIV2K,0847,detail_v2_masked,/home/ubuntu/scratch/sr-diffusion/benchmark_outputs/detail_v2_masked/DIV2K/0847/detail.png,/home/ubuntu/scratch/sr-diffusion/benchmarks/div2k/DIV2K_valid_HR/0847.png,/home/ubuntu/scratch/sr-diffusion/benchmarks/div2k/DIV2K_valid_LR_bicubic/X4/0847x4.png,29.262092129454423,27.728337776148653
DIV2K,0847,refiner_v2,/home/ubuntu/scratch/sr-diffusion/benchmark_outputs/refiner_v2/DIV2K/0847/refined.png,/home/ubuntu/scratch/sr-diffusion/benchmarks/div2k/DIV2K_valid_HR/0847.png,/home/ubuntu/scratch/sr-diffusion/benchmarks/div2k/DIV2K_valid_LR_bicubic/X4/0847x4.png,28.327651650975135,26.775333552963858
DIV2K,0847,realesrgan,/home/ubuntu/scratch/sr-diffusion/benchmark_outputs/realesrgan/DIV2K/0847/RealESRGAN_x4plus.png,/home/ubuntu/scratch/sr-diffusion/benchmarks/div2k/DIV2K_valid_HR/0847.png,/home/ubuntu/scratch/sr-diffusion/benchmarks/div2k/DIV2K_valid_LR_bicubic/X4/0847x4.png,25.48624281172211,23.776114821148283
DIV2K,0848,bicubic,generated:matlab_bicubic_resize,/home/ubuntu/scratch/sr-diffusion/benchmarks/div2k/DIV2K_valid_HR/0848.png,/home/ubuntu/scratch/sr-diffusion/benchmarks/div2k/DIV2K_valid_LR_bicubic/X4/0848x4.png,26.367516854617822,25.057212394608605
DIV2K,0848,stage2_guarded_off,/home/ubuntu/scratch/sr-diffusion/benchmark_outputs/stage2_guarded_detail_v2_tta_off/DIV2K/0848/base.png,/home/ubuntu/scratch/sr-diffusion/benchmarks/div2k/DIV2K_valid_HR/0848.png,/home/ubuntu/scratch/sr-diffusion/benchmarks/div2k/DIV2K_valid_LR_bicubic/X4/0848x4.png,28.375907463148668,27.057581680607406
DIV2K,0848,stage2_guarded_hflip,/home/ubuntu/scratch/sr-diffusion/benchmark_outputs/stage2_guarded_detail_v2_tta_hflip/DIV2K/0848/base.png,/home/ubuntu/scratch/sr-diffusion/benchmarks/div2k/DIV2K_valid_HR/0848.png,/home/ubuntu/scratch/sr-diffusion/benchmarks/div2k/DIV2K_valid_LR_bicubic/X4/0848x4.png,28.405859173522284,27.090261866457887
DIV2K,0848,stage2_guarded_x8,/home/ubuntu/scratch/sr-diffusion/benchmark_outputs/stage2_guarded_detail_v2_tta_x8/DIV2K/0848/base.png,/home/ubuntu/scratch/sr-diffusion/benchmarks/div2k/DIV2K_valid_HR/0848.png,/home/ubuntu/scratch/sr-diffusion/benchmarks/div2k/DIV2K_valid_LR_bicubic/X4/0848x4.png,28.43912662210682,27.128062226357393
DIV2K,0848,detail_v2_masked,/home/ubuntu/scratch/sr-diffusion/benchmark_outputs/detail_v2_masked/DIV2K/0848/detail.png,/home/ubuntu/scratch/sr-diffusion/benchmarks/div2k/DIV2K_valid_HR/0848.png,/home/ubuntu/scratch/sr-diffusion/benchmarks/div2k/DIV2K_valid_LR_bicubic/X4/0848x4.png,28.56879522956023,27.25066829431952
DIV2K,0848,refiner_v2,/home/ubuntu/scratch/sr-diffusion/benchmark_outputs/refiner_v2/DIV2K/0848/refined.png,/home/ubuntu/scratch/sr-diffusion/benchmarks/div2k/DIV2K_valid_HR/0848.png,/home/ubuntu/scratch/sr-diffusion/benchmarks/div2k/DIV2K_valid_LR_bicubic/X4/0848x4.png,28.08384751591372,26.766437689835826
DIV2K,0848,realesrgan,/home/ubuntu/scratch/sr-diffusion/benchmark_outputs/realesrgan/DIV2K/0848/RealESRGAN_x4plus.png,/home/ubuntu/scratch/sr-diffusion/benchmarks/div2k/DIV2K_valid_HR/0848.png,/home/ubuntu/scratch/sr-diffusion/benchmarks/div2k/DIV2K_valid_LR_bicubic/X4/0848x4.png,26.867519168880936,25.29794111334283
DIV2K,0849,bicubic,generated:matlab_bicubic_resize,/home/ubuntu/scratch/sr-diffusion/benchmarks/div2k/DIV2K_valid_HR/0849.png,/home/ubuntu/scratch/sr-diffusion/benchmarks/div2k/DIV2K_valid_LR_bicubic/X4/0849x4.png,21.024443377156878,19.576233492811138
DIV2K,0849,stage2_guarded_off,/home/ubuntu/scratch/sr-diffusion/benchmark_outputs/stage2_guarded_detail_v2_tta_off/DIV2K/0849/base.png,/home/ubuntu/scratch/sr-diffusion/benchmarks/div2k/DIV2K_valid_HR/0849.png,/home/ubuntu/scratch/sr-diffusion/benchmarks/div2k/DIV2K_valid_LR_bicubic/X4/0849x4.png,23.40884345226785,21.988524427578973
DIV2K,0849,stage2_guarded_hflip,/home/ubuntu/scratch/sr-diffusion/benchmark_outputs/stage2_guarded_detail_v2_tta_hflip/DIV2K/0849/base.png,/home/ubuntu/scratch/sr-diffusion/benchmarks/div2k/DIV2K_valid_HR/0849.png,/home/ubuntu/scratch/sr-diffusion/benchmarks/div2k/DIV2K_valid_LR_bicubic/X4/0849x4.png,23.454667870263304,22.037968381111327
DIV2K,0849,stage2_guarded_x8,/home/ubuntu/scratch/sr-diffusion/benchmark_outputs/stage2_guarded_detail_v2_tta_x8/DIV2K/0849/base.png,/home/ubuntu/scratch/sr-diffusion/benchmarks/div2k/DIV2K_valid_HR/0849.png,/home/ubuntu/scratch/sr-diffusion/benchmarks/div2k/DIV2K_valid_LR_bicubic/X4/0849x4.png,23.49524960297645,22.08419759329569
DIV2K,0849,detail_v2_masked,/home/ubuntu/scratch/sr-diffusion/benchmark_outputs/detail_v2_masked/DIV2K/0849/detail.png,/home/ubuntu/scratch/sr-diffusion/benchmarks/div2k/DIV2K_valid_HR/0849.png,/home/ubuntu/scratch/sr-diffusion/benchmarks/div2k/DIV2K_valid_LR_bicubic/X4/0849x4.png,23.713774085331544,22.30185295570587
DIV2K,0849,refiner_v2,/home/ubuntu/scratch/sr-diffusion/benchmark_outputs/refiner_v2/DIV2K/0849/refined.png,/home/ubuntu/scratch/sr-diffusion/benchmarks/div2k/DIV2K_valid_HR/0849.png,/home/ubuntu/scratch/sr-diffusion/benchmarks/div2k/DIV2K_valid_LR_bicubic/X4/0849x4.png,23.08915498720711,21.675057195235503
DIV2K,0849,realesrgan,/home/ubuntu/scratch/sr-diffusion/benchmark_outputs/realesrgan/DIV2K/0849/RealESRGAN_x4plus.png,/home/ubuntu/scratch/sr-diffusion/benchmarks/div2k/DIV2K_valid_HR/0849.png,/home/ubuntu/scratch/sr-diffusion/benchmarks/div2k/DIV2K_valid_LR_bicubic/X4/0849x4.png,21.337082938750154,19.642253337430986
DIV2K,0850,bicubic,generated:matlab_bicubic_resize,/home/ubuntu/scratch/sr-diffusion/benchmarks/div2k/DIV2K_valid_HR/0850.png,/home/ubuntu/scratch/sr-diffusion/benchmarks/div2k/DIV2K_valid_LR_bicubic/X4/0850x4.png,28.106013843028514,26.70376347817792
DIV2K,0850,stage2_guarded_off,/home/ubuntu/scratch/sr-diffusion/benchmark_outputs/stage2_guarded_detail_v2_tta_off/DIV2K/0850/base.png,/home/ubuntu/scratch/sr-diffusion/benchmarks/div2k/DIV2K_valid_HR/0850.png,/home/ubuntu/scratch/sr-diffusion/benchmarks/div2k/DIV2K_valid_LR_bicubic/X4/0850x4.png,30.248414353986696,28.839516504967992
DIV2K,0850,stage2_guarded_hflip,/home/ubuntu/scratch/sr-diffusion/benchmark_outputs/stage2_guarded_detail_v2_tta_hflip/DIV2K/0850/base.png,/home/ubuntu/scratch/sr-diffusion/benchmarks/div2k/DIV2K_valid_HR/0850.png,/home/ubuntu/scratch/sr-diffusion/benchmarks/div2k/DIV2K_valid_LR_bicubic/X4/0850x4.png,30.296055119960034,28.88983900034455
DIV2K,0850,stage2_guarded_x8,/home/ubuntu/scratch/sr-diffusion/benchmark_outputs/stage2_guarded_detail_v2_tta_x8/DIV2K/0850/base.png,/home/ubuntu/scratch/sr-diffusion/benchmarks/div2k/DIV2K_valid_HR/0850.png,/home/ubuntu/scratch/sr-diffusion/benchmarks/div2k/DIV2K_valid_LR_bicubic/X4/0850x4.png,30.318593937255777,28.919879169966798
DIV2K,0850,detail_v2_masked,/home/ubuntu/scratch/sr-diffusion/benchmark_outputs/detail_v2_masked/DIV2K/0850/detail.png,/home/ubuntu/scratch/sr-diffusion/benchmarks/div2k/DIV2K_valid_HR/0850.png,/home/ubuntu/scratch/sr-diffusion/benchmarks/div2k/DIV2K_valid_LR_bicubic/X4/0850x4.png,30.569984697805793,29.156635760088612
DIV2K,0850,refiner_v2,/home/ubuntu/scratch/sr-diffusion/benchmark_outputs/refiner_v2/DIV2K/0850/refined.png,/home/ubuntu/scratch/sr-diffusion/benchmarks/div2k/DIV2K_valid_HR/0850.png,/home/ubuntu/scratch/sr-diffusion/benchmarks/div2k/DIV2K_valid_LR_bicubic/X4/0850x4.png,29.917580171917358,28.51125993878049
DIV2K,0850,realesrgan,/home/ubuntu/scratch/sr-diffusion/benchmark_outputs/realesrgan/DIV2K/0850/RealESRGAN_x4plus.png,/home/ubuntu/scratch/sr-diffusion/benchmarks/div2k/DIV2K_valid_HR/0850.png,/home/ubuntu/scratch/sr-diffusion/benchmarks/div2k/DIV2K_valid_LR_bicubic/X4/0850x4.png,27.367113657891263,25.65232018909466
DIV2K,0851,bicubic,generated:matlab_bicubic_resize,/home/ubuntu/scratch/sr-diffusion/benchmarks/div2k/DIV2K_valid_HR/0851.png,/home/ubuntu/scratch/sr-diffusion/benchmarks/div2k/DIV2K_valid_LR_bicubic/X4/0851x4.png,28.182544875104583,26.745562766356006
DIV2K,0851,stage2_guarded_off,/home/ubuntu/scratch/sr-diffusion/benchmark_outputs/stage2_guarded_detail_v2_tta_off/DIV2K/0851/base.png,/home/ubuntu/scratch/sr-diffusion/benchmarks/div2k/DIV2K_valid_HR/0851.png,/home/ubuntu/scratch/sr-diffusion/benchmarks/div2k/DIV2K_valid_LR_bicubic/X4/0851x4.png,29.4938349701641,28.03458250263589
DIV2K,0851,stage2_guarded_hflip,/home/ubuntu/scratch/sr-diffusion/benchmark_outputs/stage2_guarded_detail_v2_tta_hflip/DIV2K/0851/base.png,/home/ubuntu/scratch/sr-diffusion/benchmarks/div2k/DIV2K_valid_HR/0851.png,/home/ubuntu/scratch/sr-diffusion/benchmarks/div2k/DIV2K_valid_LR_bicubic/X4/0851x4.png,29.54100790015916,28.089059435989014
DIV2K,0851,stage2_guarded_x8,/home/ubuntu/scratch/sr-diffusion/benchmark_outputs/stage2_guarded_detail_v2_tta_x8/DIV2K/0851/base.png,/home/ubuntu/scratch/sr-diffusion/benchmarks/div2k/DIV2K_valid_HR/0851.png,/home/ubuntu/scratch/sr-diffusion/benchmarks/div2k/DIV2K_valid_LR_bicubic/X4/0851x4.png,29.588411015798847,28.14604054450153
DIV2K,0851,detail_v2_masked,/home/ubuntu/scratch/sr-diffusion/benchmark_outputs/detail_v2_masked/DIV2K/0851/detail.png,/home/ubuntu/scratch/sr-diffusion/benchmarks/div2k/DIV2K_valid_HR/0851.png,/home/ubuntu/scratch/sr-diffusion/benchmarks/div2k/DIV2K_valid_LR_bicubic/X4/0851x4.png,29.613167238747007,28.160173854205127
DIV2K,0851,refiner_v2,/home/ubuntu/scratch/sr-diffusion/benchmark_outputs/refiner_v2/DIV2K/0851/refined.png,/home/ubuntu/scratch/sr-diffusion/benchmarks/div2k/DIV2K_valid_HR/0851.png,/home/ubuntu/scratch/sr-diffusion/benchmarks/div2k/DIV2K_valid_LR_bicubic/X4/0851x4.png,28.997727879799054,27.511785825127454
DIV2K,0851,realesrgan,/home/ubuntu/scratch/sr-diffusion/benchmark_outputs/realesrgan/DIV2K/0851/RealESRGAN_x4plus.png,/home/ubuntu/scratch/sr-diffusion/benchmarks/div2k/DIV2K_valid_HR/0851.png,/home/ubuntu/scratch/sr-diffusion/benchmarks/div2k/DIV2K_valid_LR_bicubic/X4/0851x4.png,27.953304268322725,26.00790818730294
DIV2K,0852,bicubic,generated:matlab_bicubic_resize,/home/ubuntu/scratch/sr-diffusion/benchmarks/div2k/DIV2K_valid_HR/0852.png,/home/ubuntu/scratch/sr-diffusion/benchmarks/div2k/DIV2K_valid_LR_bicubic/X4/0852x4.png,30.01651473080573,28.931460710283122
DIV2K,0852,stage2_guarded_off,/home/ubuntu/scratch/sr-diffusion/benchmark_outputs/stage2_guarded_detail_v2_tta_off/DIV2K/0852/base.png,/home/ubuntu/scratch/sr-diffusion/benchmarks/div2k/DIV2K_valid_HR/0852.png,/home/ubuntu/scratch/sr-diffusion/benchmarks/div2k/DIV2K_valid_LR_bicubic/X4/0852x4.png,30.865310467148078,29.786817532259704
DIV2K,0852,stage2_guarded_hflip,/home/ubuntu/scratch/sr-diffusion/benchmark_outputs/stage2_guarded_detail_v2_tta_hflip/DIV2K/0852/base.png,/home/ubuntu/scratch/sr-diffusion/benchmarks/div2k/DIV2K_valid_HR/0852.png,/home/ubuntu/scratch/sr-diffusion/benchmarks/div2k/DIV2K_valid_LR_bicubic/X4/0852x4.png,30.898809805822278,29.823945925799507
DIV2K,0852,stage2_guarded_x8,/home/ubuntu/scratch/sr-diffusion/benchmark_outputs/stage2_guarded_detail_v2_tta_x8/DIV2K/0852/base.png,/home/ubuntu/scratch/sr-diffusion/benchmarks/div2k/DIV2K_valid_HR/0852.png,/home/ubuntu/scratch/sr-diffusion/benchmarks/div2k/DIV2K_valid_LR_bicubic/X4/0852x4.png,30.91967312931951,29.852685809369504
DIV2K,0852,detail_v2_masked,/home/ubuntu/scratch/sr-diffusion/benchmark_outputs/detail_v2_masked/DIV2K/0852/detail.png,/home/ubuntu/scratch/sr-diffusion/benchmarks/div2k/DIV2K_valid_HR/0852.png,/home/ubuntu/scratch/sr-diffusion/benchmarks/div2k/DIV2K_valid_LR_bicubic/X4/0852x4.png,30.94651873522924,29.881597010271747
DIV2K,0852,refiner_v2,/home/ubuntu/scratch/sr-diffusion/benchmark_outputs/refiner_v2/DIV2K/0852/refined.png,/home/ubuntu/scratch/sr-diffusion/benchmarks/div2k/DIV2K_valid_HR/0852.png,/home/ubuntu/scratch/sr-diffusion/benchmarks/div2k/DIV2K_valid_LR_bicubic/X4/0852x4.png,30.629804948473062,29.570206806282798
DIV2K,0852,realesrgan,/home/ubuntu/scratch/sr-diffusion/benchmark_outputs/realesrgan/DIV2K/0852/RealESRGAN_x4plus.png,/home/ubuntu/scratch/sr-diffusion/benchmarks/div2k/DIV2K_valid_HR/0852.png,/home/ubuntu/scratch/sr-diffusion/benchmarks/div2k/DIV2K_valid_LR_bicubic/X4/0852x4.png,27.7269938863256,26.423959753315252
DIV2K,0853,bicubic,generated:matlab_bicubic_resize,/home/ubuntu/scratch/sr-diffusion/benchmarks/div2k/DIV2K_valid_HR/0853.png,/home/ubuntu/scratch/sr-diffusion/benchmarks/div2k/DIV2K_valid_LR_bicubic/X4/0853x4.png,32.69575241445451,30.85875839069338
DIV2K,0853,stage2_guarded_off,/home/ubuntu/scratch/sr-diffusion/benchmark_outputs/stage2_guarded_detail_v2_tta_off/DIV2K/0853/base.png,/home/ubuntu/scratch/sr-diffusion/benchmarks/div2k/DIV2K_valid_HR/0853.png,/home/ubuntu/scratch/sr-diffusion/benchmarks/div2k/DIV2K_valid_LR_bicubic/X4/0853x4.png,35.44329972529106,33.43387346247084
DIV2K,0853,stage2_guarded_hflip,/home/ubuntu/scratch/sr-diffusion/benchmark_outputs/stage2_guarded_detail_v2_tta_hflip/DIV2K/0853/base.png,/home/ubuntu/scratch/sr-diffusion/benchmarks/div2k/DIV2K_valid_HR/0853.png,/home/ubuntu/scratch/sr-diffusion/benchmarks/div2k/DIV2K_valid_LR_bicubic/X4/0853x4.png,35.533507342471026,33.52787273425011
DIV2K,0853,stage2_guarded_x8,/home/ubuntu/scratch/sr-diffusion/benchmark_outputs/stage2_guarded_detail_v2_tta_x8/DIV2K/0853/base.png,/home/ubuntu/scratch/sr-diffusion/benchmarks/div2k/DIV2K_valid_HR/0853.png,/home/ubuntu/scratch/sr-diffusion/benchmarks/div2k/DIV2K_valid_LR_bicubic/X4/0853x4.png,35.59190518470625,33.60167505243748
DIV2K,0853,detail_v2_masked,/home/ubuntu/scratch/sr-diffusion/benchmark_outputs/detail_v2_masked/DIV2K/0853/detail.png,/home/ubuntu/scratch/sr-diffusion/benchmarks/div2k/DIV2K_valid_HR/0853.png,/home/ubuntu/scratch/sr-diffusion/benchmarks/div2k/DIV2K_valid_LR_bicubic/X4/0853x4.png,35.73249116004578,33.69928364210213
DIV2K,0853,refiner_v2,/home/ubuntu/scratch/sr-diffusion/benchmark_outputs/refiner_v2/DIV2K/0853/refined.png,/home/ubuntu/scratch/sr-diffusion/benchmarks/div2k/DIV2K_valid_HR/0853.png,/home/ubuntu/scratch/sr-diffusion/benchmarks/div2k/DIV2K_valid_LR_bicubic/X4/0853x4.png,32.880699287186566,31.24445603412529
DIV2K,0853,realesrgan,/home/ubuntu/scratch/sr-diffusion/benchmark_outputs/realesrgan/DIV2K/0853/RealESRGAN_x4plus.png,/home/ubuntu/scratch/sr-diffusion/benchmarks/div2k/DIV2K_valid_HR/0853.png,/home/ubuntu/scratch/sr-diffusion/benchmarks/div2k/DIV2K_valid_LR_bicubic/X4/0853x4.png,31.372949973948717,27.44573076740143
DIV2K,0854,bicubic,generated:matlab_bicubic_resize,/home/ubuntu/scratch/sr-diffusion/benchmarks/div2k/DIV2K_valid_HR/0854.png,/home/ubuntu/scratch/sr-diffusion/benchmarks/div2k/DIV2K_valid_LR_bicubic/X4/0854x4.png,24.6867183385205,23.38569287341246
DIV2K,0854,stage2_guarded_off,/home/ubuntu/scratch/sr-diffusion/benchmark_outputs/stage2_guarded_detail_v2_tta_off/DIV2K/0854/base.png,/home/ubuntu/scratch/sr-diffusion/benchmarks/div2k/DIV2K_valid_HR/0854.png,/home/ubuntu/scratch/sr-diffusion/benchmarks/div2k/DIV2K_valid_LR_bicubic/X4/0854x4.png,26.081583396308883,24.760033347510834
DIV2K,0854,stage2_guarded_hflip,/home/ubuntu/scratch/sr-diffusion/benchmark_outputs/stage2_guarded_detail_v2_tta_hflip/DIV2K/0854/base.png,/home/ubuntu/scratch/sr-diffusion/benchmarks/div2k/DIV2K_valid_HR/0854.png,/home/ubuntu/scratch/sr-diffusion/benchmarks/div2k/DIV2K_valid_LR_bicubic/X4/0854x4.png,26.111227571847238,24.791122112117627
DIV2K,0854,stage2_guarded_x8,/home/ubuntu/scratch/sr-diffusion/benchmark_outputs/stage2_guarded_detail_v2_tta_x8/DIV2K/0854/base.png,/home/ubuntu/scratch/sr-diffusion/benchmarks/div2k/DIV2K_valid_HR/0854.png,/home/ubuntu/scratch/sr-diffusion/benchmarks/div2k/DIV2K_valid_LR_bicubic/X4/0854x4.png,26.131559831462482,24.81446482881382
DIV2K,0854,detail_v2_masked,/home/ubuntu/scratch/sr-diffusion/benchmark_outputs/detail_v2_masked/DIV2K/0854/detail.png,/home/ubuntu/scratch/sr-diffusion/benchmarks/div2k/DIV2K_valid_HR/0854.png,/home/ubuntu/scratch/sr-diffusion/benchmarks/div2k/DIV2K_valid_LR_bicubic/X4/0854x4.png,26.219446574759647,24.902575912032326
DIV2K,0854,refiner_v2,/home/ubuntu/scratch/sr-diffusion/benchmark_outputs/refiner_v2/DIV2K/0854/refined.png,/home/ubuntu/scratch/sr-diffusion/benchmarks/div2k/DIV2K_valid_HR/0854.png,/home/ubuntu/scratch/sr-diffusion/benchmarks/div2k/DIV2K_valid_LR_bicubic/X4/0854x4.png,25.943817990872972,24.619422456599015
DIV2K,0854,realesrgan,/home/ubuntu/scratch/sr-diffusion/benchmark_outputs/realesrgan/DIV2K/0854/RealESRGAN_x4plus.png,/home/ubuntu/scratch/sr-diffusion/benchmarks/div2k/DIV2K_valid_HR/0854.png,/home/ubuntu/scratch/sr-diffusion/benchmarks/div2k/DIV2K_valid_LR_bicubic/X4/0854x4.png,23.19259359360195,21.796597801583317
DIV2K,0855,bicubic,generated:matlab_bicubic_resize,/home/ubuntu/scratch/sr-diffusion/benchmarks/div2k/DIV2K_valid_HR/0855.png,/home/ubuntu/scratch/sr-diffusion/benchmarks/div2k/DIV2K_valid_LR_bicubic/X4/0855x4.png,29.367724335942135,28.024251869467793
DIV2K,0855,stage2_guarded_off,/home/ubuntu/scratch/sr-diffusion/benchmark_outputs/stage2_guarded_detail_v2_tta_off/DIV2K/0855/base.png,/home/ubuntu/scratch/sr-diffusion/benchmarks/div2k/DIV2K_valid_HR/0855.png,/home/ubuntu/scratch/sr-diffusion/benchmarks/div2k/DIV2K_valid_LR_bicubic/X4/0855x4.png,30.356605883979952,28.998842864662606
DIV2K,0855,stage2_guarded_hflip,/home/ubuntu/scratch/sr-diffusion/benchmark_outputs/stage2_guarded_detail_v2_tta_hflip/DIV2K/0855/base.png,/home/ubuntu/scratch/sr-diffusion/benchmarks/div2k/DIV2K_valid_HR/0855.png,/home/ubuntu/scratch/sr-diffusion/benchmarks/div2k/DIV2K_valid_LR_bicubic/X4/0855x4.png,30.39071524698363,29.03403709162582
DIV2K,0855,stage2_guarded_x8,/home/ubuntu/scratch/sr-diffusion/benchmark_outputs/stage2_guarded_detail_v2_tta_x8/DIV2K/0855/base.png,/home/ubuntu/scratch/sr-diffusion/benchmarks/div2k/DIV2K_valid_HR/0855.png,/home/ubuntu/scratch/sr-diffusion/benchmarks/div2k/DIV2K_valid_LR_bicubic/X4/0855x4.png,30.38966359362824,29.034631882605282
DIV2K,0855,detail_v2_masked,/home/ubuntu/scratch/sr-diffusion/benchmark_outputs/detail_v2_masked/DIV2K/0855/detail.png,/home/ubuntu/scratch/sr-diffusion/benchmarks/div2k/DIV2K_valid_HR/0855.png,/home/ubuntu/scratch/sr-diffusion/benchmarks/div2k/DIV2K_valid_LR_bicubic/X4/0855x4.png,30.317403175107728,28.96335355101015
DIV2K,0855,refiner_v2,/home/ubuntu/scratch/sr-diffusion/benchmark_outputs/refiner_v2/DIV2K/0855/refined.png,/home/ubuntu/scratch/sr-diffusion/benchmarks/div2k/DIV2K_valid_HR/0855.png,/home/ubuntu/scratch/sr-diffusion/benchmarks/div2k/DIV2K_valid_LR_bicubic/X4/0855x4.png,29.899623728694422,28.514713723572875
DIV2K,0855,realesrgan,/home/ubuntu/scratch/sr-diffusion/benchmark_outputs/realesrgan/DIV2K/0855/RealESRGAN_x4plus.png,/home/ubuntu/scratch/sr-diffusion/benchmarks/div2k/DIV2K_valid_HR/0855.png,/home/ubuntu/scratch/sr-diffusion/benchmarks/div2k/DIV2K_valid_LR_bicubic/X4/0855x4.png,27.729241226574434,26.28676514221103
DIV2K,0856,bicubic,generated:matlab_bicubic_resize,/home/ubuntu/scratch/sr-diffusion/benchmarks/div2k/DIV2K_valid_HR/0856.png,/home/ubuntu/scratch/sr-diffusion/benchmarks/div2k/DIV2K_valid_LR_bicubic/X4/0856x4.png,26.41288026624835,23.214276433100775
DIV2K,0856,stage2_guarded_off,/home/ubuntu/scratch/sr-diffusion/benchmark_outputs/stage2_guarded_detail_v2_tta_off/DIV2K/0856/base.png,/home/ubuntu/scratch/sr-diffusion/benchmarks/div2k/DIV2K_valid_HR/0856.png,/home/ubuntu/scratch/sr-diffusion/benchmarks/div2k/DIV2K_valid_LR_bicubic/X4/0856x4.png,27.16472371477403,23.945042872716126
DIV2K,0856,stage2_guarded_hflip,/home/ubuntu/scratch/sr-diffusion/benchmark_outputs/stage2_guarded_detail_v2_tta_hflip/DIV2K/0856/base.png,/home/ubuntu/scratch/sr-diffusion/benchmarks/div2k/DIV2K_valid_HR/0856.png,/home/ubuntu/scratch/sr-diffusion/benchmarks/div2k/DIV2K_valid_LR_bicubic/X4/0856x4.png,27.217341407167478,23.990078850576122
DIV2K,0856,stage2_guarded_x8,/home/ubuntu/scratch/sr-diffusion/benchmark_outputs/stage2_guarded_detail_v2_tta_x8/DIV2K/0856/base.png,/home/ubuntu/scratch/sr-diffusion/benchmarks/div2k/DIV2K_valid_HR/0856.png,/home/ubuntu/scratch/sr-diffusion/benchmarks/div2k/DIV2K_valid_LR_bicubic/X4/0856x4.png,27.25833975043978,24.018615393785744
DIV2K,0856,detail_v2_masked,/home/ubuntu/scratch/sr-diffusion/benchmark_outputs/detail_v2_masked/DIV2K/0856/detail.png,/home/ubuntu/scratch/sr-diffusion/benchmarks/div2k/DIV2K_valid_HR/0856.png,/home/ubuntu/scratch/sr-diffusion/benchmarks/div2k/DIV2K_valid_LR_bicubic/X4/0856x4.png,27.2721222462453,24.109384184365815
DIV2K,0856,refiner_v2,/home/ubuntu/scratch/sr-diffusion/benchmark_outputs/refiner_v2/DIV2K/0856/refined.png,/home/ubuntu/scratch/sr-diffusion/benchmarks/div2k/DIV2K_valid_HR/0856.png,/home/ubuntu/scratch/sr-diffusion/benchmarks/div2k/DIV2K_valid_LR_bicubic/X4/0856x4.png,26.677132339568054,23.431550809343626
DIV2K,0856,realesrgan,/home/ubuntu/scratch/sr-diffusion/benchmark_outputs/realesrgan/DIV2K/0856/RealESRGAN_x4plus.png,/home/ubuntu/scratch/sr-diffusion/benchmarks/div2k/DIV2K_valid_HR/0856.png,/home/ubuntu/scratch/sr-diffusion/benchmarks/div2k/DIV2K_valid_LR_bicubic/X4/0856x4.png,24.84635897281994,21.423473414708493
DIV2K,0857,bicubic,generated:matlab_bicubic_resize,/home/ubuntu/scratch/sr-diffusion/benchmarks/div2k/DIV2K_valid_HR/0857.png,/home/ubuntu/scratch/sr-diffusion/benchmarks/div2k/DIV2K_valid_LR_bicubic/X4/0857x4.png,35.448676466665596,33.9965574064447
DIV2K,0857,stage2_guarded_off,/home/ubuntu/scratch/sr-diffusion/benchmark_outputs/stage2_guarded_detail_v2_tta_off/DIV2K/0857/base.png,/home/ubuntu/scratch/sr-diffusion/benchmarks/div2k/DIV2K_valid_HR/0857.png,/home/ubuntu/scratch/sr-diffusion/benchmarks/div2k/DIV2K_valid_LR_bicubic/X4/0857x4.png,36.0483739357134,34.563635866561164
DIV2K,0857,stage2_guarded_hflip,/home/ubuntu/scratch/sr-diffusion/benchmark_outputs/stage2_guarded_detail_v2_tta_hflip/DIV2K/0857/base.png,/home/ubuntu/scratch/sr-diffusion/benchmarks/div2k/DIV2K_valid_HR/0857.png,/home/ubuntu/scratch/sr-diffusion/benchmarks/div2k/DIV2K_valid_LR_bicubic/X4/0857x4.png,36.06721786166689,34.58597256326645
DIV2K,0857,stage2_guarded_x8,/home/ubuntu/scratch/sr-diffusion/benchmark_outputs/stage2_guarded_detail_v2_tta_x8/DIV2K/0857/base.png,/home/ubuntu/scratch/sr-diffusion/benchmarks/div2k/DIV2K_valid_HR/0857.png,/home/ubuntu/scratch/sr-diffusion/benchmarks/div2k/DIV2K_valid_LR_bicubic/X4/0857x4.png,36.084407910292185,34.61348406565686
DIV2K,0857,detail_v2_masked,/home/ubuntu/scratch/sr-diffusion/benchmark_outputs/detail_v2_masked/DIV2K/0857/detail.png,/home/ubuntu/scratch/sr-diffusion/benchmarks/div2k/DIV2K_valid_HR/0857.png,/home/ubuntu/scratch/sr-diffusion/benchmarks/div2k/DIV2K_valid_LR_bicubic/X4/0857x4.png,36.18387468735905,34.70120455162594
DIV2K,0857,refiner_v2,/home/ubuntu/scratch/sr-diffusion/benchmark_outputs/refiner_v2/DIV2K/0857/refined.png,/home/ubuntu/scratch/sr-diffusion/benchmarks/div2k/DIV2K_valid_HR/0857.png,/home/ubuntu/scratch/sr-diffusion/benchmarks/div2k/DIV2K_valid_LR_bicubic/X4/0857x4.png,35.6314291905356,34.05539585074037
DIV2K,0857,realesrgan,/home/ubuntu/scratch/sr-diffusion/benchmark_outputs/realesrgan/DIV2K/0857/RealESRGAN_x4plus.png,/home/ubuntu/scratch/sr-diffusion/benchmarks/div2k/DIV2K_valid_HR/0857.png,/home/ubuntu/scratch/sr-diffusion/benchmarks/div2k/DIV2K_valid_LR_bicubic/X4/0857x4.png,33.420633012230155,31.499755705605313
DIV2K,0858,bicubic,generated:matlab_bicubic_resize,/home/ubuntu/scratch/sr-diffusion/benchmarks/div2k/DIV2K_valid_HR/0858.png,/home/ubuntu/scratch/sr-diffusion/benchmarks/div2k/DIV2K_valid_LR_bicubic/X4/0858x4.png,28.23299192161112,27.01838741511296
DIV2K,0858,stage2_guarded_off,/home/ubuntu/scratch/sr-diffusion/benchmark_outputs/stage2_guarded_detail_v2_tta_off/DIV2K/0858/base.png,/home/ubuntu/scratch/sr-diffusion/benchmarks/div2k/DIV2K_valid_HR/0858.png,/home/ubuntu/scratch/sr-diffusion/benchmarks/div2k/DIV2K_valid_LR_bicubic/X4/0858x4.png,29.590850468806835,28.33720187725187
DIV2K,0858,stage2_guarded_hflip,/home/ubuntu/scratch/sr-diffusion/benchmark_outputs/stage2_guarded_detail_v2_tta_hflip/DIV2K/0858/base.png,/home/ubuntu/scratch/sr-diffusion/benchmarks/div2k/DIV2K_valid_HR/0858.png,/home/ubuntu/scratch/sr-diffusion/benchmarks/div2k/DIV2K_valid_LR_bicubic/X4/0858x4.png,29.6179044183785,28.367508208284498
DIV2K,0858,stage2_guarded_x8,/home/ubuntu/scratch/sr-diffusion/benchmark_outputs/stage2_guarded_detail_v2_tta_x8/DIV2K/0858/base.png,/home/ubuntu/scratch/sr-diffusion/benchmarks/div2k/DIV2K_valid_HR/0858.png,/home/ubuntu/scratch/sr-diffusion/benchmarks/div2k/DIV2K_valid_LR_bicubic/X4/0858x4.png,29.642340665341614,28.39807177973073
DIV2K,0858,detail_v2_masked,/home/ubuntu/scratch/sr-diffusion/benchmark_outputs/detail_v2_masked/DIV2K/0858/detail.png,/home/ubuntu/scratch/sr-diffusion/benchmarks/div2k/DIV2K_valid_HR/0858.png,/home/ubuntu/scratch/sr-diffusion/benchmarks/div2k/DIV2K_valid_LR_bicubic/X4/0858x4.png,29.699503535955117,28.456432718414835
DIV2K,0858,refiner_v2,/home/ubuntu/scratch/sr-diffusion/benchmark_outputs/refiner_v2/DIV2K/0858/refined.png,/home/ubuntu/scratch/sr-diffusion/benchmarks/div2k/DIV2K_valid_HR/0858.png,/home/ubuntu/scratch/sr-diffusion/benchmarks/div2k/DIV2K_valid_LR_bicubic/X4/0858x4.png,29.38505230897798,28.13997635750258
DIV2K,0858,realesrgan,/home/ubuntu/scratch/sr-diffusion/benchmark_outputs/realesrgan/DIV2K/0858/RealESRGAN_x4plus.png,/home/ubuntu/scratch/sr-diffusion/benchmarks/div2k/DIV2K_valid_HR/0858.png,/home/ubuntu/scratch/sr-diffusion/benchmarks/div2k/DIV2K_valid_LR_bicubic/X4/0858x4.png,25.664824677138046,24.268345915268057
DIV2K,0859,bicubic,generated:matlab_bicubic_resize,/home/ubuntu/scratch/sr-diffusion/benchmarks/div2k/DIV2K_valid_HR/0859.png,/home/ubuntu/scratch/sr-diffusion/benchmarks/div2k/DIV2K_valid_LR_bicubic/X4/0859x4.png,25.32469415163254,24.059457077726382
DIV2K,0859,stage2_guarded_off,/home/ubuntu/scratch/sr-diffusion/benchmark_outputs/stage2_guarded_detail_v2_tta_off/DIV2K/0859/base.png,/home/ubuntu/scratch/sr-diffusion/benchmarks/div2k/DIV2K_valid_HR/0859.png,/home/ubuntu/scratch/sr-diffusion/benchmarks/div2k/DIV2K_valid_LR_bicubic/X4/0859x4.png,26.22097182671355,24.921351805121876
DIV2K,0859,stage2_guarded_hflip,/home/ubuntu/scratch/sr-diffusion/benchmark_outputs/stage2_guarded_detail_v2_tta_hflip/DIV2K/0859/base.png,/home/ubuntu/scratch/sr-diffusion/benchmarks/div2k/DIV2K_valid_HR/0859.png,/home/ubuntu/scratch/sr-diffusion/benchmarks/div2k/DIV2K_valid_LR_bicubic/X4/0859x4.png,26.258655085153997,24.96028555725154
DIV2K,0859,stage2_guarded_x8,/home/ubuntu/scratch/sr-diffusion/benchmark_outputs/stage2_guarded_detail_v2_tta_x8/DIV2K/0859/base.png,/home/ubuntu/scratch/sr-diffusion/benchmarks/div2k/DIV2K_valid_HR/0859.png,/home/ubuntu/scratch/sr-diffusion/benchmarks/div2k/DIV2K_valid_LR_bicubic/X4/0859x4.png,26.30017982020471,25.005841168844277
DIV2K,0859,detail_v2_masked,/home/ubuntu/scratch/sr-diffusion/benchmark_outputs/detail_v2_masked/DIV2K/0859/detail.png,/home/ubuntu/scratch/sr-diffusion/benchmarks/div2k/DIV2K_valid_HR/0859.png,/home/ubuntu/scratch/sr-diffusion/benchmarks/div2k/DIV2K_valid_LR_bicubic/X4/0859x4.png,26.352154385154343,25.068876397791435
DIV2K,0859,refiner_v2,/home/ubuntu/scratch/sr-diffusion/benchmark_outputs/refiner_v2/DIV2K/0859/refined.png,/home/ubuntu/scratch/sr-diffusion/benchmarks/div2k/DIV2K_valid_HR/0859.png,/home/ubuntu/scratch/sr-diffusion/benchmarks/div2k/DIV2K_valid_LR_bicubic/X4/0859x4.png,26.26952182779316,24.96306874402562
DIV2K,0859,realesrgan,/home/ubuntu/scratch/sr-diffusion/benchmark_outputs/realesrgan/DIV2K/0859/RealESRGAN_x4plus.png,/home/ubuntu/scratch/sr-diffusion/benchmarks/div2k/DIV2K_valid_HR/0859.png,/home/ubuntu/scratch/sr-diffusion/benchmarks/div2k/DIV2K_valid_LR_bicubic/X4/0859x4.png,23.156199675512248,21.768084882568992
DIV2K,0860,bicubic,generated:matlab_bicubic_resize,/home/ubuntu/scratch/sr-diffusion/benchmarks/div2k/DIV2K_valid_HR/0860.png,/home/ubuntu/scratch/sr-diffusion/benchmarks/div2k/DIV2K_valid_LR_bicubic/X4/0860x4.png,21.030943613589912,19.671944612057757
DIV2K,0860,stage2_guarded_off,/home/ubuntu/scratch/sr-diffusion/benchmark_outputs/stage2_guarded_detail_v2_tta_off/DIV2K/0860/base.png,/home/ubuntu/scratch/sr-diffusion/benchmarks/div2k/DIV2K_valid_HR/0860.png,/home/ubuntu/scratch/sr-diffusion/benchmarks/div2k/DIV2K_valid_LR_bicubic/X4/0860x4.png,21.839193204293046,20.46968670846646
DIV2K,0860,stage2_guarded_hflip,/home/ubuntu/scratch/sr-diffusion/benchmark_outputs/stage2_guarded_detail_v2_tta_hflip/DIV2K/0860/base.png,/home/ubuntu/scratch/sr-diffusion/benchmarks/div2k/DIV2K_valid_HR/0860.png,/home/ubuntu/scratch/sr-diffusion/benchmarks/div2k/DIV2K_valid_LR_bicubic/X4/0860x4.png,21.864547601845544,20.495956210421188
DIV2K,0860,stage2_guarded_x8,/home/ubuntu/scratch/sr-diffusion/benchmark_outputs/stage2_guarded_detail_v2_tta_x8/DIV2K/0860/base.png,/home/ubuntu/scratch/sr-diffusion/benchmarks/div2k/DIV2K_valid_HR/0860.png,/home/ubuntu/scratch/sr-diffusion/benchmarks/div2k/DIV2K_valid_LR_bicubic/X4/0860x4.png,21.870736047877383,20.50397555199784
DIV2K,0860,detail_v2_masked,/home/ubuntu/scratch/sr-diffusion/benchmark_outputs/detail_v2_masked/DIV2K/0860/detail.png,/home/ubuntu/scratch/sr-diffusion/benchmarks/div2k/DIV2K_valid_HR/0860.png,/home/ubuntu/scratch/sr-diffusion/benchmarks/div2k/DIV2K_valid_LR_bicubic/X4/0860x4.png,21.893623543313872,20.52577966023543
DIV2K,0860,refiner_v2,/home/ubuntu/scratch/sr-diffusion/benchmark_outputs/refiner_v2/DIV2K/0860/refined.png,/home/ubuntu/scratch/sr-diffusion/benchmarks/div2k/DIV2K_valid_HR/0860.png,/home/ubuntu/scratch/sr-diffusion/benchmarks/div2k/DIV2K_valid_LR_bicubic/X4/0860x4.png,21.760923888903847,20.389663337949425
DIV2K,0860,realesrgan,/home/ubuntu/scratch/sr-diffusion/benchmark_outputs/realesrgan/DIV2K/0860/RealESRGAN_x4plus.png,/home/ubuntu/scratch/sr-diffusion/benchmarks/div2k/DIV2K_valid_HR/0860.png,/home/ubuntu/scratch/sr-diffusion/benchmarks/div2k/DIV2K_valid_LR_bicubic/X4/0860x4.png,19.416101705657734,17.94374285986533
DIV2K,0861,bicubic,generated:matlab_bicubic_resize,/home/ubuntu/scratch/sr-diffusion/benchmarks/div2k/DIV2K_valid_HR/0861.png,/home/ubuntu/scratch/sr-diffusion/benchmarks/div2k/DIV2K_valid_LR_bicubic/X4/0861x4.png,22.390981203316073,21.175928119334976
DIV2K,0861,stage2_guarded_off,/home/ubuntu/scratch/sr-diffusion/benchmark_outputs/stage2_guarded_detail_v2_tta_off/DIV2K/0861/base.png,/home/ubuntu/scratch/sr-diffusion/benchmarks/div2k/DIV2K_valid_HR/0861.png,/home/ubuntu/scratch/sr-diffusion/benchmarks/div2k/DIV2K_valid_LR_bicubic/X4/0861x4.png,23.900253381444642,22.67762123043429
DIV2K,0861,stage2_guarded_hflip,/home/ubuntu/scratch/sr-diffusion/benchmark_outputs/stage2_guarded_detail_v2_tta_hflip/DIV2K/0861/base.png,/home/ubuntu/scratch/sr-diffusion/benchmarks/div2k/DIV2K_valid_HR/0861.png,/home/ubuntu/scratch/sr-diffusion/benchmarks/div2k/DIV2K_valid_LR_bicubic/X4/0861x4.png,23.933060142783937,22.712391550498864
DIV2K,0861,stage2_guarded_x8,/home/ubuntu/scratch/sr-diffusion/benchmark_outputs/stage2_guarded_detail_v2_tta_x8/DIV2K/0861/base.png,/home/ubuntu/scratch/sr-diffusion/benchmarks/div2k/DIV2K_valid_HR/0861.png,/home/ubuntu/scratch/sr-diffusion/benchmarks/div2k/DIV2K_valid_LR_bicubic/X4/0861x4.png,23.959213482042394,22.74152273093661
DIV2K,0861,detail_v2_masked,/home/ubuntu/scratch/sr-diffusion/benchmark_outputs/detail_v2_masked/DIV2K/0861/detail.png,/home/ubuntu/scratch/sr-diffusion/benchmarks/div2k/DIV2K_valid_HR/0861.png,/home/ubuntu/scratch/sr-diffusion/benchmarks/div2k/DIV2K_valid_LR_bicubic/X4/0861x4.png,24.114659703406755,22.896877706797085
DIV2K,0861,refiner_v2,/home/ubuntu/scratch/sr-diffusion/benchmark_outputs/refiner_v2/DIV2K/0861/refined.png,/home/ubuntu/scratch/sr-diffusion/benchmarks/div2k/DIV2K_valid_HR/0861.png,/home/ubuntu/scratch/sr-diffusion/benchmarks/div2k/DIV2K_valid_LR_bicubic/X4/0861x4.png,23.560832106185927,22.327965890293576
DIV2K,0861,realesrgan,/home/ubuntu/scratch/sr-diffusion/benchmark_outputs/realesrgan/DIV2K/0861/RealESRGAN_x4plus.png,/home/ubuntu/scratch/sr-diffusion/benchmarks/div2k/DIV2K_valid_HR/0861.png,/home/ubuntu/scratch/sr-diffusion/benchmarks/div2k/DIV2K_valid_LR_bicubic/X4/0861x4.png,21.374650800454713,20.088655429037495
DIV2K,0862,bicubic,generated:matlab_bicubic_resize,/home/ubuntu/scratch/sr-diffusion/benchmarks/div2k/DIV2K_valid_HR/0862.png,/home/ubuntu/scratch/sr-diffusion/benchmarks/div2k/DIV2K_valid_LR_bicubic/X4/0862x4.png,33.7794601347183,32.387137781045524
DIV2K,0862,stage2_guarded_off,/home/ubuntu/scratch/sr-diffusion/benchmark_outputs/stage2_guarded_detail_v2_tta_off/DIV2K/0862/base.png,/home/ubuntu/scratch/sr-diffusion/benchmarks/div2k/DIV2K_valid_HR/0862.png,/home/ubuntu/scratch/sr-diffusion/benchmarks/div2k/DIV2K_valid_LR_bicubic/X4/0862x4.png,34.204680747392544,32.780542748524226
DIV2K,0862,stage2_guarded_hflip,/home/ubuntu/scratch/sr-diffusion/benchmark_outputs/stage2_guarded_detail_v2_tta_hflip/DIV2K/0862/base.png,/home/ubuntu/scratch/sr-diffusion/benchmarks/div2k/DIV2K_valid_HR/0862.png,/home/ubuntu/scratch/sr-diffusion/benchmarks/div2k/DIV2K_valid_LR_bicubic/X4/0862x4.png,34.24786599041711,32.82556970379733
DIV2K,0862,stage2_guarded_x8,/home/ubuntu/scratch/sr-diffusion/benchmark_outputs/stage2_guarded_detail_v2_tta_x8/DIV2K/0862/base.png,/home/ubuntu/scratch/sr-diffusion/benchmarks/div2k/DIV2K_valid_HR/0862.png,/home/ubuntu/scratch/sr-diffusion/benchmarks/div2k/DIV2K_valid_LR_bicubic/X4/0862x4.png,34.2720438079589,32.856202839580895
DIV2K,0862,detail_v2_masked,/home/ubuntu/scratch/sr-diffusion/benchmark_outputs/detail_v2_masked/DIV2K/0862/detail.png,/home/ubuntu/scratch/sr-diffusion/benchmarks/div2k/DIV2K_valid_HR/0862.png,/home/ubuntu/scratch/sr-diffusion/benchmarks/div2k/DIV2K_valid_LR_bicubic/X4/0862x4.png,34.30891198430579,32.8832344489511
DIV2K,0862,refiner_v2,/home/ubuntu/scratch/sr-diffusion/benchmark_outputs/refiner_v2/DIV2K/0862/refined.png,/home/ubuntu/scratch/sr-diffusion/benchmarks/div2k/DIV2K_valid_HR/0862.png,/home/ubuntu/scratch/sr-diffusion/benchmarks/div2k/DIV2K_valid_LR_bicubic/X4/0862x4.png,33.55405858147944,31.9966631538699
DIV2K,0862,realesrgan,/home/ubuntu/scratch/sr-diffusion/benchmark_outputs/realesrgan/DIV2K/0862/RealESRGAN_x4plus.png,/home/ubuntu/scratch/sr-diffusion/benchmarks/div2k/DIV2K_valid_HR/0862.png,/home/ubuntu/scratch/sr-diffusion/benchmarks/div2k/DIV2K_valid_LR_bicubic/X4/0862x4.png,29.568585425466107,28.0656986447436
DIV2K,0863,bicubic,generated:matlab_bicubic_resize,/home/ubuntu/scratch/sr-diffusion/benchmarks/div2k/DIV2K_valid_HR/0863.png,/home/ubuntu/scratch/sr-diffusion/benchmarks/div2k/DIV2K_valid_LR_bicubic/X4/0863x4.png,33.414160830957144,32.0811352672992
DIV2K,0863,stage2_guarded_off,/home/ubuntu/scratch/sr-diffusion/benchmark_outputs/stage2_guarded_detail_v2_tta_off/DIV2K/0863/base.png,/home/ubuntu/scratch/sr-diffusion/benchmarks/div2k/DIV2K_valid_HR/0863.png,/home/ubuntu/scratch/sr-diffusion/benchmarks/div2k/DIV2K_valid_LR_bicubic/X4/0863x4.png,34.18650415777012,32.81969391614769
DIV2K,0863,stage2_guarded_hflip,/home/ubuntu/scratch/sr-diffusion/benchmark_outputs/stage2_guarded_detail_v2_tta_hflip/DIV2K/0863/base.png,/home/ubuntu/scratch/sr-diffusion/benchmarks/div2k/DIV2K_valid_HR/0863.png,/home/ubuntu/scratch/sr-diffusion/benchmarks/div2k/DIV2K_valid_LR_bicubic/X4/0863x4.png,34.18198542162568,32.819296980791535
DIV2K,0863,stage2_guarded_x8,/home/ubuntu/scratch/sr-diffusion/benchmark_outputs/stage2_guarded_detail_v2_tta_x8/DIV2K/0863/base.png,/home/ubuntu/scratch/sr-diffusion/benchmarks/div2k/DIV2K_valid_HR/0863.png,/home/ubuntu/scratch/sr-diffusion/benchmarks/div2k/DIV2K_valid_LR_bicubic/X4/0863x4.png,34.22396610205738,32.867769344564685
DIV2K,0863,detail_v2_masked,/home/ubuntu/scratch/sr-diffusion/benchmark_outputs/detail_v2_masked/DIV2K/0863/detail.png,/home/ubuntu/scratch/sr-diffusion/benchmarks/div2k/DIV2K_valid_HR/0863.png,/home/ubuntu/scratch/sr-diffusion/benchmarks/div2k/DIV2K_valid_LR_bicubic/X4/0863x4.png,34.29051456606602,32.92496094164609
DIV2K,0863,refiner_v2,/home/ubuntu/scratch/sr-diffusion/benchmark_outputs/refiner_v2/DIV2K/0863/refined.png,/home/ubuntu/scratch/sr-diffusion/benchmarks/div2k/DIV2K_valid_HR/0863.png,/home/ubuntu/scratch/sr-diffusion/benchmarks/div2k/DIV2K_valid_LR_bicubic/X4/0863x4.png,32.16645959945418,30.66233913047475
DIV2K,0863,realesrgan,/home/ubuntu/scratch/sr-diffusion/benchmark_outputs/realesrgan/DIV2K/0863/RealESRGAN_x4plus.png,/home/ubuntu/scratch/sr-diffusion/benchmarks/div2k/DIV2K_valid_HR/0863.png,/home/ubuntu/scratch/sr-diffusion/benchmarks/div2k/DIV2K_valid_LR_bicubic/X4/0863x4.png,31.237517746457275,29.569811998233
DIV2K,0864,bicubic,generated:matlab_bicubic_resize,/home/ubuntu/scratch/sr-diffusion/benchmarks/div2k/DIV2K_valid_HR/0864.png,/home/ubuntu/scratch/sr-diffusion/benchmarks/div2k/DIV2K_valid_LR_bicubic/X4/0864x4.png,29.903125796212542,28.646204620572387
DIV2K,0864,stage2_guarded_off,/home/ubuntu/scratch/sr-diffusion/benchmark_outputs/stage2_guarded_detail_v2_tta_off/DIV2K/0864/base.png,/home/ubuntu/scratch/sr-diffusion/benchmarks/div2k/DIV2K_valid_HR/0864.png,/home/ubuntu/scratch/sr-diffusion/benchmarks/div2k/DIV2K_valid_LR_bicubic/X4/0864x4.png,31.007442771262017,29.72326032613927
DIV2K,0864,stage2_guarded_hflip,/home/ubuntu/scratch/sr-diffusion/benchmark_outputs/stage2_guarded_detail_v2_tta_hflip/DIV2K/0864/base.png,/home/ubuntu/scratch/sr-diffusion/benchmarks/div2k/DIV2K_valid_HR/0864.png,/home/ubuntu/scratch/sr-diffusion/benchmarks/div2k/DIV2K_valid_LR_bicubic/X4/0864x4.png,31.04276234673688,29.757953126540425
DIV2K,0864,stage2_guarded_x8,/home/ubuntu/scratch/sr-diffusion/benchmark_outputs/stage2_guarded_detail_v2_tta_x8/DIV2K/0864/base.png,/home/ubuntu/scratch/sr-diffusion/benchmarks/div2k/DIV2K_valid_HR/0864.png,/home/ubuntu/scratch/sr-diffusion/benchmarks/div2k/DIV2K_valid_LR_bicubic/X4/0864x4.png,31.066361136099143,29.786474076399582
DIV2K,0864,detail_v2_masked,/home/ubuntu/scratch/sr-diffusion/benchmark_outputs/detail_v2_masked/DIV2K/0864/detail.png,/home/ubuntu/scratch/sr-diffusion/benchmarks/div2k/DIV2K_valid_HR/0864.png,/home/ubuntu/scratch/sr-diffusion/benchmarks/div2k/DIV2K_valid_LR_bicubic/X4/0864x4.png,31.105703363160725,29.82264943394922
DIV2K,0864,refiner_v2,/home/ubuntu/scratch/sr-diffusion/benchmark_outputs/refiner_v2/DIV2K/0864/refined.png,/home/ubuntu/scratch/sr-diffusion/benchmarks/div2k/DIV2K_valid_HR/0864.png,/home/ubuntu/scratch/sr-diffusion/benchmarks/div2k/DIV2K_valid_LR_bicubic/X4/0864x4.png,30.763023524781282,29.457016176365364
DIV2K,0864,realesrgan,/home/ubuntu/scratch/sr-diffusion/benchmark_outputs/realesrgan/DIV2K/0864/RealESRGAN_x4plus.png,/home/ubuntu/scratch/sr-diffusion/benchmarks/div2k/DIV2K_valid_HR/0864.png,/home/ubuntu/scratch/sr-diffusion/benchmarks/div2k/DIV2K_valid_LR_bicubic/X4/0864x4.png,26.965706105658374,25.58474641258137
DIV2K,0865,bicubic,generated:matlab_bicubic_resize,/home/ubuntu/scratch/sr-diffusion/benchmarks/div2k/DIV2K_valid_HR/0865.png,/home/ubuntu/scratch/sr-diffusion/benchmarks/div2k/DIV2K_valid_LR_bicubic/X4/0865x4.png,27.6874818194118,26.311970394584314
DIV2K,0865,stage2_guarded_off,/home/ubuntu/scratch/sr-diffusion/benchmark_outputs/stage2_guarded_detail_v2_tta_off/DIV2K/0865/base.png,/home/ubuntu/scratch/sr-diffusion/benchmarks/div2k/DIV2K_valid_HR/0865.png,/home/ubuntu/scratch/sr-diffusion/benchmarks/div2k/DIV2K_valid_LR_bicubic/X4/0865x4.png,28.506982083183317,27.132787215912792
DIV2K,0865,stage2_guarded_hflip,/home/ubuntu/scratch/sr-diffusion/benchmark_outputs/stage2_guarded_detail_v2_tta_hflip/DIV2K/0865/base.png,/home/ubuntu/scratch/sr-diffusion/benchmarks/div2k/DIV2K_valid_HR/0865.png,/home/ubuntu/scratch/sr-diffusion/benchmarks/div2k/DIV2K_valid_LR_bicubic/X4/0865x4.png,28.549280459296455,27.17524161238995
DIV2K,0865,stage2_guarded_x8,/home/ubuntu/scratch/sr-diffusion/benchmark_outputs/stage2_guarded_detail_v2_tta_x8/DIV2K/0865/base.png,/home/ubuntu/scratch/sr-diffusion/benchmarks/div2k/DIV2K_valid_HR/0865.png,/home/ubuntu/scratch/sr-diffusion/benchmarks/div2k/DIV2K_valid_LR_bicubic/X4/0865x4.png,28.57653676089296,27.204442745700746
DIV2K,0865,detail_v2_masked,/home/ubuntu/scratch/sr-diffusion/benchmark_outputs/detail_v2_masked/DIV2K/0865/detail.png,/home/ubuntu/scratch/sr-diffusion/benchmarks/div2k/DIV2K_valid_HR/0865.png,/home/ubuntu/scratch/sr-diffusion/benchmarks/div2k/DIV2K_valid_LR_bicubic/X4/0865x4.png,28.636117975856102,27.26362366000046
DIV2K,0865,refiner_v2,/home/ubuntu/scratch/sr-diffusion/benchmark_outputs/refiner_v2/DIV2K/0865/refined.png,/home/ubuntu/scratch/sr-diffusion/benchmarks/div2k/DIV2K_valid_HR/0865.png,/home/ubuntu/scratch/sr-diffusion/benchmarks/div2k/DIV2K_valid_LR_bicubic/X4/0865x4.png,28.387751988916925,27.007245411513104
DIV2K,0865,realesrgan,/home/ubuntu/scratch/sr-diffusion/benchmark_outputs/realesrgan/DIV2K/0865/RealESRGAN_x4plus.png,/home/ubuntu/scratch/sr-diffusion/benchmarks/div2k/DIV2K_valid_HR/0865.png,/home/ubuntu/scratch/sr-diffusion/benchmarks/div2k/DIV2K_valid_LR_bicubic/X4/0865x4.png,25.977533098258604,24.53477114078675
DIV2K,0866,bicubic,generated:matlab_bicubic_resize,/home/ubuntu/scratch/sr-diffusion/benchmarks/div2k/DIV2K_valid_HR/0866.png,/home/ubuntu/scratch/sr-diffusion/benchmarks/div2k/DIV2K_valid_LR_bicubic/X4/0866x4.png,25.76912258812304,24.348665687586553
DIV2K,0866,stage2_guarded_off,/home/ubuntu/scratch/sr-diffusion/benchmark_outputs/stage2_guarded_detail_v2_tta_off/DIV2K/0866/base.png,/home/ubuntu/scratch/sr-diffusion/benchmarks/div2k/DIV2K_valid_HR/0866.png,/home/ubuntu/scratch/sr-diffusion/benchmarks/div2k/DIV2K_valid_LR_bicubic/X4/0866x4.png,26.218092419996253,24.79051558287145
DIV2K,0866,stage2_guarded_hflip,/home/ubuntu/scratch/sr-diffusion/benchmark_outputs/stage2_guarded_detail_v2_tta_hflip/DIV2K/0866/base.png,/home/ubuntu/scratch/sr-diffusion/benchmarks/div2k/DIV2K_valid_HR/0866.png,/home/ubuntu/scratch/sr-diffusion/benchmarks/div2k/DIV2K_valid_LR_bicubic/X4/0866x4.png,26.25470099629151,24.8274673856574
DIV2K,0866,stage2_guarded_x8,/home/ubuntu/scratch/sr-diffusion/benchmark_outputs/stage2_guarded_detail_v2_tta_x8/DIV2K/0866/base.png,/home/ubuntu/scratch/sr-diffusion/benchmarks/div2k/DIV2K_valid_HR/0866.png,/home/ubuntu/scratch/sr-diffusion/benchmarks/div2k/DIV2K_valid_LR_bicubic/X4/0866x4.png,26.274369690132808,24.84875578291664
DIV2K,0866,detail_v2_masked,/home/ubuntu/scratch/sr-diffusion/benchmark_outputs/detail_v2_masked/DIV2K/0866/detail.png,/home/ubuntu/scratch/sr-diffusion/benchmarks/div2k/DIV2K_valid_HR/0866.png,/home/ubuntu/scratch/sr-diffusion/benchmarks/div2k/DIV2K_valid_LR_bicubic/X4/0866x4.png,26.305391105765263,24.88527551750764
DIV2K,0866,refiner_v2,/home/ubuntu/scratch/sr-diffusion/benchmark_outputs/refiner_v2/DIV2K/0866/refined.png,/home/ubuntu/scratch/sr-diffusion/benchmarks/div2k/DIV2K_valid_HR/0866.png,/home/ubuntu/scratch/sr-diffusion/benchmarks/div2k/DIV2K_valid_LR_bicubic/X4/0866x4.png,26.023743637319207,24.592607781659307
DIV2K,0866,realesrgan,/home/ubuntu/scratch/sr-diffusion/benchmark_outputs/realesrgan/DIV2K/0866/RealESRGAN_x4plus.png,/home/ubuntu/scratch/sr-diffusion/benchmarks/div2k/DIV2K_valid_HR/0866.png,/home/ubuntu/scratch/sr-diffusion/benchmarks/div2k/DIV2K_valid_LR_bicubic/X4/0866x4.png,23.358202914641595,21.773311629293396
DIV2K,0867,bicubic,generated:matlab_bicubic_resize,/home/ubuntu/scratch/sr-diffusion/benchmarks/div2k/DIV2K_valid_HR/0867.png,/home/ubuntu/scratch/sr-diffusion/benchmarks/div2k/DIV2K_valid_LR_bicubic/X4/0867x4.png,27.15107167706242,26.09706260241024
DIV2K,0867,stage2_guarded_off,/home/ubuntu/scratch/sr-diffusion/benchmark_outputs/stage2_guarded_detail_v2_tta_off/DIV2K/0867/base.png,/home/ubuntu/scratch/sr-diffusion/benchmarks/div2k/DIV2K_valid_HR/0867.png,/home/ubuntu/scratch/sr-diffusion/benchmarks/div2k/DIV2K_valid_LR_bicubic/X4/0867x4.png,28.84213385524616,27.690491788999708
DIV2K,0867,stage2_guarded_hflip,/home/ubuntu/scratch/sr-diffusion/benchmark_outputs/stage2_guarded_detail_v2_tta_hflip/DIV2K/0867/base.png,/home/ubuntu/scratch/sr-diffusion/benchmarks/div2k/DIV2K_valid_HR/0867.png,/home/ubuntu/scratch/sr-diffusion/benchmarks/div2k/DIV2K_valid_LR_bicubic/X4/0867x4.png,28.878241220515932,27.734373327192298
DIV2K,0867,stage2_guarded_x8,/home/ubuntu/scratch/sr-diffusion/benchmark_outputs/stage2_guarded_detail_v2_tta_x8/DIV2K/0867/base.png,/home/ubuntu/scratch/sr-diffusion/benchmarks/div2k/DIV2K_valid_HR/0867.png,/home/ubuntu/scratch/sr-diffusion/benchmarks/div2k/DIV2K_valid_LR_bicubic/X4/0867x4.png,28.94458841466598,27.809887742694677
DIV2K,0867,detail_v2_masked,/home/ubuntu/scratch/sr-diffusion/benchmark_outputs/detail_v2_masked/DIV2K/0867/detail.png,/home/ubuntu/scratch/sr-diffusion/benchmarks/div2k/DIV2K_valid_HR/0867.png,/home/ubuntu/scratch/sr-diffusion/benchmarks/div2k/DIV2K_valid_LR_bicubic/X4/0867x4.png,29.03906188736567,27.906287548359003
DIV2K,0867,refiner_v2,/home/ubuntu/scratch/sr-diffusion/benchmark_outputs/refiner_v2/DIV2K/0867/refined.png,/home/ubuntu/scratch/sr-diffusion/benchmarks/div2k/DIV2K_valid_HR/0867.png,/home/ubuntu/scratch/sr-diffusion/benchmarks/div2k/DIV2K_valid_LR_bicubic/X4/0867x4.png,28.50805287881832,27.32797929928276
DIV2K,0867,realesrgan,/home/ubuntu/scratch/sr-diffusion/benchmark_outputs/realesrgan/DIV2K/0867/RealESRGAN_x4plus.png,/home/ubuntu/scratch/sr-diffusion/benchmarks/div2k/DIV2K_valid_HR/0867.png,/home/ubuntu/scratch/sr-diffusion/benchmarks/div2k/DIV2K_valid_LR_bicubic/X4/0867x4.png,24.59589531969528,22.854765891818722
DIV2K,0868,bicubic,generated:matlab_bicubic_resize,/home/ubuntu/scratch/sr-diffusion/benchmarks/div2k/DIV2K_valid_HR/0868.png,/home/ubuntu/scratch/sr-diffusion/benchmarks/div2k/DIV2K_valid_LR_bicubic/X4/0868x4.png,30.902370410302744,29.55224204564073
DIV2K,0868,stage2_guarded_off,/home/ubuntu/scratch/sr-diffusion/benchmark_outputs/stage2_guarded_detail_v2_tta_off/DIV2K/0868/base.png,/home/ubuntu/scratch/sr-diffusion/benchmarks/div2k/DIV2K_valid_HR/0868.png,/home/ubuntu/scratch/sr-diffusion/benchmarks/div2k/DIV2K_valid_LR_bicubic/X4/0868x4.png,33.51556336363663,32.2569581337436
DIV2K,0868,stage2_guarded_hflip,/home/ubuntu/scratch/sr-diffusion/benchmark_outputs/stage2_guarded_detail_v2_tta_hflip/DIV2K/0868/base.png,/home/ubuntu/scratch/sr-diffusion/benchmarks/div2k/DIV2K_valid_HR/0868.png,/home/ubuntu/scratch/sr-diffusion/benchmarks/div2k/DIV2K_valid_LR_bicubic/X4/0868x4.png,33.59952622272172,32.352221305854926
DIV2K,0868,stage2_guarded_x8,/home/ubuntu/scratch/sr-diffusion/benchmark_outputs/stage2_guarded_detail_v2_tta_x8/DIV2K/0868/base.png,/home/ubuntu/scratch/sr-diffusion/benchmarks/div2k/DIV2K_valid_HR/0868.png,/home/ubuntu/scratch/sr-diffusion/benchmarks/div2k/DIV2K_valid_LR_bicubic/X4/0868x4.png,33.65649329618295,32.418914579218004
DIV2K,0868,detail_v2_masked,/home/ubuntu/scratch/sr-diffusion/benchmark_outputs/detail_v2_masked/DIV2K/0868/detail.png,/home/ubuntu/scratch/sr-diffusion/benchmarks/div2k/DIV2K_valid_HR/0868.png,/home/ubuntu/scratch/sr-diffusion/benchmarks/div2k/DIV2K_valid_LR_bicubic/X4/0868x4.png,33.86226942513384,32.58375348322715
DIV2K,0868,refiner_v2,/home/ubuntu/scratch/sr-diffusion/benchmark_outputs/refiner_v2/DIV2K/0868/refined.png,/home/ubuntu/scratch/sr-diffusion/benchmarks/div2k/DIV2K_valid_HR/0868.png,/home/ubuntu/scratch/sr-diffusion/benchmarks/div2k/DIV2K_valid_LR_bicubic/X4/0868x4.png,26.56368392690286,25.098906868408672
DIV2K,0868,realesrgan,/home/ubuntu/scratch/sr-diffusion/benchmark_outputs/realesrgan/DIV2K/0868/RealESRGAN_x4plus.png,/home/ubuntu/scratch/sr-diffusion/benchmarks/div2k/DIV2K_valid_HR/0868.png,/home/ubuntu/scratch/sr-diffusion/benchmarks/div2k/DIV2K_valid_LR_bicubic/X4/0868x4.png,31.030314554185814,29.36412922981325
DIV2K,0869,bicubic,generated:matlab_bicubic_resize,/home/ubuntu/scratch/sr-diffusion/benchmarks/div2k/DIV2K_valid_HR/0869.png,/home/ubuntu/scratch/sr-diffusion/benchmarks/div2k/DIV2K_valid_LR_bicubic/X4/0869x4.png,24.09092863645175,22.72169306335448
DIV2K,0869,stage2_guarded_off,/home/ubuntu/scratch/sr-diffusion/benchmark_outputs/stage2_guarded_detail_v2_tta_off/DIV2K/0869/base.png,/home/ubuntu/scratch/sr-diffusion/benchmarks/div2k/DIV2K_valid_HR/0869.png,/home/ubuntu/scratch/sr-diffusion/benchmarks/div2k/DIV2K_valid_LR_bicubic/X4/0869x4.png,24.908026681553164,23.543107891095637
DIV2K,0869,stage2_guarded_hflip,/home/ubuntu/scratch/sr-diffusion/benchmark_outputs/stage2_guarded_detail_v2_tta_hflip/DIV2K/0869/base.png,/home/ubuntu/scratch/sr-diffusion/benchmarks/div2k/DIV2K_valid_HR/0869.png,/home/ubuntu/scratch/sr-diffusion/benchmarks/div2k/DIV2K_valid_LR_bicubic/X4/0869x4.png,24.94092949000612,23.576292294727736
DIV2K,0869,stage2_guarded_x8,/home/ubuntu/scratch/sr-diffusion/benchmark_outputs/stage2_guarded_detail_v2_tta_x8/DIV2K/0869/base.png,/home/ubuntu/scratch/sr-diffusion/benchmarks/div2k/DIV2K_valid_HR/0869.png,/home/ubuntu/scratch/sr-diffusion/benchmarks/div2k/DIV2K_valid_LR_bicubic/X4/0869x4.png,24.96209463741012,23.598614031235748
DIV2K,0869,detail_v2_masked,/home/ubuntu/scratch/sr-diffusion/benchmark_outputs/detail_v2_masked/DIV2K/0869/detail.png,/home/ubuntu/scratch/sr-diffusion/benchmarks/div2k/DIV2K_valid_HR/0869.png,/home/ubuntu/scratch/sr-diffusion/benchmarks/div2k/DIV2K_valid_LR_bicubic/X4/0869x4.png,25.000040082774873,23.637002539745275
DIV2K,0869,refiner_v2,/home/ubuntu/scratch/sr-diffusion/benchmark_outputs/refiner_v2/DIV2K/0869/refined.png,/home/ubuntu/scratch/sr-diffusion/benchmarks/div2k/DIV2K_valid_HR/0869.png,/home/ubuntu/scratch/sr-diffusion/benchmarks/div2k/DIV2K_valid_LR_bicubic/X4/0869x4.png,24.779074254703207,23.411830773347262
DIV2K,0869,realesrgan,/home/ubuntu/scratch/sr-diffusion/benchmark_outputs/realesrgan/DIV2K/0869/RealESRGAN_x4plus.png,/home/ubuntu/scratch/sr-diffusion/benchmarks/div2k/DIV2K_valid_HR/0869.png,/home/ubuntu/scratch/sr-diffusion/benchmarks/div2k/DIV2K_valid_LR_bicubic/X4/0869x4.png,21.00553758504016,19.64580916079125
DIV2K,0870,bicubic,generated:matlab_bicubic_resize,/home/ubuntu/scratch/sr-diffusion/benchmarks/div2k/DIV2K_valid_HR/0870.png,/home/ubuntu/scratch/sr-diffusion/benchmarks/div2k/DIV2K_valid_LR_bicubic/X4/0870x4.png,28.262181647547475,26.950020765616884
DIV2K,0870,stage2_guarded_off,/home/ubuntu/scratch/sr-diffusion/benchmark_outputs/stage2_guarded_detail_v2_tta_off/DIV2K/0870/base.png,/home/ubuntu/scratch/sr-diffusion/benchmarks/div2k/DIV2K_valid_HR/0870.png,/home/ubuntu/scratch/sr-diffusion/benchmarks/div2k/DIV2K_valid_LR_bicubic/X4/0870x4.png,29.61488752005802,28.253348790937856
DIV2K,0870,stage2_guarded_hflip,/home/ubuntu/scratch/sr-diffusion/benchmark_outputs/stage2_guarded_detail_v2_tta_hflip/DIV2K/0870/base.png,/home/ubuntu/scratch/sr-diffusion/benchmarks/div2k/DIV2K_valid_HR/0870.png,/home/ubuntu/scratch/sr-diffusion/benchmarks/div2k/DIV2K_valid_LR_bicubic/X4/0870x4.png,29.643196394992863,28.284780172457733
DIV2K,0870,stage2_guarded_x8,/home/ubuntu/scratch/sr-diffusion/benchmark_outputs/stage2_guarded_detail_v2_tta_x8/DIV2K/0870/base.png,/home/ubuntu/scratch/sr-diffusion/benchmarks/div2k/DIV2K_valid_HR/0870.png,/home/ubuntu/scratch/sr-diffusion/benchmarks/div2k/DIV2K_valid_LR_bicubic/X4/0870x4.png,29.673253071385133,28.324045324260815
DIV2K,0870,detail_v2_masked,/home/ubuntu/scratch/sr-diffusion/benchmark_outputs/detail_v2_masked/DIV2K/0870/detail.png,/home/ubuntu/scratch/sr-diffusion/benchmarks/div2k/DIV2K_valid_HR/0870.png,/home/ubuntu/scratch/sr-diffusion/benchmarks/div2k/DIV2K_valid_LR_bicubic/X4/0870x4.png,29.726980524649264,28.370693088565986
DIV2K,0870,refiner_v2,/home/ubuntu/scratch/sr-diffusion/benchmark_outputs/refiner_v2/DIV2K/0870/refined.png,/home/ubuntu/scratch/sr-diffusion/benchmarks/div2k/DIV2K_valid_HR/0870.png,/home/ubuntu/scratch/sr-diffusion/benchmarks/div2k/DIV2K_valid_LR_bicubic/X4/0870x4.png,29.276820975582034,27.891557172622914
DIV2K,0870,realesrgan,/home/ubuntu/scratch/sr-diffusion/benchmark_outputs/realesrgan/DIV2K/0870/RealESRGAN_x4plus.png,/home/ubuntu/scratch/sr-diffusion/benchmarks/div2k/DIV2K_valid_HR/0870.png,/home/ubuntu/scratch/sr-diffusion/benchmarks/div2k/DIV2K_valid_LR_bicubic/X4/0870x4.png,24.120710047861508,22.375397845360077
DIV2K,0871,bicubic,generated:matlab_bicubic_resize,/home/ubuntu/scratch/sr-diffusion/benchmarks/div2k/DIV2K_valid_HR/0871.png,/home/ubuntu/scratch/sr-diffusion/benchmarks/div2k/DIV2K_valid_LR_bicubic/X4/0871x4.png,30.950863219785376,29.41408743258254
DIV2K,0871,stage2_guarded_off,/home/ubuntu/scratch/sr-diffusion/benchmark_outputs/stage2_guarded_detail_v2_tta_off/DIV2K/0871/base.png,/home/ubuntu/scratch/sr-diffusion/benchmarks/div2k/DIV2K_valid_HR/0871.png,/home/ubuntu/scratch/sr-diffusion/benchmarks/div2k/DIV2K_valid_LR_bicubic/X4/0871x4.png,32.849689961239214,31.24401051352178
DIV2K,0871,stage2_guarded_hflip,/home/ubuntu/scratch/sr-diffusion/benchmark_outputs/stage2_guarded_detail_v2_tta_hflip/DIV2K/0871/base.png,/home/ubuntu/scratch/sr-diffusion/benchmarks/div2k/DIV2K_valid_HR/0871.png,/home/ubuntu/scratch/sr-diffusion/benchmarks/div2k/DIV2K_valid_LR_bicubic/X4/0871x4.png,32.92162837149453,31.3202844016398
DIV2K,0871,stage2_guarded_x8,/home/ubuntu/scratch/sr-diffusion/benchmark_outputs/stage2_guarded_detail_v2_tta_x8/DIV2K/0871/base.png,/home/ubuntu/scratch/sr-diffusion/benchmarks/div2k/DIV2K_valid_HR/0871.png,/home/ubuntu/scratch/sr-diffusion/benchmarks/div2k/DIV2K_valid_LR_bicubic/X4/0871x4.png,33.00251635810322,31.41325721758905
DIV2K,0871,detail_v2_masked,/home/ubuntu/scratch/sr-diffusion/benchmark_outputs/detail_v2_masked/DIV2K/0871/detail.png,/home/ubuntu/scratch/sr-diffusion/benchmarks/div2k/DIV2K_valid_HR/0871.png,/home/ubuntu/scratch/sr-diffusion/benchmarks/div2k/DIV2K_valid_LR_bicubic/X4/0871x4.png,33.05973916296497,31.483913149586016
DIV2K,0871,refiner_v2,/home/ubuntu/scratch/sr-diffusion/benchmark_outputs/refiner_v2/DIV2K/0871/refined.png,/home/ubuntu/scratch/sr-diffusion/benchmarks/div2k/DIV2K_valid_HR/0871.png,/home/ubuntu/scratch/sr-diffusion/benchmarks/div2k/DIV2K_valid_LR_bicubic/X4/0871x4.png,31.585095840290435,30.01282493325177
DIV2K,0871,realesrgan,/home/ubuntu/scratch/sr-diffusion/benchmark_outputs/realesrgan/DIV2K/0871/RealESRGAN_x4plus.png,/home/ubuntu/scratch/sr-diffusion/benchmarks/div2k/DIV2K_valid_HR/0871.png,/home/ubuntu/scratch/sr-diffusion/benchmarks/div2k/DIV2K_valid_LR_bicubic/X4/0871x4.png,28.62654994933489,26.457483173793577
DIV2K,0872,bicubic,generated:matlab_bicubic_resize,/home/ubuntu/scratch/sr-diffusion/benchmarks/div2k/DIV2K_valid_HR/0872.png,/home/ubuntu/scratch/sr-diffusion/benchmarks/div2k/DIV2K_valid_LR_bicubic/X4/0872x4.png,23.691701290838886,22.43637353595485
DIV2K,0872,stage2_guarded_off,/home/ubuntu/scratch/sr-diffusion/benchmark_outputs/stage2_guarded_detail_v2_tta_off/DIV2K/0872/base.png,/home/ubuntu/scratch/sr-diffusion/benchmarks/div2k/DIV2K_valid_HR/0872.png,/home/ubuntu/scratch/sr-diffusion/benchmarks/div2k/DIV2K_valid_LR_bicubic/X4/0872x4.png,25.05741416809077,23.772662901508205
DIV2K,0872,stage2_guarded_hflip,/home/ubuntu/scratch/sr-diffusion/benchmark_outputs/stage2_guarded_detail_v2_tta_hflip/DIV2K/0872/base.png,/home/ubuntu/scratch/sr-diffusion/benchmarks/div2k/DIV2K_valid_HR/0872.png,/home/ubuntu/scratch/sr-diffusion/benchmarks/div2k/DIV2K_valid_LR_bicubic/X4/0872x4.png,25.087697251953273,23.804941377604685
DIV2K,0872,stage2_guarded_x8,/home/ubuntu/scratch/sr-diffusion/benchmark_outputs/stage2_guarded_detail_v2_tta_x8/DIV2K/0872/base.png,/home/ubuntu/scratch/sr-diffusion/benchmarks/div2k/DIV2K_valid_HR/0872.png,/home/ubuntu/scratch/sr-diffusion/benchmarks/div2k/DIV2K_valid_LR_bicubic/X4/0872x4.png,25.10643116172522,23.826274122017807
DIV2K,0872,detail_v2_masked,/home/ubuntu/scratch/sr-diffusion/benchmark_outputs/detail_v2_masked/DIV2K/0872/detail.png,/home/ubuntu/scratch/sr-diffusion/benchmarks/div2k/DIV2K_valid_HR/0872.png,/home/ubuntu/scratch/sr-diffusion/benchmarks/div2k/DIV2K_valid_LR_bicubic/X4/0872x4.png,25.14713392638358,23.867292146981928
DIV2K,0872,refiner_v2,/home/ubuntu/scratch/sr-diffusion/benchmark_outputs/refiner_v2/DIV2K/0872/refined.png,/home/ubuntu/scratch/sr-diffusion/benchmarks/div2k/DIV2K_valid_HR/0872.png,/home/ubuntu/scratch/sr-diffusion/benchmarks/div2k/DIV2K_valid_LR_bicubic/X4/0872x4.png,24.855883983124215,23.57650561830336
DIV2K,0872,realesrgan,/home/ubuntu/scratch/sr-diffusion/benchmark_outputs/realesrgan/DIV2K/0872/RealESRGAN_x4plus.png,/home/ubuntu/scratch/sr-diffusion/benchmarks/div2k/DIV2K_valid_HR/0872.png,/home/ubuntu/scratch/sr-diffusion/benchmarks/div2k/DIV2K_valid_LR_bicubic/X4/0872x4.png,23.464800030116155,21.973360814453514
DIV2K,0873,bicubic,generated:matlab_bicubic_resize,/home/ubuntu/scratch/sr-diffusion/benchmarks/div2k/DIV2K_valid_HR/0873.png,/home/ubuntu/scratch/sr-diffusion/benchmarks/div2k/DIV2K_valid_LR_bicubic/X4/0873x4.png,24.000094384905452,22.676219820751196
DIV2K,0873,stage2_guarded_off,/home/ubuntu/scratch/sr-diffusion/benchmark_outputs/stage2_guarded_detail_v2_tta_off/DIV2K/0873/base.png,/home/ubuntu/scratch/sr-diffusion/benchmarks/div2k/DIV2K_valid_HR/0873.png,/home/ubuntu/scratch/sr-diffusion/benchmarks/div2k/DIV2K_valid_LR_bicubic/X4/0873x4.png,25.157625918785882,23.817900849521337
DIV2K,0873,stage2_guarded_hflip,/home/ubuntu/scratch/sr-diffusion/benchmark_outputs/stage2_guarded_detail_v2_tta_hflip/DIV2K/0873/base.png,/home/ubuntu/scratch/sr-diffusion/benchmarks/div2k/DIV2K_valid_HR/0873.png,/home/ubuntu/scratch/sr-diffusion/benchmarks/div2k/DIV2K_valid_LR_bicubic/X4/0873x4.png,25.183283177865565,23.8456687779512
DIV2K,0873,stage2_guarded_x8,/home/ubuntu/scratch/sr-diffusion/benchmark_outputs/stage2_guarded_detail_v2_tta_x8/DIV2K/0873/base.png,/home/ubuntu/scratch/sr-diffusion/benchmarks/div2k/DIV2K_valid_HR/0873.png,/home/ubuntu/scratch/sr-diffusion/benchmarks/div2k/DIV2K_valid_LR_bicubic/X4/0873x4.png,25.21646341092751,23.881475166683902
DIV2K,0873,detail_v2_masked,/home/ubuntu/scratch/sr-diffusion/benchmark_outputs/detail_v2_masked/DIV2K/0873/detail.png,/home/ubuntu/scratch/sr-diffusion/benchmarks/div2k/DIV2K_valid_HR/0873.png,/home/ubuntu/scratch/sr-diffusion/benchmarks/div2k/DIV2K_valid_LR_bicubic/X4/0873x4.png,25.38288090814636,24.042950255006513
DIV2K,0873,refiner_v2,/home/ubuntu/scratch/sr-diffusion/benchmark_outputs/refiner_v2/DIV2K/0873/refined.png,/home/ubuntu/scratch/sr-diffusion/benchmarks/div2k/DIV2K_valid_HR/0873.png,/home/ubuntu/scratch/sr-diffusion/benchmarks/div2k/DIV2K_valid_LR_bicubic/X4/0873x4.png,24.93681088443053,23.597562028337755
DIV2K,0873,realesrgan,/home/ubuntu/scratch/sr-diffusion/benchmark_outputs/realesrgan/DIV2K/0873/RealESRGAN_x4plus.png,/home/ubuntu/scratch/sr-diffusion/benchmarks/div2k/DIV2K_valid_HR/0873.png,/home/ubuntu/scratch/sr-diffusion/benchmarks/div2k/DIV2K_valid_LR_bicubic/X4/0873x4.png,23.416530819746377,21.81465773474371
DIV2K,0874,bicubic,generated:matlab_bicubic_resize,/home/ubuntu/scratch/sr-diffusion/benchmarks/div2k/DIV2K_valid_HR/0874.png,/home/ubuntu/scratch/sr-diffusion/benchmarks/div2k/DIV2K_valid_LR_bicubic/X4/0874x4.png,29.589149963150767,28.199253170565896
DIV2K,0874,stage2_guarded_off,/home/ubuntu/scratch/sr-diffusion/benchmark_outputs/stage2_guarded_detail_v2_tta_off/DIV2K/0874/base.png,/home/ubuntu/scratch/sr-diffusion/benchmarks/div2k/DIV2K_valid_HR/0874.png,/home/ubuntu/scratch/sr-diffusion/benchmarks/div2k/DIV2K_valid_LR_bicubic/X4/0874x4.png,31.165772316049832,29.74694470971752
DIV2K,0874,stage2_guarded_hflip,/home/ubuntu/scratch/sr-diffusion/benchmark_outputs/stage2_guarded_detail_v2_tta_hflip/DIV2K/0874/base.png,/home/ubuntu/scratch/sr-diffusion/benchmarks/div2k/DIV2K_valid_HR/0874.png,/home/ubuntu/scratch/sr-diffusion/benchmarks/div2k/DIV2K_valid_LR_bicubic/X4/0874x4.png,31.20501339139746,29.78664082107163
DIV2K,0874,stage2_guarded_x8,/home/ubuntu/scratch/sr-diffusion/benchmark_outputs/stage2_guarded_detail_v2_tta_x8/DIV2K/0874/base.png,/home/ubuntu/scratch/sr-diffusion/benchmarks/div2k/DIV2K_valid_HR/0874.png,/home/ubuntu/scratch/sr-diffusion/benchmarks/div2k/DIV2K_valid_LR_bicubic/X4/0874x4.png,31.24128922069666,29.82789208043439
DIV2K,0874,detail_v2_masked,/home/ubuntu/scratch/sr-diffusion/benchmark_outputs/detail_v2_masked/DIV2K/0874/detail.png,/home/ubuntu/scratch/sr-diffusion/benchmarks/div2k/DIV2K_valid_HR/0874.png,/home/ubuntu/scratch/sr-diffusion/benchmarks/div2k/DIV2K_valid_LR_bicubic/X4/0874x4.png,31.316044545946887,29.9027624878862
DIV2K,0874,refiner_v2,/home/ubuntu/scratch/sr-diffusion/benchmark_outputs/refiner_v2/DIV2K/0874/refined.png,/home/ubuntu/scratch/sr-diffusion/benchmarks/div2k/DIV2K_valid_HR/0874.png,/home/ubuntu/scratch/sr-diffusion/benchmarks/div2k/DIV2K_valid_LR_bicubic/X4/0874x4.png,31.018990042204983,29.58591462901293
DIV2K,0874,realesrgan,/home/ubuntu/scratch/sr-diffusion/benchmark_outputs/realesrgan/DIV2K/0874/RealESRGAN_x4plus.png,/home/ubuntu/scratch/sr-diffusion/benchmarks/div2k/DIV2K_valid_HR/0874.png,/home/ubuntu/scratch/sr-diffusion/benchmarks/div2k/DIV2K_valid_LR_bicubic/X4/0874x4.png,28.942094521922876,27.421831154515658
DIV2K,0875,bicubic,generated:matlab_bicubic_resize,/home/ubuntu/scratch/sr-diffusion/benchmarks/div2k/DIV2K_valid_HR/0875.png,/home/ubuntu/scratch/sr-diffusion/benchmarks/div2k/DIV2K_valid_LR_bicubic/X4/0875x4.png,23.66745196078936,22.420361583855776
DIV2K,0875,stage2_guarded_off,/home/ubuntu/scratch/sr-diffusion/benchmark_outputs/stage2_guarded_detail_v2_tta_off/DIV2K/0875/base.png,/home/ubuntu/scratch/sr-diffusion/benchmarks/div2k/DIV2K_valid_HR/0875.png,/home/ubuntu/scratch/sr-diffusion/benchmarks/div2k/DIV2K_valid_LR_bicubic/X4/0875x4.png,25.53517911970792,24.244759889356068
DIV2K,0875,stage2_guarded_hflip,/home/ubuntu/scratch/sr-diffusion/benchmark_outputs/stage2_guarded_detail_v2_tta_hflip/DIV2K/0875/base.png,/home/ubuntu/scratch/sr-diffusion/benchmarks/div2k/DIV2K_valid_HR/0875.png,/home/ubuntu/scratch/sr-diffusion/benchmarks/div2k/DIV2K_valid_LR_bicubic/X4/0875x4.png,25.571870748917746,24.28338632076302
DIV2K,0875,stage2_guarded_x8,/home/ubuntu/scratch/sr-diffusion/benchmark_outputs/stage2_guarded_detail_v2_tta_x8/DIV2K/0875/base.png,/home/ubuntu/scratch/sr-diffusion/benchmarks/div2k/DIV2K_valid_HR/0875.png,/home/ubuntu/scratch/sr-diffusion/benchmarks/div2k/DIV2K_valid_LR_bicubic/X4/0875x4.png,25.615777572406135,24.3303567060179
DIV2K,0875,detail_v2_masked,/home/ubuntu/scratch/sr-diffusion/benchmark_outputs/detail_v2_masked/DIV2K/0875/detail.png,/home/ubuntu/scratch/sr-diffusion/benchmarks/div2k/DIV2K_valid_HR/0875.png,/home/ubuntu/scratch/sr-diffusion/benchmarks/div2k/DIV2K_valid_LR_bicubic/X4/0875x4.png,25.667926157924626,24.37579404101317
DIV2K,0875,refiner_v2,/home/ubuntu/scratch/sr-diffusion/benchmark_outputs/refiner_v2/DIV2K/0875/refined.png,/home/ubuntu/scratch/sr-diffusion/benchmarks/div2k/DIV2K_valid_HR/0875.png,/home/ubuntu/scratch/sr-diffusion/benchmarks/div2k/DIV2K_valid_LR_bicubic/X4/0875x4.png,25.314613281527436,24.02126565701598
DIV2K,0875,realesrgan,/home/ubuntu/scratch/sr-diffusion/benchmark_outputs/realesrgan/DIV2K/0875/RealESRGAN_x4plus.png,/home/ubuntu/scratch/sr-diffusion/benchmarks/div2k/DIV2K_valid_HR/0875.png,/home/ubuntu/scratch/sr-diffusion/benchmarks/div2k/DIV2K_valid_LR_bicubic/X4/0875x4.png,23.353097968523116,21.85240556079064
DIV2K,0876,bicubic,generated:matlab_bicubic_resize,/home/ubuntu/scratch/sr-diffusion/benchmarks/div2k/DIV2K_valid_HR/0876.png,/home/ubuntu/scratch/sr-diffusion/benchmarks/div2k/DIV2K_valid_LR_bicubic/X4/0876x4.png,22.535149011766755,21.43399919375785
DIV2K,0876,stage2_guarded_off,/home/ubuntu/scratch/sr-diffusion/benchmark_outputs/stage2_guarded_detail_v2_tta_off/DIV2K/0876/base.png,/home/ubuntu/scratch/sr-diffusion/benchmarks/div2k/DIV2K_valid_HR/0876.png,/home/ubuntu/scratch/sr-diffusion/benchmarks/div2k/DIV2K_valid_LR_bicubic/X4/0876x4.png,23.06696897632626,21.963615488039537
DIV2K,0876,stage2_guarded_hflip,/home/ubuntu/scratch/sr-diffusion/benchmark_outputs/stage2_guarded_detail_v2_tta_hflip/DIV2K/0876/base.png,/home/ubuntu/scratch/sr-diffusion/benchmarks/div2k/DIV2K_valid_HR/0876.png,/home/ubuntu/scratch/sr-diffusion/benchmarks/div2k/DIV2K_valid_LR_bicubic/X4/0876x4.png,23.093639717080276,21.991444367710187
DIV2K,0876,stage2_guarded_x8,/home/ubuntu/scratch/sr-diffusion/benchmark_outputs/stage2_guarded_detail_v2_tta_x8/DIV2K/0876/base.png,/home/ubuntu/scratch/sr-diffusion/benchmarks/div2k/DIV2K_valid_HR/0876.png,/home/ubuntu/scratch/sr-diffusion/benchmarks/div2k/DIV2K_valid_LR_bicubic/X4/0876x4.png,23.109969694956902,22.009220065465293
DIV2K,0876,detail_v2_masked,/home/ubuntu/scratch/sr-diffusion/benchmark_outputs/detail_v2_masked/DIV2K/0876/detail.png,/home/ubuntu/scratch/sr-diffusion/benchmarks/div2k/DIV2K_valid_HR/0876.png,/home/ubuntu/scratch/sr-diffusion/benchmarks/div2k/DIV2K_valid_LR_bicubic/X4/0876x4.png,23.140779150769358,22.041275309739603
DIV2K,0876,refiner_v2,/home/ubuntu/scratch/sr-diffusion/benchmark_outputs/refiner_v2/DIV2K/0876/refined.png,/home/ubuntu/scratch/sr-diffusion/benchmarks/div2k/DIV2K_valid_HR/0876.png,/home/ubuntu/scratch/sr-diffusion/benchmarks/div2k/DIV2K_valid_LR_bicubic/X4/0876x4.png,23.014954413783578,21.916396794139104
DIV2K,0876,realesrgan,/home/ubuntu/scratch/sr-diffusion/benchmark_outputs/realesrgan/DIV2K/0876/RealESRGAN_x4plus.png,/home/ubuntu/scratch/sr-diffusion/benchmarks/div2k/DIV2K_valid_HR/0876.png,/home/ubuntu/scratch/sr-diffusion/benchmarks/div2k/DIV2K_valid_LR_bicubic/X4/0876x4.png,20.24212577719085,19.04350435539771
DIV2K,0877,bicubic,generated:matlab_bicubic_resize,/home/ubuntu/scratch/sr-diffusion/benchmarks/div2k/DIV2K_valid_HR/0877.png,/home/ubuntu/scratch/sr-diffusion/benchmarks/div2k/DIV2K_valid_LR_bicubic/X4/0877x4.png,36.90720316722345,35.44206235873748
DIV2K,0877,stage2_guarded_off,/home/ubuntu/scratch/sr-diffusion/benchmark_outputs/stage2_guarded_detail_v2_tta_off/DIV2K/0877/base.png,/home/ubuntu/scratch/sr-diffusion/benchmarks/div2k/DIV2K_valid_HR/0877.png,/home/ubuntu/scratch/sr-diffusion/benchmarks/div2k/DIV2K_valid_LR_bicubic/X4/0877x4.png,41.019002622161345,39.364166261502206
DIV2K,0877,stage2_guarded_hflip,/home/ubuntu/scratch/sr-diffusion/benchmark_outputs/stage2_guarded_detail_v2_tta_hflip/DIV2K/0877/base.png,/home/ubuntu/scratch/sr-diffusion/benchmarks/div2k/DIV2K_valid_HR/0877.png,/home/ubuntu/scratch/sr-diffusion/benchmarks/div2k/DIV2K_valid_LR_bicubic/X4/0877x4.png,41.24858315361483,39.59822512722412
DIV2K,0877,stage2_guarded_x8,/home/ubuntu/scratch/sr-diffusion/benchmark_outputs/stage2_guarded_detail_v2_tta_x8/DIV2K/0877/base.png,/home/ubuntu/scratch/sr-diffusion/benchmarks/div2k/DIV2K_valid_HR/0877.png,/home/ubuntu/scratch/sr-diffusion/benchmarks/div2k/DIV2K_valid_LR_bicubic/X4/0877x4.png,41.4913193398095,39.88123965938104
DIV2K,0877,detail_v2_masked,/home/ubuntu/scratch/sr-diffusion/benchmark_outputs/detail_v2_masked/DIV2K/0877/detail.png,/home/ubuntu/scratch/sr-diffusion/benchmarks/div2k/DIV2K_valid_HR/0877.png,/home/ubuntu/scratch/sr-diffusion/benchmarks/div2k/DIV2K_valid_LR_bicubic/X4/0877x4.png,41.38293814447132,39.63663516294303
DIV2K,0877,refiner_v2,/home/ubuntu/scratch/sr-diffusion/benchmark_outputs/refiner_v2/DIV2K/0877/refined.png,/home/ubuntu/scratch/sr-diffusion/benchmarks/div2k/DIV2K_valid_HR/0877.png,/home/ubuntu/scratch/sr-diffusion/benchmarks/div2k/DIV2K_valid_LR_bicubic/X4/0877x4.png,23.36141187763035,21.73620885480847
DIV2K,0877,realesrgan,/home/ubuntu/scratch/sr-diffusion/benchmark_outputs/realesrgan/DIV2K/0877/RealESRGAN_x4plus.png,/home/ubuntu/scratch/sr-diffusion/benchmarks/div2k/DIV2K_valid_HR/0877.png,/home/ubuntu/scratch/sr-diffusion/benchmarks/div2k/DIV2K_valid_LR_bicubic/X4/0877x4.png,35.95923842842318,33.42050734700627
DIV2K,0878,bicubic,generated:matlab_bicubic_resize,/home/ubuntu/scratch/sr-diffusion/benchmarks/div2k/DIV2K_valid_HR/0878.png,/home/ubuntu/scratch/sr-diffusion/benchmarks/div2k/DIV2K_valid_LR_bicubic/X4/0878x4.png,30.31253975870529,28.823349851422876
DIV2K,0878,stage2_guarded_off,/home/ubuntu/scratch/sr-diffusion/benchmark_outputs/stage2_guarded_detail_v2_tta_off/DIV2K/0878/base.png,/home/ubuntu/scratch/sr-diffusion/benchmarks/div2k/DIV2K_valid_HR/0878.png,/home/ubuntu/scratch/sr-diffusion/benchmarks/div2k/DIV2K_valid_LR_bicubic/X4/0878x4.png,33.548689101511,31.97045861701792
DIV2K,0878,stage2_guarded_hflip,/home/ubuntu/scratch/sr-diffusion/benchmark_outputs/stage2_guarded_detail_v2_tta_hflip/DIV2K/0878/base.png,/home/ubuntu/scratch/sr-diffusion/benchmarks/div2k/DIV2K_valid_HR/0878.png,/home/ubuntu/scratch/sr-diffusion/benchmarks/div2k/DIV2K_valid_LR_bicubic/X4/0878x4.png,33.6043207853327,32.028830158746125
DIV2K,0878,stage2_guarded_x8,/home/ubuntu/scratch/sr-diffusion/benchmark_outputs/stage2_guarded_detail_v2_tta_x8/DIV2K/0878/base.png,/home/ubuntu/scratch/sr-diffusion/benchmarks/div2k/DIV2K_valid_HR/0878.png,/home/ubuntu/scratch/sr-diffusion/benchmarks/div2k/DIV2K_valid_LR_bicubic/X4/0878x4.png,33.63653681330455,32.06850871469703
DIV2K,0878,detail_v2_masked,/home/ubuntu/scratch/sr-diffusion/benchmark_outputs/detail_v2_masked/DIV2K/0878/detail.png,/home/ubuntu/scratch/sr-diffusion/benchmarks/div2k/DIV2K_valid_HR/0878.png,/home/ubuntu/scratch/sr-diffusion/benchmarks/div2k/DIV2K_valid_LR_bicubic/X4/0878x4.png,33.7343076483151,32.16148040114214
DIV2K,0878,refiner_v2,/home/ubuntu/scratch/sr-diffusion/benchmark_outputs/refiner_v2/DIV2K/0878/refined.png,/home/ubuntu/scratch/sr-diffusion/benchmarks/div2k/DIV2K_valid_HR/0878.png,/home/ubuntu/scratch/sr-diffusion/benchmarks/div2k/DIV2K_valid_LR_bicubic/X4/0878x4.png,32.97340765430144,31.38093687176008
DIV2K,0878,realesrgan,/home/ubuntu/scratch/sr-diffusion/benchmark_outputs/realesrgan/DIV2K/0878/RealESRGAN_x4plus.png,/home/ubuntu/scratch/sr-diffusion/benchmarks/div2k/DIV2K_valid_HR/0878.png,/home/ubuntu/scratch/sr-diffusion/benchmarks/div2k/DIV2K_valid_LR_bicubic/X4/0878x4.png,30.0857124627018,28.448954478060998
DIV2K,0879,bicubic,generated:matlab_bicubic_resize,/home/ubuntu/scratch/sr-diffusion/benchmarks/div2k/DIV2K_valid_HR/0879.png,/home/ubuntu/scratch/sr-diffusion/benchmarks/div2k/DIV2K_valid_LR_bicubic/X4/0879x4.png,26.7570462254599,25.416341829117442
DIV2K,0879,stage2_guarded_off,/home/ubuntu/scratch/sr-diffusion/benchmark_outputs/stage2_guarded_detail_v2_tta_off/DIV2K/0879/base.png,/home/ubuntu/scratch/sr-diffusion/benchmarks/div2k/DIV2K_valid_HR/0879.png,/home/ubuntu/scratch/sr-diffusion/benchmarks/div2k/DIV2K_valid_LR_bicubic/X4/0879x4.png,28.362201574234884,27.01235675822694
DIV2K,0879,stage2_guarded_hflip,/home/ubuntu/scratch/sr-diffusion/benchmark_outputs/stage2_guarded_detail_v2_tta_hflip/DIV2K/0879/base.png,/home/ubuntu/scratch/sr-diffusion/benchmarks/div2k/DIV2K_valid_HR/0879.png,/home/ubuntu/scratch/sr-diffusion/benchmarks/div2k/DIV2K_valid_LR_bicubic/X4/0879x4.png,28.393228980368647,27.045789998185555
DIV2K,0879,stage2_guarded_x8,/home/ubuntu/scratch/sr-diffusion/benchmark_outputs/stage2_guarded_detail_v2_tta_x8/DIV2K/0879/base.png,/home/ubuntu/scratch/sr-diffusion/benchmarks/div2k/DIV2K_valid_HR/0879.png,/home/ubuntu/scratch/sr-diffusion/benchmarks/div2k/DIV2K_valid_LR_bicubic/X4/0879x4.png,28.462330693762148,27.1193663972767
DIV2K,0879,detail_v2_masked,/home/ubuntu/scratch/sr-diffusion/benchmark_outputs/detail_v2_masked/DIV2K/0879/detail.png,/home/ubuntu/scratch/sr-diffusion/benchmarks/div2k/DIV2K_valid_HR/0879.png,/home/ubuntu/scratch/sr-diffusion/benchmarks/div2k/DIV2K_valid_LR_bicubic/X4/0879x4.png,28.632758445935824,27.280367376446947
DIV2K,0879,refiner_v2,/home/ubuntu/scratch/sr-diffusion/benchmark_outputs/refiner_v2/DIV2K/0879/refined.png,/home/ubuntu/scratch/sr-diffusion/benchmarks/div2k/DIV2K_valid_HR/0879.png,/home/ubuntu/scratch/sr-diffusion/benchmarks/div2k/DIV2K_valid_LR_bicubic/X4/0879x4.png,27.19555692460899,25.724465042844376
DIV2K,0879,realesrgan,/home/ubuntu/scratch/sr-diffusion/benchmark_outputs/realesrgan/DIV2K/0879/RealESRGAN_x4plus.png,/home/ubuntu/scratch/sr-diffusion/benchmarks/div2k/DIV2K_valid_HR/0879.png,/home/ubuntu/scratch/sr-diffusion/benchmarks/div2k/DIV2K_valid_LR_bicubic/X4/0879x4.png,24.7494840649911,23.27921002748586
DIV2K,0880,bicubic,generated:matlab_bicubic_resize,/home/ubuntu/scratch/sr-diffusion/benchmarks/div2k/DIV2K_valid_HR/0880.png,/home/ubuntu/scratch/sr-diffusion/benchmarks/div2k/DIV2K_valid_LR_bicubic/X4/0880x4.png,31.90791769212824,30.548764397967993
DIV2K,0880,stage2_guarded_off,/home/ubuntu/scratch/sr-diffusion/benchmark_outputs/stage2_guarded_detail_v2_tta_off/DIV2K/0880/base.png,/home/ubuntu/scratch/sr-diffusion/benchmarks/div2k/DIV2K_valid_HR/0880.png,/home/ubuntu/scratch/sr-diffusion/benchmarks/div2k/DIV2K_valid_LR_bicubic/X4/0880x4.png,32.73472843131937,31.344941673547197
DIV2K,0880,stage2_guarded_hflip,/home/ubuntu/scratch/sr-diffusion/benchmark_outputs/stage2_guarded_detail_v2_tta_hflip/DIV2K/0880/base.png,/home/ubuntu/scratch/sr-diffusion/benchmarks/div2k/DIV2K_valid_HR/0880.png,/home/ubuntu/scratch/sr-diffusion/benchmarks/div2k/DIV2K_valid_LR_bicubic/X4/0880x4.png,32.80903000900861,31.41966992271264
DIV2K,0880,stage2_guarded_x8,/home/ubuntu/scratch/sr-diffusion/benchmark_outputs/stage2_guarded_detail_v2_tta_x8/DIV2K/0880/base.png,/home/ubuntu/scratch/sr-diffusion/benchmarks/div2k/DIV2K_valid_HR/0880.png,/home/ubuntu/scratch/sr-diffusion/benchmarks/div2k/DIV2K_valid_LR_bicubic/X4/0880x4.png,32.803065990105914,31.41767027397316
DIV2K,0880,detail_v2_masked,/home/ubuntu/scratch/sr-diffusion/benchmark_outputs/detail_v2_masked/DIV2K/0880/detail.png,/home/ubuntu/scratch/sr-diffusion/benchmarks/div2k/DIV2K_valid_HR/0880.png,/home/ubuntu/scratch/sr-diffusion/benchmarks/div2k/DIV2K_valid_LR_bicubic/X4/0880x4.png,32.84974289037555,31.471638704387388
DIV2K,0880,refiner_v2,/home/ubuntu/scratch/sr-diffusion/benchmark_outputs/refiner_v2/DIV2K/0880/refined.png,/home/ubuntu/scratch/sr-diffusion/benchmarks/div2k/DIV2K_valid_HR/0880.png,/home/ubuntu/scratch/sr-diffusion/benchmarks/div2k/DIV2K_valid_LR_bicubic/X4/0880x4.png,32.304070822958536,30.89978036218991
DIV2K,0880,realesrgan,/home/ubuntu/scratch/sr-diffusion/benchmark_outputs/realesrgan/DIV2K/0880/RealESRGAN_x4plus.png,/home/ubuntu/scratch/sr-diffusion/benchmarks/div2k/DIV2K_valid_HR/0880.png,/home/ubuntu/scratch/sr-diffusion/benchmarks/div2k/DIV2K_valid_LR_bicubic/X4/0880x4.png,28.032259249477896,26.60114241289802
DIV2K,0881,bicubic,generated:matlab_bicubic_resize,/home/ubuntu/scratch/sr-diffusion/benchmarks/div2k/DIV2K_valid_HR/0881.png,/home/ubuntu/scratch/sr-diffusion/benchmarks/div2k/DIV2K_valid_LR_bicubic/X4/0881x4.png,26.38470257503924,24.953038347429924
DIV2K,0881,stage2_guarded_off,/home/ubuntu/scratch/sr-diffusion/benchmark_outputs/stage2_guarded_detail_v2_tta_off/DIV2K/0881/base.png,/home/ubuntu/scratch/sr-diffusion/benchmarks/div2k/DIV2K_valid_HR/0881.png,/home/ubuntu/scratch/sr-diffusion/benchmarks/div2k/DIV2K_valid_LR_bicubic/X4/0881x4.png,27.257031276822875,25.819212958062217
DIV2K,0881,stage2_guarded_hflip,/home/ubuntu/scratch/sr-diffusion/benchmark_outputs/stage2_guarded_detail_v2_tta_hflip/DIV2K/0881/base.png,/home/ubuntu/scratch/sr-diffusion/benchmarks/div2k/DIV2K_valid_HR/0881.png,/home/ubuntu/scratch/sr-diffusion/benchmarks/div2k/DIV2K_valid_LR_bicubic/X4/0881x4.png,27.288562893441124,25.85082964095824
DIV2K,0881,stage2_guarded_x8,/home/ubuntu/scratch/sr-diffusion/benchmark_outputs/stage2_guarded_detail_v2_tta_x8/DIV2K/0881/base.png,/home/ubuntu/scratch/sr-diffusion/benchmarks/div2k/DIV2K_valid_HR/0881.png,/home/ubuntu/scratch/sr-diffusion/benchmarks/div2k/DIV2K_valid_LR_bicubic/X4/0881x4.png,27.303766394220872,25.86726443789565
DIV2K,0881,detail_v2_masked,/home/ubuntu/scratch/sr-diffusion/benchmark_outputs/detail_v2_masked/DIV2K/0881/detail.png,/home/ubuntu/scratch/sr-diffusion/benchmarks/div2k/DIV2K_valid_HR/0881.png,/home/ubuntu/scratch/sr-diffusion/benchmarks/div2k/DIV2K_valid_LR_bicubic/X4/0881x4.png,27.3235069894273,25.88578509973236
DIV2K,0881,refiner_v2,/home/ubuntu/scratch/sr-diffusion/benchmark_outputs/refiner_v2/DIV2K/0881/refined.png,/home/ubuntu/scratch/sr-diffusion/benchmarks/div2k/DIV2K_valid_HR/0881.png,/home/ubuntu/scratch/sr-diffusion/benchmarks/div2k/DIV2K_valid_LR_bicubic/X4/0881x4.png,27.106233885850063,25.664380060382687
DIV2K,0881,realesrgan,/home/ubuntu/scratch/sr-diffusion/benchmark_outputs/realesrgan/DIV2K/0881/RealESRGAN_x4plus.png,/home/ubuntu/scratch/sr-diffusion/benchmarks/div2k/DIV2K_valid_HR/0881.png,/home/ubuntu/scratch/sr-diffusion/benchmarks/div2k/DIV2K_valid_LR_bicubic/X4/0881x4.png,24.909118079578477,23.436024409832932
DIV2K,0882,bicubic,generated:matlab_bicubic_resize,/home/ubuntu/scratch/sr-diffusion/benchmarks/div2k/DIV2K_valid_HR/0882.png,/home/ubuntu/scratch/sr-diffusion/benchmarks/div2k/DIV2K_valid_LR_bicubic/X4/0882x4.png,32.834659059762096,31.33276990156024
DIV2K,0882,stage2_guarded_off,/home/ubuntu/scratch/sr-diffusion/benchmark_outputs/stage2_guarded_detail_v2_tta_off/DIV2K/0882/base.png,/home/ubuntu/scratch/sr-diffusion/benchmarks/div2k/DIV2K_valid_HR/0882.png,/home/ubuntu/scratch/sr-diffusion/benchmarks/div2k/DIV2K_valid_LR_bicubic/X4/0882x4.png,35.124747459626974,33.462751724963496
DIV2K,0882,stage2_guarded_hflip,/home/ubuntu/scratch/sr-diffusion/benchmark_outputs/stage2_guarded_detail_v2_tta_hflip/DIV2K/0882/base.png,/home/ubuntu/scratch/sr-diffusion/benchmarks/div2k/DIV2K_valid_HR/0882.png,/home/ubuntu/scratch/sr-diffusion/benchmarks/div2k/DIV2K_valid_LR_bicubic/X4/0882x4.png,35.17747741062119,33.523254505971735
DIV2K,0882,stage2_guarded_x8,/home/ubuntu/scratch/sr-diffusion/benchmark_outputs/stage2_guarded_detail_v2_tta_x8/DIV2K/0882/base.png,/home/ubuntu/scratch/sr-diffusion/benchmarks/div2k/DIV2K_valid_HR/0882.png,/home/ubuntu/scratch/sr-diffusion/benchmarks/div2k/DIV2K_valid_LR_bicubic/X4/0882x4.png,35.27876024593149,33.63551679035693
DIV2K,0882,detail_v2_masked,/home/ubuntu/scratch/sr-diffusion/benchmark_outputs/detail_v2_masked/DIV2K/0882/detail.png,/home/ubuntu/scratch/sr-diffusion/benchmarks/div2k/DIV2K_valid_HR/0882.png,/home/ubuntu/scratch/sr-diffusion/benchmarks/div2k/DIV2K_valid_LR_bicubic/X4/0882x4.png,34.99223774676721,33.38638278670822
DIV2K,0882,refiner_v2,/home/ubuntu/scratch/sr-diffusion/benchmark_outputs/refiner_v2/DIV2K/0882/refined.png,/home/ubuntu/scratch/sr-diffusion/benchmarks/div2k/DIV2K_valid_HR/0882.png,/home/ubuntu/scratch/sr-diffusion/benchmarks/div2k/DIV2K_valid_LR_bicubic/X4/0882x4.png,33.44759535977191,31.66375521258405
DIV2K,0882,realesrgan,/home/ubuntu/scratch/sr-diffusion/benchmark_outputs/realesrgan/DIV2K/0882/RealESRGAN_x4plus.png,/home/ubuntu/scratch/sr-diffusion/benchmarks/div2k/DIV2K_valid_HR/0882.png,/home/ubuntu/scratch/sr-diffusion/benchmarks/div2k/DIV2K_valid_LR_bicubic/X4/0882x4.png,29.495897466148364,27.29870847613167
DIV2K,0883,bicubic,generated:matlab_bicubic_resize,/home/ubuntu/scratch/sr-diffusion/benchmarks/div2k/DIV2K_valid_HR/0883.png,/home/ubuntu/scratch/sr-diffusion/benchmarks/div2k/DIV2K_valid_LR_bicubic/X4/0883x4.png,26.672392283903477,24.903360754767967
DIV2K,0883,stage2_guarded_off,/home/ubuntu/scratch/sr-diffusion/benchmark_outputs/stage2_guarded_detail_v2_tta_off/DIV2K/0883/base.png,/home/ubuntu/scratch/sr-diffusion/benchmarks/div2k/DIV2K_valid_HR/0883.png,/home/ubuntu/scratch/sr-diffusion/benchmarks/div2k/DIV2K_valid_LR_bicubic/X4/0883x4.png,27.600664480083413,25.76554181032464
DIV2K,0883,stage2_guarded_hflip,/home/ubuntu/scratch/sr-diffusion/benchmark_outputs/stage2_guarded_detail_v2_tta_hflip/DIV2K/0883/base.png,/home/ubuntu/scratch/sr-diffusion/benchmarks/div2k/DIV2K_valid_HR/0883.png,/home/ubuntu/scratch/sr-diffusion/benchmarks/div2k/DIV2K_valid_LR_bicubic/X4/0883x4.png,27.6857290568798,25.846612233880006
DIV2K,0883,stage2_guarded_x8,/home/ubuntu/scratch/sr-diffusion/benchmark_outputs/stage2_guarded_detail_v2_tta_x8/DIV2K/0883/base.png,/home/ubuntu/scratch/sr-diffusion/benchmarks/div2k/DIV2K_valid_HR/0883.png,/home/ubuntu/scratch/sr-diffusion/benchmarks/div2k/DIV2K_valid_LR_bicubic/X4/0883x4.png,27.720310134048667,25.88671004955441
DIV2K,0883,detail_v2_masked,/home/ubuntu/scratch/sr-diffusion/benchmark_outputs/detail_v2_masked/DIV2K/0883/detail.png,/home/ubuntu/scratch/sr-diffusion/benchmarks/div2k/DIV2K_valid_HR/0883.png,/home/ubuntu/scratch/sr-diffusion/benchmarks/div2k/DIV2K_valid_LR_bicubic/X4/0883x4.png,27.787939289290552,25.964236327726656
DIV2K,0883,refiner_v2,/home/ubuntu/scratch/sr-diffusion/benchmark_outputs/refiner_v2/DIV2K/0883/refined.png,/home/ubuntu/scratch/sr-diffusion/benchmarks/div2k/DIV2K_valid_HR/0883.png,/home/ubuntu/scratch/sr-diffusion/benchmarks/div2k/DIV2K_valid_LR_bicubic/X4/0883x4.png,27.44202245166433,25.631049396626658
DIV2K,0883,realesrgan,/home/ubuntu/scratch/sr-diffusion/benchmark_outputs/realesrgan/DIV2K/0883/RealESRGAN_x4plus.png,/home/ubuntu/scratch/sr-diffusion/benchmarks/div2k/DIV2K_valid_HR/0883.png,/home/ubuntu/scratch/sr-diffusion/benchmarks/div2k/DIV2K_valid_LR_bicubic/X4/0883x4.png,24.03270523943343,22.31538712299774
DIV2K,0884,bicubic,generated:matlab_bicubic_resize,/home/ubuntu/scratch/sr-diffusion/benchmarks/div2k/DIV2K_valid_HR/0884.png,/home/ubuntu/scratch/sr-diffusion/benchmarks/div2k/DIV2K_valid_LR_bicubic/X4/0884x4.png,25.932550617489515,24.1140716375031
DIV2K,0884,stage2_guarded_off,/home/ubuntu/scratch/sr-diffusion/benchmark_outputs/stage2_guarded_detail_v2_tta_off/DIV2K/0884/base.png,/home/ubuntu/scratch/sr-diffusion/benchmarks/div2k/DIV2K_valid_HR/0884.png,/home/ubuntu/scratch/sr-diffusion/benchmarks/div2k/DIV2K_valid_LR_bicubic/X4/0884x4.png,27.528008635142534,25.609860154357364
DIV2K,0884,stage2_guarded_hflip,/home/ubuntu/scratch/sr-diffusion/benchmark_outputs/stage2_guarded_detail_v2_tta_hflip/DIV2K/0884/base.png,/home/ubuntu/scratch/sr-diffusion/benchmarks/div2k/DIV2K_valid_HR/0884.png,/home/ubuntu/scratch/sr-diffusion/benchmarks/div2k/DIV2K_valid_LR_bicubic/X4/0884x4.png,27.565815782003593,25.644776279561505
DIV2K,0884,stage2_guarded_x8,/home/ubuntu/scratch/sr-diffusion/benchmark_outputs/stage2_guarded_detail_v2_tta_x8/DIV2K/0884/base.png,/home/ubuntu/scratch/sr-diffusion/benchmarks/div2k/DIV2K_valid_HR/0884.png,/home/ubuntu/scratch/sr-diffusion/benchmarks/div2k/DIV2K_valid_LR_bicubic/X4/0884x4.png,27.591458660006957,25.670090091145067
DIV2K,0884,detail_v2_masked,/home/ubuntu/scratch/sr-diffusion/benchmark_outputs/detail_v2_masked/DIV2K/0884/detail.png,/home/ubuntu/scratch/sr-diffusion/benchmarks/div2k/DIV2K_valid_HR/0884.png,/home/ubuntu/scratch/sr-diffusion/benchmarks/div2k/DIV2K_valid_LR_bicubic/X4/0884x4.png,27.753051599729584,25.820252125466467
DIV2K,0884,refiner_v2,/home/ubuntu/scratch/sr-diffusion/benchmark_outputs/refiner_v2/DIV2K/0884/refined.png,/home/ubuntu/scratch/sr-diffusion/benchmarks/div2k/DIV2K_valid_HR/0884.png,/home/ubuntu/scratch/sr-diffusion/benchmarks/div2k/DIV2K_valid_LR_bicubic/X4/0884x4.png,27.209149938597207,25.308525441013877
DIV2K,0884,realesrgan,/home/ubuntu/scratch/sr-diffusion/benchmark_outputs/realesrgan/DIV2K/0884/RealESRGAN_x4plus.png,/home/ubuntu/scratch/sr-diffusion/benchmarks/div2k/DIV2K_valid_HR/0884.png,/home/ubuntu/scratch/sr-diffusion/benchmarks/div2k/DIV2K_valid_LR_bicubic/X4/0884x4.png,24.692293681111245,22.736411325809073
DIV2K,0885,bicubic,generated:matlab_bicubic_resize,/home/ubuntu/scratch/sr-diffusion/benchmarks/div2k/DIV2K_valid_HR/0885.png,/home/ubuntu/scratch/sr-diffusion/benchmarks/div2k/DIV2K_valid_LR_bicubic/X4/0885x4.png,23.23773909763997,21.849574732610378
DIV2K,0885,stage2_guarded_off,/home/ubuntu/scratch/sr-diffusion/benchmark_outputs/stage2_guarded_detail_v2_tta_off/DIV2K/0885/base.png,/home/ubuntu/scratch/sr-diffusion/benchmarks/div2k/DIV2K_valid_HR/0885.png,/home/ubuntu/scratch/sr-diffusion/benchmarks/div2k/DIV2K_valid_LR_bicubic/X4/0885x4.png,23.97124500045976,22.574968122308068
DIV2K,0885,stage2_guarded_hflip,/home/ubuntu/scratch/sr-diffusion/benchmark_outputs/stage2_guarded_detail_v2_tta_hflip/DIV2K/0885/base.png,/home/ubuntu/scratch/sr-diffusion/benchmarks/div2k/DIV2K_valid_HR/0885.png,/home/ubuntu/scratch/sr-diffusion/benchmarks/div2k/DIV2K_valid_LR_bicubic/X4/0885x4.png,24.002122215555236,22.606214457335028
DIV2K,0885,stage2_guarded_x8,/home/ubuntu/scratch/sr-diffusion/benchmark_outputs/stage2_guarded_detail_v2_tta_x8/DIV2K/0885/base.png,/home/ubuntu/scratch/sr-diffusion/benchmarks/div2k/DIV2K_valid_HR/0885.png,/home/ubuntu/scratch/sr-diffusion/benchmarks/div2k/DIV2K_valid_LR_bicubic/X4/0885x4.png,24.016423523439574,22.625100351099398
DIV2K,0885,detail_v2_masked,/home/ubuntu/scratch/sr-diffusion/benchmark_outputs/detail_v2_masked/DIV2K/0885/detail.png,/home/ubuntu/scratch/sr-diffusion/benchmarks/div2k/DIV2K_valid_HR/0885.png,/home/ubuntu/scratch/sr-diffusion/benchmarks/div2k/DIV2K_valid_LR_bicubic/X4/0885x4.png,24.08361277956157,22.691592853736957
DIV2K,0885,refiner_v2,/home/ubuntu/scratch/sr-diffusion/benchmark_outputs/refiner_v2/DIV2K/0885/refined.png,/home/ubuntu/scratch/sr-diffusion/benchmarks/div2k/DIV2K_valid_HR/0885.png,/home/ubuntu/scratch/sr-diffusion/benchmarks/div2k/DIV2K_valid_LR_bicubic/X4/0885x4.png,23.74652473612275,22.334702066603548
DIV2K,0885,realesrgan,/home/ubuntu/scratch/sr-diffusion/benchmark_outputs/realesrgan/DIV2K/0885/RealESRGAN_x4plus.png,/home/ubuntu/scratch/sr-diffusion/benchmarks/div2k/DIV2K_valid_HR/0885.png,/home/ubuntu/scratch/sr-diffusion/benchmarks/div2k/DIV2K_valid_LR_bicubic/X4/0885x4.png,22.780553741110126,21.1931576697803
DIV2K,0886,bicubic,generated:matlab_bicubic_resize,/home/ubuntu/scratch/sr-diffusion/benchmarks/div2k/DIV2K_valid_HR/0886.png,/home/ubuntu/scratch/sr-diffusion/benchmarks/div2k/DIV2K_valid_LR_bicubic/X4/0886x4.png,35.324427073198564,33.316461124845056
DIV2K,0886,stage2_guarded_off,/home/ubuntu/scratch/sr-diffusion/benchmark_outputs/stage2_guarded_detail_v2_tta_off/DIV2K/0886/base.png,/home/ubuntu/scratch/sr-diffusion/benchmarks/div2k/DIV2K_valid_HR/0886.png,/home/ubuntu/scratch/sr-diffusion/benchmarks/div2k/DIV2K_valid_LR_bicubic/X4/0886x4.png,37.73031394154487,35.71090106507992
DIV2K,0886,stage2_guarded_hflip,/home/ubuntu/scratch/sr-diffusion/benchmark_outputs/stage2_guarded_detail_v2_tta_hflip/DIV2K/0886/base.png,/home/ubuntu/scratch/sr-diffusion/benchmarks/div2k/DIV2K_valid_HR/0886.png,/home/ubuntu/scratch/sr-diffusion/benchmarks/div2k/DIV2K_valid_LR_bicubic/X4/0886x4.png,37.829439431605614,35.820187092490826
DIV2K,0886,stage2_guarded_x8,/home/ubuntu/scratch/sr-diffusion/benchmark_outputs/stage2_guarded_detail_v2_tta_x8/DIV2K/0886/base.png,/home/ubuntu/scratch/sr-diffusion/benchmarks/div2k/DIV2K_valid_HR/0886.png,/home/ubuntu/scratch/sr-diffusion/benchmarks/div2k/DIV2K_valid_LR_bicubic/X4/0886x4.png,37.94191478331034,35.94357153194251
DIV2K,0886,detail_v2_masked,/home/ubuntu/scratch/sr-diffusion/benchmark_outputs/detail_v2_masked/DIV2K/0886/detail.png,/home/ubuntu/scratch/sr-diffusion/benchmarks/div2k/DIV2K_valid_HR/0886.png,/home/ubuntu/scratch/sr-diffusion/benchmarks/div2k/DIV2K_valid_LR_bicubic/X4/0886x4.png,37.923346780582364,35.9404217604247
DIV2K,0886,refiner_v2,/home/ubuntu/scratch/sr-diffusion/benchmark_outputs/refiner_v2/DIV2K/0886/refined.png,/home/ubuntu/scratch/sr-diffusion/benchmarks/div2k/DIV2K_valid_HR/0886.png,/home/ubuntu/scratch/sr-diffusion/benchmarks/div2k/DIV2K_valid_LR_bicubic/X4/0886x4.png,36.30971821100537,34.36828923909522
DIV2K,0886,realesrgan,/home/ubuntu/scratch/sr-diffusion/benchmark_outputs/realesrgan/DIV2K/0886/RealESRGAN_x4plus.png,/home/ubuntu/scratch/sr-diffusion/benchmarks/div2k/DIV2K_valid_HR/0886.png,/home/ubuntu/scratch/sr-diffusion/benchmarks/div2k/DIV2K_valid_LR_bicubic/X4/0886x4.png,34.296302323134086,30.92940177699593
DIV2K,0887,bicubic,generated:matlab_bicubic_resize,/home/ubuntu/scratch/sr-diffusion/benchmarks/div2k/DIV2K_valid_HR/0887.png,/home/ubuntu/scratch/sr-diffusion/benchmarks/div2k/DIV2K_valid_LR_bicubic/X4/0887x4.png,24.815082096726954,23.874017592280943
DIV2K,0887,stage2_guarded_off,/home/ubuntu/scratch/sr-diffusion/benchmark_outputs/stage2_guarded_detail_v2_tta_off/DIV2K/0887/base.png,/home/ubuntu/scratch/sr-diffusion/benchmarks/div2k/DIV2K_valid_HR/0887.png,/home/ubuntu/scratch/sr-diffusion/benchmarks/div2k/DIV2K_valid_LR_bicubic/X4/0887x4.png,25.975218386939318,25.071185881273802
DIV2K,0887,stage2_guarded_hflip,/home/ubuntu/scratch/sr-diffusion/benchmark_outputs/stage2_guarded_detail_v2_tta_hflip/DIV2K/0887/base.png,/home/ubuntu/scratch/sr-diffusion/benchmarks/div2k/DIV2K_valid_HR/0887.png,/home/ubuntu/scratch/sr-diffusion/benchmarks/div2k/DIV2K_valid_LR_bicubic/X4/0887x4.png,26.016862447427602,25.11637549791837
DIV2K,0887,stage2_guarded_x8,/home/ubuntu/scratch/sr-diffusion/benchmark_outputs/stage2_guarded_detail_v2_tta_x8/DIV2K/0887/base.png,/home/ubuntu/scratch/sr-diffusion/benchmarks/div2k/DIV2K_valid_HR/0887.png,/home/ubuntu/scratch/sr-diffusion/benchmarks/div2k/DIV2K_valid_LR_bicubic/X4/0887x4.png,26.036454225181306,25.139516137654113
DIV2K,0887,detail_v2_masked,/home/ubuntu/scratch/sr-diffusion/benchmark_outputs/detail_v2_masked/DIV2K/0887/detail.png,/home/ubuntu/scratch/sr-diffusion/benchmarks/div2k/DIV2K_valid_HR/0887.png,/home/ubuntu/scratch/sr-diffusion/benchmarks/div2k/DIV2K_valid_LR_bicubic/X4/0887x4.png,26.15256894078849,25.263177157419815
DIV2K,0887,refiner_v2,/home/ubuntu/scratch/sr-diffusion/benchmark_outputs/refiner_v2/DIV2K/0887/refined.png,/home/ubuntu/scratch/sr-diffusion/benchmarks/div2k/DIV2K_valid_HR/0887.png,/home/ubuntu/scratch/sr-diffusion/benchmarks/div2k/DIV2K_valid_LR_bicubic/X4/0887x4.png,25.772818303249757,24.851209040675002
DIV2K,0887,realesrgan,/home/ubuntu/scratch/sr-diffusion/benchmark_outputs/realesrgan/DIV2K/0887/RealESRGAN_x4plus.png,/home/ubuntu/scratch/sr-diffusion/benchmarks/div2k/DIV2K_valid_HR/0887.png,/home/ubuntu/scratch/sr-diffusion/benchmarks/div2k/DIV2K_valid_LR_bicubic/X4/0887x4.png,22.940317218015267,21.85983470546087
DIV2K,0888,bicubic,generated:matlab_bicubic_resize,/home/ubuntu/scratch/sr-diffusion/benchmarks/div2k/DIV2K_valid_HR/0888.png,/home/ubuntu/scratch/sr-diffusion/benchmarks/div2k/DIV2K_valid_LR_bicubic/X4/0888x4.png,29.05220551841627,27.5604678932014
DIV2K,0888,stage2_guarded_off,/home/ubuntu/scratch/sr-diffusion/benchmark_outputs/stage2_guarded_detail_v2_tta_off/DIV2K/0888/base.png,/home/ubuntu/scratch/sr-diffusion/benchmarks/div2k/DIV2K_valid_HR/0888.png,/home/ubuntu/scratch/sr-diffusion/benchmarks/div2k/DIV2K_valid_LR_bicubic/X4/0888x4.png,31.676440651296115,30.21576920129766
DIV2K,0888,stage2_guarded_hflip,/home/ubuntu/scratch/sr-diffusion/benchmark_outputs/stage2_guarded_detail_v2_tta_hflip/DIV2K/0888/base.png,/home/ubuntu/scratch/sr-diffusion/benchmarks/div2k/DIV2K_valid_HR/0888.png,/home/ubuntu/scratch/sr-diffusion/benchmarks/div2k/DIV2K_valid_LR_bicubic/X4/0888x4.png,31.735404584215306,30.28147746735339
DIV2K,0888,stage2_guarded_x8,/home/ubuntu/scratch/sr-diffusion/benchmark_outputs/stage2_guarded_detail_v2_tta_x8/DIV2K/0888/base.png,/home/ubuntu/scratch/sr-diffusion/benchmarks/div2k/DIV2K_valid_HR/0888.png,/home/ubuntu/scratch/sr-diffusion/benchmarks/div2k/DIV2K_valid_LR_bicubic/X4/0888x4.png,31.786368341336697,30.339692741765557
DIV2K,0888,detail_v2_masked,/home/ubuntu/scratch/sr-diffusion/benchmark_outputs/detail_v2_masked/DIV2K/0888/detail.png,/home/ubuntu/scratch/sr-diffusion/benchmarks/div2k/DIV2K_valid_HR/0888.png,/home/ubuntu/scratch/sr-diffusion/benchmarks/div2k/DIV2K_valid_LR_bicubic/X4/0888x4.png,31.946110408817848,30.487074923684215
DIV2K,0888,refiner_v2,/home/ubuntu/scratch/sr-diffusion/benchmark_outputs/refiner_v2/DIV2K/0888/refined.png,/home/ubuntu/scratch/sr-diffusion/benchmarks/div2k/DIV2K_valid_HR/0888.png,/home/ubuntu/scratch/sr-diffusion/benchmarks/div2k/DIV2K_valid_LR_bicubic/X4/0888x4.png,30.930297592123495,29.476551963600564
DIV2K,0888,realesrgan,/home/ubuntu/scratch/sr-diffusion/benchmark_outputs/realesrgan/DIV2K/0888/RealESRGAN_x4plus.png,/home/ubuntu/scratch/sr-diffusion/benchmarks/div2k/DIV2K_valid_HR/0888.png,/home/ubuntu/scratch/sr-diffusion/benchmarks/div2k/DIV2K_valid_LR_bicubic/X4/0888x4.png,28.61131216998439,26.65415200460266
DIV2K,0889,bicubic,generated:matlab_bicubic_resize,/home/ubuntu/scratch/sr-diffusion/benchmarks/div2k/DIV2K_valid_HR/0889.png,/home/ubuntu/scratch/sr-diffusion/benchmarks/div2k/DIV2K_valid_LR_bicubic/X4/0889x4.png,28.796657415892287,27.22117864814145
DIV2K,0889,stage2_guarded_off,/home/ubuntu/scratch/sr-diffusion/benchmark_outputs/stage2_guarded_detail_v2_tta_off/DIV2K/0889/base.png,/home/ubuntu/scratch/sr-diffusion/benchmarks/div2k/DIV2K_valid_HR/0889.png,/home/ubuntu/scratch/sr-diffusion/benchmarks/div2k/DIV2K_valid_LR_bicubic/X4/0889x4.png,32.02053040820042,30.36872482165255
DIV2K,0889,stage2_guarded_hflip,/home/ubuntu/scratch/sr-diffusion/benchmark_outputs/stage2_guarded_detail_v2_tta_hflip/DIV2K/0889/base.png,/home/ubuntu/scratch/sr-diffusion/benchmarks/div2k/DIV2K_valid_HR/0889.png,/home/ubuntu/scratch/sr-diffusion/benchmarks/div2k/DIV2K_valid_LR_bicubic/X4/0889x4.png,32.07801722357492,30.43871240308446
DIV2K,0889,stage2_guarded_x8,/home/ubuntu/scratch/sr-diffusion/benchmark_outputs/stage2_guarded_detail_v2_tta_x8/DIV2K/0889/base.png,/home/ubuntu/scratch/sr-diffusion/benchmarks/div2k/DIV2K_valid_HR/0889.png,/home/ubuntu/scratch/sr-diffusion/benchmarks/div2k/DIV2K_valid_LR_bicubic/X4/0889x4.png,32.12803945540358,30.505370683147245
DIV2K,0889,detail_v2_masked,/home/ubuntu/scratch/sr-diffusion/benchmark_outputs/detail_v2_masked/DIV2K/0889/detail.png,/home/ubuntu/scratch/sr-diffusion/benchmarks/div2k/DIV2K_valid_HR/0889.png,/home/ubuntu/scratch/sr-diffusion/benchmarks/div2k/DIV2K_valid_LR_bicubic/X4/0889x4.png,32.2828441884499,30.637591877551582
DIV2K,0889,refiner_v2,/home/ubuntu/scratch/sr-diffusion/benchmark_outputs/refiner_v2/DIV2K/0889/refined.png,/home/ubuntu/scratch/sr-diffusion/benchmarks/div2k/DIV2K_valid_HR/0889.png,/home/ubuntu/scratch/sr-diffusion/benchmarks/div2k/DIV2K_valid_LR_bicubic/X4/0889x4.png,31.055614379683156,29.400050219895416
DIV2K,0889,realesrgan,/home/ubuntu/scratch/sr-diffusion/benchmark_outputs/realesrgan/DIV2K/0889/RealESRGAN_x4plus.png,/home/ubuntu/scratch/sr-diffusion/benchmarks/div2k/DIV2K_valid_HR/0889.png,/home/ubuntu/scratch/sr-diffusion/benchmarks/div2k/DIV2K_valid_LR_bicubic/X4/0889x4.png,27.0155668917327,24.597392475419902
DIV2K,0890,bicubic,generated:matlab_bicubic_resize,/home/ubuntu/scratch/sr-diffusion/benchmarks/div2k/DIV2K_valid_HR/0890.png,/home/ubuntu/scratch/sr-diffusion/benchmarks/div2k/DIV2K_valid_LR_bicubic/X4/0890x4.png,25.899954838004923,24.594596466012938
DIV2K,0890,stage2_guarded_off,/home/ubuntu/scratch/sr-diffusion/benchmark_outputs/stage2_guarded_detail_v2_tta_off/DIV2K/0890/base.png,/home/ubuntu/scratch/sr-diffusion/benchmarks/div2k/DIV2K_valid_HR/0890.png,/home/ubuntu/scratch/sr-diffusion/benchmarks/div2k/DIV2K_valid_LR_bicubic/X4/0890x4.png,26.44395017240139,25.144673049629777
DIV2K,0890,stage2_guarded_hflip,/home/ubuntu/scratch/sr-diffusion/benchmark_outputs/stage2_guarded_detail_v2_tta_hflip/DIV2K/0890/base.png,/home/ubuntu/scratch/sr-diffusion/benchmarks/div2k/DIV2K_valid_HR/0890.png,/home/ubuntu/scratch/sr-diffusion/benchmarks/div2k/DIV2K_valid_LR_bicubic/X4/0890x4.png,26.476341681614137,25.178573644160775
DIV2K,0890,stage2_guarded_x8,/home/ubuntu/scratch/sr-diffusion/benchmark_outputs/stage2_guarded_detail_v2_tta_x8/DIV2K/0890/base.png,/home/ubuntu/scratch/sr-diffusion/benchmarks/div2k/DIV2K_valid_HR/0890.png,/home/ubuntu/scratch/sr-diffusion/benchmarks/div2k/DIV2K_valid_LR_bicubic/X4/0890x4.png,26.503320502703353,25.208653066854794
DIV2K,0890,detail_v2_masked,/home/ubuntu/scratch/sr-diffusion/benchmark_outputs/detail_v2_masked/DIV2K/0890/detail.png,/home/ubuntu/scratch/sr-diffusion/benchmarks/div2k/DIV2K_valid_HR/0890.png,/home/ubuntu/scratch/sr-diffusion/benchmarks/div2k/DIV2K_valid_LR_bicubic/X4/0890x4.png,26.535430447509594,25.240721549299167
DIV2K,0890,refiner_v2,/home/ubuntu/scratch/sr-diffusion/benchmark_outputs/refiner_v2/DIV2K/0890/refined.png,/home/ubuntu/scratch/sr-diffusion/benchmarks/div2k/DIV2K_valid_HR/0890.png,/home/ubuntu/scratch/sr-diffusion/benchmarks/div2k/DIV2K_valid_LR_bicubic/X4/0890x4.png,26.370370947256696,25.061099092600365
DIV2K,0890,realesrgan,/home/ubuntu/scratch/sr-diffusion/benchmark_outputs/realesrgan/DIV2K/0890/RealESRGAN_x4plus.png,/home/ubuntu/scratch/sr-diffusion/benchmarks/div2k/DIV2K_valid_HR/0890.png,/home/ubuntu/scratch/sr-diffusion/benchmarks/div2k/DIV2K_valid_LR_bicubic/X4/0890x4.png,24.10996858274217,22.68394233816835
DIV2K,0891,bicubic,generated:matlab_bicubic_resize,/home/ubuntu/scratch/sr-diffusion/benchmarks/div2k/DIV2K_valid_HR/0891.png,/home/ubuntu/scratch/sr-diffusion/benchmarks/div2k/DIV2K_valid_LR_bicubic/X4/0891x4.png,25.104913819513165,23.799262578641958
DIV2K,0891,stage2_guarded_off,/home/ubuntu/scratch/sr-diffusion/benchmark_outputs/stage2_guarded_detail_v2_tta_off/DIV2K/0891/base.png,/home/ubuntu/scratch/sr-diffusion/benchmarks/div2k/DIV2K_valid_HR/0891.png,/home/ubuntu/scratch/sr-diffusion/benchmarks/div2k/DIV2K_valid_LR_bicubic/X4/0891x4.png,27.811056244846483,26.486701938415994
DIV2K,0891,stage2_guarded_hflip,/home/ubuntu/scratch/sr-diffusion/benchmark_outputs/stage2_guarded_detail_v2_tta_hflip/DIV2K/0891/base.png,/home/ubuntu/scratch/sr-diffusion/benchmarks/div2k/DIV2K_valid_HR/0891.png,/home/ubuntu/scratch/sr-diffusion/benchmarks/div2k/DIV2K_valid_LR_bicubic/X4/0891x4.png,27.894464909555193,26.57723368915761
DIV2K,0891,stage2_guarded_x8,/home/ubuntu/scratch/sr-diffusion/benchmark_outputs/stage2_guarded_detail_v2_tta_x8/DIV2K/0891/base.png,/home/ubuntu/scratch/sr-diffusion/benchmarks/div2k/DIV2K_valid_HR/0891.png,/home/ubuntu/scratch/sr-diffusion/benchmarks/div2k/DIV2K_valid_LR_bicubic/X4/0891x4.png,27.932619421634183,26.62398697376424
DIV2K,0891,detail_v2_masked,/home/ubuntu/scratch/sr-diffusion/benchmark_outputs/detail_v2_masked/DIV2K/0891/detail.png,/home/ubuntu/scratch/sr-diffusion/benchmarks/div2k/DIV2K_valid_HR/0891.png,/home/ubuntu/scratch/sr-diffusion/benchmarks/div2k/DIV2K_valid_LR_bicubic/X4/0891x4.png,28.238013902824267,26.910293544352122
DIV2K,0891,refiner_v2,/home/ubuntu/scratch/sr-diffusion/benchmark_outputs/refiner_v2/DIV2K/0891/refined.png,/home/ubuntu/scratch/sr-diffusion/benchmarks/div2k/DIV2K_valid_HR/0891.png,/home/ubuntu/scratch/sr-diffusion/benchmarks/div2k/DIV2K_valid_LR_bicubic/X4/0891x4.png,27.19289826059432,25.84522546442991
DIV2K,0891,realesrgan,/home/ubuntu/scratch/sr-diffusion/benchmark_outputs/realesrgan/DIV2K/0891/RealESRGAN_x4plus.png,/home/ubuntu/scratch/sr-diffusion/benchmarks/div2k/DIV2K_valid_HR/0891.png,/home/ubuntu/scratch/sr-diffusion/benchmarks/div2k/DIV2K_valid_LR_bicubic/X4/0891x4.png,25.200293746535927,23.352365416410798
DIV2K,0892,bicubic,generated:matlab_bicubic_resize,/home/ubuntu/scratch/sr-diffusion/benchmarks/div2k/DIV2K_valid_HR/0892.png,/home/ubuntu/scratch/sr-diffusion/benchmarks/div2k/DIV2K_valid_LR_bicubic/X4/0892x4.png,26.57078744165719,25.29440848248194
DIV2K,0892,stage2_guarded_off,/home/ubuntu/scratch/sr-diffusion/benchmark_outputs/stage2_guarded_detail_v2_tta_off/DIV2K/0892/base.png,/home/ubuntu/scratch/sr-diffusion/benchmarks/div2k/DIV2K_valid_HR/0892.png,/home/ubuntu/scratch/sr-diffusion/benchmarks/div2k/DIV2K_valid_LR_bicubic/X4/0892x4.png,30.249595450147094,28.889280822071484
DIV2K,0892,stage2_guarded_hflip,/home/ubuntu/scratch/sr-diffusion/benchmark_outputs/stage2_guarded_detail_v2_tta_hflip/DIV2K/0892/base.png,/home/ubuntu/scratch/sr-diffusion/benchmarks/div2k/DIV2K_valid_HR/0892.png,/home/ubuntu/scratch/sr-diffusion/benchmarks/div2k/DIV2K_valid_LR_bicubic/X4/0892x4.png,30.378566326107872,29.03215065455303
DIV2K,0892,stage2_guarded_x8,/home/ubuntu/scratch/sr-diffusion/benchmark_outputs/stage2_guarded_detail_v2_tta_x8/DIV2K/0892/base.png,/home/ubuntu/scratch/sr-diffusion/benchmarks/div2k/DIV2K_valid_HR/0892.png,/home/ubuntu/scratch/sr-diffusion/benchmarks/div2k/DIV2K_valid_LR_bicubic/X4/0892x4.png,30.4506904234012,29.12363467065543
DIV2K,0892,detail_v2_masked,/home/ubuntu/scratch/sr-diffusion/benchmark_outputs/detail_v2_masked/DIV2K/0892/detail.png,/home/ubuntu/scratch/sr-diffusion/benchmarks/div2k/DIV2K_valid_HR/0892.png,/home/ubuntu/scratch/sr-diffusion/benchmarks/div2k/DIV2K_valid_LR_bicubic/X4/0892x4.png,31.3118762677764,29.944008198345795
DIV2K,0892,refiner_v2,/home/ubuntu/scratch/sr-diffusion/benchmark_outputs/refiner_v2/DIV2K/0892/refined.png,/home/ubuntu/scratch/sr-diffusion/benchmarks/div2k/DIV2K_valid_HR/0892.png,/home/ubuntu/scratch/sr-diffusion/benchmarks/div2k/DIV2K_valid_LR_bicubic/X4/0892x4.png,29.422076566425357,28.06209912371169
DIV2K,0892,realesrgan,/home/ubuntu/scratch/sr-diffusion/benchmark_outputs/realesrgan/DIV2K/0892/RealESRGAN_x4plus.png,/home/ubuntu/scratch/sr-diffusion/benchmarks/div2k/DIV2K_valid_HR/0892.png,/home/ubuntu/scratch/sr-diffusion/benchmarks/div2k/DIV2K_valid_LR_bicubic/X4/0892x4.png,27.205355836706943,25.27642807828039
DIV2K,0893,bicubic,generated:matlab_bicubic_resize,/home/ubuntu/scratch/sr-diffusion/benchmarks/div2k/DIV2K_valid_HR/0893.png,/home/ubuntu/scratch/sr-diffusion/benchmarks/div2k/DIV2K_valid_LR_bicubic/X4/0893x4.png,32.524773611385115,30.978702819223265
DIV2K,0893,stage2_guarded_off,/home/ubuntu/scratch/sr-diffusion/benchmark_outputs/stage2_guarded_detail_v2_tta_off/DIV2K/0893/base.png,/home/ubuntu/scratch/sr-diffusion/benchmarks/div2k/DIV2K_valid_HR/0893.png,/home/ubuntu/scratch/sr-diffusion/benchmarks/div2k/DIV2K_valid_LR_bicubic/X4/0893x4.png,34.54101373777582,33.015842156916676
DIV2K,0893,stage2_guarded_hflip,/home/ubuntu/scratch/sr-diffusion/benchmark_outputs/stage2_guarded_detail_v2_tta_hflip/DIV2K/0893/base.png,/home/ubuntu/scratch/sr-diffusion/benchmarks/div2k/DIV2K_valid_HR/0893.png,/home/ubuntu/scratch/sr-diffusion/benchmarks/div2k/DIV2K_valid_LR_bicubic/X4/0893x4.png,34.57890489397517,33.05582391456334
DIV2K,0893,stage2_guarded_x8,/home/ubuntu/scratch/sr-diffusion/benchmark_outputs/stage2_guarded_detail_v2_tta_x8/DIV2K/0893/base.png,/home/ubuntu/scratch/sr-diffusion/benchmarks/div2k/DIV2K_valid_HR/0893.png,/home/ubuntu/scratch/sr-diffusion/benchmarks/div2k/DIV2K_valid_LR_bicubic/X4/0893x4.png,34.62434811636743,33.10999256246191
DIV2K,0893,detail_v2_masked,/home/ubuntu/scratch/sr-diffusion/benchmark_outputs/detail_v2_masked/DIV2K/0893/detail.png,/home/ubuntu/scratch/sr-diffusion/benchmarks/div2k/DIV2K_valid_HR/0893.png,/home/ubuntu/scratch/sr-diffusion/benchmarks/div2k/DIV2K_valid_LR_bicubic/X4/0893x4.png,34.70753752522637,33.172484164237794
DIV2K,0893,refiner_v2,/home/ubuntu/scratch/sr-diffusion/benchmark_outputs/refiner_v2/DIV2K/0893/refined.png,/home/ubuntu/scratch/sr-diffusion/benchmarks/div2k/DIV2K_valid_HR/0893.png,/home/ubuntu/scratch/sr-diffusion/benchmarks/div2k/DIV2K_valid_LR_bicubic/X4/0893x4.png,32.57884115497817,31.110920081423906
DIV2K,0893,realesrgan,/home/ubuntu/scratch/sr-diffusion/benchmark_outputs/realesrgan/DIV2K/0893/RealESRGAN_x4plus.png,/home/ubuntu/scratch/sr-diffusion/benchmarks/div2k/DIV2K_valid_HR/0893.png,/home/ubuntu/scratch/sr-diffusion/benchmarks/div2k/DIV2K_valid_LR_bicubic/X4/0893x4.png,31.435543589184537,29.426225297291904
DIV2K,0894,bicubic,generated:matlab_bicubic_resize,/home/ubuntu/scratch/sr-diffusion/benchmarks/div2k/DIV2K_valid_HR/0894.png,/home/ubuntu/scratch/sr-diffusion/benchmarks/div2k/DIV2K_valid_LR_bicubic/X4/0894x4.png,30.739337680331985,29.343367348939225
DIV2K,0894,stage2_guarded_off,/home/ubuntu/scratch/sr-diffusion/benchmark_outputs/stage2_guarded_detail_v2_tta_off/DIV2K/0894/base.png,/home/ubuntu/scratch/sr-diffusion/benchmarks/div2k/DIV2K_valid_HR/0894.png,/home/ubuntu/scratch/sr-diffusion/benchmarks/div2k/DIV2K_valid_LR_bicubic/X4/0894x4.png,32.81539069758829,31.427945717839986
DIV2K,0894,stage2_guarded_hflip,/home/ubuntu/scratch/sr-diffusion/benchmark_outputs/stage2_guarded_detail_v2_tta_hflip/DIV2K/0894/base.png,/home/ubuntu/scratch/sr-diffusion/benchmarks/div2k/DIV2K_valid_HR/0894.png,/home/ubuntu/scratch/sr-diffusion/benchmarks/div2k/DIV2K_valid_LR_bicubic/X4/0894x4.png,32.85276204482665,31.474082212451833
DIV2K,0894,stage2_guarded_x8,/home/ubuntu/scratch/sr-diffusion/benchmark_outputs/stage2_guarded_detail_v2_tta_x8/DIV2K/0894/base.png,/home/ubuntu/scratch/sr-diffusion/benchmarks/div2k/DIV2K_valid_HR/0894.png,/home/ubuntu/scratch/sr-diffusion/benchmarks/div2k/DIV2K_valid_LR_bicubic/X4/0894x4.png,32.87047963041565,31.503500881725692
DIV2K,0894,detail_v2_masked,/home/ubuntu/scratch/sr-diffusion/benchmark_outputs/detail_v2_masked/DIV2K/0894/detail.png,/home/ubuntu/scratch/sr-diffusion/benchmarks/div2k/DIV2K_valid_HR/0894.png,/home/ubuntu/scratch/sr-diffusion/benchmarks/div2k/DIV2K_valid_LR_bicubic/X4/0894x4.png,33.08421332628281,31.697949573324735
DIV2K,0894,refiner_v2,/home/ubuntu/scratch/sr-diffusion/benchmark_outputs/refiner_v2/DIV2K/0894/refined.png,/home/ubuntu/scratch/sr-diffusion/benchmarks/div2k/DIV2K_valid_HR/0894.png,/home/ubuntu/scratch/sr-diffusion/benchmarks/div2k/DIV2K_valid_LR_bicubic/X4/0894x4.png,32.310410218126655,30.87831555351194
DIV2K,0894,realesrgan,/home/ubuntu/scratch/sr-diffusion/benchmark_outputs/realesrgan/DIV2K/0894/RealESRGAN_x4plus.png,/home/ubuntu/scratch/sr-diffusion/benchmarks/div2k/DIV2K_valid_HR/0894.png,/home/ubuntu/scratch/sr-diffusion/benchmarks/div2k/DIV2K_valid_LR_bicubic/X4/0894x4.png,29.02901824975278,27.25914345985717
DIV2K,0895,bicubic,generated:matlab_bicubic_resize,/home/ubuntu/scratch/sr-diffusion/benchmarks/div2k/DIV2K_valid_HR/0895.png,/home/ubuntu/scratch/sr-diffusion/benchmarks/div2k/DIV2K_valid_LR_bicubic/X4/0895x4.png,21.034498832028884,19.719265494766923
DIV2K,0895,stage2_guarded_off,/home/ubuntu/scratch/sr-diffusion/benchmark_outputs/stage2_guarded_detail_v2_tta_off/DIV2K/0895/base.png,/home/ubuntu/scratch/sr-diffusion/benchmarks/div2k/DIV2K_valid_HR/0895.png,/home/ubuntu/scratch/sr-diffusion/benchmarks/div2k/DIV2K_valid_LR_bicubic/X4/0895x4.png,21.619262078857542,20.289662007421242
DIV2K,0895,stage2_guarded_hflip,/home/ubuntu/scratch/sr-diffusion/benchmark_outputs/stage2_guarded_detail_v2_tta_hflip/DIV2K/0895/base.png,/home/ubuntu/scratch/sr-diffusion/benchmarks/div2k/DIV2K_valid_HR/0895.png,/home/ubuntu/scratch/sr-diffusion/benchmarks/div2k/DIV2K_valid_LR_bicubic/X4/0895x4.png,21.647550104773092,20.318143432140985
DIV2K,0895,stage2_guarded_x8,/home/ubuntu/scratch/sr-diffusion/benchmark_outputs/stage2_guarded_detail_v2_tta_x8/DIV2K/0895/base.png,/home/ubuntu/scratch/sr-diffusion/benchmarks/div2k/DIV2K_valid_HR/0895.png,/home/ubuntu/scratch/sr-diffusion/benchmarks/div2k/DIV2K_valid_LR_bicubic/X4/0895x4.png,21.658708147149667,20.330785613405705
DIV2K,0895,detail_v2_masked,/home/ubuntu/scratch/sr-diffusion/benchmark_outputs/detail_v2_masked/DIV2K/0895/detail.png,/home/ubuntu/scratch/sr-diffusion/benchmarks/div2k/DIV2K_valid_HR/0895.png,/home/ubuntu/scratch/sr-diffusion/benchmarks/div2k/DIV2K_valid_LR_bicubic/X4/0895x4.png,21.69399864562024,20.370853340668603
DIV2K,0895,refiner_v2,/home/ubuntu/scratch/sr-diffusion/benchmark_outputs/refiner_v2/DIV2K/0895/refined.png,/home/ubuntu/scratch/sr-diffusion/benchmarks/div2k/DIV2K_valid_HR/0895.png,/home/ubuntu/scratch/sr-diffusion/benchmarks/div2k/DIV2K_valid_LR_bicubic/X4/0895x4.png,21.56905133534615,20.2450504335155
DIV2K,0895,realesrgan,/home/ubuntu/scratch/sr-diffusion/benchmark_outputs/realesrgan/DIV2K/0895/RealESRGAN_x4plus.png,/home/ubuntu/scratch/sr-diffusion/benchmarks/div2k/DIV2K_valid_HR/0895.png,/home/ubuntu/scratch/sr-diffusion/benchmarks/div2k/DIV2K_valid_LR_bicubic/X4/0895x4.png,19.112737043611517,17.69560103105157
DIV2K,0896,bicubic,generated:matlab_bicubic_resize,/home/ubuntu/scratch/sr-diffusion/benchmarks/div2k/DIV2K_valid_HR/0896.png,/home/ubuntu/scratch/sr-diffusion/benchmarks/div2k/DIV2K_valid_LR_bicubic/X4/0896x4.png,34.926128738567066,33.51237444146571
DIV2K,0896,stage2_guarded_off,/home/ubuntu/scratch/sr-diffusion/benchmark_outputs/stage2_guarded_detail_v2_tta_off/DIV2K/0896/base.png,/home/ubuntu/scratch/sr-diffusion/benchmarks/div2k/DIV2K_valid_HR/0896.png,/home/ubuntu/scratch/sr-diffusion/benchmarks/div2k/DIV2K_valid_LR_bicubic/X4/0896x4.png,39.08207726603115,37.333069891934024
DIV2K,0896,stage2_guarded_hflip,/home/ubuntu/scratch/sr-diffusion/benchmark_outputs/stage2_guarded_detail_v2_tta_hflip/DIV2K/0896/base.png,/home/ubuntu/scratch/sr-diffusion/benchmarks/div2k/DIV2K_valid_HR/0896.png,/home/ubuntu/scratch/sr-diffusion/benchmarks/div2k/DIV2K_valid_LR_bicubic/X4/0896x4.png,39.38008846770485,37.62485659346996
DIV2K,0896,stage2_guarded_x8,/home/ubuntu/scratch/sr-diffusion/benchmark_outputs/stage2_guarded_detail_v2_tta_x8/DIV2K/0896/base.png,/home/ubuntu/scratch/sr-diffusion/benchmarks/div2k/DIV2K_valid_HR/0896.png,/home/ubuntu/scratch/sr-diffusion/benchmarks/div2k/DIV2K_valid_LR_bicubic/X4/0896x4.png,39.5337515586965,37.7786525768848
DIV2K,0896,detail_v2_masked,/home/ubuntu/scratch/sr-diffusion/benchmark_outputs/detail_v2_masked/DIV2K/0896/detail.png,/home/ubuntu/scratch/sr-diffusion/benchmarks/div2k/DIV2K_valid_HR/0896.png,/home/ubuntu/scratch/sr-diffusion/benchmarks/div2k/DIV2K_valid_LR_bicubic/X4/0896x4.png,39.351388105818145,37.605225752333354
DIV2K,0896,refiner_v2,/home/ubuntu/scratch/sr-diffusion/benchmark_outputs/refiner_v2/DIV2K/0896/refined.png,/home/ubuntu/scratch/sr-diffusion/benchmarks/div2k/DIV2K_valid_HR/0896.png,/home/ubuntu/scratch/sr-diffusion/benchmarks/div2k/DIV2K_valid_LR_bicubic/X4/0896x4.png,36.28128994185119,34.582626851440665
DIV2K,0896,realesrgan,/home/ubuntu/scratch/sr-diffusion/benchmark_outputs/realesrgan/DIV2K/0896/RealESRGAN_x4plus.png,/home/ubuntu/scratch/sr-diffusion/benchmarks/div2k/DIV2K_valid_HR/0896.png,/home/ubuntu/scratch/sr-diffusion/benchmarks/div2k/DIV2K_valid_LR_bicubic/X4/0896x4.png,31.162865641963513,29.523644063276024
DIV2K,0897,bicubic,generated:matlab_bicubic_resize,/home/ubuntu/scratch/sr-diffusion/benchmarks/div2k/DIV2K_valid_HR/0897.png,/home/ubuntu/scratch/sr-diffusion/benchmarks/div2k/DIV2K_valid_LR_bicubic/X4/0897x4.png,21.989878054736604,20.89749370466705
DIV2K,0897,stage2_guarded_off,/home/ubuntu/scratch/sr-diffusion/benchmark_outputs/stage2_guarded_detail_v2_tta_off/DIV2K/0897/base.png,/home/ubuntu/scratch/sr-diffusion/benchmarks/div2k/DIV2K_valid_HR/0897.png,/home/ubuntu/scratch/sr-diffusion/benchmarks/div2k/DIV2K_valid_LR_bicubic/X4/0897x4.png,22.901740493342576,21.758540306132154
DIV2K,0897,stage2_guarded_hflip,/home/ubuntu/scratch/sr-diffusion/benchmark_outputs/stage2_guarded_detail_v2_tta_hflip/DIV2K/0897/base.png,/home/ubuntu/scratch/sr-diffusion/benchmarks/div2k/DIV2K_valid_HR/0897.png,/home/ubuntu/scratch/sr-diffusion/benchmarks/div2k/DIV2K_valid_LR_bicubic/X4/0897x4.png,22.926884393299108,21.787380543875585
DIV2K,0897,stage2_guarded_x8,/home/ubuntu/scratch/sr-diffusion/benchmark_outputs/stage2_guarded_detail_v2_tta_x8/DIV2K/0897/base.png,/home/ubuntu/scratch/sr-diffusion/benchmarks/div2k/DIV2K_valid_HR/0897.png,/home/ubuntu/scratch/sr-diffusion/benchmarks/div2k/DIV2K_valid_LR_bicubic/X4/0897x4.png,22.9288624044017,21.793020310504488
DIV2K,0897,detail_v2_masked,/home/ubuntu/scratch/sr-diffusion/benchmark_outputs/detail_v2_masked/DIV2K/0897/detail.png,/home/ubuntu/scratch/sr-diffusion/benchmarks/div2k/DIV2K_valid_HR/0897.png,/home/ubuntu/scratch/sr-diffusion/benchmarks/div2k/DIV2K_valid_LR_bicubic/X4/0897x4.png,22.98037121160894,21.84752915257124
DIV2K,0897,refiner_v2,/home/ubuntu/scratch/sr-diffusion/benchmark_outputs/refiner_v2/DIV2K/0897/refined.png,/home/ubuntu/scratch/sr-diffusion/benchmarks/div2k/DIV2K_valid_HR/0897.png,/home/ubuntu/scratch/sr-diffusion/benchmarks/div2k/DIV2K_valid_LR_bicubic/X4/0897x4.png,22.664354420084443,21.508189261361586
DIV2K,0897,realesrgan,/home/ubuntu/scratch/sr-diffusion/benchmark_outputs/realesrgan/DIV2K/0897/RealESRGAN_x4plus.png,/home/ubuntu/scratch/sr-diffusion/benchmarks/div2k/DIV2K_valid_HR/0897.png,/home/ubuntu/scratch/sr-diffusion/benchmarks/div2k/DIV2K_valid_LR_bicubic/X4/0897x4.png,20.226871085534807,18.546277247322166
DIV2K,0898,bicubic,generated:matlab_bicubic_resize,/home/ubuntu/scratch/sr-diffusion/benchmarks/div2k/DIV2K_valid_HR/0898.png,/home/ubuntu/scratch/sr-diffusion/benchmarks/div2k/DIV2K_valid_LR_bicubic/X4/0898x4.png,33.0788056753139,31.561386489853334
DIV2K,0898,stage2_guarded_off,/home/ubuntu/scratch/sr-diffusion/benchmark_outputs/stage2_guarded_detail_v2_tta_off/DIV2K/0898/base.png,/home/ubuntu/scratch/sr-diffusion/benchmarks/div2k/DIV2K_valid_HR/0898.png,/home/ubuntu/scratch/sr-diffusion/benchmarks/div2k/DIV2K_valid_LR_bicubic/X4/0898x4.png,35.46859576912098,33.87616895473765
DIV2K,0898,stage2_guarded_hflip,/home/ubuntu/scratch/sr-diffusion/benchmark_outputs/stage2_guarded_detail_v2_tta_hflip/DIV2K/0898/base.png,/home/ubuntu/scratch/sr-diffusion/benchmarks/div2k/DIV2K_valid_HR/0898.png,/home/ubuntu/scratch/sr-diffusion/benchmarks/div2k/DIV2K_valid_LR_bicubic/X4/0898x4.png,35.55165935483412,33.97562061324934
DIV2K,0898,stage2_guarded_x8,/home/ubuntu/scratch/sr-diffusion/benchmark_outputs/stage2_guarded_detail_v2_tta_x8/DIV2K/0898/base.png,/home/ubuntu/scratch/sr-diffusion/benchmarks/div2k/DIV2K_valid_HR/0898.png,/home/ubuntu/scratch/sr-diffusion/benchmarks/div2k/DIV2K_valid_LR_bicubic/X4/0898x4.png,35.61791927271561,34.05869786376476
DIV2K,0898,detail_v2_masked,/home/ubuntu/scratch/sr-diffusion/benchmark_outputs/detail_v2_masked/DIV2K/0898/detail.png,/home/ubuntu/scratch/sr-diffusion/benchmarks/div2k/DIV2K_valid_HR/0898.png,/home/ubuntu/scratch/sr-diffusion/benchmarks/div2k/DIV2K_valid_LR_bicubic/X4/0898x4.png,35.67037363051134,34.09071575688305
DIV2K,0898,refiner_v2,/home/ubuntu/scratch/sr-diffusion/benchmark_outputs/refiner_v2/DIV2K/0898/refined.png,/home/ubuntu/scratch/sr-diffusion/benchmarks/div2k/DIV2K_valid_HR/0898.png,/home/ubuntu/scratch/sr-diffusion/benchmarks/div2k/DIV2K_valid_LR_bicubic/X4/0898x4.png,33.56331819197821,29.00533680509563
DIV2K,0898,realesrgan,/home/ubuntu/scratch/sr-diffusion/benchmark_outputs/realesrgan/DIV2K/0898/RealESRGAN_x4plus.png,/home/ubuntu/scratch/sr-diffusion/benchmarks/div2k/DIV2K_valid_HR/0898.png,/home/ubuntu/scratch/sr-diffusion/benchmarks/div2k/DIV2K_valid_LR_bicubic/X4/0898x4.png,32.38897142490113,29.975741050108084
DIV2K,0899,bicubic,generated:matlab_bicubic_resize,/home/ubuntu/scratch/sr-diffusion/benchmarks/div2k/DIV2K_valid_HR/0899.png,/home/ubuntu/scratch/sr-diffusion/benchmarks/div2k/DIV2K_valid_LR_bicubic/X4/0899x4.png,27.52752355169043,26.251827225588514
DIV2K,0899,stage2_guarded_off,/home/ubuntu/scratch/sr-diffusion/benchmark_outputs/stage2_guarded_detail_v2_tta_off/DIV2K/0899/base.png,/home/ubuntu/scratch/sr-diffusion/benchmarks/div2k/DIV2K_valid_HR/0899.png,/home/ubuntu/scratch/sr-diffusion/benchmarks/div2k/DIV2K_valid_LR_bicubic/X4/0899x4.png,31.89990526837564,30.589609733834475
DIV2K,0899,stage2_guarded_hflip,/home/ubuntu/scratch/sr-diffusion/benchmark_outputs/stage2_guarded_detail_v2_tta_hflip/DIV2K/0899/base.png,/home/ubuntu/scratch/sr-diffusion/benchmarks/div2k/DIV2K_valid_HR/0899.png,/home/ubuntu/scratch/sr-diffusion/benchmarks/div2k/DIV2K_valid_LR_bicubic/X4/0899x4.png,32.06440826187168,30.76673114063153
DIV2K,0899,stage2_guarded_x8,/home/ubuntu/scratch/sr-diffusion/benchmark_outputs/stage2_guarded_detail_v2_tta_x8/DIV2K/0899/base.png,/home/ubuntu/scratch/sr-diffusion/benchmarks/div2k/DIV2K_valid_HR/0899.png,/home/ubuntu/scratch/sr-diffusion/benchmarks/div2k/DIV2K_valid_LR_bicubic/X4/0899x4.png,32.101220289530104,30.815095369974173
DIV2K,0899,detail_v2_masked,/home/ubuntu/scratch/sr-diffusion/benchmark_outputs/detail_v2_masked/DIV2K/0899/detail.png,/home/ubuntu/scratch/sr-diffusion/benchmarks/div2k/DIV2K_valid_HR/0899.png,/home/ubuntu/scratch/sr-diffusion/benchmarks/div2k/DIV2K_valid_LR_bicubic/X4/0899x4.png,32.2261365191607,30.929547079518585
DIV2K,0899,refiner_v2,/home/ubuntu/scratch/sr-diffusion/benchmark_outputs/refiner_v2/DIV2K/0899/refined.png,/home/ubuntu/scratch/sr-diffusion/benchmarks/div2k/DIV2K_valid_HR/0899.png,/home/ubuntu/scratch/sr-diffusion/benchmarks/div2k/DIV2K_valid_LR_bicubic/X4/0899x4.png,30.598541989944575,29.238719915392586
DIV2K,0899,realesrgan,/home/ubuntu/scratch/sr-diffusion/benchmark_outputs/realesrgan/DIV2K/0899/RealESRGAN_x4plus.png,/home/ubuntu/scratch/sr-diffusion/benchmarks/div2k/DIV2K_valid_HR/0899.png,/home/ubuntu/scratch/sr-diffusion/benchmarks/div2k/DIV2K_valid_LR_bicubic/X4/0899x4.png,28.651645335639255,26.59942535791641
DIV2K,0900,bicubic,generated:matlab_bicubic_resize,/home/ubuntu/scratch/sr-diffusion/benchmarks/div2k/DIV2K_valid_HR/0900.png,/home/ubuntu/scratch/sr-diffusion/benchmarks/div2k/DIV2K_valid_LR_bicubic/X4/0900x4.png,25.213752267128676,24.165001637123133
DIV2K,0900,stage2_guarded_off,/home/ubuntu/scratch/sr-diffusion/benchmark_outputs/stage2_guarded_detail_v2_tta_off/DIV2K/0900/base.png,/home/ubuntu/scratch/sr-diffusion/benchmarks/div2k/DIV2K_valid_HR/0900.png,/home/ubuntu/scratch/sr-diffusion/benchmarks/div2k/DIV2K_valid_LR_bicubic/X4/0900x4.png,28.86790933897942,27.695756560791004
DIV2K,0900,stage2_guarded_hflip,/home/ubuntu/scratch/sr-diffusion/benchmark_outputs/stage2_guarded_detail_v2_tta_hflip/DIV2K/0900/base.png,/home/ubuntu/scratch/sr-diffusion/benchmarks/div2k/DIV2K_valid_HR/0900.png,/home/ubuntu/scratch/sr-diffusion/benchmarks/div2k/DIV2K_valid_LR_bicubic/X4/0900x4.png,28.957424216194422,27.787522585164073
DIV2K,0900,stage2_guarded_x8,/home/ubuntu/scratch/sr-diffusion/benchmark_outputs/stage2_guarded_detail_v2_tta_x8/DIV2K/0900/base.png,/home/ubuntu/scratch/sr-diffusion/benchmarks/div2k/DIV2K_valid_HR/0900.png,/home/ubuntu/scratch/sr-diffusion/benchmarks/div2k/DIV2K_valid_LR_bicubic/X4/0900x4.png,29.003438917881642,27.837131346643332
DIV2K,0900,detail_v2_masked,/home/ubuntu/scratch/sr-diffusion/benchmark_outputs/detail_v2_masked/DIV2K/0900/detail.png,/home/ubuntu/scratch/sr-diffusion/benchmarks/div2k/DIV2K_valid_HR/0900.png,/home/ubuntu/scratch/sr-diffusion/benchmarks/div2k/DIV2K_valid_LR_bicubic/X4/0900x4.png,29.2794909442593,28.09599404664139
DIV2K,0900,refiner_v2,/home/ubuntu/scratch/sr-diffusion/benchmark_outputs/refiner_v2/DIV2K/0900/refined.png,/home/ubuntu/scratch/sr-diffusion/benchmarks/div2k/DIV2K_valid_HR/0900.png,/home/ubuntu/scratch/sr-diffusion/benchmarks/div2k/DIV2K_valid_LR_bicubic/X4/0900x4.png,28.276795917714026,27.13157026791336
DIV2K,0900,realesrgan,/home/ubuntu/scratch/sr-diffusion/benchmark_outputs/realesrgan/DIV2K/0900/RealESRGAN_x4plus.png,/home/ubuntu/scratch/sr-diffusion/benchmarks/div2k/DIV2K_valid_HR/0900.png,/home/ubuntu/scratch/sr-diffusion/benchmarks/div2k/DIV2K_valid_LR_bicubic/X4/0900x4.png,26.164388005690075,24.44514491177214
Set5,img_001,bicubic,generated:matlab_bicubic_resize,/home/ubuntu/scratch/sr-diffusion/benchmarks/selfexsr/SelfExSR-master/data/Set5/image_SRF_4/img_001_SRF_4_HR.png,/home/ubuntu/scratch/sr-diffusion/benchmarks/selfexsr/SelfExSR-master/data/Set5/image_SRF_4/img_001_SRF_4_LR.png,31.78644431960816,30.36962867013581
Set5,img_001,stage2_guarded_off,/home/ubuntu/scratch/sr-diffusion/benchmark_outputs/stage2_guarded_detail_v2_tta_off/Set5/img_001/base.png,/home/ubuntu/scratch/sr-diffusion/benchmarks/selfexsr/SelfExSR-master/data/Set5/image_SRF_4/img_001_SRF_4_HR.png,/home/ubuntu/scratch/sr-diffusion/benchmarks/selfexsr/SelfExSR-master/data/Set5/image_SRF_4/img_001_SRF_4_LR.png,33.51437501149178,31.969970769019397
Set5,img_001,stage2_guarded_hflip,/home/ubuntu/scratch/sr-diffusion/benchmark_outputs/stage2_guarded_detail_v2_tta_hflip/Set5/img_001/base.png,/home/ubuntu/scratch/sr-diffusion/benchmarks/selfexsr/SelfExSR-master/data/Set5/image_SRF_4/img_001_SRF_4_HR.png,/home/ubuntu/scratch/sr-diffusion/benchmarks/selfexsr/SelfExSR-master/data/Set5/image_SRF_4/img_001_SRF_4_LR.png,33.57729221711844,32.03563261079535
Set5,img_001,stage2_guarded_x8,/home/ubuntu/scratch/sr-diffusion/benchmark_outputs/stage2_guarded_detail_v2_tta_x8/Set5/img_001/base.png,/home/ubuntu/scratch/sr-diffusion/benchmarks/selfexsr/SelfExSR-master/data/Set5/image_SRF_4/img_001_SRF_4_HR.png,/home/ubuntu/scratch/sr-diffusion/benchmarks/selfexsr/SelfExSR-master/data/Set5/image_SRF_4/img_001_SRF_4_LR.png,33.595723488447085,32.06167704481129
Set5,img_001,detail_v2_masked,/home/ubuntu/scratch/sr-diffusion/benchmark_outputs/detail_v2_masked/Set5/img_001/detail.png,/home/ubuntu/scratch/sr-diffusion/benchmarks/selfexsr/SelfExSR-master/data/Set5/image_SRF_4/img_001_SRF_4_HR.png,/home/ubuntu/scratch/sr-diffusion/benchmarks/selfexsr/SelfExSR-master/data/Set5/image_SRF_4/img_001_SRF_4_LR.png,33.698581947790416,32.152934789516664
Set5,img_001,refiner_v2,/home/ubuntu/scratch/sr-diffusion/benchmark_outputs/refiner_v2/Set5/img_001/refined.png,/home/ubuntu/scratch/sr-diffusion/benchmarks/selfexsr/SelfExSR-master/data/Set5/image_SRF_4/img_001_SRF_4_HR.png,/home/ubuntu/scratch/sr-diffusion/benchmarks/selfexsr/SelfExSR-master/data/Set5/image_SRF_4/img_001_SRF_4_LR.png,32.14637691029888,30.626532016881683
Set5,img_001,realesrgan,/home/ubuntu/scratch/sr-diffusion/benchmark_outputs/realesrgan/Set5/img_001/RealESRGAN_x4plus.png,/home/ubuntu/scratch/sr-diffusion/benchmarks/selfexsr/SelfExSR-master/data/Set5/image_SRF_4/img_001_SRF_4_HR.png,/home/ubuntu/scratch/sr-diffusion/benchmarks/selfexsr/SelfExSR-master/data/Set5/image_SRF_4/img_001_SRF_4_LR.png,25.879374926008055,24.371252672721987
Set5,img_002,bicubic,generated:matlab_bicubic_resize,/home/ubuntu/scratch/sr-diffusion/benchmarks/selfexsr/SelfExSR-master/data/Set5/image_SRF_4/img_002_SRF_4_HR.png,/home/ubuntu/scratch/sr-diffusion/benchmarks/selfexsr/SelfExSR-master/data/Set5/image_SRF_4/img_002_SRF_4_LR.png,30.187039204040854,28.21878365581817
Set5,img_002,stage2_guarded_off,/home/ubuntu/scratch/sr-diffusion/benchmark_outputs/stage2_guarded_detail_v2_tta_off/Set5/img_002/base.png,/home/ubuntu/scratch/sr-diffusion/benchmarks/selfexsr/SelfExSR-master/data/Set5/image_SRF_4/img_002_SRF_4_HR.png,/home/ubuntu/scratch/sr-diffusion/benchmarks/selfexsr/SelfExSR-master/data/Set5/image_SRF_4/img_002_SRF_4_LR.png,34.23292169777182,31.92846457368234
Set5,img_002,stage2_guarded_hflip,/home/ubuntu/scratch/sr-diffusion/benchmark_outputs/stage2_guarded_detail_v2_tta_hflip/Set5/img_002/base.png,/home/ubuntu/scratch/sr-diffusion/benchmarks/selfexsr/SelfExSR-master/data/Set5/image_SRF_4/img_002_SRF_4_HR.png,/home/ubuntu/scratch/sr-diffusion/benchmarks/selfexsr/SelfExSR-master/data/Set5/image_SRF_4/img_002_SRF_4_LR.png,34.45407728034445,32.159246756965
Set5,img_002,stage2_guarded_x8,/home/ubuntu/scratch/sr-diffusion/benchmark_outputs/stage2_guarded_detail_v2_tta_x8/Set5/img_002/base.png,/home/ubuntu/scratch/sr-diffusion/benchmarks/selfexsr/SelfExSR-master/data/Set5/image_SRF_4/img_002_SRF_4_HR.png,/home/ubuntu/scratch/sr-diffusion/benchmarks/selfexsr/SelfExSR-master/data/Set5/image_SRF_4/img_002_SRF_4_LR.png,34.58635240847867,32.30285736793657
Set5,img_002,detail_v2_masked,/home/ubuntu/scratch/sr-diffusion/benchmark_outputs/detail_v2_masked/Set5/img_002/detail.png,/home/ubuntu/scratch/sr-diffusion/benchmarks/selfexsr/SelfExSR-master/data/Set5/image_SRF_4/img_002_SRF_4_HR.png,/home/ubuntu/scratch/sr-diffusion/benchmarks/selfexsr/SelfExSR-master/data/Set5/image_SRF_4/img_002_SRF_4_LR.png,34.61253070666623,32.277478974324715
Set5,img_002,refiner_v2,/home/ubuntu/scratch/sr-diffusion/benchmark_outputs/refiner_v2/Set5/img_002/refined.png,/home/ubuntu/scratch/sr-diffusion/benchmarks/selfexsr/SelfExSR-master/data/Set5/image_SRF_4/img_002_SRF_4_HR.png,/home/ubuntu/scratch/sr-diffusion/benchmarks/selfexsr/SelfExSR-master/data/Set5/image_SRF_4/img_002_SRF_4_LR.png,33.158415622536644,30.961353700936446
Set5,img_002,realesrgan,/home/ubuntu/scratch/sr-diffusion/benchmark_outputs/realesrgan/Set5/img_002/RealESRGAN_x4plus.png,/home/ubuntu/scratch/sr-diffusion/benchmarks/selfexsr/SelfExSR-master/data/Set5/image_SRF_4/img_002_SRF_4_HR.png,/home/ubuntu/scratch/sr-diffusion/benchmarks/selfexsr/SelfExSR-master/data/Set5/image_SRF_4/img_002_SRF_4_LR.png,28.861947256322576,25.009577276932646
Set5,img_003,bicubic,generated:matlab_bicubic_resize,/home/ubuntu/scratch/sr-diffusion/benchmarks/selfexsr/SelfExSR-master/data/Set5/image_SRF_4/img_003_SRF_4_HR.png,/home/ubuntu/scratch/sr-diffusion/benchmarks/selfexsr/SelfExSR-master/data/Set5/image_SRF_4/img_003_SRF_4_LR.png,22.10101141896677,20.865133023716393
Set5,img_003,stage2_guarded_off,/home/ubuntu/scratch/sr-diffusion/benchmark_outputs/stage2_guarded_detail_v2_tta_off/Set5/img_003/base.png,/home/ubuntu/scratch/sr-diffusion/benchmarks/selfexsr/SelfExSR-master/data/Set5/image_SRF_4/img_003_SRF_4_HR.png,/home/ubuntu/scratch/sr-diffusion/benchmarks/selfexsr/SelfExSR-master/data/Set5/image_SRF_4/img_003_SRF_4_LR.png,27.753515972420185,26.310435454507694
Set5,img_003,stage2_guarded_hflip,/home/ubuntu/scratch/sr-diffusion/benchmark_outputs/stage2_guarded_detail_v2_tta_hflip/Set5/img_003/base.png,/home/ubuntu/scratch/sr-diffusion/benchmarks/selfexsr/SelfExSR-master/data/Set5/image_SRF_4/img_003_SRF_4_HR.png,/home/ubuntu/scratch/sr-diffusion/benchmarks/selfexsr/SelfExSR-master/data/Set5/image_SRF_4/img_003_SRF_4_LR.png,28.004544723869962,26.56609408889656
Set5,img_003,stage2_guarded_x8,/home/ubuntu/scratch/sr-diffusion/benchmark_outputs/stage2_guarded_detail_v2_tta_x8/Set5/img_003/base.png,/home/ubuntu/scratch/sr-diffusion/benchmarks/selfexsr/SelfExSR-master/data/Set5/image_SRF_4/img_003_SRF_4_HR.png,/home/ubuntu/scratch/sr-diffusion/benchmarks/selfexsr/SelfExSR-master/data/Set5/image_SRF_4/img_003_SRF_4_LR.png,28.05545900348701,26.64029248061957
Set5,img_003,detail_v2_masked,/home/ubuntu/scratch/sr-diffusion/benchmark_outputs/detail_v2_masked/Set5/img_003/detail.png,/home/ubuntu/scratch/sr-diffusion/benchmarks/selfexsr/SelfExSR-master/data/Set5/image_SRF_4/img_003_SRF_4_HR.png,/home/ubuntu/scratch/sr-diffusion/benchmarks/selfexsr/SelfExSR-master/data/Set5/image_SRF_4/img_003_SRF_4_LR.png,28.047300256448985,26.621914327735617
Set5,img_003,refiner_v2,/home/ubuntu/scratch/sr-diffusion/benchmark_outputs/refiner_v2/Set5/img_003/refined.png,/home/ubuntu/scratch/sr-diffusion/benchmarks/selfexsr/SelfExSR-master/data/Set5/image_SRF_4/img_003_SRF_4_HR.png,/home/ubuntu/scratch/sr-diffusion/benchmarks/selfexsr/SelfExSR-master/data/Set5/image_SRF_4/img_003_SRF_4_LR.png,20.566208827435926,17.948656503819898
Set5,img_003,realesrgan,/home/ubuntu/scratch/sr-diffusion/benchmark_outputs/realesrgan/Set5/img_003/RealESRGAN_x4plus.png,/home/ubuntu/scratch/sr-diffusion/benchmarks/selfexsr/SelfExSR-master/data/Set5/image_SRF_4/img_003_SRF_4_HR.png,/home/ubuntu/scratch/sr-diffusion/benchmarks/selfexsr/SelfExSR-master/data/Set5/image_SRF_4/img_003_SRF_4_LR.png,22.413242224242556,20.535061521689613
Set5,img_004,bicubic,generated:matlab_bicubic_resize,/home/ubuntu/scratch/sr-diffusion/benchmarks/selfexsr/SelfExSR-master/data/Set5/image_SRF_4/img_004_SRF_4_HR.png,/home/ubuntu/scratch/sr-diffusion/benchmarks/selfexsr/SelfExSR-master/data/Set5/image_SRF_4/img_004_SRF_4_LR.png,31.615044379089795,28.893878067925943
Set5,img_004,stage2_guarded_off,/home/ubuntu/scratch/sr-diffusion/benchmark_outputs/stage2_guarded_detail_v2_tta_off/Set5/img_004/base.png,/home/ubuntu/scratch/sr-diffusion/benchmarks/selfexsr/SelfExSR-master/data/Set5/image_SRF_4/img_004_SRF_4_HR.png,/home/ubuntu/scratch/sr-diffusion/benchmarks/selfexsr/SelfExSR-master/data/Set5/image_SRF_4/img_004_SRF_4_LR.png,32.601145658521354,29.63823558345254
Set5,img_004,stage2_guarded_hflip,/home/ubuntu/scratch/sr-diffusion/benchmark_outputs/stage2_guarded_detail_v2_tta_hflip/Set5/img_004/base.png,/home/ubuntu/scratch/sr-diffusion/benchmarks/selfexsr/SelfExSR-master/data/Set5/image_SRF_4/img_004_SRF_4_HR.png,/home/ubuntu/scratch/sr-diffusion/benchmarks/selfexsr/SelfExSR-master/data/Set5/image_SRF_4/img_004_SRF_4_LR.png,32.72057960007047,29.734477075568435
Set5,img_004,stage2_guarded_x8,/home/ubuntu/scratch/sr-diffusion/benchmark_outputs/stage2_guarded_detail_v2_tta_x8/Set5/img_004/base.png,/home/ubuntu/scratch/sr-diffusion/benchmarks/selfexsr/SelfExSR-master/data/Set5/image_SRF_4/img_004_SRF_4_HR.png,/home/ubuntu/scratch/sr-diffusion/benchmarks/selfexsr/SelfExSR-master/data/Set5/image_SRF_4/img_004_SRF_4_LR.png,32.79668206836813,29.800365614494115
Set5,img_004,detail_v2_masked,/home/ubuntu/scratch/sr-diffusion/benchmark_outputs/detail_v2_masked/Set5/img_004/detail.png,/home/ubuntu/scratch/sr-diffusion/benchmarks/selfexsr/SelfExSR-master/data/Set5/image_SRF_4/img_004_SRF_4_HR.png,/home/ubuntu/scratch/sr-diffusion/benchmarks/selfexsr/SelfExSR-master/data/Set5/image_SRF_4/img_004_SRF_4_LR.png,32.79424024690744,29.77858136958666
Set5,img_004,refiner_v2,/home/ubuntu/scratch/sr-diffusion/benchmark_outputs/refiner_v2/Set5/img_004/refined.png,/home/ubuntu/scratch/sr-diffusion/benchmarks/selfexsr/SelfExSR-master/data/Set5/image_SRF_4/img_004_SRF_4_HR.png,/home/ubuntu/scratch/sr-diffusion/benchmarks/selfexsr/SelfExSR-master/data/Set5/image_SRF_4/img_004_SRF_4_LR.png,31.674600964373223,28.89247152919978
Set5,img_004,realesrgan,/home/ubuntu/scratch/sr-diffusion/benchmark_outputs/realesrgan/Set5/img_004/RealESRGAN_x4plus.png,/home/ubuntu/scratch/sr-diffusion/benchmarks/selfexsr/SelfExSR-master/data/Set5/image_SRF_4/img_004_SRF_4_HR.png,/home/ubuntu/scratch/sr-diffusion/benchmarks/selfexsr/SelfExSR-master/data/Set5/image_SRF_4/img_004_SRF_4_LR.png,29.614878608020096,27.128568574788563
Set5,img_005,bicubic,generated:matlab_bicubic_resize,/home/ubuntu/scratch/sr-diffusion/benchmarks/selfexsr/SelfExSR-master/data/Set5/image_SRF_4/img_005_SRF_4_HR.png,/home/ubuntu/scratch/sr-diffusion/benchmarks/selfexsr/SelfExSR-master/data/Set5/image_SRF_4/img_005_SRF_4_LR.png,26.469228437508818,25.132357747489973
Set5,img_005,stage2_guarded_off,/home/ubuntu/scratch/sr-diffusion/benchmark_outputs/stage2_guarded_detail_v2_tta_off/Set5/img_005/base.png,/home/ubuntu/scratch/sr-diffusion/benchmarks/selfexsr/SelfExSR-master/data/Set5/image_SRF_4/img_005_SRF_4_HR.png,/home/ubuntu/scratch/sr-diffusion/benchmarks/selfexsr/SelfExSR-master/data/Set5/image_SRF_4/img_005_SRF_4_LR.png,30.388065800804547,28.876748019431876
Set5,img_005,stage2_guarded_hflip,/home/ubuntu/scratch/sr-diffusion/benchmark_outputs/stage2_guarded_detail_v2_tta_hflip/Set5/img_005/base.png,/home/ubuntu/scratch/sr-diffusion/benchmarks/selfexsr/SelfExSR-master/data/Set5/image_SRF_4/img_005_SRF_4_HR.png,/home/ubuntu/scratch/sr-diffusion/benchmarks/selfexsr/SelfExSR-master/data/Set5/image_SRF_4/img_005_SRF_4_LR.png,30.482449846510992,29.024076242349707
Set5,img_005,stage2_guarded_x8,/home/ubuntu/scratch/sr-diffusion/benchmark_outputs/stage2_guarded_detail_v2_tta_x8/Set5/img_005/base.png,/home/ubuntu/scratch/sr-diffusion/benchmarks/selfexsr/SelfExSR-master/data/Set5/image_SRF_4/img_005_SRF_4_HR.png,/home/ubuntu/scratch/sr-diffusion/benchmarks/selfexsr/SelfExSR-master/data/Set5/image_SRF_4/img_005_SRF_4_LR.png,30.51311009863452,29.06689340654995
Set5,img_005,detail_v2_masked,/home/ubuntu/scratch/sr-diffusion/benchmark_outputs/detail_v2_masked/Set5/img_005/detail.png,/home/ubuntu/scratch/sr-diffusion/benchmarks/selfexsr/SelfExSR-master/data/Set5/image_SRF_4/img_005_SRF_4_HR.png,/home/ubuntu/scratch/sr-diffusion/benchmarks/selfexsr/SelfExSR-master/data/Set5/image_SRF_4/img_005_SRF_4_LR.png,30.59461104353911,29.130603400037533
Set5,img_005,refiner_v2,/home/ubuntu/scratch/sr-diffusion/benchmark_outputs/refiner_v2/Set5/img_005/refined.png,/home/ubuntu/scratch/sr-diffusion/benchmarks/selfexsr/SelfExSR-master/data/Set5/image_SRF_4/img_005_SRF_4_HR.png,/home/ubuntu/scratch/sr-diffusion/benchmarks/selfexsr/SelfExSR-master/data/Set5/image_SRF_4/img_005_SRF_4_LR.png,23.402456257493384,21.504399127302847
Set5,img_005,realesrgan,/home/ubuntu/scratch/sr-diffusion/benchmark_outputs/realesrgan/Set5/img_005/RealESRGAN_x4plus.png,/home/ubuntu/scratch/sr-diffusion/benchmarks/selfexsr/SelfExSR-master/data/Set5/image_SRF_4/img_005_SRF_4_HR.png,/home/ubuntu/scratch/sr-diffusion/benchmarks/selfexsr/SelfExSR-master/data/Set5/image_SRF_4/img_005_SRF_4_LR.png,26.31050120100554,24.658054218533728
Set14,img_001,bicubic,generated:matlab_bicubic_resize,/home/ubuntu/scratch/sr-diffusion/benchmarks/selfexsr/SelfExSR-master/data/Set14/image_SRF_4/img_001_SRF_4_HR.png,/home/ubuntu/scratch/sr-diffusion/benchmarks/selfexsr/SelfExSR-master/data/Set14/image_SRF_4/img_001_SRF_4_LR.png,22.438539562079363,20.426101423819
Set14,img_001,stage2_guarded_off,/home/ubuntu/scratch/sr-diffusion/benchmark_outputs/stage2_guarded_detail_v2_tta_off/Set14/img_001/base.png,/home/ubuntu/scratch/sr-diffusion/benchmarks/selfexsr/SelfExSR-master/data/Set14/image_SRF_4/img_001_SRF_4_HR.png,/home/ubuntu/scratch/sr-diffusion/benchmarks/selfexsr/SelfExSR-master/data/Set14/image_SRF_4/img_001_SRF_4_LR.png,22.783538286047758,20.763447760709486
Set14,img_001,stage2_guarded_hflip,/home/ubuntu/scratch/sr-diffusion/benchmark_outputs/stage2_guarded_detail_v2_tta_hflip/Set14/img_001/base.png,/home/ubuntu/scratch/sr-diffusion/benchmarks/selfexsr/SelfExSR-master/data/Set14/image_SRF_4/img_001_SRF_4_HR.png,/home/ubuntu/scratch/sr-diffusion/benchmarks/selfexsr/SelfExSR-master/data/Set14/image_SRF_4/img_001_SRF_4_LR.png,22.80257710393783,20.778046446440026
Set14,img_001,stage2_guarded_x8,/home/ubuntu/scratch/sr-diffusion/benchmark_outputs/stage2_guarded_detail_v2_tta_x8/Set14/img_001/base.png,/home/ubuntu/scratch/sr-diffusion/benchmarks/selfexsr/SelfExSR-master/data/Set14/image_SRF_4/img_001_SRF_4_HR.png,/home/ubuntu/scratch/sr-diffusion/benchmarks/selfexsr/SelfExSR-master/data/Set14/image_SRF_4/img_001_SRF_4_LR.png,22.8257205187988,20.798846571059425
Set14,img_001,detail_v2_masked,/home/ubuntu/scratch/sr-diffusion/benchmark_outputs/detail_v2_masked/Set14/img_001/detail.png,/home/ubuntu/scratch/sr-diffusion/benchmarks/selfexsr/SelfExSR-master/data/Set14/image_SRF_4/img_001_SRF_4_HR.png,/home/ubuntu/scratch/sr-diffusion/benchmarks/selfexsr/SelfExSR-master/data/Set14/image_SRF_4/img_001_SRF_4_LR.png,22.876333558127058,20.864117165004266
Set14,img_001,refiner_v2,/home/ubuntu/scratch/sr-diffusion/benchmark_outputs/refiner_v2/Set14/img_001/refined.png,/home/ubuntu/scratch/sr-diffusion/benchmarks/selfexsr/SelfExSR-master/data/Set14/image_SRF_4/img_001_SRF_4_HR.png,/home/ubuntu/scratch/sr-diffusion/benchmarks/selfexsr/SelfExSR-master/data/Set14/image_SRF_4/img_001_SRF_4_LR.png,22.802745047400705,20.772367589098533
Set14,img_001,realesrgan,/home/ubuntu/scratch/sr-diffusion/benchmark_outputs/realesrgan/Set14/img_001/RealESRGAN_x4plus.png,/home/ubuntu/scratch/sr-diffusion/benchmarks/selfexsr/SelfExSR-master/data/Set14/image_SRF_4/img_001_SRF_4_HR.png,/home/ubuntu/scratch/sr-diffusion/benchmarks/selfexsr/SelfExSR-master/data/Set14/image_SRF_4/img_001_SRF_4_LR.png,21.077005659553517,18.98557154348037
Set14,img_002,bicubic,generated:matlab_bicubic_resize,/home/ubuntu/scratch/sr-diffusion/benchmarks/selfexsr/SelfExSR-master/data/Set14/image_SRF_4/img_002_SRF_4_HR.png,/home/ubuntu/scratch/sr-diffusion/benchmarks/selfexsr/SelfExSR-master/data/Set14/image_SRF_4/img_002_SRF_4_LR.png,25.148765403428214,23.622110738449962
Set14,img_002,stage2_guarded_off,/home/ubuntu/scratch/sr-diffusion/benchmark_outputs/stage2_guarded_detail_v2_tta_off/Set14/img_002/base.png,/home/ubuntu/scratch/sr-diffusion/benchmarks/selfexsr/SelfExSR-master/data/Set14/image_SRF_4/img_002_SRF_4_HR.png,/home/ubuntu/scratch/sr-diffusion/benchmarks/selfexsr/SelfExSR-master/data/Set14/image_SRF_4/img_002_SRF_4_LR.png,25.24054559653375,23.715131115764734
Set14,img_002,stage2_guarded_hflip,/home/ubuntu/scratch/sr-diffusion/benchmark_outputs/stage2_guarded_detail_v2_tta_hflip/Set14/img_002/base.png,/home/ubuntu/scratch/sr-diffusion/benchmarks/selfexsr/SelfExSR-master/data/Set14/image_SRF_4/img_002_SRF_4_HR.png,/home/ubuntu/scratch/sr-diffusion/benchmarks/selfexsr/SelfExSR-master/data/Set14/image_SRF_4/img_002_SRF_4_LR.png,25.252420470409838,23.715437224087992
Set14,img_002,stage2_guarded_x8,/home/ubuntu/scratch/sr-diffusion/benchmark_outputs/stage2_guarded_detail_v2_tta_x8/Set14/img_002/base.png,/home/ubuntu/scratch/sr-diffusion/benchmarks/selfexsr/SelfExSR-master/data/Set14/image_SRF_4/img_002_SRF_4_HR.png,/home/ubuntu/scratch/sr-diffusion/benchmarks/selfexsr/SelfExSR-master/data/Set14/image_SRF_4/img_002_SRF_4_LR.png,25.365521541542627,23.83899925316635
Set14,img_002,detail_v2_masked,/home/ubuntu/scratch/sr-diffusion/benchmark_outputs/detail_v2_masked/Set14/img_002/detail.png,/home/ubuntu/scratch/sr-diffusion/benchmarks/selfexsr/SelfExSR-master/data/Set14/image_SRF_4/img_002_SRF_4_HR.png,/home/ubuntu/scratch/sr-diffusion/benchmarks/selfexsr/SelfExSR-master/data/Set14/image_SRF_4/img_002_SRF_4_LR.png,25.296957395824972,23.7814257106491
Set14,img_002,refiner_v2,/home/ubuntu/scratch/sr-diffusion/benchmark_outputs/refiner_v2/Set14/img_002/refined.png,/home/ubuntu/scratch/sr-diffusion/benchmarks/selfexsr/SelfExSR-master/data/Set14/image_SRF_4/img_002_SRF_4_HR.png,/home/ubuntu/scratch/sr-diffusion/benchmarks/selfexsr/SelfExSR-master/data/Set14/image_SRF_4/img_002_SRF_4_LR.png,25.199144198642642,23.670413920727846
Set14,img_002,realesrgan,/home/ubuntu/scratch/sr-diffusion/benchmark_outputs/realesrgan/Set14/img_002/RealESRGAN_x4plus.png,/home/ubuntu/scratch/sr-diffusion/benchmarks/selfexsr/SelfExSR-master/data/Set14/image_SRF_4/img_002_SRF_4_HR.png,/home/ubuntu/scratch/sr-diffusion/benchmarks/selfexsr/SelfExSR-master/data/Set14/image_SRF_4/img_002_SRF_4_LR.png,23.720946384940294,21.96912137449442
Set14,img_003,bicubic,generated:matlab_bicubic_resize,/home/ubuntu/scratch/sr-diffusion/benchmarks/selfexsr/SelfExSR-master/data/Set14/image_SRF_4/img_003_SRF_4_HR.png,/home/ubuntu/scratch/sr-diffusion/benchmarks/selfexsr/SelfExSR-master/data/Set14/image_SRF_4/img_003_SRF_4_LR.png,24.467984282080238,23.146062970203506
Set14,img_003,stage2_guarded_off,/home/ubuntu/scratch/sr-diffusion/benchmark_outputs/stage2_guarded_detail_v2_tta_off/Set14/img_003/base.png,/home/ubuntu/scratch/sr-diffusion/benchmarks/selfexsr/SelfExSR-master/data/Set14/image_SRF_4/img_003_SRF_4_HR.png,/home/ubuntu/scratch/sr-diffusion/benchmarks/selfexsr/SelfExSR-master/data/Set14/image_SRF_4/img_003_SRF_4_LR.png,25.341951037011587,24.015803292193443
Set14,img_003,stage2_guarded_hflip,/home/ubuntu/scratch/sr-diffusion/benchmark_outputs/stage2_guarded_detail_v2_tta_hflip/Set14/img_003/base.png,/home/ubuntu/scratch/sr-diffusion/benchmarks/selfexsr/SelfExSR-master/data/Set14/image_SRF_4/img_003_SRF_4_HR.png,/home/ubuntu/scratch/sr-diffusion/benchmarks/selfexsr/SelfExSR-master/data/Set14/image_SRF_4/img_003_SRF_4_LR.png,25.38622098540761,24.060129970526702
Set14,img_003,stage2_guarded_x8,/home/ubuntu/scratch/sr-diffusion/benchmark_outputs/stage2_guarded_detail_v2_tta_x8/Set14/img_003/base.png,/home/ubuntu/scratch/sr-diffusion/benchmarks/selfexsr/SelfExSR-master/data/Set14/image_SRF_4/img_003_SRF_4_HR.png,/home/ubuntu/scratch/sr-diffusion/benchmarks/selfexsr/SelfExSR-master/data/Set14/image_SRF_4/img_003_SRF_4_LR.png,25.412816136167145,24.08851174646735
Set14,img_003,detail_v2_masked,/home/ubuntu/scratch/sr-diffusion/benchmark_outputs/detail_v2_masked/Set14/img_003/detail.png,/home/ubuntu/scratch/sr-diffusion/benchmarks/selfexsr/SelfExSR-master/data/Set14/image_SRF_4/img_003_SRF_4_HR.png,/home/ubuntu/scratch/sr-diffusion/benchmarks/selfexsr/SelfExSR-master/data/Set14/image_SRF_4/img_003_SRF_4_LR.png,25.46665357549876,24.141495533133043
Set14,img_003,refiner_v2,/home/ubuntu/scratch/sr-diffusion/benchmark_outputs/refiner_v2/Set14/img_003/refined.png,/home/ubuntu/scratch/sr-diffusion/benchmarks/selfexsr/SelfExSR-master/data/Set14/image_SRF_4/img_003_SRF_4_HR.png,/home/ubuntu/scratch/sr-diffusion/benchmarks/selfexsr/SelfExSR-master/data/Set14/image_SRF_4/img_003_SRF_4_LR.png,25.235602944773497,23.905614822761656
Set14,img_003,realesrgan,/home/ubuntu/scratch/sr-diffusion/benchmark_outputs/realesrgan/Set14/img_003/RealESRGAN_x4plus.png,/home/ubuntu/scratch/sr-diffusion/benchmarks/selfexsr/SelfExSR-master/data/Set14/image_SRF_4/img_003_SRF_4_HR.png,/home/ubuntu/scratch/sr-diffusion/benchmarks/selfexsr/SelfExSR-master/data/Set14/image_SRF_4/img_003_SRF_4_LR.png,23.21293002981004,21.890235588689976
Set14,img_004,bicubic,generated:matlab_bicubic_resize,/home/ubuntu/scratch/sr-diffusion/benchmarks/selfexsr/SelfExSR-master/data/Set14/image_SRF_4/img_004_SRF_4_HR.png,/home/ubuntu/scratch/sr-diffusion/benchmarks/selfexsr/SelfExSR-master/data/Set14/image_SRF_4/img_004_SRF_4_LR.png,25.47568074536597,24.148822449279955
Set14,img_004,stage2_guarded_off,/home/ubuntu/scratch/sr-diffusion/benchmark_outputs/stage2_guarded_detail_v2_tta_off/Set14/img_004/base.png,/home/ubuntu/scratch/sr-diffusion/benchmarks/selfexsr/SelfExSR-master/data/Set14/image_SRF_4/img_004_SRF_4_HR.png,/home/ubuntu/scratch/sr-diffusion/benchmarks/selfexsr/SelfExSR-master/data/Set14/image_SRF_4/img_004_SRF_4_LR.png,26.33511483923446,24.99791616878551
Set14,img_004,stage2_guarded_hflip,/home/ubuntu/scratch/sr-diffusion/benchmark_outputs/stage2_guarded_detail_v2_tta_hflip/Set14/img_004/base.png,/home/ubuntu/scratch/sr-diffusion/benchmarks/selfexsr/SelfExSR-master/data/Set14/image_SRF_4/img_004_SRF_4_HR.png,/home/ubuntu/scratch/sr-diffusion/benchmarks/selfexsr/SelfExSR-master/data/Set14/image_SRF_4/img_004_SRF_4_LR.png,26.34837608352192,25.01104727310279
Set14,img_004,stage2_guarded_x8,/home/ubuntu/scratch/sr-diffusion/benchmark_outputs/stage2_guarded_detail_v2_tta_x8/Set14/img_004/base.png,/home/ubuntu/scratch/sr-diffusion/benchmarks/selfexsr/SelfExSR-master/data/Set14/image_SRF_4/img_004_SRF_4_HR.png,/home/ubuntu/scratch/sr-diffusion/benchmarks/selfexsr/SelfExSR-master/data/Set14/image_SRF_4/img_004_SRF_4_LR.png,26.267033565188637,24.93631179038975
Set14,img_004,detail_v2_masked,/home/ubuntu/scratch/sr-diffusion/benchmark_outputs/detail_v2_masked/Set14/img_004/detail.png,/home/ubuntu/scratch/sr-diffusion/benchmarks/selfexsr/SelfExSR-master/data/Set14/image_SRF_4/img_004_SRF_4_HR.png,/home/ubuntu/scratch/sr-diffusion/benchmarks/selfexsr/SelfExSR-master/data/Set14/image_SRF_4/img_004_SRF_4_LR.png,26.38169943331986,25.044671464098982
Set14,img_004,refiner_v2,/home/ubuntu/scratch/sr-diffusion/benchmark_outputs/refiner_v2/Set14/img_004/refined.png,/home/ubuntu/scratch/sr-diffusion/benchmarks/selfexsr/SelfExSR-master/data/Set14/image_SRF_4/img_004_SRF_4_HR.png,/home/ubuntu/scratch/sr-diffusion/benchmarks/selfexsr/SelfExSR-master/data/Set14/image_SRF_4/img_004_SRF_4_LR.png,26.004759310882815,24.66012858069579
Set14,img_004,realesrgan,/home/ubuntu/scratch/sr-diffusion/benchmark_outputs/realesrgan/Set14/img_004/RealESRGAN_x4plus.png,/home/ubuntu/scratch/sr-diffusion/benchmarks/selfexsr/SelfExSR-master/data/Set14/image_SRF_4/img_004_SRF_4_HR.png,/home/ubuntu/scratch/sr-diffusion/benchmarks/selfexsr/SelfExSR-master/data/Set14/image_SRF_4/img_004_SRF_4_LR.png,24.75801043222691,23.378652150546024
Set14,img_005,bicubic,generated:matlab_bicubic_resize,/home/ubuntu/scratch/sr-diffusion/benchmarks/selfexsr/SelfExSR-master/data/Set14/image_SRF_4/img_005_SRF_4_HR.png,/home/ubuntu/scratch/sr-diffusion/benchmarks/selfexsr/SelfExSR-master/data/Set14/image_SRF_4/img_005_SRF_4_LR.png,21.691584246329803,20.206558848287948
Set14,img_005,stage2_guarded_off,/home/ubuntu/scratch/sr-diffusion/benchmark_outputs/stage2_guarded_detail_v2_tta_off/Set14/img_005/base.png,/home/ubuntu/scratch/sr-diffusion/benchmarks/selfexsr/SelfExSR-master/data/Set14/image_SRF_4/img_005_SRF_4_HR.png,/home/ubuntu/scratch/sr-diffusion/benchmarks/selfexsr/SelfExSR-master/data/Set14/image_SRF_4/img_005_SRF_4_LR.png,23.256353046957116,21.738677564460993
Set14,img_005,stage2_guarded_hflip,/home/ubuntu/scratch/sr-diffusion/benchmark_outputs/stage2_guarded_detail_v2_tta_hflip/Set14/img_005/base.png,/home/ubuntu/scratch/sr-diffusion/benchmarks/selfexsr/SelfExSR-master/data/Set14/image_SRF_4/img_005_SRF_4_HR.png,/home/ubuntu/scratch/sr-diffusion/benchmarks/selfexsr/SelfExSR-master/data/Set14/image_SRF_4/img_005_SRF_4_LR.png,23.29410485254755,21.777569404979992
Set14,img_005,stage2_guarded_x8,/home/ubuntu/scratch/sr-diffusion/benchmark_outputs/stage2_guarded_detail_v2_tta_x8/Set14/img_005/base.png,/home/ubuntu/scratch/sr-diffusion/benchmarks/selfexsr/SelfExSR-master/data/Set14/image_SRF_4/img_005_SRF_4_HR.png,/home/ubuntu/scratch/sr-diffusion/benchmarks/selfexsr/SelfExSR-master/data/Set14/image_SRF_4/img_005_SRF_4_LR.png,23.341202215432915,21.826407797530578
Set14,img_005,detail_v2_masked,/home/ubuntu/scratch/sr-diffusion/benchmark_outputs/detail_v2_masked/Set14/img_005/detail.png,/home/ubuntu/scratch/sr-diffusion/benchmarks/selfexsr/SelfExSR-master/data/Set14/image_SRF_4/img_005_SRF_4_HR.png,/home/ubuntu/scratch/sr-diffusion/benchmarks/selfexsr/SelfExSR-master/data/Set14/image_SRF_4/img_005_SRF_4_LR.png,23.522988828558447,22.009633717641055
Set14,img_005,refiner_v2,/home/ubuntu/scratch/sr-diffusion/benchmark_outputs/refiner_v2/Set14/img_005/refined.png,/home/ubuntu/scratch/sr-diffusion/benchmarks/selfexsr/SelfExSR-master/data/Set14/image_SRF_4/img_005_SRF_4_HR.png,/home/ubuntu/scratch/sr-diffusion/benchmarks/selfexsr/SelfExSR-master/data/Set14/image_SRF_4/img_005_SRF_4_LR.png,23.015701961796672,21.512126383230978
Set14,img_005,realesrgan,/home/ubuntu/scratch/sr-diffusion/benchmark_outputs/realesrgan/Set14/img_005/RealESRGAN_x4plus.png,/home/ubuntu/scratch/sr-diffusion/benchmarks/selfexsr/SelfExSR-master/data/Set14/image_SRF_4/img_005_SRF_4_HR.png,/home/ubuntu/scratch/sr-diffusion/benchmarks/selfexsr/SelfExSR-master/data/Set14/image_SRF_4/img_005_SRF_4_LR.png,20.93438775455398,19.080229431769403
Set14,img_006,bicubic,generated:matlab_bicubic_resize,/home/ubuntu/scratch/sr-diffusion/benchmarks/selfexsr/SelfExSR-master/data/Set14/image_SRF_4/img_006_SRF_4_HR.png,/home/ubuntu/scratch/sr-diffusion/benchmarks/selfexsr/SelfExSR-master/data/Set14/image_SRF_4/img_006_SRF_4_LR.png,31.579034313181214,28.855726524648496
Set14,img_006,stage2_guarded_off,/home/ubuntu/scratch/sr-diffusion/benchmark_outputs/stage2_guarded_detail_v2_tta_off/Set14/img_006/base.png,/home/ubuntu/scratch/sr-diffusion/benchmarks/selfexsr/SelfExSR-master/data/Set14/image_SRF_4/img_006_SRF_4_HR.png,/home/ubuntu/scratch/sr-diffusion/benchmarks/selfexsr/SelfExSR-master/data/Set14/image_SRF_4/img_006_SRF_4_LR.png,32.69694437012625,29.6943750656293
Set14,img_006,stage2_guarded_hflip,/home/ubuntu/scratch/sr-diffusion/benchmark_outputs/stage2_guarded_detail_v2_tta_hflip/Set14/img_006/base.png,/home/ubuntu/scratch/sr-diffusion/benchmarks/selfexsr/SelfExSR-master/data/Set14/image_SRF_4/img_006_SRF_4_HR.png,/home/ubuntu/scratch/sr-diffusion/benchmarks/selfexsr/SelfExSR-master/data/Set14/image_SRF_4/img_006_SRF_4_LR.png,32.754759890118294,29.750322691295004
Set14,img_006,stage2_guarded_x8,/home/ubuntu/scratch/sr-diffusion/benchmark_outputs/stage2_guarded_detail_v2_tta_x8/Set14/img_006/base.png,/home/ubuntu/scratch/sr-diffusion/benchmarks/selfexsr/SelfExSR-master/data/Set14/image_SRF_4/img_006_SRF_4_HR.png,/home/ubuntu/scratch/sr-diffusion/benchmarks/selfexsr/SelfExSR-master/data/Set14/image_SRF_4/img_006_SRF_4_LR.png,32.7968920554421,29.790351779589432
Set14,img_006,detail_v2_masked,/home/ubuntu/scratch/sr-diffusion/benchmark_outputs/detail_v2_masked/Set14/img_006/detail.png,/home/ubuntu/scratch/sr-diffusion/benchmarks/selfexsr/SelfExSR-master/data/Set14/image_SRF_4/img_006_SRF_4_HR.png,/home/ubuntu/scratch/sr-diffusion/benchmarks/selfexsr/SelfExSR-master/data/Set14/image_SRF_4/img_006_SRF_4_LR.png,32.780309515902466,29.755314034168208
Set14,img_006,refiner_v2,/home/ubuntu/scratch/sr-diffusion/benchmark_outputs/refiner_v2/Set14/img_006/refined.png,/home/ubuntu/scratch/sr-diffusion/benchmarks/selfexsr/SelfExSR-master/data/Set14/image_SRF_4/img_006_SRF_4_HR.png,/home/ubuntu/scratch/sr-diffusion/benchmarks/selfexsr/SelfExSR-master/data/Set14/image_SRF_4/img_006_SRF_4_LR.png,31.783389282689377,28.950969489998673
Set14,img_006,realesrgan,/home/ubuntu/scratch/sr-diffusion/benchmark_outputs/realesrgan/Set14/img_006/RealESRGAN_x4plus.png,/home/ubuntu/scratch/sr-diffusion/benchmarks/selfexsr/SelfExSR-master/data/Set14/image_SRF_4/img_006_SRF_4_HR.png,/home/ubuntu/scratch/sr-diffusion/benchmarks/selfexsr/SelfExSR-master/data/Set14/image_SRF_4/img_006_SRF_4_LR.png,29.530701354026032,27.05801789223171
Set14,img_007,bicubic,generated:matlab_bicubic_resize,/home/ubuntu/scratch/sr-diffusion/benchmarks/selfexsr/SelfExSR-master/data/Set14/image_SRF_4/img_007_SRF_4_HR.png,/home/ubuntu/scratch/sr-diffusion/benchmarks/selfexsr/SelfExSR-master/data/Set14/image_SRF_4/img_007_SRF_4_LR.png,25.522553042397767,23.71370526905103
Set14,img_007,stage2_guarded_off,/home/ubuntu/scratch/sr-diffusion/benchmark_outputs/stage2_guarded_detail_v2_tta_off/Set14/img_007/base.png,/home/ubuntu/scratch/sr-diffusion/benchmarks/selfexsr/SelfExSR-master/data/Set14/image_SRF_4/img_007_SRF_4_HR.png,/home/ubuntu/scratch/sr-diffusion/benchmarks/selfexsr/SelfExSR-master/data/Set14/image_SRF_4/img_007_SRF_4_LR.png,27.809049883354877,25.805151980907176
Set14,img_007,stage2_guarded_hflip,/home/ubuntu/scratch/sr-diffusion/benchmark_outputs/stage2_guarded_detail_v2_tta_hflip/Set14/img_007/base.png,/home/ubuntu/scratch/sr-diffusion/benchmarks/selfexsr/SelfExSR-master/data/Set14/image_SRF_4/img_007_SRF_4_HR.png,/home/ubuntu/scratch/sr-diffusion/benchmarks/selfexsr/SelfExSR-master/data/Set14/image_SRF_4/img_007_SRF_4_LR.png,27.892589090284076,25.887167766576006
Set14,img_007,stage2_guarded_x8,/home/ubuntu/scratch/sr-diffusion/benchmark_outputs/stage2_guarded_detail_v2_tta_x8/Set14/img_007/base.png,/home/ubuntu/scratch/sr-diffusion/benchmarks/selfexsr/SelfExSR-master/data/Set14/image_SRF_4/img_007_SRF_4_HR.png,/home/ubuntu/scratch/sr-diffusion/benchmarks/selfexsr/SelfExSR-master/data/Set14/image_SRF_4/img_007_SRF_4_LR.png,27.96585415164527,25.95674355030471
Set14,img_007,detail_v2_masked,/home/ubuntu/scratch/sr-diffusion/benchmark_outputs/detail_v2_masked/Set14/img_007/detail.png,/home/ubuntu/scratch/sr-diffusion/benchmarks/selfexsr/SelfExSR-master/data/Set14/image_SRF_4/img_007_SRF_4_HR.png,/home/ubuntu/scratch/sr-diffusion/benchmarks/selfexsr/SelfExSR-master/data/Set14/image_SRF_4/img_007_SRF_4_LR.png,28.17106564757573,26.16250776318736
Set14,img_007,refiner_v2,/home/ubuntu/scratch/sr-diffusion/benchmark_outputs/refiner_v2/Set14/img_007/refined.png,/home/ubuntu/scratch/sr-diffusion/benchmarks/selfexsr/SelfExSR-master/data/Set14/image_SRF_4/img_007_SRF_4_HR.png,/home/ubuntu/scratch/sr-diffusion/benchmarks/selfexsr/SelfExSR-master/data/Set14/image_SRF_4/img_007_SRF_4_LR.png,27.537567956238902,25.55604481765314
Set14,img_007,realesrgan,/home/ubuntu/scratch/sr-diffusion/benchmark_outputs/realesrgan/Set14/img_007/RealESRGAN_x4plus.png,/home/ubuntu/scratch/sr-diffusion/benchmarks/selfexsr/SelfExSR-master/data/Set14/image_SRF_4/img_007_SRF_4_HR.png,/home/ubuntu/scratch/sr-diffusion/benchmarks/selfexsr/SelfExSR-master/data/Set14/image_SRF_4/img_007_SRF_4_LR.png,25.839459099138793,23.2361443651249
Set14,img_008,bicubic,generated:matlab_bicubic_resize,/home/ubuntu/scratch/sr-diffusion/benchmarks/selfexsr/SelfExSR-master/data/Set14/image_SRF_4/img_008_SRF_4_HR.png,/home/ubuntu/scratch/sr-diffusion/benchmarks/selfexsr/SelfExSR-master/data/Set14/image_SRF_4/img_008_SRF_4_LR.png,29.399180980865744,27.942815764750627
Set14,img_008,stage2_guarded_off,/home/ubuntu/scratch/sr-diffusion/benchmark_outputs/stage2_guarded_detail_v2_tta_off/Set14/img_008/base.png,/home/ubuntu/scratch/sr-diffusion/benchmarks/selfexsr/SelfExSR-master/data/Set14/image_SRF_4/img_008_SRF_4_HR.png,/home/ubuntu/scratch/sr-diffusion/benchmarks/selfexsr/SelfExSR-master/data/Set14/image_SRF_4/img_008_SRF_4_LR.png,33.171874998986574,31.526569377715994
Set14,img_008,stage2_guarded_hflip,/home/ubuntu/scratch/sr-diffusion/benchmark_outputs/stage2_guarded_detail_v2_tta_hflip/Set14/img_008/base.png,/home/ubuntu/scratch/sr-diffusion/benchmarks/selfexsr/SelfExSR-master/data/Set14/image_SRF_4/img_008_SRF_4_HR.png,/home/ubuntu/scratch/sr-diffusion/benchmarks/selfexsr/SelfExSR-master/data/Set14/image_SRF_4/img_008_SRF_4_LR.png,33.348707980644754,31.719687583943085
Set14,img_008,stage2_guarded_x8,/home/ubuntu/scratch/sr-diffusion/benchmark_outputs/stage2_guarded_detail_v2_tta_x8/Set14/img_008/base.png,/home/ubuntu/scratch/sr-diffusion/benchmarks/selfexsr/SelfExSR-master/data/Set14/image_SRF_4/img_008_SRF_4_HR.png,/home/ubuntu/scratch/sr-diffusion/benchmarks/selfexsr/SelfExSR-master/data/Set14/image_SRF_4/img_008_SRF_4_LR.png,33.428535989509086,31.784519146564413
Set14,img_008,detail_v2_masked,/home/ubuntu/scratch/sr-diffusion/benchmark_outputs/detail_v2_masked/Set14/img_008/detail.png,/home/ubuntu/scratch/sr-diffusion/benchmarks/selfexsr/SelfExSR-master/data/Set14/image_SRF_4/img_008_SRF_4_HR.png,/home/ubuntu/scratch/sr-diffusion/benchmarks/selfexsr/SelfExSR-master/data/Set14/image_SRF_4/img_008_SRF_4_LR.png,33.181126753857924,31.575919313226155
Set14,img_008,refiner_v2,/home/ubuntu/scratch/sr-diffusion/benchmark_outputs/refiner_v2/Set14/img_008/refined.png,/home/ubuntu/scratch/sr-diffusion/benchmarks/selfexsr/SelfExSR-master/data/Set14/image_SRF_4/img_008_SRF_4_HR.png,/home/ubuntu/scratch/sr-diffusion/benchmarks/selfexsr/SelfExSR-master/data/Set14/image_SRF_4/img_008_SRF_4_LR.png,28.30947483739186,26.714811530491247
Set14,img_008,realesrgan,/home/ubuntu/scratch/sr-diffusion/benchmark_outputs/realesrgan/Set14/img_008/RealESRGAN_x4plus.png,/home/ubuntu/scratch/sr-diffusion/benchmarks/selfexsr/SelfExSR-master/data/Set14/image_SRF_4/img_008_SRF_4_HR.png,/home/ubuntu/scratch/sr-diffusion/benchmarks/selfexsr/SelfExSR-master/data/Set14/image_SRF_4/img_008_SRF_4_LR.png,26.509585481220693,24.80177749310338
Set14,img_009,bicubic,generated:matlab_bicubic_resize,/home/ubuntu/scratch/sr-diffusion/benchmarks/selfexsr/SelfExSR-master/data/Set14/image_SRF_4/img_009_SRF_4_HR.png,/home/ubuntu/scratch/sr-diffusion/benchmarks/selfexsr/SelfExSR-master/data/Set14/image_SRF_4/img_009_SRF_4_LR.png,29.83956362715532,28.285882235641875
Set14,img_009,stage2_guarded_off,/home/ubuntu/scratch/sr-diffusion/benchmark_outputs/stage2_guarded_detail_v2_tta_off/Set14/img_009/base.png,/home/ubuntu/scratch/sr-diffusion/benchmarks/selfexsr/SelfExSR-master/data/Set14/image_SRF_4/img_009_SRF_4_HR.png,/home/ubuntu/scratch/sr-diffusion/benchmarks/selfexsr/SelfExSR-master/data/Set14/image_SRF_4/img_009_SRF_4_LR.png,31.961731271066682,29.85944001988589
Set14,img_009,stage2_guarded_hflip,/home/ubuntu/scratch/sr-diffusion/benchmark_outputs/stage2_guarded_detail_v2_tta_hflip/Set14/img_009/base.png,/home/ubuntu/scratch/sr-diffusion/benchmarks/selfexsr/SelfExSR-master/data/Set14/image_SRF_4/img_009_SRF_4_HR.png,/home/ubuntu/scratch/sr-diffusion/benchmarks/selfexsr/SelfExSR-master/data/Set14/image_SRF_4/img_009_SRF_4_LR.png,31.69168754450432,29.591669493794782
Set14,img_009,stage2_guarded_x8,/home/ubuntu/scratch/sr-diffusion/benchmark_outputs/stage2_guarded_detail_v2_tta_x8/Set14/img_009/base.png,/home/ubuntu/scratch/sr-diffusion/benchmarks/selfexsr/SelfExSR-master/data/Set14/image_SRF_4/img_009_SRF_4_HR.png,/home/ubuntu/scratch/sr-diffusion/benchmarks/selfexsr/SelfExSR-master/data/Set14/image_SRF_4/img_009_SRF_4_LR.png,31.71963493571903,29.637416246480086
Set14,img_009,detail_v2_masked,/home/ubuntu/scratch/sr-diffusion/benchmark_outputs/detail_v2_masked/Set14/img_009/detail.png,/home/ubuntu/scratch/sr-diffusion/benchmarks/selfexsr/SelfExSR-master/data/Set14/image_SRF_4/img_009_SRF_4_HR.png,/home/ubuntu/scratch/sr-diffusion/benchmarks/selfexsr/SelfExSR-master/data/Set14/image_SRF_4/img_009_SRF_4_LR.png,32.25764034746468,30.168268475169352
Set14,img_009,refiner_v2,/home/ubuntu/scratch/sr-diffusion/benchmark_outputs/refiner_v2/Set14/img_009/refined.png,/home/ubuntu/scratch/sr-diffusion/benchmarks/selfexsr/SelfExSR-master/data/Set14/image_SRF_4/img_009_SRF_4_HR.png,/home/ubuntu/scratch/sr-diffusion/benchmarks/selfexsr/SelfExSR-master/data/Set14/image_SRF_4/img_009_SRF_4_LR.png,31.553823360376082,29.280221967279786
Set14,img_009,realesrgan,/home/ubuntu/scratch/sr-diffusion/benchmark_outputs/realesrgan/Set14/img_009/RealESRGAN_x4plus.png,/home/ubuntu/scratch/sr-diffusion/benchmarks/selfexsr/SelfExSR-master/data/Set14/image_SRF_4/img_009_SRF_4_HR.png,/home/ubuntu/scratch/sr-diffusion/benchmarks/selfexsr/SelfExSR-master/data/Set14/image_SRF_4/img_009_SRF_4_LR.png,29.81487162301727,27.556221451391508
Set14,img_010,bicubic,generated:matlab_bicubic_resize,/home/ubuntu/scratch/sr-diffusion/benchmarks/selfexsr/SelfExSR-master/data/Set14/image_SRF_4/img_010_SRF_4_HR.png,/home/ubuntu/scratch/sr-diffusion/benchmarks/selfexsr/SelfExSR-master/data/Set14/image_SRF_4/img_010_SRF_4_LR.png,25.69774964383376,24.375828331957024
Set14,img_010,stage2_guarded_off,/home/ubuntu/scratch/sr-diffusion/benchmark_outputs/stage2_guarded_detail_v2_tta_off/Set14/img_010/base.png,/home/ubuntu/scratch/sr-diffusion/benchmarks/selfexsr/SelfExSR-master/data/Set14/image_SRF_4/img_010_SRF_4_HR.png,/home/ubuntu/scratch/sr-diffusion/benchmarks/selfexsr/SelfExSR-master/data/Set14/image_SRF_4/img_010_SRF_4_LR.png,27.275904906496855,25.950323498374065
Set14,img_010,stage2_guarded_hflip,/home/ubuntu/scratch/sr-diffusion/benchmark_outputs/stage2_guarded_detail_v2_tta_hflip/Set14/img_010/base.png,/home/ubuntu/scratch/sr-diffusion/benchmarks/selfexsr/SelfExSR-master/data/Set14/image_SRF_4/img_010_SRF_4_HR.png,/home/ubuntu/scratch/sr-diffusion/benchmarks/selfexsr/SelfExSR-master/data/Set14/image_SRF_4/img_010_SRF_4_LR.png,27.29081178288243,25.96581464182574
Set14,img_010,stage2_guarded_x8,/home/ubuntu/scratch/sr-diffusion/benchmark_outputs/stage2_guarded_detail_v2_tta_x8/Set14/img_010/base.png,/home/ubuntu/scratch/sr-diffusion/benchmarks/selfexsr/SelfExSR-master/data/Set14/image_SRF_4/img_010_SRF_4_HR.png,/home/ubuntu/scratch/sr-diffusion/benchmarks/selfexsr/SelfExSR-master/data/Set14/image_SRF_4/img_010_SRF_4_LR.png,27.307525065272817,25.98370315004484
Set14,img_010,detail_v2_masked,/home/ubuntu/scratch/sr-diffusion/benchmark_outputs/detail_v2_masked/Set14/img_010/detail.png,/home/ubuntu/scratch/sr-diffusion/benchmarks/selfexsr/SelfExSR-master/data/Set14/image_SRF_4/img_010_SRF_4_HR.png,/home/ubuntu/scratch/sr-diffusion/benchmarks/selfexsr/SelfExSR-master/data/Set14/image_SRF_4/img_010_SRF_4_LR.png,27.369973168792754,26.042568422633305
Set14,img_010,refiner_v2,/home/ubuntu/scratch/sr-diffusion/benchmark_outputs/refiner_v2/Set14/img_010/refined.png,/home/ubuntu/scratch/sr-diffusion/benchmarks/selfexsr/SelfExSR-master/data/Set14/image_SRF_4/img_010_SRF_4_HR.png,/home/ubuntu/scratch/sr-diffusion/benchmarks/selfexsr/SelfExSR-master/data/Set14/image_SRF_4/img_010_SRF_4_LR.png,27.138748260555687,25.81151622155486
Set14,img_010,realesrgan,/home/ubuntu/scratch/sr-diffusion/benchmark_outputs/realesrgan/Set14/img_010/RealESRGAN_x4plus.png,/home/ubuntu/scratch/sr-diffusion/benchmarks/selfexsr/SelfExSR-master/data/Set14/image_SRF_4/img_010_SRF_4_HR.png,/home/ubuntu/scratch/sr-diffusion/benchmarks/selfexsr/SelfExSR-master/data/Set14/image_SRF_4/img_010_SRF_4_LR.png,24.965922027195326,23.63745362358745
Set14,img_011,bicubic,generated:matlab_bicubic_resize,/home/ubuntu/scratch/sr-diffusion/benchmarks/selfexsr/SelfExSR-master/data/Set14/image_SRF_4/img_011_SRF_4_HR.png,/home/ubuntu/scratch/sr-diffusion/benchmarks/selfexsr/SelfExSR-master/data/Set14/image_SRF_4/img_011_SRF_4_LR.png,27.460085440327433,26.159299860095608
Set14,img_011,stage2_guarded_off,/home/ubuntu/scratch/sr-diffusion/benchmark_outputs/stage2_guarded_detail_v2_tta_off/Set14/img_011/base.png,/home/ubuntu/scratch/sr-diffusion/benchmarks/selfexsr/SelfExSR-master/data/Set14/image_SRF_4/img_011_SRF_4_HR.png,/home/ubuntu/scratch/sr-diffusion/benchmarks/selfexsr/SelfExSR-master/data/Set14/image_SRF_4/img_011_SRF_4_LR.png,31.924908310404593,30.46863897497432
Set14,img_011,stage2_guarded_hflip,/home/ubuntu/scratch/sr-diffusion/benchmark_outputs/stage2_guarded_detail_v2_tta_hflip/Set14/img_011/base.png,/home/ubuntu/scratch/sr-diffusion/benchmarks/selfexsr/SelfExSR-master/data/Set14/image_SRF_4/img_011_SRF_4_HR.png,/home/ubuntu/scratch/sr-diffusion/benchmarks/selfexsr/SelfExSR-master/data/Set14/image_SRF_4/img_011_SRF_4_LR.png,32.01545059443255,30.5740264717488
Set14,img_011,stage2_guarded_x8,/home/ubuntu/scratch/sr-diffusion/benchmark_outputs/stage2_guarded_detail_v2_tta_x8/Set14/img_011/base.png,/home/ubuntu/scratch/sr-diffusion/benchmarks/selfexsr/SelfExSR-master/data/Set14/image_SRF_4/img_011_SRF_4_HR.png,/home/ubuntu/scratch/sr-diffusion/benchmarks/selfexsr/SelfExSR-master/data/Set14/image_SRF_4/img_011_SRF_4_LR.png,32.12612204228671,30.698354576182073
Set14,img_011,detail_v2_masked,/home/ubuntu/scratch/sr-diffusion/benchmark_outputs/detail_v2_masked/Set14/img_011/detail.png,/home/ubuntu/scratch/sr-diffusion/benchmarks/selfexsr/SelfExSR-master/data/Set14/image_SRF_4/img_011_SRF_4_HR.png,/home/ubuntu/scratch/sr-diffusion/benchmarks/selfexsr/SelfExSR-master/data/Set14/image_SRF_4/img_011_SRF_4_LR.png,32.37839656937846,30.93327079095657
Set14,img_011,refiner_v2,/home/ubuntu/scratch/sr-diffusion/benchmark_outputs/refiner_v2/Set14/img_011/refined.png,/home/ubuntu/scratch/sr-diffusion/benchmarks/selfexsr/SelfExSR-master/data/Set14/image_SRF_4/img_011_SRF_4_HR.png,/home/ubuntu/scratch/sr-diffusion/benchmarks/selfexsr/SelfExSR-master/data/Set14/image_SRF_4/img_011_SRF_4_LR.png,30.52219198797252,28.548505457047636
Set14,img_011,realesrgan,/home/ubuntu/scratch/sr-diffusion/benchmark_outputs/realesrgan/Set14/img_011/RealESRGAN_x4plus.png,/home/ubuntu/scratch/sr-diffusion/benchmarks/selfexsr/SelfExSR-master/data/Set14/image_SRF_4/img_011_SRF_4_HR.png,/home/ubuntu/scratch/sr-diffusion/benchmarks/selfexsr/SelfExSR-master/data/Set14/image_SRF_4/img_011_SRF_4_LR.png,28.29167588468186,25.950376500180894
Set14,img_012,bicubic,generated:matlab_bicubic_resize,/home/ubuntu/scratch/sr-diffusion/benchmarks/selfexsr/SelfExSR-master/data/Set14/image_SRF_4/img_012_SRF_4_HR.png,/home/ubuntu/scratch/sr-diffusion/benchmarks/selfexsr/SelfExSR-master/data/Set14/image_SRF_4/img_012_SRF_4_LR.png,30.594995925144815,28.586832638902877
Set14,img_012,stage2_guarded_off,/home/ubuntu/scratch/sr-diffusion/benchmark_outputs/stage2_guarded_detail_v2_tta_off/Set14/img_012/base.png,/home/ubuntu/scratch/sr-diffusion/benchmarks/selfexsr/SelfExSR-master/data/Set14/image_SRF_4/img_012_SRF_4_HR.png,/home/ubuntu/scratch/sr-diffusion/benchmarks/selfexsr/SelfExSR-master/data/Set14/image_SRF_4/img_012_SRF_4_LR.png,33.97279269041374,30.941820275766286
Set14,img_012,stage2_guarded_hflip,/home/ubuntu/scratch/sr-diffusion/benchmark_outputs/stage2_guarded_detail_v2_tta_hflip/Set14/img_012/base.png,/home/ubuntu/scratch/sr-diffusion/benchmarks/selfexsr/SelfExSR-master/data/Set14/image_SRF_4/img_012_SRF_4_HR.png,/home/ubuntu/scratch/sr-diffusion/benchmarks/selfexsr/SelfExSR-master/data/Set14/image_SRF_4/img_012_SRF_4_LR.png,34.04653317890672,31.00268617950356
Set14,img_012,stage2_guarded_x8,/home/ubuntu/scratch/sr-diffusion/benchmark_outputs/stage2_guarded_detail_v2_tta_x8/Set14/img_012/base.png,/home/ubuntu/scratch/sr-diffusion/benchmarks/selfexsr/SelfExSR-master/data/Set14/image_SRF_4/img_012_SRF_4_HR.png,/home/ubuntu/scratch/sr-diffusion/benchmarks/selfexsr/SelfExSR-master/data/Set14/image_SRF_4/img_012_SRF_4_LR.png,34.10486595401926,31.05591878745495
Set14,img_012,detail_v2_masked,/home/ubuntu/scratch/sr-diffusion/benchmark_outputs/detail_v2_masked/Set14/img_012/detail.png,/home/ubuntu/scratch/sr-diffusion/benchmarks/selfexsr/SelfExSR-master/data/Set14/image_SRF_4/img_012_SRF_4_HR.png,/home/ubuntu/scratch/sr-diffusion/benchmarks/selfexsr/SelfExSR-master/data/Set14/image_SRF_4/img_012_SRF_4_LR.png,34.15792411718296,31.1025638647877
Set14,img_012,refiner_v2,/home/ubuntu/scratch/sr-diffusion/benchmark_outputs/refiner_v2/Set14/img_012/refined.png,/home/ubuntu/scratch/sr-diffusion/benchmarks/selfexsr/SelfExSR-master/data/Set14/image_SRF_4/img_012_SRF_4_HR.png,/home/ubuntu/scratch/sr-diffusion/benchmarks/selfexsr/SelfExSR-master/data/Set14/image_SRF_4/img_012_SRF_4_LR.png,31.717543706806595,29.236932619928275
Set14,img_012,realesrgan,/home/ubuntu/scratch/sr-diffusion/benchmark_outputs/realesrgan/Set14/img_012/RealESRGAN_x4plus.png,/home/ubuntu/scratch/sr-diffusion/benchmarks/selfexsr/SelfExSR-master/data/Set14/image_SRF_4/img_012_SRF_4_HR.png,/home/ubuntu/scratch/sr-diffusion/benchmarks/selfexsr/SelfExSR-master/data/Set14/image_SRF_4/img_012_SRF_4_LR.png,31.167454522077925,27.64317584293268
Set14,img_013,bicubic,generated:matlab_bicubic_resize,/home/ubuntu/scratch/sr-diffusion/benchmarks/selfexsr/SelfExSR-master/data/Set14/image_SRF_4/img_013_SRF_4_HR.png,/home/ubuntu/scratch/sr-diffusion/benchmarks/selfexsr/SelfExSR-master/data/Set14/image_SRF_4/img_013_SRF_4_LR.png,21.918751658583236,20.32663844151134
Set14,img_013,stage2_guarded_off,/home/ubuntu/scratch/sr-diffusion/benchmark_outputs/stage2_guarded_detail_v2_tta_off/Set14/img_013/base.png,/home/ubuntu/scratch/sr-diffusion/benchmarks/selfexsr/SelfExSR-master/data/Set14/image_SRF_4/img_013_SRF_4_HR.png,/home/ubuntu/scratch/sr-diffusion/benchmarks/selfexsr/SelfExSR-master/data/Set14/image_SRF_4/img_013_SRF_4_LR.png,26.488085321312806,24.791077265477135
Set14,img_013,stage2_guarded_hflip,/home/ubuntu/scratch/sr-diffusion/benchmark_outputs/stage2_guarded_detail_v2_tta_hflip/Set14/img_013/base.png,/home/ubuntu/scratch/sr-diffusion/benchmarks/selfexsr/SelfExSR-master/data/Set14/image_SRF_4/img_013_SRF_4_HR.png,/home/ubuntu/scratch/sr-diffusion/benchmarks/selfexsr/SelfExSR-master/data/Set14/image_SRF_4/img_013_SRF_4_LR.png,26.54982195734265,24.858957497914922
Set14,img_013,stage2_guarded_x8,/home/ubuntu/scratch/sr-diffusion/benchmark_outputs/stage2_guarded_detail_v2_tta_x8/Set14/img_013/base.png,/home/ubuntu/scratch/sr-diffusion/benchmarks/selfexsr/SelfExSR-master/data/Set14/image_SRF_4/img_013_SRF_4_HR.png,/home/ubuntu/scratch/sr-diffusion/benchmarks/selfexsr/SelfExSR-master/data/Set14/image_SRF_4/img_013_SRF_4_LR.png,26.565314065496032,24.886508028697744
Set14,img_013,detail_v2_masked,/home/ubuntu/scratch/sr-diffusion/benchmark_outputs/detail_v2_masked/Set14/img_013/detail.png,/home/ubuntu/scratch/sr-diffusion/benchmarks/selfexsr/SelfExSR-master/data/Set14/image_SRF_4/img_013_SRF_4_HR.png,/home/ubuntu/scratch/sr-diffusion/benchmarks/selfexsr/SelfExSR-master/data/Set14/image_SRF_4/img_013_SRF_4_LR.png,26.885155572607864,25.21861815640935
Set14,img_013,refiner_v2,/home/ubuntu/scratch/sr-diffusion/benchmark_outputs/refiner_v2/Set14/img_013/refined.png,/home/ubuntu/scratch/sr-diffusion/benchmarks/selfexsr/SelfExSR-master/data/Set14/image_SRF_4/img_013_SRF_4_HR.png,/home/ubuntu/scratch/sr-diffusion/benchmarks/selfexsr/SelfExSR-master/data/Set14/image_SRF_4/img_013_SRF_4_LR.png,25.75041074508576,24.042207716306248
Set14,img_013,realesrgan,/home/ubuntu/scratch/sr-diffusion/benchmark_outputs/realesrgan/Set14/img_013/RealESRGAN_x4plus.png,/home/ubuntu/scratch/sr-diffusion/benchmarks/selfexsr/SelfExSR-master/data/Set14/image_SRF_4/img_013_SRF_4_HR.png,/home/ubuntu/scratch/sr-diffusion/benchmarks/selfexsr/SelfExSR-master/data/Set14/image_SRF_4/img_013_SRF_4_LR.png,23.494352124112837,21.46330815653728
Set14,img_014,bicubic,generated:matlab_bicubic_resize,/home/ubuntu/scratch/sr-diffusion/benchmarks/selfexsr/SelfExSR-master/data/Set14/image_SRF_4/img_014_SRF_4_HR.png,/home/ubuntu/scratch/sr-diffusion/benchmarks/selfexsr/SelfExSR-master/data/Set14/image_SRF_4/img_014_SRF_4_LR.png,24.06409731888616,22.733617565885538
Set14,img_014,stage2_guarded_off,/home/ubuntu/scratch/sr-diffusion/benchmark_outputs/stage2_guarded_detail_v2_tta_off/Set14/img_014/base.png,/home/ubuntu/scratch/sr-diffusion/benchmarks/selfexsr/SelfExSR-master/data/Set14/image_SRF_4/img_014_SRF_4_HR.png,/home/ubuntu/scratch/sr-diffusion/benchmarks/selfexsr/SelfExSR-master/data/Set14/image_SRF_4/img_014_SRF_4_LR.png,27.215970151995133,25.813834968491673
Set14,img_014,stage2_guarded_hflip,/home/ubuntu/scratch/sr-diffusion/benchmark_outputs/stage2_guarded_detail_v2_tta_hflip/Set14/img_014/base.png,/home/ubuntu/scratch/sr-diffusion/benchmarks/selfexsr/SelfExSR-master/data/Set14/image_SRF_4/img_014_SRF_4_HR.png,/home/ubuntu/scratch/sr-diffusion/benchmarks/selfexsr/SelfExSR-master/data/Set14/image_SRF_4/img_014_SRF_4_LR.png,27.288571279846366,25.890564954699723
Set14,img_014,stage2_guarded_x8,/home/ubuntu/scratch/sr-diffusion/benchmark_outputs/stage2_guarded_detail_v2_tta_x8/Set14/img_014/base.png,/home/ubuntu/scratch/sr-diffusion/benchmarks/selfexsr/SelfExSR-master/data/Set14/image_SRF_4/img_014_SRF_4_HR.png,/home/ubuntu/scratch/sr-diffusion/benchmarks/selfexsr/SelfExSR-master/data/Set14/image_SRF_4/img_014_SRF_4_LR.png,27.31388732095512,25.92532046797928
Set14,img_014,detail_v2_masked,/home/ubuntu/scratch/sr-diffusion/benchmark_outputs/detail_v2_masked/Set14/img_014/detail.png,/home/ubuntu/scratch/sr-diffusion/benchmarks/selfexsr/SelfExSR-master/data/Set14/image_SRF_4/img_014_SRF_4_HR.png,/home/ubuntu/scratch/sr-diffusion/benchmarks/selfexsr/SelfExSR-master/data/Set14/image_SRF_4/img_014_SRF_4_LR.png,27.23394397919375,25.844189336205314
Set14,img_014,refiner_v2,/home/ubuntu/scratch/sr-diffusion/benchmark_outputs/refiner_v2/Set14/img_014/refined.png,/home/ubuntu/scratch/sr-diffusion/benchmarks/selfexsr/SelfExSR-master/data/Set14/image_SRF_4/img_014_SRF_4_HR.png,/home/ubuntu/scratch/sr-diffusion/benchmarks/selfexsr/SelfExSR-master/data/Set14/image_SRF_4/img_014_SRF_4_LR.png,26.6138709076281,25.215745507755685
Set14,img_014,realesrgan,/home/ubuntu/scratch/sr-diffusion/benchmark_outputs/realesrgan/Set14/img_014/RealESRGAN_x4plus.png,/home/ubuntu/scratch/sr-diffusion/benchmarks/selfexsr/SelfExSR-master/data/Set14/image_SRF_4/img_014_SRF_4_HR.png,/home/ubuntu/scratch/sr-diffusion/benchmarks/selfexsr/SelfExSR-master/data/Set14/image_SRF_4/img_014_SRF_4_LR.png,22.585422879706577,21.016101201600165
Urban100,img_001,bicubic,generated:matlab_bicubic_resize,/home/ubuntu/scratch/sr-diffusion/benchmarks/selfexsr/SelfExSR-master/data/Urban100/image_SRF_4/img_001_SRF_4_HR.png,/home/ubuntu/scratch/sr-diffusion/benchmarks/selfexsr/SelfExSR-master/data/Urban100/image_SRF_4/img_001_SRF_4_LR.png,25.110482954456664,23.69721977262563
Urban100,img_001,stage2_guarded_off,/home/ubuntu/scratch/sr-diffusion/benchmark_outputs/stage2_guarded_detail_v2_tta_off/Urban100/img_001/base.png,/home/ubuntu/scratch/sr-diffusion/benchmarks/selfexsr/SelfExSR-master/data/Urban100/image_SRF_4/img_001_SRF_4_HR.png,/home/ubuntu/scratch/sr-diffusion/benchmarks/selfexsr/SelfExSR-master/data/Urban100/image_SRF_4/img_001_SRF_4_LR.png,27.460809986303502,26.0443580818023
Urban100,img_001,stage2_guarded_hflip,/home/ubuntu/scratch/sr-diffusion/benchmark_outputs/stage2_guarded_detail_v2_tta_hflip/Urban100/img_001/base.png,/home/ubuntu/scratch/sr-diffusion/benchmarks/selfexsr/SelfExSR-master/data/Urban100/image_SRF_4/img_001_SRF_4_HR.png,/home/ubuntu/scratch/sr-diffusion/benchmarks/selfexsr/SelfExSR-master/data/Urban100/image_SRF_4/img_001_SRF_4_LR.png,27.489623942025773,26.074068482225368
Urban100,img_001,stage2_guarded_x8,/home/ubuntu/scratch/sr-diffusion/benchmark_outputs/stage2_guarded_detail_v2_tta_x8/Urban100/img_001/base.png,/home/ubuntu/scratch/sr-diffusion/benchmarks/selfexsr/SelfExSR-master/data/Urban100/image_SRF_4/img_001_SRF_4_HR.png,/home/ubuntu/scratch/sr-diffusion/benchmarks/selfexsr/SelfExSR-master/data/Urban100/image_SRF_4/img_001_SRF_4_LR.png,27.518821598539564,26.105748076541563
Urban100,img_001,detail_v2_masked,/home/ubuntu/scratch/sr-diffusion/benchmark_outputs/detail_v2_masked/Urban100/img_001/detail.png,/home/ubuntu/scratch/sr-diffusion/benchmarks/selfexsr/SelfExSR-master/data/Urban100/image_SRF_4/img_001_SRF_4_HR.png,/home/ubuntu/scratch/sr-diffusion/benchmarks/selfexsr/SelfExSR-master/data/Urban100/image_SRF_4/img_001_SRF_4_LR.png,27.788437872128625,26.36952130452885
Urban100,img_001,refiner_v2,/home/ubuntu/scratch/sr-diffusion/benchmark_outputs/refiner_v2/Urban100/img_001/refined.png,/home/ubuntu/scratch/sr-diffusion/benchmarks/selfexsr/SelfExSR-master/data/Urban100/image_SRF_4/img_001_SRF_4_HR.png,/home/ubuntu/scratch/sr-diffusion/benchmarks/selfexsr/SelfExSR-master/data/Urban100/image_SRF_4/img_001_SRF_4_LR.png,26.89506368321403,25.48248706468423
Urban100,img_001,realesrgan,/home/ubuntu/scratch/sr-diffusion/benchmark_outputs/realesrgan/Urban100/img_001/RealESRGAN_x4plus.png,/home/ubuntu/scratch/sr-diffusion/benchmarks/selfexsr/SelfExSR-master/data/Urban100/image_SRF_4/img_001_SRF_4_HR.png,/home/ubuntu/scratch/sr-diffusion/benchmarks/selfexsr/SelfExSR-master/data/Urban100/image_SRF_4/img_001_SRF_4_LR.png,25.119273305909424,23.673224739775254
Urban100,img_002,bicubic,generated:matlab_bicubic_resize,/home/ubuntu/scratch/sr-diffusion/benchmarks/selfexsr/SelfExSR-master/data/Urban100/image_SRF_4/img_002_SRF_4_HR.png,/home/ubuntu/scratch/sr-diffusion/benchmarks/selfexsr/SelfExSR-master/data/Urban100/image_SRF_4/img_002_SRF_4_LR.png,24.18377354976073,22.87118080890748
Urban100,img_002,stage2_guarded_off,/home/ubuntu/scratch/sr-diffusion/benchmark_outputs/stage2_guarded_detail_v2_tta_off/Urban100/img_002/base.png,/home/ubuntu/scratch/sr-diffusion/benchmarks/selfexsr/SelfExSR-master/data/Urban100/image_SRF_4/img_002_SRF_4_HR.png,/home/ubuntu/scratch/sr-diffusion/benchmarks/selfexsr/SelfExSR-master/data/Urban100/image_SRF_4/img_002_SRF_4_LR.png,26.23093468452022,24.84264187323829
Urban100,img_002,stage2_guarded_hflip,/home/ubuntu/scratch/sr-diffusion/benchmark_outputs/stage2_guarded_detail_v2_tta_hflip/Urban100/img_002/base.png,/home/ubuntu/scratch/sr-diffusion/benchmarks/selfexsr/SelfExSR-master/data/Urban100/image_SRF_4/img_002_SRF_4_HR.png,/home/ubuntu/scratch/sr-diffusion/benchmarks/selfexsr/SelfExSR-master/data/Urban100/image_SRF_4/img_002_SRF_4_LR.png,26.27304909853263,24.882992205911464
Urban100,img_002,stage2_guarded_x8,/home/ubuntu/scratch/sr-diffusion/benchmark_outputs/stage2_guarded_detail_v2_tta_x8/Urban100/img_002/base.png,/home/ubuntu/scratch/sr-diffusion/benchmarks/selfexsr/SelfExSR-master/data/Urban100/image_SRF_4/img_002_SRF_4_HR.png,/home/ubuntu/scratch/sr-diffusion/benchmarks/selfexsr/SelfExSR-master/data/Urban100/image_SRF_4/img_002_SRF_4_LR.png,26.315876410790988,24.925694270044477
Urban100,img_002,detail_v2_masked,/home/ubuntu/scratch/sr-diffusion/benchmark_outputs/detail_v2_masked/Urban100/img_002/detail.png,/home/ubuntu/scratch/sr-diffusion/benchmarks/selfexsr/SelfExSR-master/data/Urban100/image_SRF_4/img_002_SRF_4_HR.png,/home/ubuntu/scratch/sr-diffusion/benchmarks/selfexsr/SelfExSR-master/data/Urban100/image_SRF_4/img_002_SRF_4_LR.png,26.705310482819296,25.303066598617413
Urban100,img_002,refiner_v2,/home/ubuntu/scratch/sr-diffusion/benchmark_outputs/refiner_v2/Urban100/img_002/refined.png,/home/ubuntu/scratch/sr-diffusion/benchmarks/selfexsr/SelfExSR-master/data/Urban100/image_SRF_4/img_002_SRF_4_HR.png,/home/ubuntu/scratch/sr-diffusion/benchmarks/selfexsr/SelfExSR-master/data/Urban100/image_SRF_4/img_002_SRF_4_LR.png,25.618390787940516,24.239003465541394
Urban100,img_002,realesrgan,/home/ubuntu/scratch/sr-diffusion/benchmark_outputs/realesrgan/Urban100/img_002/RealESRGAN_x4plus.png,/home/ubuntu/scratch/sr-diffusion/benchmarks/selfexsr/SelfExSR-master/data/Urban100/image_SRF_4/img_002_SRF_4_HR.png,/home/ubuntu/scratch/sr-diffusion/benchmarks/selfexsr/SelfExSR-master/data/Urban100/image_SRF_4/img_002_SRF_4_LR.png,21.846987114795514,20.464201929534628
Urban100,img_003,bicubic,generated:matlab_bicubic_resize,/home/ubuntu/scratch/sr-diffusion/benchmarks/selfexsr/SelfExSR-master/data/Urban100/image_SRF_4/img_003_SRF_4_HR.png,/home/ubuntu/scratch/sr-diffusion/benchmarks/selfexsr/SelfExSR-master/data/Urban100/image_SRF_4/img_003_SRF_4_LR.png,22.021559986783167,20.458597006646123
Urban100,img_003,stage2_guarded_off,/home/ubuntu/scratch/sr-diffusion/benchmark_outputs/stage2_guarded_detail_v2_tta_off/Urban100/img_003/base.png,/home/ubuntu/scratch/sr-diffusion/benchmarks/selfexsr/SelfExSR-master/data/Urban100/image_SRF_4/img_003_SRF_4_HR.png,/home/ubuntu/scratch/sr-diffusion/benchmarks/selfexsr/SelfExSR-master/data/Urban100/image_SRF_4/img_003_SRF_4_LR.png,23.58977061566579,21.990257611760356
Urban100,img_003,stage2_guarded_hflip,/home/ubuntu/scratch/sr-diffusion/benchmark_outputs/stage2_guarded_detail_v2_tta_hflip/Urban100/img_003/base.png,/home/ubuntu/scratch/sr-diffusion/benchmarks/selfexsr/SelfExSR-master/data/Urban100/image_SRF_4/img_003_SRF_4_HR.png,/home/ubuntu/scratch/sr-diffusion/benchmarks/selfexsr/SelfExSR-master/data/Urban100/image_SRF_4/img_003_SRF_4_LR.png,23.6246692657924,22.025500016666815
Urban100,img_003,stage2_guarded_x8,/home/ubuntu/scratch/sr-diffusion/benchmark_outputs/stage2_guarded_detail_v2_tta_x8/Urban100/img_003/base.png,/home/ubuntu/scratch/sr-diffusion/benchmarks/selfexsr/SelfExSR-master/data/Urban100/image_SRF_4/img_003_SRF_4_HR.png,/home/ubuntu/scratch/sr-diffusion/benchmarks/selfexsr/SelfExSR-master/data/Urban100/image_SRF_4/img_003_SRF_4_LR.png,23.601301855260402,22.004439607808823
Urban100,img_003,detail_v2_masked,/home/ubuntu/scratch/sr-diffusion/benchmark_outputs/detail_v2_masked/Urban100/img_003/detail.png,/home/ubuntu/scratch/sr-diffusion/benchmarks/selfexsr/SelfExSR-master/data/Urban100/image_SRF_4/img_003_SRF_4_HR.png,/home/ubuntu/scratch/sr-diffusion/benchmarks/selfexsr/SelfExSR-master/data/Urban100/image_SRF_4/img_003_SRF_4_LR.png,23.82833506110891,22.226850956260378
Urban100,img_003,refiner_v2,/home/ubuntu/scratch/sr-diffusion/benchmark_outputs/refiner_v2/Urban100/img_003/refined.png,/home/ubuntu/scratch/sr-diffusion/benchmarks/selfexsr/SelfExSR-master/data/Urban100/image_SRF_4/img_003_SRF_4_HR.png,/home/ubuntu/scratch/sr-diffusion/benchmarks/selfexsr/SelfExSR-master/data/Urban100/image_SRF_4/img_003_SRF_4_LR.png,23.301428683143843,21.715566741647365
Urban100,img_003,realesrgan,/home/ubuntu/scratch/sr-diffusion/benchmark_outputs/realesrgan/Urban100/img_003/RealESRGAN_x4plus.png,/home/ubuntu/scratch/sr-diffusion/benchmarks/selfexsr/SelfExSR-master/data/Urban100/image_SRF_4/img_003_SRF_4_HR.png,/home/ubuntu/scratch/sr-diffusion/benchmarks/selfexsr/SelfExSR-master/data/Urban100/image_SRF_4/img_003_SRF_4_LR.png,21.702617114015116,20.071752817331028
Urban100,img_004,bicubic,generated:matlab_bicubic_resize,/home/ubuntu/scratch/sr-diffusion/benchmarks/selfexsr/SelfExSR-master/data/Urban100/image_SRF_4/img_004_SRF_4_HR.png,/home/ubuntu/scratch/sr-diffusion/benchmarks/selfexsr/SelfExSR-master/data/Urban100/image_SRF_4/img_004_SRF_4_LR.png,21.085270653159476,19.809291388948008
Urban100,img_004,stage2_guarded_off,/home/ubuntu/scratch/sr-diffusion/benchmark_outputs/stage2_guarded_detail_v2_tta_off/Urban100/img_004/base.png,/home/ubuntu/scratch/sr-diffusion/benchmarks/selfexsr/SelfExSR-master/data/Urban100/image_SRF_4/img_004_SRF_4_HR.png,/home/ubuntu/scratch/sr-diffusion/benchmarks/selfexsr/SelfExSR-master/data/Urban100/image_SRF_4/img_004_SRF_4_LR.png,22.76011607287467,21.448376626608464
Urban100,img_004,stage2_guarded_hflip,/home/ubuntu/scratch/sr-diffusion/benchmark_outputs/stage2_guarded_detail_v2_tta_hflip/Urban100/img_004/base.png,/home/ubuntu/scratch/sr-diffusion/benchmarks/selfexsr/SelfExSR-master/data/Urban100/image_SRF_4/img_004_SRF_4_HR.png,/home/ubuntu/scratch/sr-diffusion/benchmarks/selfexsr/SelfExSR-master/data/Urban100/image_SRF_4/img_004_SRF_4_LR.png,22.838879972638644,21.52929636731139
Urban100,img_004,stage2_guarded_x8,/home/ubuntu/scratch/sr-diffusion/benchmark_outputs/stage2_guarded_detail_v2_tta_x8/Urban100/img_004/base.png,/home/ubuntu/scratch/sr-diffusion/benchmarks/selfexsr/SelfExSR-master/data/Urban100/image_SRF_4/img_004_SRF_4_HR.png,/home/ubuntu/scratch/sr-diffusion/benchmarks/selfexsr/SelfExSR-master/data/Urban100/image_SRF_4/img_004_SRF_4_LR.png,22.784625784344282,21.47661787378729
Urban100,img_004,detail_v2_masked,/home/ubuntu/scratch/sr-diffusion/benchmark_outputs/detail_v2_masked/Urban100/img_004/detail.png,/home/ubuntu/scratch/sr-diffusion/benchmarks/selfexsr/SelfExSR-master/data/Urban100/image_SRF_4/img_004_SRF_4_HR.png,/home/ubuntu/scratch/sr-diffusion/benchmarks/selfexsr/SelfExSR-master/data/Urban100/image_SRF_4/img_004_SRF_4_LR.png,23.029516339915507,21.71968341684532
Urban100,img_004,refiner_v2,/home/ubuntu/scratch/sr-diffusion/benchmark_outputs/refiner_v2/Urban100/img_004/refined.png,/home/ubuntu/scratch/sr-diffusion/benchmarks/selfexsr/SelfExSR-master/data/Urban100/image_SRF_4/img_004_SRF_4_HR.png,/home/ubuntu/scratch/sr-diffusion/benchmarks/selfexsr/SelfExSR-master/data/Urban100/image_SRF_4/img_004_SRF_4_LR.png,21.997486872635417,20.705709619605912
Urban100,img_004,realesrgan,/home/ubuntu/scratch/sr-diffusion/benchmark_outputs/realesrgan/Urban100/img_004/RealESRGAN_x4plus.png,/home/ubuntu/scratch/sr-diffusion/benchmarks/selfexsr/SelfExSR-master/data/Urban100/image_SRF_4/img_004_SRF_4_HR.png,/home/ubuntu/scratch/sr-diffusion/benchmarks/selfexsr/SelfExSR-master/data/Urban100/image_SRF_4/img_004_SRF_4_LR.png,19.90886242664207,18.560815419437663
Urban100,img_005,bicubic,generated:matlab_bicubic_resize,/home/ubuntu/scratch/sr-diffusion/benchmarks/selfexsr/SelfExSR-master/data/Urban100/image_SRF_4/img_005_SRF_4_HR.png,/home/ubuntu/scratch/sr-diffusion/benchmarks/selfexsr/SelfExSR-master/data/Urban100/image_SRF_4/img_005_SRF_4_LR.png,23.311374224937737,21.978461981947895
Urban100,img_005,stage2_guarded_off,/home/ubuntu/scratch/sr-diffusion/benchmark_outputs/stage2_guarded_detail_v2_tta_off/Urban100/img_005/base.png,/home/ubuntu/scratch/sr-diffusion/benchmarks/selfexsr/SelfExSR-master/data/Urban100/image_SRF_4/img_005_SRF_4_HR.png,/home/ubuntu/scratch/sr-diffusion/benchmarks/selfexsr/SelfExSR-master/data/Urban100/image_SRF_4/img_005_SRF_4_LR.png,26.621693436691505,25.26641000251638
Urban100,img_005,stage2_guarded_hflip,/home/ubuntu/scratch/sr-diffusion/benchmark_outputs/stage2_guarded_detail_v2_tta_hflip/Urban100/img_005/base.png,/home/ubuntu/scratch/sr-diffusion/benchmarks/selfexsr/SelfExSR-master/data/Urban100/image_SRF_4/img_005_SRF_4_HR.png,/home/ubuntu/scratch/sr-diffusion/benchmarks/selfexsr/SelfExSR-master/data/Urban100/image_SRF_4/img_005_SRF_4_LR.png,26.671288618930905,25.319682482151627
Urban100,img_005,stage2_guarded_x8,/home/ubuntu/scratch/sr-diffusion/benchmark_outputs/stage2_guarded_detail_v2_tta_x8/Urban100/img_005/base.png,/home/ubuntu/scratch/sr-diffusion/benchmarks/selfexsr/SelfExSR-master/data/Urban100/image_SRF_4/img_005_SRF_4_HR.png,/home/ubuntu/scratch/sr-diffusion/benchmarks/selfexsr/SelfExSR-master/data/Urban100/image_SRF_4/img_005_SRF_4_LR.png,26.76365940616072,25.415530791034694
Urban100,img_005,detail_v2_masked,/home/ubuntu/scratch/sr-diffusion/benchmark_outputs/detail_v2_masked/Urban100/img_005/detail.png,/home/ubuntu/scratch/sr-diffusion/benchmarks/selfexsr/SelfExSR-master/data/Urban100/image_SRF_4/img_005_SRF_4_HR.png,/home/ubuntu/scratch/sr-diffusion/benchmarks/selfexsr/SelfExSR-master/data/Urban100/image_SRF_4/img_005_SRF_4_LR.png,27.63455247323288,26.26314431611825
Urban100,img_005,refiner_v2,/home/ubuntu/scratch/sr-diffusion/benchmark_outputs/refiner_v2/Urban100/img_005/refined.png,/home/ubuntu/scratch/sr-diffusion/benchmarks/selfexsr/SelfExSR-master/data/Urban100/image_SRF_4/img_005_SRF_4_HR.png,/home/ubuntu/scratch/sr-diffusion/benchmarks/selfexsr/SelfExSR-master/data/Urban100/image_SRF_4/img_005_SRF_4_LR.png,25.935577134941376,24.569676271980182
Urban100,img_005,realesrgan,/home/ubuntu/scratch/sr-diffusion/benchmark_outputs/realesrgan/Urban100/img_005/RealESRGAN_x4plus.png,/home/ubuntu/scratch/sr-diffusion/benchmarks/selfexsr/SelfExSR-master/data/Urban100/image_SRF_4/img_005_SRF_4_HR.png,/home/ubuntu/scratch/sr-diffusion/benchmarks/selfexsr/SelfExSR-master/data/Urban100/image_SRF_4/img_005_SRF_4_LR.png,21.85751335742033,20.521664710944382
Urban100,img_006,bicubic,generated:matlab_bicubic_resize,/home/ubuntu/scratch/sr-diffusion/benchmarks/selfexsr/SelfExSR-master/data/Urban100/image_SRF_4/img_006_SRF_4_HR.png,/home/ubuntu/scratch/sr-diffusion/benchmarks/selfexsr/SelfExSR-master/data/Urban100/image_SRF_4/img_006_SRF_4_LR.png,20.518094027848935,19.166741325675908
Urban100,img_006,stage2_guarded_off,/home/ubuntu/scratch/sr-diffusion/benchmark_outputs/stage2_guarded_detail_v2_tta_off/Urban100/img_006/base.png,/home/ubuntu/scratch/sr-diffusion/benchmarks/selfexsr/SelfExSR-master/data/Urban100/image_SRF_4/img_006_SRF_4_HR.png,/home/ubuntu/scratch/sr-diffusion/benchmarks/selfexsr/SelfExSR-master/data/Urban100/image_SRF_4/img_006_SRF_4_LR.png,22.1326604233756,20.786538278037202
Urban100,img_006,stage2_guarded_hflip,/home/ubuntu/scratch/sr-diffusion/benchmark_outputs/stage2_guarded_detail_v2_tta_hflip/Urban100/img_006/base.png,/home/ubuntu/scratch/sr-diffusion/benchmarks/selfexsr/SelfExSR-master/data/Urban100/image_SRF_4/img_006_SRF_4_HR.png,/home/ubuntu/scratch/sr-diffusion/benchmarks/selfexsr/SelfExSR-master/data/Urban100/image_SRF_4/img_006_SRF_4_LR.png,22.1393064022404,20.796506753718198
Urban100,img_006,stage2_guarded_x8,/home/ubuntu/scratch/sr-diffusion/benchmark_outputs/stage2_guarded_detail_v2_tta_x8/Urban100/img_006/base.png,/home/ubuntu/scratch/sr-diffusion/benchmarks/selfexsr/SelfExSR-master/data/Urban100/image_SRF_4/img_006_SRF_4_HR.png,/home/ubuntu/scratch/sr-diffusion/benchmarks/selfexsr/SelfExSR-master/data/Urban100/image_SRF_4/img_006_SRF_4_LR.png,22.177387942362515,20.836337811894296
Urban100,img_006,detail_v2_masked,/home/ubuntu/scratch/sr-diffusion/benchmark_outputs/detail_v2_masked/Urban100/img_006/detail.png,/home/ubuntu/scratch/sr-diffusion/benchmarks/selfexsr/SelfExSR-master/data/Urban100/image_SRF_4/img_006_SRF_4_HR.png,/home/ubuntu/scratch/sr-diffusion/benchmarks/selfexsr/SelfExSR-master/data/Urban100/image_SRF_4/img_006_SRF_4_LR.png,22.46752441158104,21.116315422599893
Urban100,img_006,refiner_v2,/home/ubuntu/scratch/sr-diffusion/benchmark_outputs/refiner_v2/Urban100/img_006/refined.png,/home/ubuntu/scratch/sr-diffusion/benchmarks/selfexsr/SelfExSR-master/data/Urban100/image_SRF_4/img_006_SRF_4_HR.png,/home/ubuntu/scratch/sr-diffusion/benchmarks/selfexsr/SelfExSR-master/data/Urban100/image_SRF_4/img_006_SRF_4_LR.png,21.54060139238836,20.204858804009504
Urban100,img_006,realesrgan,/home/ubuntu/scratch/sr-diffusion/benchmark_outputs/realesrgan/Urban100/img_006/RealESRGAN_x4plus.png,/home/ubuntu/scratch/sr-diffusion/benchmarks/selfexsr/SelfExSR-master/data/Urban100/image_SRF_4/img_006_SRF_4_HR.png,/home/ubuntu/scratch/sr-diffusion/benchmarks/selfexsr/SelfExSR-master/data/Urban100/image_SRF_4/img_006_SRF_4_LR.png,20.515439530155977,19.071287831827366
Urban100,img_007,bicubic,generated:matlab_bicubic_resize,/home/ubuntu/scratch/sr-diffusion/benchmarks/selfexsr/SelfExSR-master/data/Urban100/image_SRF_4/img_007_SRF_4_HR.png,/home/ubuntu/scratch/sr-diffusion/benchmarks/selfexsr/SelfExSR-master/data/Urban100/image_SRF_4/img_007_SRF_4_LR.png,26.1711519966253,24.716818522012044
Urban100,img_007,stage2_guarded_off,/home/ubuntu/scratch/sr-diffusion/benchmark_outputs/stage2_guarded_detail_v2_tta_off/Urban100/img_007/base.png,/home/ubuntu/scratch/sr-diffusion/benchmarks/selfexsr/SelfExSR-master/data/Urban100/image_SRF_4/img_007_SRF_4_HR.png,/home/ubuntu/scratch/sr-diffusion/benchmarks/selfexsr/SelfExSR-master/data/Urban100/image_SRF_4/img_007_SRF_4_LR.png,29.315092950379817,27.750958146871906
Urban100,img_007,stage2_guarded_hflip,/home/ubuntu/scratch/sr-diffusion/benchmark_outputs/stage2_guarded_detail_v2_tta_hflip/Urban100/img_007/base.png,/home/ubuntu/scratch/sr-diffusion/benchmarks/selfexsr/SelfExSR-master/data/Urban100/image_SRF_4/img_007_SRF_4_HR.png,/home/ubuntu/scratch/sr-diffusion/benchmarks/selfexsr/SelfExSR-master/data/Urban100/image_SRF_4/img_007_SRF_4_LR.png,29.374014283736454,27.81203479169757
Urban100,img_007,stage2_guarded_x8,/home/ubuntu/scratch/sr-diffusion/benchmark_outputs/stage2_guarded_detail_v2_tta_x8/Urban100/img_007/base.png,/home/ubuntu/scratch/sr-diffusion/benchmarks/selfexsr/SelfExSR-master/data/Urban100/image_SRF_4/img_007_SRF_4_HR.png,/home/ubuntu/scratch/sr-diffusion/benchmarks/selfexsr/SelfExSR-master/data/Urban100/image_SRF_4/img_007_SRF_4_LR.png,29.410393769195412,27.85452527694889
Urban100,img_007,detail_v2_masked,/home/ubuntu/scratch/sr-diffusion/benchmark_outputs/detail_v2_masked/Urban100/img_007/detail.png,/home/ubuntu/scratch/sr-diffusion/benchmarks/selfexsr/SelfExSR-master/data/Urban100/image_SRF_4/img_007_SRF_4_HR.png,/home/ubuntu/scratch/sr-diffusion/benchmarks/selfexsr/SelfExSR-master/data/Urban100/image_SRF_4/img_007_SRF_4_LR.png,29.537924350975274,27.975188656081443
Urban100,img_007,refiner_v2,/home/ubuntu/scratch/sr-diffusion/benchmark_outputs/refiner_v2/Urban100/img_007/refined.png,/home/ubuntu/scratch/sr-diffusion/benchmarks/selfexsr/SelfExSR-master/data/Urban100/image_SRF_4/img_007_SRF_4_HR.png,/home/ubuntu/scratch/sr-diffusion/benchmarks/selfexsr/SelfExSR-master/data/Urban100/image_SRF_4/img_007_SRF_4_LR.png,28.730610833528747,27.18874683105006
Urban100,img_007,realesrgan,/home/ubuntu/scratch/sr-diffusion/benchmark_outputs/realesrgan/Urban100/img_007/RealESRGAN_x4plus.png,/home/ubuntu/scratch/sr-diffusion/benchmarks/selfexsr/SelfExSR-master/data/Urban100/image_SRF_4/img_007_SRF_4_HR.png,/home/ubuntu/scratch/sr-diffusion/benchmarks/selfexsr/SelfExSR-master/data/Urban100/image_SRF_4/img_007_SRF_4_LR.png,25.287746620965756,23.480738138351764
Urban100,img_008,bicubic,generated:matlab_bicubic_resize,/home/ubuntu/scratch/sr-diffusion/benchmarks/selfexsr/SelfExSR-master/data/Urban100/image_SRF_4/img_008_SRF_4_HR.png,/home/ubuntu/scratch/sr-diffusion/benchmarks/selfexsr/SelfExSR-master/data/Urban100/image_SRF_4/img_008_SRF_4_LR.png,19.72837325759844,18.479764705190938
Urban100,img_008,stage2_guarded_off,/home/ubuntu/scratch/sr-diffusion/benchmark_outputs/stage2_guarded_detail_v2_tta_off/Urban100/img_008/base.png,/home/ubuntu/scratch/sr-diffusion/benchmarks/selfexsr/SelfExSR-master/data/Urban100/image_SRF_4/img_008_SRF_4_HR.png,/home/ubuntu/scratch/sr-diffusion/benchmarks/selfexsr/SelfExSR-master/data/Urban100/image_SRF_4/img_008_SRF_4_LR.png,21.05401379278367,19.81958073194412
Urban100,img_008,stage2_guarded_hflip,/home/ubuntu/scratch/sr-diffusion/benchmark_outputs/stage2_guarded_detail_v2_tta_hflip/Urban100/img_008/base.png,/home/ubuntu/scratch/sr-diffusion/benchmarks/selfexsr/SelfExSR-master/data/Urban100/image_SRF_4/img_008_SRF_4_HR.png,/home/ubuntu/scratch/sr-diffusion/benchmarks/selfexsr/SelfExSR-master/data/Urban100/image_SRF_4/img_008_SRF_4_LR.png,21.083141452465632,19.848912654374484
Urban100,img_008,stage2_guarded_x8,/home/ubuntu/scratch/sr-diffusion/benchmark_outputs/stage2_guarded_detail_v2_tta_x8/Urban100/img_008/base.png,/home/ubuntu/scratch/sr-diffusion/benchmarks/selfexsr/SelfExSR-master/data/Urban100/image_SRF_4/img_008_SRF_4_HR.png,/home/ubuntu/scratch/sr-diffusion/benchmarks/selfexsr/SelfExSR-master/data/Urban100/image_SRF_4/img_008_SRF_4_LR.png,21.1103528605701,19.880921504513445
Urban100,img_008,detail_v2_masked,/home/ubuntu/scratch/sr-diffusion/benchmark_outputs/detail_v2_masked/Urban100/img_008/detail.png,/home/ubuntu/scratch/sr-diffusion/benchmarks/selfexsr/SelfExSR-master/data/Urban100/image_SRF_4/img_008_SRF_4_HR.png,/home/ubuntu/scratch/sr-diffusion/benchmarks/selfexsr/SelfExSR-master/data/Urban100/image_SRF_4/img_008_SRF_4_LR.png,21.330922842828947,20.096790664210452
Urban100,img_008,refiner_v2,/home/ubuntu/scratch/sr-diffusion/benchmark_outputs/refiner_v2/Urban100/img_008/refined.png,/home/ubuntu/scratch/sr-diffusion/benchmarks/selfexsr/SelfExSR-master/data/Urban100/image_SRF_4/img_008_SRF_4_HR.png,/home/ubuntu/scratch/sr-diffusion/benchmarks/selfexsr/SelfExSR-master/data/Urban100/image_SRF_4/img_008_SRF_4_LR.png,20.76292081278662,19.53986816879536
Urban100,img_008,realesrgan,/home/ubuntu/scratch/sr-diffusion/benchmark_outputs/realesrgan/Urban100/img_008/RealESRGAN_x4plus.png,/home/ubuntu/scratch/sr-diffusion/benchmarks/selfexsr/SelfExSR-master/data/Urban100/image_SRF_4/img_008_SRF_4_HR.png,/home/ubuntu/scratch/sr-diffusion/benchmarks/selfexsr/SelfExSR-master/data/Urban100/image_SRF_4/img_008_SRF_4_LR.png,18.355293250902623,16.986963081963466
Urban100,img_009,bicubic,generated:matlab_bicubic_resize,/home/ubuntu/scratch/sr-diffusion/benchmarks/selfexsr/SelfExSR-master/data/Urban100/image_SRF_4/img_009_SRF_4_HR.png,/home/ubuntu/scratch/sr-diffusion/benchmarks/selfexsr/SelfExSR-master/data/Urban100/image_SRF_4/img_009_SRF_4_LR.png,30.886290260912315,29.316788091720575
Urban100,img_009,stage2_guarded_off,/home/ubuntu/scratch/sr-diffusion/benchmark_outputs/stage2_guarded_detail_v2_tta_off/Urban100/img_009/base.png,/home/ubuntu/scratch/sr-diffusion/benchmarks/selfexsr/SelfExSR-master/data/Urban100/image_SRF_4/img_009_SRF_4_HR.png,/home/ubuntu/scratch/sr-diffusion/benchmarks/selfexsr/SelfExSR-master/data/Urban100/image_SRF_4/img_009_SRF_4_LR.png,33.521369184250325,31.7534658481239
Urban100,img_009,stage2_guarded_hflip,/home/ubuntu/scratch/sr-diffusion/benchmark_outputs/stage2_guarded_detail_v2_tta_hflip/Urban100/img_009/base.png,/home/ubuntu/scratch/sr-diffusion/benchmarks/selfexsr/SelfExSR-master/data/Urban100/image_SRF_4/img_009_SRF_4_HR.png,/home/ubuntu/scratch/sr-diffusion/benchmarks/selfexsr/SelfExSR-master/data/Urban100/image_SRF_4/img_009_SRF_4_LR.png,33.60370387484875,31.837662597716317
Urban100,img_009,stage2_guarded_x8,/home/ubuntu/scratch/sr-diffusion/benchmark_outputs/stage2_guarded_detail_v2_tta_x8/Urban100/img_009/base.png,/home/ubuntu/scratch/sr-diffusion/benchmarks/selfexsr/SelfExSR-master/data/Urban100/image_SRF_4/img_009_SRF_4_HR.png,/home/ubuntu/scratch/sr-diffusion/benchmarks/selfexsr/SelfExSR-master/data/Urban100/image_SRF_4/img_009_SRF_4_LR.png,33.67289216923162,31.91856061861143
Urban100,img_009,detail_v2_masked,/home/ubuntu/scratch/sr-diffusion/benchmark_outputs/detail_v2_masked/Urban100/img_009/detail.png,/home/ubuntu/scratch/sr-diffusion/benchmarks/selfexsr/SelfExSR-master/data/Urban100/image_SRF_4/img_009_SRF_4_HR.png,/home/ubuntu/scratch/sr-diffusion/benchmarks/selfexsr/SelfExSR-master/data/Urban100/image_SRF_4/img_009_SRF_4_LR.png,34.13988077990137,32.29970764652116
Urban100,img_009,refiner_v2,/home/ubuntu/scratch/sr-diffusion/benchmark_outputs/refiner_v2/Urban100/img_009/refined.png,/home/ubuntu/scratch/sr-diffusion/benchmarks/selfexsr/SelfExSR-master/data/Urban100/image_SRF_4/img_009_SRF_4_HR.png,/home/ubuntu/scratch/sr-diffusion/benchmarks/selfexsr/SelfExSR-master/data/Urban100/image_SRF_4/img_009_SRF_4_LR.png,32.723035624209956,31.06508268876126
Urban100,img_009,realesrgan,/home/ubuntu/scratch/sr-diffusion/benchmark_outputs/realesrgan/Urban100/img_009/RealESRGAN_x4plus.png,/home/ubuntu/scratch/sr-diffusion/benchmarks/selfexsr/SelfExSR-master/data/Urban100/image_SRF_4/img_009_SRF_4_HR.png,/home/ubuntu/scratch/sr-diffusion/benchmarks/selfexsr/SelfExSR-master/data/Urban100/image_SRF_4/img_009_SRF_4_LR.png,30.601137527518777,28.552641137195526
Urban100,img_010,bicubic,generated:matlab_bicubic_resize,/home/ubuntu/scratch/sr-diffusion/benchmarks/selfexsr/SelfExSR-master/data/Urban100/image_SRF_4/img_010_SRF_4_HR.png,/home/ubuntu/scratch/sr-diffusion/benchmarks/selfexsr/SelfExSR-master/data/Urban100/image_SRF_4/img_010_SRF_4_LR.png,23.595973487219002,22.2239239383996
Urban100,img_010,stage2_guarded_off,/home/ubuntu/scratch/sr-diffusion/benchmark_outputs/stage2_guarded_detail_v2_tta_off/Urban100/img_010/base.png,/home/ubuntu/scratch/sr-diffusion/benchmarks/selfexsr/SelfExSR-master/data/Urban100/image_SRF_4/img_010_SRF_4_HR.png,/home/ubuntu/scratch/sr-diffusion/benchmarks/selfexsr/SelfExSR-master/data/Urban100/image_SRF_4/img_010_SRF_4_LR.png,26.572605438048683,25.180034278233805
Urban100,img_010,stage2_guarded_hflip,/home/ubuntu/scratch/sr-diffusion/benchmark_outputs/stage2_guarded_detail_v2_tta_hflip/Urban100/img_010/base.png,/home/ubuntu/scratch/sr-diffusion/benchmarks/selfexsr/SelfExSR-master/data/Urban100/image_SRF_4/img_010_SRF_4_HR.png,/home/ubuntu/scratch/sr-diffusion/benchmarks/selfexsr/SelfExSR-master/data/Urban100/image_SRF_4/img_010_SRF_4_LR.png,26.592570458377764,25.20310673440646
Urban100,img_010,stage2_guarded_x8,/home/ubuntu/scratch/sr-diffusion/benchmark_outputs/stage2_guarded_detail_v2_tta_x8/Urban100/img_010/base.png,/home/ubuntu/scratch/sr-diffusion/benchmarks/selfexsr/SelfExSR-master/data/Urban100/image_SRF_4/img_010_SRF_4_HR.png,/home/ubuntu/scratch/sr-diffusion/benchmarks/selfexsr/SelfExSR-master/data/Urban100/image_SRF_4/img_010_SRF_4_LR.png,26.72056294879036,25.33526135863464
Urban100,img_010,detail_v2_masked,/home/ubuntu/scratch/sr-diffusion/benchmark_outputs/detail_v2_masked/Urban100/img_010/detail.png,/home/ubuntu/scratch/sr-diffusion/benchmarks/selfexsr/SelfExSR-master/data/Urban100/image_SRF_4/img_010_SRF_4_HR.png,/home/ubuntu/scratch/sr-diffusion/benchmarks/selfexsr/SelfExSR-master/data/Urban100/image_SRF_4/img_010_SRF_4_LR.png,27.29107000401922,25.88157271714647
Urban100,img_010,refiner_v2,/home/ubuntu/scratch/sr-diffusion/benchmark_outputs/refiner_v2/Urban100/img_010/refined.png,/home/ubuntu/scratch/sr-diffusion/benchmarks/selfexsr/SelfExSR-master/data/Urban100/image_SRF_4/img_010_SRF_4_HR.png,/home/ubuntu/scratch/sr-diffusion/benchmarks/selfexsr/SelfExSR-master/data/Urban100/image_SRF_4/img_010_SRF_4_LR.png,25.71620952853321,24.329075334829454
Urban100,img_010,realesrgan,/home/ubuntu/scratch/sr-diffusion/benchmark_outputs/realesrgan/Urban100/img_010/RealESRGAN_x4plus.png,/home/ubuntu/scratch/sr-diffusion/benchmarks/selfexsr/SelfExSR-master/data/Urban100/image_SRF_4/img_010_SRF_4_HR.png,/home/ubuntu/scratch/sr-diffusion/benchmarks/selfexsr/SelfExSR-master/data/Urban100/image_SRF_4/img_010_SRF_4_LR.png,24.859976793986846,23.40869357751837
Urban100,img_011,bicubic,generated:matlab_bicubic_resize,/home/ubuntu/scratch/sr-diffusion/benchmarks/selfexsr/SelfExSR-master/data/Urban100/image_SRF_4/img_011_SRF_4_HR.png,/home/ubuntu/scratch/sr-diffusion/benchmarks/selfexsr/SelfExSR-master/data/Urban100/image_SRF_4/img_011_SRF_4_LR.png,16.031358558877024,14.709437247000285
Urban100,img_011,stage2_guarded_off,/home/ubuntu/scratch/sr-diffusion/benchmark_outputs/stage2_guarded_detail_v2_tta_off/Urban100/img_011/base.png,/home/ubuntu/scratch/sr-diffusion/benchmarks/selfexsr/SelfExSR-master/data/Urban100/image_SRF_4/img_011_SRF_4_HR.png,/home/ubuntu/scratch/sr-diffusion/benchmarks/selfexsr/SelfExSR-master/data/Urban100/image_SRF_4/img_011_SRF_4_LR.png,17.713384751778946,16.38961343455587
Urban100,img_011,stage2_guarded_hflip,/home/ubuntu/scratch/sr-diffusion/benchmark_outputs/stage2_guarded_detail_v2_tta_hflip/Urban100/img_011/base.png,/home/ubuntu/scratch/sr-diffusion/benchmarks/selfexsr/SelfExSR-master/data/Urban100/image_SRF_4/img_011_SRF_4_HR.png,/home/ubuntu/scratch/sr-diffusion/benchmarks/selfexsr/SelfExSR-master/data/Urban100/image_SRF_4/img_011_SRF_4_LR.png,17.799857633685523,16.476703335876994
Urban100,img_011,stage2_guarded_x8,/home/ubuntu/scratch/sr-diffusion/benchmark_outputs/stage2_guarded_detail_v2_tta_x8/Urban100/img_011/base.png,/home/ubuntu/scratch/sr-diffusion/benchmarks/selfexsr/SelfExSR-master/data/Urban100/image_SRF_4/img_011_SRF_4_HR.png,/home/ubuntu/scratch/sr-diffusion/benchmarks/selfexsr/SelfExSR-master/data/Urban100/image_SRF_4/img_011_SRF_4_LR.png,17.835601401645754,16.51320235193029
Urban100,img_011,detail_v2_masked,/home/ubuntu/scratch/sr-diffusion/benchmark_outputs/detail_v2_masked/Urban100/img_011/detail.png,/home/ubuntu/scratch/sr-diffusion/benchmarks/selfexsr/SelfExSR-master/data/Urban100/image_SRF_4/img_011_SRF_4_HR.png,/home/ubuntu/scratch/sr-diffusion/benchmarks/selfexsr/SelfExSR-master/data/Urban100/image_SRF_4/img_011_SRF_4_LR.png,17.94790503187396,16.625031078463874
Urban100,img_011,refiner_v2,/home/ubuntu/scratch/sr-diffusion/benchmark_outputs/refiner_v2/Urban100/img_011/refined.png,/home/ubuntu/scratch/sr-diffusion/benchmarks/selfexsr/SelfExSR-master/data/Urban100/image_SRF_4/img_011_SRF_4_HR.png,/home/ubuntu/scratch/sr-diffusion/benchmarks/selfexsr/SelfExSR-master/data/Urban100/image_SRF_4/img_011_SRF_4_LR.png,17.62424181611095,16.302860951614555
Urban100,img_011,realesrgan,/home/ubuntu/scratch/sr-diffusion/benchmark_outputs/realesrgan/Urban100/img_011/RealESRGAN_x4plus.png,/home/ubuntu/scratch/sr-diffusion/benchmarks/selfexsr/SelfExSR-master/data/Urban100/image_SRF_4/img_011_SRF_4_HR.png,/home/ubuntu/scratch/sr-diffusion/benchmarks/selfexsr/SelfExSR-master/data/Urban100/image_SRF_4/img_011_SRF_4_LR.png,16.47907738233487,15.164056059576925
Urban100,img_012,bicubic,generated:matlab_bicubic_resize,/home/ubuntu/scratch/sr-diffusion/benchmarks/selfexsr/SelfExSR-master/data/Urban100/image_SRF_4/img_012_SRF_4_HR.png,/home/ubuntu/scratch/sr-diffusion/benchmarks/selfexsr/SelfExSR-master/data/Urban100/image_SRF_4/img_012_SRF_4_LR.png,22.536116494431294,20.666621513321285
Urban100,img_012,stage2_guarded_off,/home/ubuntu/scratch/sr-diffusion/benchmark_outputs/stage2_guarded_detail_v2_tta_off/Urban100/img_012/base.png,/home/ubuntu/scratch/sr-diffusion/benchmarks/selfexsr/SelfExSR-master/data/Urban100/image_SRF_4/img_012_SRF_4_HR.png,/home/ubuntu/scratch/sr-diffusion/benchmarks/selfexsr/SelfExSR-master/data/Urban100/image_SRF_4/img_012_SRF_4_LR.png,23.59375987152991,21.706976645020184
Urban100,img_012,stage2_guarded_hflip,/home/ubuntu/scratch/sr-diffusion/benchmark_outputs/stage2_guarded_detail_v2_tta_hflip/Urban100/img_012/base.png,/home/ubuntu/scratch/sr-diffusion/benchmarks/selfexsr/SelfExSR-master/data/Urban100/image_SRF_4/img_012_SRF_4_HR.png,/home/ubuntu/scratch/sr-diffusion/benchmarks/selfexsr/SelfExSR-master/data/Urban100/image_SRF_4/img_012_SRF_4_LR.png,23.62349444487419,21.736850086515247
Urban100,img_012,stage2_guarded_x8,/home/ubuntu/scratch/sr-diffusion/benchmark_outputs/stage2_guarded_detail_v2_tta_x8/Urban100/img_012/base.png,/home/ubuntu/scratch/sr-diffusion/benchmarks/selfexsr/SelfExSR-master/data/Urban100/image_SRF_4/img_012_SRF_4_HR.png,/home/ubuntu/scratch/sr-diffusion/benchmarks/selfexsr/SelfExSR-master/data/Urban100/image_SRF_4/img_012_SRF_4_LR.png,23.633200493731835,21.752607769802715
Urban100,img_012,detail_v2_masked,/home/ubuntu/scratch/sr-diffusion/benchmark_outputs/detail_v2_masked/Urban100/img_012/detail.png,/home/ubuntu/scratch/sr-diffusion/benchmarks/selfexsr/SelfExSR-master/data/Urban100/image_SRF_4/img_012_SRF_4_HR.png,/home/ubuntu/scratch/sr-diffusion/benchmarks/selfexsr/SelfExSR-master/data/Urban100/image_SRF_4/img_012_SRF_4_LR.png,23.739499852214834,21.87783076087441
Urban100,img_012,refiner_v2,/home/ubuntu/scratch/sr-diffusion/benchmark_outputs/refiner_v2/Urban100/img_012/refined.png,/home/ubuntu/scratch/sr-diffusion/benchmarks/selfexsr/SelfExSR-master/data/Urban100/image_SRF_4/img_012_SRF_4_HR.png,/home/ubuntu/scratch/sr-diffusion/benchmarks/selfexsr/SelfExSR-master/data/Urban100/image_SRF_4/img_012_SRF_4_LR.png,23.379254156863052,21.486664403576615
Urban100,img_012,realesrgan,/home/ubuntu/scratch/sr-diffusion/benchmark_outputs/realesrgan/Urban100/img_012/RealESRGAN_x4plus.png,/home/ubuntu/scratch/sr-diffusion/benchmarks/selfexsr/SelfExSR-master/data/Urban100/image_SRF_4/img_012_SRF_4_HR.png,/home/ubuntu/scratch/sr-diffusion/benchmarks/selfexsr/SelfExSR-master/data/Urban100/image_SRF_4/img_012_SRF_4_LR.png,21.54761491118293,19.182227223764738
Urban100,img_013,bicubic,generated:matlab_bicubic_resize,/home/ubuntu/scratch/sr-diffusion/benchmarks/selfexsr/SelfExSR-master/data/Urban100/image_SRF_4/img_013_SRF_4_HR.png,/home/ubuntu/scratch/sr-diffusion/benchmarks/selfexsr/SelfExSR-master/data/Urban100/image_SRF_4/img_013_SRF_4_LR.png,26.44583405951056,25.244462678198474
Urban100,img_013,stage2_guarded_off,/home/ubuntu/scratch/sr-diffusion/benchmark_outputs/stage2_guarded_detail_v2_tta_off/Urban100/img_013/base.png,/home/ubuntu/scratch/sr-diffusion/benchmarks/selfexsr/SelfExSR-master/data/Urban100/image_SRF_4/img_013_SRF_4_HR.png,/home/ubuntu/scratch/sr-diffusion/benchmarks/selfexsr/SelfExSR-master/data/Urban100/image_SRF_4/img_013_SRF_4_LR.png,29.08415613643396,27.72068218912386
Urban100,img_013,stage2_guarded_hflip,/home/ubuntu/scratch/sr-diffusion/benchmark_outputs/stage2_guarded_detail_v2_tta_hflip/Urban100/img_013/base.png,/home/ubuntu/scratch/sr-diffusion/benchmarks/selfexsr/SelfExSR-master/data/Urban100/image_SRF_4/img_013_SRF_4_HR.png,/home/ubuntu/scratch/sr-diffusion/benchmarks/selfexsr/SelfExSR-master/data/Urban100/image_SRF_4/img_013_SRF_4_LR.png,29.116068969305523,27.7620134990493
Urban100,img_013,stage2_guarded_x8,/home/ubuntu/scratch/sr-diffusion/benchmark_outputs/stage2_guarded_detail_v2_tta_x8/Urban100/img_013/base.png,/home/ubuntu/scratch/sr-diffusion/benchmarks/selfexsr/SelfExSR-master/data/Urban100/image_SRF_4/img_013_SRF_4_HR.png,/home/ubuntu/scratch/sr-diffusion/benchmarks/selfexsr/SelfExSR-master/data/Urban100/image_SRF_4/img_013_SRF_4_LR.png,29.14732726618434,27.805330827119583
Urban100,img_013,detail_v2_masked,/home/ubuntu/scratch/sr-diffusion/benchmark_outputs/detail_v2_masked/Urban100/img_013/detail.png,/home/ubuntu/scratch/sr-diffusion/benchmarks/selfexsr/SelfExSR-master/data/Urban100/image_SRF_4/img_013_SRF_4_HR.png,/home/ubuntu/scratch/sr-diffusion/benchmarks/selfexsr/SelfExSR-master/data/Urban100/image_SRF_4/img_013_SRF_4_LR.png,29.5435523084244,28.136711350512215
Urban100,img_013,refiner_v2,/home/ubuntu/scratch/sr-diffusion/benchmark_outputs/refiner_v2/Urban100/img_013/refined.png,/home/ubuntu/scratch/sr-diffusion/benchmarks/selfexsr/SelfExSR-master/data/Urban100/image_SRF_4/img_013_SRF_4_HR.png,/home/ubuntu/scratch/sr-diffusion/benchmarks/selfexsr/SelfExSR-master/data/Urban100/image_SRF_4/img_013_SRF_4_LR.png,28.60253007283552,27.282075194897008
Urban100,img_013,realesrgan,/home/ubuntu/scratch/sr-diffusion/benchmark_outputs/realesrgan/Urban100/img_013/RealESRGAN_x4plus.png,/home/ubuntu/scratch/sr-diffusion/benchmarks/selfexsr/SelfExSR-master/data/Urban100/image_SRF_4/img_013_SRF_4_HR.png,/home/ubuntu/scratch/sr-diffusion/benchmarks/selfexsr/SelfExSR-master/data/Urban100/image_SRF_4/img_013_SRF_4_LR.png,26.567393471910613,24.13336343402978
Urban100,img_014,bicubic,generated:matlab_bicubic_resize,/home/ubuntu/scratch/sr-diffusion/benchmarks/selfexsr/SelfExSR-master/data/Urban100/image_SRF_4/img_014_SRF_4_HR.png,/home/ubuntu/scratch/sr-diffusion/benchmarks/selfexsr/SelfExSR-master/data/Urban100/image_SRF_4/img_014_SRF_4_LR.png,21.339486599437528,20.048655752752946
Urban100,img_014,stage2_guarded_off,/home/ubuntu/scratch/sr-diffusion/benchmark_outputs/stage2_guarded_detail_v2_tta_off/Urban100/img_014/base.png,/home/ubuntu/scratch/sr-diffusion/benchmarks/selfexsr/SelfExSR-master/data/Urban100/image_SRF_4/img_014_SRF_4_HR.png,/home/ubuntu/scratch/sr-diffusion/benchmarks/selfexsr/SelfExSR-master/data/Urban100/image_SRF_4/img_014_SRF_4_LR.png,22.25745219033968,20.963404901169667
Urban100,img_014,stage2_guarded_hflip,/home/ubuntu/scratch/sr-diffusion/benchmark_outputs/stage2_guarded_detail_v2_tta_hflip/Urban100/img_014/base.png,/home/ubuntu/scratch/sr-diffusion/benchmarks/selfexsr/SelfExSR-master/data/Urban100/image_SRF_4/img_014_SRF_4_HR.png,/home/ubuntu/scratch/sr-diffusion/benchmarks/selfexsr/SelfExSR-master/data/Urban100/image_SRF_4/img_014_SRF_4_LR.png,22.2693247418532,20.976606221981502
Urban100,img_014,stage2_guarded_x8,/home/ubuntu/scratch/sr-diffusion/benchmark_outputs/stage2_guarded_detail_v2_tta_x8/Urban100/img_014/base.png,/home/ubuntu/scratch/sr-diffusion/benchmarks/selfexsr/SelfExSR-master/data/Urban100/image_SRF_4/img_014_SRF_4_HR.png,/home/ubuntu/scratch/sr-diffusion/benchmarks/selfexsr/SelfExSR-master/data/Urban100/image_SRF_4/img_014_SRF_4_LR.png,22.27840441082695,20.988072232752664
Urban100,img_014,detail_v2_masked,/home/ubuntu/scratch/sr-diffusion/benchmark_outputs/detail_v2_masked/Urban100/img_014/detail.png,/home/ubuntu/scratch/sr-diffusion/benchmarks/selfexsr/SelfExSR-master/data/Urban100/image_SRF_4/img_014_SRF_4_HR.png,/home/ubuntu/scratch/sr-diffusion/benchmarks/selfexsr/SelfExSR-master/data/Urban100/image_SRF_4/img_014_SRF_4_LR.png,22.4582447802066,21.163057260011755
Urban100,img_014,refiner_v2,/home/ubuntu/scratch/sr-diffusion/benchmark_outputs/refiner_v2/Urban100/img_014/refined.png,/home/ubuntu/scratch/sr-diffusion/benchmarks/selfexsr/SelfExSR-master/data/Urban100/image_SRF_4/img_014_SRF_4_HR.png,/home/ubuntu/scratch/sr-diffusion/benchmarks/selfexsr/SelfExSR-master/data/Urban100/image_SRF_4/img_014_SRF_4_LR.png,22.003846212967616,20.67362698378394
Urban100,img_014,realesrgan,/home/ubuntu/scratch/sr-diffusion/benchmark_outputs/realesrgan/Urban100/img_014/RealESRGAN_x4plus.png,/home/ubuntu/scratch/sr-diffusion/benchmarks/selfexsr/SelfExSR-master/data/Urban100/image_SRF_4/img_014_SRF_4_HR.png,/home/ubuntu/scratch/sr-diffusion/benchmarks/selfexsr/SelfExSR-master/data/Urban100/image_SRF_4/img_014_SRF_4_LR.png,20.110907851163095,18.79043051707627
Urban100,img_015,bicubic,generated:matlab_bicubic_resize,/home/ubuntu/scratch/sr-diffusion/benchmarks/selfexsr/SelfExSR-master/data/Urban100/image_SRF_4/img_015_SRF_4_HR.png,/home/ubuntu/scratch/sr-diffusion/benchmarks/selfexsr/SelfExSR-master/data/Urban100/image_SRF_4/img_015_SRF_4_LR.png,23.002766171959212,21.7063326522903
Urban100,img_015,stage2_guarded_off,/home/ubuntu/scratch/sr-diffusion/benchmark_outputs/stage2_guarded_detail_v2_tta_off/Urban100/img_015/base.png,/home/ubuntu/scratch/sr-diffusion/benchmarks/selfexsr/SelfExSR-master/data/Urban100/image_SRF_4/img_015_SRF_4_HR.png,/home/ubuntu/scratch/sr-diffusion/benchmarks/selfexsr/SelfExSR-master/data/Urban100/image_SRF_4/img_015_SRF_4_LR.png,25.704652936857705,24.27713881903855
Urban100,img_015,stage2_guarded_hflip,/home/ubuntu/scratch/sr-diffusion/benchmark_outputs/stage2_guarded_detail_v2_tta_hflip/Urban100/img_015/base.png,/home/ubuntu/scratch/sr-diffusion/benchmarks/selfexsr/SelfExSR-master/data/Urban100/image_SRF_4/img_015_SRF_4_HR.png,/home/ubuntu/scratch/sr-diffusion/benchmarks/selfexsr/SelfExSR-master/data/Urban100/image_SRF_4/img_015_SRF_4_LR.png,25.744009278639464,24.32020182509609
Urban100,img_015,stage2_guarded_x8,/home/ubuntu/scratch/sr-diffusion/benchmark_outputs/stage2_guarded_detail_v2_tta_x8/Urban100/img_015/base.png,/home/ubuntu/scratch/sr-diffusion/benchmarks/selfexsr/SelfExSR-master/data/Urban100/image_SRF_4/img_015_SRF_4_HR.png,/home/ubuntu/scratch/sr-diffusion/benchmarks/selfexsr/SelfExSR-master/data/Urban100/image_SRF_4/img_015_SRF_4_LR.png,25.764908690713895,24.349514432253248
Urban100,img_015,detail_v2_masked,/home/ubuntu/scratch/sr-diffusion/benchmark_outputs/detail_v2_masked/Urban100/img_015/detail.png,/home/ubuntu/scratch/sr-diffusion/benchmarks/selfexsr/SelfExSR-master/data/Urban100/image_SRF_4/img_015_SRF_4_HR.png,/home/ubuntu/scratch/sr-diffusion/benchmarks/selfexsr/SelfExSR-master/data/Urban100/image_SRF_4/img_015_SRF_4_LR.png,26.244093897368934,24.774136842842477
Urban100,img_015,refiner_v2,/home/ubuntu/scratch/sr-diffusion/benchmark_outputs/refiner_v2/Urban100/img_015/refined.png,/home/ubuntu/scratch/sr-diffusion/benchmarks/selfexsr/SelfExSR-master/data/Urban100/image_SRF_4/img_015_SRF_4_HR.png,/home/ubuntu/scratch/sr-diffusion/benchmarks/selfexsr/SelfExSR-master/data/Urban100/image_SRF_4/img_015_SRF_4_LR.png,25.120534644660815,23.720300012555164
Urban100,img_015,realesrgan,/home/ubuntu/scratch/sr-diffusion/benchmark_outputs/realesrgan/Urban100/img_015/RealESRGAN_x4plus.png,/home/ubuntu/scratch/sr-diffusion/benchmarks/selfexsr/SelfExSR-master/data/Urban100/image_SRF_4/img_015_SRF_4_HR.png,/home/ubuntu/scratch/sr-diffusion/benchmarks/selfexsr/SelfExSR-master/data/Urban100/image_SRF_4/img_015_SRF_4_LR.png,23.37466125755811,21.53035206042034
Urban100,img_016,bicubic,generated:matlab_bicubic_resize,/home/ubuntu/scratch/sr-diffusion/benchmarks/selfexsr/SelfExSR-master/data/Urban100/image_SRF_4/img_016_SRF_4_HR.png,/home/ubuntu/scratch/sr-diffusion/benchmarks/selfexsr/SelfExSR-master/data/Urban100/image_SRF_4/img_016_SRF_4_LR.png,25.472137160590236,24.113360268811668
Urban100,img_016,stage2_guarded_off,/home/ubuntu/scratch/sr-diffusion/benchmark_outputs/stage2_guarded_detail_v2_tta_off/Urban100/img_016/base.png,/home/ubuntu/scratch/sr-diffusion/benchmarks/selfexsr/SelfExSR-master/data/Urban100/image_SRF_4/img_016_SRF_4_HR.png,/home/ubuntu/scratch/sr-diffusion/benchmarks/selfexsr/SelfExSR-master/data/Urban100/image_SRF_4/img_016_SRF_4_LR.png,29.35011806675467,27.92668564080694
Urban100,img_016,stage2_guarded_hflip,/home/ubuntu/scratch/sr-diffusion/benchmark_outputs/stage2_guarded_detail_v2_tta_hflip/Urban100/img_016/base.png,/home/ubuntu/scratch/sr-diffusion/benchmarks/selfexsr/SelfExSR-master/data/Urban100/image_SRF_4/img_016_SRF_4_HR.png,/home/ubuntu/scratch/sr-diffusion/benchmarks/selfexsr/SelfExSR-master/data/Urban100/image_SRF_4/img_016_SRF_4_LR.png,29.425151418103226,28.00862487900673
Urban100,img_016,stage2_guarded_x8,/home/ubuntu/scratch/sr-diffusion/benchmark_outputs/stage2_guarded_detail_v2_tta_x8/Urban100/img_016/base.png,/home/ubuntu/scratch/sr-diffusion/benchmarks/selfexsr/SelfExSR-master/data/Urban100/image_SRF_4/img_016_SRF_4_HR.png,/home/ubuntu/scratch/sr-diffusion/benchmarks/selfexsr/SelfExSR-master/data/Urban100/image_SRF_4/img_016_SRF_4_LR.png,29.432055576227558,28.026345795011473
Urban100,img_016,detail_v2_masked,/home/ubuntu/scratch/sr-diffusion/benchmark_outputs/detail_v2_masked/Urban100/img_016/detail.png,/home/ubuntu/scratch/sr-diffusion/benchmarks/selfexsr/SelfExSR-master/data/Urban100/image_SRF_4/img_016_SRF_4_HR.png,/home/ubuntu/scratch/sr-diffusion/benchmarks/selfexsr/SelfExSR-master/data/Urban100/image_SRF_4/img_016_SRF_4_LR.png,29.84583900817543,28.41930901630957
Urban100,img_016,refiner_v2,/home/ubuntu/scratch/sr-diffusion/benchmark_outputs/refiner_v2/Urban100/img_016/refined.png,/home/ubuntu/scratch/sr-diffusion/benchmarks/selfexsr/SelfExSR-master/data/Urban100/image_SRF_4/img_016_SRF_4_HR.png,/home/ubuntu/scratch/sr-diffusion/benchmarks/selfexsr/SelfExSR-master/data/Urban100/image_SRF_4/img_016_SRF_4_LR.png,28.453937202846078,27.026837447507003
Urban100,img_016,realesrgan,/home/ubuntu/scratch/sr-diffusion/benchmark_outputs/realesrgan/Urban100/img_016/RealESRGAN_x4plus.png,/home/ubuntu/scratch/sr-diffusion/benchmarks/selfexsr/SelfExSR-master/data/Urban100/image_SRF_4/img_016_SRF_4_HR.png,/home/ubuntu/scratch/sr-diffusion/benchmarks/selfexsr/SelfExSR-master/data/Urban100/image_SRF_4/img_016_SRF_4_LR.png,25.87403503755987,24.479960876849987
Urban100,img_017,bicubic,generated:matlab_bicubic_resize,/home/ubuntu/scratch/sr-diffusion/benchmarks/selfexsr/SelfExSR-master/data/Urban100/image_SRF_4/img_017_SRF_4_HR.png,/home/ubuntu/scratch/sr-diffusion/benchmarks/selfexsr/SelfExSR-master/data/Urban100/image_SRF_4/img_017_SRF_4_LR.png,23.449101860001576,22.02103895989201
Urban100,img_017,stage2_guarded_off,/home/ubuntu/scratch/sr-diffusion/benchmark_outputs/stage2_guarded_detail_v2_tta_off/Urban100/img_017/base.png,/home/ubuntu/scratch/sr-diffusion/benchmarks/selfexsr/SelfExSR-master/data/Urban100/image_SRF_4/img_017_SRF_4_HR.png,/home/ubuntu/scratch/sr-diffusion/benchmarks/selfexsr/SelfExSR-master/data/Urban100/image_SRF_4/img_017_SRF_4_LR.png,25.209615502036947,23.72279677708962
Urban100,img_017,stage2_guarded_hflip,/home/ubuntu/scratch/sr-diffusion/benchmark_outputs/stage2_guarded_detail_v2_tta_hflip/Urban100/img_017/base.png,/home/ubuntu/scratch/sr-diffusion/benchmarks/selfexsr/SelfExSR-master/data/Urban100/image_SRF_4/img_017_SRF_4_HR.png,/home/ubuntu/scratch/sr-diffusion/benchmarks/selfexsr/SelfExSR-master/data/Urban100/image_SRF_4/img_017_SRF_4_LR.png,25.244535517484948,23.75955096576498
Urban100,img_017,stage2_guarded_x8,/home/ubuntu/scratch/sr-diffusion/benchmark_outputs/stage2_guarded_detail_v2_tta_x8/Urban100/img_017/base.png,/home/ubuntu/scratch/sr-diffusion/benchmarks/selfexsr/SelfExSR-master/data/Urban100/image_SRF_4/img_017_SRF_4_HR.png,/home/ubuntu/scratch/sr-diffusion/benchmarks/selfexsr/SelfExSR-master/data/Urban100/image_SRF_4/img_017_SRF_4_LR.png,25.292055953472506,23.81467371830599
Urban100,img_017,detail_v2_masked,/home/ubuntu/scratch/sr-diffusion/benchmark_outputs/detail_v2_masked/Urban100/img_017/detail.png,/home/ubuntu/scratch/sr-diffusion/benchmarks/selfexsr/SelfExSR-master/data/Urban100/image_SRF_4/img_017_SRF_4_HR.png,/home/ubuntu/scratch/sr-diffusion/benchmarks/selfexsr/SelfExSR-master/data/Urban100/image_SRF_4/img_017_SRF_4_LR.png,25.60390760870435,24.118623690799144
Urban100,img_017,refiner_v2,/home/ubuntu/scratch/sr-diffusion/benchmark_outputs/refiner_v2/Urban100/img_017/refined.png,/home/ubuntu/scratch/sr-diffusion/benchmarks/selfexsr/SelfExSR-master/data/Urban100/image_SRF_4/img_017_SRF_4_HR.png,/home/ubuntu/scratch/sr-diffusion/benchmarks/selfexsr/SelfExSR-master/data/Urban100/image_SRF_4/img_017_SRF_4_LR.png,24.764661954209277,23.292531307123898
Urban100,img_017,realesrgan,/home/ubuntu/scratch/sr-diffusion/benchmark_outputs/realesrgan/Urban100/img_017/RealESRGAN_x4plus.png,/home/ubuntu/scratch/sr-diffusion/benchmarks/selfexsr/SelfExSR-master/data/Urban100/image_SRF_4/img_017_SRF_4_HR.png,/home/ubuntu/scratch/sr-diffusion/benchmarks/selfexsr/SelfExSR-master/data/Urban100/image_SRF_4/img_017_SRF_4_LR.png,21.310598275814797,19.74026600691272
Urban100,img_018,bicubic,generated:matlab_bicubic_resize,/home/ubuntu/scratch/sr-diffusion/benchmarks/selfexsr/SelfExSR-master/data/Urban100/image_SRF_4/img_018_SRF_4_HR.png,/home/ubuntu/scratch/sr-diffusion/benchmarks/selfexsr/SelfExSR-master/data/Urban100/image_SRF_4/img_018_SRF_4_LR.png,24.851534571243633,23.097980869944436
Urban100,img_018,stage2_guarded_off,/home/ubuntu/scratch/sr-diffusion/benchmark_outputs/stage2_guarded_detail_v2_tta_off/Urban100/img_018/base.png,/home/ubuntu/scratch/sr-diffusion/benchmarks/selfexsr/SelfExSR-master/data/Urban100/image_SRF_4/img_018_SRF_4_HR.png,/home/ubuntu/scratch/sr-diffusion/benchmarks/selfexsr/SelfExSR-master/data/Urban100/image_SRF_4/img_018_SRF_4_LR.png,26.207726179192644,24.4180045743812
Urban100,img_018,stage2_guarded_hflip,/home/ubuntu/scratch/sr-diffusion/benchmark_outputs/stage2_guarded_detail_v2_tta_hflip/Urban100/img_018/base.png,/home/ubuntu/scratch/sr-diffusion/benchmarks/selfexsr/SelfExSR-master/data/Urban100/image_SRF_4/img_018_SRF_4_HR.png,/home/ubuntu/scratch/sr-diffusion/benchmarks/selfexsr/SelfExSR-master/data/Urban100/image_SRF_4/img_018_SRF_4_LR.png,26.229588872321212,24.446950266204297
Urban100,img_018,stage2_guarded_x8,/home/ubuntu/scratch/sr-diffusion/benchmark_outputs/stage2_guarded_detail_v2_tta_x8/Urban100/img_018/base.png,/home/ubuntu/scratch/sr-diffusion/benchmarks/selfexsr/SelfExSR-master/data/Urban100/image_SRF_4/img_018_SRF_4_HR.png,/home/ubuntu/scratch/sr-diffusion/benchmarks/selfexsr/SelfExSR-master/data/Urban100/image_SRF_4/img_018_SRF_4_LR.png,26.262732348597527,24.479910880252266
Urban100,img_018,detail_v2_masked,/home/ubuntu/scratch/sr-diffusion/benchmark_outputs/detail_v2_masked/Urban100/img_018/detail.png,/home/ubuntu/scratch/sr-diffusion/benchmarks/selfexsr/SelfExSR-master/data/Urban100/image_SRF_4/img_018_SRF_4_HR.png,/home/ubuntu/scratch/sr-diffusion/benchmarks/selfexsr/SelfExSR-master/data/Urban100/image_SRF_4/img_018_SRF_4_LR.png,26.309090980882786,24.52527057200459
Urban100,img_018,refiner_v2,/home/ubuntu/scratch/sr-diffusion/benchmark_outputs/refiner_v2/Urban100/img_018/refined.png,/home/ubuntu/scratch/sr-diffusion/benchmarks/selfexsr/SelfExSR-master/data/Urban100/image_SRF_4/img_018_SRF_4_HR.png,/home/ubuntu/scratch/sr-diffusion/benchmarks/selfexsr/SelfExSR-master/data/Urban100/image_SRF_4/img_018_SRF_4_LR.png,26.001092179712888,24.228334393093544
Urban100,img_018,realesrgan,/home/ubuntu/scratch/sr-diffusion/benchmark_outputs/realesrgan/Urban100/img_018/RealESRGAN_x4plus.png,/home/ubuntu/scratch/sr-diffusion/benchmarks/selfexsr/SelfExSR-master/data/Urban100/image_SRF_4/img_018_SRF_4_HR.png,/home/ubuntu/scratch/sr-diffusion/benchmarks/selfexsr/SelfExSR-master/data/Urban100/image_SRF_4/img_018_SRF_4_LR.png,24.389637046269517,22.325810314028832
Urban100,img_019,bicubic,generated:matlab_bicubic_resize,/home/ubuntu/scratch/sr-diffusion/benchmarks/selfexsr/SelfExSR-master/data/Urban100/image_SRF_4/img_019_SRF_4_HR.png,/home/ubuntu/scratch/sr-diffusion/benchmarks/selfexsr/SelfExSR-master/data/Urban100/image_SRF_4/img_019_SRF_4_LR.png,19.04144760906948,17.699774648424395
Urban100,img_019,stage2_guarded_off,/home/ubuntu/scratch/sr-diffusion/benchmark_outputs/stage2_guarded_detail_v2_tta_off/Urban100/img_019/base.png,/home/ubuntu/scratch/sr-diffusion/benchmarks/selfexsr/SelfExSR-master/data/Urban100/image_SRF_4/img_019_SRF_4_HR.png,/home/ubuntu/scratch/sr-diffusion/benchmarks/selfexsr/SelfExSR-master/data/Urban100/image_SRF_4/img_019_SRF_4_LR.png,21.088498353566024,19.650233549872368
Urban100,img_019,stage2_guarded_hflip,/home/ubuntu/scratch/sr-diffusion/benchmark_outputs/stage2_guarded_detail_v2_tta_hflip/Urban100/img_019/base.png,/home/ubuntu/scratch/sr-diffusion/benchmarks/selfexsr/SelfExSR-master/data/Urban100/image_SRF_4/img_019_SRF_4_HR.png,/home/ubuntu/scratch/sr-diffusion/benchmarks/selfexsr/SelfExSR-master/data/Urban100/image_SRF_4/img_019_SRF_4_LR.png,21.159027898837643,19.722882806821175
Urban100,img_019,stage2_guarded_x8,/home/ubuntu/scratch/sr-diffusion/benchmark_outputs/stage2_guarded_detail_v2_tta_x8/Urban100/img_019/base.png,/home/ubuntu/scratch/sr-diffusion/benchmarks/selfexsr/SelfExSR-master/data/Urban100/image_SRF_4/img_019_SRF_4_HR.png,/home/ubuntu/scratch/sr-diffusion/benchmarks/selfexsr/SelfExSR-master/data/Urban100/image_SRF_4/img_019_SRF_4_LR.png,21.23507789546497,19.80116545297399
Urban100,img_019,detail_v2_masked,/home/ubuntu/scratch/sr-diffusion/benchmark_outputs/detail_v2_masked/Urban100/img_019/detail.png,/home/ubuntu/scratch/sr-diffusion/benchmarks/selfexsr/SelfExSR-master/data/Urban100/image_SRF_4/img_019_SRF_4_HR.png,/home/ubuntu/scratch/sr-diffusion/benchmarks/selfexsr/SelfExSR-master/data/Urban100/image_SRF_4/img_019_SRF_4_LR.png,21.589590105087048,20.136529495116573
Urban100,img_019,refiner_v2,/home/ubuntu/scratch/sr-diffusion/benchmark_outputs/refiner_v2/Urban100/img_019/refined.png,/home/ubuntu/scratch/sr-diffusion/benchmarks/selfexsr/SelfExSR-master/data/Urban100/image_SRF_4/img_019_SRF_4_HR.png,/home/ubuntu/scratch/sr-diffusion/benchmarks/selfexsr/SelfExSR-master/data/Urban100/image_SRF_4/img_019_SRF_4_LR.png,20.677698041727666,19.266180243164403
Urban100,img_019,realesrgan,/home/ubuntu/scratch/sr-diffusion/benchmark_outputs/realesrgan/Urban100/img_019/RealESRGAN_x4plus.png,/home/ubuntu/scratch/sr-diffusion/benchmarks/selfexsr/SelfExSR-master/data/Urban100/image_SRF_4/img_019_SRF_4_HR.png,/home/ubuntu/scratch/sr-diffusion/benchmarks/selfexsr/SelfExSR-master/data/Urban100/image_SRF_4/img_019_SRF_4_LR.png,19.140847567483604,17.688868595567687
Urban100,img_020,bicubic,generated:matlab_bicubic_resize,/home/ubuntu/scratch/sr-diffusion/benchmarks/selfexsr/SelfExSR-master/data/Urban100/image_SRF_4/img_020_SRF_4_HR.png,/home/ubuntu/scratch/sr-diffusion/benchmarks/selfexsr/SelfExSR-master/data/Urban100/image_SRF_4/img_020_SRF_4_LR.png,20.47143042494578,19.09909649288525
Urban100,img_020,stage2_guarded_off,/home/ubuntu/scratch/sr-diffusion/benchmark_outputs/stage2_guarded_detail_v2_tta_off/Urban100/img_020/base.png,/home/ubuntu/scratch/sr-diffusion/benchmarks/selfexsr/SelfExSR-master/data/Urban100/image_SRF_4/img_020_SRF_4_HR.png,/home/ubuntu/scratch/sr-diffusion/benchmarks/selfexsr/SelfExSR-master/data/Urban100/image_SRF_4/img_020_SRF_4_LR.png,21.821719940357216,20.44863859730293
Urban100,img_020,stage2_guarded_hflip,/home/ubuntu/scratch/sr-diffusion/benchmark_outputs/stage2_guarded_detail_v2_tta_hflip/Urban100/img_020/base.png,/home/ubuntu/scratch/sr-diffusion/benchmarks/selfexsr/SelfExSR-master/data/Urban100/image_SRF_4/img_020_SRF_4_HR.png,/home/ubuntu/scratch/sr-diffusion/benchmarks/selfexsr/SelfExSR-master/data/Urban100/image_SRF_4/img_020_SRF_4_LR.png,21.853799839241592,20.482291009437006
Urban100,img_020,stage2_guarded_x8,/home/ubuntu/scratch/sr-diffusion/benchmark_outputs/stage2_guarded_detail_v2_tta_x8/Urban100/img_020/base.png,/home/ubuntu/scratch/sr-diffusion/benchmarks/selfexsr/SelfExSR-master/data/Urban100/image_SRF_4/img_020_SRF_4_HR.png,/home/ubuntu/scratch/sr-diffusion/benchmarks/selfexsr/SelfExSR-master/data/Urban100/image_SRF_4/img_020_SRF_4_LR.png,21.869366698853952,20.499742549667403
Urban100,img_020,detail_v2_masked,/home/ubuntu/scratch/sr-diffusion/benchmark_outputs/detail_v2_masked/Urban100/img_020/detail.png,/home/ubuntu/scratch/sr-diffusion/benchmarks/selfexsr/SelfExSR-master/data/Urban100/image_SRF_4/img_020_SRF_4_HR.png,/home/ubuntu/scratch/sr-diffusion/benchmarks/selfexsr/SelfExSR-master/data/Urban100/image_SRF_4/img_020_SRF_4_LR.png,22.046639547015992,20.67816310083468
Urban100,img_020,refiner_v2,/home/ubuntu/scratch/sr-diffusion/benchmark_outputs/refiner_v2/Urban100/img_020/refined.png,/home/ubuntu/scratch/sr-diffusion/benchmarks/selfexsr/SelfExSR-master/data/Urban100/image_SRF_4/img_020_SRF_4_HR.png,/home/ubuntu/scratch/sr-diffusion/benchmarks/selfexsr/SelfExSR-master/data/Urban100/image_SRF_4/img_020_SRF_4_LR.png,21.61614184230324,20.240847381335865
Urban100,img_020,realesrgan,/home/ubuntu/scratch/sr-diffusion/benchmark_outputs/realesrgan/Urban100/img_020/RealESRGAN_x4plus.png,/home/ubuntu/scratch/sr-diffusion/benchmarks/selfexsr/SelfExSR-master/data/Urban100/image_SRF_4/img_020_SRF_4_HR.png,/home/ubuntu/scratch/sr-diffusion/benchmarks/selfexsr/SelfExSR-master/data/Urban100/image_SRF_4/img_020_SRF_4_LR.png,19.34882478374387,17.911462856380695
Urban100,img_021,bicubic,generated:matlab_bicubic_resize,/home/ubuntu/scratch/sr-diffusion/benchmarks/selfexsr/SelfExSR-master/data/Urban100/image_SRF_4/img_021_SRF_4_HR.png,/home/ubuntu/scratch/sr-diffusion/benchmarks/selfexsr/SelfExSR-master/data/Urban100/image_SRF_4/img_021_SRF_4_LR.png,27.735499361159384,26.336831057074292
Urban100,img_021,stage2_guarded_off,/home/ubuntu/scratch/sr-diffusion/benchmark_outputs/stage2_guarded_detail_v2_tta_off/Urban100/img_021/base.png,/home/ubuntu/scratch/sr-diffusion/benchmarks/selfexsr/SelfExSR-master/data/Urban100/image_SRF_4/img_021_SRF_4_HR.png,/home/ubuntu/scratch/sr-diffusion/benchmarks/selfexsr/SelfExSR-master/data/Urban100/image_SRF_4/img_021_SRF_4_LR.png,29.37194414305762,27.974201754906495
Urban100,img_021,stage2_guarded_hflip,/home/ubuntu/scratch/sr-diffusion/benchmark_outputs/stage2_guarded_detail_v2_tta_hflip/Urban100/img_021/base.png,/home/ubuntu/scratch/sr-diffusion/benchmarks/selfexsr/SelfExSR-master/data/Urban100/image_SRF_4/img_021_SRF_4_HR.png,/home/ubuntu/scratch/sr-diffusion/benchmarks/selfexsr/SelfExSR-master/data/Urban100/image_SRF_4/img_021_SRF_4_LR.png,29.410755038126627,28.01819036130969
Urban100,img_021,stage2_guarded_x8,/home/ubuntu/scratch/sr-diffusion/benchmark_outputs/stage2_guarded_detail_v2_tta_x8/Urban100/img_021/base.png,/home/ubuntu/scratch/sr-diffusion/benchmarks/selfexsr/SelfExSR-master/data/Urban100/image_SRF_4/img_021_SRF_4_HR.png,/home/ubuntu/scratch/sr-diffusion/benchmarks/selfexsr/SelfExSR-master/data/Urban100/image_SRF_4/img_021_SRF_4_LR.png,29.456722605729357,28.073866250655936
Urban100,img_021,detail_v2_masked,/home/ubuntu/scratch/sr-diffusion/benchmark_outputs/detail_v2_masked/Urban100/img_021/detail.png,/home/ubuntu/scratch/sr-diffusion/benchmarks/selfexsr/SelfExSR-master/data/Urban100/image_SRF_4/img_021_SRF_4_HR.png,/home/ubuntu/scratch/sr-diffusion/benchmarks/selfexsr/SelfExSR-master/data/Urban100/image_SRF_4/img_021_SRF_4_LR.png,29.645362725127328,28.23692898287678
Urban100,img_021,refiner_v2,/home/ubuntu/scratch/sr-diffusion/benchmark_outputs/refiner_v2/Urban100/img_021/refined.png,/home/ubuntu/scratch/sr-diffusion/benchmarks/selfexsr/SelfExSR-master/data/Urban100/image_SRF_4/img_021_SRF_4_HR.png,/home/ubuntu/scratch/sr-diffusion/benchmarks/selfexsr/SelfExSR-master/data/Urban100/image_SRF_4/img_021_SRF_4_LR.png,28.919607118936874,27.525170685020292
Urban100,img_021,realesrgan,/home/ubuntu/scratch/sr-diffusion/benchmark_outputs/realesrgan/Urban100/img_021/RealESRGAN_x4plus.png,/home/ubuntu/scratch/sr-diffusion/benchmarks/selfexsr/SelfExSR-master/data/Urban100/image_SRF_4/img_021_SRF_4_HR.png,/home/ubuntu/scratch/sr-diffusion/benchmarks/selfexsr/SelfExSR-master/data/Urban100/image_SRF_4/img_021_SRF_4_LR.png,25.976924222894525,24.443448090600384
Urban100,img_022,bicubic,generated:matlab_bicubic_resize,/home/ubuntu/scratch/sr-diffusion/benchmarks/selfexsr/SelfExSR-master/data/Urban100/image_SRF_4/img_022_SRF_4_HR.png,/home/ubuntu/scratch/sr-diffusion/benchmarks/selfexsr/SelfExSR-master/data/Urban100/image_SRF_4/img_022_SRF_4_LR.png,25.082862403988138,23.75551337537223
Urban100,img_022,stage2_guarded_off,/home/ubuntu/scratch/sr-diffusion/benchmark_outputs/stage2_guarded_detail_v2_tta_off/Urban100/img_022/base.png,/home/ubuntu/scratch/sr-diffusion/benchmarks/selfexsr/SelfExSR-master/data/Urban100/image_SRF_4/img_022_SRF_4_HR.png,/home/ubuntu/scratch/sr-diffusion/benchmarks/selfexsr/SelfExSR-master/data/Urban100/image_SRF_4/img_022_SRF_4_LR.png,25.907913260356445,24.570613102146325
Urban100,img_022,stage2_guarded_hflip,/home/ubuntu/scratch/sr-diffusion/benchmark_outputs/stage2_guarded_detail_v2_tta_hflip/Urban100/img_022/base.png,/home/ubuntu/scratch/sr-diffusion/benchmarks/selfexsr/SelfExSR-master/data/Urban100/image_SRF_4/img_022_SRF_4_HR.png,/home/ubuntu/scratch/sr-diffusion/benchmarks/selfexsr/SelfExSR-master/data/Urban100/image_SRF_4/img_022_SRF_4_LR.png,25.92553054099386,24.58871706253159
Urban100,img_022,stage2_guarded_x8,/home/ubuntu/scratch/sr-diffusion/benchmark_outputs/stage2_guarded_detail_v2_tta_x8/Urban100/img_022/base.png,/home/ubuntu/scratch/sr-diffusion/benchmarks/selfexsr/SelfExSR-master/data/Urban100/image_SRF_4/img_022_SRF_4_HR.png,/home/ubuntu/scratch/sr-diffusion/benchmarks/selfexsr/SelfExSR-master/data/Urban100/image_SRF_4/img_022_SRF_4_LR.png,25.939042862264778,24.603440242960982
Urban100,img_022,detail_v2_masked,/home/ubuntu/scratch/sr-diffusion/benchmark_outputs/detail_v2_masked/Urban100/img_022/detail.png,/home/ubuntu/scratch/sr-diffusion/benchmarks/selfexsr/SelfExSR-master/data/Urban100/image_SRF_4/img_022_SRF_4_HR.png,/home/ubuntu/scratch/sr-diffusion/benchmarks/selfexsr/SelfExSR-master/data/Urban100/image_SRF_4/img_022_SRF_4_LR.png,26.00671620530273,24.666643565546252
Urban100,img_022,refiner_v2,/home/ubuntu/scratch/sr-diffusion/benchmark_outputs/refiner_v2/Urban100/img_022/refined.png,/home/ubuntu/scratch/sr-diffusion/benchmarks/selfexsr/SelfExSR-master/data/Urban100/image_SRF_4/img_022_SRF_4_HR.png,/home/ubuntu/scratch/sr-diffusion/benchmarks/selfexsr/SelfExSR-master/data/Urban100/image_SRF_4/img_022_SRF_4_LR.png,25.77076618354483,24.436456145139832
Urban100,img_022,realesrgan,/home/ubuntu/scratch/sr-diffusion/benchmark_outputs/realesrgan/Urban100/img_022/RealESRGAN_x4plus.png,/home/ubuntu/scratch/sr-diffusion/benchmarks/selfexsr/SelfExSR-master/data/Urban100/image_SRF_4/img_022_SRF_4_HR.png,/home/ubuntu/scratch/sr-diffusion/benchmarks/selfexsr/SelfExSR-master/data/Urban100/image_SRF_4/img_022_SRF_4_LR.png,23.84507480940275,22.438956415633843
Urban100,img_023,bicubic,generated:matlab_bicubic_resize,/home/ubuntu/scratch/sr-diffusion/benchmarks/selfexsr/SelfExSR-master/data/Urban100/image_SRF_4/img_023_SRF_4_HR.png,/home/ubuntu/scratch/sr-diffusion/benchmarks/selfexsr/SelfExSR-master/data/Urban100/image_SRF_4/img_023_SRF_4_LR.png,26.437912811680576,24.787371565806126
Urban100,img_023,stage2_guarded_off,/home/ubuntu/scratch/sr-diffusion/benchmark_outputs/stage2_guarded_detail_v2_tta_off/Urban100/img_023/base.png,/home/ubuntu/scratch/sr-diffusion/benchmarks/selfexsr/SelfExSR-master/data/Urban100/image_SRF_4/img_023_SRF_4_HR.png,/home/ubuntu/scratch/sr-diffusion/benchmarks/selfexsr/SelfExSR-master/data/Urban100/image_SRF_4/img_023_SRF_4_LR.png,29.372286011021487,27.576657655691065
Urban100,img_023,stage2_guarded_hflip,/home/ubuntu/scratch/sr-diffusion/benchmark_outputs/stage2_guarded_detail_v2_tta_hflip/Urban100/img_023/base.png,/home/ubuntu/scratch/sr-diffusion/benchmarks/selfexsr/SelfExSR-master/data/Urban100/image_SRF_4/img_023_SRF_4_HR.png,/home/ubuntu/scratch/sr-diffusion/benchmarks/selfexsr/SelfExSR-master/data/Urban100/image_SRF_4/img_023_SRF_4_LR.png,29.40876071144387,27.630009387537346
Urban100,img_023,stage2_guarded_x8,/home/ubuntu/scratch/sr-diffusion/benchmark_outputs/stage2_guarded_detail_v2_tta_x8/Urban100/img_023/base.png,/home/ubuntu/scratch/sr-diffusion/benchmarks/selfexsr/SelfExSR-master/data/Urban100/image_SRF_4/img_023_SRF_4_HR.png,/home/ubuntu/scratch/sr-diffusion/benchmarks/selfexsr/SelfExSR-master/data/Urban100/image_SRF_4/img_023_SRF_4_LR.png,29.512426473348903,27.73279597867039
Urban100,img_023,detail_v2_masked,/home/ubuntu/scratch/sr-diffusion/benchmark_outputs/detail_v2_masked/Urban100/img_023/detail.png,/home/ubuntu/scratch/sr-diffusion/benchmarks/selfexsr/SelfExSR-master/data/Urban100/image_SRF_4/img_023_SRF_4_HR.png,/home/ubuntu/scratch/sr-diffusion/benchmarks/selfexsr/SelfExSR-master/data/Urban100/image_SRF_4/img_023_SRF_4_LR.png,29.814099737261902,28.005481644026116
Urban100,img_023,refiner_v2,/home/ubuntu/scratch/sr-diffusion/benchmark_outputs/refiner_v2/Urban100/img_023/refined.png,/home/ubuntu/scratch/sr-diffusion/benchmarks/selfexsr/SelfExSR-master/data/Urban100/image_SRF_4/img_023_SRF_4_HR.png,/home/ubuntu/scratch/sr-diffusion/benchmarks/selfexsr/SelfExSR-master/data/Urban100/image_SRF_4/img_023_SRF_4_LR.png,28.528822211729054,26.728967377306894
Urban100,img_023,realesrgan,/home/ubuntu/scratch/sr-diffusion/benchmark_outputs/realesrgan/Urban100/img_023/RealESRGAN_x4plus.png,/home/ubuntu/scratch/sr-diffusion/benchmarks/selfexsr/SelfExSR-master/data/Urban100/image_SRF_4/img_023_SRF_4_HR.png,/home/ubuntu/scratch/sr-diffusion/benchmarks/selfexsr/SelfExSR-master/data/Urban100/image_SRF_4/img_023_SRF_4_LR.png,23.126726876407695,20.740287234632664
Urban100,img_024,bicubic,generated:matlab_bicubic_resize,/home/ubuntu/scratch/sr-diffusion/benchmarks/selfexsr/SelfExSR-master/data/Urban100/image_SRF_4/img_024_SRF_4_HR.png,/home/ubuntu/scratch/sr-diffusion/benchmarks/selfexsr/SelfExSR-master/data/Urban100/image_SRF_4/img_024_SRF_4_LR.png,18.140174179153,16.82093152536217
Urban100,img_024,stage2_guarded_off,/home/ubuntu/scratch/sr-diffusion/benchmark_outputs/stage2_guarded_detail_v2_tta_off/Urban100/img_024/base.png,/home/ubuntu/scratch/sr-diffusion/benchmarks/selfexsr/SelfExSR-master/data/Urban100/image_SRF_4/img_024_SRF_4_HR.png,/home/ubuntu/scratch/sr-diffusion/benchmarks/selfexsr/SelfExSR-master/data/Urban100/image_SRF_4/img_024_SRF_4_LR.png,19.630518372807767,18.274131953061108
Urban100,img_024,stage2_guarded_hflip,/home/ubuntu/scratch/sr-diffusion/benchmark_outputs/stage2_guarded_detail_v2_tta_hflip/Urban100/img_024/base.png,/home/ubuntu/scratch/sr-diffusion/benchmarks/selfexsr/SelfExSR-master/data/Urban100/image_SRF_4/img_024_SRF_4_HR.png,/home/ubuntu/scratch/sr-diffusion/benchmarks/selfexsr/SelfExSR-master/data/Urban100/image_SRF_4/img_024_SRF_4_LR.png,19.626433301004226,18.27336760642883
Urban100,img_024,stage2_guarded_x8,/home/ubuntu/scratch/sr-diffusion/benchmark_outputs/stage2_guarded_detail_v2_tta_x8/Urban100/img_024/base.png,/home/ubuntu/scratch/sr-diffusion/benchmarks/selfexsr/SelfExSR-master/data/Urban100/image_SRF_4/img_024_SRF_4_HR.png,/home/ubuntu/scratch/sr-diffusion/benchmarks/selfexsr/SelfExSR-master/data/Urban100/image_SRF_4/img_024_SRF_4_LR.png,19.66525140468738,18.317278190236713
Urban100,img_024,detail_v2_masked,/home/ubuntu/scratch/sr-diffusion/benchmark_outputs/detail_v2_masked/Urban100/img_024/detail.png,/home/ubuntu/scratch/sr-diffusion/benchmarks/selfexsr/SelfExSR-master/data/Urban100/image_SRF_4/img_024_SRF_4_HR.png,/home/ubuntu/scratch/sr-diffusion/benchmarks/selfexsr/SelfExSR-master/data/Urban100/image_SRF_4/img_024_SRF_4_LR.png,19.650129620210233,18.300633182018846
Urban100,img_024,refiner_v2,/home/ubuntu/scratch/sr-diffusion/benchmark_outputs/refiner_v2/Urban100/img_024/refined.png,/home/ubuntu/scratch/sr-diffusion/benchmarks/selfexsr/SelfExSR-master/data/Urban100/image_SRF_4/img_024_SRF_4_HR.png,/home/ubuntu/scratch/sr-diffusion/benchmarks/selfexsr/SelfExSR-master/data/Urban100/image_SRF_4/img_024_SRF_4_LR.png,19.426945575424167,18.078116830397548
Urban100,img_024,realesrgan,/home/ubuntu/scratch/sr-diffusion/benchmark_outputs/realesrgan/Urban100/img_024/RealESRGAN_x4plus.png,/home/ubuntu/scratch/sr-diffusion/benchmarks/selfexsr/SelfExSR-master/data/Urban100/image_SRF_4/img_024_SRF_4_HR.png,/home/ubuntu/scratch/sr-diffusion/benchmarks/selfexsr/SelfExSR-master/data/Urban100/image_SRF_4/img_024_SRF_4_LR.png,18.665785963753805,17.237963092420294
Urban100,img_025,bicubic,generated:matlab_bicubic_resize,/home/ubuntu/scratch/sr-diffusion/benchmarks/selfexsr/SelfExSR-master/data/Urban100/image_SRF_4/img_025_SRF_4_HR.png,/home/ubuntu/scratch/sr-diffusion/benchmarks/selfexsr/SelfExSR-master/data/Urban100/image_SRF_4/img_025_SRF_4_LR.png,26.168014348225917,24.845806912334307
Urban100,img_025,stage2_guarded_off,/home/ubuntu/scratch/sr-diffusion/benchmark_outputs/stage2_guarded_detail_v2_tta_off/Urban100/img_025/base.png,/home/ubuntu/scratch/sr-diffusion/benchmarks/selfexsr/SelfExSR-master/data/Urban100/image_SRF_4/img_025_SRF_4_HR.png,/home/ubuntu/scratch/sr-diffusion/benchmarks/selfexsr/SelfExSR-master/data/Urban100/image_SRF_4/img_025_SRF_4_LR.png,31.52338359812434,30.050248488720857
Urban100,img_025,stage2_guarded_hflip,/home/ubuntu/scratch/sr-diffusion/benchmark_outputs/stage2_guarded_detail_v2_tta_hflip/Urban100/img_025/base.png,/home/ubuntu/scratch/sr-diffusion/benchmarks/selfexsr/SelfExSR-master/data/Urban100/image_SRF_4/img_025_SRF_4_HR.png,/home/ubuntu/scratch/sr-diffusion/benchmarks/selfexsr/SelfExSR-master/data/Urban100/image_SRF_4/img_025_SRF_4_LR.png,31.645991215699336,30.163830452125588
Urban100,img_025,stage2_guarded_x8,/home/ubuntu/scratch/sr-diffusion/benchmark_outputs/stage2_guarded_detail_v2_tta_x8/Urban100/img_025/base.png,/home/ubuntu/scratch/sr-diffusion/benchmarks/selfexsr/SelfExSR-master/data/Urban100/image_SRF_4/img_025_SRF_4_HR.png,/home/ubuntu/scratch/sr-diffusion/benchmarks/selfexsr/SelfExSR-master/data/Urban100/image_SRF_4/img_025_SRF_4_LR.png,31.634390819137103,30.16320602296144
Urban100,img_025,detail_v2_masked,/home/ubuntu/scratch/sr-diffusion/benchmark_outputs/detail_v2_masked/Urban100/img_025/detail.png,/home/ubuntu/scratch/sr-diffusion/benchmarks/selfexsr/SelfExSR-master/data/Urban100/image_SRF_4/img_025_SRF_4_HR.png,/home/ubuntu/scratch/sr-diffusion/benchmarks/selfexsr/SelfExSR-master/data/Urban100/image_SRF_4/img_025_SRF_4_LR.png,32.322501913040554,30.795708658602713
Urban100,img_025,refiner_v2,/home/ubuntu/scratch/sr-diffusion/benchmark_outputs/refiner_v2/Urban100/img_025/refined.png,/home/ubuntu/scratch/sr-diffusion/benchmarks/selfexsr/SelfExSR-master/data/Urban100/image_SRF_4/img_025_SRF_4_HR.png,/home/ubuntu/scratch/sr-diffusion/benchmarks/selfexsr/SelfExSR-master/data/Urban100/image_SRF_4/img_025_SRF_4_LR.png,30.76023487482505,29.31188543245632
Urban100,img_025,realesrgan,/home/ubuntu/scratch/sr-diffusion/benchmark_outputs/realesrgan/Urban100/img_025/RealESRGAN_x4plus.png,/home/ubuntu/scratch/sr-diffusion/benchmarks/selfexsr/SelfExSR-master/data/Urban100/image_SRF_4/img_025_SRF_4_HR.png,/home/ubuntu/scratch/sr-diffusion/benchmarks/selfexsr/SelfExSR-master/data/Urban100/image_SRF_4/img_025_SRF_4_LR.png,26.921353411000453,25.427805266218627
Urban100,img_026,bicubic,generated:matlab_bicubic_resize,/home/ubuntu/scratch/sr-diffusion/benchmarks/selfexsr/SelfExSR-master/data/Urban100/image_SRF_4/img_026_SRF_4_HR.png,/home/ubuntu/scratch/sr-diffusion/benchmarks/selfexsr/SelfExSR-master/data/Urban100/image_SRF_4/img_026_SRF_4_LR.png,25.468174238299003,24.082437383122645
Urban100,img_026,stage2_guarded_off,/home/ubuntu/scratch/sr-diffusion/benchmark_outputs/stage2_guarded_detail_v2_tta_off/Urban100/img_026/base.png,/home/ubuntu/scratch/sr-diffusion/benchmarks/selfexsr/SelfExSR-master/data/Urban100/image_SRF_4/img_026_SRF_4_HR.png,/home/ubuntu/scratch/sr-diffusion/benchmarks/selfexsr/SelfExSR-master/data/Urban100/image_SRF_4/img_026_SRF_4_LR.png,27.536746013568333,26.09154387538432
Urban100,img_026,stage2_guarded_hflip,/home/ubuntu/scratch/sr-diffusion/benchmark_outputs/stage2_guarded_detail_v2_tta_hflip/Urban100/img_026/base.png,/home/ubuntu/scratch/sr-diffusion/benchmarks/selfexsr/SelfExSR-master/data/Urban100/image_SRF_4/img_026_SRF_4_HR.png,/home/ubuntu/scratch/sr-diffusion/benchmarks/selfexsr/SelfExSR-master/data/Urban100/image_SRF_4/img_026_SRF_4_LR.png,27.618269506690524,26.174165547005337
Urban100,img_026,stage2_guarded_x8,/home/ubuntu/scratch/sr-diffusion/benchmark_outputs/stage2_guarded_detail_v2_tta_x8/Urban100/img_026/base.png,/home/ubuntu/scratch/sr-diffusion/benchmarks/selfexsr/SelfExSR-master/data/Urban100/image_SRF_4/img_026_SRF_4_HR.png,/home/ubuntu/scratch/sr-diffusion/benchmarks/selfexsr/SelfExSR-master/data/Urban100/image_SRF_4/img_026_SRF_4_LR.png,27.750662485739575,26.302640014411054
Urban100,img_026,detail_v2_masked,/home/ubuntu/scratch/sr-diffusion/benchmark_outputs/detail_v2_masked/Urban100/img_026/detail.png,/home/ubuntu/scratch/sr-diffusion/benchmarks/selfexsr/SelfExSR-master/data/Urban100/image_SRF_4/img_026_SRF_4_HR.png,/home/ubuntu/scratch/sr-diffusion/benchmarks/selfexsr/SelfExSR-master/data/Urban100/image_SRF_4/img_026_SRF_4_LR.png,28.021216228642206,26.54909626684229
Urban100,img_026,refiner_v2,/home/ubuntu/scratch/sr-diffusion/benchmark_outputs/refiner_v2/Urban100/img_026/refined.png,/home/ubuntu/scratch/sr-diffusion/benchmarks/selfexsr/SelfExSR-master/data/Urban100/image_SRF_4/img_026_SRF_4_HR.png,/home/ubuntu/scratch/sr-diffusion/benchmarks/selfexsr/SelfExSR-master/data/Urban100/image_SRF_4/img_026_SRF_4_LR.png,26.9574341411758,25.52841496636328
Urban100,img_026,realesrgan,/home/ubuntu/scratch/sr-diffusion/benchmark_outputs/realesrgan/Urban100/img_026/RealESRGAN_x4plus.png,/home/ubuntu/scratch/sr-diffusion/benchmarks/selfexsr/SelfExSR-master/data/Urban100/image_SRF_4/img_026_SRF_4_HR.png,/home/ubuntu/scratch/sr-diffusion/benchmarks/selfexsr/SelfExSR-master/data/Urban100/image_SRF_4/img_026_SRF_4_LR.png,26.351803729429932,24.79545130889949
Urban100,img_027,bicubic,generated:matlab_bicubic_resize,/home/ubuntu/scratch/sr-diffusion/benchmarks/selfexsr/SelfExSR-master/data/Urban100/image_SRF_4/img_027_SRF_4_HR.png,/home/ubuntu/scratch/sr-diffusion/benchmarks/selfexsr/SelfExSR-master/data/Urban100/image_SRF_4/img_027_SRF_4_LR.png,26.571111713129145,25.350413226721493
Urban100,img_027,stage2_guarded_off,/home/ubuntu/scratch/sr-diffusion/benchmark_outputs/stage2_guarded_detail_v2_tta_off/Urban100/img_027/base.png,/home/ubuntu/scratch/sr-diffusion/benchmarks/selfexsr/SelfExSR-master/data/Urban100/image_SRF_4/img_027_SRF_4_HR.png,/home/ubuntu/scratch/sr-diffusion/benchmarks/selfexsr/SelfExSR-master/data/Urban100/image_SRF_4/img_027_SRF_4_LR.png,28.11064371354943,26.884397040449848
Urban100,img_027,stage2_guarded_hflip,/home/ubuntu/scratch/sr-diffusion/benchmark_outputs/stage2_guarded_detail_v2_tta_hflip/Urban100/img_027/base.png,/home/ubuntu/scratch/sr-diffusion/benchmarks/selfexsr/SelfExSR-master/data/Urban100/image_SRF_4/img_027_SRF_4_HR.png,/home/ubuntu/scratch/sr-diffusion/benchmarks/selfexsr/SelfExSR-master/data/Urban100/image_SRF_4/img_027_SRF_4_LR.png,28.143009845488514,26.91719916486168
Urban100,img_027,stage2_guarded_x8,/home/ubuntu/scratch/sr-diffusion/benchmark_outputs/stage2_guarded_detail_v2_tta_x8/Urban100/img_027/base.png,/home/ubuntu/scratch/sr-diffusion/benchmarks/selfexsr/SelfExSR-master/data/Urban100/image_SRF_4/img_027_SRF_4_HR.png,/home/ubuntu/scratch/sr-diffusion/benchmarks/selfexsr/SelfExSR-master/data/Urban100/image_SRF_4/img_027_SRF_4_LR.png,28.177004989713247,26.95475047309841
Urban100,img_027,detail_v2_masked,/home/ubuntu/scratch/sr-diffusion/benchmark_outputs/detail_v2_masked/Urban100/img_027/detail.png,/home/ubuntu/scratch/sr-diffusion/benchmarks/selfexsr/SelfExSR-master/data/Urban100/image_SRF_4/img_027_SRF_4_HR.png,/home/ubuntu/scratch/sr-diffusion/benchmarks/selfexsr/SelfExSR-master/data/Urban100/image_SRF_4/img_027_SRF_4_LR.png,28.321309221002924,27.092680703056637
Urban100,img_027,refiner_v2,/home/ubuntu/scratch/sr-diffusion/benchmark_outputs/refiner_v2/Urban100/img_027/refined.png,/home/ubuntu/scratch/sr-diffusion/benchmarks/selfexsr/SelfExSR-master/data/Urban100/image_SRF_4/img_027_SRF_4_HR.png,/home/ubuntu/scratch/sr-diffusion/benchmarks/selfexsr/SelfExSR-master/data/Urban100/image_SRF_4/img_027_SRF_4_LR.png,27.75059760604004,26.516600341803258
Urban100,img_027,realesrgan,/home/ubuntu/scratch/sr-diffusion/benchmark_outputs/realesrgan/Urban100/img_027/RealESRGAN_x4plus.png,/home/ubuntu/scratch/sr-diffusion/benchmarks/selfexsr/SelfExSR-master/data/Urban100/image_SRF_4/img_027_SRF_4_HR.png,/home/ubuntu/scratch/sr-diffusion/benchmarks/selfexsr/SelfExSR-master/data/Urban100/image_SRF_4/img_027_SRF_4_LR.png,26.597499783568914,25.277122187007137
Urban100,img_028,bicubic,generated:matlab_bicubic_resize,/home/ubuntu/scratch/sr-diffusion/benchmarks/selfexsr/SelfExSR-master/data/Urban100/image_SRF_4/img_028_SRF_4_HR.png,/home/ubuntu/scratch/sr-diffusion/benchmarks/selfexsr/SelfExSR-master/data/Urban100/image_SRF_4/img_028_SRF_4_LR.png,28.47685602262951,27.154934710752773
Urban100,img_028,stage2_guarded_off,/home/ubuntu/scratch/sr-diffusion/benchmark_outputs/stage2_guarded_detail_v2_tta_off/Urban100/img_028/base.png,/home/ubuntu/scratch/sr-diffusion/benchmarks/selfexsr/SelfExSR-master/data/Urban100/image_SRF_4/img_028_SRF_4_HR.png,/home/ubuntu/scratch/sr-diffusion/benchmarks/selfexsr/SelfExSR-master/data/Urban100/image_SRF_4/img_028_SRF_4_LR.png,31.13744625755572,29.807868849025137
Urban100,img_028,stage2_guarded_hflip,/home/ubuntu/scratch/sr-diffusion/benchmark_outputs/stage2_guarded_detail_v2_tta_hflip/Urban100/img_028/base.png,/home/ubuntu/scratch/sr-diffusion/benchmarks/selfexsr/SelfExSR-master/data/Urban100/image_SRF_4/img_028_SRF_4_HR.png,/home/ubuntu/scratch/sr-diffusion/benchmarks/selfexsr/SelfExSR-master/data/Urban100/image_SRF_4/img_028_SRF_4_LR.png,31.185825718686594,29.856522505764215
Urban100,img_028,stage2_guarded_x8,/home/ubuntu/scratch/sr-diffusion/benchmark_outputs/stage2_guarded_detail_v2_tta_x8/Urban100/img_028/base.png,/home/ubuntu/scratch/sr-diffusion/benchmarks/selfexsr/SelfExSR-master/data/Urban100/image_SRF_4/img_028_SRF_4_HR.png,/home/ubuntu/scratch/sr-diffusion/benchmarks/selfexsr/SelfExSR-master/data/Urban100/image_SRF_4/img_028_SRF_4_LR.png,31.22909584714308,29.902888952105982
Urban100,img_028,detail_v2_masked,/home/ubuntu/scratch/sr-diffusion/benchmark_outputs/detail_v2_masked/Urban100/img_028/detail.png,/home/ubuntu/scratch/sr-diffusion/benchmarks/selfexsr/SelfExSR-master/data/Urban100/image_SRF_4/img_028_SRF_4_HR.png,/home/ubuntu/scratch/sr-diffusion/benchmarks/selfexsr/SelfExSR-master/data/Urban100/image_SRF_4/img_028_SRF_4_LR.png,31.45434050504194,30.11911589516466
Urban100,img_028,refiner_v2,/home/ubuntu/scratch/sr-diffusion/benchmark_outputs/refiner_v2/Urban100/img_028/refined.png,/home/ubuntu/scratch/sr-diffusion/benchmarks/selfexsr/SelfExSR-master/data/Urban100/image_SRF_4/img_028_SRF_4_HR.png,/home/ubuntu/scratch/sr-diffusion/benchmarks/selfexsr/SelfExSR-master/data/Urban100/image_SRF_4/img_028_SRF_4_LR.png,30.49751310222382,29.166082626395216
Urban100,img_028,realesrgan,/home/ubuntu/scratch/sr-diffusion/benchmark_outputs/realesrgan/Urban100/img_028/RealESRGAN_x4plus.png,/home/ubuntu/scratch/sr-diffusion/benchmarks/selfexsr/SelfExSR-master/data/Urban100/image_SRF_4/img_028_SRF_4_HR.png,/home/ubuntu/scratch/sr-diffusion/benchmarks/selfexsr/SelfExSR-master/data/Urban100/image_SRF_4/img_028_SRF_4_LR.png,29.341314790601874,28.013520934636354
Urban100,img_029,bicubic,generated:matlab_bicubic_resize,/home/ubuntu/scratch/sr-diffusion/benchmarks/selfexsr/SelfExSR-master/data/Urban100/image_SRF_4/img_029_SRF_4_HR.png,/home/ubuntu/scratch/sr-diffusion/benchmarks/selfexsr/SelfExSR-master/data/Urban100/image_SRF_4/img_029_SRF_4_LR.png,22.79958062053137,21.490713410403337
Urban100,img_029,stage2_guarded_off,/home/ubuntu/scratch/sr-diffusion/benchmark_outputs/stage2_guarded_detail_v2_tta_off/Urban100/img_029/base.png,/home/ubuntu/scratch/sr-diffusion/benchmarks/selfexsr/SelfExSR-master/data/Urban100/image_SRF_4/img_029_SRF_4_HR.png,/home/ubuntu/scratch/sr-diffusion/benchmarks/selfexsr/SelfExSR-master/data/Urban100/image_SRF_4/img_029_SRF_4_LR.png,26.607118536926315,25.226893888398028
Urban100,img_029,stage2_guarded_hflip,/home/ubuntu/scratch/sr-diffusion/benchmark_outputs/stage2_guarded_detail_v2_tta_hflip/Urban100/img_029/base.png,/home/ubuntu/scratch/sr-diffusion/benchmarks/selfexsr/SelfExSR-master/data/Urban100/image_SRF_4/img_029_SRF_4_HR.png,/home/ubuntu/scratch/sr-diffusion/benchmarks/selfexsr/SelfExSR-master/data/Urban100/image_SRF_4/img_029_SRF_4_LR.png,26.641199268413533,25.266033772110514
Urban100,img_029,stage2_guarded_x8,/home/ubuntu/scratch/sr-diffusion/benchmark_outputs/stage2_guarded_detail_v2_tta_x8/Urban100/img_029/base.png,/home/ubuntu/scratch/sr-diffusion/benchmarks/selfexsr/SelfExSR-master/data/Urban100/image_SRF_4/img_029_SRF_4_HR.png,/home/ubuntu/scratch/sr-diffusion/benchmarks/selfexsr/SelfExSR-master/data/Urban100/image_SRF_4/img_029_SRF_4_LR.png,26.696546121066838,25.326932547185173
Urban100,img_029,detail_v2_masked,/home/ubuntu/scratch/sr-diffusion/benchmark_outputs/detail_v2_masked/Urban100/img_029/detail.png,/home/ubuntu/scratch/sr-diffusion/benchmarks/selfexsr/SelfExSR-master/data/Urban100/image_SRF_4/img_029_SRF_4_HR.png,/home/ubuntu/scratch/sr-diffusion/benchmarks/selfexsr/SelfExSR-master/data/Urban100/image_SRF_4/img_029_SRF_4_LR.png,27.198719961818057,25.80392805776126
Urban100,img_029,refiner_v2,/home/ubuntu/scratch/sr-diffusion/benchmark_outputs/refiner_v2/Urban100/img_029/refined.png,/home/ubuntu/scratch/sr-diffusion/benchmarks/selfexsr/SelfExSR-master/data/Urban100/image_SRF_4/img_029_SRF_4_HR.png,/home/ubuntu/scratch/sr-diffusion/benchmarks/selfexsr/SelfExSR-master/data/Urban100/image_SRF_4/img_029_SRF_4_LR.png,25.704771765629705,24.344014237253823
Urban100,img_029,realesrgan,/home/ubuntu/scratch/sr-diffusion/benchmark_outputs/realesrgan/Urban100/img_029/RealESRGAN_x4plus.png,/home/ubuntu/scratch/sr-diffusion/benchmarks/selfexsr/SelfExSR-master/data/Urban100/image_SRF_4/img_029_SRF_4_HR.png,/home/ubuntu/scratch/sr-diffusion/benchmarks/selfexsr/SelfExSR-master/data/Urban100/image_SRF_4/img_029_SRF_4_LR.png,24.254587385359695,22.69845723301193
Urban100,img_030,bicubic,generated:matlab_bicubic_resize,/home/ubuntu/scratch/sr-diffusion/benchmarks/selfexsr/SelfExSR-master/data/Urban100/image_SRF_4/img_030_SRF_4_HR.png,/home/ubuntu/scratch/sr-diffusion/benchmarks/selfexsr/SelfExSR-master/data/Urban100/image_SRF_4/img_030_SRF_4_LR.png,21.64530328657936,19.984138515071017
Urban100,img_030,stage2_guarded_off,/home/ubuntu/scratch/sr-diffusion/benchmark_outputs/stage2_guarded_detail_v2_tta_off/Urban100/img_030/base.png,/home/ubuntu/scratch/sr-diffusion/benchmarks/selfexsr/SelfExSR-master/data/Urban100/image_SRF_4/img_030_SRF_4_HR.png,/home/ubuntu/scratch/sr-diffusion/benchmarks/selfexsr/SelfExSR-master/data/Urban100/image_SRF_4/img_030_SRF_4_LR.png,23.9469805092234,22.155285500025805
Urban100,img_030,stage2_guarded_hflip,/home/ubuntu/scratch/sr-diffusion/benchmark_outputs/stage2_guarded_detail_v2_tta_hflip/Urban100/img_030/base.png,/home/ubuntu/scratch/sr-diffusion/benchmarks/selfexsr/SelfExSR-master/data/Urban100/image_SRF_4/img_030_SRF_4_HR.png,/home/ubuntu/scratch/sr-diffusion/benchmarks/selfexsr/SelfExSR-master/data/Urban100/image_SRF_4/img_030_SRF_4_LR.png,23.992731215197892,22.199124324703913
Urban100,img_030,stage2_guarded_x8,/home/ubuntu/scratch/sr-diffusion/benchmark_outputs/stage2_guarded_detail_v2_tta_x8/Urban100/img_030/base.png,/home/ubuntu/scratch/sr-diffusion/benchmarks/selfexsr/SelfExSR-master/data/Urban100/image_SRF_4/img_030_SRF_4_HR.png,/home/ubuntu/scratch/sr-diffusion/benchmarks/selfexsr/SelfExSR-master/data/Urban100/image_SRF_4/img_030_SRF_4_LR.png,24.104608334793667,22.306061534819975
Urban100,img_030,detail_v2_masked,/home/ubuntu/scratch/sr-diffusion/benchmark_outputs/detail_v2_masked/Urban100/img_030/detail.png,/home/ubuntu/scratch/sr-diffusion/benchmarks/selfexsr/SelfExSR-master/data/Urban100/image_SRF_4/img_030_SRF_4_HR.png,/home/ubuntu/scratch/sr-diffusion/benchmarks/selfexsr/SelfExSR-master/data/Urban100/image_SRF_4/img_030_SRF_4_LR.png,24.284461479713045,22.492156583606445
Urban100,img_030,refiner_v2,/home/ubuntu/scratch/sr-diffusion/benchmark_outputs/refiner_v2/Urban100/img_030/refined.png,/home/ubuntu/scratch/sr-diffusion/benchmarks/selfexsr/SelfExSR-master/data/Urban100/image_SRF_4/img_030_SRF_4_HR.png,/home/ubuntu/scratch/sr-diffusion/benchmarks/selfexsr/SelfExSR-master/data/Urban100/image_SRF_4/img_030_SRF_4_LR.png,23.344312522579536,21.573894049920707
Urban100,img_030,realesrgan,/home/ubuntu/scratch/sr-diffusion/benchmark_outputs/realesrgan/Urban100/img_030/RealESRGAN_x4plus.png,/home/ubuntu/scratch/sr-diffusion/benchmarks/selfexsr/SelfExSR-master/data/Urban100/image_SRF_4/img_030_SRF_4_HR.png,/home/ubuntu/scratch/sr-diffusion/benchmarks/selfexsr/SelfExSR-master/data/Urban100/image_SRF_4/img_030_SRF_4_LR.png,19.77541176806025,18.100541070123143
Urban100,img_031,bicubic,generated:matlab_bicubic_resize,/home/ubuntu/scratch/sr-diffusion/benchmarks/selfexsr/SelfExSR-master/data/Urban100/image_SRF_4/img_031_SRF_4_HR.png,/home/ubuntu/scratch/sr-diffusion/benchmarks/selfexsr/SelfExSR-master/data/Urban100/image_SRF_4/img_031_SRF_4_LR.png,22.79683221903957,21.391999868687815
Urban100,img_031,stage2_guarded_off,/home/ubuntu/scratch/sr-diffusion/benchmark_outputs/stage2_guarded_detail_v2_tta_off/Urban100/img_031/base.png,/home/ubuntu/scratch/sr-diffusion/benchmarks/selfexsr/SelfExSR-master/data/Urban100/image_SRF_4/img_031_SRF_4_HR.png,/home/ubuntu/scratch/sr-diffusion/benchmarks/selfexsr/SelfExSR-master/data/Urban100/image_SRF_4/img_031_SRF_4_LR.png,23.802021102702696,22.36407974262752
Urban100,img_031,stage2_guarded_hflip,/home/ubuntu/scratch/sr-diffusion/benchmark_outputs/stage2_guarded_detail_v2_tta_hflip/Urban100/img_031/base.png,/home/ubuntu/scratch/sr-diffusion/benchmarks/selfexsr/SelfExSR-master/data/Urban100/image_SRF_4/img_031_SRF_4_HR.png,/home/ubuntu/scratch/sr-diffusion/benchmarks/selfexsr/SelfExSR-master/data/Urban100/image_SRF_4/img_031_SRF_4_LR.png,23.83254911271048,22.393979524132355
Urban100,img_031,stage2_guarded_x8,/home/ubuntu/scratch/sr-diffusion/benchmark_outputs/stage2_guarded_detail_v2_tta_x8/Urban100/img_031/base.png,/home/ubuntu/scratch/sr-diffusion/benchmarks/selfexsr/SelfExSR-master/data/Urban100/image_SRF_4/img_031_SRF_4_HR.png,/home/ubuntu/scratch/sr-diffusion/benchmarks/selfexsr/SelfExSR-master/data/Urban100/image_SRF_4/img_031_SRF_4_LR.png,23.858537716372858,22.421865175301306
Urban100,img_031,detail_v2_masked,/home/ubuntu/scratch/sr-diffusion/benchmark_outputs/detail_v2_masked/Urban100/img_031/detail.png,/home/ubuntu/scratch/sr-diffusion/benchmarks/selfexsr/SelfExSR-master/data/Urban100/image_SRF_4/img_031_SRF_4_HR.png,/home/ubuntu/scratch/sr-diffusion/benchmarks/selfexsr/SelfExSR-master/data/Urban100/image_SRF_4/img_031_SRF_4_LR.png,23.94169441420049,22.507479866025612
Urban100,img_031,refiner_v2,/home/ubuntu/scratch/sr-diffusion/benchmark_outputs/refiner_v2/Urban100/img_031/refined.png,/home/ubuntu/scratch/sr-diffusion/benchmarks/selfexsr/SelfExSR-master/data/Urban100/image_SRF_4/img_031_SRF_4_HR.png,/home/ubuntu/scratch/sr-diffusion/benchmarks/selfexsr/SelfExSR-master/data/Urban100/image_SRF_4/img_031_SRF_4_LR.png,23.625659679640552,22.19459461564123
Urban100,img_031,realesrgan,/home/ubuntu/scratch/sr-diffusion/benchmark_outputs/realesrgan/Urban100/img_031/RealESRGAN_x4plus.png,/home/ubuntu/scratch/sr-diffusion/benchmarks/selfexsr/SelfExSR-master/data/Urban100/image_SRF_4/img_031_SRF_4_HR.png,/home/ubuntu/scratch/sr-diffusion/benchmarks/selfexsr/SelfExSR-master/data/Urban100/image_SRF_4/img_031_SRF_4_LR.png,22.098422187345925,20.616890556680467
Urban100,img_032,bicubic,generated:matlab_bicubic_resize,/home/ubuntu/scratch/sr-diffusion/benchmarks/selfexsr/SelfExSR-master/data/Urban100/image_SRF_4/img_032_SRF_4_HR.png,/home/ubuntu/scratch/sr-diffusion/benchmarks/selfexsr/SelfExSR-master/data/Urban100/image_SRF_4/img_032_SRF_4_LR.png,26.00785081222884,24.597136549902846
Urban100,img_032,stage2_guarded_off,/home/ubuntu/scratch/sr-diffusion/benchmark_outputs/stage2_guarded_detail_v2_tta_off/Urban100/img_032/base.png,/home/ubuntu/scratch/sr-diffusion/benchmarks/selfexsr/SelfExSR-master/data/Urban100/image_SRF_4/img_032_SRF_4_HR.png,/home/ubuntu/scratch/sr-diffusion/benchmarks/selfexsr/SelfExSR-master/data/Urban100/image_SRF_4/img_032_SRF_4_LR.png,28.571925723582247,27.033699415916665
Urban100,img_032,stage2_guarded_hflip,/home/ubuntu/scratch/sr-diffusion/benchmark_outputs/stage2_guarded_detail_v2_tta_hflip/Urban100/img_032/base.png,/home/ubuntu/scratch/sr-diffusion/benchmarks/selfexsr/SelfExSR-master/data/Urban100/image_SRF_4/img_032_SRF_4_HR.png,/home/ubuntu/scratch/sr-diffusion/benchmarks/selfexsr/SelfExSR-master/data/Urban100/image_SRF_4/img_032_SRF_4_LR.png,28.63911777299329,27.101409494781738
Urban100,img_032,stage2_guarded_x8,/home/ubuntu/scratch/sr-diffusion/benchmark_outputs/stage2_guarded_detail_v2_tta_x8/Urban100/img_032/base.png,/home/ubuntu/scratch/sr-diffusion/benchmarks/selfexsr/SelfExSR-master/data/Urban100/image_SRF_4/img_032_SRF_4_HR.png,/home/ubuntu/scratch/sr-diffusion/benchmarks/selfexsr/SelfExSR-master/data/Urban100/image_SRF_4/img_032_SRF_4_LR.png,28.66313164061377,27.12848422228889
Urban100,img_032,detail_v2_masked,/home/ubuntu/scratch/sr-diffusion/benchmark_outputs/detail_v2_masked/Urban100/img_032/detail.png,/home/ubuntu/scratch/sr-diffusion/benchmarks/selfexsr/SelfExSR-master/data/Urban100/image_SRF_4/img_032_SRF_4_HR.png,/home/ubuntu/scratch/sr-diffusion/benchmarks/selfexsr/SelfExSR-master/data/Urban100/image_SRF_4/img_032_SRF_4_LR.png,28.913005573218076,27.364115468013274
Urban100,img_032,refiner_v2,/home/ubuntu/scratch/sr-diffusion/benchmark_outputs/refiner_v2/Urban100/img_032/refined.png,/home/ubuntu/scratch/sr-diffusion/benchmarks/selfexsr/SelfExSR-master/data/Urban100/image_SRF_4/img_032_SRF_4_HR.png,/home/ubuntu/scratch/sr-diffusion/benchmarks/selfexsr/SelfExSR-master/data/Urban100/image_SRF_4/img_032_SRF_4_LR.png,28.017397598830765,26.528281265646335
Urban100,img_032,realesrgan,/home/ubuntu/scratch/sr-diffusion/benchmark_outputs/realesrgan/Urban100/img_032/RealESRGAN_x4plus.png,/home/ubuntu/scratch/sr-diffusion/benchmarks/selfexsr/SelfExSR-master/data/Urban100/image_SRF_4/img_032_SRF_4_HR.png,/home/ubuntu/scratch/sr-diffusion/benchmarks/selfexsr/SelfExSR-master/data/Urban100/image_SRF_4/img_032_SRF_4_LR.png,26.158453319101376,24.56100329925654
Urban100,img_033,bicubic,generated:matlab_bicubic_resize,/home/ubuntu/scratch/sr-diffusion/benchmarks/selfexsr/SelfExSR-master/data/Urban100/image_SRF_4/img_033_SRF_4_HR.png,/home/ubuntu/scratch/sr-diffusion/benchmarks/selfexsr/SelfExSR-master/data/Urban100/image_SRF_4/img_033_SRF_4_LR.png,24.167953582777212,22.66140686366622
Urban100,img_033,stage2_guarded_off,/home/ubuntu/scratch/sr-diffusion/benchmark_outputs/stage2_guarded_detail_v2_tta_off/Urban100/img_033/base.png,/home/ubuntu/scratch/sr-diffusion/benchmarks/selfexsr/SelfExSR-master/data/Urban100/image_SRF_4/img_033_SRF_4_HR.png,/home/ubuntu/scratch/sr-diffusion/benchmarks/selfexsr/SelfExSR-master/data/Urban100/image_SRF_4/img_033_SRF_4_LR.png,26.822357680634894,25.093997099021234
Urban100,img_033,stage2_guarded_hflip,/home/ubuntu/scratch/sr-diffusion/benchmark_outputs/stage2_guarded_detail_v2_tta_hflip/Urban100/img_033/base.png,/home/ubuntu/scratch/sr-diffusion/benchmarks/selfexsr/SelfExSR-master/data/Urban100/image_SRF_4/img_033_SRF_4_HR.png,/home/ubuntu/scratch/sr-diffusion/benchmarks/selfexsr/SelfExSR-master/data/Urban100/image_SRF_4/img_033_SRF_4_LR.png,26.837308965154023,25.108936031814878
Urban100,img_033,stage2_guarded_x8,/home/ubuntu/scratch/sr-diffusion/benchmark_outputs/stage2_guarded_detail_v2_tta_x8/Urban100/img_033/base.png,/home/ubuntu/scratch/sr-diffusion/benchmarks/selfexsr/SelfExSR-master/data/Urban100/image_SRF_4/img_033_SRF_4_HR.png,/home/ubuntu/scratch/sr-diffusion/benchmarks/selfexsr/SelfExSR-master/data/Urban100/image_SRF_4/img_033_SRF_4_LR.png,26.92608803130023,25.190003390434363
Urban100,img_033,detail_v2_masked,/home/ubuntu/scratch/sr-diffusion/benchmark_outputs/detail_v2_masked/Urban100/img_033/detail.png,/home/ubuntu/scratch/sr-diffusion/benchmarks/selfexsr/SelfExSR-master/data/Urban100/image_SRF_4/img_033_SRF_4_HR.png,/home/ubuntu/scratch/sr-diffusion/benchmarks/selfexsr/SelfExSR-master/data/Urban100/image_SRF_4/img_033_SRF_4_LR.png,27.323267379537587,25.55213589801099
Urban100,img_033,refiner_v2,/home/ubuntu/scratch/sr-diffusion/benchmark_outputs/refiner_v2/Urban100/img_033/refined.png,/home/ubuntu/scratch/sr-diffusion/benchmarks/selfexsr/SelfExSR-master/data/Urban100/image_SRF_4/img_033_SRF_4_HR.png,/home/ubuntu/scratch/sr-diffusion/benchmarks/selfexsr/SelfExSR-master/data/Urban100/image_SRF_4/img_033_SRF_4_LR.png,26.276672620277207,24.610445951262246
Urban100,img_033,realesrgan,/home/ubuntu/scratch/sr-diffusion/benchmark_outputs/realesrgan/Urban100/img_033/RealESRGAN_x4plus.png,/home/ubuntu/scratch/sr-diffusion/benchmarks/selfexsr/SelfExSR-master/data/Urban100/image_SRF_4/img_033_SRF_4_HR.png,/home/ubuntu/scratch/sr-diffusion/benchmarks/selfexsr/SelfExSR-master/data/Urban100/image_SRF_4/img_033_SRF_4_LR.png,24.57180422719894,22.90310501184824
Urban100,img_034,bicubic,generated:matlab_bicubic_resize,/home/ubuntu/scratch/sr-diffusion/benchmarks/selfexsr/SelfExSR-master/data/Urban100/image_SRF_4/img_034_SRF_4_HR.png,/home/ubuntu/scratch/sr-diffusion/benchmarks/selfexsr/SelfExSR-master/data/Urban100/image_SRF_4/img_034_SRF_4_LR.png,21.412567909441897,19.597627017947644
Urban100,img_034,stage2_guarded_off,/home/ubuntu/scratch/sr-diffusion/benchmark_outputs/stage2_guarded_detail_v2_tta_off/Urban100/img_034/base.png,/home/ubuntu/scratch/sr-diffusion/benchmarks/selfexsr/SelfExSR-master/data/Urban100/image_SRF_4/img_034_SRF_4_HR.png,/home/ubuntu/scratch/sr-diffusion/benchmarks/selfexsr/SelfExSR-master/data/Urban100/image_SRF_4/img_034_SRF_4_LR.png,22.893171710428287,20.98145806783359
Urban100,img_034,stage2_guarded_hflip,/home/ubuntu/scratch/sr-diffusion/benchmark_outputs/stage2_guarded_detail_v2_tta_hflip/Urban100/img_034/base.png,/home/ubuntu/scratch/sr-diffusion/benchmarks/selfexsr/SelfExSR-master/data/Urban100/image_SRF_4/img_034_SRF_4_HR.png,/home/ubuntu/scratch/sr-diffusion/benchmarks/selfexsr/SelfExSR-master/data/Urban100/image_SRF_4/img_034_SRF_4_LR.png,22.929925117025682,21.017233248360654
Urban100,img_034,stage2_guarded_x8,/home/ubuntu/scratch/sr-diffusion/benchmark_outputs/stage2_guarded_detail_v2_tta_x8/Urban100/img_034/base.png,/home/ubuntu/scratch/sr-diffusion/benchmarks/selfexsr/SelfExSR-master/data/Urban100/image_SRF_4/img_034_SRF_4_HR.png,/home/ubuntu/scratch/sr-diffusion/benchmarks/selfexsr/SelfExSR-master/data/Urban100/image_SRF_4/img_034_SRF_4_LR.png,22.958135897350026,21.048579363008436
Urban100,img_034,detail_v2_masked,/home/ubuntu/scratch/sr-diffusion/benchmark_outputs/detail_v2_masked/Urban100/img_034/detail.png,/home/ubuntu/scratch/sr-diffusion/benchmarks/selfexsr/SelfExSR-master/data/Urban100/image_SRF_4/img_034_SRF_4_HR.png,/home/ubuntu/scratch/sr-diffusion/benchmarks/selfexsr/SelfExSR-master/data/Urban100/image_SRF_4/img_034_SRF_4_LR.png,23.080232600820743,21.169763311752853
Urban100,img_034,refiner_v2,/home/ubuntu/scratch/sr-diffusion/benchmark_outputs/refiner_v2/Urban100/img_034/refined.png,/home/ubuntu/scratch/sr-diffusion/benchmarks/selfexsr/SelfExSR-master/data/Urban100/image_SRF_4/img_034_SRF_4_HR.png,/home/ubuntu/scratch/sr-diffusion/benchmarks/selfexsr/SelfExSR-master/data/Urban100/image_SRF_4/img_034_SRF_4_LR.png,22.640512838910784,20.745751659378513
Urban100,img_034,realesrgan,/home/ubuntu/scratch/sr-diffusion/benchmark_outputs/realesrgan/Urban100/img_034/RealESRGAN_x4plus.png,/home/ubuntu/scratch/sr-diffusion/benchmarks/selfexsr/SelfExSR-master/data/Urban100/image_SRF_4/img_034_SRF_4_HR.png,/home/ubuntu/scratch/sr-diffusion/benchmarks/selfexsr/SelfExSR-master/data/Urban100/image_SRF_4/img_034_SRF_4_LR.png,21.12706372546721,18.966857985200885
Urban100,img_035,bicubic,generated:matlab_bicubic_resize,/home/ubuntu/scratch/sr-diffusion/benchmarks/selfexsr/SelfExSR-master/data/Urban100/image_SRF_4/img_035_SRF_4_HR.png,/home/ubuntu/scratch/sr-diffusion/benchmarks/selfexsr/SelfExSR-master/data/Urban100/image_SRF_4/img_035_SRF_4_LR.png,24.730892723398036,23.351272276342495
Urban100,img_035,stage2_guarded_off,/home/ubuntu/scratch/sr-diffusion/benchmark_outputs/stage2_guarded_detail_v2_tta_off/Urban100/img_035/base.png,/home/ubuntu/scratch/sr-diffusion/benchmarks/selfexsr/SelfExSR-master/data/Urban100/image_SRF_4/img_035_SRF_4_HR.png,/home/ubuntu/scratch/sr-diffusion/benchmarks/selfexsr/SelfExSR-master/data/Urban100/image_SRF_4/img_035_SRF_4_LR.png,28.140331747280783,26.709255337339574
Urban100,img_035,stage2_guarded_hflip,/home/ubuntu/scratch/sr-diffusion/benchmark_outputs/stage2_guarded_detail_v2_tta_hflip/Urban100/img_035/base.png,/home/ubuntu/scratch/sr-diffusion/benchmarks/selfexsr/SelfExSR-master/data/Urban100/image_SRF_4/img_035_SRF_4_HR.png,/home/ubuntu/scratch/sr-diffusion/benchmarks/selfexsr/SelfExSR-master/data/Urban100/image_SRF_4/img_035_SRF_4_LR.png,28.244761734377217,26.819138799497317
Urban100,img_035,stage2_guarded_x8,/home/ubuntu/scratch/sr-diffusion/benchmark_outputs/stage2_guarded_detail_v2_tta_x8/Urban100/img_035/base.png,/home/ubuntu/scratch/sr-diffusion/benchmarks/selfexsr/SelfExSR-master/data/Urban100/image_SRF_4/img_035_SRF_4_HR.png,/home/ubuntu/scratch/sr-diffusion/benchmarks/selfexsr/SelfExSR-master/data/Urban100/image_SRF_4/img_035_SRF_4_LR.png,28.267946998365716,26.847595352423788
Urban100,img_035,detail_v2_masked,/home/ubuntu/scratch/sr-diffusion/benchmark_outputs/detail_v2_masked/Urban100/img_035/detail.png,/home/ubuntu/scratch/sr-diffusion/benchmarks/selfexsr/SelfExSR-master/data/Urban100/image_SRF_4/img_035_SRF_4_HR.png,/home/ubuntu/scratch/sr-diffusion/benchmarks/selfexsr/SelfExSR-master/data/Urban100/image_SRF_4/img_035_SRF_4_LR.png,29.208737340670186,27.769008579153194
Urban100,img_035,refiner_v2,/home/ubuntu/scratch/sr-diffusion/benchmark_outputs/refiner_v2/Urban100/img_035/refined.png,/home/ubuntu/scratch/sr-diffusion/benchmarks/selfexsr/SelfExSR-master/data/Urban100/image_SRF_4/img_035_SRF_4_HR.png,/home/ubuntu/scratch/sr-diffusion/benchmarks/selfexsr/SelfExSR-master/data/Urban100/image_SRF_4/img_035_SRF_4_LR.png,27.402229481941784,25.961951699734062
Urban100,img_035,realesrgan,/home/ubuntu/scratch/sr-diffusion/benchmark_outputs/realesrgan/Urban100/img_035/RealESRGAN_x4plus.png,/home/ubuntu/scratch/sr-diffusion/benchmarks/selfexsr/SelfExSR-master/data/Urban100/image_SRF_4/img_035_SRF_4_HR.png,/home/ubuntu/scratch/sr-diffusion/benchmarks/selfexsr/SelfExSR-master/data/Urban100/image_SRF_4/img_035_SRF_4_LR.png,23.23155194036959,21.622532647341206
Urban100,img_036,bicubic,generated:matlab_bicubic_resize,/home/ubuntu/scratch/sr-diffusion/benchmarks/selfexsr/SelfExSR-master/data/Urban100/image_SRF_4/img_036_SRF_4_HR.png,/home/ubuntu/scratch/sr-diffusion/benchmarks/selfexsr/SelfExSR-master/data/Urban100/image_SRF_4/img_036_SRF_4_LR.png,25.2265927557459,23.90467144386917
Urban100,img_036,stage2_guarded_off,/home/ubuntu/scratch/sr-diffusion/benchmark_outputs/stage2_guarded_detail_v2_tta_off/Urban100/img_036/base.png,/home/ubuntu/scratch/sr-diffusion/benchmarks/selfexsr/SelfExSR-master/data/Urban100/image_SRF_4/img_036_SRF_4_HR.png,/home/ubuntu/scratch/sr-diffusion/benchmarks/selfexsr/SelfExSR-master/data/Urban100/image_SRF_4/img_036_SRF_4_LR.png,28.509011485550428,27.17927071842471
Urban100,img_036,stage2_guarded_hflip,/home/ubuntu/scratch/sr-diffusion/benchmark_outputs/stage2_guarded_detail_v2_tta_hflip/Urban100/img_036/base.png,/home/ubuntu/scratch/sr-diffusion/benchmarks/selfexsr/SelfExSR-master/data/Urban100/image_SRF_4/img_036_SRF_4_HR.png,/home/ubuntu/scratch/sr-diffusion/benchmarks/selfexsr/SelfExSR-master/data/Urban100/image_SRF_4/img_036_SRF_4_LR.png,28.540692807931947,27.215109240094982
Urban100,img_036,stage2_guarded_x8,/home/ubuntu/scratch/sr-diffusion/benchmark_outputs/stage2_guarded_detail_v2_tta_x8/Urban100/img_036/base.png,/home/ubuntu/scratch/sr-diffusion/benchmarks/selfexsr/SelfExSR-master/data/Urban100/image_SRF_4/img_036_SRF_4_HR.png,/home/ubuntu/scratch/sr-diffusion/benchmarks/selfexsr/SelfExSR-master/data/Urban100/image_SRF_4/img_036_SRF_4_LR.png,28.603133194039717,27.28132551745957
Urban100,img_036,detail_v2_masked,/home/ubuntu/scratch/sr-diffusion/benchmark_outputs/detail_v2_masked/Urban100/img_036/detail.png,/home/ubuntu/scratch/sr-diffusion/benchmarks/selfexsr/SelfExSR-master/data/Urban100/image_SRF_4/img_036_SRF_4_HR.png,/home/ubuntu/scratch/sr-diffusion/benchmarks/selfexsr/SelfExSR-master/data/Urban100/image_SRF_4/img_036_SRF_4_LR.png,28.983901505658977,27.657093629909696
Urban100,img_036,refiner_v2,/home/ubuntu/scratch/sr-diffusion/benchmark_outputs/refiner_v2/Urban100/img_036/refined.png,/home/ubuntu/scratch/sr-diffusion/benchmarks/selfexsr/SelfExSR-master/data/Urban100/image_SRF_4/img_036_SRF_4_HR.png,/home/ubuntu/scratch/sr-diffusion/benchmarks/selfexsr/SelfExSR-master/data/Urban100/image_SRF_4/img_036_SRF_4_LR.png,28.31366815260546,26.98579770634899
Urban100,img_036,realesrgan,/home/ubuntu/scratch/sr-diffusion/benchmark_outputs/realesrgan/Urban100/img_036/RealESRGAN_x4plus.png,/home/ubuntu/scratch/sr-diffusion/benchmarks/selfexsr/SelfExSR-master/data/Urban100/image_SRF_4/img_036_SRF_4_HR.png,/home/ubuntu/scratch/sr-diffusion/benchmarks/selfexsr/SelfExSR-master/data/Urban100/image_SRF_4/img_036_SRF_4_LR.png,25.679333765060544,24.35978048038519
Urban100,img_037,bicubic,generated:matlab_bicubic_resize,/home/ubuntu/scratch/sr-diffusion/benchmarks/selfexsr/SelfExSR-master/data/Urban100/image_SRF_4/img_037_SRF_4_HR.png,/home/ubuntu/scratch/sr-diffusion/benchmarks/selfexsr/SelfExSR-master/data/Urban100/image_SRF_4/img_037_SRF_4_LR.png,24.219663268886865,22.882611155539344
Urban100,img_037,stage2_guarded_off,/home/ubuntu/scratch/sr-diffusion/benchmark_outputs/stage2_guarded_detail_v2_tta_off/Urban100/img_037/base.png,/home/ubuntu/scratch/sr-diffusion/benchmarks/selfexsr/SelfExSR-master/data/Urban100/image_SRF_4/img_037_SRF_4_HR.png,/home/ubuntu/scratch/sr-diffusion/benchmarks/selfexsr/SelfExSR-master/data/Urban100/image_SRF_4/img_037_SRF_4_LR.png,26.010309470774118,24.622533391066902
Urban100,img_037,stage2_guarded_hflip,/home/ubuntu/scratch/sr-diffusion/benchmark_outputs/stage2_guarded_detail_v2_tta_hflip/Urban100/img_037/base.png,/home/ubuntu/scratch/sr-diffusion/benchmarks/selfexsr/SelfExSR-master/data/Urban100/image_SRF_4/img_037_SRF_4_HR.png,/home/ubuntu/scratch/sr-diffusion/benchmarks/selfexsr/SelfExSR-master/data/Urban100/image_SRF_4/img_037_SRF_4_LR.png,26.049442340154293,24.663355670776888
Urban100,img_037,stage2_guarded_x8,/home/ubuntu/scratch/sr-diffusion/benchmark_outputs/stage2_guarded_detail_v2_tta_x8/Urban100/img_037/base.png,/home/ubuntu/scratch/sr-diffusion/benchmarks/selfexsr/SelfExSR-master/data/Urban100/image_SRF_4/img_037_SRF_4_HR.png,/home/ubuntu/scratch/sr-diffusion/benchmarks/selfexsr/SelfExSR-master/data/Urban100/image_SRF_4/img_037_SRF_4_LR.png,26.100563933516145,24.717319784444904
Urban100,img_037,detail_v2_masked,/home/ubuntu/scratch/sr-diffusion/benchmark_outputs/detail_v2_masked/Urban100/img_037/detail.png,/home/ubuntu/scratch/sr-diffusion/benchmarks/selfexsr/SelfExSR-master/data/Urban100/image_SRF_4/img_037_SRF_4_HR.png,/home/ubuntu/scratch/sr-diffusion/benchmarks/selfexsr/SelfExSR-master/data/Urban100/image_SRF_4/img_037_SRF_4_LR.png,26.240566594339395,24.854908075619964
Urban100,img_037,refiner_v2,/home/ubuntu/scratch/sr-diffusion/benchmark_outputs/refiner_v2/Urban100/img_037/refined.png,/home/ubuntu/scratch/sr-diffusion/benchmarks/selfexsr/SelfExSR-master/data/Urban100/image_SRF_4/img_037_SRF_4_HR.png,/home/ubuntu/scratch/sr-diffusion/benchmarks/selfexsr/SelfExSR-master/data/Urban100/image_SRF_4/img_037_SRF_4_LR.png,25.897708040392917,24.508965471982297
Urban100,img_037,realesrgan,/home/ubuntu/scratch/sr-diffusion/benchmark_outputs/realesrgan/Urban100/img_037/RealESRGAN_x4plus.png,/home/ubuntu/scratch/sr-diffusion/benchmarks/selfexsr/SelfExSR-master/data/Urban100/image_SRF_4/img_037_SRF_4_HR.png,/home/ubuntu/scratch/sr-diffusion/benchmarks/selfexsr/SelfExSR-master/data/Urban100/image_SRF_4/img_037_SRF_4_LR.png,22.29082322019119,20.855909360537268
Urban100,img_038,bicubic,generated:matlab_bicubic_resize,/home/ubuntu/scratch/sr-diffusion/benchmarks/selfexsr/SelfExSR-master/data/Urban100/image_SRF_4/img_038_SRF_4_HR.png,/home/ubuntu/scratch/sr-diffusion/benchmarks/selfexsr/SelfExSR-master/data/Urban100/image_SRF_4/img_038_SRF_4_LR.png,24.610881305853823,23.30372851227349
Urban100,img_038,stage2_guarded_off,/home/ubuntu/scratch/sr-diffusion/benchmark_outputs/stage2_guarded_detail_v2_tta_off/Urban100/img_038/base.png,/home/ubuntu/scratch/sr-diffusion/benchmarks/selfexsr/SelfExSR-master/data/Urban100/image_SRF_4/img_038_SRF_4_HR.png,/home/ubuntu/scratch/sr-diffusion/benchmarks/selfexsr/SelfExSR-master/data/Urban100/image_SRF_4/img_038_SRF_4_LR.png,26.826469313727557,25.369543189349933
Urban100,img_038,stage2_guarded_hflip,/home/ubuntu/scratch/sr-diffusion/benchmark_outputs/stage2_guarded_detail_v2_tta_hflip/Urban100/img_038/base.png,/home/ubuntu/scratch/sr-diffusion/benchmarks/selfexsr/SelfExSR-master/data/Urban100/image_SRF_4/img_038_SRF_4_HR.png,/home/ubuntu/scratch/sr-diffusion/benchmarks/selfexsr/SelfExSR-master/data/Urban100/image_SRF_4/img_038_SRF_4_LR.png,26.87265579356933,25.415565294473033
Urban100,img_038,stage2_guarded_x8,/home/ubuntu/scratch/sr-diffusion/benchmark_outputs/stage2_guarded_detail_v2_tta_x8/Urban100/img_038/base.png,/home/ubuntu/scratch/sr-diffusion/benchmarks/selfexsr/SelfExSR-master/data/Urban100/image_SRF_4/img_038_SRF_4_HR.png,/home/ubuntu/scratch/sr-diffusion/benchmarks/selfexsr/SelfExSR-master/data/Urban100/image_SRF_4/img_038_SRF_4_LR.png,26.96464291298472,25.508834643706024
Urban100,img_038,detail_v2_masked,/home/ubuntu/scratch/sr-diffusion/benchmark_outputs/detail_v2_masked/Urban100/img_038/detail.png,/home/ubuntu/scratch/sr-diffusion/benchmarks/selfexsr/SelfExSR-master/data/Urban100/image_SRF_4/img_038_SRF_4_HR.png,/home/ubuntu/scratch/sr-diffusion/benchmarks/selfexsr/SelfExSR-master/data/Urban100/image_SRF_4/img_038_SRF_4_LR.png,27.151738780634084,25.68643206203177
Urban100,img_038,refiner_v2,/home/ubuntu/scratch/sr-diffusion/benchmark_outputs/refiner_v2/Urban100/img_038/refined.png,/home/ubuntu/scratch/sr-diffusion/benchmarks/selfexsr/SelfExSR-master/data/Urban100/image_SRF_4/img_038_SRF_4_HR.png,/home/ubuntu/scratch/sr-diffusion/benchmarks/selfexsr/SelfExSR-master/data/Urban100/image_SRF_4/img_038_SRF_4_LR.png,26.119589505571213,24.75594935866279
Urban100,img_038,realesrgan,/home/ubuntu/scratch/sr-diffusion/benchmark_outputs/realesrgan/Urban100/img_038/RealESRGAN_x4plus.png,/home/ubuntu/scratch/sr-diffusion/benchmarks/selfexsr/SelfExSR-master/data/Urban100/image_SRF_4/img_038_SRF_4_HR.png,/home/ubuntu/scratch/sr-diffusion/benchmarks/selfexsr/SelfExSR-master/data/Urban100/image_SRF_4/img_038_SRF_4_LR.png,24.961227173009096,23.39057343942839
Urban100,img_039,bicubic,generated:matlab_bicubic_resize,/home/ubuntu/scratch/sr-diffusion/benchmarks/selfexsr/SelfExSR-master/data/Urban100/image_SRF_4/img_039_SRF_4_HR.png,/home/ubuntu/scratch/sr-diffusion/benchmarks/selfexsr/SelfExSR-master/data/Urban100/image_SRF_4/img_039_SRF_4_LR.png,20.86096248287879,19.540952563301733
Urban100,img_039,stage2_guarded_off,/home/ubuntu/scratch/sr-diffusion/benchmark_outputs/stage2_guarded_detail_v2_tta_off/Urban100/img_039/base.png,/home/ubuntu/scratch/sr-diffusion/benchmarks/selfexsr/SelfExSR-master/data/Urban100/image_SRF_4/img_039_SRF_4_HR.png,/home/ubuntu/scratch/sr-diffusion/benchmarks/selfexsr/SelfExSR-master/data/Urban100/image_SRF_4/img_039_SRF_4_LR.png,22.750621078406468,21.36851891517662
Urban100,img_039,stage2_guarded_hflip,/home/ubuntu/scratch/sr-diffusion/benchmark_outputs/stage2_guarded_detail_v2_tta_hflip/Urban100/img_039/base.png,/home/ubuntu/scratch/sr-diffusion/benchmarks/selfexsr/SelfExSR-master/data/Urban100/image_SRF_4/img_039_SRF_4_HR.png,/home/ubuntu/scratch/sr-diffusion/benchmarks/selfexsr/SelfExSR-master/data/Urban100/image_SRF_4/img_039_SRF_4_LR.png,22.774697855479317,21.395394518743114
Urban100,img_039,stage2_guarded_x8,/home/ubuntu/scratch/sr-diffusion/benchmark_outputs/stage2_guarded_detail_v2_tta_x8/Urban100/img_039/base.png,/home/ubuntu/scratch/sr-diffusion/benchmarks/selfexsr/SelfExSR-master/data/Urban100/image_SRF_4/img_039_SRF_4_HR.png,/home/ubuntu/scratch/sr-diffusion/benchmarks/selfexsr/SelfExSR-master/data/Urban100/image_SRF_4/img_039_SRF_4_LR.png,22.78464151319797,21.408970546039818
Urban100,img_039,detail_v2_masked,/home/ubuntu/scratch/sr-diffusion/benchmark_outputs/detail_v2_masked/Urban100/img_039/detail.png,/home/ubuntu/scratch/sr-diffusion/benchmarks/selfexsr/SelfExSR-master/data/Urban100/image_SRF_4/img_039_SRF_4_HR.png,/home/ubuntu/scratch/sr-diffusion/benchmarks/selfexsr/SelfExSR-master/data/Urban100/image_SRF_4/img_039_SRF_4_LR.png,23.168141436781138,21.782044907978634
Urban100,img_039,refiner_v2,/home/ubuntu/scratch/sr-diffusion/benchmark_outputs/refiner_v2/Urban100/img_039/refined.png,/home/ubuntu/scratch/sr-diffusion/benchmarks/selfexsr/SelfExSR-master/data/Urban100/image_SRF_4/img_039_SRF_4_HR.png,/home/ubuntu/scratch/sr-diffusion/benchmarks/selfexsr/SelfExSR-master/data/Urban100/image_SRF_4/img_039_SRF_4_LR.png,22.159113565491193,20.79790701689072
Urban100,img_039,realesrgan,/home/ubuntu/scratch/sr-diffusion/benchmark_outputs/realesrgan/Urban100/img_039/RealESRGAN_x4plus.png,/home/ubuntu/scratch/sr-diffusion/benchmarks/selfexsr/SelfExSR-master/data/Urban100/image_SRF_4/img_039_SRF_4_HR.png,/home/ubuntu/scratch/sr-diffusion/benchmarks/selfexsr/SelfExSR-master/data/Urban100/image_SRF_4/img_039_SRF_4_LR.png,19.521957640509253,17.99750855611007
Urban100,img_040,bicubic,generated:matlab_bicubic_resize,/home/ubuntu/scratch/sr-diffusion/benchmarks/selfexsr/SelfExSR-master/data/Urban100/image_SRF_4/img_040_SRF_4_HR.png,/home/ubuntu/scratch/sr-diffusion/benchmarks/selfexsr/SelfExSR-master/data/Urban100/image_SRF_4/img_040_SRF_4_LR.png,19.391685258669202,18.10707768593921
Urban100,img_040,stage2_guarded_off,/home/ubuntu/scratch/sr-diffusion/benchmark_outputs/stage2_guarded_detail_v2_tta_off/Urban100/img_040/base.png,/home/ubuntu/scratch/sr-diffusion/benchmarks/selfexsr/SelfExSR-master/data/Urban100/image_SRF_4/img_040_SRF_4_HR.png,/home/ubuntu/scratch/sr-diffusion/benchmarks/selfexsr/SelfExSR-master/data/Urban100/image_SRF_4/img_040_SRF_4_LR.png,26.32635551998375,24.925237982681125
Urban100,img_040,stage2_guarded_hflip,/home/ubuntu/scratch/sr-diffusion/benchmark_outputs/stage2_guarded_detail_v2_tta_hflip/Urban100/img_040/base.png,/home/ubuntu/scratch/sr-diffusion/benchmarks/selfexsr/SelfExSR-master/data/Urban100/image_SRF_4/img_040_SRF_4_HR.png,/home/ubuntu/scratch/sr-diffusion/benchmarks/selfexsr/SelfExSR-master/data/Urban100/image_SRF_4/img_040_SRF_4_LR.png,26.460632149803054,25.07384499411351
Urban100,img_040,stage2_guarded_x8,/home/ubuntu/scratch/sr-diffusion/benchmark_outputs/stage2_guarded_detail_v2_tta_x8/Urban100/img_040/base.png,/home/ubuntu/scratch/sr-diffusion/benchmarks/selfexsr/SelfExSR-master/data/Urban100/image_SRF_4/img_040_SRF_4_HR.png,/home/ubuntu/scratch/sr-diffusion/benchmarks/selfexsr/SelfExSR-master/data/Urban100/image_SRF_4/img_040_SRF_4_LR.png,25.967293322894427,24.603194210002222
Urban100,img_040,detail_v2_masked,/home/ubuntu/scratch/sr-diffusion/benchmark_outputs/detail_v2_masked/Urban100/img_040/detail.png,/home/ubuntu/scratch/sr-diffusion/benchmarks/selfexsr/SelfExSR-master/data/Urban100/image_SRF_4/img_040_SRF_4_HR.png,/home/ubuntu/scratch/sr-diffusion/benchmarks/selfexsr/SelfExSR-master/data/Urban100/image_SRF_4/img_040_SRF_4_LR.png,27.618259072667204,26.211033182228437
Urban100,img_040,refiner_v2,/home/ubuntu/scratch/sr-diffusion/benchmark_outputs/refiner_v2/Urban100/img_040/refined.png,/home/ubuntu/scratch/sr-diffusion/benchmarks/selfexsr/SelfExSR-master/data/Urban100/image_SRF_4/img_040_SRF_4_HR.png,/home/ubuntu/scratch/sr-diffusion/benchmarks/selfexsr/SelfExSR-master/data/Urban100/image_SRF_4/img_040_SRF_4_LR.png,24.87405809154607,23.53978115810978
Urban100,img_040,realesrgan,/home/ubuntu/scratch/sr-diffusion/benchmark_outputs/realesrgan/Urban100/img_040/RealESRGAN_x4plus.png,/home/ubuntu/scratch/sr-diffusion/benchmarks/selfexsr/SelfExSR-master/data/Urban100/image_SRF_4/img_040_SRF_4_HR.png,/home/ubuntu/scratch/sr-diffusion/benchmarks/selfexsr/SelfExSR-master/data/Urban100/image_SRF_4/img_040_SRF_4_LR.png,20.485360092288914,19.05670115898272
Urban100,img_041,bicubic,generated:matlab_bicubic_resize,/home/ubuntu/scratch/sr-diffusion/benchmarks/selfexsr/SelfExSR-master/data/Urban100/image_SRF_4/img_041_SRF_4_HR.png,/home/ubuntu/scratch/sr-diffusion/benchmarks/selfexsr/SelfExSR-master/data/Urban100/image_SRF_4/img_041_SRF_4_LR.png,21.00269685618043,19.564343684985086
Urban100,img_041,stage2_guarded_off,/home/ubuntu/scratch/sr-diffusion/benchmark_outputs/stage2_guarded_detail_v2_tta_off/Urban100/img_041/base.png,/home/ubuntu/scratch/sr-diffusion/benchmarks/selfexsr/SelfExSR-master/data/Urban100/image_SRF_4/img_041_SRF_4_HR.png,/home/ubuntu/scratch/sr-diffusion/benchmarks/selfexsr/SelfExSR-master/data/Urban100/image_SRF_4/img_041_SRF_4_LR.png,24.979598445360516,23.498821018622458
Urban100,img_041,stage2_guarded_hflip,/home/ubuntu/scratch/sr-diffusion/benchmark_outputs/stage2_guarded_detail_v2_tta_hflip/Urban100/img_041/base.png,/home/ubuntu/scratch/sr-diffusion/benchmarks/selfexsr/SelfExSR-master/data/Urban100/image_SRF_4/img_041_SRF_4_HR.png,/home/ubuntu/scratch/sr-diffusion/benchmarks/selfexsr/SelfExSR-master/data/Urban100/image_SRF_4/img_041_SRF_4_LR.png,25.03846322329174,23.559887438823832
Urban100,img_041,stage2_guarded_x8,/home/ubuntu/scratch/sr-diffusion/benchmark_outputs/stage2_guarded_detail_v2_tta_x8/Urban100/img_041/base.png,/home/ubuntu/scratch/sr-diffusion/benchmarks/selfexsr/SelfExSR-master/data/Urban100/image_SRF_4/img_041_SRF_4_HR.png,/home/ubuntu/scratch/sr-diffusion/benchmarks/selfexsr/SelfExSR-master/data/Urban100/image_SRF_4/img_041_SRF_4_LR.png,25.1372052374796,23.65852864524568
Urban100,img_041,detail_v2_masked,/home/ubuntu/scratch/sr-diffusion/benchmark_outputs/detail_v2_masked/Urban100/img_041/detail.png,/home/ubuntu/scratch/sr-diffusion/benchmarks/selfexsr/SelfExSR-master/data/Urban100/image_SRF_4/img_041_SRF_4_HR.png,/home/ubuntu/scratch/sr-diffusion/benchmarks/selfexsr/SelfExSR-master/data/Urban100/image_SRF_4/img_041_SRF_4_LR.png,25.903955679407822,24.406343949106684
Urban100,img_041,refiner_v2,/home/ubuntu/scratch/sr-diffusion/benchmark_outputs/refiner_v2/Urban100/img_041/refined.png,/home/ubuntu/scratch/sr-diffusion/benchmarks/selfexsr/SelfExSR-master/data/Urban100/image_SRF_4/img_041_SRF_4_HR.png,/home/ubuntu/scratch/sr-diffusion/benchmarks/selfexsr/SelfExSR-master/data/Urban100/image_SRF_4/img_041_SRF_4_LR.png,23.65666180515063,22.16148459947885
Urban100,img_041,realesrgan,/home/ubuntu/scratch/sr-diffusion/benchmark_outputs/realesrgan/Urban100/img_041/RealESRGAN_x4plus.png,/home/ubuntu/scratch/sr-diffusion/benchmarks/selfexsr/SelfExSR-master/data/Urban100/image_SRF_4/img_041_SRF_4_HR.png,/home/ubuntu/scratch/sr-diffusion/benchmarks/selfexsr/SelfExSR-master/data/Urban100/image_SRF_4/img_041_SRF_4_LR.png,22.16205392317757,20.467744727783924
Urban100,img_042,bicubic,generated:matlab_bicubic_resize,/home/ubuntu/scratch/sr-diffusion/benchmarks/selfexsr/SelfExSR-master/data/Urban100/image_SRF_4/img_042_SRF_4_HR.png,/home/ubuntu/scratch/sr-diffusion/benchmarks/selfexsr/SelfExSR-master/data/Urban100/image_SRF_4/img_042_SRF_4_LR.png,24.833446070514263,23.511524758637524
Urban100,img_042,stage2_guarded_off,/home/ubuntu/scratch/sr-diffusion/benchmark_outputs/stage2_guarded_detail_v2_tta_off/Urban100/img_042/base.png,/home/ubuntu/scratch/sr-diffusion/benchmarks/selfexsr/SelfExSR-master/data/Urban100/image_SRF_4/img_042_SRF_4_HR.png,/home/ubuntu/scratch/sr-diffusion/benchmarks/selfexsr/SelfExSR-master/data/Urban100/image_SRF_4/img_042_SRF_4_LR.png,28.41197211031142,27.07840196716709
Urban100,img_042,stage2_guarded_hflip,/home/ubuntu/scratch/sr-diffusion/benchmark_outputs/stage2_guarded_detail_v2_tta_hflip/Urban100/img_042/base.png,/home/ubuntu/scratch/sr-diffusion/benchmarks/selfexsr/SelfExSR-master/data/Urban100/image_SRF_4/img_042_SRF_4_HR.png,/home/ubuntu/scratch/sr-diffusion/benchmarks/selfexsr/SelfExSR-master/data/Urban100/image_SRF_4/img_042_SRF_4_LR.png,28.488145805078034,27.15769422249401
Urban100,img_042,stage2_guarded_x8,/home/ubuntu/scratch/sr-diffusion/benchmark_outputs/stage2_guarded_detail_v2_tta_x8/Urban100/img_042/base.png,/home/ubuntu/scratch/sr-diffusion/benchmarks/selfexsr/SelfExSR-master/data/Urban100/image_SRF_4/img_042_SRF_4_HR.png,/home/ubuntu/scratch/sr-diffusion/benchmarks/selfexsr/SelfExSR-master/data/Urban100/image_SRF_4/img_042_SRF_4_LR.png,28.497588728368232,27.169642806900747
Urban100,img_042,detail_v2_masked,/home/ubuntu/scratch/sr-diffusion/benchmark_outputs/detail_v2_masked/Urban100/img_042/detail.png,/home/ubuntu/scratch/sr-diffusion/benchmarks/selfexsr/SelfExSR-master/data/Urban100/image_SRF_4/img_042_SRF_4_HR.png,/home/ubuntu/scratch/sr-diffusion/benchmarks/selfexsr/SelfExSR-master/data/Urban100/image_SRF_4/img_042_SRF_4_LR.png,29.12941352379185,27.794787926401433
Urban100,img_042,refiner_v2,/home/ubuntu/scratch/sr-diffusion/benchmark_outputs/refiner_v2/Urban100/img_042/refined.png,/home/ubuntu/scratch/sr-diffusion/benchmarks/selfexsr/SelfExSR-master/data/Urban100/image_SRF_4/img_042_SRF_4_HR.png,/home/ubuntu/scratch/sr-diffusion/benchmarks/selfexsr/SelfExSR-master/data/Urban100/image_SRF_4/img_042_SRF_4_LR.png,27.785739184894535,26.44575961783172
Urban100,img_042,realesrgan,/home/ubuntu/scratch/sr-diffusion/benchmark_outputs/realesrgan/Urban100/img_042/RealESRGAN_x4plus.png,/home/ubuntu/scratch/sr-diffusion/benchmarks/selfexsr/SelfExSR-master/data/Urban100/image_SRF_4/img_042_SRF_4_HR.png,/home/ubuntu/scratch/sr-diffusion/benchmarks/selfexsr/SelfExSR-master/data/Urban100/image_SRF_4/img_042_SRF_4_LR.png,23.733490726441214,22.415709565012595
Urban100,img_043,bicubic,generated:matlab_bicubic_resize,/home/ubuntu/scratch/sr-diffusion/benchmarks/selfexsr/SelfExSR-master/data/Urban100/image_SRF_4/img_043_SRF_4_HR.png,/home/ubuntu/scratch/sr-diffusion/benchmarks/selfexsr/SelfExSR-master/data/Urban100/image_SRF_4/img_043_SRF_4_LR.png,22.09214145472089,20.8580983774256
Urban100,img_043,stage2_guarded_off,/home/ubuntu/scratch/sr-diffusion/benchmark_outputs/stage2_guarded_detail_v2_tta_off/Urban100/img_043/base.png,/home/ubuntu/scratch/sr-diffusion/benchmarks/selfexsr/SelfExSR-master/data/Urban100/image_SRF_4/img_043_SRF_4_HR.png,/home/ubuntu/scratch/sr-diffusion/benchmarks/selfexsr/SelfExSR-master/data/Urban100/image_SRF_4/img_043_SRF_4_LR.png,31.496424891639695,29.755298280239412
Urban100,img_043,stage2_guarded_hflip,/home/ubuntu/scratch/sr-diffusion/benchmark_outputs/stage2_guarded_detail_v2_tta_hflip/Urban100/img_043/base.png,/home/ubuntu/scratch/sr-diffusion/benchmarks/selfexsr/SelfExSR-master/data/Urban100/image_SRF_4/img_043_SRF_4_HR.png,/home/ubuntu/scratch/sr-diffusion/benchmarks/selfexsr/SelfExSR-master/data/Urban100/image_SRF_4/img_043_SRF_4_LR.png,31.64704182978772,29.934824473107096
Urban100,img_043,stage2_guarded_x8,/home/ubuntu/scratch/sr-diffusion/benchmark_outputs/stage2_guarded_detail_v2_tta_x8/Urban100/img_043/base.png,/home/ubuntu/scratch/sr-diffusion/benchmarks/selfexsr/SelfExSR-master/data/Urban100/image_SRF_4/img_043_SRF_4_HR.png,/home/ubuntu/scratch/sr-diffusion/benchmarks/selfexsr/SelfExSR-master/data/Urban100/image_SRF_4/img_043_SRF_4_LR.png,31.622123356503767,29.96440690384151
Urban100,img_043,detail_v2_masked,/home/ubuntu/scratch/sr-diffusion/benchmark_outputs/detail_v2_masked/Urban100/img_043/detail.png,/home/ubuntu/scratch/sr-diffusion/benchmarks/selfexsr/SelfExSR-master/data/Urban100/image_SRF_4/img_043_SRF_4_HR.png,/home/ubuntu/scratch/sr-diffusion/benchmarks/selfexsr/SelfExSR-master/data/Urban100/image_SRF_4/img_043_SRF_4_LR.png,32.75193730903883,30.852395495557346
Urban100,img_043,refiner_v2,/home/ubuntu/scratch/sr-diffusion/benchmark_outputs/refiner_v2/Urban100/img_043/refined.png,/home/ubuntu/scratch/sr-diffusion/benchmarks/selfexsr/SelfExSR-master/data/Urban100/image_SRF_4/img_043_SRF_4_HR.png,/home/ubuntu/scratch/sr-diffusion/benchmarks/selfexsr/SelfExSR-master/data/Urban100/image_SRF_4/img_043_SRF_4_LR.png,29.787757006951246,28.20313323797031
Urban100,img_043,realesrgan,/home/ubuntu/scratch/sr-diffusion/benchmark_outputs/realesrgan/Urban100/img_043/RealESRGAN_x4plus.png,/home/ubuntu/scratch/sr-diffusion/benchmarks/selfexsr/SelfExSR-master/data/Urban100/image_SRF_4/img_043_SRF_4_HR.png,/home/ubuntu/scratch/sr-diffusion/benchmarks/selfexsr/SelfExSR-master/data/Urban100/image_SRF_4/img_043_SRF_4_LR.png,27.438865912681607,25.79194246131964
Urban100,img_044,bicubic,generated:matlab_bicubic_resize,/home/ubuntu/scratch/sr-diffusion/benchmarks/selfexsr/SelfExSR-master/data/Urban100/image_SRF_4/img_044_SRF_4_HR.png,/home/ubuntu/scratch/sr-diffusion/benchmarks/selfexsr/SelfExSR-master/data/Urban100/image_SRF_4/img_044_SRF_4_LR.png,26.91824147945563,25.119099097292512
Urban100,img_044,stage2_guarded_off,/home/ubuntu/scratch/sr-diffusion/benchmark_outputs/stage2_guarded_detail_v2_tta_off/Urban100/img_044/base.png,/home/ubuntu/scratch/sr-diffusion/benchmarks/selfexsr/SelfExSR-master/data/Urban100/image_SRF_4/img_044_SRF_4_HR.png,/home/ubuntu/scratch/sr-diffusion/benchmarks/selfexsr/SelfExSR-master/data/Urban100/image_SRF_4/img_044_SRF_4_LR.png,29.681296132618336,27.993113282615333
Urban100,img_044,stage2_guarded_hflip,/home/ubuntu/scratch/sr-diffusion/benchmark_outputs/stage2_guarded_detail_v2_tta_hflip/Urban100/img_044/base.png,/home/ubuntu/scratch/sr-diffusion/benchmarks/selfexsr/SelfExSR-master/data/Urban100/image_SRF_4/img_044_SRF_4_HR.png,/home/ubuntu/scratch/sr-diffusion/benchmarks/selfexsr/SelfExSR-master/data/Urban100/image_SRF_4/img_044_SRF_4_LR.png,29.77265116235516,28.08712059315829
Urban100,img_044,stage2_guarded_x8,/home/ubuntu/scratch/sr-diffusion/benchmark_outputs/stage2_guarded_detail_v2_tta_x8/Urban100/img_044/base.png,/home/ubuntu/scratch/sr-diffusion/benchmarks/selfexsr/SelfExSR-master/data/Urban100/image_SRF_4/img_044_SRF_4_HR.png,/home/ubuntu/scratch/sr-diffusion/benchmarks/selfexsr/SelfExSR-master/data/Urban100/image_SRF_4/img_044_SRF_4_LR.png,29.704829893943323,28.036693487108977
Urban100,img_044,detail_v2_masked,/home/ubuntu/scratch/sr-diffusion/benchmark_outputs/detail_v2_masked/Urban100/img_044/detail.png,/home/ubuntu/scratch/sr-diffusion/benchmarks/selfexsr/SelfExSR-master/data/Urban100/image_SRF_4/img_044_SRF_4_HR.png,/home/ubuntu/scratch/sr-diffusion/benchmarks/selfexsr/SelfExSR-master/data/Urban100/image_SRF_4/img_044_SRF_4_LR.png,29.07254921937462,27.4463499230746
Urban100,img_044,refiner_v2,/home/ubuntu/scratch/sr-diffusion/benchmark_outputs/refiner_v2/Urban100/img_044/refined.png,/home/ubuntu/scratch/sr-diffusion/benchmarks/selfexsr/SelfExSR-master/data/Urban100/image_SRF_4/img_044_SRF_4_HR.png,/home/ubuntu/scratch/sr-diffusion/benchmarks/selfexsr/SelfExSR-master/data/Urban100/image_SRF_4/img_044_SRF_4_LR.png,27.647092745943485,25.92854218068768
Urban100,img_044,realesrgan,/home/ubuntu/scratch/sr-diffusion/benchmark_outputs/realesrgan/Urban100/img_044/RealESRGAN_x4plus.png,/home/ubuntu/scratch/sr-diffusion/benchmarks/selfexsr/SelfExSR-master/data/Urban100/image_SRF_4/img_044_SRF_4_HR.png,/home/ubuntu/scratch/sr-diffusion/benchmarks/selfexsr/SelfExSR-master/data/Urban100/image_SRF_4/img_044_SRF_4_LR.png,22.333638164275467,20.848278766475502
Urban100,img_045,bicubic,generated:matlab_bicubic_resize,/home/ubuntu/scratch/sr-diffusion/benchmarks/selfexsr/SelfExSR-master/data/Urban100/image_SRF_4/img_045_SRF_4_HR.png,/home/ubuntu/scratch/sr-diffusion/benchmarks/selfexsr/SelfExSR-master/data/Urban100/image_SRF_4/img_045_SRF_4_LR.png,20.942833540092014,19.62091222821528
Urban100,img_045,stage2_guarded_off,/home/ubuntu/scratch/sr-diffusion/benchmark_outputs/stage2_guarded_detail_v2_tta_off/Urban100/img_045/base.png,/home/ubuntu/scratch/sr-diffusion/benchmarks/selfexsr/SelfExSR-master/data/Urban100/image_SRF_4/img_045_SRF_4_HR.png,/home/ubuntu/scratch/sr-diffusion/benchmarks/selfexsr/SelfExSR-master/data/Urban100/image_SRF_4/img_045_SRF_4_LR.png,22.981223051653163,21.66155370489127
Urban100,img_045,stage2_guarded_hflip,/home/ubuntu/scratch/sr-diffusion/benchmark_outputs/stage2_guarded_detail_v2_tta_hflip/Urban100/img_045/base.png,/home/ubuntu/scratch/sr-diffusion/benchmarks/selfexsr/SelfExSR-master/data/Urban100/image_SRF_4/img_045_SRF_4_HR.png,/home/ubuntu/scratch/sr-diffusion/benchmarks/selfexsr/SelfExSR-master/data/Urban100/image_SRF_4/img_045_SRF_4_LR.png,22.88300174970818,21.558753290087502
Urban100,img_045,stage2_guarded_x8,/home/ubuntu/scratch/sr-diffusion/benchmark_outputs/stage2_guarded_detail_v2_tta_x8/Urban100/img_045/base.png,/home/ubuntu/scratch/sr-diffusion/benchmarks/selfexsr/SelfExSR-master/data/Urban100/image_SRF_4/img_045_SRF_4_HR.png,/home/ubuntu/scratch/sr-diffusion/benchmarks/selfexsr/SelfExSR-master/data/Urban100/image_SRF_4/img_045_SRF_4_LR.png,23.043837669548918,21.719186934334363
Urban100,img_045,detail_v2_masked,/home/ubuntu/scratch/sr-diffusion/benchmark_outputs/detail_v2_masked/Urban100/img_045/detail.png,/home/ubuntu/scratch/sr-diffusion/benchmarks/selfexsr/SelfExSR-master/data/Urban100/image_SRF_4/img_045_SRF_4_HR.png,/home/ubuntu/scratch/sr-diffusion/benchmarks/selfexsr/SelfExSR-master/data/Urban100/image_SRF_4/img_045_SRF_4_LR.png,23.018893651999793,21.701910650640485
Urban100,img_045,refiner_v2,/home/ubuntu/scratch/sr-diffusion/benchmark_outputs/refiner_v2/Urban100/img_045/refined.png,/home/ubuntu/scratch/sr-diffusion/benchmarks/selfexsr/SelfExSR-master/data/Urban100/image_SRF_4/img_045_SRF_4_HR.png,/home/ubuntu/scratch/sr-diffusion/benchmarks/selfexsr/SelfExSR-master/data/Urban100/image_SRF_4/img_045_SRF_4_LR.png,21.284346768189785,19.85980535729388
Urban100,img_045,realesrgan,/home/ubuntu/scratch/sr-diffusion/benchmark_outputs/realesrgan/Urban100/img_045/RealESRGAN_x4plus.png,/home/ubuntu/scratch/sr-diffusion/benchmarks/selfexsr/SelfExSR-master/data/Urban100/image_SRF_4/img_045_SRF_4_HR.png,/home/ubuntu/scratch/sr-diffusion/benchmarks/selfexsr/SelfExSR-master/data/Urban100/image_SRF_4/img_045_SRF_4_LR.png,19.558718162140746,18.26344301905277
Urban100,img_046,bicubic,generated:matlab_bicubic_resize,/home/ubuntu/scratch/sr-diffusion/benchmarks/selfexsr/SelfExSR-master/data/Urban100/image_SRF_4/img_046_SRF_4_HR.png,/home/ubuntu/scratch/sr-diffusion/benchmarks/selfexsr/SelfExSR-master/data/Urban100/image_SRF_4/img_046_SRF_4_LR.png,22.6917189526936,21.248513202494657
Urban100,img_046,stage2_guarded_off,/home/ubuntu/scratch/sr-diffusion/benchmark_outputs/stage2_guarded_detail_v2_tta_off/Urban100/img_046/base.png,/home/ubuntu/scratch/sr-diffusion/benchmarks/selfexsr/SelfExSR-master/data/Urban100/image_SRF_4/img_046_SRF_4_HR.png,/home/ubuntu/scratch/sr-diffusion/benchmarks/selfexsr/SelfExSR-master/data/Urban100/image_SRF_4/img_046_SRF_4_LR.png,23.42025429752308,21.986766607573472
Urban100,img_046,stage2_guarded_hflip,/home/ubuntu/scratch/sr-diffusion/benchmark_outputs/stage2_guarded_detail_v2_tta_hflip/Urban100/img_046/base.png,/home/ubuntu/scratch/sr-diffusion/benchmarks/selfexsr/SelfExSR-master/data/Urban100/image_SRF_4/img_046_SRF_4_HR.png,/home/ubuntu/scratch/sr-diffusion/benchmarks/selfexsr/SelfExSR-master/data/Urban100/image_SRF_4/img_046_SRF_4_LR.png,23.450609539288635,22.018819135268984
Urban100,img_046,stage2_guarded_x8,/home/ubuntu/scratch/sr-diffusion/benchmark_outputs/stage2_guarded_detail_v2_tta_x8/Urban100/img_046/base.png,/home/ubuntu/scratch/sr-diffusion/benchmarks/selfexsr/SelfExSR-master/data/Urban100/image_SRF_4/img_046_SRF_4_HR.png,/home/ubuntu/scratch/sr-diffusion/benchmarks/selfexsr/SelfExSR-master/data/Urban100/image_SRF_4/img_046_SRF_4_LR.png,23.48339478031309,22.055616164969333
Urban100,img_046,detail_v2_masked,/home/ubuntu/scratch/sr-diffusion/benchmark_outputs/detail_v2_masked/Urban100/img_046/detail.png,/home/ubuntu/scratch/sr-diffusion/benchmarks/selfexsr/SelfExSR-master/data/Urban100/image_SRF_4/img_046_SRF_4_HR.png,/home/ubuntu/scratch/sr-diffusion/benchmarks/selfexsr/SelfExSR-master/data/Urban100/image_SRF_4/img_046_SRF_4_LR.png,23.505963216697268,22.07495014303605
Urban100,img_046,refiner_v2,/home/ubuntu/scratch/sr-diffusion/benchmark_outputs/refiner_v2/Urban100/img_046/refined.png,/home/ubuntu/scratch/sr-diffusion/benchmarks/selfexsr/SelfExSR-master/data/Urban100/image_SRF_4/img_046_SRF_4_HR.png,/home/ubuntu/scratch/sr-diffusion/benchmarks/selfexsr/SelfExSR-master/data/Urban100/image_SRF_4/img_046_SRF_4_LR.png,23.230788468375575,21.78390158664247
Urban100,img_046,realesrgan,/home/ubuntu/scratch/sr-diffusion/benchmark_outputs/realesrgan/Urban100/img_046/RealESRGAN_x4plus.png,/home/ubuntu/scratch/sr-diffusion/benchmarks/selfexsr/SelfExSR-master/data/Urban100/image_SRF_4/img_046_SRF_4_HR.png,/home/ubuntu/scratch/sr-diffusion/benchmarks/selfexsr/SelfExSR-master/data/Urban100/image_SRF_4/img_046_SRF_4_LR.png,21.902544061361283,20.256904740028382
Urban100,img_047,bicubic,generated:matlab_bicubic_resize,/home/ubuntu/scratch/sr-diffusion/benchmarks/selfexsr/SelfExSR-master/data/Urban100/image_SRF_4/img_047_SRF_4_HR.png,/home/ubuntu/scratch/sr-diffusion/benchmarks/selfexsr/SelfExSR-master/data/Urban100/image_SRF_4/img_047_SRF_4_LR.png,20.007095585686237,18.531197246602172
Urban100,img_047,stage2_guarded_off,/home/ubuntu/scratch/sr-diffusion/benchmark_outputs/stage2_guarded_detail_v2_tta_off/Urban100/img_047/base.png,/home/ubuntu/scratch/sr-diffusion/benchmarks/selfexsr/SelfExSR-master/data/Urban100/image_SRF_4/img_047_SRF_4_HR.png,/home/ubuntu/scratch/sr-diffusion/benchmarks/selfexsr/SelfExSR-master/data/Urban100/image_SRF_4/img_047_SRF_4_LR.png,21.48336159955686,19.996411065228678
Urban100,img_047,stage2_guarded_hflip,/home/ubuntu/scratch/sr-diffusion/benchmark_outputs/stage2_guarded_detail_v2_tta_hflip/Urban100/img_047/base.png,/home/ubuntu/scratch/sr-diffusion/benchmarks/selfexsr/SelfExSR-master/data/Urban100/image_SRF_4/img_047_SRF_4_HR.png,/home/ubuntu/scratch/sr-diffusion/benchmarks/selfexsr/SelfExSR-master/data/Urban100/image_SRF_4/img_047_SRF_4_LR.png,21.50528913174584,20.018570649821356
Urban100,img_047,stage2_guarded_x8,/home/ubuntu/scratch/sr-diffusion/benchmark_outputs/stage2_guarded_detail_v2_tta_x8/Urban100/img_047/base.png,/home/ubuntu/scratch/sr-diffusion/benchmarks/selfexsr/SelfExSR-master/data/Urban100/image_SRF_4/img_047_SRF_4_HR.png,/home/ubuntu/scratch/sr-diffusion/benchmarks/selfexsr/SelfExSR-master/data/Urban100/image_SRF_4/img_047_SRF_4_LR.png,21.492889992672982,20.008843918319382
Urban100,img_047,detail_v2_masked,/home/ubuntu/scratch/sr-diffusion/benchmark_outputs/detail_v2_masked/Urban100/img_047/detail.png,/home/ubuntu/scratch/sr-diffusion/benchmarks/selfexsr/SelfExSR-master/data/Urban100/image_SRF_4/img_047_SRF_4_HR.png,/home/ubuntu/scratch/sr-diffusion/benchmarks/selfexsr/SelfExSR-master/data/Urban100/image_SRF_4/img_047_SRF_4_LR.png,21.81266243494381,20.326724255806184
Urban100,img_047,refiner_v2,/home/ubuntu/scratch/sr-diffusion/benchmark_outputs/refiner_v2/Urban100/img_047/refined.png,/home/ubuntu/scratch/sr-diffusion/benchmarks/selfexsr/SelfExSR-master/data/Urban100/image_SRF_4/img_047_SRF_4_HR.png,/home/ubuntu/scratch/sr-diffusion/benchmarks/selfexsr/SelfExSR-master/data/Urban100/image_SRF_4/img_047_SRF_4_LR.png,21.06517083319602,19.58062611271211
Urban100,img_047,realesrgan,/home/ubuntu/scratch/sr-diffusion/benchmark_outputs/realesrgan/Urban100/img_047/RealESRGAN_x4plus.png,/home/ubuntu/scratch/sr-diffusion/benchmarks/selfexsr/SelfExSR-master/data/Urban100/image_SRF_4/img_047_SRF_4_HR.png,/home/ubuntu/scratch/sr-diffusion/benchmarks/selfexsr/SelfExSR-master/data/Urban100/image_SRF_4/img_047_SRF_4_LR.png,18.70730841422662,17.262276128060286
Urban100,img_048,bicubic,generated:matlab_bicubic_resize,/home/ubuntu/scratch/sr-diffusion/benchmarks/selfexsr/SelfExSR-master/data/Urban100/image_SRF_4/img_048_SRF_4_HR.png,/home/ubuntu/scratch/sr-diffusion/benchmarks/selfexsr/SelfExSR-master/data/Urban100/image_SRF_4/img_048_SRF_4_LR.png,18.182879256931443,16.901513469311208
Urban100,img_048,stage2_guarded_off,/home/ubuntu/scratch/sr-diffusion/benchmark_outputs/stage2_guarded_detail_v2_tta_off/Urban100/img_048/base.png,/home/ubuntu/scratch/sr-diffusion/benchmarks/selfexsr/SelfExSR-master/data/Urban100/image_SRF_4/img_048_SRF_4_HR.png,/home/ubuntu/scratch/sr-diffusion/benchmarks/selfexsr/SelfExSR-master/data/Urban100/image_SRF_4/img_048_SRF_4_LR.png,19.624465230226786,18.3237864192223
Urban100,img_048,stage2_guarded_hflip,/home/ubuntu/scratch/sr-diffusion/benchmark_outputs/stage2_guarded_detail_v2_tta_hflip/Urban100/img_048/base.png,/home/ubuntu/scratch/sr-diffusion/benchmarks/selfexsr/SelfExSR-master/data/Urban100/image_SRF_4/img_048_SRF_4_HR.png,/home/ubuntu/scratch/sr-diffusion/benchmarks/selfexsr/SelfExSR-master/data/Urban100/image_SRF_4/img_048_SRF_4_LR.png,19.646580633883918,18.347995386484577
Urban100,img_048,stage2_guarded_x8,/home/ubuntu/scratch/sr-diffusion/benchmark_outputs/stage2_guarded_detail_v2_tta_x8/Urban100/img_048/base.png,/home/ubuntu/scratch/sr-diffusion/benchmarks/selfexsr/SelfExSR-master/data/Urban100/image_SRF_4/img_048_SRF_4_HR.png,/home/ubuntu/scratch/sr-diffusion/benchmarks/selfexsr/SelfExSR-master/data/Urban100/image_SRF_4/img_048_SRF_4_LR.png,19.67542040871394,18.38044542306875
Urban100,img_048,detail_v2_masked,/home/ubuntu/scratch/sr-diffusion/benchmark_outputs/detail_v2_masked/Urban100/img_048/detail.png,/home/ubuntu/scratch/sr-diffusion/benchmarks/selfexsr/SelfExSR-master/data/Urban100/image_SRF_4/img_048_SRF_4_HR.png,/home/ubuntu/scratch/sr-diffusion/benchmarks/selfexsr/SelfExSR-master/data/Urban100/image_SRF_4/img_048_SRF_4_LR.png,19.799388494689385,18.50173544677661
Urban100,img_048,refiner_v2,/home/ubuntu/scratch/sr-diffusion/benchmark_outputs/refiner_v2/Urban100/img_048/refined.png,/home/ubuntu/scratch/sr-diffusion/benchmarks/selfexsr/SelfExSR-master/data/Urban100/image_SRF_4/img_048_SRF_4_HR.png,/home/ubuntu/scratch/sr-diffusion/benchmarks/selfexsr/SelfExSR-master/data/Urban100/image_SRF_4/img_048_SRF_4_LR.png,19.310503563389037,18.018421637966156
Urban100,img_048,realesrgan,/home/ubuntu/scratch/sr-diffusion/benchmark_outputs/realesrgan/Urban100/img_048/RealESRGAN_x4plus.png,/home/ubuntu/scratch/sr-diffusion/benchmarks/selfexsr/SelfExSR-master/data/Urban100/image_SRF_4/img_048_SRF_4_HR.png,/home/ubuntu/scratch/sr-diffusion/benchmarks/selfexsr/SelfExSR-master/data/Urban100/image_SRF_4/img_048_SRF_4_LR.png,18.019629333888076,16.699500146893897
Urban100,img_049,bicubic,generated:matlab_bicubic_resize,/home/ubuntu/scratch/sr-diffusion/benchmarks/selfexsr/SelfExSR-master/data/Urban100/image_SRF_4/img_049_SRF_4_HR.png,/home/ubuntu/scratch/sr-diffusion/benchmarks/selfexsr/SelfExSR-master/data/Urban100/image_SRF_4/img_049_SRF_4_LR.png,20.491151262248792,19.012331275059587
Urban100,img_049,stage2_guarded_off,/home/ubuntu/scratch/sr-diffusion/benchmark_outputs/stage2_guarded_detail_v2_tta_off/Urban100/img_049/base.png,/home/ubuntu/scratch/sr-diffusion/benchmarks/selfexsr/SelfExSR-master/data/Urban100/image_SRF_4/img_049_SRF_4_HR.png,/home/ubuntu/scratch/sr-diffusion/benchmarks/selfexsr/SelfExSR-master/data/Urban100/image_SRF_4/img_049_SRF_4_LR.png,23.105289066535278,21.573809439737555
Urban100,img_049,stage2_guarded_hflip,/home/ubuntu/scratch/sr-diffusion/benchmark_outputs/stage2_guarded_detail_v2_tta_hflip/Urban100/img_049/base.png,/home/ubuntu/scratch/sr-diffusion/benchmarks/selfexsr/SelfExSR-master/data/Urban100/image_SRF_4/img_049_SRF_4_HR.png,/home/ubuntu/scratch/sr-diffusion/benchmarks/selfexsr/SelfExSR-master/data/Urban100/image_SRF_4/img_049_SRF_4_LR.png,23.15383608423177,21.62230482529235
Urban100,img_049,stage2_guarded_x8,/home/ubuntu/scratch/sr-diffusion/benchmark_outputs/stage2_guarded_detail_v2_tta_x8/Urban100/img_049/base.png,/home/ubuntu/scratch/sr-diffusion/benchmarks/selfexsr/SelfExSR-master/data/Urban100/image_SRF_4/img_049_SRF_4_HR.png,/home/ubuntu/scratch/sr-diffusion/benchmarks/selfexsr/SelfExSR-master/data/Urban100/image_SRF_4/img_049_SRF_4_LR.png,23.15395431225896,21.62294731715609
Urban100,img_049,detail_v2_masked,/home/ubuntu/scratch/sr-diffusion/benchmark_outputs/detail_v2_masked/Urban100/img_049/detail.png,/home/ubuntu/scratch/sr-diffusion/benchmarks/selfexsr/SelfExSR-master/data/Urban100/image_SRF_4/img_049_SRF_4_HR.png,/home/ubuntu/scratch/sr-diffusion/benchmarks/selfexsr/SelfExSR-master/data/Urban100/image_SRF_4/img_049_SRF_4_LR.png,23.44661687935947,21.912097225150905
Urban100,img_049,refiner_v2,/home/ubuntu/scratch/sr-diffusion/benchmark_outputs/refiner_v2/Urban100/img_049/refined.png,/home/ubuntu/scratch/sr-diffusion/benchmarks/selfexsr/SelfExSR-master/data/Urban100/image_SRF_4/img_049_SRF_4_HR.png,/home/ubuntu/scratch/sr-diffusion/benchmarks/selfexsr/SelfExSR-master/data/Urban100/image_SRF_4/img_049_SRF_4_LR.png,22.61837728707189,21.10787108229824
Urban100,img_049,realesrgan,/home/ubuntu/scratch/sr-diffusion/benchmark_outputs/realesrgan/Urban100/img_049/RealESRGAN_x4plus.png,/home/ubuntu/scratch/sr-diffusion/benchmarks/selfexsr/SelfExSR-master/data/Urban100/image_SRF_4/img_049_SRF_4_HR.png,/home/ubuntu/scratch/sr-diffusion/benchmarks/selfexsr/SelfExSR-master/data/Urban100/image_SRF_4/img_049_SRF_4_LR.png,21.100729789223365,19.451041252678763
Urban100,img_050,bicubic,generated:matlab_bicubic_resize,/home/ubuntu/scratch/sr-diffusion/benchmarks/selfexsr/SelfExSR-master/data/Urban100/image_SRF_4/img_050_SRF_4_HR.png,/home/ubuntu/scratch/sr-diffusion/benchmarks/selfexsr/SelfExSR-master/data/Urban100/image_SRF_4/img_050_SRF_4_LR.png,23.72529140831636,22.305910161572218
Urban100,img_050,stage2_guarded_off,/home/ubuntu/scratch/sr-diffusion/benchmark_outputs/stage2_guarded_detail_v2_tta_off/Urban100/img_050/base.png,/home/ubuntu/scratch/sr-diffusion/benchmarks/selfexsr/SelfExSR-master/data/Urban100/image_SRF_4/img_050_SRF_4_HR.png,/home/ubuntu/scratch/sr-diffusion/benchmarks/selfexsr/SelfExSR-master/data/Urban100/image_SRF_4/img_050_SRF_4_LR.png,24.95701891244282,23.52391267280438
Urban100,img_050,stage2_guarded_hflip,/home/ubuntu/scratch/sr-diffusion/benchmark_outputs/stage2_guarded_detail_v2_tta_hflip/Urban100/img_050/base.png,/home/ubuntu/scratch/sr-diffusion/benchmarks/selfexsr/SelfExSR-master/data/Urban100/image_SRF_4/img_050_SRF_4_HR.png,/home/ubuntu/scratch/sr-diffusion/benchmarks/selfexsr/SelfExSR-master/data/Urban100/image_SRF_4/img_050_SRF_4_LR.png,25.000359616413895,23.569374768812953
Urban100,img_050,stage2_guarded_x8,/home/ubuntu/scratch/sr-diffusion/benchmark_outputs/stage2_guarded_detail_v2_tta_x8/Urban100/img_050/base.png,/home/ubuntu/scratch/sr-diffusion/benchmarks/selfexsr/SelfExSR-master/data/Urban100/image_SRF_4/img_050_SRF_4_HR.png,/home/ubuntu/scratch/sr-diffusion/benchmarks/selfexsr/SelfExSR-master/data/Urban100/image_SRF_4/img_050_SRF_4_LR.png,25.007818883551607,23.58174680392185
Urban100,img_050,detail_v2_masked,/home/ubuntu/scratch/sr-diffusion/benchmark_outputs/detail_v2_masked/Urban100/img_050/detail.png,/home/ubuntu/scratch/sr-diffusion/benchmarks/selfexsr/SelfExSR-master/data/Urban100/image_SRF_4/img_050_SRF_4_HR.png,/home/ubuntu/scratch/sr-diffusion/benchmarks/selfexsr/SelfExSR-master/data/Urban100/image_SRF_4/img_050_SRF_4_LR.png,25.155204947338426,23.732311744716462
Urban100,img_050,refiner_v2,/home/ubuntu/scratch/sr-diffusion/benchmark_outputs/refiner_v2/Urban100/img_050/refined.png,/home/ubuntu/scratch/sr-diffusion/benchmarks/selfexsr/SelfExSR-master/data/Urban100/image_SRF_4/img_050_SRF_4_HR.png,/home/ubuntu/scratch/sr-diffusion/benchmarks/selfexsr/SelfExSR-master/data/Urban100/image_SRF_4/img_050_SRF_4_LR.png,24.775599454701577,23.17398102912179
Urban100,img_050,realesrgan,/home/ubuntu/scratch/sr-diffusion/benchmark_outputs/realesrgan/Urban100/img_050/RealESRGAN_x4plus.png,/home/ubuntu/scratch/sr-diffusion/benchmarks/selfexsr/SelfExSR-master/data/Urban100/image_SRF_4/img_050_SRF_4_HR.png,/home/ubuntu/scratch/sr-diffusion/benchmarks/selfexsr/SelfExSR-master/data/Urban100/image_SRF_4/img_050_SRF_4_LR.png,22.59841699271294,21.019606837062767
Urban100,img_051,bicubic,generated:matlab_bicubic_resize,/home/ubuntu/scratch/sr-diffusion/benchmarks/selfexsr/SelfExSR-master/data/Urban100/image_SRF_4/img_051_SRF_4_HR.png,/home/ubuntu/scratch/sr-diffusion/benchmarks/selfexsr/SelfExSR-master/data/Urban100/image_SRF_4/img_051_SRF_4_LR.png,24.84742653850928,23.367992046813278
Urban100,img_051,stage2_guarded_off,/home/ubuntu/scratch/sr-diffusion/benchmark_outputs/stage2_guarded_detail_v2_tta_off/Urban100/img_051/base.png,/home/ubuntu/scratch/sr-diffusion/benchmarks/selfexsr/SelfExSR-master/data/Urban100/image_SRF_4/img_051_SRF_4_HR.png,/home/ubuntu/scratch/sr-diffusion/benchmarks/selfexsr/SelfExSR-master/data/Urban100/image_SRF_4/img_051_SRF_4_LR.png,26.906115367331974,25.391641626034215
Urban100,img_051,stage2_guarded_hflip,/home/ubuntu/scratch/sr-diffusion/benchmark_outputs/stage2_guarded_detail_v2_tta_hflip/Urban100/img_051/base.png,/home/ubuntu/scratch/sr-diffusion/benchmarks/selfexsr/SelfExSR-master/data/Urban100/image_SRF_4/img_051_SRF_4_HR.png,/home/ubuntu/scratch/sr-diffusion/benchmarks/selfexsr/SelfExSR-master/data/Urban100/image_SRF_4/img_051_SRF_4_LR.png,26.965049437291032,25.449522455630685
Urban100,img_051,stage2_guarded_x8,/home/ubuntu/scratch/sr-diffusion/benchmark_outputs/stage2_guarded_detail_v2_tta_x8/Urban100/img_051/base.png,/home/ubuntu/scratch/sr-diffusion/benchmarks/selfexsr/SelfExSR-master/data/Urban100/image_SRF_4/img_051_SRF_4_HR.png,/home/ubuntu/scratch/sr-diffusion/benchmarks/selfexsr/SelfExSR-master/data/Urban100/image_SRF_4/img_051_SRF_4_LR.png,26.98175522729906,25.469240792267
Urban100,img_051,detail_v2_masked,/home/ubuntu/scratch/sr-diffusion/benchmark_outputs/detail_v2_masked/Urban100/img_051/detail.png,/home/ubuntu/scratch/sr-diffusion/benchmarks/selfexsr/SelfExSR-master/data/Urban100/image_SRF_4/img_051_SRF_4_HR.png,/home/ubuntu/scratch/sr-diffusion/benchmarks/selfexsr/SelfExSR-master/data/Urban100/image_SRF_4/img_051_SRF_4_LR.png,27.247906810332033,25.733389449321734
Urban100,img_051,refiner_v2,/home/ubuntu/scratch/sr-diffusion/benchmark_outputs/refiner_v2/Urban100/img_051/refined.png,/home/ubuntu/scratch/sr-diffusion/benchmarks/selfexsr/SelfExSR-master/data/Urban100/image_SRF_4/img_051_SRF_4_HR.png,/home/ubuntu/scratch/sr-diffusion/benchmarks/selfexsr/SelfExSR-master/data/Urban100/image_SRF_4/img_051_SRF_4_LR.png,26.51817091670699,25.01527584139103
Urban100,img_051,realesrgan,/home/ubuntu/scratch/sr-diffusion/benchmark_outputs/realesrgan/Urban100/img_051/RealESRGAN_x4plus.png,/home/ubuntu/scratch/sr-diffusion/benchmarks/selfexsr/SelfExSR-master/data/Urban100/image_SRF_4/img_051_SRF_4_HR.png,/home/ubuntu/scratch/sr-diffusion/benchmarks/selfexsr/SelfExSR-master/data/Urban100/image_SRF_4/img_051_SRF_4_LR.png,24.22874132851652,22.59609469905697
Urban100,img_052,bicubic,generated:matlab_bicubic_resize,/home/ubuntu/scratch/sr-diffusion/benchmarks/selfexsr/SelfExSR-master/data/Urban100/image_SRF_4/img_052_SRF_4_HR.png,/home/ubuntu/scratch/sr-diffusion/benchmarks/selfexsr/SelfExSR-master/data/Urban100/image_SRF_4/img_052_SRF_4_LR.png,23.785195376147236,22.445042963767087
Urban100,img_052,stage2_guarded_off,/home/ubuntu/scratch/sr-diffusion/benchmark_outputs/stage2_guarded_detail_v2_tta_off/Urban100/img_052/base.png,/home/ubuntu/scratch/sr-diffusion/benchmarks/selfexsr/SelfExSR-master/data/Urban100/image_SRF_4/img_052_SRF_4_HR.png,/home/ubuntu/scratch/sr-diffusion/benchmarks/selfexsr/SelfExSR-master/data/Urban100/image_SRF_4/img_052_SRF_4_LR.png,28.31541337964035,26.939629627070012
Urban100,img_052,stage2_guarded_hflip,/home/ubuntu/scratch/sr-diffusion/benchmark_outputs/stage2_guarded_detail_v2_tta_hflip/Urban100/img_052/base.png,/home/ubuntu/scratch/sr-diffusion/benchmarks/selfexsr/SelfExSR-master/data/Urban100/image_SRF_4/img_052_SRF_4_HR.png,/home/ubuntu/scratch/sr-diffusion/benchmarks/selfexsr/SelfExSR-master/data/Urban100/image_SRF_4/img_052_SRF_4_LR.png,28.409487464888464,27.038241473943895
Urban100,img_052,stage2_guarded_x8,/home/ubuntu/scratch/sr-diffusion/benchmark_outputs/stage2_guarded_detail_v2_tta_x8/Urban100/img_052/base.png,/home/ubuntu/scratch/sr-diffusion/benchmarks/selfexsr/SelfExSR-master/data/Urban100/image_SRF_4/img_052_SRF_4_HR.png,/home/ubuntu/scratch/sr-diffusion/benchmarks/selfexsr/SelfExSR-master/data/Urban100/image_SRF_4/img_052_SRF_4_LR.png,28.437883511104843,27.07119868794553
Urban100,img_052,detail_v2_masked,/home/ubuntu/scratch/sr-diffusion/benchmark_outputs/detail_v2_masked/Urban100/img_052/detail.png,/home/ubuntu/scratch/sr-diffusion/benchmarks/selfexsr/SelfExSR-master/data/Urban100/image_SRF_4/img_052_SRF_4_HR.png,/home/ubuntu/scratch/sr-diffusion/benchmarks/selfexsr/SelfExSR-master/data/Urban100/image_SRF_4/img_052_SRF_4_LR.png,29.434476791557273,28.050456601206424
Urban100,img_052,refiner_v2,/home/ubuntu/scratch/sr-diffusion/benchmark_outputs/refiner_v2/Urban100/img_052/refined.png,/home/ubuntu/scratch/sr-diffusion/benchmarks/selfexsr/SelfExSR-master/data/Urban100/image_SRF_4/img_052_SRF_4_HR.png,/home/ubuntu/scratch/sr-diffusion/benchmarks/selfexsr/SelfExSR-master/data/Urban100/image_SRF_4/img_052_SRF_4_LR.png,27.355106434824826,25.991108606867517
Urban100,img_052,realesrgan,/home/ubuntu/scratch/sr-diffusion/benchmark_outputs/realesrgan/Urban100/img_052/RealESRGAN_x4plus.png,/home/ubuntu/scratch/sr-diffusion/benchmarks/selfexsr/SelfExSR-master/data/Urban100/image_SRF_4/img_052_SRF_4_HR.png,/home/ubuntu/scratch/sr-diffusion/benchmarks/selfexsr/SelfExSR-master/data/Urban100/image_SRF_4/img_052_SRF_4_LR.png,24.442948842442654,22.991275715599535
Urban100,img_053,bicubic,generated:matlab_bicubic_resize,/home/ubuntu/scratch/sr-diffusion/benchmarks/selfexsr/SelfExSR-master/data/Urban100/image_SRF_4/img_053_SRF_4_HR.png,/home/ubuntu/scratch/sr-diffusion/benchmarks/selfexsr/SelfExSR-master/data/Urban100/image_SRF_4/img_053_SRF_4_LR.png,20.27552170517115,18.948100146673607
Urban100,img_053,stage2_guarded_off,/home/ubuntu/scratch/sr-diffusion/benchmark_outputs/stage2_guarded_detail_v2_tta_off/Urban100/img_053/base.png,/home/ubuntu/scratch/sr-diffusion/benchmarks/selfexsr/SelfExSR-master/data/Urban100/image_SRF_4/img_053_SRF_4_HR.png,/home/ubuntu/scratch/sr-diffusion/benchmarks/selfexsr/SelfExSR-master/data/Urban100/image_SRF_4/img_053_SRF_4_LR.png,22.176628182210017,20.837189406200945
Urban100,img_053,stage2_guarded_hflip,/home/ubuntu/scratch/sr-diffusion/benchmark_outputs/stage2_guarded_detail_v2_tta_hflip/Urban100/img_053/base.png,/home/ubuntu/scratch/sr-diffusion/benchmarks/selfexsr/SelfExSR-master/data/Urban100/image_SRF_4/img_053_SRF_4_HR.png,/home/ubuntu/scratch/sr-diffusion/benchmarks/selfexsr/SelfExSR-master/data/Urban100/image_SRF_4/img_053_SRF_4_LR.png,22.226184925531236,20.88840156730359
Urban100,img_053,stage2_guarded_x8,/home/ubuntu/scratch/sr-diffusion/benchmark_outputs/stage2_guarded_detail_v2_tta_x8/Urban100/img_053/base.png,/home/ubuntu/scratch/sr-diffusion/benchmarks/selfexsr/SelfExSR-master/data/Urban100/image_SRF_4/img_053_SRF_4_HR.png,/home/ubuntu/scratch/sr-diffusion/benchmarks/selfexsr/SelfExSR-master/data/Urban100/image_SRF_4/img_053_SRF_4_LR.png,22.25441215850349,20.917897863308717
Urban100,img_053,detail_v2_masked,/home/ubuntu/scratch/sr-diffusion/benchmark_outputs/detail_v2_masked/Urban100/img_053/detail.png,/home/ubuntu/scratch/sr-diffusion/benchmarks/selfexsr/SelfExSR-master/data/Urban100/image_SRF_4/img_053_SRF_4_HR.png,/home/ubuntu/scratch/sr-diffusion/benchmarks/selfexsr/SelfExSR-master/data/Urban100/image_SRF_4/img_053_SRF_4_LR.png,22.54070535138403,21.19798371509665
Urban100,img_053,refiner_v2,/home/ubuntu/scratch/sr-diffusion/benchmark_outputs/refiner_v2/Urban100/img_053/refined.png,/home/ubuntu/scratch/sr-diffusion/benchmarks/selfexsr/SelfExSR-master/data/Urban100/image_SRF_4/img_053_SRF_4_HR.png,/home/ubuntu/scratch/sr-diffusion/benchmarks/selfexsr/SelfExSR-master/data/Urban100/image_SRF_4/img_053_SRF_4_LR.png,21.706793848191634,20.367200858119983
Urban100,img_053,realesrgan,/home/ubuntu/scratch/sr-diffusion/benchmark_outputs/realesrgan/Urban100/img_053/RealESRGAN_x4plus.png,/home/ubuntu/scratch/sr-diffusion/benchmarks/selfexsr/SelfExSR-master/data/Urban100/image_SRF_4/img_053_SRF_4_HR.png,/home/ubuntu/scratch/sr-diffusion/benchmarks/selfexsr/SelfExSR-master/data/Urban100/image_SRF_4/img_053_SRF_4_LR.png,19.86166842962183,18.478647892434072
Urban100,img_054,bicubic,generated:matlab_bicubic_resize,/home/ubuntu/scratch/sr-diffusion/benchmarks/selfexsr/SelfExSR-master/data/Urban100/image_SRF_4/img_054_SRF_4_HR.png,/home/ubuntu/scratch/sr-diffusion/benchmarks/selfexsr/SelfExSR-master/data/Urban100/image_SRF_4/img_054_SRF_4_LR.png,19.9679984484084,18.462318399415004
Urban100,img_054,stage2_guarded_off,/home/ubuntu/scratch/sr-diffusion/benchmark_outputs/stage2_guarded_detail_v2_tta_off/Urban100/img_054/base.png,/home/ubuntu/scratch/sr-diffusion/benchmarks/selfexsr/SelfExSR-master/data/Urban100/image_SRF_4/img_054_SRF_4_HR.png,/home/ubuntu/scratch/sr-diffusion/benchmarks/selfexsr/SelfExSR-master/data/Urban100/image_SRF_4/img_054_SRF_4_LR.png,20.902094765154597,19.42135269144828
Urban100,img_054,stage2_guarded_hflip,/home/ubuntu/scratch/sr-diffusion/benchmark_outputs/stage2_guarded_detail_v2_tta_hflip/Urban100/img_054/base.png,/home/ubuntu/scratch/sr-diffusion/benchmarks/selfexsr/SelfExSR-master/data/Urban100/image_SRF_4/img_054_SRF_4_HR.png,/home/ubuntu/scratch/sr-diffusion/benchmarks/selfexsr/SelfExSR-master/data/Urban100/image_SRF_4/img_054_SRF_4_LR.png,20.95509729082469,19.474318658854898
Urban100,img_054,stage2_guarded_x8,/home/ubuntu/scratch/sr-diffusion/benchmark_outputs/stage2_guarded_detail_v2_tta_x8/Urban100/img_054/base.png,/home/ubuntu/scratch/sr-diffusion/benchmarks/selfexsr/SelfExSR-master/data/Urban100/image_SRF_4/img_054_SRF_4_HR.png,/home/ubuntu/scratch/sr-diffusion/benchmarks/selfexsr/SelfExSR-master/data/Urban100/image_SRF_4/img_054_SRF_4_LR.png,20.964646720063026,19.48493550378959
Urban100,img_054,detail_v2_masked,/home/ubuntu/scratch/sr-diffusion/benchmark_outputs/detail_v2_masked/Urban100/img_054/detail.png,/home/ubuntu/scratch/sr-diffusion/benchmarks/selfexsr/SelfExSR-master/data/Urban100/image_SRF_4/img_054_SRF_4_HR.png,/home/ubuntu/scratch/sr-diffusion/benchmarks/selfexsr/SelfExSR-master/data/Urban100/image_SRF_4/img_054_SRF_4_LR.png,21.17304230076771,19.694209203842934
Urban100,img_054,refiner_v2,/home/ubuntu/scratch/sr-diffusion/benchmark_outputs/refiner_v2/Urban100/img_054/refined.png,/home/ubuntu/scratch/sr-diffusion/benchmarks/selfexsr/SelfExSR-master/data/Urban100/image_SRF_4/img_054_SRF_4_HR.png,/home/ubuntu/scratch/sr-diffusion/benchmarks/selfexsr/SelfExSR-master/data/Urban100/image_SRF_4/img_054_SRF_4_LR.png,20.699451712565626,19.214824017195298
Urban100,img_054,realesrgan,/home/ubuntu/scratch/sr-diffusion/benchmark_outputs/realesrgan/Urban100/img_054/RealESRGAN_x4plus.png,/home/ubuntu/scratch/sr-diffusion/benchmarks/selfexsr/SelfExSR-master/data/Urban100/image_SRF_4/img_054_SRF_4_HR.png,/home/ubuntu/scratch/sr-diffusion/benchmarks/selfexsr/SelfExSR-master/data/Urban100/image_SRF_4/img_054_SRF_4_LR.png,19.20630277463589,17.667605035385726
Urban100,img_055,bicubic,generated:matlab_bicubic_resize,/home/ubuntu/scratch/sr-diffusion/benchmarks/selfexsr/SelfExSR-master/data/Urban100/image_SRF_4/img_055_SRF_4_HR.png,/home/ubuntu/scratch/sr-diffusion/benchmarks/selfexsr/SelfExSR-master/data/Urban100/image_SRF_4/img_055_SRF_4_LR.png,25.068140830626966,23.25238087418668
Urban100,img_055,stage2_guarded_off,/home/ubuntu/scratch/sr-diffusion/benchmark_outputs/stage2_guarded_detail_v2_tta_off/Urban100/img_055/base.png,/home/ubuntu/scratch/sr-diffusion/benchmarks/selfexsr/SelfExSR-master/data/Urban100/image_SRF_4/img_055_SRF_4_HR.png,/home/ubuntu/scratch/sr-diffusion/benchmarks/selfexsr/SelfExSR-master/data/Urban100/image_SRF_4/img_055_SRF_4_LR.png,32.18410522829249,30.207632495939546
Urban100,img_055,stage2_guarded_hflip,/home/ubuntu/scratch/sr-diffusion/benchmark_outputs/stage2_guarded_detail_v2_tta_hflip/Urban100/img_055/base.png,/home/ubuntu/scratch/sr-diffusion/benchmarks/selfexsr/SelfExSR-master/data/Urban100/image_SRF_4/img_055_SRF_4_HR.png,/home/ubuntu/scratch/sr-diffusion/benchmarks/selfexsr/SelfExSR-master/data/Urban100/image_SRF_4/img_055_SRF_4_LR.png,32.30161556903849,30.33445771038616
Urban100,img_055,stage2_guarded_x8,/home/ubuntu/scratch/sr-diffusion/benchmark_outputs/stage2_guarded_detail_v2_tta_x8/Urban100/img_055/base.png,/home/ubuntu/scratch/sr-diffusion/benchmarks/selfexsr/SelfExSR-master/data/Urban100/image_SRF_4/img_055_SRF_4_HR.png,/home/ubuntu/scratch/sr-diffusion/benchmarks/selfexsr/SelfExSR-master/data/Urban100/image_SRF_4/img_055_SRF_4_LR.png,32.62076081569166,30.61960119023261
Urban100,img_055,detail_v2_masked,/home/ubuntu/scratch/sr-diffusion/benchmark_outputs/detail_v2_masked/Urban100/img_055/detail.png,/home/ubuntu/scratch/sr-diffusion/benchmarks/selfexsr/SelfExSR-master/data/Urban100/image_SRF_4/img_055_SRF_4_HR.png,/home/ubuntu/scratch/sr-diffusion/benchmarks/selfexsr/SelfExSR-master/data/Urban100/image_SRF_4/img_055_SRF_4_LR.png,32.736989208945424,30.75437782149884
Urban100,img_055,refiner_v2,/home/ubuntu/scratch/sr-diffusion/benchmark_outputs/refiner_v2/Urban100/img_055/refined.png,/home/ubuntu/scratch/sr-diffusion/benchmarks/selfexsr/SelfExSR-master/data/Urban100/image_SRF_4/img_055_SRF_4_HR.png,/home/ubuntu/scratch/sr-diffusion/benchmarks/selfexsr/SelfExSR-master/data/Urban100/image_SRF_4/img_055_SRF_4_LR.png,30.30053199334254,28.305020810878702
Urban100,img_055,realesrgan,/home/ubuntu/scratch/sr-diffusion/benchmark_outputs/realesrgan/Urban100/img_055/RealESRGAN_x4plus.png,/home/ubuntu/scratch/sr-diffusion/benchmarks/selfexsr/SelfExSR-master/data/Urban100/image_SRF_4/img_055_SRF_4_HR.png,/home/ubuntu/scratch/sr-diffusion/benchmarks/selfexsr/SelfExSR-master/data/Urban100/image_SRF_4/img_055_SRF_4_LR.png,28.014314621433805,25.381783429610504
Urban100,img_056,bicubic,generated:matlab_bicubic_resize,/home/ubuntu/scratch/sr-diffusion/benchmarks/selfexsr/SelfExSR-master/data/Urban100/image_SRF_4/img_056_SRF_4_HR.png,/home/ubuntu/scratch/sr-diffusion/benchmarks/selfexsr/SelfExSR-master/data/Urban100/image_SRF_4/img_056_SRF_4_LR.png,22.174241841591886,20.839418622425082
Urban100,img_056,stage2_guarded_off,/home/ubuntu/scratch/sr-diffusion/benchmark_outputs/stage2_guarded_detail_v2_tta_off/Urban100/img_056/base.png,/home/ubuntu/scratch/sr-diffusion/benchmarks/selfexsr/SelfExSR-master/data/Urban100/image_SRF_4/img_056_SRF_4_HR.png,/home/ubuntu/scratch/sr-diffusion/benchmarks/selfexsr/SelfExSR-master/data/Urban100/image_SRF_4/img_056_SRF_4_LR.png,24.58616710814512,23.213910453534687
Urban100,img_056,stage2_guarded_hflip,/home/ubuntu/scratch/sr-diffusion/benchmark_outputs/stage2_guarded_detail_v2_tta_hflip/Urban100/img_056/base.png,/home/ubuntu/scratch/sr-diffusion/benchmarks/selfexsr/SelfExSR-master/data/Urban100/image_SRF_4/img_056_SRF_4_HR.png,/home/ubuntu/scratch/sr-diffusion/benchmarks/selfexsr/SelfExSR-master/data/Urban100/image_SRF_4/img_056_SRF_4_LR.png,24.613527098504385,23.243804301666152
Urban100,img_056,stage2_guarded_x8,/home/ubuntu/scratch/sr-diffusion/benchmark_outputs/stage2_guarded_detail_v2_tta_x8/Urban100/img_056/base.png,/home/ubuntu/scratch/sr-diffusion/benchmarks/selfexsr/SelfExSR-master/data/Urban100/image_SRF_4/img_056_SRF_4_HR.png,/home/ubuntu/scratch/sr-diffusion/benchmarks/selfexsr/SelfExSR-master/data/Urban100/image_SRF_4/img_056_SRF_4_LR.png,24.670083817435945,23.302705548631735
Urban100,img_056,detail_v2_masked,/home/ubuntu/scratch/sr-diffusion/benchmark_outputs/detail_v2_masked/Urban100/img_056/detail.png,/home/ubuntu/scratch/sr-diffusion/benchmarks/selfexsr/SelfExSR-master/data/Urban100/image_SRF_4/img_056_SRF_4_HR.png,/home/ubuntu/scratch/sr-diffusion/benchmarks/selfexsr/SelfExSR-master/data/Urban100/image_SRF_4/img_056_SRF_4_LR.png,24.94689550263717,23.575200950691027
Urban100,img_056,refiner_v2,/home/ubuntu/scratch/sr-diffusion/benchmark_outputs/refiner_v2/Urban100/img_056/refined.png,/home/ubuntu/scratch/sr-diffusion/benchmarks/selfexsr/SelfExSR-master/data/Urban100/image_SRF_4/img_056_SRF_4_HR.png,/home/ubuntu/scratch/sr-diffusion/benchmarks/selfexsr/SelfExSR-master/data/Urban100/image_SRF_4/img_056_SRF_4_LR.png,24.097482917604825,22.72982909324671
Urban100,img_056,realesrgan,/home/ubuntu/scratch/sr-diffusion/benchmark_outputs/realesrgan/Urban100/img_056/RealESRGAN_x4plus.png,/home/ubuntu/scratch/sr-diffusion/benchmarks/selfexsr/SelfExSR-master/data/Urban100/image_SRF_4/img_056_SRF_4_HR.png,/home/ubuntu/scratch/sr-diffusion/benchmarks/selfexsr/SelfExSR-master/data/Urban100/image_SRF_4/img_056_SRF_4_LR.png,21.386026732408396,19.9746471392648
Urban100,img_057,bicubic,generated:matlab_bicubic_resize,/home/ubuntu/scratch/sr-diffusion/benchmarks/selfexsr/SelfExSR-master/data/Urban100/image_SRF_4/img_057_SRF_4_HR.png,/home/ubuntu/scratch/sr-diffusion/benchmarks/selfexsr/SelfExSR-master/data/Urban100/image_SRF_4/img_057_SRF_4_LR.png,26.145526808060247,24.76279223334525
Urban100,img_057,stage2_guarded_off,/home/ubuntu/scratch/sr-diffusion/benchmark_outputs/stage2_guarded_detail_v2_tta_off/Urban100/img_057/base.png,/home/ubuntu/scratch/sr-diffusion/benchmarks/selfexsr/SelfExSR-master/data/Urban100/image_SRF_4/img_057_SRF_4_HR.png,/home/ubuntu/scratch/sr-diffusion/benchmarks/selfexsr/SelfExSR-master/data/Urban100/image_SRF_4/img_057_SRF_4_LR.png,30.271887095732666,28.840023226654466
Urban100,img_057,stage2_guarded_hflip,/home/ubuntu/scratch/sr-diffusion/benchmark_outputs/stage2_guarded_detail_v2_tta_hflip/Urban100/img_057/base.png,/home/ubuntu/scratch/sr-diffusion/benchmarks/selfexsr/SelfExSR-master/data/Urban100/image_SRF_4/img_057_SRF_4_HR.png,/home/ubuntu/scratch/sr-diffusion/benchmarks/selfexsr/SelfExSR-master/data/Urban100/image_SRF_4/img_057_SRF_4_LR.png,30.310472723549395,28.881740120609656
Urban100,img_057,stage2_guarded_x8,/home/ubuntu/scratch/sr-diffusion/benchmark_outputs/stage2_guarded_detail_v2_tta_x8/Urban100/img_057/base.png,/home/ubuntu/scratch/sr-diffusion/benchmarks/selfexsr/SelfExSR-master/data/Urban100/image_SRF_4/img_057_SRF_4_HR.png,/home/ubuntu/scratch/sr-diffusion/benchmarks/selfexsr/SelfExSR-master/data/Urban100/image_SRF_4/img_057_SRF_4_LR.png,30.389655929872966,28.962816229535377
Urban100,img_057,detail_v2_masked,/home/ubuntu/scratch/sr-diffusion/benchmark_outputs/detail_v2_masked/Urban100/img_057/detail.png,/home/ubuntu/scratch/sr-diffusion/benchmarks/selfexsr/SelfExSR-master/data/Urban100/image_SRF_4/img_057_SRF_4_HR.png,/home/ubuntu/scratch/sr-diffusion/benchmarks/selfexsr/SelfExSR-master/data/Urban100/image_SRF_4/img_057_SRF_4_LR.png,30.886098815865783,29.434072704327523
Urban100,img_057,refiner_v2,/home/ubuntu/scratch/sr-diffusion/benchmark_outputs/refiner_v2/Urban100/img_057/refined.png,/home/ubuntu/scratch/sr-diffusion/benchmarks/selfexsr/SelfExSR-master/data/Urban100/image_SRF_4/img_057_SRF_4_HR.png,/home/ubuntu/scratch/sr-diffusion/benchmarks/selfexsr/SelfExSR-master/data/Urban100/image_SRF_4/img_057_SRF_4_LR.png,29.445929734611976,28.03726058904973
Urban100,img_057,realesrgan,/home/ubuntu/scratch/sr-diffusion/benchmark_outputs/realesrgan/Urban100/img_057/RealESRGAN_x4plus.png,/home/ubuntu/scratch/sr-diffusion/benchmarks/selfexsr/SelfExSR-master/data/Urban100/image_SRF_4/img_057_SRF_4_HR.png,/home/ubuntu/scratch/sr-diffusion/benchmarks/selfexsr/SelfExSR-master/data/Urban100/image_SRF_4/img_057_SRF_4_LR.png,26.762505341295547,25.197550478690232
Urban100,img_058,bicubic,generated:matlab_bicubic_resize,/home/ubuntu/scratch/sr-diffusion/benchmarks/selfexsr/SelfExSR-master/data/Urban100/image_SRF_4/img_058_SRF_4_HR.png,/home/ubuntu/scratch/sr-diffusion/benchmarks/selfexsr/SelfExSR-master/data/Urban100/image_SRF_4/img_058_SRF_4_LR.png,22.335133607483645,20.924090155138636
Urban100,img_058,stage2_guarded_off,/home/ubuntu/scratch/sr-diffusion/benchmark_outputs/stage2_guarded_detail_v2_tta_off/Urban100/img_058/base.png,/home/ubuntu/scratch/sr-diffusion/benchmarks/selfexsr/SelfExSR-master/data/Urban100/image_SRF_4/img_058_SRF_4_HR.png,/home/ubuntu/scratch/sr-diffusion/benchmarks/selfexsr/SelfExSR-master/data/Urban100/image_SRF_4/img_058_SRF_4_LR.png,25.066570994862715,23.609441331062087
Urban100,img_058,stage2_guarded_hflip,/home/ubuntu/scratch/sr-diffusion/benchmark_outputs/stage2_guarded_detail_v2_tta_hflip/Urban100/img_058/base.png,/home/ubuntu/scratch/sr-diffusion/benchmarks/selfexsr/SelfExSR-master/data/Urban100/image_SRF_4/img_058_SRF_4_HR.png,/home/ubuntu/scratch/sr-diffusion/benchmarks/selfexsr/SelfExSR-master/data/Urban100/image_SRF_4/img_058_SRF_4_LR.png,25.102769459198587,23.652259633919858
Urban100,img_058,stage2_guarded_x8,/home/ubuntu/scratch/sr-diffusion/benchmark_outputs/stage2_guarded_detail_v2_tta_x8/Urban100/img_058/base.png,/home/ubuntu/scratch/sr-diffusion/benchmarks/selfexsr/SelfExSR-master/data/Urban100/image_SRF_4/img_058_SRF_4_HR.png,/home/ubuntu/scratch/sr-diffusion/benchmarks/selfexsr/SelfExSR-master/data/Urban100/image_SRF_4/img_058_SRF_4_LR.png,25.093994716603397,23.647301111820443
Urban100,img_058,detail_v2_masked,/home/ubuntu/scratch/sr-diffusion/benchmark_outputs/detail_v2_masked/Urban100/img_058/detail.png,/home/ubuntu/scratch/sr-diffusion/benchmarks/selfexsr/SelfExSR-master/data/Urban100/image_SRF_4/img_058_SRF_4_HR.png,/home/ubuntu/scratch/sr-diffusion/benchmarks/selfexsr/SelfExSR-master/data/Urban100/image_SRF_4/img_058_SRF_4_LR.png,25.549019058101365,24.09878581108396
Urban100,img_058,refiner_v2,/home/ubuntu/scratch/sr-diffusion/benchmark_outputs/refiner_v2/Urban100/img_058/refined.png,/home/ubuntu/scratch/sr-diffusion/benchmarks/selfexsr/SelfExSR-master/data/Urban100/image_SRF_4/img_058_SRF_4_HR.png,/home/ubuntu/scratch/sr-diffusion/benchmarks/selfexsr/SelfExSR-master/data/Urban100/image_SRF_4/img_058_SRF_4_LR.png,24.09107341891387,22.66370292779954
Urban100,img_058,realesrgan,/home/ubuntu/scratch/sr-diffusion/benchmark_outputs/realesrgan/Urban100/img_058/RealESRGAN_x4plus.png,/home/ubuntu/scratch/sr-diffusion/benchmarks/selfexsr/SelfExSR-master/data/Urban100/image_SRF_4/img_058_SRF_4_HR.png,/home/ubuntu/scratch/sr-diffusion/benchmarks/selfexsr/SelfExSR-master/data/Urban100/image_SRF_4/img_058_SRF_4_LR.png,22.58608778740202,20.938297066655558
Urban100,img_059,bicubic,generated:matlab_bicubic_resize,/home/ubuntu/scratch/sr-diffusion/benchmarks/selfexsr/SelfExSR-master/data/Urban100/image_SRF_4/img_059_SRF_4_HR.png,/home/ubuntu/scratch/sr-diffusion/benchmarks/selfexsr/SelfExSR-master/data/Urban100/image_SRF_4/img_059_SRF_4_LR.png,20.449160975430836,19.04378153774288
Urban100,img_059,stage2_guarded_off,/home/ubuntu/scratch/sr-diffusion/benchmark_outputs/stage2_guarded_detail_v2_tta_off/Urban100/img_059/base.png,/home/ubuntu/scratch/sr-diffusion/benchmarks/selfexsr/SelfExSR-master/data/Urban100/image_SRF_4/img_059_SRF_4_HR.png,/home/ubuntu/scratch/sr-diffusion/benchmarks/selfexsr/SelfExSR-master/data/Urban100/image_SRF_4/img_059_SRF_4_LR.png,21.457408636110884,20.07701502524965
Urban100,img_059,stage2_guarded_hflip,/home/ubuntu/scratch/sr-diffusion/benchmark_outputs/stage2_guarded_detail_v2_tta_hflip/Urban100/img_059/base.png,/home/ubuntu/scratch/sr-diffusion/benchmarks/selfexsr/SelfExSR-master/data/Urban100/image_SRF_4/img_059_SRF_4_HR.png,/home/ubuntu/scratch/sr-diffusion/benchmarks/selfexsr/SelfExSR-master/data/Urban100/image_SRF_4/img_059_SRF_4_LR.png,21.484900935624196,20.10479171659179
Urban100,img_059,stage2_guarded_x8,/home/ubuntu/scratch/sr-diffusion/benchmark_outputs/stage2_guarded_detail_v2_tta_x8/Urban100/img_059/base.png,/home/ubuntu/scratch/sr-diffusion/benchmarks/selfexsr/SelfExSR-master/data/Urban100/image_SRF_4/img_059_SRF_4_HR.png,/home/ubuntu/scratch/sr-diffusion/benchmarks/selfexsr/SelfExSR-master/data/Urban100/image_SRF_4/img_059_SRF_4_LR.png,21.500845457439375,20.12029186468019
Urban100,img_059,detail_v2_masked,/home/ubuntu/scratch/sr-diffusion/benchmark_outputs/detail_v2_masked/Urban100/img_059/detail.png,/home/ubuntu/scratch/sr-diffusion/benchmarks/selfexsr/SelfExSR-master/data/Urban100/image_SRF_4/img_059_SRF_4_HR.png,/home/ubuntu/scratch/sr-diffusion/benchmarks/selfexsr/SelfExSR-master/data/Urban100/image_SRF_4/img_059_SRF_4_LR.png,21.805890448337216,20.426523789194203
Urban100,img_059,refiner_v2,/home/ubuntu/scratch/sr-diffusion/benchmark_outputs/refiner_v2/Urban100/img_059/refined.png,/home/ubuntu/scratch/sr-diffusion/benchmarks/selfexsr/SelfExSR-master/data/Urban100/image_SRF_4/img_059_SRF_4_HR.png,/home/ubuntu/scratch/sr-diffusion/benchmarks/selfexsr/SelfExSR-master/data/Urban100/image_SRF_4/img_059_SRF_4_LR.png,21.141920478049286,19.751467802182475
Urban100,img_059,realesrgan,/home/ubuntu/scratch/sr-diffusion/benchmark_outputs/realesrgan/Urban100/img_059/RealESRGAN_x4plus.png,/home/ubuntu/scratch/sr-diffusion/benchmarks/selfexsr/SelfExSR-master/data/Urban100/image_SRF_4/img_059_SRF_4_HR.png,/home/ubuntu/scratch/sr-diffusion/benchmarks/selfexsr/SelfExSR-master/data/Urban100/image_SRF_4/img_059_SRF_4_LR.png,20.872765452829864,19.461419765403406
Urban100,img_060,bicubic,generated:matlab_bicubic_resize,/home/ubuntu/scratch/sr-diffusion/benchmarks/selfexsr/SelfExSR-master/data/Urban100/image_SRF_4/img_060_SRF_4_HR.png,/home/ubuntu/scratch/sr-diffusion/benchmarks/selfexsr/SelfExSR-master/data/Urban100/image_SRF_4/img_060_SRF_4_LR.png,21.094933614459986,19.646111926582286
Urban100,img_060,stage2_guarded_off,/home/ubuntu/scratch/sr-diffusion/benchmark_outputs/stage2_guarded_detail_v2_tta_off/Urban100/img_060/base.png,/home/ubuntu/scratch/sr-diffusion/benchmarks/selfexsr/SelfExSR-master/data/Urban100/image_SRF_4/img_060_SRF_4_HR.png,/home/ubuntu/scratch/sr-diffusion/benchmarks/selfexsr/SelfExSR-master/data/Urban100/image_SRF_4/img_060_SRF_4_LR.png,22.35931432011209,20.96171590088044
Urban100,img_060,stage2_guarded_hflip,/home/ubuntu/scratch/sr-diffusion/benchmark_outputs/stage2_guarded_detail_v2_tta_hflip/Urban100/img_060/base.png,/home/ubuntu/scratch/sr-diffusion/benchmarks/selfexsr/SelfExSR-master/data/Urban100/image_SRF_4/img_060_SRF_4_HR.png,/home/ubuntu/scratch/sr-diffusion/benchmarks/selfexsr/SelfExSR-master/data/Urban100/image_SRF_4/img_060_SRF_4_LR.png,22.385495175702683,20.9886813847128
Urban100,img_060,stage2_guarded_x8,/home/ubuntu/scratch/sr-diffusion/benchmark_outputs/stage2_guarded_detail_v2_tta_x8/Urban100/img_060/base.png,/home/ubuntu/scratch/sr-diffusion/benchmarks/selfexsr/SelfExSR-master/data/Urban100/image_SRF_4/img_060_SRF_4_HR.png,/home/ubuntu/scratch/sr-diffusion/benchmarks/selfexsr/SelfExSR-master/data/Urban100/image_SRF_4/img_060_SRF_4_LR.png,22.400752561141072,21.004562603151182
Urban100,img_060,detail_v2_masked,/home/ubuntu/scratch/sr-diffusion/benchmark_outputs/detail_v2_masked/Urban100/img_060/detail.png,/home/ubuntu/scratch/sr-diffusion/benchmarks/selfexsr/SelfExSR-master/data/Urban100/image_SRF_4/img_060_SRF_4_HR.png,/home/ubuntu/scratch/sr-diffusion/benchmarks/selfexsr/SelfExSR-master/data/Urban100/image_SRF_4/img_060_SRF_4_LR.png,22.531578107837483,21.14296910393669
Urban100,img_060,refiner_v2,/home/ubuntu/scratch/sr-diffusion/benchmark_outputs/refiner_v2/Urban100/img_060/refined.png,/home/ubuntu/scratch/sr-diffusion/benchmarks/selfexsr/SelfExSR-master/data/Urban100/image_SRF_4/img_060_SRF_4_HR.png,/home/ubuntu/scratch/sr-diffusion/benchmarks/selfexsr/SelfExSR-master/data/Urban100/image_SRF_4/img_060_SRF_4_LR.png,22.14848288994999,20.739567048477426
Urban100,img_060,realesrgan,/home/ubuntu/scratch/sr-diffusion/benchmark_outputs/realesrgan/Urban100/img_060/RealESRGAN_x4plus.png,/home/ubuntu/scratch/sr-diffusion/benchmarks/selfexsr/SelfExSR-master/data/Urban100/image_SRF_4/img_060_SRF_4_HR.png,/home/ubuntu/scratch/sr-diffusion/benchmarks/selfexsr/SelfExSR-master/data/Urban100/image_SRF_4/img_060_SRF_4_LR.png,20.25699107106918,18.68279611467871
Urban100,img_061,bicubic,generated:matlab_bicubic_resize,/home/ubuntu/scratch/sr-diffusion/benchmarks/selfexsr/SelfExSR-master/data/Urban100/image_SRF_4/img_061_SRF_4_HR.png,/home/ubuntu/scratch/sr-diffusion/benchmarks/selfexsr/SelfExSR-master/data/Urban100/image_SRF_4/img_061_SRF_4_LR.png,22.90211902548743,21.388877699761313
Urban100,img_061,stage2_guarded_off,/home/ubuntu/scratch/sr-diffusion/benchmark_outputs/stage2_guarded_detail_v2_tta_off/Urban100/img_061/base.png,/home/ubuntu/scratch/sr-diffusion/benchmarks/selfexsr/SelfExSR-master/data/Urban100/image_SRF_4/img_061_SRF_4_HR.png,/home/ubuntu/scratch/sr-diffusion/benchmarks/selfexsr/SelfExSR-master/data/Urban100/image_SRF_4/img_061_SRF_4_LR.png,24.255201077735038,22.66850181076331
Urban100,img_061,stage2_guarded_hflip,/home/ubuntu/scratch/sr-diffusion/benchmark_outputs/stage2_guarded_detail_v2_tta_hflip/Urban100/img_061/base.png,/home/ubuntu/scratch/sr-diffusion/benchmarks/selfexsr/SelfExSR-master/data/Urban100/image_SRF_4/img_061_SRF_4_HR.png,/home/ubuntu/scratch/sr-diffusion/benchmarks/selfexsr/SelfExSR-master/data/Urban100/image_SRF_4/img_061_SRF_4_LR.png,24.271792980590916,22.68860724520486
Urban100,img_061,stage2_guarded_x8,/home/ubuntu/scratch/sr-diffusion/benchmark_outputs/stage2_guarded_detail_v2_tta_x8/Urban100/img_061/base.png,/home/ubuntu/scratch/sr-diffusion/benchmarks/selfexsr/SelfExSR-master/data/Urban100/image_SRF_4/img_061_SRF_4_HR.png,/home/ubuntu/scratch/sr-diffusion/benchmarks/selfexsr/SelfExSR-master/data/Urban100/image_SRF_4/img_061_SRF_4_LR.png,24.2835334829175,22.701171829736605
Urban100,img_061,detail_v2_masked,/home/ubuntu/scratch/sr-diffusion/benchmark_outputs/detail_v2_masked/Urban100/img_061/detail.png,/home/ubuntu/scratch/sr-diffusion/benchmarks/selfexsr/SelfExSR-master/data/Urban100/image_SRF_4/img_061_SRF_4_HR.png,/home/ubuntu/scratch/sr-diffusion/benchmarks/selfexsr/SelfExSR-master/data/Urban100/image_SRF_4/img_061_SRF_4_LR.png,24.471919260913854,22.886956328176765
Urban100,img_061,refiner_v2,/home/ubuntu/scratch/sr-diffusion/benchmark_outputs/refiner_v2/Urban100/img_061/refined.png,/home/ubuntu/scratch/sr-diffusion/benchmarks/selfexsr/SelfExSR-master/data/Urban100/image_SRF_4/img_061_SRF_4_HR.png,/home/ubuntu/scratch/sr-diffusion/benchmarks/selfexsr/SelfExSR-master/data/Urban100/image_SRF_4/img_061_SRF_4_LR.png,24.032546032059695,22.451914986180356
Urban100,img_061,realesrgan,/home/ubuntu/scratch/sr-diffusion/benchmark_outputs/realesrgan/Urban100/img_061/RealESRGAN_x4plus.png,/home/ubuntu/scratch/sr-diffusion/benchmarks/selfexsr/SelfExSR-master/data/Urban100/image_SRF_4/img_061_SRF_4_HR.png,/home/ubuntu/scratch/sr-diffusion/benchmarks/selfexsr/SelfExSR-master/data/Urban100/image_SRF_4/img_061_SRF_4_LR.png,20.417882327644193,18.654305686074974
Urban100,img_062,bicubic,generated:matlab_bicubic_resize,/home/ubuntu/scratch/sr-diffusion/benchmarks/selfexsr/SelfExSR-master/data/Urban100/image_SRF_4/img_062_SRF_4_HR.png,/home/ubuntu/scratch/sr-diffusion/benchmarks/selfexsr/SelfExSR-master/data/Urban100/image_SRF_4/img_062_SRF_4_LR.png,19.8606624401761,18.431772770315842
Urban100,img_062,stage2_guarded_off,/home/ubuntu/scratch/sr-diffusion/benchmark_outputs/stage2_guarded_detail_v2_tta_off/Urban100/img_062/base.png,/home/ubuntu/scratch/sr-diffusion/benchmarks/selfexsr/SelfExSR-master/data/Urban100/image_SRF_4/img_062_SRF_4_HR.png,/home/ubuntu/scratch/sr-diffusion/benchmarks/selfexsr/SelfExSR-master/data/Urban100/image_SRF_4/img_062_SRF_4_LR.png,20.982047495936982,19.560409579503727
Urban100,img_062,stage2_guarded_hflip,/home/ubuntu/scratch/sr-diffusion/benchmark_outputs/stage2_guarded_detail_v2_tta_hflip/Urban100/img_062/base.png,/home/ubuntu/scratch/sr-diffusion/benchmarks/selfexsr/SelfExSR-master/data/Urban100/image_SRF_4/img_062_SRF_4_HR.png,/home/ubuntu/scratch/sr-diffusion/benchmarks/selfexsr/SelfExSR-master/data/Urban100/image_SRF_4/img_062_SRF_4_LR.png,21.00076362350656,19.582175336636585
Urban100,img_062,stage2_guarded_x8,/home/ubuntu/scratch/sr-diffusion/benchmark_outputs/stage2_guarded_detail_v2_tta_x8/Urban100/img_062/base.png,/home/ubuntu/scratch/sr-diffusion/benchmarks/selfexsr/SelfExSR-master/data/Urban100/image_SRF_4/img_062_SRF_4_HR.png,/home/ubuntu/scratch/sr-diffusion/benchmarks/selfexsr/SelfExSR-master/data/Urban100/image_SRF_4/img_062_SRF_4_LR.png,21.011040699706793,19.59513174234853
Urban100,img_062,detail_v2_masked,/home/ubuntu/scratch/sr-diffusion/benchmark_outputs/detail_v2_masked/Urban100/img_062/detail.png,/home/ubuntu/scratch/sr-diffusion/benchmarks/selfexsr/SelfExSR-master/data/Urban100/image_SRF_4/img_062_SRF_4_HR.png,/home/ubuntu/scratch/sr-diffusion/benchmarks/selfexsr/SelfExSR-master/data/Urban100/image_SRF_4/img_062_SRF_4_LR.png,21.209503661068403,19.79239148430163
Urban100,img_062,refiner_v2,/home/ubuntu/scratch/sr-diffusion/benchmark_outputs/refiner_v2/Urban100/img_062/refined.png,/home/ubuntu/scratch/sr-diffusion/benchmarks/selfexsr/SelfExSR-master/data/Urban100/image_SRF_4/img_062_SRF_4_HR.png,/home/ubuntu/scratch/sr-diffusion/benchmarks/selfexsr/SelfExSR-master/data/Urban100/image_SRF_4/img_062_SRF_4_LR.png,20.658768547203987,19.23689175851464
Urban100,img_062,realesrgan,/home/ubuntu/scratch/sr-diffusion/benchmark_outputs/realesrgan/Urban100/img_062/RealESRGAN_x4plus.png,/home/ubuntu/scratch/sr-diffusion/benchmarks/selfexsr/SelfExSR-master/data/Urban100/image_SRF_4/img_062_SRF_4_HR.png,/home/ubuntu/scratch/sr-diffusion/benchmarks/selfexsr/SelfExSR-master/data/Urban100/image_SRF_4/img_062_SRF_4_LR.png,19.173030426878114,17.67544973273357
Urban100,img_063,bicubic,generated:matlab_bicubic_resize,/home/ubuntu/scratch/sr-diffusion/benchmarks/selfexsr/SelfExSR-master/data/Urban100/image_SRF_4/img_063_SRF_4_HR.png,/home/ubuntu/scratch/sr-diffusion/benchmarks/selfexsr/SelfExSR-master/data/Urban100/image_SRF_4/img_063_SRF_4_LR.png,17.954628605229544,16.747532272380383
Urban100,img_063,stage2_guarded_off,/home/ubuntu/scratch/sr-diffusion/benchmark_outputs/stage2_guarded_detail_v2_tta_off/Urban100/img_063/base.png,/home/ubuntu/scratch/sr-diffusion/benchmarks/selfexsr/SelfExSR-master/data/Urban100/image_SRF_4/img_063_SRF_4_HR.png,/home/ubuntu/scratch/sr-diffusion/benchmarks/selfexsr/SelfExSR-master/data/Urban100/image_SRF_4/img_063_SRF_4_LR.png,21.912016339360324,20.561898062623882
Urban100,img_063,stage2_guarded_hflip,/home/ubuntu/scratch/sr-diffusion/benchmark_outputs/stage2_guarded_detail_v2_tta_hflip/Urban100/img_063/base.png,/home/ubuntu/scratch/sr-diffusion/benchmarks/selfexsr/SelfExSR-master/data/Urban100/image_SRF_4/img_063_SRF_4_HR.png,/home/ubuntu/scratch/sr-diffusion/benchmarks/selfexsr/SelfExSR-master/data/Urban100/image_SRF_4/img_063_SRF_4_LR.png,21.98651563636846,20.638527108365494
Urban100,img_063,stage2_guarded_x8,/home/ubuntu/scratch/sr-diffusion/benchmark_outputs/stage2_guarded_detail_v2_tta_x8/Urban100/img_063/base.png,/home/ubuntu/scratch/sr-diffusion/benchmarks/selfexsr/SelfExSR-master/data/Urban100/image_SRF_4/img_063_SRF_4_HR.png,/home/ubuntu/scratch/sr-diffusion/benchmarks/selfexsr/SelfExSR-master/data/Urban100/image_SRF_4/img_063_SRF_4_LR.png,22.01493627692267,20.672433309244596
Urban100,img_063,detail_v2_masked,/home/ubuntu/scratch/sr-diffusion/benchmark_outputs/detail_v2_masked/Urban100/img_063/detail.png,/home/ubuntu/scratch/sr-diffusion/benchmarks/selfexsr/SelfExSR-master/data/Urban100/image_SRF_4/img_063_SRF_4_HR.png,/home/ubuntu/scratch/sr-diffusion/benchmarks/selfexsr/SelfExSR-master/data/Urban100/image_SRF_4/img_063_SRF_4_LR.png,22.187965974098542,20.835410227272035
Urban100,img_063,refiner_v2,/home/ubuntu/scratch/sr-diffusion/benchmark_outputs/refiner_v2/Urban100/img_063/refined.png,/home/ubuntu/scratch/sr-diffusion/benchmarks/selfexsr/SelfExSR-master/data/Urban100/image_SRF_4/img_063_SRF_4_HR.png,/home/ubuntu/scratch/sr-diffusion/benchmarks/selfexsr/SelfExSR-master/data/Urban100/image_SRF_4/img_063_SRF_4_LR.png,21.318467398514937,20.03016635614526
Urban100,img_063,realesrgan,/home/ubuntu/scratch/sr-diffusion/benchmark_outputs/realesrgan/Urban100/img_063/RealESRGAN_x4plus.png,/home/ubuntu/scratch/sr-diffusion/benchmarks/selfexsr/SelfExSR-master/data/Urban100/image_SRF_4/img_063_SRF_4_HR.png,/home/ubuntu/scratch/sr-diffusion/benchmarks/selfexsr/SelfExSR-master/data/Urban100/image_SRF_4/img_063_SRF_4_LR.png,20.684354699830422,19.065180873713818
Urban100,img_064,bicubic,generated:matlab_bicubic_resize,/home/ubuntu/scratch/sr-diffusion/benchmarks/selfexsr/SelfExSR-master/data/Urban100/image_SRF_4/img_064_SRF_4_HR.png,/home/ubuntu/scratch/sr-diffusion/benchmarks/selfexsr/SelfExSR-master/data/Urban100/image_SRF_4/img_064_SRF_4_LR.png,24.911751884280868,23.597111586733543
Urban100,img_064,stage2_guarded_off,/home/ubuntu/scratch/sr-diffusion/benchmark_outputs/stage2_guarded_detail_v2_tta_off/Urban100/img_064/base.png,/home/ubuntu/scratch/sr-diffusion/benchmarks/selfexsr/SelfExSR-master/data/Urban100/image_SRF_4/img_064_SRF_4_HR.png,/home/ubuntu/scratch/sr-diffusion/benchmarks/selfexsr/SelfExSR-master/data/Urban100/image_SRF_4/img_064_SRF_4_LR.png,26.268680836043828,24.906095335035225
Urban100,img_064,stage2_guarded_hflip,/home/ubuntu/scratch/sr-diffusion/benchmark_outputs/stage2_guarded_detail_v2_tta_hflip/Urban100/img_064/base.png,/home/ubuntu/scratch/sr-diffusion/benchmarks/selfexsr/SelfExSR-master/data/Urban100/image_SRF_4/img_064_SRF_4_HR.png,/home/ubuntu/scratch/sr-diffusion/benchmarks/selfexsr/SelfExSR-master/data/Urban100/image_SRF_4/img_064_SRF_4_LR.png,26.342432949433547,24.98058972900962
Urban100,img_064,stage2_guarded_x8,/home/ubuntu/scratch/sr-diffusion/benchmark_outputs/stage2_guarded_detail_v2_tta_x8/Urban100/img_064/base.png,/home/ubuntu/scratch/sr-diffusion/benchmarks/selfexsr/SelfExSR-master/data/Urban100/image_SRF_4/img_064_SRF_4_HR.png,/home/ubuntu/scratch/sr-diffusion/benchmarks/selfexsr/SelfExSR-master/data/Urban100/image_SRF_4/img_064_SRF_4_LR.png,26.34895010620503,24.989967011707495
Urban100,img_064,detail_v2_masked,/home/ubuntu/scratch/sr-diffusion/benchmark_outputs/detail_v2_masked/Urban100/img_064/detail.png,/home/ubuntu/scratch/sr-diffusion/benchmarks/selfexsr/SelfExSR-master/data/Urban100/image_SRF_4/img_064_SRF_4_HR.png,/home/ubuntu/scratch/sr-diffusion/benchmarks/selfexsr/SelfExSR-master/data/Urban100/image_SRF_4/img_064_SRF_4_LR.png,26.542931911024258,25.180410274156884
Urban100,img_064,refiner_v2,/home/ubuntu/scratch/sr-diffusion/benchmark_outputs/refiner_v2/Urban100/img_064/refined.png,/home/ubuntu/scratch/sr-diffusion/benchmarks/selfexsr/SelfExSR-master/data/Urban100/image_SRF_4/img_064_SRF_4_HR.png,/home/ubuntu/scratch/sr-diffusion/benchmarks/selfexsr/SelfExSR-master/data/Urban100/image_SRF_4/img_064_SRF_4_LR.png,25.932431033812158,24.574169230212863
Urban100,img_064,realesrgan,/home/ubuntu/scratch/sr-diffusion/benchmark_outputs/realesrgan/Urban100/img_064/RealESRGAN_x4plus.png,/home/ubuntu/scratch/sr-diffusion/benchmarks/selfexsr/SelfExSR-master/data/Urban100/image_SRF_4/img_064_SRF_4_HR.png,/home/ubuntu/scratch/sr-diffusion/benchmarks/selfexsr/SelfExSR-master/data/Urban100/image_SRF_4/img_064_SRF_4_LR.png,22.572818051805108,21.193895592136887
Urban100,img_065,bicubic,generated:matlab_bicubic_resize,/home/ubuntu/scratch/sr-diffusion/benchmarks/selfexsr/SelfExSR-master/data/Urban100/image_SRF_4/img_065_SRF_4_HR.png,/home/ubuntu/scratch/sr-diffusion/benchmarks/selfexsr/SelfExSR-master/data/Urban100/image_SRF_4/img_065_SRF_4_LR.png,23.92499605826941,22.26002238285279
Urban100,img_065,stage2_guarded_off,/home/ubuntu/scratch/sr-diffusion/benchmark_outputs/stage2_guarded_detail_v2_tta_off/Urban100/img_065/base.png,/home/ubuntu/scratch/sr-diffusion/benchmarks/selfexsr/SelfExSR-master/data/Urban100/image_SRF_4/img_065_SRF_4_HR.png,/home/ubuntu/scratch/sr-diffusion/benchmarks/selfexsr/SelfExSR-master/data/Urban100/image_SRF_4/img_065_SRF_4_LR.png,25.23159348158446,23.554743313766416
Urban100,img_065,stage2_guarded_hflip,/home/ubuntu/scratch/sr-diffusion/benchmark_outputs/stage2_guarded_detail_v2_tta_hflip/Urban100/img_065/base.png,/home/ubuntu/scratch/sr-diffusion/benchmarks/selfexsr/SelfExSR-master/data/Urban100/image_SRF_4/img_065_SRF_4_HR.png,/home/ubuntu/scratch/sr-diffusion/benchmarks/selfexsr/SelfExSR-master/data/Urban100/image_SRF_4/img_065_SRF_4_LR.png,25.25855433003265,23.581762588775653
Urban100,img_065,stage2_guarded_x8,/home/ubuntu/scratch/sr-diffusion/benchmark_outputs/stage2_guarded_detail_v2_tta_x8/Urban100/img_065/base.png,/home/ubuntu/scratch/sr-diffusion/benchmarks/selfexsr/SelfExSR-master/data/Urban100/image_SRF_4/img_065_SRF_4_HR.png,/home/ubuntu/scratch/sr-diffusion/benchmarks/selfexsr/SelfExSR-master/data/Urban100/image_SRF_4/img_065_SRF_4_LR.png,25.306842594451574,23.62980170700924
Urban100,img_065,detail_v2_masked,/home/ubuntu/scratch/sr-diffusion/benchmark_outputs/detail_v2_masked/Urban100/img_065/detail.png,/home/ubuntu/scratch/sr-diffusion/benchmarks/selfexsr/SelfExSR-master/data/Urban100/image_SRF_4/img_065_SRF_4_HR.png,/home/ubuntu/scratch/sr-diffusion/benchmarks/selfexsr/SelfExSR-master/data/Urban100/image_SRF_4/img_065_SRF_4_LR.png,25.43084727308326,23.750404036002486
Urban100,img_065,refiner_v2,/home/ubuntu/scratch/sr-diffusion/benchmark_outputs/refiner_v2/Urban100/img_065/refined.png,/home/ubuntu/scratch/sr-diffusion/benchmarks/selfexsr/SelfExSR-master/data/Urban100/image_SRF_4/img_065_SRF_4_HR.png,/home/ubuntu/scratch/sr-diffusion/benchmarks/selfexsr/SelfExSR-master/data/Urban100/image_SRF_4/img_065_SRF_4_LR.png,24.764480961807532,23.095544913005828
Urban100,img_065,realesrgan,/home/ubuntu/scratch/sr-diffusion/benchmark_outputs/realesrgan/Urban100/img_065/RealESRGAN_x4plus.png,/home/ubuntu/scratch/sr-diffusion/benchmarks/selfexsr/SelfExSR-master/data/Urban100/image_SRF_4/img_065_SRF_4_HR.png,/home/ubuntu/scratch/sr-diffusion/benchmarks/selfexsr/SelfExSR-master/data/Urban100/image_SRF_4/img_065_SRF_4_LR.png,21.835606529755932,19.98984314640016
Urban100,img_066,bicubic,generated:matlab_bicubic_resize,/home/ubuntu/scratch/sr-diffusion/benchmarks/selfexsr/SelfExSR-master/data/Urban100/image_SRF_4/img_066_SRF_4_HR.png,/home/ubuntu/scratch/sr-diffusion/benchmarks/selfexsr/SelfExSR-master/data/Urban100/image_SRF_4/img_066_SRF_4_LR.png,21.337516884349167,20.014394519723876
Urban100,img_066,stage2_guarded_off,/home/ubuntu/scratch/sr-diffusion/benchmark_outputs/stage2_guarded_detail_v2_tta_off/Urban100/img_066/base.png,/home/ubuntu/scratch/sr-diffusion/benchmarks/selfexsr/SelfExSR-master/data/Urban100/image_SRF_4/img_066_SRF_4_HR.png,/home/ubuntu/scratch/sr-diffusion/benchmarks/selfexsr/SelfExSR-master/data/Urban100/image_SRF_4/img_066_SRF_4_LR.png,22.217449829115758,20.89133331053071
Urban100,img_066,stage2_guarded_hflip,/home/ubuntu/scratch/sr-diffusion/benchmark_outputs/stage2_guarded_detail_v2_tta_hflip/Urban100/img_066/base.png,/home/ubuntu/scratch/sr-diffusion/benchmarks/selfexsr/SelfExSR-master/data/Urban100/image_SRF_4/img_066_SRF_4_HR.png,/home/ubuntu/scratch/sr-diffusion/benchmarks/selfexsr/SelfExSR-master/data/Urban100/image_SRF_4/img_066_SRF_4_LR.png,22.23911315356412,20.912183101496268
Urban100,img_066,stage2_guarded_x8,/home/ubuntu/scratch/sr-diffusion/benchmark_outputs/stage2_guarded_detail_v2_tta_x8/Urban100/img_066/base.png,/home/ubuntu/scratch/sr-diffusion/benchmarks/selfexsr/SelfExSR-master/data/Urban100/image_SRF_4/img_066_SRF_4_HR.png,/home/ubuntu/scratch/sr-diffusion/benchmarks/selfexsr/SelfExSR-master/data/Urban100/image_SRF_4/img_066_SRF_4_LR.png,22.247371341605117,20.922312043114747
Urban100,img_066,detail_v2_masked,/home/ubuntu/scratch/sr-diffusion/benchmark_outputs/detail_v2_masked/Urban100/img_066/detail.png,/home/ubuntu/scratch/sr-diffusion/benchmarks/selfexsr/SelfExSR-master/data/Urban100/image_SRF_4/img_066_SRF_4_HR.png,/home/ubuntu/scratch/sr-diffusion/benchmarks/selfexsr/SelfExSR-master/data/Urban100/image_SRF_4/img_066_SRF_4_LR.png,22.34216859505888,21.014882876595816
Urban100,img_066,refiner_v2,/home/ubuntu/scratch/sr-diffusion/benchmark_outputs/refiner_v2/Urban100/img_066/refined.png,/home/ubuntu/scratch/sr-diffusion/benchmarks/selfexsr/SelfExSR-master/data/Urban100/image_SRF_4/img_066_SRF_4_HR.png,/home/ubuntu/scratch/sr-diffusion/benchmarks/selfexsr/SelfExSR-master/data/Urban100/image_SRF_4/img_066_SRF_4_LR.png,22.02187466337051,20.68909135746097
Urban100,img_066,realesrgan,/home/ubuntu/scratch/sr-diffusion/benchmark_outputs/realesrgan/Urban100/img_066/RealESRGAN_x4plus.png,/home/ubuntu/scratch/sr-diffusion/benchmarks/selfexsr/SelfExSR-master/data/Urban100/image_SRF_4/img_066_SRF_4_HR.png,/home/ubuntu/scratch/sr-diffusion/benchmarks/selfexsr/SelfExSR-master/data/Urban100/image_SRF_4/img_066_SRF_4_LR.png,20.648743329905464,19.320639700896084
Urban100,img_067,bicubic,generated:matlab_bicubic_resize,/home/ubuntu/scratch/sr-diffusion/benchmarks/selfexsr/SelfExSR-master/data/Urban100/image_SRF_4/img_067_SRF_4_HR.png,/home/ubuntu/scratch/sr-diffusion/benchmarks/selfexsr/SelfExSR-master/data/Urban100/image_SRF_4/img_067_SRF_4_LR.png,16.962489608668506,15.483680219744985
Urban100,img_067,stage2_guarded_off,/home/ubuntu/scratch/sr-diffusion/benchmark_outputs/stage2_guarded_detail_v2_tta_off/Urban100/img_067/base.png,/home/ubuntu/scratch/sr-diffusion/benchmarks/selfexsr/SelfExSR-master/data/Urban100/image_SRF_4/img_067_SRF_4_HR.png,/home/ubuntu/scratch/sr-diffusion/benchmarks/selfexsr/SelfExSR-master/data/Urban100/image_SRF_4/img_067_SRF_4_LR.png,18.689025336005983,17.258285357436513
Urban100,img_067,stage2_guarded_hflip,/home/ubuntu/scratch/sr-diffusion/benchmark_outputs/stage2_guarded_detail_v2_tta_hflip/Urban100/img_067/base.png,/home/ubuntu/scratch/sr-diffusion/benchmarks/selfexsr/SelfExSR-master/data/Urban100/image_SRF_4/img_067_SRF_4_HR.png,/home/ubuntu/scratch/sr-diffusion/benchmarks/selfexsr/SelfExSR-master/data/Urban100/image_SRF_4/img_067_SRF_4_LR.png,18.71783765685076,17.288210302847446
Urban100,img_067,stage2_guarded_x8,/home/ubuntu/scratch/sr-diffusion/benchmark_outputs/stage2_guarded_detail_v2_tta_x8/Urban100/img_067/base.png,/home/ubuntu/scratch/sr-diffusion/benchmarks/selfexsr/SelfExSR-master/data/Urban100/image_SRF_4/img_067_SRF_4_HR.png,/home/ubuntu/scratch/sr-diffusion/benchmarks/selfexsr/SelfExSR-master/data/Urban100/image_SRF_4/img_067_SRF_4_LR.png,18.814107003456517,17.38212030078072
Urban100,img_067,detail_v2_masked,/home/ubuntu/scratch/sr-diffusion/benchmark_outputs/detail_v2_masked/Urban100/img_067/detail.png,/home/ubuntu/scratch/sr-diffusion/benchmarks/selfexsr/SelfExSR-master/data/Urban100/image_SRF_4/img_067_SRF_4_HR.png,/home/ubuntu/scratch/sr-diffusion/benchmarks/selfexsr/SelfExSR-master/data/Urban100/image_SRF_4/img_067_SRF_4_LR.png,19.005334182936025,17.57909841555742
Urban100,img_067,refiner_v2,/home/ubuntu/scratch/sr-diffusion/benchmark_outputs/refiner_v2/Urban100/img_067/refined.png,/home/ubuntu/scratch/sr-diffusion/benchmarks/selfexsr/SelfExSR-master/data/Urban100/image_SRF_4/img_067_SRF_4_HR.png,/home/ubuntu/scratch/sr-diffusion/benchmarks/selfexsr/SelfExSR-master/data/Urban100/image_SRF_4/img_067_SRF_4_LR.png,18.560956358286333,17.111616370178947
Urban100,img_067,realesrgan,/home/ubuntu/scratch/sr-diffusion/benchmark_outputs/realesrgan/Urban100/img_067/RealESRGAN_x4plus.png,/home/ubuntu/scratch/sr-diffusion/benchmarks/selfexsr/SelfExSR-master/data/Urban100/image_SRF_4/img_067_SRF_4_HR.png,/home/ubuntu/scratch/sr-diffusion/benchmarks/selfexsr/SelfExSR-master/data/Urban100/image_SRF_4/img_067_SRF_4_LR.png,17.666330204805092,16.16695604213287
Urban100,img_068,bicubic,generated:matlab_bicubic_resize,/home/ubuntu/scratch/sr-diffusion/benchmarks/selfexsr/SelfExSR-master/data/Urban100/image_SRF_4/img_068_SRF_4_HR.png,/home/ubuntu/scratch/sr-diffusion/benchmarks/selfexsr/SelfExSR-master/data/Urban100/image_SRF_4/img_068_SRF_4_LR.png,26.92462701535408,25.571603386377486
Urban100,img_068,stage2_guarded_off,/home/ubuntu/scratch/sr-diffusion/benchmark_outputs/stage2_guarded_detail_v2_tta_off/Urban100/img_068/base.png,/home/ubuntu/scratch/sr-diffusion/benchmarks/selfexsr/SelfExSR-master/data/Urban100/image_SRF_4/img_068_SRF_4_HR.png,/home/ubuntu/scratch/sr-diffusion/benchmarks/selfexsr/SelfExSR-master/data/Urban100/image_SRF_4/img_068_SRF_4_LR.png,29.848086277687994,28.42486575958783
Urban100,img_068,stage2_guarded_hflip,/home/ubuntu/scratch/sr-diffusion/benchmark_outputs/stage2_guarded_detail_v2_tta_hflip/Urban100/img_068/base.png,/home/ubuntu/scratch/sr-diffusion/benchmarks/selfexsr/SelfExSR-master/data/Urban100/image_SRF_4/img_068_SRF_4_HR.png,/home/ubuntu/scratch/sr-diffusion/benchmarks/selfexsr/SelfExSR-master/data/Urban100/image_SRF_4/img_068_SRF_4_LR.png,29.906949884466115,28.486276424253788
Urban100,img_068,stage2_guarded_x8,/home/ubuntu/scratch/sr-diffusion/benchmark_outputs/stage2_guarded_detail_v2_tta_x8/Urban100/img_068/base.png,/home/ubuntu/scratch/sr-diffusion/benchmarks/selfexsr/SelfExSR-master/data/Urban100/image_SRF_4/img_068_SRF_4_HR.png,/home/ubuntu/scratch/sr-diffusion/benchmarks/selfexsr/SelfExSR-master/data/Urban100/image_SRF_4/img_068_SRF_4_LR.png,29.93384924495691,28.518952687348325
Urban100,img_068,detail_v2_masked,/home/ubuntu/scratch/sr-diffusion/benchmark_outputs/detail_v2_masked/Urban100/img_068/detail.png,/home/ubuntu/scratch/sr-diffusion/benchmarks/selfexsr/SelfExSR-master/data/Urban100/image_SRF_4/img_068_SRF_4_HR.png,/home/ubuntu/scratch/sr-diffusion/benchmarks/selfexsr/SelfExSR-master/data/Urban100/image_SRF_4/img_068_SRF_4_LR.png,30.6394226517423,29.18884536243275
Urban100,img_068,refiner_v2,/home/ubuntu/scratch/sr-diffusion/benchmark_outputs/refiner_v2/Urban100/img_068/refined.png,/home/ubuntu/scratch/sr-diffusion/benchmarks/selfexsr/SelfExSR-master/data/Urban100/image_SRF_4/img_068_SRF_4_HR.png,/home/ubuntu/scratch/sr-diffusion/benchmarks/selfexsr/SelfExSR-master/data/Urban100/image_SRF_4/img_068_SRF_4_LR.png,28.99407837415793,27.581614954972892
Urban100,img_068,realesrgan,/home/ubuntu/scratch/sr-diffusion/benchmark_outputs/realesrgan/Urban100/img_068/RealESRGAN_x4plus.png,/home/ubuntu/scratch/sr-diffusion/benchmarks/selfexsr/SelfExSR-master/data/Urban100/image_SRF_4/img_068_SRF_4_HR.png,/home/ubuntu/scratch/sr-diffusion/benchmarks/selfexsr/SelfExSR-master/data/Urban100/image_SRF_4/img_068_SRF_4_LR.png,25.84591475092262,24.45446843164964
Urban100,img_069,bicubic,generated:matlab_bicubic_resize,/home/ubuntu/scratch/sr-diffusion/benchmarks/selfexsr/SelfExSR-master/data/Urban100/image_SRF_4/img_069_SRF_4_HR.png,/home/ubuntu/scratch/sr-diffusion/benchmarks/selfexsr/SelfExSR-master/data/Urban100/image_SRF_4/img_069_SRF_4_LR.png,22.899728023100604,21.61501155011212
Urban100,img_069,stage2_guarded_off,/home/ubuntu/scratch/sr-diffusion/benchmark_outputs/stage2_guarded_detail_v2_tta_off/Urban100/img_069/base.png,/home/ubuntu/scratch/sr-diffusion/benchmarks/selfexsr/SelfExSR-master/data/Urban100/image_SRF_4/img_069_SRF_4_HR.png,/home/ubuntu/scratch/sr-diffusion/benchmarks/selfexsr/SelfExSR-master/data/Urban100/image_SRF_4/img_069_SRF_4_LR.png,24.567200693803677,23.242121242325364
Urban100,img_069,stage2_guarded_hflip,/home/ubuntu/scratch/sr-diffusion/benchmark_outputs/stage2_guarded_detail_v2_tta_hflip/Urban100/img_069/base.png,/home/ubuntu/scratch/sr-diffusion/benchmarks/selfexsr/SelfExSR-master/data/Urban100/image_SRF_4/img_069_SRF_4_HR.png,/home/ubuntu/scratch/sr-diffusion/benchmarks/selfexsr/SelfExSR-master/data/Urban100/image_SRF_4/img_069_SRF_4_LR.png,24.587242233882694,23.263776444119006
Urban100,img_069,stage2_guarded_x8,/home/ubuntu/scratch/sr-diffusion/benchmark_outputs/stage2_guarded_detail_v2_tta_x8/Urban100/img_069/base.png,/home/ubuntu/scratch/sr-diffusion/benchmarks/selfexsr/SelfExSR-master/data/Urban100/image_SRF_4/img_069_SRF_4_HR.png,/home/ubuntu/scratch/sr-diffusion/benchmarks/selfexsr/SelfExSR-master/data/Urban100/image_SRF_4/img_069_SRF_4_LR.png,24.59693720683927,23.276366860253965
Urban100,img_069,detail_v2_masked,/home/ubuntu/scratch/sr-diffusion/benchmark_outputs/detail_v2_masked/Urban100/img_069/detail.png,/home/ubuntu/scratch/sr-diffusion/benchmarks/selfexsr/SelfExSR-master/data/Urban100/image_SRF_4/img_069_SRF_4_HR.png,/home/ubuntu/scratch/sr-diffusion/benchmarks/selfexsr/SelfExSR-master/data/Urban100/image_SRF_4/img_069_SRF_4_LR.png,24.793709626708186,23.466599063627683
Urban100,img_069,refiner_v2,/home/ubuntu/scratch/sr-diffusion/benchmark_outputs/refiner_v2/Urban100/img_069/refined.png,/home/ubuntu/scratch/sr-diffusion/benchmarks/selfexsr/SelfExSR-master/data/Urban100/image_SRF_4/img_069_SRF_4_HR.png,/home/ubuntu/scratch/sr-diffusion/benchmarks/selfexsr/SelfExSR-master/data/Urban100/image_SRF_4/img_069_SRF_4_LR.png,24.215671824861875,22.895304285440364
Urban100,img_069,realesrgan,/home/ubuntu/scratch/sr-diffusion/benchmark_outputs/realesrgan/Urban100/img_069/RealESRGAN_x4plus.png,/home/ubuntu/scratch/sr-diffusion/benchmarks/selfexsr/SelfExSR-master/data/Urban100/image_SRF_4/img_069_SRF_4_HR.png,/home/ubuntu/scratch/sr-diffusion/benchmarks/selfexsr/SelfExSR-master/data/Urban100/image_SRF_4/img_069_SRF_4_LR.png,22.379047335824474,20.807381634076787
Urban100,img_070,bicubic,generated:matlab_bicubic_resize,/home/ubuntu/scratch/sr-diffusion/benchmarks/selfexsr/SelfExSR-master/data/Urban100/image_SRF_4/img_070_SRF_4_HR.png,/home/ubuntu/scratch/sr-diffusion/benchmarks/selfexsr/SelfExSR-master/data/Urban100/image_SRF_4/img_070_SRF_4_LR.png,21.5011553622232,20.184022242586362
Urban100,img_070,stage2_guarded_off,/home/ubuntu/scratch/sr-diffusion/benchmark_outputs/stage2_guarded_detail_v2_tta_off/Urban100/img_070/base.png,/home/ubuntu/scratch/sr-diffusion/benchmarks/selfexsr/SelfExSR-master/data/Urban100/image_SRF_4/img_070_SRF_4_HR.png,/home/ubuntu/scratch/sr-diffusion/benchmarks/selfexsr/SelfExSR-master/data/Urban100/image_SRF_4/img_070_SRF_4_LR.png,22.07503229010647,20.751095063837305
Urban100,img_070,stage2_guarded_hflip,/home/ubuntu/scratch/sr-diffusion/benchmark_outputs/stage2_guarded_detail_v2_tta_hflip/Urban100/img_070/base.png,/home/ubuntu/scratch/sr-diffusion/benchmarks/selfexsr/SelfExSR-master/data/Urban100/image_SRF_4/img_070_SRF_4_HR.png,/home/ubuntu/scratch/sr-diffusion/benchmarks/selfexsr/SelfExSR-master/data/Urban100/image_SRF_4/img_070_SRF_4_LR.png,22.087859893174553,20.764235212697134
Urban100,img_070,stage2_guarded_x8,/home/ubuntu/scratch/sr-diffusion/benchmark_outputs/stage2_guarded_detail_v2_tta_x8/Urban100/img_070/base.png,/home/ubuntu/scratch/sr-diffusion/benchmarks/selfexsr/SelfExSR-master/data/Urban100/image_SRF_4/img_070_SRF_4_HR.png,/home/ubuntu/scratch/sr-diffusion/benchmarks/selfexsr/SelfExSR-master/data/Urban100/image_SRF_4/img_070_SRF_4_LR.png,22.095517364706456,20.77321664951284
Urban100,img_070,detail_v2_masked,/home/ubuntu/scratch/sr-diffusion/benchmark_outputs/detail_v2_masked/Urban100/img_070/detail.png,/home/ubuntu/scratch/sr-diffusion/benchmarks/selfexsr/SelfExSR-master/data/Urban100/image_SRF_4/img_070_SRF_4_HR.png,/home/ubuntu/scratch/sr-diffusion/benchmarks/selfexsr/SelfExSR-master/data/Urban100/image_SRF_4/img_070_SRF_4_LR.png,22.15633062244922,20.834576519720255
Urban100,img_070,refiner_v2,/home/ubuntu/scratch/sr-diffusion/benchmark_outputs/refiner_v2/Urban100/img_070/refined.png,/home/ubuntu/scratch/sr-diffusion/benchmarks/selfexsr/SelfExSR-master/data/Urban100/image_SRF_4/img_070_SRF_4_HR.png,/home/ubuntu/scratch/sr-diffusion/benchmarks/selfexsr/SelfExSR-master/data/Urban100/image_SRF_4/img_070_SRF_4_LR.png,21.969001914484036,20.640423127981972
Urban100,img_070,realesrgan,/home/ubuntu/scratch/sr-diffusion/benchmark_outputs/realesrgan/Urban100/img_070/RealESRGAN_x4plus.png,/home/ubuntu/scratch/sr-diffusion/benchmarks/selfexsr/SelfExSR-master/data/Urban100/image_SRF_4/img_070_SRF_4_HR.png,/home/ubuntu/scratch/sr-diffusion/benchmarks/selfexsr/SelfExSR-master/data/Urban100/image_SRF_4/img_070_SRF_4_LR.png,20.914388429231426,19.531500937883717
Urban100,img_071,bicubic,generated:matlab_bicubic_resize,/home/ubuntu/scratch/sr-diffusion/benchmarks/selfexsr/SelfExSR-master/data/Urban100/image_SRF_4/img_071_SRF_4_HR.png,/home/ubuntu/scratch/sr-diffusion/benchmarks/selfexsr/SelfExSR-master/data/Urban100/image_SRF_4/img_071_SRF_4_LR.png,25.7148361950504,24.323834417593467
Urban100,img_071,stage2_guarded_off,/home/ubuntu/scratch/sr-diffusion/benchmark_outputs/stage2_guarded_detail_v2_tta_off/Urban100/img_071/base.png,/home/ubuntu/scratch/sr-diffusion/benchmarks/selfexsr/SelfExSR-master/data/Urban100/image_SRF_4/img_071_SRF_4_HR.png,/home/ubuntu/scratch/sr-diffusion/benchmarks/selfexsr/SelfExSR-master/data/Urban100/image_SRF_4/img_071_SRF_4_LR.png,27.65642121952566,26.30029553148408
Urban100,img_071,stage2_guarded_hflip,/home/ubuntu/scratch/sr-diffusion/benchmark_outputs/stage2_guarded_detail_v2_tta_hflip/Urban100/img_071/base.png,/home/ubuntu/scratch/sr-diffusion/benchmarks/selfexsr/SelfExSR-master/data/Urban100/image_SRF_4/img_071_SRF_4_HR.png,/home/ubuntu/scratch/sr-diffusion/benchmarks/selfexsr/SelfExSR-master/data/Urban100/image_SRF_4/img_071_SRF_4_LR.png,27.685609882936603,26.329772266503156
Urban100,img_071,stage2_guarded_x8,/home/ubuntu/scratch/sr-diffusion/benchmark_outputs/stage2_guarded_detail_v2_tta_x8/Urban100/img_071/base.png,/home/ubuntu/scratch/sr-diffusion/benchmarks/selfexsr/SelfExSR-master/data/Urban100/image_SRF_4/img_071_SRF_4_HR.png,/home/ubuntu/scratch/sr-diffusion/benchmarks/selfexsr/SelfExSR-master/data/Urban100/image_SRF_4/img_071_SRF_4_LR.png,27.702052103767585,26.346529270304973
Urban100,img_071,detail_v2_masked,/home/ubuntu/scratch/sr-diffusion/benchmark_outputs/detail_v2_masked/Urban100/img_071/detail.png,/home/ubuntu/scratch/sr-diffusion/benchmarks/selfexsr/SelfExSR-master/data/Urban100/image_SRF_4/img_071_SRF_4_HR.png,/home/ubuntu/scratch/sr-diffusion/benchmarks/selfexsr/SelfExSR-master/data/Urban100/image_SRF_4/img_071_SRF_4_LR.png,27.9024031969604,26.546601039295492
Urban100,img_071,refiner_v2,/home/ubuntu/scratch/sr-diffusion/benchmark_outputs/refiner_v2/Urban100/img_071/refined.png,/home/ubuntu/scratch/sr-diffusion/benchmarks/selfexsr/SelfExSR-master/data/Urban100/image_SRF_4/img_071_SRF_4_HR.png,/home/ubuntu/scratch/sr-diffusion/benchmarks/selfexsr/SelfExSR-master/data/Urban100/image_SRF_4/img_071_SRF_4_LR.png,27.251907942311778,25.882338038762715
Urban100,img_071,realesrgan,/home/ubuntu/scratch/sr-diffusion/benchmark_outputs/realesrgan/Urban100/img_071/RealESRGAN_x4plus.png,/home/ubuntu/scratch/sr-diffusion/benchmarks/selfexsr/SelfExSR-master/data/Urban100/image_SRF_4/img_071_SRF_4_HR.png,/home/ubuntu/scratch/sr-diffusion/benchmarks/selfexsr/SelfExSR-master/data/Urban100/image_SRF_4/img_071_SRF_4_LR.png,26.58236132244408,25.19399921502036
Urban100,img_072,bicubic,generated:matlab_bicubic_resize,/home/ubuntu/scratch/sr-diffusion/benchmarks/selfexsr/SelfExSR-master/data/Urban100/image_SRF_4/img_072_SRF_4_HR.png,/home/ubuntu/scratch/sr-diffusion/benchmarks/selfexsr/SelfExSR-master/data/Urban100/image_SRF_4/img_072_SRF_4_LR.png,16.684619670248853,15.362698358372116
Urban100,img_072,stage2_guarded_off,/home/ubuntu/scratch/sr-diffusion/benchmark_outputs/stage2_guarded_detail_v2_tta_off/Urban100/img_072/base.png,/home/ubuntu/scratch/sr-diffusion/benchmarks/selfexsr/SelfExSR-master/data/Urban100/image_SRF_4/img_072_SRF_4_HR.png,/home/ubuntu/scratch/sr-diffusion/benchmarks/selfexsr/SelfExSR-master/data/Urban100/image_SRF_4/img_072_SRF_4_LR.png,19.683814049071643,18.355420250078264
Urban100,img_072,stage2_guarded_hflip,/home/ubuntu/scratch/sr-diffusion/benchmark_outputs/stage2_guarded_detail_v2_tta_hflip/Urban100/img_072/base.png,/home/ubuntu/scratch/sr-diffusion/benchmarks/selfexsr/SelfExSR-master/data/Urban100/image_SRF_4/img_072_SRF_4_HR.png,/home/ubuntu/scratch/sr-diffusion/benchmarks/selfexsr/SelfExSR-master/data/Urban100/image_SRF_4/img_072_SRF_4_LR.png,19.724760321791805,18.397869173197215
Urban100,img_072,stage2_guarded_x8,/home/ubuntu/scratch/sr-diffusion/benchmark_outputs/stage2_guarded_detail_v2_tta_x8/Urban100/img_072/base.png,/home/ubuntu/scratch/sr-diffusion/benchmarks/selfexsr/SelfExSR-master/data/Urban100/image_SRF_4/img_072_SRF_4_HR.png,/home/ubuntu/scratch/sr-diffusion/benchmarks/selfexsr/SelfExSR-master/data/Urban100/image_SRF_4/img_072_SRF_4_LR.png,19.67892209963927,18.353652840100217
Urban100,img_072,detail_v2_masked,/home/ubuntu/scratch/sr-diffusion/benchmark_outputs/detail_v2_masked/Urban100/img_072/detail.png,/home/ubuntu/scratch/sr-diffusion/benchmarks/selfexsr/SelfExSR-master/data/Urban100/image_SRF_4/img_072_SRF_4_HR.png,/home/ubuntu/scratch/sr-diffusion/benchmarks/selfexsr/SelfExSR-master/data/Urban100/image_SRF_4/img_072_SRF_4_LR.png,20.26827306605195,18.93599453760251
Urban100,img_072,refiner_v2,/home/ubuntu/scratch/sr-diffusion/benchmark_outputs/refiner_v2/Urban100/img_072/refined.png,/home/ubuntu/scratch/sr-diffusion/benchmarks/selfexsr/SelfExSR-master/data/Urban100/image_SRF_4/img_072_SRF_4_HR.png,/home/ubuntu/scratch/sr-diffusion/benchmarks/selfexsr/SelfExSR-master/data/Urban100/image_SRF_4/img_072_SRF_4_LR.png,19.06876357943758,17.74324847016719
Urban100,img_072,realesrgan,/home/ubuntu/scratch/sr-diffusion/benchmark_outputs/realesrgan/Urban100/img_072/RealESRGAN_x4plus.png,/home/ubuntu/scratch/sr-diffusion/benchmarks/selfexsr/SelfExSR-master/data/Urban100/image_SRF_4/img_072_SRF_4_HR.png,/home/ubuntu/scratch/sr-diffusion/benchmarks/selfexsr/SelfExSR-master/data/Urban100/image_SRF_4/img_072_SRF_4_LR.png,17.138197091956584,15.818613896287964
Urban100,img_073,bicubic,generated:matlab_bicubic_resize,/home/ubuntu/scratch/sr-diffusion/benchmarks/selfexsr/SelfExSR-master/data/Urban100/image_SRF_4/img_073_SRF_4_HR.png,/home/ubuntu/scratch/sr-diffusion/benchmarks/selfexsr/SelfExSR-master/data/Urban100/image_SRF_4/img_073_SRF_4_LR.png,19.47599854140567,18.20376431177828
Urban100,img_073,stage2_guarded_off,/home/ubuntu/scratch/sr-diffusion/benchmark_outputs/stage2_guarded_detail_v2_tta_off/Urban100/img_073/base.png,/home/ubuntu/scratch/sr-diffusion/benchmarks/selfexsr/SelfExSR-master/data/Urban100/image_SRF_4/img_073_SRF_4_HR.png,/home/ubuntu/scratch/sr-diffusion/benchmarks/selfexsr/SelfExSR-master/data/Urban100/image_SRF_4/img_073_SRF_4_LR.png,19.937583640985505,18.622450180327327
Urban100,img_073,stage2_guarded_hflip,/home/ubuntu/scratch/sr-diffusion/benchmark_outputs/stage2_guarded_detail_v2_tta_hflip/Urban100/img_073/base.png,/home/ubuntu/scratch/sr-diffusion/benchmarks/selfexsr/SelfExSR-master/data/Urban100/image_SRF_4/img_073_SRF_4_HR.png,/home/ubuntu/scratch/sr-diffusion/benchmarks/selfexsr/SelfExSR-master/data/Urban100/image_SRF_4/img_073_SRF_4_LR.png,19.966038453030798,18.6540088341277
Urban100,img_073,stage2_guarded_x8,/home/ubuntu/scratch/sr-diffusion/benchmark_outputs/stage2_guarded_detail_v2_tta_x8/Urban100/img_073/base.png,/home/ubuntu/scratch/sr-diffusion/benchmarks/selfexsr/SelfExSR-master/data/Urban100/image_SRF_4/img_073_SRF_4_HR.png,/home/ubuntu/scratch/sr-diffusion/benchmarks/selfexsr/SelfExSR-master/data/Urban100/image_SRF_4/img_073_SRF_4_LR.png,20.01781356642593,18.70323502341133
Urban100,img_073,detail_v2_masked,/home/ubuntu/scratch/sr-diffusion/benchmark_outputs/detail_v2_masked/Urban100/img_073/detail.png,/home/ubuntu/scratch/sr-diffusion/benchmarks/selfexsr/SelfExSR-master/data/Urban100/image_SRF_4/img_073_SRF_4_HR.png,/home/ubuntu/scratch/sr-diffusion/benchmarks/selfexsr/SelfExSR-master/data/Urban100/image_SRF_4/img_073_SRF_4_LR.png,20.045372815488726,18.744401083075598
Urban100,img_073,refiner_v2,/home/ubuntu/scratch/sr-diffusion/benchmark_outputs/refiner_v2/Urban100/img_073/refined.png,/home/ubuntu/scratch/sr-diffusion/benchmarks/selfexsr/SelfExSR-master/data/Urban100/image_SRF_4/img_073_SRF_4_HR.png,/home/ubuntu/scratch/sr-diffusion/benchmarks/selfexsr/SelfExSR-master/data/Urban100/image_SRF_4/img_073_SRF_4_LR.png,19.929148120113588,18.597382573815004
Urban100,img_073,realesrgan,/home/ubuntu/scratch/sr-diffusion/benchmark_outputs/realesrgan/Urban100/img_073/RealESRGAN_x4plus.png,/home/ubuntu/scratch/sr-diffusion/benchmarks/selfexsr/SelfExSR-master/data/Urban100/image_SRF_4/img_073_SRF_4_HR.png,/home/ubuntu/scratch/sr-diffusion/benchmarks/selfexsr/SelfExSR-master/data/Urban100/image_SRF_4/img_073_SRF_4_LR.png,17.781604504036665,16.24963675009744
Urban100,img_074,bicubic,generated:matlab_bicubic_resize,/home/ubuntu/scratch/sr-diffusion/benchmarks/selfexsr/SelfExSR-master/data/Urban100/image_SRF_4/img_074_SRF_4_HR.png,/home/ubuntu/scratch/sr-diffusion/benchmarks/selfexsr/SelfExSR-master/data/Urban100/image_SRF_4/img_074_SRF_4_LR.png,22.16004435238125,20.638845555173738
Urban100,img_074,stage2_guarded_off,/home/ubuntu/scratch/sr-diffusion/benchmark_outputs/stage2_guarded_detail_v2_tta_off/Urban100/img_074/base.png,/home/ubuntu/scratch/sr-diffusion/benchmarks/selfexsr/SelfExSR-master/data/Urban100/image_SRF_4/img_074_SRF_4_HR.png,/home/ubuntu/scratch/sr-diffusion/benchmarks/selfexsr/SelfExSR-master/data/Urban100/image_SRF_4/img_074_SRF_4_LR.png,23.317521084537105,21.835726471298887
Urban100,img_074,stage2_guarded_hflip,/home/ubuntu/scratch/sr-diffusion/benchmark_outputs/stage2_guarded_detail_v2_tta_hflip/Urban100/img_074/base.png,/home/ubuntu/scratch/sr-diffusion/benchmarks/selfexsr/SelfExSR-master/data/Urban100/image_SRF_4/img_074_SRF_4_HR.png,/home/ubuntu/scratch/sr-diffusion/benchmarks/selfexsr/SelfExSR-master/data/Urban100/image_SRF_4/img_074_SRF_4_LR.png,23.337243310985123,21.856211090083896
Urban100,img_074,stage2_guarded_x8,/home/ubuntu/scratch/sr-diffusion/benchmark_outputs/stage2_guarded_detail_v2_tta_x8/Urban100/img_074/base.png,/home/ubuntu/scratch/sr-diffusion/benchmarks/selfexsr/SelfExSR-master/data/Urban100/image_SRF_4/img_074_SRF_4_HR.png,/home/ubuntu/scratch/sr-diffusion/benchmarks/selfexsr/SelfExSR-master/data/Urban100/image_SRF_4/img_074_SRF_4_LR.png,23.388980689253106,21.90630622009589
Urban100,img_074,detail_v2_masked,/home/ubuntu/scratch/sr-diffusion/benchmark_outputs/detail_v2_masked/Urban100/img_074/detail.png,/home/ubuntu/scratch/sr-diffusion/benchmarks/selfexsr/SelfExSR-master/data/Urban100/image_SRF_4/img_074_SRF_4_HR.png,/home/ubuntu/scratch/sr-diffusion/benchmarks/selfexsr/SelfExSR-master/data/Urban100/image_SRF_4/img_074_SRF_4_LR.png,23.640937457632884,22.147026562906305
Urban100,img_074,refiner_v2,/home/ubuntu/scratch/sr-diffusion/benchmark_outputs/refiner_v2/Urban100/img_074/refined.png,/home/ubuntu/scratch/sr-diffusion/benchmarks/selfexsr/SelfExSR-master/data/Urban100/image_SRF_4/img_074_SRF_4_HR.png,/home/ubuntu/scratch/sr-diffusion/benchmarks/selfexsr/SelfExSR-master/data/Urban100/image_SRF_4/img_074_SRF_4_LR.png,22.979228012383565,21.48930394431973
Urban100,img_074,realesrgan,/home/ubuntu/scratch/sr-diffusion/benchmark_outputs/realesrgan/Urban100/img_074/RealESRGAN_x4plus.png,/home/ubuntu/scratch/sr-diffusion/benchmarks/selfexsr/SelfExSR-master/data/Urban100/image_SRF_4/img_074_SRF_4_HR.png,/home/ubuntu/scratch/sr-diffusion/benchmarks/selfexsr/SelfExSR-master/data/Urban100/image_SRF_4/img_074_SRF_4_LR.png,20.158735350900425,18.683361610318244
Urban100,img_075,bicubic,generated:matlab_bicubic_resize,/home/ubuntu/scratch/sr-diffusion/benchmarks/selfexsr/SelfExSR-master/data/Urban100/image_SRF_4/img_075_SRF_4_HR.png,/home/ubuntu/scratch/sr-diffusion/benchmarks/selfexsr/SelfExSR-master/data/Urban100/image_SRF_4/img_075_SRF_4_LR.png,27.090153565785986,25.376615933932243
Urban100,img_075,stage2_guarded_off,/home/ubuntu/scratch/sr-diffusion/benchmark_outputs/stage2_guarded_detail_v2_tta_off/Urban100/img_075/base.png,/home/ubuntu/scratch/sr-diffusion/benchmarks/selfexsr/SelfExSR-master/data/Urban100/image_SRF_4/img_075_SRF_4_HR.png,/home/ubuntu/scratch/sr-diffusion/benchmarks/selfexsr/SelfExSR-master/data/Urban100/image_SRF_4/img_075_SRF_4_LR.png,31.179766933075243,29.37413980322297
Urban100,img_075,stage2_guarded_hflip,/home/ubuntu/scratch/sr-diffusion/benchmark_outputs/stage2_guarded_detail_v2_tta_hflip/Urban100/img_075/base.png,/home/ubuntu/scratch/sr-diffusion/benchmarks/selfexsr/SelfExSR-master/data/Urban100/image_SRF_4/img_075_SRF_4_HR.png,/home/ubuntu/scratch/sr-diffusion/benchmarks/selfexsr/SelfExSR-master/data/Urban100/image_SRF_4/img_075_SRF_4_LR.png,31.276209245160246,29.472314526721153
Urban100,img_075,stage2_guarded_x8,/home/ubuntu/scratch/sr-diffusion/benchmark_outputs/stage2_guarded_detail_v2_tta_x8/Urban100/img_075/base.png,/home/ubuntu/scratch/sr-diffusion/benchmarks/selfexsr/SelfExSR-master/data/Urban100/image_SRF_4/img_075_SRF_4_HR.png,/home/ubuntu/scratch/sr-diffusion/benchmarks/selfexsr/SelfExSR-master/data/Urban100/image_SRF_4/img_075_SRF_4_LR.png,31.30667376347004,29.511817331730303
Urban100,img_075,detail_v2_masked,/home/ubuntu/scratch/sr-diffusion/benchmark_outputs/detail_v2_masked/Urban100/img_075/detail.png,/home/ubuntu/scratch/sr-diffusion/benchmarks/selfexsr/SelfExSR-master/data/Urban100/image_SRF_4/img_075_SRF_4_HR.png,/home/ubuntu/scratch/sr-diffusion/benchmarks/selfexsr/SelfExSR-master/data/Urban100/image_SRF_4/img_075_SRF_4_LR.png,31.961084338848032,30.14028936651735
Urban100,img_075,refiner_v2,/home/ubuntu/scratch/sr-diffusion/benchmark_outputs/refiner_v2/Urban100/img_075/refined.png,/home/ubuntu/scratch/sr-diffusion/benchmarks/selfexsr/SelfExSR-master/data/Urban100/image_SRF_4/img_075_SRF_4_HR.png,/home/ubuntu/scratch/sr-diffusion/benchmarks/selfexsr/SelfExSR-master/data/Urban100/image_SRF_4/img_075_SRF_4_LR.png,30.243746363057106,28.47698033835702
Urban100,img_075,realesrgan,/home/ubuntu/scratch/sr-diffusion/benchmark_outputs/realesrgan/Urban100/img_075/RealESRGAN_x4plus.png,/home/ubuntu/scratch/sr-diffusion/benchmarks/selfexsr/SelfExSR-master/data/Urban100/image_SRF_4/img_075_SRF_4_HR.png,/home/ubuntu/scratch/sr-diffusion/benchmarks/selfexsr/SelfExSR-master/data/Urban100/image_SRF_4/img_075_SRF_4_LR.png,27.609331235729535,25.401505452889346
Urban100,img_076,bicubic,generated:matlab_bicubic_resize,/home/ubuntu/scratch/sr-diffusion/benchmarks/selfexsr/SelfExSR-master/data/Urban100/image_SRF_4/img_076_SRF_4_HR.png,/home/ubuntu/scratch/sr-diffusion/benchmarks/selfexsr/SelfExSR-master/data/Urban100/image_SRF_4/img_076_SRF_4_LR.png,21.574132843644364,20.113184236409694
Urban100,img_076,stage2_guarded_off,/home/ubuntu/scratch/sr-diffusion/benchmark_outputs/stage2_guarded_detail_v2_tta_off/Urban100/img_076/base.png,/home/ubuntu/scratch/sr-diffusion/benchmarks/selfexsr/SelfExSR-master/data/Urban100/image_SRF_4/img_076_SRF_4_HR.png,/home/ubuntu/scratch/sr-diffusion/benchmarks/selfexsr/SelfExSR-master/data/Urban100/image_SRF_4/img_076_SRF_4_LR.png,22.290984938363593,20.814897563102328
Urban100,img_076,stage2_guarded_hflip,/home/ubuntu/scratch/sr-diffusion/benchmark_outputs/stage2_guarded_detail_v2_tta_hflip/Urban100/img_076/base.png,/home/ubuntu/scratch/sr-diffusion/benchmarks/selfexsr/SelfExSR-master/data/Urban100/image_SRF_4/img_076_SRF_4_HR.png,/home/ubuntu/scratch/sr-diffusion/benchmarks/selfexsr/SelfExSR-master/data/Urban100/image_SRF_4/img_076_SRF_4_LR.png,22.313360782746873,20.83862267502761
Urban100,img_076,stage2_guarded_x8,/home/ubuntu/scratch/sr-diffusion/benchmark_outputs/stage2_guarded_detail_v2_tta_x8/Urban100/img_076/base.png,/home/ubuntu/scratch/sr-diffusion/benchmarks/selfexsr/SelfExSR-master/data/Urban100/image_SRF_4/img_076_SRF_4_HR.png,/home/ubuntu/scratch/sr-diffusion/benchmarks/selfexsr/SelfExSR-master/data/Urban100/image_SRF_4/img_076_SRF_4_LR.png,22.336965594734863,20.864798499029412
Urban100,img_076,detail_v2_masked,/home/ubuntu/scratch/sr-diffusion/benchmark_outputs/detail_v2_masked/Urban100/img_076/detail.png,/home/ubuntu/scratch/sr-diffusion/benchmarks/selfexsr/SelfExSR-master/data/Urban100/image_SRF_4/img_076_SRF_4_HR.png,/home/ubuntu/scratch/sr-diffusion/benchmarks/selfexsr/SelfExSR-master/data/Urban100/image_SRF_4/img_076_SRF_4_LR.png,22.389974252845487,20.919012821240006
Urban100,img_076,refiner_v2,/home/ubuntu/scratch/sr-diffusion/benchmark_outputs/refiner_v2/Urban100/img_076/refined.png,/home/ubuntu/scratch/sr-diffusion/benchmarks/selfexsr/SelfExSR-master/data/Urban100/image_SRF_4/img_076_SRF_4_HR.png,/home/ubuntu/scratch/sr-diffusion/benchmarks/selfexsr/SelfExSR-master/data/Urban100/image_SRF_4/img_076_SRF_4_LR.png,22.140613907015943,20.674930291126813
Urban100,img_076,realesrgan,/home/ubuntu/scratch/sr-diffusion/benchmark_outputs/realesrgan/Urban100/img_076/RealESRGAN_x4plus.png,/home/ubuntu/scratch/sr-diffusion/benchmarks/selfexsr/SelfExSR-master/data/Urban100/image_SRF_4/img_076_SRF_4_HR.png,/home/ubuntu/scratch/sr-diffusion/benchmarks/selfexsr/SelfExSR-master/data/Urban100/image_SRF_4/img_076_SRF_4_LR.png,21.002472441424246,19.39185024345375
Urban100,img_077,bicubic,generated:matlab_bicubic_resize,/home/ubuntu/scratch/sr-diffusion/benchmarks/selfexsr/SelfExSR-master/data/Urban100/image_SRF_4/img_077_SRF_4_HR.png,/home/ubuntu/scratch/sr-diffusion/benchmarks/selfexsr/SelfExSR-master/data/Urban100/image_SRF_4/img_077_SRF_4_LR.png,22.01419953080282,20.60811889634405
Urban100,img_077,stage2_guarded_off,/home/ubuntu/scratch/sr-diffusion/benchmark_outputs/stage2_guarded_detail_v2_tta_off/Urban100/img_077/base.png,/home/ubuntu/scratch/sr-diffusion/benchmarks/selfexsr/SelfExSR-master/data/Urban100/image_SRF_4/img_077_SRF_4_HR.png,/home/ubuntu/scratch/sr-diffusion/benchmarks/selfexsr/SelfExSR-master/data/Urban100/image_SRF_4/img_077_SRF_4_LR.png,22.555279874889326,21.152658436726885
Urban100,img_077,stage2_guarded_hflip,/home/ubuntu/scratch/sr-diffusion/benchmark_outputs/stage2_guarded_detail_v2_tta_hflip/Urban100/img_077/base.png,/home/ubuntu/scratch/sr-diffusion/benchmarks/selfexsr/SelfExSR-master/data/Urban100/image_SRF_4/img_077_SRF_4_HR.png,/home/ubuntu/scratch/sr-diffusion/benchmarks/selfexsr/SelfExSR-master/data/Urban100/image_SRF_4/img_077_SRF_4_LR.png,22.579624346713942,21.177416093274616
Urban100,img_077,stage2_guarded_x8,/home/ubuntu/scratch/sr-diffusion/benchmark_outputs/stage2_guarded_detail_v2_tta_x8/Urban100/img_077/base.png,/home/ubuntu/scratch/sr-diffusion/benchmarks/selfexsr/SelfExSR-master/data/Urban100/image_SRF_4/img_077_SRF_4_HR.png,/home/ubuntu/scratch/sr-diffusion/benchmarks/selfexsr/SelfExSR-master/data/Urban100/image_SRF_4/img_077_SRF_4_LR.png,22.584093785471868,21.18330132722908
Urban100,img_077,detail_v2_masked,/home/ubuntu/scratch/sr-diffusion/benchmark_outputs/detail_v2_masked/Urban100/img_077/detail.png,/home/ubuntu/scratch/sr-diffusion/benchmarks/selfexsr/SelfExSR-master/data/Urban100/image_SRF_4/img_077_SRF_4_HR.png,/home/ubuntu/scratch/sr-diffusion/benchmarks/selfexsr/SelfExSR-master/data/Urban100/image_SRF_4/img_077_SRF_4_LR.png,22.667657141445318,21.268240656965727
Urban100,img_077,refiner_v2,/home/ubuntu/scratch/sr-diffusion/benchmark_outputs/refiner_v2/Urban100/img_077/refined.png,/home/ubuntu/scratch/sr-diffusion/benchmarks/selfexsr/SelfExSR-master/data/Urban100/image_SRF_4/img_077_SRF_4_HR.png,/home/ubuntu/scratch/sr-diffusion/benchmarks/selfexsr/SelfExSR-master/data/Urban100/image_SRF_4/img_077_SRF_4_LR.png,22.467157455592538,21.062061800475917
Urban100,img_077,realesrgan,/home/ubuntu/scratch/sr-diffusion/benchmark_outputs/realesrgan/Urban100/img_077/RealESRGAN_x4plus.png,/home/ubuntu/scratch/sr-diffusion/benchmarks/selfexsr/SelfExSR-master/data/Urban100/image_SRF_4/img_077_SRF_4_HR.png,/home/ubuntu/scratch/sr-diffusion/benchmarks/selfexsr/SelfExSR-master/data/Urban100/image_SRF_4/img_077_SRF_4_LR.png,20.369783029347268,18.902141885357484
Urban100,img_078,bicubic,generated:matlab_bicubic_resize,/home/ubuntu/scratch/sr-diffusion/benchmarks/selfexsr/SelfExSR-master/data/Urban100/image_SRF_4/img_078_SRF_4_HR.png,/home/ubuntu/scratch/sr-diffusion/benchmarks/selfexsr/SelfExSR-master/data/Urban100/image_SRF_4/img_078_SRF_4_LR.png,25.704446418878426,24.545880840535965
Urban100,img_078,stage2_guarded_off,/home/ubuntu/scratch/sr-diffusion/benchmark_outputs/stage2_guarded_detail_v2_tta_off/Urban100/img_078/base.png,/home/ubuntu/scratch/sr-diffusion/benchmarks/selfexsr/SelfExSR-master/data/Urban100/image_SRF_4/img_078_SRF_4_HR.png,/home/ubuntu/scratch/sr-diffusion/benchmarks/selfexsr/SelfExSR-master/data/Urban100/image_SRF_4/img_078_SRF_4_LR.png,26.98405013239439,25.775200926070564
Urban100,img_078,stage2_guarded_hflip,/home/ubuntu/scratch/sr-diffusion/benchmark_outputs/stage2_guarded_detail_v2_tta_hflip/Urban100/img_078/base.png,/home/ubuntu/scratch/sr-diffusion/benchmarks/selfexsr/SelfExSR-master/data/Urban100/image_SRF_4/img_078_SRF_4_HR.png,/home/ubuntu/scratch/sr-diffusion/benchmarks/selfexsr/SelfExSR-master/data/Urban100/image_SRF_4/img_078_SRF_4_LR.png,27.0094368969434,25.80389722975999
Urban100,img_078,stage2_guarded_x8,/home/ubuntu/scratch/sr-diffusion/benchmark_outputs/stage2_guarded_detail_v2_tta_x8/Urban100/img_078/base.png,/home/ubuntu/scratch/sr-diffusion/benchmarks/selfexsr/SelfExSR-master/data/Urban100/image_SRF_4/img_078_SRF_4_HR.png,/home/ubuntu/scratch/sr-diffusion/benchmarks/selfexsr/SelfExSR-master/data/Urban100/image_SRF_4/img_078_SRF_4_LR.png,27.03722224143921,25.836364532050396
Urban100,img_078,detail_v2_masked,/home/ubuntu/scratch/sr-diffusion/benchmark_outputs/detail_v2_masked/Urban100/img_078/detail.png,/home/ubuntu/scratch/sr-diffusion/benchmarks/selfexsr/SelfExSR-master/data/Urban100/image_SRF_4/img_078_SRF_4_HR.png,/home/ubuntu/scratch/sr-diffusion/benchmarks/selfexsr/SelfExSR-master/data/Urban100/image_SRF_4/img_078_SRF_4_LR.png,27.10134362007505,25.89183470808317
Urban100,img_078,refiner_v2,/home/ubuntu/scratch/sr-diffusion/benchmark_outputs/refiner_v2/Urban100/img_078/refined.png,/home/ubuntu/scratch/sr-diffusion/benchmarks/selfexsr/SelfExSR-master/data/Urban100/image_SRF_4/img_078_SRF_4_HR.png,/home/ubuntu/scratch/sr-diffusion/benchmarks/selfexsr/SelfExSR-master/data/Urban100/image_SRF_4/img_078_SRF_4_LR.png,26.618965267112294,25.41388033164628
Urban100,img_078,realesrgan,/home/ubuntu/scratch/sr-diffusion/benchmark_outputs/realesrgan/Urban100/img_078/RealESRGAN_x4plus.png,/home/ubuntu/scratch/sr-diffusion/benchmarks/selfexsr/SelfExSR-master/data/Urban100/image_SRF_4/img_078_SRF_4_HR.png,/home/ubuntu/scratch/sr-diffusion/benchmarks/selfexsr/SelfExSR-master/data/Urban100/image_SRF_4/img_078_SRF_4_LR.png,24.527768086706438,23.076967177576524
Urban100,img_079,bicubic,generated:matlab_bicubic_resize,/home/ubuntu/scratch/sr-diffusion/benchmarks/selfexsr/SelfExSR-master/data/Urban100/image_SRF_4/img_079_SRF_4_HR.png,/home/ubuntu/scratch/sr-diffusion/benchmarks/selfexsr/SelfExSR-master/data/Urban100/image_SRF_4/img_079_SRF_4_LR.png,23.82218745021425,22.398722205031262
Urban100,img_079,stage2_guarded_off,/home/ubuntu/scratch/sr-diffusion/benchmark_outputs/stage2_guarded_detail_v2_tta_off/Urban100/img_079/base.png,/home/ubuntu/scratch/sr-diffusion/benchmarks/selfexsr/SelfExSR-master/data/Urban100/image_SRF_4/img_079_SRF_4_HR.png,/home/ubuntu/scratch/sr-diffusion/benchmarks/selfexsr/SelfExSR-master/data/Urban100/image_SRF_4/img_079_SRF_4_LR.png,25.049679327941973,23.614366060885036
Urban100,img_079,stage2_guarded_hflip,/home/ubuntu/scratch/sr-diffusion/benchmark_outputs/stage2_guarded_detail_v2_tta_hflip/Urban100/img_079/base.png,/home/ubuntu/scratch/sr-diffusion/benchmarks/selfexsr/SelfExSR-master/data/Urban100/image_SRF_4/img_079_SRF_4_HR.png,/home/ubuntu/scratch/sr-diffusion/benchmarks/selfexsr/SelfExSR-master/data/Urban100/image_SRF_4/img_079_SRF_4_LR.png,25.074124304493242,23.63933656805521
Urban100,img_079,stage2_guarded_x8,/home/ubuntu/scratch/sr-diffusion/benchmark_outputs/stage2_guarded_detail_v2_tta_x8/Urban100/img_079/base.png,/home/ubuntu/scratch/sr-diffusion/benchmarks/selfexsr/SelfExSR-master/data/Urban100/image_SRF_4/img_079_SRF_4_HR.png,/home/ubuntu/scratch/sr-diffusion/benchmarks/selfexsr/SelfExSR-master/data/Urban100/image_SRF_4/img_079_SRF_4_LR.png,25.136229709117988,23.700960538740354
Urban100,img_079,detail_v2_masked,/home/ubuntu/scratch/sr-diffusion/benchmark_outputs/detail_v2_masked/Urban100/img_079/detail.png,/home/ubuntu/scratch/sr-diffusion/benchmarks/selfexsr/SelfExSR-master/data/Urban100/image_SRF_4/img_079_SRF_4_HR.png,/home/ubuntu/scratch/sr-diffusion/benchmarks/selfexsr/SelfExSR-master/data/Urban100/image_SRF_4/img_079_SRF_4_LR.png,25.295200916884383,23.859702874019476
Urban100,img_079,refiner_v2,/home/ubuntu/scratch/sr-diffusion/benchmark_outputs/refiner_v2/Urban100/img_079/refined.png,/home/ubuntu/scratch/sr-diffusion/benchmarks/selfexsr/SelfExSR-master/data/Urban100/image_SRF_4/img_079_SRF_4_HR.png,/home/ubuntu/scratch/sr-diffusion/benchmarks/selfexsr/SelfExSR-master/data/Urban100/image_SRF_4/img_079_SRF_4_LR.png,24.805852044781005,23.373019796181893
Urban100,img_079,realesrgan,/home/ubuntu/scratch/sr-diffusion/benchmark_outputs/realesrgan/Urban100/img_079/RealESRGAN_x4plus.png,/home/ubuntu/scratch/sr-diffusion/benchmarks/selfexsr/SelfExSR-master/data/Urban100/image_SRF_4/img_079_SRF_4_HR.png,/home/ubuntu/scratch/sr-diffusion/benchmarks/selfexsr/SelfExSR-master/data/Urban100/image_SRF_4/img_079_SRF_4_LR.png,22.59747047414821,21.06001171804
Urban100,img_080,bicubic,generated:matlab_bicubic_resize,/home/ubuntu/scratch/sr-diffusion/benchmarks/selfexsr/SelfExSR-master/data/Urban100/image_SRF_4/img_080_SRF_4_HR.png,/home/ubuntu/scratch/sr-diffusion/benchmarks/selfexsr/SelfExSR-master/data/Urban100/image_SRF_4/img_080_SRF_4_LR.png,32.706356430289325,31.217245633222475
Urban100,img_080,stage2_guarded_off,/home/ubuntu/scratch/sr-diffusion/benchmark_outputs/stage2_guarded_detail_v2_tta_off/Urban100/img_080/base.png,/home/ubuntu/scratch/sr-diffusion/benchmarks/selfexsr/SelfExSR-master/data/Urban100/image_SRF_4/img_080_SRF_4_HR.png,/home/ubuntu/scratch/sr-diffusion/benchmarks/selfexsr/SelfExSR-master/data/Urban100/image_SRF_4/img_080_SRF_4_LR.png,35.234463835050974,33.67573401465255
Urban100,img_080,stage2_guarded_hflip,/home/ubuntu/scratch/sr-diffusion/benchmark_outputs/stage2_guarded_detail_v2_tta_hflip/Urban100/img_080/base.png,/home/ubuntu/scratch/sr-diffusion/benchmarks/selfexsr/SelfExSR-master/data/Urban100/image_SRF_4/img_080_SRF_4_HR.png,/home/ubuntu/scratch/sr-diffusion/benchmarks/selfexsr/SelfExSR-master/data/Urban100/image_SRF_4/img_080_SRF_4_LR.png,35.25314343334373,33.702888722378006
Urban100,img_080,stage2_guarded_x8,/home/ubuntu/scratch/sr-diffusion/benchmark_outputs/stage2_guarded_detail_v2_tta_x8/Urban100/img_080/base.png,/home/ubuntu/scratch/sr-diffusion/benchmarks/selfexsr/SelfExSR-master/data/Urban100/image_SRF_4/img_080_SRF_4_HR.png,/home/ubuntu/scratch/sr-diffusion/benchmarks/selfexsr/SelfExSR-master/data/Urban100/image_SRF_4/img_080_SRF_4_LR.png,35.30609376046322,33.76379605919147
Urban100,img_080,detail_v2_masked,/home/ubuntu/scratch/sr-diffusion/benchmark_outputs/detail_v2_masked/Urban100/img_080/detail.png,/home/ubuntu/scratch/sr-diffusion/benchmarks/selfexsr/SelfExSR-master/data/Urban100/image_SRF_4/img_080_SRF_4_HR.png,/home/ubuntu/scratch/sr-diffusion/benchmarks/selfexsr/SelfExSR-master/data/Urban100/image_SRF_4/img_080_SRF_4_LR.png,35.65685087447846,34.05964152397492
Urban100,img_080,refiner_v2,/home/ubuntu/scratch/sr-diffusion/benchmark_outputs/refiner_v2/Urban100/img_080/refined.png,/home/ubuntu/scratch/sr-diffusion/benchmarks/selfexsr/SelfExSR-master/data/Urban100/image_SRF_4/img_080_SRF_4_HR.png,/home/ubuntu/scratch/sr-diffusion/benchmarks/selfexsr/SelfExSR-master/data/Urban100/image_SRF_4/img_080_SRF_4_LR.png,34.45161869974873,32.7733478876141
Urban100,img_080,realesrgan,/home/ubuntu/scratch/sr-diffusion/benchmark_outputs/realesrgan/Urban100/img_080/RealESRGAN_x4plus.png,/home/ubuntu/scratch/sr-diffusion/benchmarks/selfexsr/SelfExSR-master/data/Urban100/image_SRF_4/img_080_SRF_4_HR.png,/home/ubuntu/scratch/sr-diffusion/benchmarks/selfexsr/SelfExSR-master/data/Urban100/image_SRF_4/img_080_SRF_4_LR.png,31.6662662597776,29.632811637905245
Urban100,img_081,bicubic,generated:matlab_bicubic_resize,/home/ubuntu/scratch/sr-diffusion/benchmarks/selfexsr/SelfExSR-master/data/Urban100/image_SRF_4/img_081_SRF_4_HR.png,/home/ubuntu/scratch/sr-diffusion/benchmarks/selfexsr/SelfExSR-master/data/Urban100/image_SRF_4/img_081_SRF_4_LR.png,28.579735396030856,26.40244610994577
Urban100,img_081,stage2_guarded_off,/home/ubuntu/scratch/sr-diffusion/benchmark_outputs/stage2_guarded_detail_v2_tta_off/Urban100/img_081/base.png,/home/ubuntu/scratch/sr-diffusion/benchmarks/selfexsr/SelfExSR-master/data/Urban100/image_SRF_4/img_081_SRF_4_HR.png,/home/ubuntu/scratch/sr-diffusion/benchmarks/selfexsr/SelfExSR-master/data/Urban100/image_SRF_4/img_081_SRF_4_LR.png,35.621804823723345,32.72282868511649
Urban100,img_081,stage2_guarded_hflip,/home/ubuntu/scratch/sr-diffusion/benchmark_outputs/stage2_guarded_detail_v2_tta_hflip/Urban100/img_081/base.png,/home/ubuntu/scratch/sr-diffusion/benchmarks/selfexsr/SelfExSR-master/data/Urban100/image_SRF_4/img_081_SRF_4_HR.png,/home/ubuntu/scratch/sr-diffusion/benchmarks/selfexsr/SelfExSR-master/data/Urban100/image_SRF_4/img_081_SRF_4_LR.png,35.97314429367324,33.053593969037735
Urban100,img_081,stage2_guarded_x8,/home/ubuntu/scratch/sr-diffusion/benchmark_outputs/stage2_guarded_detail_v2_tta_x8/Urban100/img_081/base.png,/home/ubuntu/scratch/sr-diffusion/benchmarks/selfexsr/SelfExSR-master/data/Urban100/image_SRF_4/img_081_SRF_4_HR.png,/home/ubuntu/scratch/sr-diffusion/benchmarks/selfexsr/SelfExSR-master/data/Urban100/image_SRF_4/img_081_SRF_4_LR.png,36.25035138328316,33.31395166168073
Urban100,img_081,detail_v2_masked,/home/ubuntu/scratch/sr-diffusion/benchmark_outputs/detail_v2_masked/Urban100/img_081/detail.png,/home/ubuntu/scratch/sr-diffusion/benchmarks/selfexsr/SelfExSR-master/data/Urban100/image_SRF_4/img_081_SRF_4_HR.png,/home/ubuntu/scratch/sr-diffusion/benchmarks/selfexsr/SelfExSR-master/data/Urban100/image_SRF_4/img_081_SRF_4_LR.png,36.633813228404605,33.46557422620811
Urban100,img_081,refiner_v2,/home/ubuntu/scratch/sr-diffusion/benchmark_outputs/refiner_v2/Urban100/img_081/refined.png,/home/ubuntu/scratch/sr-diffusion/benchmarks/selfexsr/SelfExSR-master/data/Urban100/image_SRF_4/img_081_SRF_4_HR.png,/home/ubuntu/scratch/sr-diffusion/benchmarks/selfexsr/SelfExSR-master/data/Urban100/image_SRF_4/img_081_SRF_4_LR.png,33.81352712051189,31.14938743094717
Urban100,img_081,realesrgan,/home/ubuntu/scratch/sr-diffusion/benchmark_outputs/realesrgan/Urban100/img_081/RealESRGAN_x4plus.png,/home/ubuntu/scratch/sr-diffusion/benchmarks/selfexsr/SelfExSR-master/data/Urban100/image_SRF_4/img_081_SRF_4_HR.png,/home/ubuntu/scratch/sr-diffusion/benchmarks/selfexsr/SelfExSR-master/data/Urban100/image_SRF_4/img_081_SRF_4_LR.png,29.247759898182636,26.323163350444677
Urban100,img_082,bicubic,generated:matlab_bicubic_resize,/home/ubuntu/scratch/sr-diffusion/benchmarks/selfexsr/SelfExSR-master/data/Urban100/image_SRF_4/img_082_SRF_4_HR.png,/home/ubuntu/scratch/sr-diffusion/benchmarks/selfexsr/SelfExSR-master/data/Urban100/image_SRF_4/img_082_SRF_4_LR.png,27.710101765329625,26.25330802094092
Urban100,img_082,stage2_guarded_off,/home/ubuntu/scratch/sr-diffusion/benchmark_outputs/stage2_guarded_detail_v2_tta_off/Urban100/img_082/base.png,/home/ubuntu/scratch/sr-diffusion/benchmarks/selfexsr/SelfExSR-master/data/Urban100/image_SRF_4/img_082_SRF_4_HR.png,/home/ubuntu/scratch/sr-diffusion/benchmarks/selfexsr/SelfExSR-master/data/Urban100/image_SRF_4/img_082_SRF_4_LR.png,31.10483817253972,29.380846492933486
Urban100,img_082,stage2_guarded_hflip,/home/ubuntu/scratch/sr-diffusion/benchmark_outputs/stage2_guarded_detail_v2_tta_hflip/Urban100/img_082/base.png,/home/ubuntu/scratch/sr-diffusion/benchmarks/selfexsr/SelfExSR-master/data/Urban100/image_SRF_4/img_082_SRF_4_HR.png,/home/ubuntu/scratch/sr-diffusion/benchmarks/selfexsr/SelfExSR-master/data/Urban100/image_SRF_4/img_082_SRF_4_LR.png,31.097905008446517,29.42211456490075
Urban100,img_082,stage2_guarded_x8,/home/ubuntu/scratch/sr-diffusion/benchmark_outputs/stage2_guarded_detail_v2_tta_x8/Urban100/img_082/base.png,/home/ubuntu/scratch/sr-diffusion/benchmarks/selfexsr/SelfExSR-master/data/Urban100/image_SRF_4/img_082_SRF_4_HR.png,/home/ubuntu/scratch/sr-diffusion/benchmarks/selfexsr/SelfExSR-master/data/Urban100/image_SRF_4/img_082_SRF_4_LR.png,31.077692586553095,29.41707068369253
Urban100,img_082,detail_v2_masked,/home/ubuntu/scratch/sr-diffusion/benchmark_outputs/detail_v2_masked/Urban100/img_082/detail.png,/home/ubuntu/scratch/sr-diffusion/benchmarks/selfexsr/SelfExSR-master/data/Urban100/image_SRF_4/img_082_SRF_4_HR.png,/home/ubuntu/scratch/sr-diffusion/benchmarks/selfexsr/SelfExSR-master/data/Urban100/image_SRF_4/img_082_SRF_4_LR.png,31.146954951943528,29.52978807298068
Urban100,img_082,refiner_v2,/home/ubuntu/scratch/sr-diffusion/benchmark_outputs/refiner_v2/Urban100/img_082/refined.png,/home/ubuntu/scratch/sr-diffusion/benchmarks/selfexsr/SelfExSR-master/data/Urban100/image_SRF_4/img_082_SRF_4_HR.png,/home/ubuntu/scratch/sr-diffusion/benchmarks/selfexsr/SelfExSR-master/data/Urban100/image_SRF_4/img_082_SRF_4_LR.png,29.3275311179921,27.509271678056912
Urban100,img_082,realesrgan,/home/ubuntu/scratch/sr-diffusion/benchmark_outputs/realesrgan/Urban100/img_082/RealESRGAN_x4plus.png,/home/ubuntu/scratch/sr-diffusion/benchmarks/selfexsr/SelfExSR-master/data/Urban100/image_SRF_4/img_082_SRF_4_HR.png,/home/ubuntu/scratch/sr-diffusion/benchmarks/selfexsr/SelfExSR-master/data/Urban100/image_SRF_4/img_082_SRF_4_LR.png,26.455115483763052,24.21465057030218
Urban100,img_083,bicubic,generated:matlab_bicubic_resize,/home/ubuntu/scratch/sr-diffusion/benchmarks/selfexsr/SelfExSR-master/data/Urban100/image_SRF_4/img_083_SRF_4_HR.png,/home/ubuntu/scratch/sr-diffusion/benchmarks/selfexsr/SelfExSR-master/data/Urban100/image_SRF_4/img_083_SRF_4_LR.png,20.492521283207495,19.238530480652592
Urban100,img_083,stage2_guarded_off,/home/ubuntu/scratch/sr-diffusion/benchmark_outputs/stage2_guarded_detail_v2_tta_off/Urban100/img_083/base.png,/home/ubuntu/scratch/sr-diffusion/benchmarks/selfexsr/SelfExSR-master/data/Urban100/image_SRF_4/img_083_SRF_4_HR.png,/home/ubuntu/scratch/sr-diffusion/benchmarks/selfexsr/SelfExSR-master/data/Urban100/image_SRF_4/img_083_SRF_4_LR.png,21.96789206394632,20.69711684909914
Urban100,img_083,stage2_guarded_hflip,/home/ubuntu/scratch/sr-diffusion/benchmark_outputs/stage2_guarded_detail_v2_tta_hflip/Urban100/img_083/base.png,/home/ubuntu/scratch/sr-diffusion/benchmarks/selfexsr/SelfExSR-master/data/Urban100/image_SRF_4/img_083_SRF_4_HR.png,/home/ubuntu/scratch/sr-diffusion/benchmarks/selfexsr/SelfExSR-master/data/Urban100/image_SRF_4/img_083_SRF_4_LR.png,21.98602564129772,20.71619999675044
Urban100,img_083,stage2_guarded_x8,/home/ubuntu/scratch/sr-diffusion/benchmark_outputs/stage2_guarded_detail_v2_tta_x8/Urban100/img_083/base.png,/home/ubuntu/scratch/sr-diffusion/benchmarks/selfexsr/SelfExSR-master/data/Urban100/image_SRF_4/img_083_SRF_4_HR.png,/home/ubuntu/scratch/sr-diffusion/benchmarks/selfexsr/SelfExSR-master/data/Urban100/image_SRF_4/img_083_SRF_4_LR.png,22.01867711209012,20.749634335031235
Urban100,img_083,detail_v2_masked,/home/ubuntu/scratch/sr-diffusion/benchmark_outputs/detail_v2_masked/Urban100/img_083/detail.png,/home/ubuntu/scratch/sr-diffusion/benchmarks/selfexsr/SelfExSR-master/data/Urban100/image_SRF_4/img_083_SRF_4_HR.png,/home/ubuntu/scratch/sr-diffusion/benchmarks/selfexsr/SelfExSR-master/data/Urban100/image_SRF_4/img_083_SRF_4_LR.png,22.17347382538965,20.903157727148223
Urban100,img_083,refiner_v2,/home/ubuntu/scratch/sr-diffusion/benchmark_outputs/refiner_v2/Urban100/img_083/refined.png,/home/ubuntu/scratch/sr-diffusion/benchmarks/selfexsr/SelfExSR-master/data/Urban100/image_SRF_4/img_083_SRF_4_HR.png,/home/ubuntu/scratch/sr-diffusion/benchmarks/selfexsr/SelfExSR-master/data/Urban100/image_SRF_4/img_083_SRF_4_LR.png,21.70311851182823,20.433077600825293
Urban100,img_083,realesrgan,/home/ubuntu/scratch/sr-diffusion/benchmark_outputs/realesrgan/Urban100/img_083/RealESRGAN_x4plus.png,/home/ubuntu/scratch/sr-diffusion/benchmarks/selfexsr/SelfExSR-master/data/Urban100/image_SRF_4/img_083_SRF_4_HR.png,/home/ubuntu/scratch/sr-diffusion/benchmarks/selfexsr/SelfExSR-master/data/Urban100/image_SRF_4/img_083_SRF_4_LR.png,20.346357966067984,19.067996416346304
Urban100,img_084,bicubic,generated:matlab_bicubic_resize,/home/ubuntu/scratch/sr-diffusion/benchmarks/selfexsr/SelfExSR-master/data/Urban100/image_SRF_4/img_084_SRF_4_HR.png,/home/ubuntu/scratch/sr-diffusion/benchmarks/selfexsr/SelfExSR-master/data/Urban100/image_SRF_4/img_084_SRF_4_LR.png,26.475556054499076,25.087999910013018
Urban100,img_084,stage2_guarded_off,/home/ubuntu/scratch/sr-diffusion/benchmark_outputs/stage2_guarded_detail_v2_tta_off/Urban100/img_084/base.png,/home/ubuntu/scratch/sr-diffusion/benchmarks/selfexsr/SelfExSR-master/data/Urban100/image_SRF_4/img_084_SRF_4_HR.png,/home/ubuntu/scratch/sr-diffusion/benchmarks/selfexsr/SelfExSR-master/data/Urban100/image_SRF_4/img_084_SRF_4_LR.png,28.29132618016264,26.74643710681596
Urban100,img_084,stage2_guarded_hflip,/home/ubuntu/scratch/sr-diffusion/benchmark_outputs/stage2_guarded_detail_v2_tta_hflip/Urban100/img_084/base.png,/home/ubuntu/scratch/sr-diffusion/benchmarks/selfexsr/SelfExSR-master/data/Urban100/image_SRF_4/img_084_SRF_4_HR.png,/home/ubuntu/scratch/sr-diffusion/benchmarks/selfexsr/SelfExSR-master/data/Urban100/image_SRF_4/img_084_SRF_4_LR.png,28.320027383019738,26.77746600855659
Urban100,img_084,stage2_guarded_x8,/home/ubuntu/scratch/sr-diffusion/benchmark_outputs/stage2_guarded_detail_v2_tta_x8/Urban100/img_084/base.png,/home/ubuntu/scratch/sr-diffusion/benchmarks/selfexsr/SelfExSR-master/data/Urban100/image_SRF_4/img_084_SRF_4_HR.png,/home/ubuntu/scratch/sr-diffusion/benchmarks/selfexsr/SelfExSR-master/data/Urban100/image_SRF_4/img_084_SRF_4_LR.png,28.38838082483995,26.843797941271923
Urban100,img_084,detail_v2_masked,/home/ubuntu/scratch/sr-diffusion/benchmark_outputs/detail_v2_masked/Urban100/img_084/detail.png,/home/ubuntu/scratch/sr-diffusion/benchmarks/selfexsr/SelfExSR-master/data/Urban100/image_SRF_4/img_084_SRF_4_HR.png,/home/ubuntu/scratch/sr-diffusion/benchmarks/selfexsr/SelfExSR-master/data/Urban100/image_SRF_4/img_084_SRF_4_LR.png,28.525670839053877,26.97286567361914
Urban100,img_084,refiner_v2,/home/ubuntu/scratch/sr-diffusion/benchmark_outputs/refiner_v2/Urban100/img_084/refined.png,/home/ubuntu/scratch/sr-diffusion/benchmarks/selfexsr/SelfExSR-master/data/Urban100/image_SRF_4/img_084_SRF_4_HR.png,/home/ubuntu/scratch/sr-diffusion/benchmarks/selfexsr/SelfExSR-master/data/Urban100/image_SRF_4/img_084_SRF_4_LR.png,27.83540178785077,26.323091169050443
Urban100,img_084,realesrgan,/home/ubuntu/scratch/sr-diffusion/benchmark_outputs/realesrgan/Urban100/img_084/RealESRGAN_x4plus.png,/home/ubuntu/scratch/sr-diffusion/benchmarks/selfexsr/SelfExSR-master/data/Urban100/image_SRF_4/img_084_SRF_4_HR.png,/home/ubuntu/scratch/sr-diffusion/benchmarks/selfexsr/SelfExSR-master/data/Urban100/image_SRF_4/img_084_SRF_4_LR.png,24.0892169795266,22.661699629848467
Urban100,img_085,bicubic,generated:matlab_bicubic_resize,/home/ubuntu/scratch/sr-diffusion/benchmarks/selfexsr/SelfExSR-master/data/Urban100/image_SRF_4/img_085_SRF_4_HR.png,/home/ubuntu/scratch/sr-diffusion/benchmarks/selfexsr/SelfExSR-master/data/Urban100/image_SRF_4/img_085_SRF_4_LR.png,25.903557171401093,24.36979725863731
Urban100,img_085,stage2_guarded_off,/home/ubuntu/scratch/sr-diffusion/benchmark_outputs/stage2_guarded_detail_v2_tta_off/Urban100/img_085/base.png,/home/ubuntu/scratch/sr-diffusion/benchmarks/selfexsr/SelfExSR-master/data/Urban100/image_SRF_4/img_085_SRF_4_HR.png,/home/ubuntu/scratch/sr-diffusion/benchmarks/selfexsr/SelfExSR-master/data/Urban100/image_SRF_4/img_085_SRF_4_LR.png,27.718377738167668,26.151159959199543
Urban100,img_085,stage2_guarded_hflip,/home/ubuntu/scratch/sr-diffusion/benchmark_outputs/stage2_guarded_detail_v2_tta_hflip/Urban100/img_085/base.png,/home/ubuntu/scratch/sr-diffusion/benchmarks/selfexsr/SelfExSR-master/data/Urban100/image_SRF_4/img_085_SRF_4_HR.png,/home/ubuntu/scratch/sr-diffusion/benchmarks/selfexsr/SelfExSR-master/data/Urban100/image_SRF_4/img_085_SRF_4_LR.png,27.81112979103093,26.240824266094837
Urban100,img_085,stage2_guarded_x8,/home/ubuntu/scratch/sr-diffusion/benchmark_outputs/stage2_guarded_detail_v2_tta_x8/Urban100/img_085/base.png,/home/ubuntu/scratch/sr-diffusion/benchmarks/selfexsr/SelfExSR-master/data/Urban100/image_SRF_4/img_085_SRF_4_HR.png,/home/ubuntu/scratch/sr-diffusion/benchmarks/selfexsr/SelfExSR-master/data/Urban100/image_SRF_4/img_085_SRF_4_LR.png,27.83613851528342,26.26930438677345
Urban100,img_085,detail_v2_masked,/home/ubuntu/scratch/sr-diffusion/benchmark_outputs/detail_v2_masked/Urban100/img_085/detail.png,/home/ubuntu/scratch/sr-diffusion/benchmarks/selfexsr/SelfExSR-master/data/Urban100/image_SRF_4/img_085_SRF_4_HR.png,/home/ubuntu/scratch/sr-diffusion/benchmarks/selfexsr/SelfExSR-master/data/Urban100/image_SRF_4/img_085_SRF_4_LR.png,27.95457913379351,26.38329063207509
Urban100,img_085,refiner_v2,/home/ubuntu/scratch/sr-diffusion/benchmark_outputs/refiner_v2/Urban100/img_085/refined.png,/home/ubuntu/scratch/sr-diffusion/benchmarks/selfexsr/SelfExSR-master/data/Urban100/image_SRF_4/img_085_SRF_4_HR.png,/home/ubuntu/scratch/sr-diffusion/benchmarks/selfexsr/SelfExSR-master/data/Urban100/image_SRF_4/img_085_SRF_4_LR.png,27.37849939432392,25.827558167984158
Urban100,img_085,realesrgan,/home/ubuntu/scratch/sr-diffusion/benchmark_outputs/realesrgan/Urban100/img_085/RealESRGAN_x4plus.png,/home/ubuntu/scratch/sr-diffusion/benchmarks/selfexsr/SelfExSR-master/data/Urban100/image_SRF_4/img_085_SRF_4_HR.png,/home/ubuntu/scratch/sr-diffusion/benchmarks/selfexsr/SelfExSR-master/data/Urban100/image_SRF_4/img_085_SRF_4_LR.png,24.438793961034456,22.75675677294931
Urban100,img_086,bicubic,generated:matlab_bicubic_resize,/home/ubuntu/scratch/sr-diffusion/benchmarks/selfexsr/SelfExSR-master/data/Urban100/image_SRF_4/img_086_SRF_4_HR.png,/home/ubuntu/scratch/sr-diffusion/benchmarks/selfexsr/SelfExSR-master/data/Urban100/image_SRF_4/img_086_SRF_4_LR.png,28.00742953694785,26.61515987427469
Urban100,img_086,stage2_guarded_off,/home/ubuntu/scratch/sr-diffusion/benchmark_outputs/stage2_guarded_detail_v2_tta_off/Urban100/img_086/base.png,/home/ubuntu/scratch/sr-diffusion/benchmarks/selfexsr/SelfExSR-master/data/Urban100/image_SRF_4/img_086_SRF_4_HR.png,/home/ubuntu/scratch/sr-diffusion/benchmarks/selfexsr/SelfExSR-master/data/Urban100/image_SRF_4/img_086_SRF_4_LR.png,29.83370937902841,28.357854741787655
Urban100,img_086,stage2_guarded_hflip,/home/ubuntu/scratch/sr-diffusion/benchmark_outputs/stage2_guarded_detail_v2_tta_hflip/Urban100/img_086/base.png,/home/ubuntu/scratch/sr-diffusion/benchmarks/selfexsr/SelfExSR-master/data/Urban100/image_SRF_4/img_086_SRF_4_HR.png,/home/ubuntu/scratch/sr-diffusion/benchmarks/selfexsr/SelfExSR-master/data/Urban100/image_SRF_4/img_086_SRF_4_LR.png,29.970087000331667,28.500101630427736
Urban100,img_086,stage2_guarded_x8,/home/ubuntu/scratch/sr-diffusion/benchmark_outputs/stage2_guarded_detail_v2_tta_x8/Urban100/img_086/base.png,/home/ubuntu/scratch/sr-diffusion/benchmarks/selfexsr/SelfExSR-master/data/Urban100/image_SRF_4/img_086_SRF_4_HR.png,/home/ubuntu/scratch/sr-diffusion/benchmarks/selfexsr/SelfExSR-master/data/Urban100/image_SRF_4/img_086_SRF_4_LR.png,30.080925324638134,28.62145274480386
Urban100,img_086,detail_v2_masked,/home/ubuntu/scratch/sr-diffusion/benchmark_outputs/detail_v2_masked/Urban100/img_086/detail.png,/home/ubuntu/scratch/sr-diffusion/benchmarks/selfexsr/SelfExSR-master/data/Urban100/image_SRF_4/img_086_SRF_4_HR.png,/home/ubuntu/scratch/sr-diffusion/benchmarks/selfexsr/SelfExSR-master/data/Urban100/image_SRF_4/img_086_SRF_4_LR.png,29.96568596723921,28.487764175439686
Urban100,img_086,refiner_v2,/home/ubuntu/scratch/sr-diffusion/benchmark_outputs/refiner_v2/Urban100/img_086/refined.png,/home/ubuntu/scratch/sr-diffusion/benchmarks/selfexsr/SelfExSR-master/data/Urban100/image_SRF_4/img_086_SRF_4_HR.png,/home/ubuntu/scratch/sr-diffusion/benchmarks/selfexsr/SelfExSR-master/data/Urban100/image_SRF_4/img_086_SRF_4_LR.png,29.211278108197156,27.740531851247503
Urban100,img_086,realesrgan,/home/ubuntu/scratch/sr-diffusion/benchmark_outputs/realesrgan/Urban100/img_086/RealESRGAN_x4plus.png,/home/ubuntu/scratch/sr-diffusion/benchmarks/selfexsr/SelfExSR-master/data/Urban100/image_SRF_4/img_086_SRF_4_HR.png,/home/ubuntu/scratch/sr-diffusion/benchmarks/selfexsr/SelfExSR-master/data/Urban100/image_SRF_4/img_086_SRF_4_LR.png,25.943392935490735,24.166226945013726
Urban100,img_087,bicubic,generated:matlab_bicubic_resize,/home/ubuntu/scratch/sr-diffusion/benchmarks/selfexsr/SelfExSR-master/data/Urban100/image_SRF_4/img_087_SRF_4_HR.png,/home/ubuntu/scratch/sr-diffusion/benchmarks/selfexsr/SelfExSR-master/data/Urban100/image_SRF_4/img_087_SRF_4_LR.png,22.854783608600584,21.57692792936598
Urban100,img_087,stage2_guarded_off,/home/ubuntu/scratch/sr-diffusion/benchmark_outputs/stage2_guarded_detail_v2_tta_off/Urban100/img_087/base.png,/home/ubuntu/scratch/sr-diffusion/benchmarks/selfexsr/SelfExSR-master/data/Urban100/image_SRF_4/img_087_SRF_4_HR.png,/home/ubuntu/scratch/sr-diffusion/benchmarks/selfexsr/SelfExSR-master/data/Urban100/image_SRF_4/img_087_SRF_4_LR.png,27.116991222669597,25.692476748248314
Urban100,img_087,stage2_guarded_hflip,/home/ubuntu/scratch/sr-diffusion/benchmark_outputs/stage2_guarded_detail_v2_tta_hflip/Urban100/img_087/base.png,/home/ubuntu/scratch/sr-diffusion/benchmarks/selfexsr/SelfExSR-master/data/Urban100/image_SRF_4/img_087_SRF_4_HR.png,/home/ubuntu/scratch/sr-diffusion/benchmarks/selfexsr/SelfExSR-master/data/Urban100/image_SRF_4/img_087_SRF_4_LR.png,27.202419716139445,25.778451178508497
Urban100,img_087,stage2_guarded_x8,/home/ubuntu/scratch/sr-diffusion/benchmark_outputs/stage2_guarded_detail_v2_tta_x8/Urban100/img_087/base.png,/home/ubuntu/scratch/sr-diffusion/benchmarks/selfexsr/SelfExSR-master/data/Urban100/image_SRF_4/img_087_SRF_4_HR.png,/home/ubuntu/scratch/sr-diffusion/benchmarks/selfexsr/SelfExSR-master/data/Urban100/image_SRF_4/img_087_SRF_4_LR.png,27.289880419669366,25.871195833388114
Urban100,img_087,detail_v2_masked,/home/ubuntu/scratch/sr-diffusion/benchmark_outputs/detail_v2_masked/Urban100/img_087/detail.png,/home/ubuntu/scratch/sr-diffusion/benchmarks/selfexsr/SelfExSR-master/data/Urban100/image_SRF_4/img_087_SRF_4_HR.png,/home/ubuntu/scratch/sr-diffusion/benchmarks/selfexsr/SelfExSR-master/data/Urban100/image_SRF_4/img_087_SRF_4_LR.png,28.02716958439282,26.56372536334272
Urban100,img_087,refiner_v2,/home/ubuntu/scratch/sr-diffusion/benchmark_outputs/refiner_v2/Urban100/img_087/refined.png,/home/ubuntu/scratch/sr-diffusion/benchmarks/selfexsr/SelfExSR-master/data/Urban100/image_SRF_4/img_087_SRF_4_HR.png,/home/ubuntu/scratch/sr-diffusion/benchmarks/selfexsr/SelfExSR-master/data/Urban100/image_SRF_4/img_087_SRF_4_LR.png,26.216019813463994,24.838414725359627
Urban100,img_087,realesrgan,/home/ubuntu/scratch/sr-diffusion/benchmark_outputs/realesrgan/Urban100/img_087/RealESRGAN_x4plus.png,/home/ubuntu/scratch/sr-diffusion/benchmarks/selfexsr/SelfExSR-master/data/Urban100/image_SRF_4/img_087_SRF_4_HR.png,/home/ubuntu/scratch/sr-diffusion/benchmarks/selfexsr/SelfExSR-master/data/Urban100/image_SRF_4/img_087_SRF_4_LR.png,24.40673563165495,22.91715744059694
Urban100,img_088,bicubic,generated:matlab_bicubic_resize,/home/ubuntu/scratch/sr-diffusion/benchmarks/selfexsr/SelfExSR-master/data/Urban100/image_SRF_4/img_088_SRF_4_HR.png,/home/ubuntu/scratch/sr-diffusion/benchmarks/selfexsr/SelfExSR-master/data/Urban100/image_SRF_4/img_088_SRF_4_LR.png,18.644704344038225,17.255712839961348
Urban100,img_088,stage2_guarded_off,/home/ubuntu/scratch/sr-diffusion/benchmark_outputs/stage2_guarded_detail_v2_tta_off/Urban100/img_088/base.png,/home/ubuntu/scratch/sr-diffusion/benchmarks/selfexsr/SelfExSR-master/data/Urban100/image_SRF_4/img_088_SRF_4_HR.png,/home/ubuntu/scratch/sr-diffusion/benchmarks/selfexsr/SelfExSR-master/data/Urban100/image_SRF_4/img_088_SRF_4_LR.png,19.66008493593629,18.307485886359057
Urban100,img_088,stage2_guarded_hflip,/home/ubuntu/scratch/sr-diffusion/benchmark_outputs/stage2_guarded_detail_v2_tta_hflip/Urban100/img_088/base.png,/home/ubuntu/scratch/sr-diffusion/benchmarks/selfexsr/SelfExSR-master/data/Urban100/image_SRF_4/img_088_SRF_4_HR.png,/home/ubuntu/scratch/sr-diffusion/benchmarks/selfexsr/SelfExSR-master/data/Urban100/image_SRF_4/img_088_SRF_4_LR.png,19.69002578644887,18.338778062461362
Urban100,img_088,stage2_guarded_x8,/home/ubuntu/scratch/sr-diffusion/benchmark_outputs/stage2_guarded_detail_v2_tta_x8/Urban100/img_088/base.png,/home/ubuntu/scratch/sr-diffusion/benchmarks/selfexsr/SelfExSR-master/data/Urban100/image_SRF_4/img_088_SRF_4_HR.png,/home/ubuntu/scratch/sr-diffusion/benchmarks/selfexsr/SelfExSR-master/data/Urban100/image_SRF_4/img_088_SRF_4_LR.png,19.718449892514396,18.369333122334194
Urban100,img_088,detail_v2_masked,/home/ubuntu/scratch/sr-diffusion/benchmark_outputs/detail_v2_masked/Urban100/img_088/detail.png,/home/ubuntu/scratch/sr-diffusion/benchmarks/selfexsr/SelfExSR-master/data/Urban100/image_SRF_4/img_088_SRF_4_HR.png,/home/ubuntu/scratch/sr-diffusion/benchmarks/selfexsr/SelfExSR-master/data/Urban100/image_SRF_4/img_088_SRF_4_LR.png,19.807749815439838,18.46798144848838
Urban100,img_088,refiner_v2,/home/ubuntu/scratch/sr-diffusion/benchmark_outputs/refiner_v2/Urban100/img_088/refined.png,/home/ubuntu/scratch/sr-diffusion/benchmarks/selfexsr/SelfExSR-master/data/Urban100/image_SRF_4/img_088_SRF_4_HR.png,/home/ubuntu/scratch/sr-diffusion/benchmarks/selfexsr/SelfExSR-master/data/Urban100/image_SRF_4/img_088_SRF_4_LR.png,19.50262663721868,18.159339319145023
Urban100,img_088,realesrgan,/home/ubuntu/scratch/sr-diffusion/benchmark_outputs/realesrgan/Urban100/img_088/RealESRGAN_x4plus.png,/home/ubuntu/scratch/sr-diffusion/benchmarks/selfexsr/SelfExSR-master/data/Urban100/image_SRF_4/img_088_SRF_4_HR.png,/home/ubuntu/scratch/sr-diffusion/benchmarks/selfexsr/SelfExSR-master/data/Urban100/image_SRF_4/img_088_SRF_4_LR.png,17.906695767370046,16.42385094009645
Urban100,img_089,bicubic,generated:matlab_bicubic_resize,/home/ubuntu/scratch/sr-diffusion/benchmarks/selfexsr/SelfExSR-master/data/Urban100/image_SRF_4/img_089_SRF_4_HR.png,/home/ubuntu/scratch/sr-diffusion/benchmarks/selfexsr/SelfExSR-master/data/Urban100/image_SRF_4/img_089_SRF_4_LR.png,25.44994008394699,24.107622115883313
Urban100,img_089,stage2_guarded_off,/home/ubuntu/scratch/sr-diffusion/benchmark_outputs/stage2_guarded_detail_v2_tta_off/Urban100/img_089/base.png,/home/ubuntu/scratch/sr-diffusion/benchmarks/selfexsr/SelfExSR-master/data/Urban100/image_SRF_4/img_089_SRF_4_HR.png,/home/ubuntu/scratch/sr-diffusion/benchmarks/selfexsr/SelfExSR-master/data/Urban100/image_SRF_4/img_089_SRF_4_LR.png,26.483324515952372,25.136379278751093
Urban100,img_089,stage2_guarded_hflip,/home/ubuntu/scratch/sr-diffusion/benchmark_outputs/stage2_guarded_detail_v2_tta_hflip/Urban100/img_089/base.png,/home/ubuntu/scratch/sr-diffusion/benchmarks/selfexsr/SelfExSR-master/data/Urban100/image_SRF_4/img_089_SRF_4_HR.png,/home/ubuntu/scratch/sr-diffusion/benchmarks/selfexsr/SelfExSR-master/data/Urban100/image_SRF_4/img_089_SRF_4_LR.png,26.541001480633497,25.194378103321192
Urban100,img_089,stage2_guarded_x8,/home/ubuntu/scratch/sr-diffusion/benchmark_outputs/stage2_guarded_detail_v2_tta_x8/Urban100/img_089/base.png,/home/ubuntu/scratch/sr-diffusion/benchmarks/selfexsr/SelfExSR-master/data/Urban100/image_SRF_4/img_089_SRF_4_HR.png,/home/ubuntu/scratch/sr-diffusion/benchmarks/selfexsr/SelfExSR-master/data/Urban100/image_SRF_4/img_089_SRF_4_LR.png,26.559028982095437,25.214037826727083
Urban100,img_089,detail_v2_masked,/home/ubuntu/scratch/sr-diffusion/benchmark_outputs/detail_v2_masked/Urban100/img_089/detail.png,/home/ubuntu/scratch/sr-diffusion/benchmarks/selfexsr/SelfExSR-master/data/Urban100/image_SRF_4/img_089_SRF_4_HR.png,/home/ubuntu/scratch/sr-diffusion/benchmarks/selfexsr/SelfExSR-master/data/Urban100/image_SRF_4/img_089_SRF_4_LR.png,26.703476769455044,25.358256033115964
Urban100,img_089,refiner_v2,/home/ubuntu/scratch/sr-diffusion/benchmark_outputs/refiner_v2/Urban100/img_089/refined.png,/home/ubuntu/scratch/sr-diffusion/benchmarks/selfexsr/SelfExSR-master/data/Urban100/image_SRF_4/img_089_SRF_4_HR.png,/home/ubuntu/scratch/sr-diffusion/benchmarks/selfexsr/SelfExSR-master/data/Urban100/image_SRF_4/img_089_SRF_4_LR.png,26.198263519053846,24.852688307409526
Urban100,img_089,realesrgan,/home/ubuntu/scratch/sr-diffusion/benchmark_outputs/realesrgan/Urban100/img_089/RealESRGAN_x4plus.png,/home/ubuntu/scratch/sr-diffusion/benchmarks/selfexsr/SelfExSR-master/data/Urban100/image_SRF_4/img_089_SRF_4_HR.png,/home/ubuntu/scratch/sr-diffusion/benchmarks/selfexsr/SelfExSR-master/data/Urban100/image_SRF_4/img_089_SRF_4_LR.png,22.847101660008754,21.433226074503857
Urban100,img_090,bicubic,generated:matlab_bicubic_resize,/home/ubuntu/scratch/sr-diffusion/benchmarks/selfexsr/SelfExSR-master/data/Urban100/image_SRF_4/img_090_SRF_4_HR.png,/home/ubuntu/scratch/sr-diffusion/benchmarks/selfexsr/SelfExSR-master/data/Urban100/image_SRF_4/img_090_SRF_4_LR.png,30.489126990740566,29.08928910023015
Urban100,img_090,stage2_guarded_off,/home/ubuntu/scratch/sr-diffusion/benchmark_outputs/stage2_guarded_detail_v2_tta_off/Urban100/img_090/base.png,/home/ubuntu/scratch/sr-diffusion/benchmarks/selfexsr/SelfExSR-master/data/Urban100/image_SRF_4/img_090_SRF_4_HR.png,/home/ubuntu/scratch/sr-diffusion/benchmarks/selfexsr/SelfExSR-master/data/Urban100/image_SRF_4/img_090_SRF_4_LR.png,37.154030187378865,35.48809824329278
Urban100,img_090,stage2_guarded_hflip,/home/ubuntu/scratch/sr-diffusion/benchmark_outputs/stage2_guarded_detail_v2_tta_hflip/Urban100/img_090/base.png,/home/ubuntu/scratch/sr-diffusion/benchmarks/selfexsr/SelfExSR-master/data/Urban100/image_SRF_4/img_090_SRF_4_HR.png,/home/ubuntu/scratch/sr-diffusion/benchmarks/selfexsr/SelfExSR-master/data/Urban100/image_SRF_4/img_090_SRF_4_LR.png,37.365478052929,35.699720809618604
Urban100,img_090,stage2_guarded_x8,/home/ubuntu/scratch/sr-diffusion/benchmark_outputs/stage2_guarded_detail_v2_tta_x8/Urban100/img_090/base.png,/home/ubuntu/scratch/sr-diffusion/benchmarks/selfexsr/SelfExSR-master/data/Urban100/image_SRF_4/img_090_SRF_4_HR.png,/home/ubuntu/scratch/sr-diffusion/benchmarks/selfexsr/SelfExSR-master/data/Urban100/image_SRF_4/img_090_SRF_4_LR.png,37.53551451481686,35.879573886388336
Urban100,img_090,detail_v2_masked,/home/ubuntu/scratch/sr-diffusion/benchmark_outputs/detail_v2_masked/Urban100/img_090/detail.png,/home/ubuntu/scratch/sr-diffusion/benchmarks/selfexsr/SelfExSR-master/data/Urban100/image_SRF_4/img_090_SRF_4_HR.png,/home/ubuntu/scratch/sr-diffusion/benchmarks/selfexsr/SelfExSR-master/data/Urban100/image_SRF_4/img_090_SRF_4_LR.png,37.74105319195785,36.05697497347436
Urban100,img_090,refiner_v2,/home/ubuntu/scratch/sr-diffusion/benchmark_outputs/refiner_v2/Urban100/img_090/refined.png,/home/ubuntu/scratch/sr-diffusion/benchmarks/selfexsr/SelfExSR-master/data/Urban100/image_SRF_4/img_090_SRF_4_HR.png,/home/ubuntu/scratch/sr-diffusion/benchmarks/selfexsr/SelfExSR-master/data/Urban100/image_SRF_4/img_090_SRF_4_LR.png,34.79936535909037,33.264198035208466
Urban100,img_090,realesrgan,/home/ubuntu/scratch/sr-diffusion/benchmark_outputs/realesrgan/Urban100/img_090/RealESRGAN_x4plus.png,/home/ubuntu/scratch/sr-diffusion/benchmarks/selfexsr/SelfExSR-master/data/Urban100/image_SRF_4/img_090_SRF_4_HR.png,/home/ubuntu/scratch/sr-diffusion/benchmarks/selfexsr/SelfExSR-master/data/Urban100/image_SRF_4/img_090_SRF_4_LR.png,28.716404856772478,26.769344226885167
Urban100,img_091,bicubic,generated:matlab_bicubic_resize,/home/ubuntu/scratch/sr-diffusion/benchmarks/selfexsr/SelfExSR-master/data/Urban100/image_SRF_4/img_091_SRF_4_HR.png,/home/ubuntu/scratch/sr-diffusion/benchmarks/selfexsr/SelfExSR-master/data/Urban100/image_SRF_4/img_091_SRF_4_LR.png,22.170031135555753,20.335570160185238
Urban100,img_091,stage2_guarded_off,/home/ubuntu/scratch/sr-diffusion/benchmark_outputs/stage2_guarded_detail_v2_tta_off/Urban100/img_091/base.png,/home/ubuntu/scratch/sr-diffusion/benchmarks/selfexsr/SelfExSR-master/data/Urban100/image_SRF_4/img_091_SRF_4_HR.png,/home/ubuntu/scratch/sr-diffusion/benchmarks/selfexsr/SelfExSR-master/data/Urban100/image_SRF_4/img_091_SRF_4_LR.png,23.37405391310389,21.564997171919686
Urban100,img_091,stage2_guarded_hflip,/home/ubuntu/scratch/sr-diffusion/benchmark_outputs/stage2_guarded_detail_v2_tta_hflip/Urban100/img_091/base.png,/home/ubuntu/scratch/sr-diffusion/benchmarks/selfexsr/SelfExSR-master/data/Urban100/image_SRF_4/img_091_SRF_4_HR.png,/home/ubuntu/scratch/sr-diffusion/benchmarks/selfexsr/SelfExSR-master/data/Urban100/image_SRF_4/img_091_SRF_4_LR.png,23.424360727751328,21.612751609008313
Urban100,img_091,stage2_guarded_x8,/home/ubuntu/scratch/sr-diffusion/benchmark_outputs/stage2_guarded_detail_v2_tta_x8/Urban100/img_091/base.png,/home/ubuntu/scratch/sr-diffusion/benchmarks/selfexsr/SelfExSR-master/data/Urban100/image_SRF_4/img_091_SRF_4_HR.png,/home/ubuntu/scratch/sr-diffusion/benchmarks/selfexsr/SelfExSR-master/data/Urban100/image_SRF_4/img_091_SRF_4_LR.png,23.473125258806302,21.656558508322984
Urban100,img_091,detail_v2_masked,/home/ubuntu/scratch/sr-diffusion/benchmark_outputs/detail_v2_masked/Urban100/img_091/detail.png,/home/ubuntu/scratch/sr-diffusion/benchmarks/selfexsr/SelfExSR-master/data/Urban100/image_SRF_4/img_091_SRF_4_HR.png,/home/ubuntu/scratch/sr-diffusion/benchmarks/selfexsr/SelfExSR-master/data/Urban100/image_SRF_4/img_091_SRF_4_LR.png,23.56091811224859,21.765213017536958
Urban100,img_091,refiner_v2,/home/ubuntu/scratch/sr-diffusion/benchmark_outputs/refiner_v2/Urban100/img_091/refined.png,/home/ubuntu/scratch/sr-diffusion/benchmarks/selfexsr/SelfExSR-master/data/Urban100/image_SRF_4/img_091_SRF_4_HR.png,/home/ubuntu/scratch/sr-diffusion/benchmarks/selfexsr/SelfExSR-master/data/Urban100/image_SRF_4/img_091_SRF_4_LR.png,23.2179090032185,21.418513393563586
Urban100,img_091,realesrgan,/home/ubuntu/scratch/sr-diffusion/benchmark_outputs/realesrgan/Urban100/img_091/RealESRGAN_x4plus.png,/home/ubuntu/scratch/sr-diffusion/benchmarks/selfexsr/SelfExSR-master/data/Urban100/image_SRF_4/img_091_SRF_4_HR.png,/home/ubuntu/scratch/sr-diffusion/benchmarks/selfexsr/SelfExSR-master/data/Urban100/image_SRF_4/img_091_SRF_4_LR.png,20.171121636384278,18.411737087414295
Urban100,img_092,bicubic,generated:matlab_bicubic_resize,/home/ubuntu/scratch/sr-diffusion/benchmarks/selfexsr/SelfExSR-master/data/Urban100/image_SRF_4/img_092_SRF_4_HR.png,/home/ubuntu/scratch/sr-diffusion/benchmarks/selfexsr/SelfExSR-master/data/Urban100/image_SRF_4/img_092_SRF_4_LR.png,16.579708965098842,15.257800488179388
Urban100,img_092,stage2_guarded_off,/home/ubuntu/scratch/sr-diffusion/benchmark_outputs/stage2_guarded_detail_v2_tta_off/Urban100/img_092/base.png,/home/ubuntu/scratch/sr-diffusion/benchmarks/selfexsr/SelfExSR-master/data/Urban100/image_SRF_4/img_092_SRF_4_HR.png,/home/ubuntu/scratch/sr-diffusion/benchmarks/selfexsr/SelfExSR-master/data/Urban100/image_SRF_4/img_092_SRF_4_LR.png,18.406296753278585,17.07916089835154
Urban100,img_092,stage2_guarded_hflip,/home/ubuntu/scratch/sr-diffusion/benchmark_outputs/stage2_guarded_detail_v2_tta_hflip/Urban100/img_092/base.png,/home/ubuntu/scratch/sr-diffusion/benchmarks/selfexsr/SelfExSR-master/data/Urban100/image_SRF_4/img_092_SRF_4_HR.png,/home/ubuntu/scratch/sr-diffusion/benchmarks/selfexsr/SelfExSR-master/data/Urban100/image_SRF_4/img_092_SRF_4_LR.png,18.404913692910355,17.07867082077934
Urban100,img_092,stage2_guarded_x8,/home/ubuntu/scratch/sr-diffusion/benchmark_outputs/stage2_guarded_detail_v2_tta_x8/Urban100/img_092/base.png,/home/ubuntu/scratch/sr-diffusion/benchmarks/selfexsr/SelfExSR-master/data/Urban100/image_SRF_4/img_092_SRF_4_HR.png,/home/ubuntu/scratch/sr-diffusion/benchmarks/selfexsr/SelfExSR-master/data/Urban100/image_SRF_4/img_092_SRF_4_LR.png,18.42917597523451,17.104215641728743
Urban100,img_092,detail_v2_masked,/home/ubuntu/scratch/sr-diffusion/benchmark_outputs/detail_v2_masked/Urban100/img_092/detail.png,/home/ubuntu/scratch/sr-diffusion/benchmarks/selfexsr/SelfExSR-master/data/Urban100/image_SRF_4/img_092_SRF_4_HR.png,/home/ubuntu/scratch/sr-diffusion/benchmarks/selfexsr/SelfExSR-master/data/Urban100/image_SRF_4/img_092_SRF_4_LR.png,18.70727644439905,17.37722794695332
Urban100,img_092,refiner_v2,/home/ubuntu/scratch/sr-diffusion/benchmark_outputs/refiner_v2/Urban100/img_092/refined.png,/home/ubuntu/scratch/sr-diffusion/benchmarks/selfexsr/SelfExSR-master/data/Urban100/image_SRF_4/img_092_SRF_4_HR.png,/home/ubuntu/scratch/sr-diffusion/benchmarks/selfexsr/SelfExSR-master/data/Urban100/image_SRF_4/img_092_SRF_4_LR.png,17.764061738902512,16.44724895376369
Urban100,img_092,realesrgan,/home/ubuntu/scratch/sr-diffusion/benchmark_outputs/realesrgan/Urban100/img_092/RealESRGAN_x4plus.png,/home/ubuntu/scratch/sr-diffusion/benchmarks/selfexsr/SelfExSR-master/data/Urban100/image_SRF_4/img_092_SRF_4_HR.png,/home/ubuntu/scratch/sr-diffusion/benchmarks/selfexsr/SelfExSR-master/data/Urban100/image_SRF_4/img_092_SRF_4_LR.png,17.66954093389368,16.35528080763507
Urban100,img_093,bicubic,generated:matlab_bicubic_resize,/home/ubuntu/scratch/sr-diffusion/benchmarks/selfexsr/SelfExSR-master/data/Urban100/image_SRF_4/img_093_SRF_4_HR.png,/home/ubuntu/scratch/sr-diffusion/benchmarks/selfexsr/SelfExSR-master/data/Urban100/image_SRF_4/img_093_SRF_4_LR.png,23.62163465546349,22.2849320653021
Urban100,img_093,stage2_guarded_off,/home/ubuntu/scratch/sr-diffusion/benchmark_outputs/stage2_guarded_detail_v2_tta_off/Urban100/img_093/base.png,/home/ubuntu/scratch/sr-diffusion/benchmarks/selfexsr/SelfExSR-master/data/Urban100/image_SRF_4/img_093_SRF_4_HR.png,/home/ubuntu/scratch/sr-diffusion/benchmarks/selfexsr/SelfExSR-master/data/Urban100/image_SRF_4/img_093_SRF_4_LR.png,28.26406990725029,26.76271166972036
Urban100,img_093,stage2_guarded_hflip,/home/ubuntu/scratch/sr-diffusion/benchmark_outputs/stage2_guarded_detail_v2_tta_hflip/Urban100/img_093/base.png,/home/ubuntu/scratch/sr-diffusion/benchmarks/selfexsr/SelfExSR-master/data/Urban100/image_SRF_4/img_093_SRF_4_HR.png,/home/ubuntu/scratch/sr-diffusion/benchmarks/selfexsr/SelfExSR-master/data/Urban100/image_SRF_4/img_093_SRF_4_LR.png,28.406222773366324,26.92172329031792
Urban100,img_093,stage2_guarded_x8,/home/ubuntu/scratch/sr-diffusion/benchmark_outputs/stage2_guarded_detail_v2_tta_x8/Urban100/img_093/base.png,/home/ubuntu/scratch/sr-diffusion/benchmarks/selfexsr/SelfExSR-master/data/Urban100/image_SRF_4/img_093_SRF_4_HR.png,/home/ubuntu/scratch/sr-diffusion/benchmarks/selfexsr/SelfExSR-master/data/Urban100/image_SRF_4/img_093_SRF_4_LR.png,28.40820913378323,26.938642417541846
Urban100,img_093,detail_v2_masked,/home/ubuntu/scratch/sr-diffusion/benchmark_outputs/detail_v2_masked/Urban100/img_093/detail.png,/home/ubuntu/scratch/sr-diffusion/benchmarks/selfexsr/SelfExSR-master/data/Urban100/image_SRF_4/img_093_SRF_4_HR.png,/home/ubuntu/scratch/sr-diffusion/benchmarks/selfexsr/SelfExSR-master/data/Urban100/image_SRF_4/img_093_SRF_4_LR.png,29.226204170681914,27.649817500619637
Urban100,img_093,refiner_v2,/home/ubuntu/scratch/sr-diffusion/benchmark_outputs/refiner_v2/Urban100/img_093/refined.png,/home/ubuntu/scratch/sr-diffusion/benchmarks/selfexsr/SelfExSR-master/data/Urban100/image_SRF_4/img_093_SRF_4_HR.png,/home/ubuntu/scratch/sr-diffusion/benchmarks/selfexsr/SelfExSR-master/data/Urban100/image_SRF_4/img_093_SRF_4_LR.png,26.128480892110062,24.767560754773406
Urban100,img_093,realesrgan,/home/ubuntu/scratch/sr-diffusion/benchmark_outputs/realesrgan/Urban100/img_093/RealESRGAN_x4plus.png,/home/ubuntu/scratch/sr-diffusion/benchmarks/selfexsr/SelfExSR-master/data/Urban100/image_SRF_4/img_093_SRF_4_HR.png,/home/ubuntu/scratch/sr-diffusion/benchmarks/selfexsr/SelfExSR-master/data/Urban100/image_SRF_4/img_093_SRF_4_LR.png,23.57034802937848,22.07268405614637
Urban100,img_094,bicubic,generated:matlab_bicubic_resize,/home/ubuntu/scratch/sr-diffusion/benchmarks/selfexsr/SelfExSR-master/data/Urban100/image_SRF_4/img_094_SRF_4_HR.png,/home/ubuntu/scratch/sr-diffusion/benchmarks/selfexsr/SelfExSR-master/data/Urban100/image_SRF_4/img_094_SRF_4_LR.png,25.35078280652025,24.005260783022546
Urban100,img_094,stage2_guarded_off,/home/ubuntu/scratch/sr-diffusion/benchmark_outputs/stage2_guarded_detail_v2_tta_off/Urban100/img_094/base.png,/home/ubuntu/scratch/sr-diffusion/benchmarks/selfexsr/SelfExSR-master/data/Urban100/image_SRF_4/img_094_SRF_4_HR.png,/home/ubuntu/scratch/sr-diffusion/benchmarks/selfexsr/SelfExSR-master/data/Urban100/image_SRF_4/img_094_SRF_4_LR.png,27.00292404716123,25.603785690714147
Urban100,img_094,stage2_guarded_hflip,/home/ubuntu/scratch/sr-diffusion/benchmark_outputs/stage2_guarded_detail_v2_tta_hflip/Urban100/img_094/base.png,/home/ubuntu/scratch/sr-diffusion/benchmarks/selfexsr/SelfExSR-master/data/Urban100/image_SRF_4/img_094_SRF_4_HR.png,/home/ubuntu/scratch/sr-diffusion/benchmarks/selfexsr/SelfExSR-master/data/Urban100/image_SRF_4/img_094_SRF_4_LR.png,27.03368590788356,25.636003884120996
Urban100,img_094,stage2_guarded_x8,/home/ubuntu/scratch/sr-diffusion/benchmark_outputs/stage2_guarded_detail_v2_tta_x8/Urban100/img_094/base.png,/home/ubuntu/scratch/sr-diffusion/benchmarks/selfexsr/SelfExSR-master/data/Urban100/image_SRF_4/img_094_SRF_4_HR.png,/home/ubuntu/scratch/sr-diffusion/benchmarks/selfexsr/SelfExSR-master/data/Urban100/image_SRF_4/img_094_SRF_4_LR.png,27.062533154646474,25.667203027387618
Urban100,img_094,detail_v2_masked,/home/ubuntu/scratch/sr-diffusion/benchmark_outputs/detail_v2_masked/Urban100/img_094/detail.png,/home/ubuntu/scratch/sr-diffusion/benchmarks/selfexsr/SelfExSR-master/data/Urban100/image_SRF_4/img_094_SRF_4_HR.png,/home/ubuntu/scratch/sr-diffusion/benchmarks/selfexsr/SelfExSR-master/data/Urban100/image_SRF_4/img_094_SRF_4_LR.png,27.270645541434646,25.86415026053011
Urban100,img_094,refiner_v2,/home/ubuntu/scratch/sr-diffusion/benchmark_outputs/refiner_v2/Urban100/img_094/refined.png,/home/ubuntu/scratch/sr-diffusion/benchmarks/selfexsr/SelfExSR-master/data/Urban100/image_SRF_4/img_094_SRF_4_HR.png,/home/ubuntu/scratch/sr-diffusion/benchmarks/selfexsr/SelfExSR-master/data/Urban100/image_SRF_4/img_094_SRF_4_LR.png,26.68044925791066,25.298856467580823
Urban100,img_094,realesrgan,/home/ubuntu/scratch/sr-diffusion/benchmark_outputs/realesrgan/Urban100/img_094/RealESRGAN_x4plus.png,/home/ubuntu/scratch/sr-diffusion/benchmarks/selfexsr/SelfExSR-master/data/Urban100/image_SRF_4/img_094_SRF_4_HR.png,/home/ubuntu/scratch/sr-diffusion/benchmarks/selfexsr/SelfExSR-master/data/Urban100/image_SRF_4/img_094_SRF_4_LR.png,24.915450004560352,23.46230632778457
Urban100,img_095,bicubic,generated:matlab_bicubic_resize,/home/ubuntu/scratch/sr-diffusion/benchmarks/selfexsr/SelfExSR-master/data/Urban100/image_SRF_4/img_095_SRF_4_HR.png,/home/ubuntu/scratch/sr-diffusion/benchmarks/selfexsr/SelfExSR-master/data/Urban100/image_SRF_4/img_095_SRF_4_LR.png,18.738898452137253,17.416977140260517
Urban100,img_095,stage2_guarded_off,/home/ubuntu/scratch/sr-diffusion/benchmark_outputs/stage2_guarded_detail_v2_tta_off/Urban100/img_095/base.png,/home/ubuntu/scratch/sr-diffusion/benchmarks/selfexsr/SelfExSR-master/data/Urban100/image_SRF_4/img_095_SRF_4_HR.png,/home/ubuntu/scratch/sr-diffusion/benchmarks/selfexsr/SelfExSR-master/data/Urban100/image_SRF_4/img_095_SRF_4_LR.png,19.961484127796762,18.637194639454393
Urban100,img_095,stage2_guarded_hflip,/home/ubuntu/scratch/sr-diffusion/benchmark_outputs/stage2_guarded_detail_v2_tta_hflip/Urban100/img_095/base.png,/home/ubuntu/scratch/sr-diffusion/benchmarks/selfexsr/SelfExSR-master/data/Urban100/image_SRF_4/img_095_SRF_4_HR.png,/home/ubuntu/scratch/sr-diffusion/benchmarks/selfexsr/SelfExSR-master/data/Urban100/image_SRF_4/img_095_SRF_4_LR.png,19.977560345255267,18.65353406579769
Urban100,img_095,stage2_guarded_x8,/home/ubuntu/scratch/sr-diffusion/benchmark_outputs/stage2_guarded_detail_v2_tta_x8/Urban100/img_095/base.png,/home/ubuntu/scratch/sr-diffusion/benchmarks/selfexsr/SelfExSR-master/data/Urban100/image_SRF_4/img_095_SRF_4_HR.png,/home/ubuntu/scratch/sr-diffusion/benchmarks/selfexsr/SelfExSR-master/data/Urban100/image_SRF_4/img_095_SRF_4_LR.png,19.972403456039803,18.648446715578096
Urban100,img_095,detail_v2_masked,/home/ubuntu/scratch/sr-diffusion/benchmark_outputs/detail_v2_masked/Urban100/img_095/detail.png,/home/ubuntu/scratch/sr-diffusion/benchmarks/selfexsr/SelfExSR-master/data/Urban100/image_SRF_4/img_095_SRF_4_HR.png,/home/ubuntu/scratch/sr-diffusion/benchmarks/selfexsr/SelfExSR-master/data/Urban100/image_SRF_4/img_095_SRF_4_LR.png,20.114387666891584,18.7874001376499
Urban100,img_095,refiner_v2,/home/ubuntu/scratch/sr-diffusion/benchmark_outputs/refiner_v2/Urban100/img_095/refined.png,/home/ubuntu/scratch/sr-diffusion/benchmarks/selfexsr/SelfExSR-master/data/Urban100/image_SRF_4/img_095_SRF_4_HR.png,/home/ubuntu/scratch/sr-diffusion/benchmarks/selfexsr/SelfExSR-master/data/Urban100/image_SRF_4/img_095_SRF_4_LR.png,19.61816047849863,18.294802454650036
Urban100,img_095,realesrgan,/home/ubuntu/scratch/sr-diffusion/benchmark_outputs/realesrgan/Urban100/img_095/RealESRGAN_x4plus.png,/home/ubuntu/scratch/sr-diffusion/benchmarks/selfexsr/SelfExSR-master/data/Urban100/image_SRF_4/img_095_SRF_4_HR.png,/home/ubuntu/scratch/sr-diffusion/benchmarks/selfexsr/SelfExSR-master/data/Urban100/image_SRF_4/img_095_SRF_4_LR.png,19.148510332292346,17.829680988398167
Urban100,img_096,bicubic,generated:matlab_bicubic_resize,/home/ubuntu/scratch/sr-diffusion/benchmarks/selfexsr/SelfExSR-master/data/Urban100/image_SRF_4/img_096_SRF_4_HR.png,/home/ubuntu/scratch/sr-diffusion/benchmarks/selfexsr/SelfExSR-master/data/Urban100/image_SRF_4/img_096_SRF_4_LR.png,21.327421052126798,20.05920811161748
Urban100,img_096,stage2_guarded_off,/home/ubuntu/scratch/sr-diffusion/benchmark_outputs/stage2_guarded_detail_v2_tta_off/Urban100/img_096/base.png,/home/ubuntu/scratch/sr-diffusion/benchmarks/selfexsr/SelfExSR-master/data/Urban100/image_SRF_4/img_096_SRF_4_HR.png,/home/ubuntu/scratch/sr-diffusion/benchmarks/selfexsr/SelfExSR-master/data/Urban100/image_SRF_4/img_096_SRF_4_LR.png,23.854764923372343,22.55015665258856
Urban100,img_096,stage2_guarded_hflip,/home/ubuntu/scratch/sr-diffusion/benchmark_outputs/stage2_guarded_detail_v2_tta_hflip/Urban100/img_096/base.png,/home/ubuntu/scratch/sr-diffusion/benchmarks/selfexsr/SelfExSR-master/data/Urban100/image_SRF_4/img_096_SRF_4_HR.png,/home/ubuntu/scratch/sr-diffusion/benchmarks/selfexsr/SelfExSR-master/data/Urban100/image_SRF_4/img_096_SRF_4_LR.png,23.89765505970503,22.597560544637446
Urban100,img_096,stage2_guarded_x8,/home/ubuntu/scratch/sr-diffusion/benchmark_outputs/stage2_guarded_detail_v2_tta_x8/Urban100/img_096/base.png,/home/ubuntu/scratch/sr-diffusion/benchmarks/selfexsr/SelfExSR-master/data/Urban100/image_SRF_4/img_096_SRF_4_HR.png,/home/ubuntu/scratch/sr-diffusion/benchmarks/selfexsr/SelfExSR-master/data/Urban100/image_SRF_4/img_096_SRF_4_LR.png,23.84030584179957,22.54707336256681
Urban100,img_096,detail_v2_masked,/home/ubuntu/scratch/sr-diffusion/benchmark_outputs/detail_v2_masked/Urban100/img_096/detail.png,/home/ubuntu/scratch/sr-diffusion/benchmarks/selfexsr/SelfExSR-master/data/Urban100/image_SRF_4/img_096_SRF_4_HR.png,/home/ubuntu/scratch/sr-diffusion/benchmarks/selfexsr/SelfExSR-master/data/Urban100/image_SRF_4/img_096_SRF_4_LR.png,24.329181706320067,23.030484494344332
Urban100,img_096,refiner_v2,/home/ubuntu/scratch/sr-diffusion/benchmark_outputs/refiner_v2/Urban100/img_096/refined.png,/home/ubuntu/scratch/sr-diffusion/benchmarks/selfexsr/SelfExSR-master/data/Urban100/image_SRF_4/img_096_SRF_4_HR.png,/home/ubuntu/scratch/sr-diffusion/benchmarks/selfexsr/SelfExSR-master/data/Urban100/image_SRF_4/img_096_SRF_4_LR.png,22.941553589685128,21.63914325710218
Urban100,img_096,realesrgan,/home/ubuntu/scratch/sr-diffusion/benchmark_outputs/realesrgan/Urban100/img_096/RealESRGAN_x4plus.png,/home/ubuntu/scratch/sr-diffusion/benchmarks/selfexsr/SelfExSR-master/data/Urban100/image_SRF_4/img_096_SRF_4_HR.png,/home/ubuntu/scratch/sr-diffusion/benchmarks/selfexsr/SelfExSR-master/data/Urban100/image_SRF_4/img_096_SRF_4_LR.png,20.688413759727915,19.316419446627894
Urban100,img_097,bicubic,generated:matlab_bicubic_resize,/home/ubuntu/scratch/sr-diffusion/benchmarks/selfexsr/SelfExSR-master/data/Urban100/image_SRF_4/img_097_SRF_4_HR.png,/home/ubuntu/scratch/sr-diffusion/benchmarks/selfexsr/SelfExSR-master/data/Urban100/image_SRF_4/img_097_SRF_4_LR.png,23.01924917937921,21.616160742138646
Urban100,img_097,stage2_guarded_off,/home/ubuntu/scratch/sr-diffusion/benchmark_outputs/stage2_guarded_detail_v2_tta_off/Urban100/img_097/base.png,/home/ubuntu/scratch/sr-diffusion/benchmarks/selfexsr/SelfExSR-master/data/Urban100/image_SRF_4/img_097_SRF_4_HR.png,/home/ubuntu/scratch/sr-diffusion/benchmarks/selfexsr/SelfExSR-master/data/Urban100/image_SRF_4/img_097_SRF_4_LR.png,24.40938058445763,22.9944532996209
Urban100,img_097,stage2_guarded_hflip,/home/ubuntu/scratch/sr-diffusion/benchmark_outputs/stage2_guarded_detail_v2_tta_hflip/Urban100/img_097/base.png,/home/ubuntu/scratch/sr-diffusion/benchmarks/selfexsr/SelfExSR-master/data/Urban100/image_SRF_4/img_097_SRF_4_HR.png,/home/ubuntu/scratch/sr-diffusion/benchmarks/selfexsr/SelfExSR-master/data/Urban100/image_SRF_4/img_097_SRF_4_LR.png,24.450368446524653,23.03550851122335
Urban100,img_097,stage2_guarded_x8,/home/ubuntu/scratch/sr-diffusion/benchmark_outputs/stage2_guarded_detail_v2_tta_x8/Urban100/img_097/base.png,/home/ubuntu/scratch/sr-diffusion/benchmarks/selfexsr/SelfExSR-master/data/Urban100/image_SRF_4/img_097_SRF_4_HR.png,/home/ubuntu/scratch/sr-diffusion/benchmarks/selfexsr/SelfExSR-master/data/Urban100/image_SRF_4/img_097_SRF_4_LR.png,24.491629660339242,23.077514536899535
Urban100,img_097,detail_v2_masked,/home/ubuntu/scratch/sr-diffusion/benchmark_outputs/detail_v2_masked/Urban100/img_097/detail.png,/home/ubuntu/scratch/sr-diffusion/benchmarks/selfexsr/SelfExSR-master/data/Urban100/image_SRF_4/img_097_SRF_4_HR.png,/home/ubuntu/scratch/sr-diffusion/benchmarks/selfexsr/SelfExSR-master/data/Urban100/image_SRF_4/img_097_SRF_4_LR.png,24.743435151477094,23.32539043060658
Urban100,img_097,refiner_v2,/home/ubuntu/scratch/sr-diffusion/benchmark_outputs/refiner_v2/Urban100/img_097/refined.png,/home/ubuntu/scratch/sr-diffusion/benchmarks/selfexsr/SelfExSR-master/data/Urban100/image_SRF_4/img_097_SRF_4_HR.png,/home/ubuntu/scratch/sr-diffusion/benchmarks/selfexsr/SelfExSR-master/data/Urban100/image_SRF_4/img_097_SRF_4_LR.png,23.98970296318226,22.57079860024627
Urban100,img_097,realesrgan,/home/ubuntu/scratch/sr-diffusion/benchmark_outputs/realesrgan/Urban100/img_097/RealESRGAN_x4plus.png,/home/ubuntu/scratch/sr-diffusion/benchmarks/selfexsr/SelfExSR-master/data/Urban100/image_SRF_4/img_097_SRF_4_HR.png,/home/ubuntu/scratch/sr-diffusion/benchmarks/selfexsr/SelfExSR-master/data/Urban100/image_SRF_4/img_097_SRF_4_LR.png,21.494352643970057,20.052549637870282
Urban100,img_098,bicubic,generated:matlab_bicubic_resize,/home/ubuntu/scratch/sr-diffusion/benchmarks/selfexsr/SelfExSR-master/data/Urban100/image_SRF_4/img_098_SRF_4_HR.png,/home/ubuntu/scratch/sr-diffusion/benchmarks/selfexsr/SelfExSR-master/data/Urban100/image_SRF_4/img_098_SRF_4_LR.png,19.650224898986636,18.258377424138242
Urban100,img_098,stage2_guarded_off,/home/ubuntu/scratch/sr-diffusion/benchmark_outputs/stage2_guarded_detail_v2_tta_off/Urban100/img_098/base.png,/home/ubuntu/scratch/sr-diffusion/benchmarks/selfexsr/SelfExSR-master/data/Urban100/image_SRF_4/img_098_SRF_4_HR.png,/home/ubuntu/scratch/sr-diffusion/benchmarks/selfexsr/SelfExSR-master/data/Urban100/image_SRF_4/img_098_SRF_4_LR.png,20.483838786414502,19.097113391070664
Urban100,img_098,stage2_guarded_hflip,/home/ubuntu/scratch/sr-diffusion/benchmark_outputs/stage2_guarded_detail_v2_tta_hflip/Urban100/img_098/base.png,/home/ubuntu/scratch/sr-diffusion/benchmarks/selfexsr/SelfExSR-master/data/Urban100/image_SRF_4/img_098_SRF_4_HR.png,/home/ubuntu/scratch/sr-diffusion/benchmarks/selfexsr/SelfExSR-master/data/Urban100/image_SRF_4/img_098_SRF_4_LR.png,20.505584980632673,19.119737508421146
Urban100,img_098,stage2_guarded_x8,/home/ubuntu/scratch/sr-diffusion/benchmark_outputs/stage2_guarded_detail_v2_tta_x8/Urban100/img_098/base.png,/home/ubuntu/scratch/sr-diffusion/benchmarks/selfexsr/SelfExSR-master/data/Urban100/image_SRF_4/img_098_SRF_4_HR.png,/home/ubuntu/scratch/sr-diffusion/benchmarks/selfexsr/SelfExSR-master/data/Urban100/image_SRF_4/img_098_SRF_4_LR.png,20.514729986423028,19.1311985726883
Urban100,img_098,detail_v2_masked,/home/ubuntu/scratch/sr-diffusion/benchmark_outputs/detail_v2_masked/Urban100/img_098/detail.png,/home/ubuntu/scratch/sr-diffusion/benchmarks/selfexsr/SelfExSR-master/data/Urban100/image_SRF_4/img_098_SRF_4_HR.png,/home/ubuntu/scratch/sr-diffusion/benchmarks/selfexsr/SelfExSR-master/data/Urban100/image_SRF_4/img_098_SRF_4_LR.png,20.664653192429455,19.274502653563903
Urban100,img_098,refiner_v2,/home/ubuntu/scratch/sr-diffusion/benchmark_outputs/refiner_v2/Urban100/img_098/refined.png,/home/ubuntu/scratch/sr-diffusion/benchmarks/selfexsr/SelfExSR-master/data/Urban100/image_SRF_4/img_098_SRF_4_HR.png,/home/ubuntu/scratch/sr-diffusion/benchmarks/selfexsr/SelfExSR-master/data/Urban100/image_SRF_4/img_098_SRF_4_LR.png,20.305795702698592,18.9268344844131
Urban100,img_098,realesrgan,/home/ubuntu/scratch/sr-diffusion/benchmark_outputs/realesrgan/Urban100/img_098/RealESRGAN_x4plus.png,/home/ubuntu/scratch/sr-diffusion/benchmarks/selfexsr/SelfExSR-master/data/Urban100/image_SRF_4/img_098_SRF_4_HR.png,/home/ubuntu/scratch/sr-diffusion/benchmarks/selfexsr/SelfExSR-master/data/Urban100/image_SRF_4/img_098_SRF_4_LR.png,19.11796945174626,17.618829096998194
Urban100,img_099,bicubic,generated:matlab_bicubic_resize,/home/ubuntu/scratch/sr-diffusion/benchmarks/selfexsr/SelfExSR-master/data/Urban100/image_SRF_4/img_099_SRF_4_HR.png,/home/ubuntu/scratch/sr-diffusion/benchmarks/selfexsr/SelfExSR-master/data/Urban100/image_SRF_4/img_099_SRF_4_LR.png,22.41167859246712,20.391473192480497
Urban100,img_099,stage2_guarded_off,/home/ubuntu/scratch/sr-diffusion/benchmark_outputs/stage2_guarded_detail_v2_tta_off/Urban100/img_099/base.png,/home/ubuntu/scratch/sr-diffusion/benchmarks/selfexsr/SelfExSR-master/data/Urban100/image_SRF_4/img_099_SRF_4_HR.png,/home/ubuntu/scratch/sr-diffusion/benchmarks/selfexsr/SelfExSR-master/data/Urban100/image_SRF_4/img_099_SRF_4_LR.png,25.10653825543907,22.75754526909166
Urban100,img_099,stage2_guarded_hflip,/home/ubuntu/scratch/sr-diffusion/benchmark_outputs/stage2_guarded_detail_v2_tta_hflip/Urban100/img_099/base.png,/home/ubuntu/scratch/sr-diffusion/benchmarks/selfexsr/SelfExSR-master/data/Urban100/image_SRF_4/img_099_SRF_4_HR.png,/home/ubuntu/scratch/sr-diffusion/benchmarks/selfexsr/SelfExSR-master/data/Urban100/image_SRF_4/img_099_SRF_4_LR.png,25.13264757234399,22.783283372654104
Urban100,img_099,stage2_guarded_x8,/home/ubuntu/scratch/sr-diffusion/benchmark_outputs/stage2_guarded_detail_v2_tta_x8/Urban100/img_099/base.png,/home/ubuntu/scratch/sr-diffusion/benchmarks/selfexsr/SelfExSR-master/data/Urban100/image_SRF_4/img_099_SRF_4_HR.png,/home/ubuntu/scratch/sr-diffusion/benchmarks/selfexsr/SelfExSR-master/data/Urban100/image_SRF_4/img_099_SRF_4_LR.png,25.265974702648542,22.89317322814362
Urban100,img_099,detail_v2_masked,/home/ubuntu/scratch/sr-diffusion/benchmark_outputs/detail_v2_masked/Urban100/img_099/detail.png,/home/ubuntu/scratch/sr-diffusion/benchmarks/selfexsr/SelfExSR-master/data/Urban100/image_SRF_4/img_099_SRF_4_HR.png,/home/ubuntu/scratch/sr-diffusion/benchmarks/selfexsr/SelfExSR-master/data/Urban100/image_SRF_4/img_099_SRF_4_LR.png,25.809456788816348,23.36284451935711
Urban100,img_099,refiner_v2,/home/ubuntu/scratch/sr-diffusion/benchmark_outputs/refiner_v2/Urban100/img_099/refined.png,/home/ubuntu/scratch/sr-diffusion/benchmarks/selfexsr/SelfExSR-master/data/Urban100/image_SRF_4/img_099_SRF_4_HR.png,/home/ubuntu/scratch/sr-diffusion/benchmarks/selfexsr/SelfExSR-master/data/Urban100/image_SRF_4/img_099_SRF_4_LR.png,24.3824832636663,22.137837953012948
Urban100,img_099,realesrgan,/home/ubuntu/scratch/sr-diffusion/benchmark_outputs/realesrgan/Urban100/img_099/RealESRGAN_x4plus.png,/home/ubuntu/scratch/sr-diffusion/benchmarks/selfexsr/SelfExSR-master/data/Urban100/image_SRF_4/img_099_SRF_4_HR.png,/home/ubuntu/scratch/sr-diffusion/benchmarks/selfexsr/SelfExSR-master/data/Urban100/image_SRF_4/img_099_SRF_4_LR.png,21.59228436412939,19.622782462732154
Urban100,img_100,bicubic,generated:matlab_bicubic_resize,/home/ubuntu/scratch/sr-diffusion/benchmarks/selfexsr/SelfExSR-master/data/Urban100/image_SRF_4/img_100_SRF_4_HR.png,/home/ubuntu/scratch/sr-diffusion/benchmarks/selfexsr/SelfExSR-master/data/Urban100/image_SRF_4/img_100_SRF_4_LR.png,22.284320491581596,19.6234725089187
Urban100,img_100,stage2_guarded_off,/home/ubuntu/scratch/sr-diffusion/benchmark_outputs/stage2_guarded_detail_v2_tta_off/Urban100/img_100/base.png,/home/ubuntu/scratch/sr-diffusion/benchmarks/selfexsr/SelfExSR-master/data/Urban100/image_SRF_4/img_100_SRF_4_HR.png,/home/ubuntu/scratch/sr-diffusion/benchmarks/selfexsr/SelfExSR-master/data/Urban100/image_SRF_4/img_100_SRF_4_LR.png,26.01398019622568,22.045663180794392
Urban100,img_100,stage2_guarded_hflip,/home/ubuntu/scratch/sr-diffusion/benchmark_outputs/stage2_guarded_detail_v2_tta_hflip/Urban100/img_100/base.png,/home/ubuntu/scratch/sr-diffusion/benchmarks/selfexsr/SelfExSR-master/data/Urban100/image_SRF_4/img_100_SRF_4_HR.png,/home/ubuntu/scratch/sr-diffusion/benchmarks/selfexsr/SelfExSR-master/data/Urban100/image_SRF_4/img_100_SRF_4_LR.png,26.07872537129039,22.08318645093451
Urban100,img_100,stage2_guarded_x8,/home/ubuntu/scratch/sr-diffusion/benchmark_outputs/stage2_guarded_detail_v2_tta_x8/Urban100/img_100/base.png,/home/ubuntu/scratch/sr-diffusion/benchmarks/selfexsr/SelfExSR-master/data/Urban100/image_SRF_4/img_100_SRF_4_HR.png,/home/ubuntu/scratch/sr-diffusion/benchmarks/selfexsr/SelfExSR-master/data/Urban100/image_SRF_4/img_100_SRF_4_LR.png,26.067013661846875,22.078745823940466
Urban100,img_100,detail_v2_masked,/home/ubuntu/scratch/sr-diffusion/benchmark_outputs/detail_v2_masked/Urban100/img_100/detail.png,/home/ubuntu/scratch/sr-diffusion/benchmarks/selfexsr/SelfExSR-master/data/Urban100/image_SRF_4/img_100_SRF_4_HR.png,/home/ubuntu/scratch/sr-diffusion/benchmarks/selfexsr/SelfExSR-master/data/Urban100/image_SRF_4/img_100_SRF_4_LR.png,26.52830607178499,22.383247663937894
Urban100,img_100,refiner_v2,/home/ubuntu/scratch/sr-diffusion/benchmark_outputs/refiner_v2/Urban100/img_100/refined.png,/home/ubuntu/scratch/sr-diffusion/benchmarks/selfexsr/SelfExSR-master/data/Urban100/image_SRF_4/img_100_SRF_4_HR.png,/home/ubuntu/scratch/sr-diffusion/benchmarks/selfexsr/SelfExSR-master/data/Urban100/image_SRF_4/img_100_SRF_4_LR.png,25.202152986132216,21.56907544559612
Urban100,img_100,realesrgan,/home/ubuntu/scratch/sr-diffusion/benchmark_outputs/realesrgan/Urban100/img_100/RealESRGAN_x4plus.png,/home/ubuntu/scratch/sr-diffusion/benchmarks/selfexsr/SelfExSR-master/data/Urban100/image_SRF_4/img_100_SRF_4_HR.png,/home/ubuntu/scratch/sr-diffusion/benchmarks/selfexsr/SelfExSR-master/data/Urban100/image_SRF_4/img_100_SRF_4_LR.png,24.395732985810863,20.83746722715376
