dataset,id,candidate,candidate_path,hr_path,lr_path,y_psnr,rgb_psnr,y_ssim,rgb_ssim
DIV2K,0801,bicubic,generated:matlab_bicubic_resize,/home/ubuntu/scratch/sr-diffusion/benchmarks/div2k/DIV2K_valid_HR/0801.png,/home/ubuntu/scratch/sr-diffusion/benchmarks/div2k/DIV2K_valid_LR_bicubic/X4/0801x4.png,28.918895062413313,27.643347589792107,0.8018290667782313,0.7854949209702959
DIV2K,0801,stage2_base,/home/ubuntu/scratch/sr-diffusion/benchmark_outputs/stage2_dual_best98000/DIV2K/0801/base.png,/home/ubuntu/scratch/sr-diffusion/benchmarks/div2k/DIV2K_valid_HR/0801.png,/home/ubuntu/scratch/sr-diffusion/benchmarks/div2k/DIV2K_valid_LR_bicubic/X4/0801x4.png,30.11830942813134,28.810022860325134,0.8468860364278418,0.8333733942255565
DIV2K,0801,latent_adapter_v1,/home/ubuntu/scratch/sr-diffusion/benchmark_outputs/stage2_latent_adapter_v1_best11000/DIV2K/0801/base.png,/home/ubuntu/scratch/sr-diffusion/benchmarks/div2k/DIV2K_valid_HR/0801.png,/home/ubuntu/scratch/sr-diffusion/benchmarks/div2k/DIV2K_valid_LR_bicubic/X4/0801x4.png,30.066464368744924,28.75831089304295,0.8471467057947658,0.833620690996557
DIV2K,0801,guarded_v2,/home/ubuntu/scratch/sr-diffusion/benchmark_outputs/stage2_guarded_detail_v2_tta_off/DIV2K/0801/base.png,/home/ubuntu/scratch/sr-diffusion/benchmarks/div2k/DIV2K_valid_HR/0801.png,/home/ubuntu/scratch/sr-diffusion/benchmarks/div2k/DIV2K_valid_LR_bicubic/X4/0801x4.png,30.062554307451883,28.75351125308558,0.8475727863152872,0.8340833104350359
DIV2K,0801,guarded_v2_x8,/home/ubuntu/scratch/sr-diffusion/benchmark_outputs/stage2_guarded_detail_v2_tta_x8/DIV2K/0801/base.png,/home/ubuntu/scratch/sr-diffusion/benchmarks/div2k/DIV2K_valid_HR/0801.png,/home/ubuntu/scratch/sr-diffusion/benchmarks/div2k/DIV2K_valid_LR_bicubic/X4/0801x4.png,30.09362231872284,28.79332575434521,0.8490758959472836,0.8360185053624439
DIV2K,0801,detail_v2_masked,/home/ubuntu/scratch/sr-diffusion/benchmark_outputs/detail_v2_masked/DIV2K/0801/detail.png,/home/ubuntu/scratch/sr-diffusion/benchmarks/div2k/DIV2K_valid_HR/0801.png,/home/ubuntu/scratch/sr-diffusion/benchmarks/div2k/DIV2K_valid_LR_bicubic/X4/0801x4.png,30.16548079837544,28.879849093152178,0.8508087550599394,0.8379836126938892
DIV2K,0801,realesrgan,/home/ubuntu/scratch/sr-diffusion/benchmark_outputs/realesrgan/DIV2K/0801/RealESRGAN_x4plus.png,/home/ubuntu/scratch/sr-diffusion/benchmarks/div2k/DIV2K_valid_HR/0801.png,/home/ubuntu/scratch/sr-diffusion/benchmarks/div2k/DIV2K_valid_LR_bicubic/X4/0801x4.png,25.886530265517223,24.405289863647113,0.7270672615482674,0.6970352101770487
DIV2K,0802,bicubic,generated:matlab_bicubic_resize,/home/ubuntu/scratch/sr-diffusion/benchmarks/div2k/DIV2K_valid_HR/0802.png,/home/ubuntu/scratch/sr-diffusion/benchmarks/div2k/DIV2K_valid_LR_bicubic/X4/0802x4.png,34.930950714771704,33.16010272897294,0.8953074359903685,0.8730661544699491
DIV2K,0802,stage2_base,/home/ubuntu/scratch/sr-diffusion/benchmark_outputs/stage2_dual_best98000/DIV2K/0802/base.png,/home/ubuntu/scratch/sr-diffusion/benchmarks/div2k/DIV2K_valid_HR/0802.png,/home/ubuntu/scratch/sr-diffusion/benchmarks/div2k/DIV2K_valid_LR_bicubic/X4/0802x4.png,37.004690416150794,34.7826931040021,0.9181676622795344,0.8837884581381353
DIV2K,0802,latent_adapter_v1,/home/ubuntu/scratch/sr-diffusion/benchmark_outputs/stage2_latent_adapter_v1_best11000/DIV2K/0802/base.png,/home/ubuntu/scratch/sr-diffusion/benchmarks/div2k/DIV2K_valid_HR/0802.png,/home/ubuntu/scratch/sr-diffusion/benchmarks/div2k/DIV2K_valid_LR_bicubic/X4/0802x4.png,36.949228025681634,34.74792258948826,0.9181979076695103,0.8808237539408973
DIV2K,0802,guarded_v2,/home/ubuntu/scratch/sr-diffusion/benchmark_outputs/stage2_guarded_detail_v2_tta_off/DIV2K/0802/base.png,/home/ubuntu/scratch/sr-diffusion/benchmarks/div2k/DIV2K_valid_HR/0802.png,/home/ubuntu/scratch/sr-diffusion/benchmarks/div2k/DIV2K_valid_LR_bicubic/X4/0802x4.png,36.93364058008403,34.74105582865388,0.9181365346204149,0.8814688994741143
DIV2K,0802,guarded_v2_x8,/home/ubuntu/scratch/sr-diffusion/benchmark_outputs/stage2_guarded_detail_v2_tta_x8/DIV2K/0802/base.png,/home/ubuntu/scratch/sr-diffusion/benchmarks/div2k/DIV2K_valid_HR/0802.png,/home/ubuntu/scratch/sr-diffusion/benchmarks/div2k/DIV2K_valid_LR_bicubic/X4/0802x4.png,37.08312004649416,34.89360832470782,0.9199566151262841,0.8843491841400279
DIV2K,0802,detail_v2_masked,/home/ubuntu/scratch/sr-diffusion/benchmark_outputs/detail_v2_masked/DIV2K/0802/detail.png,/home/ubuntu/scratch/sr-diffusion/benchmarks/div2k/DIV2K_valid_HR/0802.png,/home/ubuntu/scratch/sr-diffusion/benchmarks/div2k/DIV2K_valid_LR_bicubic/X4/0802x4.png,37.20197477535455,34.99389668452821,0.920499549059743,0.8903292661604264
DIV2K,0802,realesrgan,/home/ubuntu/scratch/sr-diffusion/benchmark_outputs/realesrgan/DIV2K/0802/RealESRGAN_x4plus.png,/home/ubuntu/scratch/sr-diffusion/benchmarks/div2k/DIV2K_valid_HR/0802.png,/home/ubuntu/scratch/sr-diffusion/benchmarks/div2k/DIV2K_valid_LR_bicubic/X4/0802x4.png,33.40505321833346,30.347533387249243,0.8746417135803137,0.7343247929210323
DIV2K,0803,bicubic,generated:matlab_bicubic_resize,/home/ubuntu/scratch/sr-diffusion/benchmarks/div2k/DIV2K_valid_HR/0803.png,/home/ubuntu/scratch/sr-diffusion/benchmarks/div2k/DIV2K_valid_LR_bicubic/X4/0803x4.png,35.05526220916966,33.61202775229642,0.9527886085921927,0.9387728926450074
DIV2K,0803,stage2_base,/home/ubuntu/scratch/sr-diffusion/benchmark_outputs/stage2_dual_best98000/DIV2K/0803/base.png,/home/ubuntu/scratch/sr-diffusion/benchmarks/div2k/DIV2K_valid_HR/0803.png,/home/ubuntu/scratch/sr-diffusion/benchmarks/div2k/DIV2K_valid_LR_bicubic/X4/0803x4.png,41.92249344093521,39.54812128727314,0.9792460840045013,0.9670183596847649
DIV2K,0803,latent_adapter_v1,/home/ubuntu/scratch/sr-diffusion/benchmark_outputs/stage2_latent_adapter_v1_best11000/DIV2K/0803/base.png,/home/ubuntu/scratch/sr-diffusion/benchmarks/div2k/DIV2K_valid_HR/0803.png,/home/ubuntu/scratch/sr-diffusion/benchmarks/div2k/DIV2K_valid_LR_bicubic/X4/0803x4.png,41.859186682245635,39.526697544619175,0.9792553075157222,0.9670334058109636
DIV2K,0803,guarded_v2,/home/ubuntu/scratch/sr-diffusion/benchmark_outputs/stage2_guarded_detail_v2_tta_off/DIV2K/0803/base.png,/home/ubuntu/scratch/sr-diffusion/benchmarks/div2k/DIV2K_valid_HR/0803.png,/home/ubuntu/scratch/sr-diffusion/benchmarks/div2k/DIV2K_valid_LR_bicubic/X4/0803x4.png,41.86171882516941,39.5375436229626,0.9793709734205011,0.967186568686266
DIV2K,0803,guarded_v2_x8,/home/ubuntu/scratch/sr-diffusion/benchmark_outputs/stage2_guarded_detail_v2_tta_x8/DIV2K/0803/base.png,/home/ubuntu/scratch/sr-diffusion/benchmarks/div2k/DIV2K_valid_HR/0803.png,/home/ubuntu/scratch/sr-diffusion/benchmarks/div2k/DIV2K_valid_LR_bicubic/X4/0803x4.png,42.31898297856398,40.0522694883675,0.9809291922462148,0.9695975666841351
DIV2K,0803,detail_v2_masked,/home/ubuntu/scratch/sr-diffusion/benchmark_outputs/detail_v2_masked/DIV2K/0803/detail.png,/home/ubuntu/scratch/sr-diffusion/benchmarks/div2k/DIV2K_valid_HR/0803.png,/home/ubuntu/scratch/sr-diffusion/benchmarks/div2k/DIV2K_valid_LR_bicubic/X4/0803x4.png,42.59913570074523,40.160612792098306,0.9814413975153873,0.9697168174179405
DIV2K,0803,realesrgan,/home/ubuntu/scratch/sr-diffusion/benchmark_outputs/realesrgan/DIV2K/0803/RealESRGAN_x4plus.png,/home/ubuntu/scratch/sr-diffusion/benchmarks/div2k/DIV2K_valid_HR/0803.png,/home/ubuntu/scratch/sr-diffusion/benchmarks/div2k/DIV2K_valid_LR_bicubic/X4/0803x4.png,35.716216356510905,31.25597835927449,0.9570421728070543,0.921390305834807
DIV2K,0804,bicubic,generated:matlab_bicubic_resize,/home/ubuntu/scratch/sr-diffusion/benchmarks/div2k/DIV2K_valid_HR/0804.png,/home/ubuntu/scratch/sr-diffusion/benchmarks/div2k/DIV2K_valid_LR_bicubic/X4/0804x4.png,26.89838873553256,25.382047503703042,0.7363780585335264,0.7073928687788604
DIV2K,0804,stage2_base,/home/ubuntu/scratch/sr-diffusion/benchmark_outputs/stage2_dual_best98000/DIV2K/0804/base.png,/home/ubuntu/scratch/sr-diffusion/benchmarks/div2k/DIV2K_valid_HR/0804.png,/home/ubuntu/scratch/sr-diffusion/benchmarks/div2k/DIV2K_valid_LR_bicubic/X4/0804x4.png,28.587861384656982,27.058428977656614,0.8089129869191464,0.7842130897792451
DIV2K,0804,latent_adapter_v1,/home/ubuntu/scratch/sr-diffusion/benchmark_outputs/stage2_latent_adapter_v1_best11000/DIV2K/0804/base.png,/home/ubuntu/scratch/sr-diffusion/benchmarks/div2k/DIV2K_valid_HR/0804.png,/home/ubuntu/scratch/sr-diffusion/benchmarks/div2k/DIV2K_valid_LR_bicubic/X4/0804x4.png,28.542056600188033,27.01634560750381,0.8094554542990761,0.784841573901604
DIV2K,0804,guarded_v2,/home/ubuntu/scratch/sr-diffusion/benchmark_outputs/stage2_guarded_detail_v2_tta_off/DIV2K/0804/base.png,/home/ubuntu/scratch/sr-diffusion/benchmarks/div2k/DIV2K_valid_HR/0804.png,/home/ubuntu/scratch/sr-diffusion/benchmarks/div2k/DIV2K_valid_LR_bicubic/X4/0804x4.png,28.544916784602876,27.019301012343128,0.8101527205972756,0.7855708433873184
DIV2K,0804,guarded_v2_x8,/home/ubuntu/scratch/sr-diffusion/benchmark_outputs/stage2_guarded_detail_v2_tta_x8/DIV2K/0804/base.png,/home/ubuntu/scratch/sr-diffusion/benchmarks/div2k/DIV2K_valid_HR/0804.png,/home/ubuntu/scratch/sr-diffusion/benchmarks/div2k/DIV2K_valid_LR_bicubic/X4/0804x4.png,28.647047855317133,27.134093579721462,0.8126070318030015,0.7886398641637292
DIV2K,0804,detail_v2_masked,/home/ubuntu/scratch/sr-diffusion/benchmark_outputs/detail_v2_masked/DIV2K/0804/detail.png,/home/ubuntu/scratch/sr-diffusion/benchmarks/div2k/DIV2K_valid_HR/0804.png,/home/ubuntu/scratch/sr-diffusion/benchmarks/div2k/DIV2K_valid_LR_bicubic/X4/0804x4.png,28.732157179280094,27.229335626358342,0.8167596403756446,0.7931481575125755
DIV2K,0804,realesrgan,/home/ubuntu/scratch/sr-diffusion/benchmark_outputs/realesrgan/DIV2K/0804/RealESRGAN_x4plus.png,/home/ubuntu/scratch/sr-diffusion/benchmarks/div2k/DIV2K_valid_HR/0804.png,/home/ubuntu/scratch/sr-diffusion/benchmarks/div2k/DIV2K_valid_LR_bicubic/X4/0804x4.png,24.031418693195683,22.278440183797695,0.6976087868859298,0.653236647667561
DIV2K,0805,bicubic,generated:matlab_bicubic_resize,/home/ubuntu/scratch/sr-diffusion/benchmarks/div2k/DIV2K_valid_HR/0805.png,/home/ubuntu/scratch/sr-diffusion/benchmarks/div2k/DIV2K_valid_LR_bicubic/X4/0805x4.png,28.801797612578316,27.498127193375275,0.7497834825810444,0.7192560273854601
DIV2K,0805,stage2_base,/home/ubuntu/scratch/sr-diffusion/benchmark_outputs/stage2_dual_best98000/DIV2K/0805/base.png,/home/ubuntu/scratch/sr-diffusion/benchmarks/div2k/DIV2K_valid_HR/0805.png,/home/ubuntu/scratch/sr-diffusion/benchmarks/div2k/DIV2K_valid_LR_bicubic/X4/0805x4.png,29.5322750443031,28.18858244919523,0.7935462321955956,0.7663939685696798
DIV2K,0805,latent_adapter_v1,/home/ubuntu/scratch/sr-diffusion/benchmark_outputs/stage2_latent_adapter_v1_best11000/DIV2K/0805/base.png,/home/ubuntu/scratch/sr-diffusion/benchmarks/div2k/DIV2K_valid_HR/0805.png,/home/ubuntu/scratch/sr-diffusion/benchmarks/div2k/DIV2K_valid_LR_bicubic/X4/0805x4.png,29.507859937940548,28.167111023741228,0.7942275993549014,0.76727981159554
DIV2K,0805,guarded_v2,/home/ubuntu/scratch/sr-diffusion/benchmark_outputs/stage2_guarded_detail_v2_tta_off/DIV2K/0805/base.png,/home/ubuntu/scratch/sr-diffusion/benchmarks/div2k/DIV2K_valid_HR/0805.png,/home/ubuntu/scratch/sr-diffusion/benchmarks/div2k/DIV2K_valid_LR_bicubic/X4/0805x4.png,29.553338326456377,28.2120810303496,0.7950324417801087,0.7683646051952581
DIV2K,0805,guarded_v2_x8,/home/ubuntu/scratch/sr-diffusion/benchmark_outputs/stage2_guarded_detail_v2_tta_x8/DIV2K/0805/base.png,/home/ubuntu/scratch/sr-diffusion/benchmarks/div2k/DIV2K_valid_HR/0805.png,/home/ubuntu/scratch/sr-diffusion/benchmarks/div2k/DIV2K_valid_LR_bicubic/X4/0805x4.png,29.640174885113794,28.305145888007882,0.7970781398990686,0.7709825447284179
DIV2K,0805,detail_v2_masked,/home/ubuntu/scratch/sr-diffusion/benchmark_outputs/detail_v2_masked/DIV2K/0805/detail.png,/home/ubuntu/scratch/sr-diffusion/benchmarks/div2k/DIV2K_valid_HR/0805.png,/home/ubuntu/scratch/sr-diffusion/benchmarks/div2k/DIV2K_valid_LR_bicubic/X4/0805x4.png,29.594821804406187,28.258604543021484,0.7974447328727663,0.7706663061534859
DIV2K,0805,realesrgan,/home/ubuntu/scratch/sr-diffusion/benchmark_outputs/realesrgan/DIV2K/0805/RealESRGAN_x4plus.png,/home/ubuntu/scratch/sr-diffusion/benchmarks/div2k/DIV2K_valid_HR/0805.png,/home/ubuntu/scratch/sr-diffusion/benchmarks/div2k/DIV2K_valid_LR_bicubic/X4/0805x4.png,26.141843740872446,24.70820182881253,0.6937994470856828,0.6534266305856603
DIV2K,0806,bicubic,generated:matlab_bicubic_resize,/home/ubuntu/scratch/sr-diffusion/benchmarks/div2k/DIV2K_valid_HR/0806.png,/home/ubuntu/scratch/sr-diffusion/benchmarks/div2k/DIV2K_valid_LR_bicubic/X4/0806x4.png,28.18409466223436,26.254558110775843,0.8318159177787555,0.8115800062424722
DIV2K,0806,stage2_base,/home/ubuntu/scratch/sr-diffusion/benchmark_outputs/stage2_dual_best98000/DIV2K/0806/base.png,/home/ubuntu/scratch/sr-diffusion/benchmarks/div2k/DIV2K_valid_HR/0806.png,/home/ubuntu/scratch/sr-diffusion/benchmarks/div2k/DIV2K_valid_LR_bicubic/X4/0806x4.png,29.772426202467837,27.800599963162718,0.8710027791544853,0.8488414235574427
DIV2K,0806,latent_adapter_v1,/home/ubuntu/scratch/sr-diffusion/benchmark_outputs/stage2_latent_adapter_v1_best11000/DIV2K/0806/base.png,/home/ubuntu/scratch/sr-diffusion/benchmarks/div2k/DIV2K_valid_HR/0806.png,/home/ubuntu/scratch/sr-diffusion/benchmarks/div2k/DIV2K_valid_LR_bicubic/X4/0806x4.png,29.769500993202982,27.800793673289593,0.8715800385620199,0.849657424922178
DIV2K,0806,guarded_v2,/home/ubuntu/scratch/sr-diffusion/benchmark_outputs/stage2_guarded_detail_v2_tta_off/DIV2K/0806/base.png,/home/ubuntu/scratch/sr-diffusion/benchmarks/div2k/DIV2K_valid_HR/0806.png,/home/ubuntu/scratch/sr-diffusion/benchmarks/div2k/DIV2K_valid_LR_bicubic/X4/0806x4.png,29.776363633836837,27.80682954294278,0.8717578922315382,0.8494500476363521
DIV2K,0806,guarded_v2_x8,/home/ubuntu/scratch/sr-diffusion/benchmark_outputs/stage2_guarded_detail_v2_tta_x8/DIV2K/0806/base.png,/home/ubuntu/scratch/sr-diffusion/benchmarks/div2k/DIV2K_valid_HR/0806.png,/home/ubuntu/scratch/sr-diffusion/benchmarks/div2k/DIV2K_valid_LR_bicubic/X4/0806x4.png,29.869842133121985,27.895891755773388,0.8733836929818836,0.8518291511483893
DIV2K,0806,detail_v2_masked,/home/ubuntu/scratch/sr-diffusion/benchmark_outputs/detail_v2_masked/DIV2K/0806/detail.png,/home/ubuntu/scratch/sr-diffusion/benchmarks/div2k/DIV2K_valid_HR/0806.png,/home/ubuntu/scratch/sr-diffusion/benchmarks/div2k/DIV2K_valid_LR_bicubic/X4/0806x4.png,30.00921063659829,28.056227822523013,0.8767919504516506,0.8545784160499589
DIV2K,0806,realesrgan,/home/ubuntu/scratch/sr-diffusion/benchmark_outputs/realesrgan/DIV2K/0806/RealESRGAN_x4plus.png,/home/ubuntu/scratch/sr-diffusion/benchmarks/div2k/DIV2K_valid_HR/0806.png,/home/ubuntu/scratch/sr-diffusion/benchmarks/div2k/DIV2K_valid_LR_bicubic/X4/0806x4.png,26.744629932376775,24.78076868788351,0.7993961015426251,0.7585892080882144
DIV2K,0807,bicubic,generated:matlab_bicubic_resize,/home/ubuntu/scratch/sr-diffusion/benchmarks/div2k/DIV2K_valid_HR/0807.png,/home/ubuntu/scratch/sr-diffusion/benchmarks/div2k/DIV2K_valid_LR_bicubic/X4/0807x4.png,20.923770191455763,19.426190290090723,0.45080809914988274,0.4347874334579946
DIV2K,0807,stage2_base,/home/ubuntu/scratch/sr-diffusion/benchmark_outputs/stage2_dual_best98000/DIV2K/0807/base.png,/home/ubuntu/scratch/sr-diffusion/benchmarks/div2k/DIV2K_valid_HR/0807.png,/home/ubuntu/scratch/sr-diffusion/benchmarks/div2k/DIV2K_valid_LR_bicubic/X4/0807x4.png,21.580017840755254,20.077997242222764,0.5234619278493043,0.5059935295174532
DIV2K,0807,latent_adapter_v1,/home/ubuntu/scratch/sr-diffusion/benchmark_outputs/stage2_latent_adapter_v1_best11000/DIV2K/0807/base.png,/home/ubuntu/scratch/sr-diffusion/benchmarks/div2k/DIV2K_valid_HR/0807.png,/home/ubuntu/scratch/sr-diffusion/benchmarks/div2k/DIV2K_valid_LR_bicubic/X4/0807x4.png,21.57750394918693,20.075460578936774,0.5260144225758345,0.5081631322517967
DIV2K,0807,guarded_v2,/home/ubuntu/scratch/sr-diffusion/benchmark_outputs/stage2_guarded_detail_v2_tta_off/DIV2K/0807/base.png,/home/ubuntu/scratch/sr-diffusion/benchmarks/div2k/DIV2K_valid_HR/0807.png,/home/ubuntu/scratch/sr-diffusion/benchmarks/div2k/DIV2K_valid_LR_bicubic/X4/0807x4.png,21.575225648214563,20.071237089291927,0.527316360915258,0.5088962430575057
DIV2K,0807,guarded_v2_x8,/home/ubuntu/scratch/sr-diffusion/benchmark_outputs/stage2_guarded_detail_v2_tta_x8/DIV2K/0807/base.png,/home/ubuntu/scratch/sr-diffusion/benchmarks/div2k/DIV2K_valid_HR/0807.png,/home/ubuntu/scratch/sr-diffusion/benchmarks/div2k/DIV2K_valid_LR_bicubic/X4/0807x4.png,21.593458893031283,20.095226267981264,0.5277589158272026,0.5102160935199832
DIV2K,0807,detail_v2_masked,/home/ubuntu/scratch/sr-diffusion/benchmark_outputs/detail_v2_masked/DIV2K/0807/detail.png,/home/ubuntu/scratch/sr-diffusion/benchmarks/div2k/DIV2K_valid_HR/0807.png,/home/ubuntu/scratch/sr-diffusion/benchmarks/div2k/DIV2K_valid_LR_bicubic/X4/0807x4.png,21.68119885169203,20.18983239200018,0.5352533471773884,0.5189556237864071
DIV2K,0807,realesrgan,/home/ubuntu/scratch/sr-diffusion/benchmark_outputs/realesrgan/DIV2K/0807/RealESRGAN_x4plus.png,/home/ubuntu/scratch/sr-diffusion/benchmarks/div2k/DIV2K_valid_HR/0807.png,/home/ubuntu/scratch/sr-diffusion/benchmarks/div2k/DIV2K_valid_LR_bicubic/X4/0807x4.png,19.587288607350956,17.968043232158443,0.4348472574801182,0.3703017898712338
DIV2K,0808,bicubic,generated:matlab_bicubic_resize,/home/ubuntu/scratch/sr-diffusion/benchmarks/div2k/DIV2K_valid_HR/0808.png,/home/ubuntu/scratch/sr-diffusion/benchmarks/div2k/DIV2K_valid_LR_bicubic/X4/0808x4.png,26.835505730831436,25.444273211617272,0.7853498865703669,0.7592609647482028
DIV2K,0808,stage2_base,/home/ubuntu/scratch/sr-diffusion/benchmark_outputs/stage2_dual_best98000/DIV2K/0808/base.png,/home/ubuntu/scratch/sr-diffusion/benchmarks/div2k/DIV2K_valid_HR/0808.png,/home/ubuntu/scratch/sr-diffusion/benchmarks/div2k/DIV2K_valid_LR_bicubic/X4/0808x4.png,27.97265117423467,26.5781289260231,0.8172416987358674,0.7923394747833535
DIV2K,0808,latent_adapter_v1,/home/ubuntu/scratch/sr-diffusion/benchmark_outputs/stage2_latent_adapter_v1_best11000/DIV2K/0808/base.png,/home/ubuntu/scratch/sr-diffusion/benchmarks/div2k/DIV2K_valid_HR/0808.png,/home/ubuntu/scratch/sr-diffusion/benchmarks/div2k/DIV2K_valid_LR_bicubic/X4/0808x4.png,27.957350720511624,26.56341223981807,0.8179958741270735,0.7931123799010344
DIV2K,0808,guarded_v2,/home/ubuntu/scratch/sr-diffusion/benchmark_outputs/stage2_guarded_detail_v2_tta_off/DIV2K/0808/base.png,/home/ubuntu/scratch/sr-diffusion/benchmarks/div2k/DIV2K_valid_HR/0808.png,/home/ubuntu/scratch/sr-diffusion/benchmarks/div2k/DIV2K_valid_LR_bicubic/X4/0808x4.png,27.948103868891696,26.55429051275693,0.8188885832722603,0.7936255949677867
DIV2K,0808,guarded_v2_x8,/home/ubuntu/scratch/sr-diffusion/benchmark_outputs/stage2_guarded_detail_v2_tta_x8/DIV2K/0808/base.png,/home/ubuntu/scratch/sr-diffusion/benchmarks/div2k/DIV2K_valid_HR/0808.png,/home/ubuntu/scratch/sr-diffusion/benchmarks/div2k/DIV2K_valid_LR_bicubic/X4/0808x4.png,28.022853443006376,26.63265101984086,0.820491281625003,0.7956211458581454
DIV2K,0808,detail_v2_masked,/home/ubuntu/scratch/sr-diffusion/benchmark_outputs/detail_v2_masked/DIV2K/0808/detail.png,/home/ubuntu/scratch/sr-diffusion/benchmarks/div2k/DIV2K_valid_HR/0808.png,/home/ubuntu/scratch/sr-diffusion/benchmarks/div2k/DIV2K_valid_LR_bicubic/X4/0808x4.png,28.11145581892208,26.722739228630882,0.8220121087493757,0.7973480572329305
DIV2K,0808,realesrgan,/home/ubuntu/scratch/sr-diffusion/benchmark_outputs/realesrgan/DIV2K/0808/RealESRGAN_x4plus.png,/home/ubuntu/scratch/sr-diffusion/benchmarks/div2k/DIV2K_valid_HR/0808.png,/home/ubuntu/scratch/sr-diffusion/benchmarks/div2k/DIV2K_valid_LR_bicubic/X4/0808x4.png,25.67587261484515,24.09819082234092,0.7637832125575605,0.7143170703797238
DIV2K,0809,bicubic,generated:matlab_bicubic_resize,/home/ubuntu/scratch/sr-diffusion/benchmarks/div2k/DIV2K_valid_HR/0809.png,/home/ubuntu/scratch/sr-diffusion/benchmarks/div2k/DIV2K_valid_LR_bicubic/X4/0809x4.png,31.979711733414675,30.476746211697915,0.8339541006473665,0.8102264604946058
DIV2K,0809,stage2_base,/home/ubuntu/scratch/sr-diffusion/benchmark_outputs/stage2_dual_best98000/DIV2K/0809/base.png,/home/ubuntu/scratch/sr-diffusion/benchmarks/div2k/DIV2K_valid_HR/0809.png,/home/ubuntu/scratch/sr-diffusion/benchmarks/div2k/DIV2K_valid_LR_bicubic/X4/0809x4.png,33.20119914334058,31.651870749253987,0.8752210649733401,0.8564820386733016
DIV2K,0809,latent_adapter_v1,/home/ubuntu/scratch/sr-diffusion/benchmark_outputs/stage2_latent_adapter_v1_best11000/DIV2K/0809/base.png,/home/ubuntu/scratch/sr-diffusion/benchmarks/div2k/DIV2K_valid_HR/0809.png,/home/ubuntu/scratch/sr-diffusion/benchmarks/div2k/DIV2K_valid_LR_bicubic/X4/0809x4.png,33.073881975796276,31.53135034533241,0.8742134254227302,0.8554601688391218
DIV2K,0809,guarded_v2,/home/ubuntu/scratch/sr-diffusion/benchmark_outputs/stage2_guarded_detail_v2_tta_off/DIV2K/0809/base.png,/home/ubuntu/scratch/sr-diffusion/benchmarks/div2k/DIV2K_valid_HR/0809.png,/home/ubuntu/scratch/sr-diffusion/benchmarks/div2k/DIV2K_valid_LR_bicubic/X4/0809x4.png,33.07299213662787,31.529499406506567,0.8742232020958596,0.855514819394902
DIV2K,0809,guarded_v2_x8,/home/ubuntu/scratch/sr-diffusion/benchmark_outputs/stage2_guarded_detail_v2_tta_x8/DIV2K/0809/base.png,/home/ubuntu/scratch/sr-diffusion/benchmarks/div2k/DIV2K_valid_HR/0809.png,/home/ubuntu/scratch/sr-diffusion/benchmarks/div2k/DIV2K_valid_LR_bicubic/X4/0809x4.png,33.214116769046406,31.679365448202827,0.8770120527537326,0.858788656877243
DIV2K,0809,detail_v2_masked,/home/ubuntu/scratch/sr-diffusion/benchmark_outputs/detail_v2_masked/DIV2K/0809/detail.png,/home/ubuntu/scratch/sr-diffusion/benchmarks/div2k/DIV2K_valid_HR/0809.png,/home/ubuntu/scratch/sr-diffusion/benchmarks/div2k/DIV2K_valid_LR_bicubic/X4/0809x4.png,33.208687972327404,31.68228171180612,0.87821060918042,0.8600770805756394
DIV2K,0809,realesrgan,/home/ubuntu/scratch/sr-diffusion/benchmark_outputs/realesrgan/DIV2K/0809/RealESRGAN_x4plus.png,/home/ubuntu/scratch/sr-diffusion/benchmarks/div2k/DIV2K_valid_HR/0809.png,/home/ubuntu/scratch/sr-diffusion/benchmarks/div2k/DIV2K_valid_LR_bicubic/X4/0809x4.png,28.13839589795849,26.275286952261972,0.7459883921865198,0.7047713429798163
DIV2K,0810,bicubic,generated:matlab_bicubic_resize,/home/ubuntu/scratch/sr-diffusion/benchmarks/div2k/DIV2K_valid_HR/0810.png,/home/ubuntu/scratch/sr-diffusion/benchmarks/div2k/DIV2K_valid_LR_bicubic/X4/0810x4.png,26.972769027906978,25.796789610372734,0.7466473508560989,0.7213247871108165
DIV2K,0810,stage2_base,/home/ubuntu/scratch/sr-diffusion/benchmark_outputs/stage2_dual_best98000/DIV2K/0810/base.png,/home/ubuntu/scratch/sr-diffusion/benchmarks/div2k/DIV2K_valid_HR/0810.png,/home/ubuntu/scratch/sr-diffusion/benchmarks/div2k/DIV2K_valid_LR_bicubic/X4/0810x4.png,27.580195004725752,26.34276759873852,0.7998108220031412,0.7772317925095962
DIV2K,0810,latent_adapter_v1,/home/ubuntu/scratch/sr-diffusion/benchmark_outputs/stage2_latent_adapter_v1_best11000/DIV2K/0810/base.png,/home/ubuntu/scratch/sr-diffusion/benchmarks/div2k/DIV2K_valid_HR/0810.png,/home/ubuntu/scratch/sr-diffusion/benchmarks/div2k/DIV2K_valid_LR_bicubic/X4/0810x4.png,27.51334782790299,26.276857014679,0.8001787316640504,0.777666724976786
DIV2K,0810,guarded_v2,/home/ubuntu/scratch/sr-diffusion/benchmark_outputs/stage2_guarded_detail_v2_tta_off/DIV2K/0810/base.png,/home/ubuntu/scratch/sr-diffusion/benchmarks/div2k/DIV2K_valid_HR/0810.png,/home/ubuntu/scratch/sr-diffusion/benchmarks/div2k/DIV2K_valid_LR_bicubic/X4/0810x4.png,27.573467698634502,26.337896319139865,0.8002688276884308,0.7777331500009153
DIV2K,0810,guarded_v2_x8,/home/ubuntu/scratch/sr-diffusion/benchmark_outputs/stage2_guarded_detail_v2_tta_x8/DIV2K/0810/base.png,/home/ubuntu/scratch/sr-diffusion/benchmarks/div2k/DIV2K_valid_HR/0810.png,/home/ubuntu/scratch/sr-diffusion/benchmarks/div2k/DIV2K_valid_LR_bicubic/X4/0810x4.png,27.6397330428017,26.40692549795887,0.8026178926522586,0.7802942498742915
DIV2K,0810,detail_v2_masked,/home/ubuntu/scratch/sr-diffusion/benchmark_outputs/detail_v2_masked/DIV2K/0810/detail.png,/home/ubuntu/scratch/sr-diffusion/benchmarks/div2k/DIV2K_valid_HR/0810.png,/home/ubuntu/scratch/sr-diffusion/benchmarks/div2k/DIV2K_valid_LR_bicubic/X4/0810x4.png,27.600319883089917,26.38187708122649,0.8036876498943728,0.7811135977143774
DIV2K,0810,realesrgan,/home/ubuntu/scratch/sr-diffusion/benchmark_outputs/realesrgan/DIV2K/0810/RealESRGAN_x4plus.png,/home/ubuntu/scratch/sr-diffusion/benchmarks/div2k/DIV2K_valid_HR/0810.png,/home/ubuntu/scratch/sr-diffusion/benchmarks/div2k/DIV2K_valid_LR_bicubic/X4/0810x4.png,23.290378068813023,21.940665047089766,0.6844755889196291,0.6503021634891939
DIV2K,0811,bicubic,generated:matlab_bicubic_resize,/home/ubuntu/scratch/sr-diffusion/benchmarks/div2k/DIV2K_valid_HR/0811.png,/home/ubuntu/scratch/sr-diffusion/benchmarks/div2k/DIV2K_valid_LR_bicubic/X4/0811x4.png,29.0753367233034,27.98478754284604,0.7580004037871899,0.7345698550763305
DIV2K,0811,stage2_base,/home/ubuntu/scratch/sr-diffusion/benchmark_outputs/stage2_dual_best98000/DIV2K/0811/base.png,/home/ubuntu/scratch/sr-diffusion/benchmarks/div2k/DIV2K_valid_HR/0811.png,/home/ubuntu/scratch/sr-diffusion/benchmarks/div2k/DIV2K_valid_LR_bicubic/X4/0811x4.png,29.72748664457683,28.574591987991802,0.8046096201109242,0.7806036730588183
DIV2K,0811,latent_adapter_v1,/home/ubuntu/scratch/sr-diffusion/benchmark_outputs/stage2_latent_adapter_v1_best11000/DIV2K/0811/base.png,/home/ubuntu/scratch/sr-diffusion/benchmarks/div2k/DIV2K_valid_HR/0811.png,/home/ubuntu/scratch/sr-diffusion/benchmarks/div2k/DIV2K_valid_LR_bicubic/X4/0811x4.png,29.627766767197514,28.479398473314642,0.8040696408155003,0.7799024990706652
DIV2K,0811,guarded_v2,/home/ubuntu/scratch/sr-diffusion/benchmark_outputs/stage2_guarded_detail_v2_tta_off/DIV2K/0811/base.png,/home/ubuntu/scratch/sr-diffusion/benchmarks/div2k/DIV2K_valid_HR/0811.png,/home/ubuntu/scratch/sr-diffusion/benchmarks/div2k/DIV2K_valid_LR_bicubic/X4/0811x4.png,29.70823673626798,28.562499659686825,0.8049556712088696,0.7813059733557705
DIV2K,0811,guarded_v2_x8,/home/ubuntu/scratch/sr-diffusion/benchmark_outputs/stage2_guarded_detail_v2_tta_x8/DIV2K/0811/base.png,/home/ubuntu/scratch/sr-diffusion/benchmarks/div2k/DIV2K_valid_HR/0811.png,/home/ubuntu/scratch/sr-diffusion/benchmarks/div2k/DIV2K_valid_LR_bicubic/X4/0811x4.png,29.813822300929584,28.680916946059494,0.8071221973092663,0.7841307878958492
DIV2K,0811,detail_v2_masked,/home/ubuntu/scratch/sr-diffusion/benchmark_outputs/detail_v2_masked/DIV2K/0811/detail.png,/home/ubuntu/scratch/sr-diffusion/benchmarks/div2k/DIV2K_valid_HR/0811.png,/home/ubuntu/scratch/sr-diffusion/benchmarks/div2k/DIV2K_valid_LR_bicubic/X4/0811x4.png,29.78459002250327,28.652282271904703,0.8097216704196712,0.7866970251287668
DIV2K,0811,realesrgan,/home/ubuntu/scratch/sr-diffusion/benchmark_outputs/realesrgan/DIV2K/0811/RealESRGAN_x4plus.png,/home/ubuntu/scratch/sr-diffusion/benchmarks/div2k/DIV2K_valid_HR/0811.png,/home/ubuntu/scratch/sr-diffusion/benchmarks/div2k/DIV2K_valid_LR_bicubic/X4/0811x4.png,24.965558508895857,23.653013556696393,0.6584211698656346,0.5816858905934786
DIV2K,0812,bicubic,generated:matlab_bicubic_resize,/home/ubuntu/scratch/sr-diffusion/benchmarks/div2k/DIV2K_valid_HR/0812.png,/home/ubuntu/scratch/sr-diffusion/benchmarks/div2k/DIV2K_valid_LR_bicubic/X4/0812x4.png,26.850286416339078,25.614347536681812,0.7550489673518418,0.735071034052012
DIV2K,0812,stage2_base,/home/ubuntu/scratch/sr-diffusion/benchmark_outputs/stage2_dual_best98000/DIV2K/0812/base.png,/home/ubuntu/scratch/sr-diffusion/benchmarks/div2k/DIV2K_valid_HR/0812.png,/home/ubuntu/scratch/sr-diffusion/benchmarks/div2k/DIV2K_valid_LR_bicubic/X4/0812x4.png,28.710581150437307,27.46923784196367,0.8199321187383456,0.8027906181723538
DIV2K,0812,latent_adapter_v1,/home/ubuntu/scratch/sr-diffusion/benchmark_outputs/stage2_latent_adapter_v1_best11000/DIV2K/0812/base.png,/home/ubuntu/scratch/sr-diffusion/benchmarks/div2k/DIV2K_valid_HR/0812.png,/home/ubuntu/scratch/sr-diffusion/benchmarks/div2k/DIV2K_valid_LR_bicubic/X4/0812x4.png,28.6681599766875,27.427265544906042,0.8205183452395992,0.803377604315748
DIV2K,0812,guarded_v2,/home/ubuntu/scratch/sr-diffusion/benchmark_outputs/stage2_guarded_detail_v2_tta_off/DIV2K/0812/base.png,/home/ubuntu/scratch/sr-diffusion/benchmarks/div2k/DIV2K_valid_HR/0812.png,/home/ubuntu/scratch/sr-diffusion/benchmarks/div2k/DIV2K_valid_LR_bicubic/X4/0812x4.png,28.674247582105806,27.43327749710833,0.8212396559807678,0.8041795141968803
DIV2K,0812,guarded_v2_x8,/home/ubuntu/scratch/sr-diffusion/benchmark_outputs/stage2_guarded_detail_v2_tta_x8/DIV2K/0812/base.png,/home/ubuntu/scratch/sr-diffusion/benchmarks/div2k/DIV2K_valid_HR/0812.png,/home/ubuntu/scratch/sr-diffusion/benchmarks/div2k/DIV2K_valid_LR_bicubic/X4/0812x4.png,28.801152742070496,27.57008914874063,0.8233625758362249,0.8067265924143058
DIV2K,0812,detail_v2_masked,/home/ubuntu/scratch/sr-diffusion/benchmark_outputs/detail_v2_masked/DIV2K/0812/detail.png,/home/ubuntu/scratch/sr-diffusion/benchmarks/div2k/DIV2K_valid_HR/0812.png,/home/ubuntu/scratch/sr-diffusion/benchmarks/div2k/DIV2K_valid_LR_bicubic/X4/0812x4.png,28.8980260836805,27.664965367253515,0.8267363460727204,0.8099626155029606
DIV2K,0812,realesrgan,/home/ubuntu/scratch/sr-diffusion/benchmark_outputs/realesrgan/DIV2K/0812/RealESRGAN_x4plus.png,/home/ubuntu/scratch/sr-diffusion/benchmarks/div2k/DIV2K_valid_HR/0812.png,/home/ubuntu/scratch/sr-diffusion/benchmarks/div2k/DIV2K_valid_LR_bicubic/X4/0812x4.png,24.792696884368702,23.445487703790896,0.7375877287615289,0.7081416073249224
DIV2K,0813,bicubic,generated:matlab_bicubic_resize,/home/ubuntu/scratch/sr-diffusion/benchmarks/div2k/DIV2K_valid_HR/0813.png,/home/ubuntu/scratch/sr-diffusion/benchmarks/div2k/DIV2K_valid_LR_bicubic/X4/0813x4.png,30.20637705153463,28.822028775596156,0.8579755667057617,0.8334216255418824
DIV2K,0813,stage2_base,/home/ubuntu/scratch/sr-diffusion/benchmark_outputs/stage2_dual_best98000/DIV2K/0813/base.png,/home/ubuntu/scratch/sr-diffusion/benchmarks/div2k/DIV2K_valid_HR/0813.png,/home/ubuntu/scratch/sr-diffusion/benchmarks/div2k/DIV2K_valid_LR_bicubic/X4/0813x4.png,32.49716312683945,31.037420062455695,0.8960667533239162,0.8732978064154726
DIV2K,0813,latent_adapter_v1,/home/ubuntu/scratch/sr-diffusion/benchmark_outputs/stage2_latent_adapter_v1_best11000/DIV2K/0813/base.png,/home/ubuntu/scratch/sr-diffusion/benchmarks/div2k/DIV2K_valid_HR/0813.png,/home/ubuntu/scratch/sr-diffusion/benchmarks/div2k/DIV2K_valid_LR_bicubic/X4/0813x4.png,32.475356986011036,31.02153471233848,0.8962395424278164,0.8735028925520939
DIV2K,0813,guarded_v2,/home/ubuntu/scratch/sr-diffusion/benchmark_outputs/stage2_guarded_detail_v2_tta_off/DIV2K/0813/base.png,/home/ubuntu/scratch/sr-diffusion/benchmarks/div2k/DIV2K_valid_HR/0813.png,/home/ubuntu/scratch/sr-diffusion/benchmarks/div2k/DIV2K_valid_LR_bicubic/X4/0813x4.png,32.435793834790935,30.97961170841017,0.8964233985490482,0.8738437336027286
DIV2K,0813,guarded_v2_x8,/home/ubuntu/scratch/sr-diffusion/benchmark_outputs/stage2_guarded_detail_v2_tta_x8/DIV2K/0813/base.png,/home/ubuntu/scratch/sr-diffusion/benchmarks/div2k/DIV2K_valid_HR/0813.png,/home/ubuntu/scratch/sr-diffusion/benchmarks/div2k/DIV2K_valid_LR_bicubic/X4/0813x4.png,32.56504917440766,31.124803173973294,0.8984125950545124,0.8765496241516048
DIV2K,0813,detail_v2_masked,/home/ubuntu/scratch/sr-diffusion/benchmark_outputs/detail_v2_masked/DIV2K/0813/detail.png,/home/ubuntu/scratch/sr-diffusion/benchmarks/div2k/DIV2K_valid_HR/0813.png,/home/ubuntu/scratch/sr-diffusion/benchmarks/div2k/DIV2K_valid_LR_bicubic/X4/0813x4.png,32.671827204089,31.221533920449577,0.8993617468162678,0.8772967086955891
DIV2K,0813,realesrgan,/home/ubuntu/scratch/sr-diffusion/benchmark_outputs/realesrgan/DIV2K/0813/RealESRGAN_x4plus.png,/home/ubuntu/scratch/sr-diffusion/benchmarks/div2k/DIV2K_valid_HR/0813.png,/home/ubuntu/scratch/sr-diffusion/benchmarks/div2k/DIV2K_valid_LR_bicubic/X4/0813x4.png,28.94389852064803,27.06246685700371,0.85104483131852,0.80167656355522
DIV2K,0814,bicubic,generated:matlab_bicubic_resize,/home/ubuntu/scratch/sr-diffusion/benchmarks/div2k/DIV2K_valid_HR/0814.png,/home/ubuntu/scratch/sr-diffusion/benchmarks/div2k/DIV2K_valid_LR_bicubic/X4/0814x4.png,27.949684886370715,26.554310588486246,0.8735567824279529,0.8599674429816595
DIV2K,0814,stage2_base,/home/ubuntu/scratch/sr-diffusion/benchmark_outputs/stage2_dual_best98000/DIV2K/0814/base.png,/home/ubuntu/scratch/sr-diffusion/benchmarks/div2k/DIV2K_valid_HR/0814.png,/home/ubuntu/scratch/sr-diffusion/benchmarks/div2k/DIV2K_valid_LR_bicubic/X4/0814x4.png,29.254270398379933,27.819038234561056,0.9024965194572944,0.8895811880286556
DIV2K,0814,latent_adapter_v1,/home/ubuntu/scratch/sr-diffusion/benchmark_outputs/stage2_latent_adapter_v1_best11000/DIV2K/0814/base.png,/home/ubuntu/scratch/sr-diffusion/benchmarks/div2k/DIV2K_valid_HR/0814.png,/home/ubuntu/scratch/sr-diffusion/benchmarks/div2k/DIV2K_valid_LR_bicubic/X4/0814x4.png,29.256282466629543,27.818951406020624,0.9029436750461708,0.8900877254713461
DIV2K,0814,guarded_v2,/home/ubuntu/scratch/sr-diffusion/benchmark_outputs/stage2_guarded_detail_v2_tta_off/DIV2K/0814/base.png,/home/ubuntu/scratch/sr-diffusion/benchmarks/div2k/DIV2K_valid_HR/0814.png,/home/ubuntu/scratch/sr-diffusion/benchmarks/div2k/DIV2K_valid_LR_bicubic/X4/0814x4.png,29.264007035046898,27.826787546226832,0.9035521338203094,0.8907782426606673
DIV2K,0814,guarded_v2_x8,/home/ubuntu/scratch/sr-diffusion/benchmark_outputs/stage2_guarded_detail_v2_tta_x8/DIV2K/0814/base.png,/home/ubuntu/scratch/sr-diffusion/benchmarks/div2k/DIV2K_valid_HR/0814.png,/home/ubuntu/scratch/sr-diffusion/benchmarks/div2k/DIV2K_valid_LR_bicubic/X4/0814x4.png,29.34369847898706,27.91498302199844,0.9052536222690307,0.8928849697842701
DIV2K,0814,detail_v2_masked,/home/ubuntu/scratch/sr-diffusion/benchmark_outputs/detail_v2_masked/DIV2K/0814/detail.png,/home/ubuntu/scratch/sr-diffusion/benchmarks/div2k/DIV2K_valid_HR/0814.png,/home/ubuntu/scratch/sr-diffusion/benchmarks/div2k/DIV2K_valid_LR_bicubic/X4/0814x4.png,29.512698286727353,28.08026801494885,0.9081311208959623,0.895647427631022
DIV2K,0814,realesrgan,/home/ubuntu/scratch/sr-diffusion/benchmark_outputs/realesrgan/DIV2K/0814/RealESRGAN_x4plus.png,/home/ubuntu/scratch/sr-diffusion/benchmarks/div2k/DIV2K_valid_HR/0814.png,/home/ubuntu/scratch/sr-diffusion/benchmarks/div2k/DIV2K_valid_LR_bicubic/X4/0814x4.png,27.549171955338053,25.90501571068863,0.8737945233362154,0.8538730230441854
DIV2K,0815,bicubic,generated:matlab_bicubic_resize,/home/ubuntu/scratch/sr-diffusion/benchmarks/div2k/DIV2K_valid_HR/0815.png,/home/ubuntu/scratch/sr-diffusion/benchmarks/div2k/DIV2K_valid_LR_bicubic/X4/0815x4.png,33.81687062488898,31.655587982723944,0.9121340016665614,0.8905805053574912
DIV2K,0815,stage2_base,/home/ubuntu/scratch/sr-diffusion/benchmark_outputs/stage2_dual_best98000/DIV2K/0815/base.png,/home/ubuntu/scratch/sr-diffusion/benchmarks/div2k/DIV2K_valid_HR/0815.png,/home/ubuntu/scratch/sr-diffusion/benchmarks/div2k/DIV2K_valid_LR_bicubic/X4/0815x4.png,35.81807143643448,33.50269575941593,0.9319162029137302,0.9123369293501401
DIV2K,0815,latent_adapter_v1,/home/ubuntu/scratch/sr-diffusion/benchmark_outputs/stage2_latent_adapter_v1_best11000/DIV2K/0815/base.png,/home/ubuntu/scratch/sr-diffusion/benchmarks/div2k/DIV2K_valid_HR/0815.png,/home/ubuntu/scratch/sr-diffusion/benchmarks/div2k/DIV2K_valid_LR_bicubic/X4/0815x4.png,35.87142292465527,33.549179213235554,0.9321755240355909,0.9126299888242334
DIV2K,0815,guarded_v2,/home/ubuntu/scratch/sr-diffusion/benchmark_outputs/stage2_guarded_detail_v2_tta_off/DIV2K/0815/base.png,/home/ubuntu/scratch/sr-diffusion/benchmarks/div2k/DIV2K_valid_HR/0815.png,/home/ubuntu/scratch/sr-diffusion/benchmarks/div2k/DIV2K_valid_LR_bicubic/X4/0815x4.png,35.90840795346483,33.582973478168725,0.932601445103883,0.9131076822691976
DIV2K,0815,guarded_v2_x8,/home/ubuntu/scratch/sr-diffusion/benchmark_outputs/stage2_guarded_detail_v2_tta_x8/DIV2K/0815/base.png,/home/ubuntu/scratch/sr-diffusion/benchmarks/div2k/DIV2K_valid_HR/0815.png,/home/ubuntu/scratch/sr-diffusion/benchmarks/div2k/DIV2K_valid_LR_bicubic/X4/0815x4.png,36.01119240539041,33.69133793280167,0.9335400588489294,0.9144497255752081
DIV2K,0815,detail_v2_masked,/home/ubuntu/scratch/sr-diffusion/benchmark_outputs/detail_v2_masked/DIV2K/0815/detail.png,/home/ubuntu/scratch/sr-diffusion/benchmarks/div2k/DIV2K_valid_HR/0815.png,/home/ubuntu/scratch/sr-diffusion/benchmarks/div2k/DIV2K_valid_LR_bicubic/X4/0815x4.png,36.084899004460055,33.77686797559102,0.9345711659341585,0.9156505401358502
DIV2K,0815,realesrgan,/home/ubuntu/scratch/sr-diffusion/benchmark_outputs/realesrgan/DIV2K/0815/RealESRGAN_x4plus.png,/home/ubuntu/scratch/sr-diffusion/benchmarks/div2k/DIV2K_valid_HR/0815.png,/home/ubuntu/scratch/sr-diffusion/benchmarks/div2k/DIV2K_valid_LR_bicubic/X4/0815x4.png,31.645770764481025,28.534731697190452,0.8946106454899643,0.8484347462650449
DIV2K,0816,bicubic,generated:matlab_bicubic_resize,/home/ubuntu/scratch/sr-diffusion/benchmarks/div2k/DIV2K_valid_HR/0816.png,/home/ubuntu/scratch/sr-diffusion/benchmarks/div2k/DIV2K_valid_LR_bicubic/X4/0816x4.png,31.00305407963418,29.697207748413625,0.8159233707727152,0.7912232439913568
DIV2K,0816,stage2_base,/home/ubuntu/scratch/sr-diffusion/benchmark_outputs/stage2_dual_best98000/DIV2K/0816/base.png,/home/ubuntu/scratch/sr-diffusion/benchmarks/div2k/DIV2K_valid_HR/0816.png,/home/ubuntu/scratch/sr-diffusion/benchmarks/div2k/DIV2K_valid_LR_bicubic/X4/0816x4.png,32.84579520558192,31.505077397452602,0.8574570676972276,0.8361900638248604
DIV2K,0816,latent_adapter_v1,/home/ubuntu/scratch/sr-diffusion/benchmark_outputs/stage2_latent_adapter_v1_best11000/DIV2K/0816/base.png,/home/ubuntu/scratch/sr-diffusion/benchmarks/div2k/DIV2K_valid_HR/0816.png,/home/ubuntu/scratch/sr-diffusion/benchmarks/div2k/DIV2K_valid_LR_bicubic/X4/0816x4.png,32.83694961479292,31.49849229077699,0.8579175799566261,0.8367254796587723
DIV2K,0816,guarded_v2,/home/ubuntu/scratch/sr-diffusion/benchmark_outputs/stage2_guarded_detail_v2_tta_off/DIV2K/0816/base.png,/home/ubuntu/scratch/sr-diffusion/benchmarks/div2k/DIV2K_valid_HR/0816.png,/home/ubuntu/scratch/sr-diffusion/benchmarks/div2k/DIV2K_valid_LR_bicubic/X4/0816x4.png,32.83007305529616,31.49177109513268,0.8582876054554788,0.8371579891495252
DIV2K,0816,guarded_v2_x8,/home/ubuntu/scratch/sr-diffusion/benchmark_outputs/stage2_guarded_detail_v2_tta_x8/DIV2K/0816/base.png,/home/ubuntu/scratch/sr-diffusion/benchmarks/div2k/DIV2K_valid_HR/0816.png,/home/ubuntu/scratch/sr-diffusion/benchmarks/div2k/DIV2K_valid_LR_bicubic/X4/0816x4.png,32.90419677566765,31.573838913692143,0.8601198354413431,0.8393445219957743
DIV2K,0816,detail_v2_masked,/home/ubuntu/scratch/sr-diffusion/benchmark_outputs/detail_v2_masked/DIV2K/0816/detail.png,/home/ubuntu/scratch/sr-diffusion/benchmarks/div2k/DIV2K_valid_HR/0816.png,/home/ubuntu/scratch/sr-diffusion/benchmarks/div2k/DIV2K_valid_LR_bicubic/X4/0816x4.png,32.9613435090097,31.625713224527363,0.8610898091280458,0.84016892875486
DIV2K,0816,realesrgan,/home/ubuntu/scratch/sr-diffusion/benchmark_outputs/realesrgan/DIV2K/0816/RealESRGAN_x4plus.png,/home/ubuntu/scratch/sr-diffusion/benchmarks/div2k/DIV2K_valid_HR/0816.png,/home/ubuntu/scratch/sr-diffusion/benchmarks/div2k/DIV2K_valid_LR_bicubic/X4/0816x4.png,30.195102972339235,28.75045950780432,0.8055664957069388,0.7766207877055464
DIV2K,0817,bicubic,generated:matlab_bicubic_resize,/home/ubuntu/scratch/sr-diffusion/benchmarks/div2k/DIV2K_valid_HR/0817.png,/home/ubuntu/scratch/sr-diffusion/benchmarks/div2k/DIV2K_valid_LR_bicubic/X4/0817x4.png,31.788819354848957,29.948732829223555,0.8670286157101559,0.8460299578435024
DIV2K,0817,stage2_base,/home/ubuntu/scratch/sr-diffusion/benchmark_outputs/stage2_dual_best98000/DIV2K/0817/base.png,/home/ubuntu/scratch/sr-diffusion/benchmarks/div2k/DIV2K_valid_HR/0817.png,/home/ubuntu/scratch/sr-diffusion/benchmarks/div2k/DIV2K_valid_LR_bicubic/X4/0817x4.png,33.210039873632134,31.358645271820144,0.8976190056364779,0.8771294188129141
DIV2K,0817,latent_adapter_v1,/home/ubuntu/scratch/sr-diffusion/benchmark_outputs/stage2_latent_adapter_v1_best11000/DIV2K/0817/base.png,/home/ubuntu/scratch/sr-diffusion/benchmarks/div2k/DIV2K_valid_HR/0817.png,/home/ubuntu/scratch/sr-diffusion/benchmarks/div2k/DIV2K_valid_LR_bicubic/X4/0817x4.png,33.129078469250494,31.29901961073328,0.8975244909975879,0.8770412213409265
DIV2K,0817,guarded_v2,/home/ubuntu/scratch/sr-diffusion/benchmark_outputs/stage2_guarded_detail_v2_tta_off/DIV2K/0817/base.png,/home/ubuntu/scratch/sr-diffusion/benchmarks/div2k/DIV2K_valid_HR/0817.png,/home/ubuntu/scratch/sr-diffusion/benchmarks/div2k/DIV2K_valid_LR_bicubic/X4/0817x4.png,33.07498365625036,31.248417273520825,0.8974428009420744,0.8770053428098077
DIV2K,0817,guarded_v2_x8,/home/ubuntu/scratch/sr-diffusion/benchmark_outputs/stage2_guarded_detail_v2_tta_x8/DIV2K/0817/base.png,/home/ubuntu/scratch/sr-diffusion/benchmarks/div2k/DIV2K_valid_HR/0817.png,/home/ubuntu/scratch/sr-diffusion/benchmarks/div2k/DIV2K_valid_LR_bicubic/X4/0817x4.png,33.23050295751221,31.454198754079297,0.8999156288817528,0.8807295110332549
DIV2K,0817,detail_v2_masked,/home/ubuntu/scratch/sr-diffusion/benchmark_outputs/detail_v2_masked/DIV2K/0817/detail.png,/home/ubuntu/scratch/sr-diffusion/benchmarks/div2k/DIV2K_valid_HR/0817.png,/home/ubuntu/scratch/sr-diffusion/benchmarks/div2k/DIV2K_valid_LR_bicubic/X4/0817x4.png,33.26949034533945,31.44846344978721,0.9006589680901349,0.8809345209914716
DIV2K,0817,realesrgan,/home/ubuntu/scratch/sr-diffusion/benchmark_outputs/realesrgan/DIV2K/0817/RealESRGAN_x4plus.png,/home/ubuntu/scratch/sr-diffusion/benchmarks/div2k/DIV2K_valid_HR/0817.png,/home/ubuntu/scratch/sr-diffusion/benchmarks/div2k/DIV2K_valid_LR_bicubic/X4/0817x4.png,28.73214012136931,24.890888425395357,0.8217513372639693,0.7597660110752594
DIV2K,0818,bicubic,generated:matlab_bicubic_resize,/home/ubuntu/scratch/sr-diffusion/benchmarks/div2k/DIV2K_valid_HR/0818.png,/home/ubuntu/scratch/sr-diffusion/benchmarks/div2k/DIV2K_valid_LR_bicubic/X4/0818x4.png,27.844286231432886,26.551832777424465,0.8601930564322972,0.8465231602733815
DIV2K,0818,stage2_base,/home/ubuntu/scratch/sr-diffusion/benchmark_outputs/stage2_dual_best98000/DIV2K/0818/base.png,/home/ubuntu/scratch/sr-diffusion/benchmarks/div2k/DIV2K_valid_HR/0818.png,/home/ubuntu/scratch/sr-diffusion/benchmarks/div2k/DIV2K_valid_LR_bicubic/X4/0818x4.png,29.87809024392094,28.518943331337123,0.9048483756279588,0.8909912331533786
DIV2K,0818,latent_adapter_v1,/home/ubuntu/scratch/sr-diffusion/benchmark_outputs/stage2_latent_adapter_v1_best11000/DIV2K/0818/base.png,/home/ubuntu/scratch/sr-diffusion/benchmarks/div2k/DIV2K_valid_HR/0818.png,/home/ubuntu/scratch/sr-diffusion/benchmarks/div2k/DIV2K_valid_LR_bicubic/X4/0818x4.png,29.89179360570943,28.530363166430366,0.9055686298463087,0.8914408187830812
DIV2K,0818,guarded_v2,/home/ubuntu/scratch/sr-diffusion/benchmark_outputs/stage2_guarded_detail_v2_tta_off/DIV2K/0818/base.png,/home/ubuntu/scratch/sr-diffusion/benchmarks/div2k/DIV2K_valid_HR/0818.png,/home/ubuntu/scratch/sr-diffusion/benchmarks/div2k/DIV2K_valid_LR_bicubic/X4/0818x4.png,29.898760944643996,28.52700939246227,0.9061211447196035,0.891878086055323
DIV2K,0818,guarded_v2_x8,/home/ubuntu/scratch/sr-diffusion/benchmark_outputs/stage2_guarded_detail_v2_tta_x8/DIV2K/0818/base.png,/home/ubuntu/scratch/sr-diffusion/benchmarks/div2k/DIV2K_valid_HR/0818.png,/home/ubuntu/scratch/sr-diffusion/benchmarks/div2k/DIV2K_valid_LR_bicubic/X4/0818x4.png,29.96885356480858,28.610791875143775,0.9077106179108396,0.8939512707368465
DIV2K,0818,detail_v2_masked,/home/ubuntu/scratch/sr-diffusion/benchmark_outputs/detail_v2_masked/DIV2K/0818/detail.png,/home/ubuntu/scratch/sr-diffusion/benchmarks/div2k/DIV2K_valid_HR/0818.png,/home/ubuntu/scratch/sr-diffusion/benchmarks/div2k/DIV2K_valid_LR_bicubic/X4/0818x4.png,30.0606417086603,28.707980584834903,0.9092155391833597,0.8957471118356638
DIV2K,0818,realesrgan,/home/ubuntu/scratch/sr-diffusion/benchmark_outputs/realesrgan/DIV2K/0818/RealESRGAN_x4plus.png,/home/ubuntu/scratch/sr-diffusion/benchmarks/div2k/DIV2K_valid_HR/0818.png,/home/ubuntu/scratch/sr-diffusion/benchmarks/div2k/DIV2K_valid_LR_bicubic/X4/0818x4.png,26.352405224623983,24.529708964640875,0.8337917864324841,0.7903001226688703
DIV2K,0819,bicubic,generated:matlab_bicubic_resize,/home/ubuntu/scratch/sr-diffusion/benchmarks/div2k/DIV2K_valid_HR/0819.png,/home/ubuntu/scratch/sr-diffusion/benchmarks/div2k/DIV2K_valid_LR_bicubic/X4/0819x4.png,27.95957605572735,26.37853157446488,0.7707426840006759,0.74507536082521
DIV2K,0819,stage2_base,/home/ubuntu/scratch/sr-diffusion/benchmark_outputs/stage2_dual_best98000/DIV2K/0819/base.png,/home/ubuntu/scratch/sr-diffusion/benchmarks/div2k/DIV2K_valid_HR/0819.png,/home/ubuntu/scratch/sr-diffusion/benchmarks/div2k/DIV2K_valid_LR_bicubic/X4/0819x4.png,29.3461375826277,27.721436471526456,0.8291800091716881,0.8084543086263851
DIV2K,0819,latent_adapter_v1,/home/ubuntu/scratch/sr-diffusion/benchmark_outputs/stage2_latent_adapter_v1_best11000/DIV2K/0819/base.png,/home/ubuntu/scratch/sr-diffusion/benchmarks/div2k/DIV2K_valid_HR/0819.png,/home/ubuntu/scratch/sr-diffusion/benchmarks/div2k/DIV2K_valid_LR_bicubic/X4/0819x4.png,29.339787875004543,27.71679315314578,0.8303486046618521,0.8096905158720084
DIV2K,0819,guarded_v2,/home/ubuntu/scratch/sr-diffusion/benchmark_outputs/stage2_guarded_detail_v2_tta_off/DIV2K/0819/base.png,/home/ubuntu/scratch/sr-diffusion/benchmarks/div2k/DIV2K_valid_HR/0819.png,/home/ubuntu/scratch/sr-diffusion/benchmarks/div2k/DIV2K_valid_LR_bicubic/X4/0819x4.png,29.32650486892519,27.70208382574645,0.8314261143085235,0.8108188598747544
DIV2K,0819,guarded_v2_x8,/home/ubuntu/scratch/sr-diffusion/benchmark_outputs/stage2_guarded_detail_v2_tta_x8/DIV2K/0819/base.png,/home/ubuntu/scratch/sr-diffusion/benchmarks/div2k/DIV2K_valid_HR/0819.png,/home/ubuntu/scratch/sr-diffusion/benchmarks/div2k/DIV2K_valid_LR_bicubic/X4/0819x4.png,29.391605183072915,27.772560926468614,0.8332659790724917,0.8130141407417177
DIV2K,0819,detail_v2_masked,/home/ubuntu/scratch/sr-diffusion/benchmark_outputs/detail_v2_masked/DIV2K/0819/detail.png,/home/ubuntu/scratch/sr-diffusion/benchmarks/div2k/DIV2K_valid_HR/0819.png,/home/ubuntu/scratch/sr-diffusion/benchmarks/div2k/DIV2K_valid_LR_bicubic/X4/0819x4.png,29.485656927957958,27.86433458877895,0.8358821245921034,0.8161971022076725
DIV2K,0819,realesrgan,/home/ubuntu/scratch/sr-diffusion/benchmark_outputs/realesrgan/DIV2K/0819/RealESRGAN_x4plus.png,/home/ubuntu/scratch/sr-diffusion/benchmarks/div2k/DIV2K_valid_HR/0819.png,/home/ubuntu/scratch/sr-diffusion/benchmarks/div2k/DIV2K_valid_LR_bicubic/X4/0819x4.png,25.708684880858975,23.8885165377703,0.7134547635438847,0.6672921542690288
DIV2K,0820,bicubic,generated:matlab_bicubic_resize,/home/ubuntu/scratch/sr-diffusion/benchmarks/div2k/DIV2K_valid_HR/0820.png,/home/ubuntu/scratch/sr-diffusion/benchmarks/div2k/DIV2K_valid_LR_bicubic/X4/0820x4.png,23.010632059767715,21.617918585228594,0.6890144914993952,0.6675543918039016
DIV2K,0820,stage2_base,/home/ubuntu/scratch/sr-diffusion/benchmark_outputs/stage2_dual_best98000/DIV2K/0820/base.png,/home/ubuntu/scratch/sr-diffusion/benchmarks/div2k/DIV2K_valid_HR/0820.png,/home/ubuntu/scratch/sr-diffusion/benchmarks/div2k/DIV2K_valid_LR_bicubic/X4/0820x4.png,25.39944935840069,24.008441897471474,0.8050717357050542,0.7895565569108806
DIV2K,0820,latent_adapter_v1,/home/ubuntu/scratch/sr-diffusion/benchmark_outputs/stage2_latent_adapter_v1_best11000/DIV2K/0820/base.png,/home/ubuntu/scratch/sr-diffusion/benchmarks/div2k/DIV2K_valid_HR/0820.png,/home/ubuntu/scratch/sr-diffusion/benchmarks/div2k/DIV2K_valid_LR_bicubic/X4/0820x4.png,25.357360696341246,23.968390524745278,0.8058677447899774,0.7904184562840385
DIV2K,0820,guarded_v2,/home/ubuntu/scratch/sr-diffusion/benchmark_outputs/stage2_guarded_detail_v2_tta_off/DIV2K/0820/base.png,/home/ubuntu/scratch/sr-diffusion/benchmarks/div2k/DIV2K_valid_HR/0820.png,/home/ubuntu/scratch/sr-diffusion/benchmarks/div2k/DIV2K_valid_LR_bicubic/X4/0820x4.png,25.520963922442725,24.125406590376627,0.8085161566678658,0.7931396105893125
DIV2K,0820,guarded_v2_x8,/home/ubuntu/scratch/sr-diffusion/benchmark_outputs/stage2_guarded_detail_v2_tta_x8/DIV2K/0820/base.png,/home/ubuntu/scratch/sr-diffusion/benchmarks/div2k/DIV2K_valid_HR/0820.png,/home/ubuntu/scratch/sr-diffusion/benchmarks/div2k/DIV2K_valid_LR_bicubic/X4/0820x4.png,25.66393702172059,24.275512852858043,0.8112136543500779,0.7962000129302277
DIV2K,0820,detail_v2_masked,/home/ubuntu/scratch/sr-diffusion/benchmark_outputs/detail_v2_masked/DIV2K/0820/detail.png,/home/ubuntu/scratch/sr-diffusion/benchmarks/div2k/DIV2K_valid_HR/0820.png,/home/ubuntu/scratch/sr-diffusion/benchmarks/div2k/DIV2K_valid_LR_bicubic/X4/0820x4.png,25.81360914861557,24.424405976462534,0.8187502936302989,0.8038205524000274
DIV2K,0820,realesrgan,/home/ubuntu/scratch/sr-diffusion/benchmark_outputs/realesrgan/DIV2K/0820/RealESRGAN_x4plus.png,/home/ubuntu/scratch/sr-diffusion/benchmarks/div2k/DIV2K_valid_HR/0820.png,/home/ubuntu/scratch/sr-diffusion/benchmarks/div2k/DIV2K_valid_LR_bicubic/X4/0820x4.png,21.822449763379108,20.388534121827853,0.7037168452807514,0.6772981072136143
DIV2K,0821,bicubic,generated:matlab_bicubic_resize,/home/ubuntu/scratch/sr-diffusion/benchmarks/div2k/DIV2K_valid_HR/0821.png,/home/ubuntu/scratch/sr-diffusion/benchmarks/div2k/DIV2K_valid_LR_bicubic/X4/0821x4.png,26.450391489233557,25.171369469536856,0.8393145324076938,0.8098951567637608
DIV2K,0821,stage2_base,/home/ubuntu/scratch/sr-diffusion/benchmark_outputs/stage2_dual_best98000/DIV2K/0821/base.png,/home/ubuntu/scratch/sr-diffusion/benchmarks/div2k/DIV2K_valid_HR/0821.png,/home/ubuntu/scratch/sr-diffusion/benchmarks/div2k/DIV2K_valid_LR_bicubic/X4/0821x4.png,32.61151315378647,31.146263658830126,0.9321330733610933,0.9134010951094397
DIV2K,0821,latent_adapter_v1,/home/ubuntu/scratch/sr-diffusion/benchmark_outputs/stage2_latent_adapter_v1_best11000/DIV2K/0821/base.png,/home/ubuntu/scratch/sr-diffusion/benchmarks/div2k/DIV2K_valid_HR/0821.png,/home/ubuntu/scratch/sr-diffusion/benchmarks/div2k/DIV2K_valid_LR_bicubic/X4/0821x4.png,32.53888702199395,31.070266980428755,0.9320643213647035,0.9142311519631231
DIV2K,0821,guarded_v2,/home/ubuntu/scratch/sr-diffusion/benchmark_outputs/stage2_guarded_detail_v2_tta_off/DIV2K/0821/base.png,/home/ubuntu/scratch/sr-diffusion/benchmarks/div2k/DIV2K_valid_HR/0821.png,/home/ubuntu/scratch/sr-diffusion/benchmarks/div2k/DIV2K_valid_LR_bicubic/X4/0821x4.png,32.8955708610332,31.46320447122529,0.9337859905519732,0.9159602320884939
DIV2K,0821,guarded_v2_x8,/home/ubuntu/scratch/sr-diffusion/benchmark_outputs/stage2_guarded_detail_v2_tta_x8/DIV2K/0821/base.png,/home/ubuntu/scratch/sr-diffusion/benchmarks/div2k/DIV2K_valid_HR/0821.png,/home/ubuntu/scratch/sr-diffusion/benchmarks/div2k/DIV2K_valid_LR_bicubic/X4/0821x4.png,33.1608121013079,31.764923632071667,0.9363483709540604,0.9198037511651417
DIV2K,0821,detail_v2_masked,/home/ubuntu/scratch/sr-diffusion/benchmark_outputs/detail_v2_masked/DIV2K/0821/detail.png,/home/ubuntu/scratch/sr-diffusion/benchmarks/div2k/DIV2K_valid_HR/0821.png,/home/ubuntu/scratch/sr-diffusion/benchmarks/div2k/DIV2K_valid_LR_bicubic/X4/0821x4.png,33.032648224824385,31.55781357887374,0.938670953528835,0.9207289983698762
DIV2K,0821,realesrgan,/home/ubuntu/scratch/sr-diffusion/benchmark_outputs/realesrgan/DIV2K/0821/RealESRGAN_x4plus.png,/home/ubuntu/scratch/sr-diffusion/benchmarks/div2k/DIV2K_valid_HR/0821.png,/home/ubuntu/scratch/sr-diffusion/benchmarks/div2k/DIV2K_valid_LR_bicubic/X4/0821x4.png,28.402031767560807,26.440426532409663,0.8819502566269104,0.8287389509015783
DIV2K,0822,bicubic,generated:matlab_bicubic_resize,/home/ubuntu/scratch/sr-diffusion/benchmarks/div2k/DIV2K_valid_HR/0822.png,/home/ubuntu/scratch/sr-diffusion/benchmarks/div2k/DIV2K_valid_LR_bicubic/X4/0822x4.png,29.28314948991222,27.977955435337556,0.8080404432984737,0.7837239224104194
DIV2K,0822,stage2_base,/home/ubuntu/scratch/sr-diffusion/benchmark_outputs/stage2_dual_best98000/DIV2K/0822/base.png,/home/ubuntu/scratch/sr-diffusion/benchmarks/div2k/DIV2K_valid_HR/0822.png,/home/ubuntu/scratch/sr-diffusion/benchmarks/div2k/DIV2K_valid_LR_bicubic/X4/0822x4.png,31.75722377880075,30.27446675408929,0.8810699040890368,0.8603308450763995
DIV2K,0822,latent_adapter_v1,/home/ubuntu/scratch/sr-diffusion/benchmark_outputs/stage2_latent_adapter_v1_best11000/DIV2K/0822/base.png,/home/ubuntu/scratch/sr-diffusion/benchmarks/div2k/DIV2K_valid_HR/0822.png,/home/ubuntu/scratch/sr-diffusion/benchmarks/div2k/DIV2K_valid_LR_bicubic/X4/0822x4.png,31.70013700479007,30.234673600104813,0.8812082847590279,0.8606918986854577
DIV2K,0822,guarded_v2,/home/ubuntu/scratch/sr-diffusion/benchmark_outputs/stage2_guarded_detail_v2_tta_off/DIV2K/0822/base.png,/home/ubuntu/scratch/sr-diffusion/benchmarks/div2k/DIV2K_valid_HR/0822.png,/home/ubuntu/scratch/sr-diffusion/benchmarks/div2k/DIV2K_valid_LR_bicubic/X4/0822x4.png,31.687111128012646,30.22420325771005,0.8813078591009681,0.861007754926986
DIV2K,0822,guarded_v2_x8,/home/ubuntu/scratch/sr-diffusion/benchmark_outputs/stage2_guarded_detail_v2_tta_x8/DIV2K/0822/base.png,/home/ubuntu/scratch/sr-diffusion/benchmarks/div2k/DIV2K_valid_HR/0822.png,/home/ubuntu/scratch/sr-diffusion/benchmarks/div2k/DIV2K_valid_LR_bicubic/X4/0822x4.png,31.774039832523616,30.321134545184684,0.8834516308433313,0.8636984281160127
DIV2K,0822,detail_v2_masked,/home/ubuntu/scratch/sr-diffusion/benchmark_outputs/detail_v2_masked/DIV2K/0822/detail.png,/home/ubuntu/scratch/sr-diffusion/benchmarks/div2k/DIV2K_valid_HR/0822.png,/home/ubuntu/scratch/sr-diffusion/benchmarks/div2k/DIV2K_valid_LR_bicubic/X4/0822x4.png,31.931618546703863,30.454804020457964,0.8872733244200636,0.8673546917627392
DIV2K,0822,realesrgan,/home/ubuntu/scratch/sr-diffusion/benchmark_outputs/realesrgan/DIV2K/0822/RealESRGAN_x4plus.png,/home/ubuntu/scratch/sr-diffusion/benchmarks/div2k/DIV2K_valid_HR/0822.png,/home/ubuntu/scratch/sr-diffusion/benchmarks/div2k/DIV2K_valid_LR_bicubic/X4/0822x4.png,26.58550653089322,24.941358616303347,0.780418807161359,0.7073309809770909
DIV2K,0823,bicubic,generated:matlab_bicubic_resize,/home/ubuntu/scratch/sr-diffusion/benchmarks/div2k/DIV2K_valid_HR/0823.png,/home/ubuntu/scratch/sr-diffusion/benchmarks/div2k/DIV2K_valid_LR_bicubic/X4/0823x4.png,25.70637388528983,24.375875469953723,0.7705294852763311,0.7505081697702325
DIV2K,0823,stage2_base,/home/ubuntu/scratch/sr-diffusion/benchmark_outputs/stage2_dual_best98000/DIV2K/0823/base.png,/home/ubuntu/scratch/sr-diffusion/benchmarks/div2k/DIV2K_valid_HR/0823.png,/home/ubuntu/scratch/sr-diffusion/benchmarks/div2k/DIV2K_valid_LR_bicubic/X4/0823x4.png,27.0626279831451,25.711270237148472,0.824121187192384,0.8040589622943269
DIV2K,0823,latent_adapter_v1,/home/ubuntu/scratch/sr-diffusion/benchmark_outputs/stage2_latent_adapter_v1_best11000/DIV2K/0823/base.png,/home/ubuntu/scratch/sr-diffusion/benchmarks/div2k/DIV2K_valid_HR/0823.png,/home/ubuntu/scratch/sr-diffusion/benchmarks/div2k/DIV2K_valid_LR_bicubic/X4/0823x4.png,27.066845738362353,25.719578956588354,0.8251400747802673,0.8050019283563152
DIV2K,0823,guarded_v2,/home/ubuntu/scratch/sr-diffusion/benchmark_outputs/stage2_guarded_detail_v2_tta_off/DIV2K/0823/base.png,/home/ubuntu/scratch/sr-diffusion/benchmarks/div2k/DIV2K_valid_HR/0823.png,/home/ubuntu/scratch/sr-diffusion/benchmarks/div2k/DIV2K_valid_LR_bicubic/X4/0823x4.png,27.059927291686204,25.714150946352795,0.8261865329687097,0.8070038479482221
DIV2K,0823,guarded_v2_x8,/home/ubuntu/scratch/sr-diffusion/benchmark_outputs/stage2_guarded_detail_v2_tta_x8/DIV2K/0823/base.png,/home/ubuntu/scratch/sr-diffusion/benchmarks/div2k/DIV2K_valid_HR/0823.png,/home/ubuntu/scratch/sr-diffusion/benchmarks/div2k/DIV2K_valid_LR_bicubic/X4/0823x4.png,27.11000211759496,25.7699121579452,0.8282985237960598,0.8094761894274908
DIV2K,0823,detail_v2_masked,/home/ubuntu/scratch/sr-diffusion/benchmark_outputs/detail_v2_masked/DIV2K/0823/detail.png,/home/ubuntu/scratch/sr-diffusion/benchmarks/div2k/DIV2K_valid_HR/0823.png,/home/ubuntu/scratch/sr-diffusion/benchmarks/div2k/DIV2K_valid_LR_bicubic/X4/0823x4.png,27.321921512032187,25.975691172672025,0.833630836528888,0.8146330457054267
DIV2K,0823,realesrgan,/home/ubuntu/scratch/sr-diffusion/benchmark_outputs/realesrgan/DIV2K/0823/RealESRGAN_x4plus.png,/home/ubuntu/scratch/sr-diffusion/benchmarks/div2k/DIV2K_valid_HR/0823.png,/home/ubuntu/scratch/sr-diffusion/benchmarks/div2k/DIV2K_valid_LR_bicubic/X4/0823x4.png,24.159826224165673,22.679270097600117,0.7531961422450353,0.6975062701201648
DIV2K,0824,bicubic,generated:matlab_bicubic_resize,/home/ubuntu/scratch/sr-diffusion/benchmarks/div2k/DIV2K_valid_HR/0824.png,/home/ubuntu/scratch/sr-diffusion/benchmarks/div2k/DIV2K_valid_LR_bicubic/X4/0824x4.png,26.72851404137316,25.337210146303015,0.8438952770081909,0.8293048289258164
DIV2K,0824,stage2_base,/home/ubuntu/scratch/sr-diffusion/benchmark_outputs/stage2_dual_best98000/DIV2K/0824/base.png,/home/ubuntu/scratch/sr-diffusion/benchmarks/div2k/DIV2K_valid_HR/0824.png,/home/ubuntu/scratch/sr-diffusion/benchmarks/div2k/DIV2K_valid_LR_bicubic/X4/0824x4.png,29.52885877107689,28.088864258260365,0.8976711869614347,0.884981730416424
DIV2K,0824,latent_adapter_v1,/home/ubuntu/scratch/sr-diffusion/benchmark_outputs/stage2_latent_adapter_v1_best11000/DIV2K/0824/base.png,/home/ubuntu/scratch/sr-diffusion/benchmarks/div2k/DIV2K_valid_HR/0824.png,/home/ubuntu/scratch/sr-diffusion/benchmarks/div2k/DIV2K_valid_LR_bicubic/X4/0824x4.png,29.532254285235368,28.09478704770175,0.8982506603918393,0.8855828839501291
DIV2K,0824,guarded_v2,/home/ubuntu/scratch/sr-diffusion/benchmark_outputs/stage2_guarded_detail_v2_tta_off/DIV2K/0824/base.png,/home/ubuntu/scratch/sr-diffusion/benchmarks/div2k/DIV2K_valid_HR/0824.png,/home/ubuntu/scratch/sr-diffusion/benchmarks/div2k/DIV2K_valid_LR_bicubic/X4/0824x4.png,29.55633089513652,28.118442140624023,0.898903626024394,0.886261767085708
DIV2K,0824,guarded_v2_x8,/home/ubuntu/scratch/sr-diffusion/benchmark_outputs/stage2_guarded_detail_v2_tta_x8/DIV2K/0824/base.png,/home/ubuntu/scratch/sr-diffusion/benchmarks/div2k/DIV2K_valid_HR/0824.png,/home/ubuntu/scratch/sr-diffusion/benchmarks/div2k/DIV2K_valid_LR_bicubic/X4/0824x4.png,29.610440691034885,28.182022264596736,0.8999033760310835,0.8877488627815379
DIV2K,0824,detail_v2_masked,/home/ubuntu/scratch/sr-diffusion/benchmark_outputs/detail_v2_masked/DIV2K/0824/detail.png,/home/ubuntu/scratch/sr-diffusion/benchmarks/div2k/DIV2K_valid_HR/0824.png,/home/ubuntu/scratch/sr-diffusion/benchmarks/div2k/DIV2K_valid_LR_bicubic/X4/0824x4.png,29.882253009328387,28.444994180039487,0.9034061256122103,0.8911951996336835
DIV2K,0824,realesrgan,/home/ubuntu/scratch/sr-diffusion/benchmark_outputs/realesrgan/DIV2K/0824/RealESRGAN_x4plus.png,/home/ubuntu/scratch/sr-diffusion/benchmarks/div2k/DIV2K_valid_HR/0824.png,/home/ubuntu/scratch/sr-diffusion/benchmarks/div2k/DIV2K_valid_LR_bicubic/X4/0824x4.png,26.624405131433146,25.011386003225404,0.8563078247197216,0.8354698264213113
DIV2K,0825,bicubic,generated:matlab_bicubic_resize,/home/ubuntu/scratch/sr-diffusion/benchmarks/div2k/DIV2K_valid_HR/0825.png,/home/ubuntu/scratch/sr-diffusion/benchmarks/div2k/DIV2K_valid_LR_bicubic/X4/0825x4.png,26.15678238943612,24.751175199099258,0.7552285909923018,0.7327109414742417
DIV2K,0825,stage2_base,/home/ubuntu/scratch/sr-diffusion/benchmark_outputs/stage2_dual_best98000/DIV2K/0825/base.png,/home/ubuntu/scratch/sr-diffusion/benchmarks/div2k/DIV2K_valid_HR/0825.png,/home/ubuntu/scratch/sr-diffusion/benchmarks/div2k/DIV2K_valid_LR_bicubic/X4/0825x4.png,28.522943467647792,27.105406626215654,0.8309496233772266,0.8120316636762883
DIV2K,0825,latent_adapter_v1,/home/ubuntu/scratch/sr-diffusion/benchmark_outputs/stage2_latent_adapter_v1_best11000/DIV2K/0825/base.png,/home/ubuntu/scratch/sr-diffusion/benchmarks/div2k/DIV2K_valid_HR/0825.png,/home/ubuntu/scratch/sr-diffusion/benchmarks/div2k/DIV2K_valid_LR_bicubic/X4/0825x4.png,28.517922337284823,27.102367042169007,0.8318955847539123,0.8129992879267366
DIV2K,0825,guarded_v2,/home/ubuntu/scratch/sr-diffusion/benchmark_outputs/stage2_guarded_detail_v2_tta_off/DIV2K/0825/base.png,/home/ubuntu/scratch/sr-diffusion/benchmarks/div2k/DIV2K_valid_HR/0825.png,/home/ubuntu/scratch/sr-diffusion/benchmarks/div2k/DIV2K_valid_LR_bicubic/X4/0825x4.png,28.51354285839603,27.096036381901904,0.8328461560977102,0.8140852651942311
DIV2K,0825,guarded_v2_x8,/home/ubuntu/scratch/sr-diffusion/benchmark_outputs/stage2_guarded_detail_v2_tta_x8/DIV2K/0825/base.png,/home/ubuntu/scratch/sr-diffusion/benchmarks/div2k/DIV2K_valid_HR/0825.png,/home/ubuntu/scratch/sr-diffusion/benchmarks/div2k/DIV2K_valid_LR_bicubic/X4/0825x4.png,28.607692388655916,27.19938920871693,0.834752043457455,0.8165504909376978
DIV2K,0825,detail_v2_masked,/home/ubuntu/scratch/sr-diffusion/benchmark_outputs/detail_v2_masked/DIV2K/0825/detail.png,/home/ubuntu/scratch/sr-diffusion/benchmarks/div2k/DIV2K_valid_HR/0825.png,/home/ubuntu/scratch/sr-diffusion/benchmarks/div2k/DIV2K_valid_LR_bicubic/X4/0825x4.png,28.78218064975536,27.366977973698074,0.8394421309343074,0.8212073460336501
DIV2K,0825,realesrgan,/home/ubuntu/scratch/sr-diffusion/benchmark_outputs/realesrgan/DIV2K/0825/RealESRGAN_x4plus.png,/home/ubuntu/scratch/sr-diffusion/benchmarks/div2k/DIV2K_valid_HR/0825.png,/home/ubuntu/scratch/sr-diffusion/benchmarks/div2k/DIV2K_valid_LR_bicubic/X4/0825x4.png,25.087958878645203,23.341010005191034,0.7302900822897295,0.6906091260009003
DIV2K,0826,bicubic,generated:matlab_bicubic_resize,/home/ubuntu/scratch/sr-diffusion/benchmarks/div2k/DIV2K_valid_HR/0826.png,/home/ubuntu/scratch/sr-diffusion/benchmarks/div2k/DIV2K_valid_LR_bicubic/X4/0826x4.png,24.16530630140638,22.943933081945463,0.7035666673474312,0.6855092764438577
DIV2K,0826,stage2_base,/home/ubuntu/scratch/sr-diffusion/benchmark_outputs/stage2_dual_best98000/DIV2K/0826/base.png,/home/ubuntu/scratch/sr-diffusion/benchmarks/div2k/DIV2K_valid_HR/0826.png,/home/ubuntu/scratch/sr-diffusion/benchmarks/div2k/DIV2K_valid_LR_bicubic/X4/0826x4.png,25.288016646349103,24.051505807354012,0.7701096420703842,0.7530158652491957
DIV2K,0826,latent_adapter_v1,/home/ubuntu/scratch/sr-diffusion/benchmark_outputs/stage2_latent_adapter_v1_best11000/DIV2K/0826/base.png,/home/ubuntu/scratch/sr-diffusion/benchmarks/div2k/DIV2K_valid_HR/0826.png,/home/ubuntu/scratch/sr-diffusion/benchmarks/div2k/DIV2K_valid_LR_bicubic/X4/0826x4.png,25.281879639578744,24.045072540538154,0.7711468629347691,0.7539318084973932
DIV2K,0826,guarded_v2,/home/ubuntu/scratch/sr-diffusion/benchmark_outputs/stage2_guarded_detail_v2_tta_off/DIV2K/0826/base.png,/home/ubuntu/scratch/sr-diffusion/benchmarks/div2k/DIV2K_valid_HR/0826.png,/home/ubuntu/scratch/sr-diffusion/benchmarks/div2k/DIV2K_valid_LR_bicubic/X4/0826x4.png,25.285221182696436,24.048967180142697,0.7721469837817443,0.7550252835904159
DIV2K,0826,guarded_v2_x8,/home/ubuntu/scratch/sr-diffusion/benchmark_outputs/stage2_guarded_detail_v2_tta_x8/DIV2K/0826/base.png,/home/ubuntu/scratch/sr-diffusion/benchmarks/div2k/DIV2K_valid_HR/0826.png,/home/ubuntu/scratch/sr-diffusion/benchmarks/div2k/DIV2K_valid_LR_bicubic/X4/0826x4.png,25.343054604803527,24.11361108518347,0.7737765684877437,0.7570975929248119
DIV2K,0826,detail_v2_masked,/home/ubuntu/scratch/sr-diffusion/benchmark_outputs/detail_v2_masked/DIV2K/0826/detail.png,/home/ubuntu/scratch/sr-diffusion/benchmarks/div2k/DIV2K_valid_HR/0826.png,/home/ubuntu/scratch/sr-diffusion/benchmarks/div2k/DIV2K_valid_LR_bicubic/X4/0826x4.png,25.42537802348121,24.18878256648471,0.7783585979976625,0.7610502256595407
DIV2K,0826,realesrgan,/home/ubuntu/scratch/sr-diffusion/benchmark_outputs/realesrgan/DIV2K/0826/RealESRGAN_x4plus.png,/home/ubuntu/scratch/sr-diffusion/benchmarks/div2k/DIV2K_valid_HR/0826.png,/home/ubuntu/scratch/sr-diffusion/benchmarks/div2k/DIV2K_valid_LR_bicubic/X4/0826x4.png,22.926871224461113,21.337184879882344,0.7065543085749891,0.6597741405148071
DIV2K,0827,bicubic,generated:matlab_bicubic_resize,/home/ubuntu/scratch/sr-diffusion/benchmarks/div2k/DIV2K_valid_HR/0827.png,/home/ubuntu/scratch/sr-diffusion/benchmarks/div2k/DIV2K_valid_LR_bicubic/X4/0827x4.png,31.854097550119796,30.49099731700653,0.8712306061707175,0.8465892177779093
DIV2K,0827,stage2_base,/home/ubuntu/scratch/sr-diffusion/benchmark_outputs/stage2_dual_best98000/DIV2K/0827/base.png,/home/ubuntu/scratch/sr-diffusion/benchmarks/div2k/DIV2K_valid_HR/0827.png,/home/ubuntu/scratch/sr-diffusion/benchmarks/div2k/DIV2K_valid_LR_bicubic/X4/0827x4.png,34.409194895112066,32.99431377471267,0.9006746077271183,0.8787820640783446
DIV2K,0827,latent_adapter_v1,/home/ubuntu/scratch/sr-diffusion/benchmark_outputs/stage2_latent_adapter_v1_best11000/DIV2K/0827/base.png,/home/ubuntu/scratch/sr-diffusion/benchmarks/div2k/DIV2K_valid_HR/0827.png,/home/ubuntu/scratch/sr-diffusion/benchmarks/div2k/DIV2K_valid_LR_bicubic/X4/0827x4.png,34.41168027888566,33.008305366828914,0.9004880945584944,0.8785955461227393
DIV2K,0827,guarded_v2,/home/ubuntu/scratch/sr-diffusion/benchmark_outputs/stage2_guarded_detail_v2_tta_off/DIV2K/0827/base.png,/home/ubuntu/scratch/sr-diffusion/benchmarks/div2k/DIV2K_valid_HR/0827.png,/home/ubuntu/scratch/sr-diffusion/benchmarks/div2k/DIV2K_valid_LR_bicubic/X4/0827x4.png,34.513675693786745,33.109788214410685,0.9013957745488097,0.8796847404468493
DIV2K,0827,guarded_v2_x8,/home/ubuntu/scratch/sr-diffusion/benchmark_outputs/stage2_guarded_detail_v2_tta_x8/DIV2K/0827/base.png,/home/ubuntu/scratch/sr-diffusion/benchmarks/div2k/DIV2K_valid_HR/0827.png,/home/ubuntu/scratch/sr-diffusion/benchmarks/div2k/DIV2K_valid_LR_bicubic/X4/0827x4.png,34.706658702848394,33.3108542935137,0.9031714209749093,0.8818576204007043
DIV2K,0827,detail_v2_masked,/home/ubuntu/scratch/sr-diffusion/benchmark_outputs/detail_v2_masked/DIV2K/0827/detail.png,/home/ubuntu/scratch/sr-diffusion/benchmarks/div2k/DIV2K_valid_HR/0827.png,/home/ubuntu/scratch/sr-diffusion/benchmarks/div2k/DIV2K_valid_LR_bicubic/X4/0827x4.png,34.742802787079505,33.321300209008186,0.9037589675321478,0.8822700745287314
DIV2K,0827,realesrgan,/home/ubuntu/scratch/sr-diffusion/benchmark_outputs/realesrgan/DIV2K/0827/RealESRGAN_x4plus.png,/home/ubuntu/scratch/sr-diffusion/benchmarks/div2k/DIV2K_valid_HR/0827.png,/home/ubuntu/scratch/sr-diffusion/benchmarks/div2k/DIV2K_valid_LR_bicubic/X4/0827x4.png,31.33023025705899,29.692588850209077,0.8622082879263706,0.818577503725801
DIV2K,0828,bicubic,generated:matlab_bicubic_resize,/home/ubuntu/scratch/sr-diffusion/benchmarks/div2k/DIV2K_valid_HR/0828.png,/home/ubuntu/scratch/sr-diffusion/benchmarks/div2k/DIV2K_valid_LR_bicubic/X4/0828x4.png,17.39569011692606,16.453211649848477,0.6771524769222559,0.6455010307601051
DIV2K,0828,stage2_base,/home/ubuntu/scratch/sr-diffusion/benchmark_outputs/stage2_dual_best98000/DIV2K/0828/base.png,/home/ubuntu/scratch/sr-diffusion/benchmarks/div2k/DIV2K_valid_HR/0828.png,/home/ubuntu/scratch/sr-diffusion/benchmarks/div2k/DIV2K_valid_LR_bicubic/X4/0828x4.png,20.71016624023465,19.63741263178536,0.8790822291498499,0.8343356970041512
DIV2K,0828,latent_adapter_v1,/home/ubuntu/scratch/sr-diffusion/benchmark_outputs/stage2_latent_adapter_v1_best11000/DIV2K/0828/base.png,/home/ubuntu/scratch/sr-diffusion/benchmarks/div2k/DIV2K_valid_HR/0828.png,/home/ubuntu/scratch/sr-diffusion/benchmarks/div2k/DIV2K_valid_LR_bicubic/X4/0828x4.png,20.72267272532769,19.640529865282694,0.8800893650902131,0.8348443225404246
DIV2K,0828,guarded_v2,/home/ubuntu/scratch/sr-diffusion/benchmark_outputs/stage2_guarded_detail_v2_tta_off/DIV2K/0828/base.png,/home/ubuntu/scratch/sr-diffusion/benchmarks/div2k/DIV2K_valid_HR/0828.png,/home/ubuntu/scratch/sr-diffusion/benchmarks/div2k/DIV2K_valid_LR_bicubic/X4/0828x4.png,20.771809023988745,19.7087665514918,0.8806851953323883,0.8325769613648691
DIV2K,0828,guarded_v2_x8,/home/ubuntu/scratch/sr-diffusion/benchmark_outputs/stage2_guarded_detail_v2_tta_x8/DIV2K/0828/base.png,/home/ubuntu/scratch/sr-diffusion/benchmarks/div2k/DIV2K_valid_HR/0828.png,/home/ubuntu/scratch/sr-diffusion/benchmarks/div2k/DIV2K_valid_LR_bicubic/X4/0828x4.png,20.86436084172865,19.82330659579429,0.884113573648751,0.8397497457394207
DIV2K,0828,detail_v2_masked,/home/ubuntu/scratch/sr-diffusion/benchmark_outputs/detail_v2_masked/DIV2K/0828/detail.png,/home/ubuntu/scratch/sr-diffusion/benchmarks/div2k/DIV2K_valid_HR/0828.png,/home/ubuntu/scratch/sr-diffusion/benchmarks/div2k/DIV2K_valid_LR_bicubic/X4/0828x4.png,21.664263272331056,20.60967655095709,0.9062785966327243,0.8607216375410615
DIV2K,0828,realesrgan,/home/ubuntu/scratch/sr-diffusion/benchmark_outputs/realesrgan/DIV2K/0828/RealESRGAN_x4plus.png,/home/ubuntu/scratch/sr-diffusion/benchmarks/div2k/DIV2K_valid_HR/0828.png,/home/ubuntu/scratch/sr-diffusion/benchmarks/div2k/DIV2K_valid_LR_bicubic/X4/0828x4.png,19.31678542322171,17.933300687075054,0.845908578854015,0.714590857424174
DIV2K,0829,bicubic,generated:matlab_bicubic_resize,/home/ubuntu/scratch/sr-diffusion/benchmarks/div2k/DIV2K_valid_HR/0829.png,/home/ubuntu/scratch/sr-diffusion/benchmarks/div2k/DIV2K_valid_LR_bicubic/X4/0829x4.png,27.25706643294403,25.9539061447768,0.5485463858688163,0.4987054141568446
DIV2K,0829,stage2_base,/home/ubuntu/scratch/sr-diffusion/benchmark_outputs/stage2_dual_best98000/DIV2K/0829/base.png,/home/ubuntu/scratch/sr-diffusion/benchmarks/div2k/DIV2K_valid_HR/0829.png,/home/ubuntu/scratch/sr-diffusion/benchmarks/div2k/DIV2K_valid_LR_bicubic/X4/0829x4.png,27.82103802973312,26.503232769663555,0.5764942409593694,0.5293377762216925
DIV2K,0829,latent_adapter_v1,/home/ubuntu/scratch/sr-diffusion/benchmark_outputs/stage2_latent_adapter_v1_best11000/DIV2K/0829/base.png,/home/ubuntu/scratch/sr-diffusion/benchmarks/div2k/DIV2K_valid_HR/0829.png,/home/ubuntu/scratch/sr-diffusion/benchmarks/div2k/DIV2K_valid_LR_bicubic/X4/0829x4.png,27.810194134351377,26.495201078778162,0.5774436458158391,0.5303769125205066
DIV2K,0829,guarded_v2,/home/ubuntu/scratch/sr-diffusion/benchmark_outputs/stage2_guarded_detail_v2_tta_off/DIV2K/0829/base.png,/home/ubuntu/scratch/sr-diffusion/benchmarks/div2k/DIV2K_valid_HR/0829.png,/home/ubuntu/scratch/sr-diffusion/benchmarks/div2k/DIV2K_valid_LR_bicubic/X4/0829x4.png,27.81830785240217,26.50129715319681,0.5780899211251874,0.5308105003112426
DIV2K,0829,guarded_v2_x8,/home/ubuntu/scratch/sr-diffusion/benchmark_outputs/stage2_guarded_detail_v2_tta_x8/DIV2K/0829/base.png,/home/ubuntu/scratch/sr-diffusion/benchmarks/div2k/DIV2K_valid_HR/0829.png,/home/ubuntu/scratch/sr-diffusion/benchmarks/div2k/DIV2K_valid_LR_bicubic/X4/0829x4.png,27.84853295189553,26.53485951262221,0.5793463317565746,0.5321594077157056
DIV2K,0829,detail_v2_masked,/home/ubuntu/scratch/sr-diffusion/benchmark_outputs/detail_v2_masked/DIV2K/0829/detail.png,/home/ubuntu/scratch/sr-diffusion/benchmarks/div2k/DIV2K_valid_HR/0829.png,/home/ubuntu/scratch/sr-diffusion/benchmarks/div2k/DIV2K_valid_LR_bicubic/X4/0829x4.png,27.85970533063324,26.546115839208227,0.57874001168962,0.5321284631737683
DIV2K,0829,realesrgan,/home/ubuntu/scratch/sr-diffusion/benchmark_outputs/realesrgan/DIV2K/0829/RealESRGAN_x4plus.png,/home/ubuntu/scratch/sr-diffusion/benchmarks/div2k/DIV2K_valid_HR/0829.png,/home/ubuntu/scratch/sr-diffusion/benchmarks/div2k/DIV2K_valid_LR_bicubic/X4/0829x4.png,26.84287790913683,25.061947892307238,0.5392907085735362,0.47587885388535645
DIV2K,0830,bicubic,generated:matlab_bicubic_resize,/home/ubuntu/scratch/sr-diffusion/benchmarks/div2k/DIV2K_valid_HR/0830.png,/home/ubuntu/scratch/sr-diffusion/benchmarks/div2k/DIV2K_valid_LR_bicubic/X4/0830x4.png,25.12575267992629,23.568442634928097,0.6954199430784254,0.6675536021751868
DIV2K,0830,stage2_base,/home/ubuntu/scratch/sr-diffusion/benchmark_outputs/stage2_dual_best98000/DIV2K/0830/base.png,/home/ubuntu/scratch/sr-diffusion/benchmarks/div2k/DIV2K_valid_HR/0830.png,/home/ubuntu/scratch/sr-diffusion/benchmarks/div2k/DIV2K_valid_LR_bicubic/X4/0830x4.png,25.81411082826588,24.256318278737723,0.737664933149918,0.7119958964126619
DIV2K,0830,latent_adapter_v1,/home/ubuntu/scratch/sr-diffusion/benchmark_outputs/stage2_latent_adapter_v1_best11000/DIV2K/0830/base.png,/home/ubuntu/scratch/sr-diffusion/benchmarks/div2k/DIV2K_valid_HR/0830.png,/home/ubuntu/scratch/sr-diffusion/benchmarks/div2k/DIV2K_valid_LR_bicubic/X4/0830x4.png,25.803710256835014,24.247329537510364,0.7390115531553421,0.7134027625883091
DIV2K,0830,guarded_v2,/home/ubuntu/scratch/sr-diffusion/benchmark_outputs/stage2_guarded_detail_v2_tta_off/DIV2K/0830/base.png,/home/ubuntu/scratch/sr-diffusion/benchmarks/div2k/DIV2K_valid_HR/0830.png,/home/ubuntu/scratch/sr-diffusion/benchmarks/div2k/DIV2K_valid_LR_bicubic/X4/0830x4.png,25.819688158039348,24.2618392292462,0.7412805812685984,0.7157270180544124
DIV2K,0830,guarded_v2_x8,/home/ubuntu/scratch/sr-diffusion/benchmark_outputs/stage2_guarded_detail_v2_tta_x8/DIV2K/0830/base.png,/home/ubuntu/scratch/sr-diffusion/benchmarks/div2k/DIV2K_valid_HR/0830.png,/home/ubuntu/scratch/sr-diffusion/benchmarks/div2k/DIV2K_valid_LR_bicubic/X4/0830x4.png,25.886692171387658,24.328247425275862,0.7431521542464047,0.7177879136246444
DIV2K,0830,detail_v2_masked,/home/ubuntu/scratch/sr-diffusion/benchmark_outputs/detail_v2_masked/DIV2K/0830/detail.png,/home/ubuntu/scratch/sr-diffusion/benchmarks/div2k/DIV2K_valid_HR/0830.png,/home/ubuntu/scratch/sr-diffusion/benchmarks/div2k/DIV2K_valid_LR_bicubic/X4/0830x4.png,25.948810951498558,24.391813242363845,0.7460537326328094,0.7208603097475671
DIV2K,0830,realesrgan,/home/ubuntu/scratch/sr-diffusion/benchmark_outputs/realesrgan/DIV2K/0830/RealESRGAN_x4plus.png,/home/ubuntu/scratch/sr-diffusion/benchmarks/div2k/DIV2K_valid_HR/0830.png,/home/ubuntu/scratch/sr-diffusion/benchmarks/div2k/DIV2K_valid_LR_bicubic/X4/0830x4.png,23.29914904853242,21.748445517964946,0.6616894530418429,0.6280758861789271
DIV2K,0831,bicubic,generated:matlab_bicubic_resize,/home/ubuntu/scratch/sr-diffusion/benchmarks/div2k/DIV2K_valid_HR/0831.png,/home/ubuntu/scratch/sr-diffusion/benchmarks/div2k/DIV2K_valid_LR_bicubic/X4/0831x4.png,28.14138461458141,26.779227016435524,0.8105542933049013,0.7894537114438371
DIV2K,0831,stage2_base,/home/ubuntu/scratch/sr-diffusion/benchmark_outputs/stage2_dual_best98000/DIV2K/0831/base.png,/home/ubuntu/scratch/sr-diffusion/benchmarks/div2k/DIV2K_valid_HR/0831.png,/home/ubuntu/scratch/sr-diffusion/benchmarks/div2k/DIV2K_valid_LR_bicubic/X4/0831x4.png,31.225294579635193,29.833405762401824,0.8834660125777526,0.866190555835043
DIV2K,0831,latent_adapter_v1,/home/ubuntu/scratch/sr-diffusion/benchmark_outputs/stage2_latent_adapter_v1_best11000/DIV2K/0831/base.png,/home/ubuntu/scratch/sr-diffusion/benchmarks/div2k/DIV2K_valid_HR/0831.png,/home/ubuntu/scratch/sr-diffusion/benchmarks/div2k/DIV2K_valid_LR_bicubic/X4/0831x4.png,31.21112879073991,29.827601150493713,0.8840389321280478,0.8667879519756113
DIV2K,0831,guarded_v2,/home/ubuntu/scratch/sr-diffusion/benchmark_outputs/stage2_guarded_detail_v2_tta_off/DIV2K/0831/base.png,/home/ubuntu/scratch/sr-diffusion/benchmarks/div2k/DIV2K_valid_HR/0831.png,/home/ubuntu/scratch/sr-diffusion/benchmarks/div2k/DIV2K_valid_LR_bicubic/X4/0831x4.png,31.255205680587004,29.870629284607332,0.885173449660084,0.8684605669072721
DIV2K,0831,guarded_v2_x8,/home/ubuntu/scratch/sr-diffusion/benchmark_outputs/stage2_guarded_detail_v2_tta_x8/DIV2K/0831/base.png,/home/ubuntu/scratch/sr-diffusion/benchmarks/div2k/DIV2K_valid_HR/0831.png,/home/ubuntu/scratch/sr-diffusion/benchmarks/div2k/DIV2K_valid_LR_bicubic/X4/0831x4.png,31.3375764262957,29.963358329022917,0.8868212473111352,0.870661531191898
DIV2K,0831,detail_v2_masked,/home/ubuntu/scratch/sr-diffusion/benchmark_outputs/detail_v2_masked/DIV2K/0831/detail.png,/home/ubuntu/scratch/sr-diffusion/benchmarks/div2k/DIV2K_valid_HR/0831.png,/home/ubuntu/scratch/sr-diffusion/benchmarks/div2k/DIV2K_valid_LR_bicubic/X4/0831x4.png,31.588782444703092,30.20062654590866,0.8918469568579773,0.8755793911081889
DIV2K,0831,realesrgan,/home/ubuntu/scratch/sr-diffusion/benchmark_outputs/realesrgan/DIV2K/0831/RealESRGAN_x4plus.png,/home/ubuntu/scratch/sr-diffusion/benchmarks/div2k/DIV2K_valid_HR/0831.png,/home/ubuntu/scratch/sr-diffusion/benchmarks/div2k/DIV2K_valid_LR_bicubic/X4/0831x4.png,27.57885541637283,25.897211984317792,0.8131919231034055,0.7663956994683517
DIV2K,0832,bicubic,generated:matlab_bicubic_resize,/home/ubuntu/scratch/sr-diffusion/benchmarks/div2k/DIV2K_valid_HR/0832.png,/home/ubuntu/scratch/sr-diffusion/benchmarks/div2k/DIV2K_valid_LR_bicubic/X4/0832x4.png,29.225716614587753,27.53608584787915,0.8403021315318532,0.8141462926715027
DIV2K,0832,stage2_base,/home/ubuntu/scratch/sr-diffusion/benchmark_outputs/stage2_dual_best98000/DIV2K/0832/base.png,/home/ubuntu/scratch/sr-diffusion/benchmarks/div2k/DIV2K_valid_HR/0832.png,/home/ubuntu/scratch/sr-diffusion/benchmarks/div2k/DIV2K_valid_LR_bicubic/X4/0832x4.png,31.611709089485732,29.90939160653745,0.8938060958610003,0.872829991498922
DIV2K,0832,latent_adapter_v1,/home/ubuntu/scratch/sr-diffusion/benchmark_outputs/stage2_latent_adapter_v1_best11000/DIV2K/0832/base.png,/home/ubuntu/scratch/sr-diffusion/benchmarks/div2k/DIV2K_valid_HR/0832.png,/home/ubuntu/scratch/sr-diffusion/benchmarks/div2k/DIV2K_valid_LR_bicubic/X4/0832x4.png,31.535239575512936,29.847972162126805,0.893780664729861,0.8729054149539014
DIV2K,0832,guarded_v2,/home/ubuntu/scratch/sr-diffusion/benchmark_outputs/stage2_guarded_detail_v2_tta_off/DIV2K/0832/base.png,/home/ubuntu/scratch/sr-diffusion/benchmarks/div2k/DIV2K_valid_HR/0832.png,/home/ubuntu/scratch/sr-diffusion/benchmarks/div2k/DIV2K_valid_LR_bicubic/X4/0832x4.png,31.553582042714595,29.864342505609297,0.8945394350209868,0.8738175843533883
DIV2K,0832,guarded_v2_x8,/home/ubuntu/scratch/sr-diffusion/benchmark_outputs/stage2_guarded_detail_v2_tta_x8/DIV2K/0832/base.png,/home/ubuntu/scratch/sr-diffusion/benchmarks/div2k/DIV2K_valid_HR/0832.png,/home/ubuntu/scratch/sr-diffusion/benchmarks/div2k/DIV2K_valid_LR_bicubic/X4/0832x4.png,31.72250125979302,30.03512991574819,0.8968574010911285,0.8765895157713702
DIV2K,0832,detail_v2_masked,/home/ubuntu/scratch/sr-diffusion/benchmark_outputs/detail_v2_masked/DIV2K/0832/detail.png,/home/ubuntu/scratch/sr-diffusion/benchmarks/div2k/DIV2K_valid_HR/0832.png,/home/ubuntu/scratch/sr-diffusion/benchmarks/div2k/DIV2K_valid_LR_bicubic/X4/0832x4.png,31.84571827360612,30.148490084593153,0.8988578324857256,0.878730272535647
DIV2K,0832,realesrgan,/home/ubuntu/scratch/sr-diffusion/benchmark_outputs/realesrgan/DIV2K/0832/RealESRGAN_x4plus.png,/home/ubuntu/scratch/sr-diffusion/benchmarks/div2k/DIV2K_valid_HR/0832.png,/home/ubuntu/scratch/sr-diffusion/benchmarks/div2k/DIV2K_valid_LR_bicubic/X4/0832x4.png,26.84946930920833,25.117366794697986,0.815769105378444,0.77737603273727
DIV2K,0833,bicubic,generated:matlab_bicubic_resize,/home/ubuntu/scratch/sr-diffusion/benchmarks/div2k/DIV2K_valid_HR/0833.png,/home/ubuntu/scratch/sr-diffusion/benchmarks/div2k/DIV2K_valid_LR_bicubic/X4/0833x4.png,31.420016074736633,30.03113379165754,0.8908395280985896,0.8699477924596066
DIV2K,0833,stage2_base,/home/ubuntu/scratch/sr-diffusion/benchmark_outputs/stage2_dual_best98000/DIV2K/0833/base.png,/home/ubuntu/scratch/sr-diffusion/benchmarks/div2k/DIV2K_valid_HR/0833.png,/home/ubuntu/scratch/sr-diffusion/benchmarks/div2k/DIV2K_valid_LR_bicubic/X4/0833x4.png,35.17576135768656,33.652199181111584,0.9219203885297477,0.9022378205510752
DIV2K,0833,latent_adapter_v1,/home/ubuntu/scratch/sr-diffusion/benchmark_outputs/stage2_latent_adapter_v1_best11000/DIV2K/0833/base.png,/home/ubuntu/scratch/sr-diffusion/benchmarks/div2k/DIV2K_valid_HR/0833.png,/home/ubuntu/scratch/sr-diffusion/benchmarks/div2k/DIV2K_valid_LR_bicubic/X4/0833x4.png,35.142381676062584,33.62876666542202,0.9219845424860732,0.9022696684532238
DIV2K,0833,guarded_v2,/home/ubuntu/scratch/sr-diffusion/benchmark_outputs/stage2_guarded_detail_v2_tta_off/DIV2K/0833/base.png,/home/ubuntu/scratch/sr-diffusion/benchmarks/div2k/DIV2K_valid_HR/0833.png,/home/ubuntu/scratch/sr-diffusion/benchmarks/div2k/DIV2K_valid_LR_bicubic/X4/0833x4.png,35.172344404610364,33.658837740248444,0.9221858450409369,0.9026584213451306
DIV2K,0833,guarded_v2_x8,/home/ubuntu/scratch/sr-diffusion/benchmark_outputs/stage2_guarded_detail_v2_tta_x8/DIV2K/0833/base.png,/home/ubuntu/scratch/sr-diffusion/benchmarks/div2k/DIV2K_valid_HR/0833.png,/home/ubuntu/scratch/sr-diffusion/benchmarks/div2k/DIV2K_valid_LR_bicubic/X4/0833x4.png,35.3358770713717,33.84994561790505,0.9234735887205803,0.9044570753428328
DIV2K,0833,detail_v2_masked,/home/ubuntu/scratch/sr-diffusion/benchmark_outputs/detail_v2_masked/DIV2K/0833/detail.png,/home/ubuntu/scratch/sr-diffusion/benchmarks/div2k/DIV2K_valid_HR/0833.png,/home/ubuntu/scratch/sr-diffusion/benchmarks/div2k/DIV2K_valid_LR_bicubic/X4/0833x4.png,35.481824694873836,33.95836834254333,0.9240511286933247,0.9046054119627454
DIV2K,0833,realesrgan,/home/ubuntu/scratch/sr-diffusion/benchmark_outputs/realesrgan/DIV2K/0833/RealESRGAN_x4plus.png,/home/ubuntu/scratch/sr-diffusion/benchmarks/div2k/DIV2K_valid_HR/0833.png,/home/ubuntu/scratch/sr-diffusion/benchmarks/div2k/DIV2K_valid_LR_bicubic/X4/0833x4.png,31.172640713059508,29.230262122304534,0.894543529663126,0.8641413626327482
DIV2K,0834,bicubic,generated:matlab_bicubic_resize,/home/ubuntu/scratch/sr-diffusion/benchmarks/div2k/DIV2K_valid_HR/0834.png,/home/ubuntu/scratch/sr-diffusion/benchmarks/div2k/DIV2K_valid_LR_bicubic/X4/0834x4.png,25.853368134297575,24.404115364539756,0.7409508668272855,0.7239628432851175
DIV2K,0834,stage2_base,/home/ubuntu/scratch/sr-diffusion/benchmark_outputs/stage2_dual_best98000/DIV2K/0834/base.png,/home/ubuntu/scratch/sr-diffusion/benchmarks/div2k/DIV2K_valid_HR/0834.png,/home/ubuntu/scratch/sr-diffusion/benchmarks/div2k/DIV2K_valid_LR_bicubic/X4/0834x4.png,26.693727350704854,25.23094365240713,0.785320940336951,0.7704828343835365
DIV2K,0834,latent_adapter_v1,/home/ubuntu/scratch/sr-diffusion/benchmark_outputs/stage2_latent_adapter_v1_best11000/DIV2K/0834/base.png,/home/ubuntu/scratch/sr-diffusion/benchmarks/div2k/DIV2K_valid_HR/0834.png,/home/ubuntu/scratch/sr-diffusion/benchmarks/div2k/DIV2K_valid_LR_bicubic/X4/0834x4.png,26.68104088682099,25.21894420402652,0.7865020362976165,0.7716818716334931
DIV2K,0834,guarded_v2,/home/ubuntu/scratch/sr-diffusion/benchmark_outputs/stage2_guarded_detail_v2_tta_off/DIV2K/0834/base.png,/home/ubuntu/scratch/sr-diffusion/benchmarks/div2k/DIV2K_valid_HR/0834.png,/home/ubuntu/scratch/sr-diffusion/benchmarks/div2k/DIV2K_valid_LR_bicubic/X4/0834x4.png,26.6586993589266,25.195952024023786,0.787429564614565,0.7726320217551397
DIV2K,0834,guarded_v2_x8,/home/ubuntu/scratch/sr-diffusion/benchmark_outputs/stage2_guarded_detail_v2_tta_x8/DIV2K/0834/base.png,/home/ubuntu/scratch/sr-diffusion/benchmarks/div2k/DIV2K_valid_HR/0834.png,/home/ubuntu/scratch/sr-diffusion/benchmarks/div2k/DIV2K_valid_LR_bicubic/X4/0834x4.png,26.71755830416665,25.25864241017855,0.7891722492860624,0.7747636423623531
DIV2K,0834,detail_v2_masked,/home/ubuntu/scratch/sr-diffusion/benchmark_outputs/detail_v2_masked/DIV2K/0834/detail.png,/home/ubuntu/scratch/sr-diffusion/benchmarks/div2k/DIV2K_valid_HR/0834.png,/home/ubuntu/scratch/sr-diffusion/benchmarks/div2k/DIV2K_valid_LR_bicubic/X4/0834x4.png,26.78103475378238,25.321353263762912,0.7906675257648363,0.7760849037567553
DIV2K,0834,realesrgan,/home/ubuntu/scratch/sr-diffusion/benchmark_outputs/realesrgan/DIV2K/0834/RealESRGAN_x4plus.png,/home/ubuntu/scratch/sr-diffusion/benchmarks/div2k/DIV2K_valid_HR/0834.png,/home/ubuntu/scratch/sr-diffusion/benchmarks/div2k/DIV2K_valid_LR_bicubic/X4/0834x4.png,24.038841635974112,22.49775512196714,0.71238457989996,0.6884029554645476
DIV2K,0835,bicubic,generated:matlab_bicubic_resize,/home/ubuntu/scratch/sr-diffusion/benchmarks/div2k/DIV2K_valid_HR/0835.png,/home/ubuntu/scratch/sr-diffusion/benchmarks/div2k/DIV2K_valid_LR_bicubic/X4/0835x4.png,23.55993075755734,22.176743757819565,0.5430498668158362,0.5164406757958061
DIV2K,0835,stage2_base,/home/ubuntu/scratch/sr-diffusion/benchmark_outputs/stage2_dual_best98000/DIV2K/0835/base.png,/home/ubuntu/scratch/sr-diffusion/benchmarks/div2k/DIV2K_valid_HR/0835.png,/home/ubuntu/scratch/sr-diffusion/benchmarks/div2k/DIV2K_valid_LR_bicubic/X4/0835x4.png,24.070813618313736,22.684734486600288,0.6094899687747847,0.5875319626024952
DIV2K,0835,latent_adapter_v1,/home/ubuntu/scratch/sr-diffusion/benchmark_outputs/stage2_latent_adapter_v1_best11000/DIV2K/0835/base.png,/home/ubuntu/scratch/sr-diffusion/benchmarks/div2k/DIV2K_valid_HR/0835.png,/home/ubuntu/scratch/sr-diffusion/benchmarks/div2k/DIV2K_valid_LR_bicubic/X4/0835x4.png,24.048043073763452,22.66144359958333,0.611269566840941,0.5893205593595724
DIV2K,0835,guarded_v2,/home/ubuntu/scratch/sr-diffusion/benchmark_outputs/stage2_guarded_detail_v2_tta_off/DIV2K/0835/base.png,/home/ubuntu/scratch/sr-diffusion/benchmarks/div2k/DIV2K_valid_HR/0835.png,/home/ubuntu/scratch/sr-diffusion/benchmarks/div2k/DIV2K_valid_LR_bicubic/X4/0835x4.png,24.04738118108409,22.660972073687397,0.611706227555269,0.5897384414678206
DIV2K,0835,guarded_v2_x8,/home/ubuntu/scratch/sr-diffusion/benchmark_outputs/stage2_guarded_detail_v2_tta_x8/DIV2K/0835/base.png,/home/ubuntu/scratch/sr-diffusion/benchmarks/div2k/DIV2K_valid_HR/0835.png,/home/ubuntu/scratch/sr-diffusion/benchmarks/div2k/DIV2K_valid_LR_bicubic/X4/0835x4.png,24.080197714801216,22.696804750478606,0.6147596423725015,0.593110342800837
DIV2K,0835,detail_v2_masked,/home/ubuntu/scratch/sr-diffusion/benchmark_outputs/detail_v2_masked/DIV2K/0835/detail.png,/home/ubuntu/scratch/sr-diffusion/benchmarks/div2k/DIV2K_valid_HR/0835.png,/home/ubuntu/scratch/sr-diffusion/benchmarks/div2k/DIV2K_valid_LR_bicubic/X4/0835x4.png,24.126060176963207,22.744997240837307,0.6172391928971639,0.5957926652727693
DIV2K,0835,realesrgan,/home/ubuntu/scratch/sr-diffusion/benchmark_outputs/realesrgan/DIV2K/0835/RealESRGAN_x4plus.png,/home/ubuntu/scratch/sr-diffusion/benchmarks/div2k/DIV2K_valid_HR/0835.png,/home/ubuntu/scratch/sr-diffusion/benchmarks/div2k/DIV2K_valid_LR_bicubic/X4/0835x4.png,21.79232873356552,20.352673698345495,0.5024728822974972,0.4384268539652061
DIV2K,0836,bicubic,generated:matlab_bicubic_resize,/home/ubuntu/scratch/sr-diffusion/benchmarks/div2k/DIV2K_valid_HR/0836.png,/home/ubuntu/scratch/sr-diffusion/benchmarks/div2k/DIV2K_valid_LR_bicubic/X4/0836x4.png,24.4980134752776,23.1812210281786,0.7195839126047728,0.6994364652809635
DIV2K,0836,stage2_base,/home/ubuntu/scratch/sr-diffusion/benchmark_outputs/stage2_dual_best98000/DIV2K/0836/base.png,/home/ubuntu/scratch/sr-diffusion/benchmarks/div2k/DIV2K_valid_HR/0836.png,/home/ubuntu/scratch/sr-diffusion/benchmarks/div2k/DIV2K_valid_LR_bicubic/X4/0836x4.png,26.968977758450357,25.63632861889664,0.8073701569071783,0.7884771726043072
DIV2K,0836,latent_adapter_v1,/home/ubuntu/scratch/sr-diffusion/benchmark_outputs/stage2_latent_adapter_v1_best11000/DIV2K/0836/base.png,/home/ubuntu/scratch/sr-diffusion/benchmarks/div2k/DIV2K_valid_HR/0836.png,/home/ubuntu/scratch/sr-diffusion/benchmarks/div2k/DIV2K_valid_LR_bicubic/X4/0836x4.png,26.969109027437888,25.63634473788111,0.8083598534453245,0.7894229497087547
DIV2K,0836,guarded_v2,/home/ubuntu/scratch/sr-diffusion/benchmark_outputs/stage2_guarded_detail_v2_tta_off/DIV2K/0836/base.png,/home/ubuntu/scratch/sr-diffusion/benchmarks/div2k/DIV2K_valid_HR/0836.png,/home/ubuntu/scratch/sr-diffusion/benchmarks/div2k/DIV2K_valid_LR_bicubic/X4/0836x4.png,26.991234837763322,25.657359218690093,0.8098881457132414,0.7910624912892859
DIV2K,0836,guarded_v2_x8,/home/ubuntu/scratch/sr-diffusion/benchmark_outputs/stage2_guarded_detail_v2_tta_x8/DIV2K/0836/base.png,/home/ubuntu/scratch/sr-diffusion/benchmarks/div2k/DIV2K_valid_HR/0836.png,/home/ubuntu/scratch/sr-diffusion/benchmarks/div2k/DIV2K_valid_LR_bicubic/X4/0836x4.png,27.07359376848415,25.748670226379907,0.8118028797213621,0.7935541014294539
DIV2K,0836,detail_v2_masked,/home/ubuntu/scratch/sr-diffusion/benchmark_outputs/detail_v2_masked/DIV2K/0836/detail.png,/home/ubuntu/scratch/sr-diffusion/benchmarks/div2k/DIV2K_valid_HR/0836.png,/home/ubuntu/scratch/sr-diffusion/benchmarks/div2k/DIV2K_valid_LR_bicubic/X4/0836x4.png,27.271935023091842,25.93453604069978,0.8171190080843466,0.7987488898589774
DIV2K,0836,realesrgan,/home/ubuntu/scratch/sr-diffusion/benchmark_outputs/realesrgan/DIV2K/0836/RealESRGAN_x4plus.png,/home/ubuntu/scratch/sr-diffusion/benchmarks/div2k/DIV2K_valid_HR/0836.png,/home/ubuntu/scratch/sr-diffusion/benchmarks/div2k/DIV2K_valid_LR_bicubic/X4/0836x4.png,24.56468896971525,22.880596576576618,0.7520755033239099,0.7175535222313209
DIV2K,0837,bicubic,generated:matlab_bicubic_resize,/home/ubuntu/scratch/sr-diffusion/benchmarks/div2k/DIV2K_valid_HR/0837.png,/home/ubuntu/scratch/sr-diffusion/benchmarks/div2k/DIV2K_valid_LR_bicubic/X4/0837x4.png,25.137499144603122,23.78504123299759,0.7444186636485949,0.7236731173617127
DIV2K,0837,stage2_base,/home/ubuntu/scratch/sr-diffusion/benchmark_outputs/stage2_dual_best98000/DIV2K/0837/base.png,/home/ubuntu/scratch/sr-diffusion/benchmarks/div2k/DIV2K_valid_HR/0837.png,/home/ubuntu/scratch/sr-diffusion/benchmarks/div2k/DIV2K_valid_LR_bicubic/X4/0837x4.png,27.34416638080315,25.969767550460308,0.8375555075058793,0.8221488264125196
DIV2K,0837,latent_adapter_v1,/home/ubuntu/scratch/sr-diffusion/benchmark_outputs/stage2_latent_adapter_v1_best11000/DIV2K/0837/base.png,/home/ubuntu/scratch/sr-diffusion/benchmarks/div2k/DIV2K_valid_HR/0837.png,/home/ubuntu/scratch/sr-diffusion/benchmarks/div2k/DIV2K_valid_LR_bicubic/X4/0837x4.png,27.344844346556894,25.971942797297444,0.838764523847332,0.8233762210043416
DIV2K,0837,guarded_v2,/home/ubuntu/scratch/sr-diffusion/benchmark_outputs/stage2_guarded_detail_v2_tta_off/DIV2K/0837/base.png,/home/ubuntu/scratch/sr-diffusion/benchmarks/div2k/DIV2K_valid_HR/0837.png,/home/ubuntu/scratch/sr-diffusion/benchmarks/div2k/DIV2K_valid_LR_bicubic/X4/0837x4.png,27.353609077410084,25.98024546542689,0.8397151012374745,0.824463258620055
DIV2K,0837,guarded_v2_x8,/home/ubuntu/scratch/sr-diffusion/benchmark_outputs/stage2_guarded_detail_v2_tta_x8/DIV2K/0837/base.png,/home/ubuntu/scratch/sr-diffusion/benchmarks/div2k/DIV2K_valid_HR/0837.png,/home/ubuntu/scratch/sr-diffusion/benchmarks/div2k/DIV2K_valid_LR_bicubic/X4/0837x4.png,27.419838416611448,26.053615058339187,0.8417566538590864,0.826999443349616
DIV2K,0837,detail_v2_masked,/home/ubuntu/scratch/sr-diffusion/benchmark_outputs/detail_v2_masked/DIV2K/0837/detail.png,/home/ubuntu/scratch/sr-diffusion/benchmarks/div2k/DIV2K_valid_HR/0837.png,/home/ubuntu/scratch/sr-diffusion/benchmarks/div2k/DIV2K_valid_LR_bicubic/X4/0837x4.png,27.633369195388244,26.259978664568283,0.848254007928773,0.8335372213260701
DIV2K,0837,realesrgan,/home/ubuntu/scratch/sr-diffusion/benchmark_outputs/realesrgan/DIV2K/0837/RealESRGAN_x4plus.png,/home/ubuntu/scratch/sr-diffusion/benchmarks/div2k/DIV2K_valid_HR/0837.png,/home/ubuntu/scratch/sr-diffusion/benchmarks/div2k/DIV2K_valid_LR_bicubic/X4/0837x4.png,24.67386446696103,22.988522788032792,0.7600775758586948,0.711521832767772
DIV2K,0838,bicubic,generated:matlab_bicubic_resize,/home/ubuntu/scratch/sr-diffusion/benchmarks/div2k/DIV2K_valid_HR/0838.png,/home/ubuntu/scratch/sr-diffusion/benchmarks/div2k/DIV2K_valid_LR_bicubic/X4/0838x4.png,38.58874061016144,36.91729655604777,0.9210635627316786,0.8966391753306858
DIV2K,0838,stage2_base,/home/ubuntu/scratch/sr-diffusion/benchmark_outputs/stage2_dual_best98000/DIV2K/0838/base.png,/home/ubuntu/scratch/sr-diffusion/benchmarks/div2k/DIV2K_valid_HR/0838.png,/home/ubuntu/scratch/sr-diffusion/benchmarks/div2k/DIV2K_valid_LR_bicubic/X4/0838x4.png,39.092106245633936,37.302200619328424,0.9276832274863442,0.904252164577592
DIV2K,0838,latent_adapter_v1,/home/ubuntu/scratch/sr-diffusion/benchmark_outputs/stage2_latent_adapter_v1_best11000/DIV2K/0838/base.png,/home/ubuntu/scratch/sr-diffusion/benchmarks/div2k/DIV2K_valid_HR/0838.png,/home/ubuntu/scratch/sr-diffusion/benchmarks/div2k/DIV2K_valid_LR_bicubic/X4/0838x4.png,38.96950002823252,37.22247448304751,0.9272268612998408,0.9037712646331763
DIV2K,0838,guarded_v2,/home/ubuntu/scratch/sr-diffusion/benchmark_outputs/stage2_guarded_detail_v2_tta_off/DIV2K/0838/base.png,/home/ubuntu/scratch/sr-diffusion/benchmarks/div2k/DIV2K_valid_HR/0838.png,/home/ubuntu/scratch/sr-diffusion/benchmarks/div2k/DIV2K_valid_LR_bicubic/X4/0838x4.png,38.9369997786038,37.14621556145061,0.9275558061873871,0.9041264848537822
DIV2K,0838,guarded_v2_x8,/home/ubuntu/scratch/sr-diffusion/benchmark_outputs/stage2_guarded_detail_v2_tta_x8/DIV2K/0838/base.png,/home/ubuntu/scratch/sr-diffusion/benchmarks/div2k/DIV2K_valid_HR/0838.png,/home/ubuntu/scratch/sr-diffusion/benchmarks/div2k/DIV2K_valid_LR_bicubic/X4/0838x4.png,39.009706906090905,37.23622270173113,0.9284659575762365,0.9055006167877516
DIV2K,0838,detail_v2_masked,/home/ubuntu/scratch/sr-diffusion/benchmark_outputs/detail_v2_masked/DIV2K/0838/detail.png,/home/ubuntu/scratch/sr-diffusion/benchmarks/div2k/DIV2K_valid_HR/0838.png,/home/ubuntu/scratch/sr-diffusion/benchmarks/div2k/DIV2K_valid_LR_bicubic/X4/0838x4.png,39.144861150700685,37.378704644515096,0.92858348990607,0.9054761019331784
DIV2K,0838,realesrgan,/home/ubuntu/scratch/sr-diffusion/benchmark_outputs/realesrgan/DIV2K/0838/RealESRGAN_x4plus.png,/home/ubuntu/scratch/sr-diffusion/benchmarks/div2k/DIV2K_valid_HR/0838.png,/home/ubuntu/scratch/sr-diffusion/benchmarks/div2k/DIV2K_valid_LR_bicubic/X4/0838x4.png,35.76413586134305,33.67402982236442,0.9013181565139238,0.8650728227818578
DIV2K,0839,bicubic,generated:matlab_bicubic_resize,/home/ubuntu/scratch/sr-diffusion/benchmarks/div2k/DIV2K_valid_HR/0839.png,/home/ubuntu/scratch/sr-diffusion/benchmarks/div2k/DIV2K_valid_LR_bicubic/X4/0839x4.png,29.444209110837612,28.14416322728757,0.8011187268899189,0.7846547790335422
DIV2K,0839,stage2_base,/home/ubuntu/scratch/sr-diffusion/benchmark_outputs/stage2_dual_best98000/DIV2K/0839/base.png,/home/ubuntu/scratch/sr-diffusion/benchmarks/div2k/DIV2K_valid_HR/0839.png,/home/ubuntu/scratch/sr-diffusion/benchmarks/div2k/DIV2K_valid_LR_bicubic/X4/0839x4.png,30.176143239561654,28.85027663745762,0.8321982272720341,0.7928491632938485
DIV2K,0839,latent_adapter_v1,/home/ubuntu/scratch/sr-diffusion/benchmark_outputs/stage2_latent_adapter_v1_best11000/DIV2K/0839/base.png,/home/ubuntu/scratch/sr-diffusion/benchmarks/div2k/DIV2K_valid_HR/0839.png,/home/ubuntu/scratch/sr-diffusion/benchmarks/div2k/DIV2K_valid_LR_bicubic/X4/0839x4.png,30.185562972921467,28.856997581879643,0.8330332893650833,0.793804828160059
DIV2K,0839,guarded_v2,/home/ubuntu/scratch/sr-diffusion/benchmark_outputs/stage2_guarded_detail_v2_tta_off/DIV2K/0839/base.png,/home/ubuntu/scratch/sr-diffusion/benchmarks/div2k/DIV2K_valid_HR/0839.png,/home/ubuntu/scratch/sr-diffusion/benchmarks/div2k/DIV2K_valid_LR_bicubic/X4/0839x4.png,30.201142956935417,28.872813536853386,0.8334495049833222,0.7944009391712609
DIV2K,0839,guarded_v2_x8,/home/ubuntu/scratch/sr-diffusion/benchmark_outputs/stage2_guarded_detail_v2_tta_x8/DIV2K/0839/base.png,/home/ubuntu/scratch/sr-diffusion/benchmarks/div2k/DIV2K_valid_HR/0839.png,/home/ubuntu/scratch/sr-diffusion/benchmarks/div2k/DIV2K_valid_LR_bicubic/X4/0839x4.png,30.264430255950426,28.946580547087642,0.8341446243271423,0.7956215015904226
DIV2K,0839,detail_v2_masked,/home/ubuntu/scratch/sr-diffusion/benchmark_outputs/detail_v2_masked/DIV2K/0839/detail.png,/home/ubuntu/scratch/sr-diffusion/benchmarks/div2k/DIV2K_valid_HR/0839.png,/home/ubuntu/scratch/sr-diffusion/benchmarks/div2k/DIV2K_valid_LR_bicubic/X4/0839x4.png,30.22366095101483,28.910234636154097,0.8345448583900131,0.7848122409423697
DIV2K,0839,realesrgan,/home/ubuntu/scratch/sr-diffusion/benchmark_outputs/realesrgan/DIV2K/0839/RealESRGAN_x4plus.png,/home/ubuntu/scratch/sr-diffusion/benchmarks/div2k/DIV2K_valid_HR/0839.png,/home/ubuntu/scratch/sr-diffusion/benchmarks/div2k/DIV2K_valid_LR_bicubic/X4/0839x4.png,27.275351677078106,25.829628956390216,0.7714486651875596,0.741120350284763
DIV2K,0840,bicubic,generated:matlab_bicubic_resize,/home/ubuntu/scratch/sr-diffusion/benchmarks/div2k/DIV2K_valid_HR/0840.png,/home/ubuntu/scratch/sr-diffusion/benchmarks/div2k/DIV2K_valid_LR_bicubic/X4/0840x4.png,28.37692160995907,27.000884377212717,0.7777173188993565,0.7563137198922415
DIV2K,0840,stage2_base,/home/ubuntu/scratch/sr-diffusion/benchmark_outputs/stage2_dual_best98000/DIV2K/0840/base.png,/home/ubuntu/scratch/sr-diffusion/benchmarks/div2k/DIV2K_valid_HR/0840.png,/home/ubuntu/scratch/sr-diffusion/benchmarks/div2k/DIV2K_valid_LR_bicubic/X4/0840x4.png,29.64953457485855,28.257149047897563,0.8267017008655051,0.8091570556858909
DIV2K,0840,latent_adapter_v1,/home/ubuntu/scratch/sr-diffusion/benchmark_outputs/stage2_latent_adapter_v1_best11000/DIV2K/0840/base.png,/home/ubuntu/scratch/sr-diffusion/benchmarks/div2k/DIV2K_valid_HR/0840.png,/home/ubuntu/scratch/sr-diffusion/benchmarks/div2k/DIV2K_valid_LR_bicubic/X4/0840x4.png,29.646482315510582,28.257953730977704,0.8276638146336073,0.8103905815745849
DIV2K,0840,guarded_v2,/home/ubuntu/scratch/sr-diffusion/benchmark_outputs/stage2_guarded_detail_v2_tta_off/DIV2K/0840/base.png,/home/ubuntu/scratch/sr-diffusion/benchmarks/div2k/DIV2K_valid_HR/0840.png,/home/ubuntu/scratch/sr-diffusion/benchmarks/div2k/DIV2K_valid_LR_bicubic/X4/0840x4.png,29.649680380903423,28.261166591949646,0.8279022275808802,0.8107298165753146
DIV2K,0840,guarded_v2_x8,/home/ubuntu/scratch/sr-diffusion/benchmark_outputs/stage2_guarded_detail_v2_tta_x8/DIV2K/0840/base.png,/home/ubuntu/scratch/sr-diffusion/benchmarks/div2k/DIV2K_valid_HR/0840.png,/home/ubuntu/scratch/sr-diffusion/benchmarks/div2k/DIV2K_valid_LR_bicubic/X4/0840x4.png,29.694071275724184,28.310038277254762,0.8291533160496717,0.8122400044134097
DIV2K,0840,detail_v2_masked,/home/ubuntu/scratch/sr-diffusion/benchmark_outputs/detail_v2_masked/DIV2K/0840/detail.png,/home/ubuntu/scratch/sr-diffusion/benchmarks/div2k/DIV2K_valid_HR/0840.png,/home/ubuntu/scratch/sr-diffusion/benchmarks/div2k/DIV2K_valid_LR_bicubic/X4/0840x4.png,29.701348224303125,28.309956983867366,0.8303091477915289,0.8130971321123219
DIV2K,0840,realesrgan,/home/ubuntu/scratch/sr-diffusion/benchmark_outputs/realesrgan/DIV2K/0840/RealESRGAN_x4plus.png,/home/ubuntu/scratch/sr-diffusion/benchmarks/div2k/DIV2K_valid_HR/0840.png,/home/ubuntu/scratch/sr-diffusion/benchmarks/div2k/DIV2K_valid_LR_bicubic/X4/0840x4.png,27.284186786138378,25.806840830248582,0.7626880555266629,0.7228795780371352
DIV2K,0841,bicubic,generated:matlab_bicubic_resize,/home/ubuntu/scratch/sr-diffusion/benchmarks/div2k/DIV2K_valid_HR/0841.png,/home/ubuntu/scratch/sr-diffusion/benchmarks/div2k/DIV2K_valid_LR_bicubic/X4/0841x4.png,27.61888247768015,26.20629057688246,0.8119890574807829,0.7926534278558516
DIV2K,0841,stage2_base,/home/ubuntu/scratch/sr-diffusion/benchmark_outputs/stage2_dual_best98000/DIV2K/0841/base.png,/home/ubuntu/scratch/sr-diffusion/benchmarks/div2k/DIV2K_valid_HR/0841.png,/home/ubuntu/scratch/sr-diffusion/benchmarks/div2k/DIV2K_valid_LR_bicubic/X4/0841x4.png,29.161929023717192,27.745575033657776,0.8659439199883586,0.8489390217010415
DIV2K,0841,latent_adapter_v1,/home/ubuntu/scratch/sr-diffusion/benchmark_outputs/stage2_latent_adapter_v1_best11000/DIV2K/0841/base.png,/home/ubuntu/scratch/sr-diffusion/benchmarks/div2k/DIV2K_valid_HR/0841.png,/home/ubuntu/scratch/sr-diffusion/benchmarks/div2k/DIV2K_valid_LR_bicubic/X4/0841x4.png,29.149335041776276,27.736108704007876,0.8664877176175912,0.8495655510945687
DIV2K,0841,guarded_v2,/home/ubuntu/scratch/sr-diffusion/benchmark_outputs/stage2_guarded_detail_v2_tta_off/DIV2K/0841/base.png,/home/ubuntu/scratch/sr-diffusion/benchmarks/div2k/DIV2K_valid_HR/0841.png,/home/ubuntu/scratch/sr-diffusion/benchmarks/div2k/DIV2K_valid_LR_bicubic/X4/0841x4.png,29.13971119602437,27.727191826389866,0.867074731782342,0.8501683964950191
DIV2K,0841,guarded_v2_x8,/home/ubuntu/scratch/sr-diffusion/benchmark_outputs/stage2_guarded_detail_v2_tta_x8/DIV2K/0841/base.png,/home/ubuntu/scratch/sr-diffusion/benchmarks/div2k/DIV2K_valid_HR/0841.png,/home/ubuntu/scratch/sr-diffusion/benchmarks/div2k/DIV2K_valid_LR_bicubic/X4/0841x4.png,29.22578269387134,27.818837486775216,0.869156289310781,0.8527762560084953
DIV2K,0841,detail_v2_masked,/home/ubuntu/scratch/sr-diffusion/benchmark_outputs/detail_v2_masked/DIV2K/0841/detail.png,/home/ubuntu/scratch/sr-diffusion/benchmarks/div2k/DIV2K_valid_HR/0841.png,/home/ubuntu/scratch/sr-diffusion/benchmarks/div2k/DIV2K_valid_LR_bicubic/X4/0841x4.png,29.35885133349632,27.94623884704177,0.872841598488612,0.8564797439657124
DIV2K,0841,realesrgan,/home/ubuntu/scratch/sr-diffusion/benchmark_outputs/realesrgan/DIV2K/0841/RealESRGAN_x4plus.png,/home/ubuntu/scratch/sr-diffusion/benchmarks/div2k/DIV2K_valid_HR/0841.png,/home/ubuntu/scratch/sr-diffusion/benchmarks/div2k/DIV2K_valid_LR_bicubic/X4/0841x4.png,25.576382783032816,24.062140471856203,0.7904533516850968,0.7588592337301147
DIV2K,0842,bicubic,generated:matlab_bicubic_resize,/home/ubuntu/scratch/sr-diffusion/benchmarks/div2k/DIV2K_valid_HR/0842.png,/home/ubuntu/scratch/sr-diffusion/benchmarks/div2k/DIV2K_valid_LR_bicubic/X4/0842x4.png,29.58260866669736,28.35307873802314,0.8319339139489491,0.8162910929554587
DIV2K,0842,stage2_base,/home/ubuntu/scratch/sr-diffusion/benchmark_outputs/stage2_dual_best98000/DIV2K/0842/base.png,/home/ubuntu/scratch/sr-diffusion/benchmarks/div2k/DIV2K_valid_HR/0842.png,/home/ubuntu/scratch/sr-diffusion/benchmarks/div2k/DIV2K_valid_LR_bicubic/X4/0842x4.png,30.578612709321774,29.31282072210418,0.8628203474443137,0.8492424925220677
DIV2K,0842,latent_adapter_v1,/home/ubuntu/scratch/sr-diffusion/benchmark_outputs/stage2_latent_adapter_v1_best11000/DIV2K/0842/base.png,/home/ubuntu/scratch/sr-diffusion/benchmarks/div2k/DIV2K_valid_HR/0842.png,/home/ubuntu/scratch/sr-diffusion/benchmarks/div2k/DIV2K_valid_LR_bicubic/X4/0842x4.png,30.522352632558906,29.25844365595154,0.8629006722400979,0.8493480548156032
DIV2K,0842,guarded_v2,/home/ubuntu/scratch/sr-diffusion/benchmark_outputs/stage2_guarded_detail_v2_tta_off/DIV2K/0842/base.png,/home/ubuntu/scratch/sr-diffusion/benchmarks/div2k/DIV2K_valid_HR/0842.png,/home/ubuntu/scratch/sr-diffusion/benchmarks/div2k/DIV2K_valid_LR_bicubic/X4/0842x4.png,30.510306947761702,29.246738640777394,0.8632492232699885,0.8497453500517023
DIV2K,0842,guarded_v2_x8,/home/ubuntu/scratch/sr-diffusion/benchmark_outputs/stage2_guarded_detail_v2_tta_x8/DIV2K/0842/base.png,/home/ubuntu/scratch/sr-diffusion/benchmarks/div2k/DIV2K_valid_HR/0842.png,/home/ubuntu/scratch/sr-diffusion/benchmarks/div2k/DIV2K_valid_LR_bicubic/X4/0842x4.png,30.58308432074182,29.326970487964967,0.8650815285756925,0.8520020148748895
DIV2K,0842,detail_v2_masked,/home/ubuntu/scratch/sr-diffusion/benchmark_outputs/detail_v2_masked/DIV2K/0842/detail.png,/home/ubuntu/scratch/sr-diffusion/benchmarks/div2k/DIV2K_valid_HR/0842.png,/home/ubuntu/scratch/sr-diffusion/benchmarks/div2k/DIV2K_valid_LR_bicubic/X4/0842x4.png,30.651230007714155,29.400343500101904,0.8656676649475534,0.8523493379498075
DIV2K,0842,realesrgan,/home/ubuntu/scratch/sr-diffusion/benchmark_outputs/realesrgan/DIV2K/0842/RealESRGAN_x4plus.png,/home/ubuntu/scratch/sr-diffusion/benchmarks/div2k/DIV2K_valid_HR/0842.png,/home/ubuntu/scratch/sr-diffusion/benchmarks/div2k/DIV2K_valid_LR_bicubic/X4/0842x4.png,27.540533589147138,26.154582155625903,0.8058721408879459,0.7844070872533365
DIV2K,0843,bicubic,generated:matlab_bicubic_resize,/home/ubuntu/scratch/sr-diffusion/benchmarks/div2k/DIV2K_valid_HR/0843.png,/home/ubuntu/scratch/sr-diffusion/benchmarks/div2k/DIV2K_valid_LR_bicubic/X4/0843x4.png,38.79516168124559,37.04508902587868,0.9791280394714008,0.9715153376891975
DIV2K,0843,stage2_base,/home/ubuntu/scratch/sr-diffusion/benchmark_outputs/stage2_dual_best98000/DIV2K/0843/base.png,/home/ubuntu/scratch/sr-diffusion/benchmarks/div2k/DIV2K_valid_HR/0843.png,/home/ubuntu/scratch/sr-diffusion/benchmarks/div2k/DIV2K_valid_LR_bicubic/X4/0843x4.png,42.64317888057605,40.43156313375804,0.9844767708712857,0.9767422667371135
DIV2K,0843,latent_adapter_v1,/home/ubuntu/scratch/sr-diffusion/benchmark_outputs/stage2_latent_adapter_v1_best11000/DIV2K/0843/base.png,/home/ubuntu/scratch/sr-diffusion/benchmarks/div2k/DIV2K_valid_HR/0843.png,/home/ubuntu/scratch/sr-diffusion/benchmarks/div2k/DIV2K_valid_LR_bicubic/X4/0843x4.png,42.55983906906451,40.47827417801335,0.9844136613985162,0.9766903948391872
DIV2K,0843,guarded_v2,/home/ubuntu/scratch/sr-diffusion/benchmark_outputs/stage2_guarded_detail_v2_tta_off/DIV2K/0843/base.png,/home/ubuntu/scratch/sr-diffusion/benchmarks/div2k/DIV2K_valid_HR/0843.png,/home/ubuntu/scratch/sr-diffusion/benchmarks/div2k/DIV2K_valid_LR_bicubic/X4/0843x4.png,42.60665370437014,40.514986507240025,0.9845319905551132,0.9768134959984881
DIV2K,0843,guarded_v2_x8,/home/ubuntu/scratch/sr-diffusion/benchmark_outputs/stage2_guarded_detail_v2_tta_x8/DIV2K/0843/base.png,/home/ubuntu/scratch/sr-diffusion/benchmarks/div2k/DIV2K_valid_HR/0843.png,/home/ubuntu/scratch/sr-diffusion/benchmarks/div2k/DIV2K_valid_LR_bicubic/X4/0843x4.png,42.69290768709312,40.642513412019184,0.9847932402546958,0.9773908754485013
DIV2K,0843,detail_v2_masked,/home/ubuntu/scratch/sr-diffusion/benchmark_outputs/detail_v2_masked/DIV2K/0843/detail.png,/home/ubuntu/scratch/sr-diffusion/benchmarks/div2k/DIV2K_valid_HR/0843.png,/home/ubuntu/scratch/sr-diffusion/benchmarks/div2k/DIV2K_valid_LR_bicubic/X4/0843x4.png,43.088491324646334,40.82056229095418,0.9849735255420542,0.9772890925796656
DIV2K,0843,realesrgan,/home/ubuntu/scratch/sr-diffusion/benchmark_outputs/realesrgan/DIV2K/0843/RealESRGAN_x4plus.png,/home/ubuntu/scratch/sr-diffusion/benchmarks/div2k/DIV2K_valid_HR/0843.png,/home/ubuntu/scratch/sr-diffusion/benchmarks/div2k/DIV2K_valid_LR_bicubic/X4/0843x4.png,35.5757529971465,34.14520093178187,0.9725677420152964,0.9390785983748872
DIV2K,0844,bicubic,generated:matlab_bicubic_resize,/home/ubuntu/scratch/sr-diffusion/benchmarks/div2k/DIV2K_valid_HR/0844.png,/home/ubuntu/scratch/sr-diffusion/benchmarks/div2k/DIV2K_valid_LR_bicubic/X4/0844x4.png,39.984156546854365,37.93295091421095,0.9839795531714791,0.9769001107656626
DIV2K,0844,stage2_base,/home/ubuntu/scratch/sr-diffusion/benchmark_outputs/stage2_dual_best98000/DIV2K/0844/base.png,/home/ubuntu/scratch/sr-diffusion/benchmarks/div2k/DIV2K_valid_HR/0844.png,/home/ubuntu/scratch/sr-diffusion/benchmarks/div2k/DIV2K_valid_LR_bicubic/X4/0844x4.png,44.67304470323472,41.50937096327199,0.9897500367894357,0.9823052373489528
DIV2K,0844,latent_adapter_v1,/home/ubuntu/scratch/sr-diffusion/benchmark_outputs/stage2_latent_adapter_v1_best11000/DIV2K/0844/base.png,/home/ubuntu/scratch/sr-diffusion/benchmarks/div2k/DIV2K_valid_HR/0844.png,/home/ubuntu/scratch/sr-diffusion/benchmarks/div2k/DIV2K_valid_LR_bicubic/X4/0844x4.png,44.5062922625825,41.41172250842543,0.9896142532220508,0.9821675799580847
DIV2K,0844,guarded_v2,/home/ubuntu/scratch/sr-diffusion/benchmark_outputs/stage2_guarded_detail_v2_tta_off/DIV2K/0844/base.png,/home/ubuntu/scratch/sr-diffusion/benchmarks/div2k/DIV2K_valid_HR/0844.png,/home/ubuntu/scratch/sr-diffusion/benchmarks/div2k/DIV2K_valid_LR_bicubic/X4/0844x4.png,43.95025774628583,40.991496166097235,0.989423660767124,0.9819756106916069
DIV2K,0844,guarded_v2_x8,/home/ubuntu/scratch/sr-diffusion/benchmark_outputs/stage2_guarded_detail_v2_tta_x8/DIV2K/0844/base.png,/home/ubuntu/scratch/sr-diffusion/benchmarks/div2k/DIV2K_valid_HR/0844.png,/home/ubuntu/scratch/sr-diffusion/benchmarks/div2k/DIV2K_valid_LR_bicubic/X4/0844x4.png,44.45643694436809,41.57075342610085,0.9904298597248934,0.9836249280214
DIV2K,0844,detail_v2_masked,/home/ubuntu/scratch/sr-diffusion/benchmark_outputs/detail_v2_masked/DIV2K/0844/detail.png,/home/ubuntu/scratch/sr-diffusion/benchmarks/div2k/DIV2K_valid_HR/0844.png,/home/ubuntu/scratch/sr-diffusion/benchmarks/div2k/DIV2K_valid_LR_bicubic/X4/0844x4.png,45.075719712022384,41.863692339367375,0.9908104754970198,0.9834552778839426
DIV2K,0844,realesrgan,/home/ubuntu/scratch/sr-diffusion/benchmark_outputs/realesrgan/DIV2K/0844/RealESRGAN_x4plus.png,/home/ubuntu/scratch/sr-diffusion/benchmarks/div2k/DIV2K_valid_HR/0844.png,/home/ubuntu/scratch/sr-diffusion/benchmarks/div2k/DIV2K_valid_LR_bicubic/X4/0844x4.png,38.001721586703084,33.6442489481497,0.9769202596661335,0.9625617179575867
DIV2K,0845,bicubic,generated:matlab_bicubic_resize,/home/ubuntu/scratch/sr-diffusion/benchmarks/div2k/DIV2K_valid_HR/0845.png,/home/ubuntu/scratch/sr-diffusion/benchmarks/div2k/DIV2K_valid_LR_bicubic/X4/0845x4.png,22.771336688509614,21.417171560474163,0.6744974205793997,0.646723376957475
DIV2K,0845,stage2_base,/home/ubuntu/scratch/sr-diffusion/benchmark_outputs/stage2_dual_best98000/DIV2K/0845/base.png,/home/ubuntu/scratch/sr-diffusion/benchmarks/div2k/DIV2K_valid_HR/0845.png,/home/ubuntu/scratch/sr-diffusion/benchmarks/div2k/DIV2K_valid_LR_bicubic/X4/0845x4.png,24.889682498160024,23.508940507277284,0.7786545671737775,0.7530096538851104
DIV2K,0845,latent_adapter_v1,/home/ubuntu/scratch/sr-diffusion/benchmark_outputs/stage2_latent_adapter_v1_best11000/DIV2K/0845/base.png,/home/ubuntu/scratch/sr-diffusion/benchmarks/div2k/DIV2K_valid_HR/0845.png,/home/ubuntu/scratch/sr-diffusion/benchmarks/div2k/DIV2K_valid_LR_bicubic/X4/0845x4.png,24.854579495773592,23.47589824584319,0.7794371234808752,0.7537111791329977
DIV2K,0845,guarded_v2,/home/ubuntu/scratch/sr-diffusion/benchmark_outputs/stage2_guarded_detail_v2_tta_off/DIV2K/0845/base.png,/home/ubuntu/scratch/sr-diffusion/benchmarks/div2k/DIV2K_valid_HR/0845.png,/home/ubuntu/scratch/sr-diffusion/benchmarks/div2k/DIV2K_valid_LR_bicubic/X4/0845x4.png,24.934594186816007,23.5545450195818,0.7799719896322226,0.7546539953938143
DIV2K,0845,guarded_v2_x8,/home/ubuntu/scratch/sr-diffusion/benchmark_outputs/stage2_guarded_detail_v2_tta_x8/DIV2K/0845/base.png,/home/ubuntu/scratch/sr-diffusion/benchmarks/div2k/DIV2K_valid_HR/0845.png,/home/ubuntu/scratch/sr-diffusion/benchmarks/div2k/DIV2K_valid_LR_bicubic/X4/0845x4.png,25.01939571902993,23.648399460149836,0.7823912776304177,0.757665379940783
DIV2K,0845,detail_v2_masked,/home/ubuntu/scratch/sr-diffusion/benchmark_outputs/detail_v2_masked/DIV2K/0845/detail.png,/home/ubuntu/scratch/sr-diffusion/benchmarks/div2k/DIV2K_valid_HR/0845.png,/home/ubuntu/scratch/sr-diffusion/benchmarks/div2k/DIV2K_valid_LR_bicubic/X4/0845x4.png,25.240244172411877,23.866754957313173,0.7914781928527518,0.7666750439640325
DIV2K,0845,realesrgan,/home/ubuntu/scratch/sr-diffusion/benchmark_outputs/realesrgan/DIV2K/0845/RealESRGAN_x4plus.png,/home/ubuntu/scratch/sr-diffusion/benchmarks/div2k/DIV2K_valid_HR/0845.png,/home/ubuntu/scratch/sr-diffusion/benchmarks/div2k/DIV2K_valid_LR_bicubic/X4/0845x4.png,20.565125719744106,19.17241720505391,0.7077288991273154,0.6569676856223263
DIV2K,0846,bicubic,generated:matlab_bicubic_resize,/home/ubuntu/scratch/sr-diffusion/benchmarks/div2k/DIV2K_valid_HR/0846.png,/home/ubuntu/scratch/sr-diffusion/benchmarks/div2k/DIV2K_valid_LR_bicubic/X4/0846x4.png,23.51793099963556,22.18363916800381,0.7167937902475218,0.6881915441559089
DIV2K,0846,stage2_base,/home/ubuntu/scratch/sr-diffusion/benchmark_outputs/stage2_dual_best98000/DIV2K/0846/base.png,/home/ubuntu/scratch/sr-diffusion/benchmarks/div2k/DIV2K_valid_HR/0846.png,/home/ubuntu/scratch/sr-diffusion/benchmarks/div2k/DIV2K_valid_LR_bicubic/X4/0846x4.png,26.362172388877717,25.028873419910834,0.8048883774408554,0.7851432925184522
DIV2K,0846,latent_adapter_v1,/home/ubuntu/scratch/sr-diffusion/benchmark_outputs/stage2_latent_adapter_v1_best11000/DIV2K/0846/base.png,/home/ubuntu/scratch/sr-diffusion/benchmarks/div2k/DIV2K_valid_HR/0846.png,/home/ubuntu/scratch/sr-diffusion/benchmarks/div2k/DIV2K_valid_LR_bicubic/X4/0846x4.png,26.371818620260377,25.039040467413653,0.8056399801492758,0.7861356491459079
DIV2K,0846,guarded_v2,/home/ubuntu/scratch/sr-diffusion/benchmark_outputs/stage2_guarded_detail_v2_tta_off/DIV2K/0846/base.png,/home/ubuntu/scratch/sr-diffusion/benchmarks/div2k/DIV2K_valid_HR/0846.png,/home/ubuntu/scratch/sr-diffusion/benchmarks/div2k/DIV2K_valid_LR_bicubic/X4/0846x4.png,26.374656587006157,25.041713400660868,0.8069037274985796,0.7876776217351386
DIV2K,0846,guarded_v2_x8,/home/ubuntu/scratch/sr-diffusion/benchmark_outputs/stage2_guarded_detail_v2_tta_x8/DIV2K/0846/base.png,/home/ubuntu/scratch/sr-diffusion/benchmarks/div2k/DIV2K_valid_HR/0846.png,/home/ubuntu/scratch/sr-diffusion/benchmarks/div2k/DIV2K_valid_LR_bicubic/X4/0846x4.png,26.48346883332856,25.157313568164795,0.8092141984305768,0.7903750509205754
DIV2K,0846,detail_v2_masked,/home/ubuntu/scratch/sr-diffusion/benchmark_outputs/detail_v2_masked/DIV2K/0846/detail.png,/home/ubuntu/scratch/sr-diffusion/benchmarks/div2k/DIV2K_valid_HR/0846.png,/home/ubuntu/scratch/sr-diffusion/benchmarks/div2k/DIV2K_valid_LR_bicubic/X4/0846x4.png,26.73562148459083,25.40644249576747,0.8147200702560243,0.7955514854616531
DIV2K,0846,realesrgan,/home/ubuntu/scratch/sr-diffusion/benchmark_outputs/realesrgan/DIV2K/0846/RealESRGAN_x4plus.png,/home/ubuntu/scratch/sr-diffusion/benchmarks/div2k/DIV2K_valid_HR/0846.png,/home/ubuntu/scratch/sr-diffusion/benchmarks/div2k/DIV2K_valid_LR_bicubic/X4/0846x4.png,23.990218701834,22.598036015734188,0.7550019683976257,0.7216976517724009
DIV2K,0847,bicubic,generated:matlab_bicubic_resize,/home/ubuntu/scratch/sr-diffusion/benchmarks/div2k/DIV2K_valid_HR/0847.png,/home/ubuntu/scratch/sr-diffusion/benchmarks/div2k/DIV2K_valid_LR_bicubic/X4/0847x4.png,26.57145017829948,25.08212595283936,0.7657698246987819,0.7370018205482506
DIV2K,0847,stage2_base,/home/ubuntu/scratch/sr-diffusion/benchmark_outputs/stage2_dual_best98000/DIV2K/0847/base.png,/home/ubuntu/scratch/sr-diffusion/benchmarks/div2k/DIV2K_valid_HR/0847.png,/home/ubuntu/scratch/sr-diffusion/benchmarks/div2k/DIV2K_valid_LR_bicubic/X4/0847x4.png,28.89763413531154,27.359240410870328,0.840520893802311,0.8159670330930983
DIV2K,0847,latent_adapter_v1,/home/ubuntu/scratch/sr-diffusion/benchmark_outputs/stage2_latent_adapter_v1_best11000/DIV2K/0847/base.png,/home/ubuntu/scratch/sr-diffusion/benchmarks/div2k/DIV2K_valid_HR/0847.png,/home/ubuntu/scratch/sr-diffusion/benchmarks/div2k/DIV2K_valid_LR_bicubic/X4/0847x4.png,28.879707230954867,27.342869581391284,0.8411184168724626,0.8167065870341316
DIV2K,0847,guarded_v2,/home/ubuntu/scratch/sr-diffusion/benchmark_outputs/stage2_guarded_detail_v2_tta_off/DIV2K/0847/base.png,/home/ubuntu/scratch/sr-diffusion/benchmarks/div2k/DIV2K_valid_HR/0847.png,/home/ubuntu/scratch/sr-diffusion/benchmarks/div2k/DIV2K_valid_LR_bicubic/X4/0847x4.png,28.90013419064655,27.359938982866527,0.8419385649098188,0.817740669771127
DIV2K,0847,guarded_v2_x8,/home/ubuntu/scratch/sr-diffusion/benchmark_outputs/stage2_guarded_detail_v2_tta_x8/DIV2K/0847/base.png,/home/ubuntu/scratch/sr-diffusion/benchmarks/div2k/DIV2K_valid_HR/0847.png,/home/ubuntu/scratch/sr-diffusion/benchmarks/div2k/DIV2K_valid_LR_bicubic/X4/0847x4.png,29.015558311779323,27.4866010993573,0.8449128290784625,0.8212590503567639
DIV2K,0847,detail_v2_masked,/home/ubuntu/scratch/sr-diffusion/benchmark_outputs/detail_v2_masked/DIV2K/0847/detail.png,/home/ubuntu/scratch/sr-diffusion/benchmarks/div2k/DIV2K_valid_HR/0847.png,/home/ubuntu/scratch/sr-diffusion/benchmarks/div2k/DIV2K_valid_LR_bicubic/X4/0847x4.png,29.262092129454423,27.728337776148653,0.8504170465091991,0.8270742766072878
DIV2K,0847,realesrgan,/home/ubuntu/scratch/sr-diffusion/benchmark_outputs/realesrgan/DIV2K/0847/RealESRGAN_x4plus.png,/home/ubuntu/scratch/sr-diffusion/benchmarks/div2k/DIV2K_valid_HR/0847.png,/home/ubuntu/scratch/sr-diffusion/benchmarks/div2k/DIV2K_valid_LR_bicubic/X4/0847x4.png,25.48624281172211,23.776114821148283,0.7494046933005218,0.7022069395675542
DIV2K,0848,bicubic,generated:matlab_bicubic_resize,/home/ubuntu/scratch/sr-diffusion/benchmarks/div2k/DIV2K_valid_HR/0848.png,/home/ubuntu/scratch/sr-diffusion/benchmarks/div2k/DIV2K_valid_LR_bicubic/X4/0848x4.png,26.367516854617822,25.057212394608605,0.710048976220453,0.6727054606774363
DIV2K,0848,stage2_base,/home/ubuntu/scratch/sr-diffusion/benchmark_outputs/stage2_dual_best98000/DIV2K/0848/base.png,/home/ubuntu/scratch/sr-diffusion/benchmarks/div2k/DIV2K_valid_HR/0848.png,/home/ubuntu/scratch/sr-diffusion/benchmarks/div2k/DIV2K_valid_LR_bicubic/X4/0848x4.png,28.358489480006707,27.0401579808181,0.7665971346238056,0.7305895367470937
DIV2K,0848,latent_adapter_v1,/home/ubuntu/scratch/sr-diffusion/benchmark_outputs/stage2_latent_adapter_v1_best11000/DIV2K/0848/base.png,/home/ubuntu/scratch/sr-diffusion/benchmarks/div2k/DIV2K_valid_HR/0848.png,/home/ubuntu/scratch/sr-diffusion/benchmarks/div2k/DIV2K_valid_LR_bicubic/X4/0848x4.png,28.360986441005096,27.044101230292373,0.7672843049614628,0.730867232256951
DIV2K,0848,guarded_v2,/home/ubuntu/scratch/sr-diffusion/benchmark_outputs/stage2_guarded_detail_v2_tta_off/DIV2K/0848/base.png,/home/ubuntu/scratch/sr-diffusion/benchmarks/div2k/DIV2K_valid_HR/0848.png,/home/ubuntu/scratch/sr-diffusion/benchmarks/div2k/DIV2K_valid_LR_bicubic/X4/0848x4.png,28.375907463148668,27.057581680607406,0.7684802292930818,0.7324684708541662
DIV2K,0848,guarded_v2_x8,/home/ubuntu/scratch/sr-diffusion/benchmark_outputs/stage2_guarded_detail_v2_tta_x8/DIV2K/0848/base.png,/home/ubuntu/scratch/sr-diffusion/benchmarks/div2k/DIV2K_valid_HR/0848.png,/home/ubuntu/scratch/sr-diffusion/benchmarks/div2k/DIV2K_valid_LR_bicubic/X4/0848x4.png,28.43912662210682,27.128062226357393,0.7702875465305749,0.7347897778845102
DIV2K,0848,detail_v2_masked,/home/ubuntu/scratch/sr-diffusion/benchmark_outputs/detail_v2_masked/DIV2K/0848/detail.png,/home/ubuntu/scratch/sr-diffusion/benchmarks/div2k/DIV2K_valid_HR/0848.png,/home/ubuntu/scratch/sr-diffusion/benchmarks/div2k/DIV2K_valid_LR_bicubic/X4/0848x4.png,28.56879522956023,27.25066829431952,0.7719422831966046,0.7366626825162284
DIV2K,0848,realesrgan,/home/ubuntu/scratch/sr-diffusion/benchmark_outputs/realesrgan/DIV2K/0848/RealESRGAN_x4plus.png,/home/ubuntu/scratch/sr-diffusion/benchmarks/div2k/DIV2K_valid_HR/0848.png,/home/ubuntu/scratch/sr-diffusion/benchmarks/div2k/DIV2K_valid_LR_bicubic/X4/0848x4.png,26.867519168880936,25.29794111334283,0.7243069592792569,0.6587102216899047
DIV2K,0849,bicubic,generated:matlab_bicubic_resize,/home/ubuntu/scratch/sr-diffusion/benchmarks/div2k/DIV2K_valid_HR/0849.png,/home/ubuntu/scratch/sr-diffusion/benchmarks/div2k/DIV2K_valid_LR_bicubic/X4/0849x4.png,21.024443377156878,19.576233492811138,0.6340396171576069,0.6183207674118105
DIV2K,0849,stage2_base,/home/ubuntu/scratch/sr-diffusion/benchmark_outputs/stage2_dual_best98000/DIV2K/0849/base.png,/home/ubuntu/scratch/sr-diffusion/benchmarks/div2k/DIV2K_valid_HR/0849.png,/home/ubuntu/scratch/sr-diffusion/benchmarks/div2k/DIV2K_valid_LR_bicubic/X4/0849x4.png,23.404210288983222,21.985370944301916,0.7679690924976014,0.7553337138683759
DIV2K,0849,latent_adapter_v1,/home/ubuntu/scratch/sr-diffusion/benchmark_outputs/stage2_latent_adapter_v1_best11000/DIV2K/0849/base.png,/home/ubuntu/scratch/sr-diffusion/benchmarks/div2k/DIV2K_valid_HR/0849.png,/home/ubuntu/scratch/sr-diffusion/benchmarks/div2k/DIV2K_valid_LR_bicubic/X4/0849x4.png,23.394908528290948,21.97551644703892,0.7694797323605272,0.7567594113159236
DIV2K,0849,guarded_v2,/home/ubuntu/scratch/sr-diffusion/benchmark_outputs/stage2_guarded_detail_v2_tta_off/DIV2K/0849/base.png,/home/ubuntu/scratch/sr-diffusion/benchmarks/div2k/DIV2K_valid_HR/0849.png,/home/ubuntu/scratch/sr-diffusion/benchmarks/div2k/DIV2K_valid_LR_bicubic/X4/0849x4.png,23.40884345226785,21.988524427578973,0.7711990396190899,0.7583575159832691
DIV2K,0849,guarded_v2_x8,/home/ubuntu/scratch/sr-diffusion/benchmark_outputs/stage2_guarded_detail_v2_tta_x8/DIV2K/0849/base.png,/home/ubuntu/scratch/sr-diffusion/benchmarks/div2k/DIV2K_valid_HR/0849.png,/home/ubuntu/scratch/sr-diffusion/benchmarks/div2k/DIV2K_valid_LR_bicubic/X4/0849x4.png,23.49524960297645,22.08419759329569,0.7742300109460201,0.7620907562291356
DIV2K,0849,detail_v2_masked,/home/ubuntu/scratch/sr-diffusion/benchmark_outputs/detail_v2_masked/DIV2K/0849/detail.png,/home/ubuntu/scratch/sr-diffusion/benchmarks/div2k/DIV2K_valid_HR/0849.png,/home/ubuntu/scratch/sr-diffusion/benchmarks/div2k/DIV2K_valid_LR_bicubic/X4/0849x4.png,23.713774085331544,22.30185295570587,0.784408398804569,0.7724239851106786
DIV2K,0849,realesrgan,/home/ubuntu/scratch/sr-diffusion/benchmark_outputs/realesrgan/DIV2K/0849/RealESRGAN_x4plus.png,/home/ubuntu/scratch/sr-diffusion/benchmarks/div2k/DIV2K_valid_HR/0849.png,/home/ubuntu/scratch/sr-diffusion/benchmarks/div2k/DIV2K_valid_LR_bicubic/X4/0849x4.png,21.337082938750154,19.642253337430986,0.6735431624460644,0.6435836962406838
DIV2K,0850,bicubic,generated:matlab_bicubic_resize,/home/ubuntu/scratch/sr-diffusion/benchmarks/div2k/DIV2K_valid_HR/0850.png,/home/ubuntu/scratch/sr-diffusion/benchmarks/div2k/DIV2K_valid_LR_bicubic/X4/0850x4.png,28.106013843028514,26.70376347817792,0.7905462951653007,0.7670063318884669
DIV2K,0850,stage2_base,/home/ubuntu/scratch/sr-diffusion/benchmark_outputs/stage2_dual_best98000/DIV2K/0850/base.png,/home/ubuntu/scratch/sr-diffusion/benchmarks/div2k/DIV2K_valid_HR/0850.png,/home/ubuntu/scratch/sr-diffusion/benchmarks/div2k/DIV2K_valid_LR_bicubic/X4/0850x4.png,30.26044998224997,28.848103893011263,0.8526880984343457,0.8336278715054801
DIV2K,0850,latent_adapter_v1,/home/ubuntu/scratch/sr-diffusion/benchmark_outputs/stage2_latent_adapter_v1_best11000/DIV2K/0850/base.png,/home/ubuntu/scratch/sr-diffusion/benchmarks/div2k/DIV2K_valid_HR/0850.png,/home/ubuntu/scratch/sr-diffusion/benchmarks/div2k/DIV2K_valid_LR_bicubic/X4/0850x4.png,30.244598482486182,28.836130180496266,0.8530960452422446,0.8340930331902872
DIV2K,0850,guarded_v2,/home/ubuntu/scratch/sr-diffusion/benchmark_outputs/stage2_guarded_detail_v2_tta_off/DIV2K/0850/base.png,/home/ubuntu/scratch/sr-diffusion/benchmarks/div2k/DIV2K_valid_HR/0850.png,/home/ubuntu/scratch/sr-diffusion/benchmarks/div2k/DIV2K_valid_LR_bicubic/X4/0850x4.png,30.248414353986696,28.839516504967992,0.8538414497677944,0.8349702358499312
DIV2K,0850,guarded_v2_x8,/home/ubuntu/scratch/sr-diffusion/benchmark_outputs/stage2_guarded_detail_v2_tta_x8/DIV2K/0850/base.png,/home/ubuntu/scratch/sr-diffusion/benchmarks/div2k/DIV2K_valid_HR/0850.png,/home/ubuntu/scratch/sr-diffusion/benchmarks/div2k/DIV2K_valid_LR_bicubic/X4/0850x4.png,30.318593937255777,28.919879169966798,0.855613049934871,0.8372150704980911
DIV2K,0850,detail_v2_masked,/home/ubuntu/scratch/sr-diffusion/benchmark_outputs/detail_v2_masked/DIV2K/0850/detail.png,/home/ubuntu/scratch/sr-diffusion/benchmarks/div2k/DIV2K_valid_HR/0850.png,/home/ubuntu/scratch/sr-diffusion/benchmarks/div2k/DIV2K_valid_LR_bicubic/X4/0850x4.png,30.569984697805793,29.156635760088612,0.8605112367175899,0.8419711896534773
DIV2K,0850,realesrgan,/home/ubuntu/scratch/sr-diffusion/benchmark_outputs/realesrgan/DIV2K/0850/RealESRGAN_x4plus.png,/home/ubuntu/scratch/sr-diffusion/benchmarks/div2k/DIV2K_valid_HR/0850.png,/home/ubuntu/scratch/sr-diffusion/benchmarks/div2k/DIV2K_valid_LR_bicubic/X4/0850x4.png,27.367113657891263,25.65232018909466,0.7847698182593601,0.7459235088817779
DIV2K,0851,bicubic,generated:matlab_bicubic_resize,/home/ubuntu/scratch/sr-diffusion/benchmarks/div2k/DIV2K_valid_HR/0851.png,/home/ubuntu/scratch/sr-diffusion/benchmarks/div2k/DIV2K_valid_LR_bicubic/X4/0851x4.png,28.182544875104583,26.745562766356006,0.8605111163227975,0.835585324520479
DIV2K,0851,stage2_base,/home/ubuntu/scratch/sr-diffusion/benchmark_outputs/stage2_dual_best98000/DIV2K/0851/base.png,/home/ubuntu/scratch/sr-diffusion/benchmarks/div2k/DIV2K_valid_HR/0851.png,/home/ubuntu/scratch/sr-diffusion/benchmarks/div2k/DIV2K_valid_LR_bicubic/X4/0851x4.png,29.467227461270603,28.002675447989375,0.891916182766639,0.8638511641640084
DIV2K,0851,latent_adapter_v1,/home/ubuntu/scratch/sr-diffusion/benchmark_outputs/stage2_latent_adapter_v1_best11000/DIV2K/0851/base.png,/home/ubuntu/scratch/sr-diffusion/benchmarks/div2k/DIV2K_valid_HR/0851.png,/home/ubuntu/scratch/sr-diffusion/benchmarks/div2k/DIV2K_valid_LR_bicubic/X4/0851x4.png,29.458536874229363,27.997662820310683,0.8922271049578571,0.8645980430929097
DIV2K,0851,guarded_v2,/home/ubuntu/scratch/sr-diffusion/benchmark_outputs/stage2_guarded_detail_v2_tta_off/DIV2K/0851/base.png,/home/ubuntu/scratch/sr-diffusion/benchmarks/div2k/DIV2K_valid_HR/0851.png,/home/ubuntu/scratch/sr-diffusion/benchmarks/div2k/DIV2K_valid_LR_bicubic/X4/0851x4.png,29.4938349701641,28.03458250263589,0.8925531426175936,0.8579361228521482
DIV2K,0851,guarded_v2_x8,/home/ubuntu/scratch/sr-diffusion/benchmark_outputs/stage2_guarded_detail_v2_tta_x8/DIV2K/0851/base.png,/home/ubuntu/scratch/sr-diffusion/benchmarks/div2k/DIV2K_valid_HR/0851.png,/home/ubuntu/scratch/sr-diffusion/benchmarks/div2k/DIV2K_valid_LR_bicubic/X4/0851x4.png,29.588411015798847,28.14604054450153,0.8939396583130949,0.8597000066996939
DIV2K,0851,detail_v2_masked,/home/ubuntu/scratch/sr-diffusion/benchmark_outputs/detail_v2_masked/DIV2K/0851/detail.png,/home/ubuntu/scratch/sr-diffusion/benchmarks/div2k/DIV2K_valid_HR/0851.png,/home/ubuntu/scratch/sr-diffusion/benchmarks/div2k/DIV2K_valid_LR_bicubic/X4/0851x4.png,29.613167238747007,28.160173854205127,0.8956806339006553,0.8655816779540796
DIV2K,0851,realesrgan,/home/ubuntu/scratch/sr-diffusion/benchmark_outputs/realesrgan/DIV2K/0851/RealESRGAN_x4plus.png,/home/ubuntu/scratch/sr-diffusion/benchmarks/div2k/DIV2K_valid_HR/0851.png,/home/ubuntu/scratch/sr-diffusion/benchmarks/div2k/DIV2K_valid_LR_bicubic/X4/0851x4.png,27.953304268322725,26.00790818730294,0.8590082531770381,0.7829695818817751
DIV2K,0852,bicubic,generated:matlab_bicubic_resize,/home/ubuntu/scratch/sr-diffusion/benchmarks/div2k/DIV2K_valid_HR/0852.png,/home/ubuntu/scratch/sr-diffusion/benchmarks/div2k/DIV2K_valid_LR_bicubic/X4/0852x4.png,30.01651473080573,28.931460710283122,0.7966093388976564,0.7914344819694402
DIV2K,0852,stage2_base,/home/ubuntu/scratch/sr-diffusion/benchmark_outputs/stage2_dual_best98000/DIV2K/0852/base.png,/home/ubuntu/scratch/sr-diffusion/benchmarks/div2k/DIV2K_valid_HR/0852.png,/home/ubuntu/scratch/sr-diffusion/benchmarks/div2k/DIV2K_valid_LR_bicubic/X4/0852x4.png,30.853678188039353,29.77647247552322,0.8392267145108184,0.821739119740725
DIV2K,0852,latent_adapter_v1,/home/ubuntu/scratch/sr-diffusion/benchmark_outputs/stage2_latent_adapter_v1_best11000/DIV2K/0852/base.png,/home/ubuntu/scratch/sr-diffusion/benchmarks/div2k/DIV2K_valid_HR/0852.png,/home/ubuntu/scratch/sr-diffusion/benchmarks/div2k/DIV2K_valid_LR_bicubic/X4/0852x4.png,30.836048869469682,29.761315725929993,0.8396098192027249,0.8218555027049108
DIV2K,0852,guarded_v2,/home/ubuntu/scratch/sr-diffusion/benchmark_outputs/stage2_guarded_detail_v2_tta_off/DIV2K/0852/base.png,/home/ubuntu/scratch/sr-diffusion/benchmarks/div2k/DIV2K_valid_HR/0852.png,/home/ubuntu/scratch/sr-diffusion/benchmarks/div2k/DIV2K_valid_LR_bicubic/X4/0852x4.png,30.865310467148078,29.786817532259704,0.8381667064116183,0.8203756766607322
DIV2K,0852,guarded_v2_x8,/home/ubuntu/scratch/sr-diffusion/benchmark_outputs/stage2_guarded_detail_v2_tta_x8/DIV2K/0852/base.png,/home/ubuntu/scratch/sr-diffusion/benchmarks/div2k/DIV2K_valid_HR/0852.png,/home/ubuntu/scratch/sr-diffusion/benchmarks/div2k/DIV2K_valid_LR_bicubic/X4/0852x4.png,30.91967312931951,29.852685809369504,0.8395273084221189,0.8233345266018027
DIV2K,0852,detail_v2_masked,/home/ubuntu/scratch/sr-diffusion/benchmark_outputs/detail_v2_masked/DIV2K/0852/detail.png,/home/ubuntu/scratch/sr-diffusion/benchmarks/div2k/DIV2K_valid_HR/0852.png,/home/ubuntu/scratch/sr-diffusion/benchmarks/div2k/DIV2K_valid_LR_bicubic/X4/0852x4.png,30.94651873522924,29.881597010271747,0.8427304233083577,0.8242090827732519
DIV2K,0852,realesrgan,/home/ubuntu/scratch/sr-diffusion/benchmark_outputs/realesrgan/DIV2K/0852/RealESRGAN_x4plus.png,/home/ubuntu/scratch/sr-diffusion/benchmarks/div2k/DIV2K_valid_HR/0852.png,/home/ubuntu/scratch/sr-diffusion/benchmarks/div2k/DIV2K_valid_LR_bicubic/X4/0852x4.png,27.7269938863256,26.423959753315252,0.7695329794825074,0.6503329107466908
DIV2K,0853,bicubic,generated:matlab_bicubic_resize,/home/ubuntu/scratch/sr-diffusion/benchmarks/div2k/DIV2K_valid_HR/0853.png,/home/ubuntu/scratch/sr-diffusion/benchmarks/div2k/DIV2K_valid_LR_bicubic/X4/0853x4.png,32.69575241445451,30.85875839069338,0.923973484235545,0.8993461361700793
DIV2K,0853,stage2_base,/home/ubuntu/scratch/sr-diffusion/benchmark_outputs/stage2_dual_best98000/DIV2K/0853/base.png,/home/ubuntu/scratch/sr-diffusion/benchmarks/div2k/DIV2K_valid_HR/0853.png,/home/ubuntu/scratch/sr-diffusion/benchmarks/div2k/DIV2K_valid_LR_bicubic/X4/0853x4.png,35.39565444202626,33.41171158655284,0.9474647502817422,0.9243406094157307
DIV2K,0853,latent_adapter_v1,/home/ubuntu/scratch/sr-diffusion/benchmark_outputs/stage2_latent_adapter_v1_best11000/DIV2K/0853/base.png,/home/ubuntu/scratch/sr-diffusion/benchmarks/div2k/DIV2K_valid_HR/0853.png,/home/ubuntu/scratch/sr-diffusion/benchmarks/div2k/DIV2K_valid_LR_bicubic/X4/0853x4.png,35.40756821498488,33.4159334455079,0.9476415329367913,0.9244158681141954
DIV2K,0853,guarded_v2,/home/ubuntu/scratch/sr-diffusion/benchmark_outputs/stage2_guarded_detail_v2_tta_off/DIV2K/0853/base.png,/home/ubuntu/scratch/sr-diffusion/benchmarks/div2k/DIV2K_valid_HR/0853.png,/home/ubuntu/scratch/sr-diffusion/benchmarks/div2k/DIV2K_valid_LR_bicubic/X4/0853x4.png,35.44329972529106,33.43387346247084,0.9481204928896294,0.9247110976266546
DIV2K,0853,guarded_v2_x8,/home/ubuntu/scratch/sr-diffusion/benchmark_outputs/stage2_guarded_detail_v2_tta_x8/DIV2K/0853/base.png,/home/ubuntu/scratch/sr-diffusion/benchmarks/div2k/DIV2K_valid_HR/0853.png,/home/ubuntu/scratch/sr-diffusion/benchmarks/div2k/DIV2K_valid_LR_bicubic/X4/0853x4.png,35.59190518470625,33.60167505243748,0.9494672079227809,0.9266939819917268
DIV2K,0853,detail_v2_masked,/home/ubuntu/scratch/sr-diffusion/benchmark_outputs/detail_v2_masked/DIV2K/0853/detail.png,/home/ubuntu/scratch/sr-diffusion/benchmarks/div2k/DIV2K_valid_HR/0853.png,/home/ubuntu/scratch/sr-diffusion/benchmarks/div2k/DIV2K_valid_LR_bicubic/X4/0853x4.png,35.73249116004578,33.69928364210213,0.9506128798819097,0.9282366171123564
DIV2K,0853,realesrgan,/home/ubuntu/scratch/sr-diffusion/benchmark_outputs/realesrgan/DIV2K/0853/RealESRGAN_x4plus.png,/home/ubuntu/scratch/sr-diffusion/benchmarks/div2k/DIV2K_valid_HR/0853.png,/home/ubuntu/scratch/sr-diffusion/benchmarks/div2k/DIV2K_valid_LR_bicubic/X4/0853x4.png,31.372949973948717,27.44573076740143,0.9085852172287145,0.8455569996715079
DIV2K,0854,bicubic,generated:matlab_bicubic_resize,/home/ubuntu/scratch/sr-diffusion/benchmarks/div2k/DIV2K_valid_HR/0854.png,/home/ubuntu/scratch/sr-diffusion/benchmarks/div2k/DIV2K_valid_LR_bicubic/X4/0854x4.png,24.6867183385205,23.38569287341246,0.6854442793760797,0.6616990961018834
DIV2K,0854,stage2_base,/home/ubuntu/scratch/sr-diffusion/benchmark_outputs/stage2_dual_best98000/DIV2K/0854/base.png,/home/ubuntu/scratch/sr-diffusion/benchmarks/div2k/DIV2K_valid_HR/0854.png,/home/ubuntu/scratch/sr-diffusion/benchmarks/div2k/DIV2K_valid_LR_bicubic/X4/0854x4.png,26.088907661810676,24.768463850174243,0.750354067417435,0.7295444161941078
DIV2K,0854,latent_adapter_v1,/home/ubuntu/scratch/sr-diffusion/benchmark_outputs/stage2_latent_adapter_v1_best11000/DIV2K/0854/base.png,/home/ubuntu/scratch/sr-diffusion/benchmarks/div2k/DIV2K_valid_HR/0854.png,/home/ubuntu/scratch/sr-diffusion/benchmarks/div2k/DIV2K_valid_LR_bicubic/X4/0854x4.png,26.085436863667624,24.76491208018937,0.7517941379602607,0.7310563791862116
DIV2K,0854,guarded_v2,/home/ubuntu/scratch/sr-diffusion/benchmark_outputs/stage2_guarded_detail_v2_tta_off/DIV2K/0854/base.png,/home/ubuntu/scratch/sr-diffusion/benchmarks/div2k/DIV2K_valid_HR/0854.png,/home/ubuntu/scratch/sr-diffusion/benchmarks/div2k/DIV2K_valid_LR_bicubic/X4/0854x4.png,26.081583396308883,24.760033347510834,0.7532395635141753,0.7325985511750627
DIV2K,0854,guarded_v2_x8,/home/ubuntu/scratch/sr-diffusion/benchmark_outputs/stage2_guarded_detail_v2_tta_x8/DIV2K/0854/base.png,/home/ubuntu/scratch/sr-diffusion/benchmarks/div2k/DIV2K_valid_HR/0854.png,/home/ubuntu/scratch/sr-diffusion/benchmarks/div2k/DIV2K_valid_LR_bicubic/X4/0854x4.png,26.131559831462482,24.81446482881382,0.7549565309669061,0.7346220547970063
DIV2K,0854,detail_v2_masked,/home/ubuntu/scratch/sr-diffusion/benchmark_outputs/detail_v2_masked/DIV2K/0854/detail.png,/home/ubuntu/scratch/sr-diffusion/benchmarks/div2k/DIV2K_valid_HR/0854.png,/home/ubuntu/scratch/sr-diffusion/benchmarks/div2k/DIV2K_valid_LR_bicubic/X4/0854x4.png,26.219446574759647,24.902575912032326,0.7573619116733034,0.7368438597127289
DIV2K,0854,realesrgan,/home/ubuntu/scratch/sr-diffusion/benchmark_outputs/realesrgan/DIV2K/0854/RealESRGAN_x4plus.png,/home/ubuntu/scratch/sr-diffusion/benchmarks/div2k/DIV2K_valid_HR/0854.png,/home/ubuntu/scratch/sr-diffusion/benchmarks/div2k/DIV2K_valid_LR_bicubic/X4/0854x4.png,23.19259359360195,21.796597801583317,0.6450927183827858,0.6139115570467027
DIV2K,0855,bicubic,generated:matlab_bicubic_resize,/home/ubuntu/scratch/sr-diffusion/benchmarks/div2k/DIV2K_valid_HR/0855.png,/home/ubuntu/scratch/sr-diffusion/benchmarks/div2k/DIV2K_valid_LR_bicubic/X4/0855x4.png,29.367724335942135,28.024251869467793,0.7443501491614422,0.7065827775432524
DIV2K,0855,stage2_base,/home/ubuntu/scratch/sr-diffusion/benchmark_outputs/stage2_dual_best98000/DIV2K/0855/base.png,/home/ubuntu/scratch/sr-diffusion/benchmarks/div2k/DIV2K_valid_HR/0855.png,/home/ubuntu/scratch/sr-diffusion/benchmarks/div2k/DIV2K_valid_LR_bicubic/X4/0855x4.png,30.31916332332969,28.955342597421577,0.7800138889316381,0.7444559465338436
DIV2K,0855,latent_adapter_v1,/home/ubuntu/scratch/sr-diffusion/benchmark_outputs/stage2_latent_adapter_v1_best11000/DIV2K/0855/base.png,/home/ubuntu/scratch/sr-diffusion/benchmarks/div2k/DIV2K_valid_HR/0855.png,/home/ubuntu/scratch/sr-diffusion/benchmarks/div2k/DIV2K_valid_LR_bicubic/X4/0855x4.png,30.270746306162618,28.911240120668506,0.7802721398231718,0.7447778011693585
DIV2K,0855,guarded_v2,/home/ubuntu/scratch/sr-diffusion/benchmark_outputs/stage2_guarded_detail_v2_tta_off/DIV2K/0855/base.png,/home/ubuntu/scratch/sr-diffusion/benchmarks/div2k/DIV2K_valid_HR/0855.png,/home/ubuntu/scratch/sr-diffusion/benchmarks/div2k/DIV2K_valid_LR_bicubic/X4/0855x4.png,30.356605883979952,28.998842864662606,0.7810238685503889,0.7456892855356481
DIV2K,0855,guarded_v2_x8,/home/ubuntu/scratch/sr-diffusion/benchmark_outputs/stage2_guarded_detail_v2_tta_x8/DIV2K/0855/base.png,/home/ubuntu/scratch/sr-diffusion/benchmarks/div2k/DIV2K_valid_HR/0855.png,/home/ubuntu/scratch/sr-diffusion/benchmarks/div2k/DIV2K_valid_LR_bicubic/X4/0855x4.png,30.38966359362824,29.034631882605282,0.7824465492946274,0.7473481974864483
DIV2K,0855,detail_v2_masked,/home/ubuntu/scratch/sr-diffusion/benchmark_outputs/detail_v2_masked/DIV2K/0855/detail.png,/home/ubuntu/scratch/sr-diffusion/benchmarks/div2k/DIV2K_valid_HR/0855.png,/home/ubuntu/scratch/sr-diffusion/benchmarks/div2k/DIV2K_valid_LR_bicubic/X4/0855x4.png,30.317403175107728,28.96335355101015,0.7820876168883106,0.746871424458098
DIV2K,0855,realesrgan,/home/ubuntu/scratch/sr-diffusion/benchmark_outputs/realesrgan/DIV2K/0855/RealESRGAN_x4plus.png,/home/ubuntu/scratch/sr-diffusion/benchmarks/div2k/DIV2K_valid_HR/0855.png,/home/ubuntu/scratch/sr-diffusion/benchmarks/div2k/DIV2K_valid_LR_bicubic/X4/0855x4.png,27.729241226574434,26.28676514221103,0.7262122919994837,0.6675310477381241
DIV2K,0856,bicubic,generated:matlab_bicubic_resize,/home/ubuntu/scratch/sr-diffusion/benchmarks/div2k/DIV2K_valid_HR/0856.png,/home/ubuntu/scratch/sr-diffusion/benchmarks/div2k/DIV2K_valid_LR_bicubic/X4/0856x4.png,26.41288026624835,23.214276433100775,0.6604388907257019,0.6175533063644586
DIV2K,0856,stage2_base,/home/ubuntu/scratch/sr-diffusion/benchmark_outputs/stage2_dual_best98000/DIV2K/0856/base.png,/home/ubuntu/scratch/sr-diffusion/benchmarks/div2k/DIV2K_valid_HR/0856.png,/home/ubuntu/scratch/sr-diffusion/benchmarks/div2k/DIV2K_valid_LR_bicubic/X4/0856x4.png,27.160446827670278,23.94277045858005,0.7178182905219617,0.6752539074265655
DIV2K,0856,latent_adapter_v1,/home/ubuntu/scratch/sr-diffusion/benchmark_outputs/stage2_latent_adapter_v1_best11000/DIV2K/0856/base.png,/home/ubuntu/scratch/sr-diffusion/benchmarks/div2k/DIV2K_valid_HR/0856.png,/home/ubuntu/scratch/sr-diffusion/benchmarks/div2k/DIV2K_valid_LR_bicubic/X4/0856x4.png,27.14702163235223,23.938459860695218,0.7195220016406024,0.676537099361315
DIV2K,0856,guarded_v2,/home/ubuntu/scratch/sr-diffusion/benchmark_outputs/stage2_guarded_detail_v2_tta_off/DIV2K/0856/base.png,/home/ubuntu/scratch/sr-diffusion/benchmarks/div2k/DIV2K_valid_HR/0856.png,/home/ubuntu/scratch/sr-diffusion/benchmarks/div2k/DIV2K_valid_LR_bicubic/X4/0856x4.png,27.16472371477403,23.945042872716126,0.7203817604223081,0.6767607974382038
DIV2K,0856,guarded_v2_x8,/home/ubuntu/scratch/sr-diffusion/benchmark_outputs/stage2_guarded_detail_v2_tta_x8/DIV2K/0856/base.png,/home/ubuntu/scratch/sr-diffusion/benchmarks/div2k/DIV2K_valid_HR/0856.png,/home/ubuntu/scratch/sr-diffusion/benchmarks/div2k/DIV2K_valid_LR_bicubic/X4/0856x4.png,27.25833975043978,24.018615393785744,0.7236414615626985,0.6800493404252603
DIV2K,0856,detail_v2_masked,/home/ubuntu/scratch/sr-diffusion/benchmark_outputs/detail_v2_masked/DIV2K/0856/detail.png,/home/ubuntu/scratch/sr-diffusion/benchmarks/div2k/DIV2K_valid_HR/0856.png,/home/ubuntu/scratch/sr-diffusion/benchmarks/div2k/DIV2K_valid_LR_bicubic/X4/0856x4.png,27.2721222462453,24.109384184365815,0.7274616640605017,0.6909781679891208
DIV2K,0856,realesrgan,/home/ubuntu/scratch/sr-diffusion/benchmark_outputs/realesrgan/DIV2K/0856/RealESRGAN_x4plus.png,/home/ubuntu/scratch/sr-diffusion/benchmarks/div2k/DIV2K_valid_HR/0856.png,/home/ubuntu/scratch/sr-diffusion/benchmarks/div2k/DIV2K_valid_LR_bicubic/X4/0856x4.png,24.84635897281994,21.423473414708493,0.6285564071413905,0.5237149163585587
DIV2K,0857,bicubic,generated:matlab_bicubic_resize,/home/ubuntu/scratch/sr-diffusion/benchmarks/div2k/DIV2K_valid_HR/0857.png,/home/ubuntu/scratch/sr-diffusion/benchmarks/div2k/DIV2K_valid_LR_bicubic/X4/0857x4.png,35.448676466665596,33.9965574064447,0.8284359962108077,0.7856961851851801
DIV2K,0857,stage2_base,/home/ubuntu/scratch/sr-diffusion/benchmark_outputs/stage2_dual_best98000/DIV2K/0857/base.png,/home/ubuntu/scratch/sr-diffusion/benchmarks/div2k/DIV2K_valid_HR/0857.png,/home/ubuntu/scratch/sr-diffusion/benchmarks/div2k/DIV2K_valid_LR_bicubic/X4/0857x4.png,36.07158608223769,34.56556100510239,0.8331308447068703,0.7906854907931825
DIV2K,0857,latent_adapter_v1,/home/ubuntu/scratch/sr-diffusion/benchmark_outputs/stage2_latent_adapter_v1_best11000/DIV2K/0857/base.png,/home/ubuntu/scratch/sr-diffusion/benchmarks/div2k/DIV2K_valid_HR/0857.png,/home/ubuntu/scratch/sr-diffusion/benchmarks/div2k/DIV2K_valid_LR_bicubic/X4/0857x4.png,36.03791268200738,34.54728498017606,0.833112172802882,0.7906893275060579
DIV2K,0857,guarded_v2,/home/ubuntu/scratch/sr-diffusion/benchmark_outputs/stage2_guarded_detail_v2_tta_off/DIV2K/0857/base.png,/home/ubuntu/scratch/sr-diffusion/benchmarks/div2k/DIV2K_valid_HR/0857.png,/home/ubuntu/scratch/sr-diffusion/benchmarks/div2k/DIV2K_valid_LR_bicubic/X4/0857x4.png,36.0483739357134,34.563635866561164,0.8331380510673451,0.7907306002888587
DIV2K,0857,guarded_v2_x8,/home/ubuntu/scratch/sr-diffusion/benchmark_outputs/stage2_guarded_detail_v2_tta_x8/DIV2K/0857/base.png,/home/ubuntu/scratch/sr-diffusion/benchmarks/div2k/DIV2K_valid_HR/0857.png,/home/ubuntu/scratch/sr-diffusion/benchmarks/div2k/DIV2K_valid_LR_bicubic/X4/0857x4.png,36.084407910292185,34.61348406565686,0.8338065095936217,0.7916927569571701
DIV2K,0857,detail_v2_masked,/home/ubuntu/scratch/sr-diffusion/benchmark_outputs/detail_v2_masked/DIV2K/0857/detail.png,/home/ubuntu/scratch/sr-diffusion/benchmarks/div2k/DIV2K_valid_HR/0857.png,/home/ubuntu/scratch/sr-diffusion/benchmarks/div2k/DIV2K_valid_LR_bicubic/X4/0857x4.png,36.18387468735905,34.70120455162594,0.8338565869917779,0.7914622345917177
DIV2K,0857,realesrgan,/home/ubuntu/scratch/sr-diffusion/benchmark_outputs/realesrgan/DIV2K/0857/RealESRGAN_x4plus.png,/home/ubuntu/scratch/sr-diffusion/benchmarks/div2k/DIV2K_valid_HR/0857.png,/home/ubuntu/scratch/sr-diffusion/benchmarks/div2k/DIV2K_valid_LR_bicubic/X4/0857x4.png,33.420633012230155,31.499755705605313,0.8176255129552698,0.769180135973909
DIV2K,0858,bicubic,generated:matlab_bicubic_resize,/home/ubuntu/scratch/sr-diffusion/benchmarks/div2k/DIV2K_valid_HR/0858.png,/home/ubuntu/scratch/sr-diffusion/benchmarks/div2k/DIV2K_valid_LR_bicubic/X4/0858x4.png,28.23299192161112,27.01838741511296,0.7409549318478025,0.7196610649204738
DIV2K,0858,stage2_base,/home/ubuntu/scratch/sr-diffusion/benchmark_outputs/stage2_dual_best98000/DIV2K/0858/base.png,/home/ubuntu/scratch/sr-diffusion/benchmarks/div2k/DIV2K_valid_HR/0858.png,/home/ubuntu/scratch/sr-diffusion/benchmarks/div2k/DIV2K_valid_LR_bicubic/X4/0858x4.png,29.59929400758792,28.34555496523938,0.7996422287459268,0.7777124801287
DIV2K,0858,latent_adapter_v1,/home/ubuntu/scratch/sr-diffusion/benchmark_outputs/stage2_latent_adapter_v1_best11000/DIV2K/0858/base.png,/home/ubuntu/scratch/sr-diffusion/benchmarks/div2k/DIV2K_valid_HR/0858.png,/home/ubuntu/scratch/sr-diffusion/benchmarks/div2k/DIV2K_valid_LR_bicubic/X4/0858x4.png,29.59258156754988,28.340163134811522,0.8004981343154126,0.7779275681452619
DIV2K,0858,guarded_v2,/home/ubuntu/scratch/sr-diffusion/benchmark_outputs/stage2_guarded_detail_v2_tta_off/DIV2K/0858/base.png,/home/ubuntu/scratch/sr-diffusion/benchmarks/div2k/DIV2K_valid_HR/0858.png,/home/ubuntu/scratch/sr-diffusion/benchmarks/div2k/DIV2K_valid_LR_bicubic/X4/0858x4.png,29.590850468806835,28.33720187725187,0.8008133387813906,0.778816792167333
DIV2K,0858,guarded_v2_x8,/home/ubuntu/scratch/sr-diffusion/benchmark_outputs/stage2_guarded_detail_v2_tta_x8/DIV2K/0858/base.png,/home/ubuntu/scratch/sr-diffusion/benchmarks/div2k/DIV2K_valid_HR/0858.png,/home/ubuntu/scratch/sr-diffusion/benchmarks/div2k/DIV2K_valid_LR_bicubic/X4/0858x4.png,29.642340665341614,28.39807177973073,0.8028310156687287,0.7818918872674896
DIV2K,0858,detail_v2_masked,/home/ubuntu/scratch/sr-diffusion/benchmark_outputs/detail_v2_masked/DIV2K/0858/detail.png,/home/ubuntu/scratch/sr-diffusion/benchmarks/div2k/DIV2K_valid_HR/0858.png,/home/ubuntu/scratch/sr-diffusion/benchmarks/div2k/DIV2K_valid_LR_bicubic/X4/0858x4.png,29.699503535955117,28.456432718414835,0.8045747981422869,0.7849448628119323
DIV2K,0858,realesrgan,/home/ubuntu/scratch/sr-diffusion/benchmark_outputs/realesrgan/DIV2K/0858/RealESRGAN_x4plus.png,/home/ubuntu/scratch/sr-diffusion/benchmarks/div2k/DIV2K_valid_HR/0858.png,/home/ubuntu/scratch/sr-diffusion/benchmarks/div2k/DIV2K_valid_LR_bicubic/X4/0858x4.png,25.664824677138046,24.268345915268057,0.6980124984579691,0.5252531320979055
DIV2K,0859,bicubic,generated:matlab_bicubic_resize,/home/ubuntu/scratch/sr-diffusion/benchmarks/div2k/DIV2K_valid_HR/0859.png,/home/ubuntu/scratch/sr-diffusion/benchmarks/div2k/DIV2K_valid_LR_bicubic/X4/0859x4.png,25.32469415163254,24.059457077726382,0.6324553301007961,0.6017599599222823
DIV2K,0859,stage2_base,/home/ubuntu/scratch/sr-diffusion/benchmark_outputs/stage2_dual_best98000/DIV2K/0859/base.png,/home/ubuntu/scratch/sr-diffusion/benchmarks/div2k/DIV2K_valid_HR/0859.png,/home/ubuntu/scratch/sr-diffusion/benchmarks/div2k/DIV2K_valid_LR_bicubic/X4/0859x4.png,26.281459491681332,24.98461998389958,0.7015329964996289,0.6743214324860407
DIV2K,0859,latent_adapter_v1,/home/ubuntu/scratch/sr-diffusion/benchmark_outputs/stage2_latent_adapter_v1_best11000/DIV2K/0859/base.png,/home/ubuntu/scratch/sr-diffusion/benchmarks/div2k/DIV2K_valid_HR/0859.png,/home/ubuntu/scratch/sr-diffusion/benchmarks/div2k/DIV2K_valid_LR_bicubic/X4/0859x4.png,26.23674244270498,24.938307342919593,0.7024619662112239,0.6753122391569079
DIV2K,0859,guarded_v2,/home/ubuntu/scratch/sr-diffusion/benchmark_outputs/stage2_guarded_detail_v2_tta_off/DIV2K/0859/base.png,/home/ubuntu/scratch/sr-diffusion/benchmarks/div2k/DIV2K_valid_HR/0859.png,/home/ubuntu/scratch/sr-diffusion/benchmarks/div2k/DIV2K_valid_LR_bicubic/X4/0859x4.png,26.22097182671355,24.921351805121876,0.7028949455336893,0.6757217335459728
DIV2K,0859,guarded_v2_x8,/home/ubuntu/scratch/sr-diffusion/benchmark_outputs/stage2_guarded_detail_v2_tta_x8/DIV2K/0859/base.png,/home/ubuntu/scratch/sr-diffusion/benchmarks/div2k/DIV2K_valid_HR/0859.png,/home/ubuntu/scratch/sr-diffusion/benchmarks/div2k/DIV2K_valid_LR_bicubic/X4/0859x4.png,26.30017982020471,25.005841168844277,0.705969945004859,0.6791588174777186
DIV2K,0859,detail_v2_masked,/home/ubuntu/scratch/sr-diffusion/benchmark_outputs/detail_v2_masked/DIV2K/0859/detail.png,/home/ubuntu/scratch/sr-diffusion/benchmarks/div2k/DIV2K_valid_HR/0859.png,/home/ubuntu/scratch/sr-diffusion/benchmarks/div2k/DIV2K_valid_LR_bicubic/X4/0859x4.png,26.352154385154343,25.068876397791435,0.7093660427896862,0.6827370454937841
DIV2K,0859,realesrgan,/home/ubuntu/scratch/sr-diffusion/benchmark_outputs/realesrgan/DIV2K/0859/RealESRGAN_x4plus.png,/home/ubuntu/scratch/sr-diffusion/benchmarks/div2k/DIV2K_valid_HR/0859.png,/home/ubuntu/scratch/sr-diffusion/benchmarks/div2k/DIV2K_valid_LR_bicubic/X4/0859x4.png,23.156199675512248,21.768084882568992,0.5757963050505395,0.5362136231692185
DIV2K,0860,bicubic,generated:matlab_bicubic_resize,/home/ubuntu/scratch/sr-diffusion/benchmarks/div2k/DIV2K_valid_HR/0860.png,/home/ubuntu/scratch/sr-diffusion/benchmarks/div2k/DIV2K_valid_LR_bicubic/X4/0860x4.png,21.030943613589912,19.671944612057757,0.5397377758968388,0.5221869202230508
DIV2K,0860,stage2_base,/home/ubuntu/scratch/sr-diffusion/benchmark_outputs/stage2_dual_best98000/DIV2K/0860/base.png,/home/ubuntu/scratch/sr-diffusion/benchmarks/div2k/DIV2K_valid_HR/0860.png,/home/ubuntu/scratch/sr-diffusion/benchmarks/div2k/DIV2K_valid_LR_bicubic/X4/0860x4.png,21.834580697083975,20.466468469732337,0.6311824350938376,0.6175096656689707
DIV2K,0860,latent_adapter_v1,/home/ubuntu/scratch/sr-diffusion/benchmark_outputs/stage2_latent_adapter_v1_best11000/DIV2K/0860/base.png,/home/ubuntu/scratch/sr-diffusion/benchmarks/div2k/DIV2K_valid_HR/0860.png,/home/ubuntu/scratch/sr-diffusion/benchmarks/div2k/DIV2K_valid_LR_bicubic/X4/0860x4.png,21.82573038839856,20.457226958030738,0.6336624717003371,0.6198698636749399
DIV2K,0860,guarded_v2,/home/ubuntu/scratch/sr-diffusion/benchmark_outputs/stage2_guarded_detail_v2_tta_off/DIV2K/0860/base.png,/home/ubuntu/scratch/sr-diffusion/benchmarks/div2k/DIV2K_valid_HR/0860.png,/home/ubuntu/scratch/sr-diffusion/benchmarks/div2k/DIV2K_valid_LR_bicubic/X4/0860x4.png,21.839193204293046,20.46968670846646,0.6339551225426427,0.6202506120160752
DIV2K,0860,guarded_v2_x8,/home/ubuntu/scratch/sr-diffusion/benchmark_outputs/stage2_guarded_detail_v2_tta_x8/DIV2K/0860/base.png,/home/ubuntu/scratch/sr-diffusion/benchmarks/div2k/DIV2K_valid_HR/0860.png,/home/ubuntu/scratch/sr-diffusion/benchmarks/div2k/DIV2K_valid_LR_bicubic/X4/0860x4.png,21.870736047877383,20.50397555199784,0.6359649500828837,0.6224914259547581
DIV2K,0860,detail_v2_masked,/home/ubuntu/scratch/sr-diffusion/benchmark_outputs/detail_v2_masked/DIV2K/0860/detail.png,/home/ubuntu/scratch/sr-diffusion/benchmarks/div2k/DIV2K_valid_HR/0860.png,/home/ubuntu/scratch/sr-diffusion/benchmarks/div2k/DIV2K_valid_LR_bicubic/X4/0860x4.png,21.893623543313872,20.52577966023543,0.639371371253945,0.6259600419126184
DIV2K,0860,realesrgan,/home/ubuntu/scratch/sr-diffusion/benchmark_outputs/realesrgan/DIV2K/0860/RealESRGAN_x4plus.png,/home/ubuntu/scratch/sr-diffusion/benchmarks/div2k/DIV2K_valid_HR/0860.png,/home/ubuntu/scratch/sr-diffusion/benchmarks/div2k/DIV2K_valid_LR_bicubic/X4/0860x4.png,19.416101705657734,17.94374285986533,0.5056892042456086,0.43765854033889023
DIV2K,0861,bicubic,generated:matlab_bicubic_resize,/home/ubuntu/scratch/sr-diffusion/benchmarks/div2k/DIV2K_valid_HR/0861.png,/home/ubuntu/scratch/sr-diffusion/benchmarks/div2k/DIV2K_valid_LR_bicubic/X4/0861x4.png,22.390981203316073,21.175928119334976,0.6546742911046685,0.6328544467379293
DIV2K,0861,stage2_base,/home/ubuntu/scratch/sr-diffusion/benchmark_outputs/stage2_dual_best98000/DIV2K/0861/base.png,/home/ubuntu/scratch/sr-diffusion/benchmarks/div2k/DIV2K_valid_HR/0861.png,/home/ubuntu/scratch/sr-diffusion/benchmarks/div2k/DIV2K_valid_LR_bicubic/X4/0861x4.png,23.883643513072652,22.660738952890725,0.7611971879721343,0.7361086030071037
DIV2K,0861,latent_adapter_v1,/home/ubuntu/scratch/sr-diffusion/benchmark_outputs/stage2_latent_adapter_v1_best11000/DIV2K/0861/base.png,/home/ubuntu/scratch/sr-diffusion/benchmarks/div2k/DIV2K_valid_HR/0861.png,/home/ubuntu/scratch/sr-diffusion/benchmarks/div2k/DIV2K_valid_LR_bicubic/X4/0861x4.png,23.869805230234938,22.647466101099916,0.762521781483907,0.7357731480076254
DIV2K,0861,guarded_v2,/home/ubuntu/scratch/sr-diffusion/benchmark_outputs/stage2_guarded_detail_v2_tta_off/DIV2K/0861/base.png,/home/ubuntu/scratch/sr-diffusion/benchmarks/div2k/DIV2K_valid_HR/0861.png,/home/ubuntu/scratch/sr-diffusion/benchmarks/div2k/DIV2K_valid_LR_bicubic/X4/0861x4.png,23.900253381444642,22.67762123043429,0.7623182830686938,0.7400762574146356
DIV2K,0861,guarded_v2_x8,/home/ubuntu/scratch/sr-diffusion/benchmark_outputs/stage2_guarded_detail_v2_tta_x8/DIV2K/0861/base.png,/home/ubuntu/scratch/sr-diffusion/benchmarks/div2k/DIV2K_valid_HR/0861.png,/home/ubuntu/scratch/sr-diffusion/benchmarks/div2k/DIV2K_valid_LR_bicubic/X4/0861x4.png,23.959213482042394,22.74152273093661,0.7651810273801029,0.743634248005239
DIV2K,0861,detail_v2_masked,/home/ubuntu/scratch/sr-diffusion/benchmark_outputs/detail_v2_masked/DIV2K/0861/detail.png,/home/ubuntu/scratch/sr-diffusion/benchmarks/div2k/DIV2K_valid_HR/0861.png,/home/ubuntu/scratch/sr-diffusion/benchmarks/div2k/DIV2K_valid_LR_bicubic/X4/0861x4.png,24.114659703406755,22.896877706797085,0.7736564254625095,0.7511218037368345
DIV2K,0861,realesrgan,/home/ubuntu/scratch/sr-diffusion/benchmark_outputs/realesrgan/DIV2K/0861/RealESRGAN_x4plus.png,/home/ubuntu/scratch/sr-diffusion/benchmarks/div2k/DIV2K_valid_HR/0861.png,/home/ubuntu/scratch/sr-diffusion/benchmarks/div2k/DIV2K_valid_LR_bicubic/X4/0861x4.png,21.374650800454713,20.088655429037495,0.6632907441596991,0.5507803968077822
DIV2K,0862,bicubic,generated:matlab_bicubic_resize,/home/ubuntu/scratch/sr-diffusion/benchmarks/div2k/DIV2K_valid_HR/0862.png,/home/ubuntu/scratch/sr-diffusion/benchmarks/div2k/DIV2K_valid_LR_bicubic/X4/0862x4.png,33.7794601347183,32.387137781045524,0.834622411060717,0.8030785848932416
DIV2K,0862,stage2_base,/home/ubuntu/scratch/sr-diffusion/benchmark_outputs/stage2_dual_best98000/DIV2K/0862/base.png,/home/ubuntu/scratch/sr-diffusion/benchmarks/div2k/DIV2K_valid_HR/0862.png,/home/ubuntu/scratch/sr-diffusion/benchmarks/div2k/DIV2K_valid_LR_bicubic/X4/0862x4.png,34.24437891003,32.80775007723425,0.8502869568238767,0.8203534594219434
DIV2K,0862,latent_adapter_v1,/home/ubuntu/scratch/sr-diffusion/benchmark_outputs/stage2_latent_adapter_v1_best11000/DIV2K/0862/base.png,/home/ubuntu/scratch/sr-diffusion/benchmarks/div2k/DIV2K_valid_HR/0862.png,/home/ubuntu/scratch/sr-diffusion/benchmarks/div2k/DIV2K_valid_LR_bicubic/X4/0862x4.png,34.210516439459525,32.784685630440514,0.8504998022877535,0.8206468277304492
DIV2K,0862,guarded_v2,/home/ubuntu/scratch/sr-diffusion/benchmark_outputs/stage2_guarded_detail_v2_tta_off/DIV2K/0862/base.png,/home/ubuntu/scratch/sr-diffusion/benchmarks/div2k/DIV2K_valid_HR/0862.png,/home/ubuntu/scratch/sr-diffusion/benchmarks/div2k/DIV2K_valid_LR_bicubic/X4/0862x4.png,34.204680747392544,32.780542748524226,0.8509410516611141,0.8211383806767459
DIV2K,0862,guarded_v2_x8,/home/ubuntu/scratch/sr-diffusion/benchmark_outputs/stage2_guarded_detail_v2_tta_x8/DIV2K/0862/base.png,/home/ubuntu/scratch/sr-diffusion/benchmarks/div2k/DIV2K_valid_HR/0862.png,/home/ubuntu/scratch/sr-diffusion/benchmarks/div2k/DIV2K_valid_LR_bicubic/X4/0862x4.png,34.2720438079589,32.856202839580895,0.8523722949534797,0.8228682067795897
DIV2K,0862,detail_v2_masked,/home/ubuntu/scratch/sr-diffusion/benchmark_outputs/detail_v2_masked/DIV2K/0862/detail.png,/home/ubuntu/scratch/sr-diffusion/benchmarks/div2k/DIV2K_valid_HR/0862.png,/home/ubuntu/scratch/sr-diffusion/benchmarks/div2k/DIV2K_valid_LR_bicubic/X4/0862x4.png,34.30891198430579,32.8832344489511,0.8519619258899291,0.8221171398537321
DIV2K,0862,realesrgan,/home/ubuntu/scratch/sr-diffusion/benchmark_outputs/realesrgan/DIV2K/0862/RealESRGAN_x4plus.png,/home/ubuntu/scratch/sr-diffusion/benchmarks/div2k/DIV2K_valid_HR/0862.png,/home/ubuntu/scratch/sr-diffusion/benchmarks/div2k/DIV2K_valid_LR_bicubic/X4/0862x4.png,29.568585425466107,28.0656986447436,0.7855341838562279,0.7497829922883631
DIV2K,0863,bicubic,generated:matlab_bicubic_resize,/home/ubuntu/scratch/sr-diffusion/benchmarks/div2k/DIV2K_valid_HR/0863.png,/home/ubuntu/scratch/sr-diffusion/benchmarks/div2k/DIV2K_valid_LR_bicubic/X4/0863x4.png,33.414160830957144,32.0811352672992,0.8976468834791831,0.8798784466004825
DIV2K,0863,stage2_base,/home/ubuntu/scratch/sr-diffusion/benchmark_outputs/stage2_dual_best98000/DIV2K/0863/base.png,/home/ubuntu/scratch/sr-diffusion/benchmarks/div2k/DIV2K_valid_HR/0863.png,/home/ubuntu/scratch/sr-diffusion/benchmarks/div2k/DIV2K_valid_LR_bicubic/X4/0863x4.png,34.25280962717321,32.875222559514114,0.9126133518632183,0.8960405761586238
DIV2K,0863,latent_adapter_v1,/home/ubuntu/scratch/sr-diffusion/benchmark_outputs/stage2_latent_adapter_v1_best11000/DIV2K/0863/base.png,/home/ubuntu/scratch/sr-diffusion/benchmarks/div2k/DIV2K_valid_HR/0863.png,/home/ubuntu/scratch/sr-diffusion/benchmarks/div2k/DIV2K_valid_LR_bicubic/X4/0863x4.png,34.203284531754356,32.836381777212125,0.9125186082393352,0.8961135110272026
DIV2K,0863,guarded_v2,/home/ubuntu/scratch/sr-diffusion/benchmark_outputs/stage2_guarded_detail_v2_tta_off/DIV2K/0863/base.png,/home/ubuntu/scratch/sr-diffusion/benchmarks/div2k/DIV2K_valid_HR/0863.png,/home/ubuntu/scratch/sr-diffusion/benchmarks/div2k/DIV2K_valid_LR_bicubic/X4/0863x4.png,34.18650415777012,32.81969391614769,0.9126404287085585,0.8962709565605093
DIV2K,0863,guarded_v2_x8,/home/ubuntu/scratch/sr-diffusion/benchmark_outputs/stage2_guarded_detail_v2_tta_x8/DIV2K/0863/base.png,/home/ubuntu/scratch/sr-diffusion/benchmarks/div2k/DIV2K_valid_HR/0863.png,/home/ubuntu/scratch/sr-diffusion/benchmarks/div2k/DIV2K_valid_LR_bicubic/X4/0863x4.png,34.22396610205738,32.867769344564685,0.9136808451473325,0.897689620234121
DIV2K,0863,detail_v2_masked,/home/ubuntu/scratch/sr-diffusion/benchmark_outputs/detail_v2_masked/DIV2K/0863/detail.png,/home/ubuntu/scratch/sr-diffusion/benchmarks/div2k/DIV2K_valid_HR/0863.png,/home/ubuntu/scratch/sr-diffusion/benchmarks/div2k/DIV2K_valid_LR_bicubic/X4/0863x4.png,34.29051456606602,32.92496094164609,0.9137323809281787,0.8972251591245852
DIV2K,0863,realesrgan,/home/ubuntu/scratch/sr-diffusion/benchmark_outputs/realesrgan/DIV2K/0863/RealESRGAN_x4plus.png,/home/ubuntu/scratch/sr-diffusion/benchmarks/div2k/DIV2K_valid_HR/0863.png,/home/ubuntu/scratch/sr-diffusion/benchmarks/div2k/DIV2K_valid_LR_bicubic/X4/0863x4.png,31.237517746457275,29.569811998233,0.8851441819796998,0.854910881180387
DIV2K,0864,bicubic,generated:matlab_bicubic_resize,/home/ubuntu/scratch/sr-diffusion/benchmarks/div2k/DIV2K_valid_HR/0864.png,/home/ubuntu/scratch/sr-diffusion/benchmarks/div2k/DIV2K_valid_LR_bicubic/X4/0864x4.png,29.903125796212542,28.646204620572387,0.7551268327774266,0.7281009221762149
DIV2K,0864,stage2_base,/home/ubuntu/scratch/sr-diffusion/benchmark_outputs/stage2_dual_best98000/DIV2K/0864/base.png,/home/ubuntu/scratch/sr-diffusion/benchmarks/div2k/DIV2K_valid_HR/0864.png,/home/ubuntu/scratch/sr-diffusion/benchmarks/div2k/DIV2K_valid_LR_bicubic/X4/0864x4.png,31.03753767173268,29.749973975295468,0.8041496168151737,0.781604106502538
DIV2K,0864,latent_adapter_v1,/home/ubuntu/scratch/sr-diffusion/benchmark_outputs/stage2_latent_adapter_v1_best11000/DIV2K/0864/base.png,/home/ubuntu/scratch/sr-diffusion/benchmarks/div2k/DIV2K_valid_HR/0864.png,/home/ubuntu/scratch/sr-diffusion/benchmarks/div2k/DIV2K_valid_LR_bicubic/X4/0864x4.png,31.006874205553444,29.721044502258405,0.8043682613278211,0.7818973233147996
DIV2K,0864,guarded_v2,/home/ubuntu/scratch/sr-diffusion/benchmark_outputs/stage2_guarded_detail_v2_tta_off/DIV2K/0864/base.png,/home/ubuntu/scratch/sr-diffusion/benchmarks/div2k/DIV2K_valid_HR/0864.png,/home/ubuntu/scratch/sr-diffusion/benchmarks/div2k/DIV2K_valid_LR_bicubic/X4/0864x4.png,31.007442771262017,29.72326032613927,0.8048346462645731,0.7824564297534876
DIV2K,0864,guarded_v2_x8,/home/ubuntu/scratch/sr-diffusion/benchmark_outputs/stage2_guarded_detail_v2_tta_x8/DIV2K/0864/base.png,/home/ubuntu/scratch/sr-diffusion/benchmarks/div2k/DIV2K_valid_HR/0864.png,/home/ubuntu/scratch/sr-diffusion/benchmarks/div2k/DIV2K_valid_LR_bicubic/X4/0864x4.png,31.066361136099143,29.786474076399582,0.8069326217929734,0.7848697307159164
DIV2K,0864,detail_v2_masked,/home/ubuntu/scratch/sr-diffusion/benchmark_outputs/detail_v2_masked/DIV2K/0864/detail.png,/home/ubuntu/scratch/sr-diffusion/benchmarks/div2k/DIV2K_valid_HR/0864.png,/home/ubuntu/scratch/sr-diffusion/benchmarks/div2k/DIV2K_valid_LR_bicubic/X4/0864x4.png,31.105703363160725,29.82264943394922,0.8089570641077043,0.7869380754131683
DIV2K,0864,realesrgan,/home/ubuntu/scratch/sr-diffusion/benchmark_outputs/realesrgan/DIV2K/0864/RealESRGAN_x4plus.png,/home/ubuntu/scratch/sr-diffusion/benchmarks/div2k/DIV2K_valid_HR/0864.png,/home/ubuntu/scratch/sr-diffusion/benchmarks/div2k/DIV2K_valid_LR_bicubic/X4/0864x4.png,26.965706105658374,25.58474641258137,0.6749126955350849,0.6356652215968978
DIV2K,0865,bicubic,generated:matlab_bicubic_resize,/home/ubuntu/scratch/sr-diffusion/benchmarks/div2k/DIV2K_valid_HR/0865.png,/home/ubuntu/scratch/sr-diffusion/benchmarks/div2k/DIV2K_valid_LR_bicubic/X4/0865x4.png,27.6874818194118,26.311970394584314,0.7397082633258846,0.7147938193039262
DIV2K,0865,stage2_base,/home/ubuntu/scratch/sr-diffusion/benchmark_outputs/stage2_dual_best98000/DIV2K/0865/base.png,/home/ubuntu/scratch/sr-diffusion/benchmarks/div2k/DIV2K_valid_HR/0865.png,/home/ubuntu/scratch/sr-diffusion/benchmarks/div2k/DIV2K_valid_LR_bicubic/X4/0865x4.png,28.535719485736376,27.159241765914153,0.7796055611009941,0.7574295325130436
DIV2K,0865,latent_adapter_v1,/home/ubuntu/scratch/sr-diffusion/benchmark_outputs/stage2_latent_adapter_v1_best11000/DIV2K/0865/base.png,/home/ubuntu/scratch/sr-diffusion/benchmarks/div2k/DIV2K_valid_HR/0865.png,/home/ubuntu/scratch/sr-diffusion/benchmarks/div2k/DIV2K_valid_LR_bicubic/X4/0865x4.png,28.52031331043397,27.146029413232256,0.7803502228742448,0.7582487475045981
DIV2K,0865,guarded_v2,/home/ubuntu/scratch/sr-diffusion/benchmark_outputs/stage2_guarded_detail_v2_tta_off/DIV2K/0865/base.png,/home/ubuntu/scratch/sr-diffusion/benchmarks/div2k/DIV2K_valid_HR/0865.png,/home/ubuntu/scratch/sr-diffusion/benchmarks/div2k/DIV2K_valid_LR_bicubic/X4/0865x4.png,28.506982083183317,27.132787215912792,0.7810008775967708,0.7589407009471866
DIV2K,0865,guarded_v2_x8,/home/ubuntu/scratch/sr-diffusion/benchmark_outputs/stage2_guarded_detail_v2_tta_x8/DIV2K/0865/base.png,/home/ubuntu/scratch/sr-diffusion/benchmarks/div2k/DIV2K_valid_HR/0865.png,/home/ubuntu/scratch/sr-diffusion/benchmarks/div2k/DIV2K_valid_LR_bicubic/X4/0865x4.png,28.57653676089296,27.204442745700746,0.7828236691054863,0.7610004504999831
DIV2K,0865,detail_v2_masked,/home/ubuntu/scratch/sr-diffusion/benchmark_outputs/detail_v2_masked/DIV2K/0865/detail.png,/home/ubuntu/scratch/sr-diffusion/benchmarks/div2k/DIV2K_valid_HR/0865.png,/home/ubuntu/scratch/sr-diffusion/benchmarks/div2k/DIV2K_valid_LR_bicubic/X4/0865x4.png,28.636117975856102,27.26362366000046,0.7846066477233081,0.7628070081715755
DIV2K,0865,realesrgan,/home/ubuntu/scratch/sr-diffusion/benchmark_outputs/realesrgan/DIV2K/0865/RealESRGAN_x4plus.png,/home/ubuntu/scratch/sr-diffusion/benchmarks/div2k/DIV2K_valid_HR/0865.png,/home/ubuntu/scratch/sr-diffusion/benchmarks/div2k/DIV2K_valid_LR_bicubic/X4/0865x4.png,25.977533098258604,24.53477114078675,0.7057436781590003,0.6764987407205743
DIV2K,0866,bicubic,generated:matlab_bicubic_resize,/home/ubuntu/scratch/sr-diffusion/benchmarks/div2k/DIV2K_valid_HR/0866.png,/home/ubuntu/scratch/sr-diffusion/benchmarks/div2k/DIV2K_valid_LR_bicubic/X4/0866x4.png,25.76912258812304,24.348665687586553,0.769161545054304,0.7523383410698726
DIV2K,0866,stage2_base,/home/ubuntu/scratch/sr-diffusion/benchmark_outputs/stage2_dual_best98000/DIV2K/0866/base.png,/home/ubuntu/scratch/sr-diffusion/benchmarks/div2k/DIV2K_valid_HR/0866.png,/home/ubuntu/scratch/sr-diffusion/benchmarks/div2k/DIV2K_valid_LR_bicubic/X4/0866x4.png,26.246788664599055,24.819053978423327,0.8068592933099069,0.7916270878983159
DIV2K,0866,latent_adapter_v1,/home/ubuntu/scratch/sr-diffusion/benchmark_outputs/stage2_latent_adapter_v1_best11000/DIV2K/0866/base.png,/home/ubuntu/scratch/sr-diffusion/benchmarks/div2k/DIV2K_valid_HR/0866.png,/home/ubuntu/scratch/sr-diffusion/benchmarks/div2k/DIV2K_valid_LR_bicubic/X4/0866x4.png,26.223591817206042,24.796867885415296,0.8077077750140643,0.7924335117606804
DIV2K,0866,guarded_v2,/home/ubuntu/scratch/sr-diffusion/benchmark_outputs/stage2_guarded_detail_v2_tta_off/DIV2K/0866/base.png,/home/ubuntu/scratch/sr-diffusion/benchmarks/div2k/DIV2K_valid_HR/0866.png,/home/ubuntu/scratch/sr-diffusion/benchmarks/div2k/DIV2K_valid_LR_bicubic/X4/0866x4.png,26.218092419996253,24.79051558287145,0.807359214885509,0.7919898073165031
DIV2K,0866,guarded_v2_x8,/home/ubuntu/scratch/sr-diffusion/benchmark_outputs/stage2_guarded_detail_v2_tta_x8/DIV2K/0866/base.png,/home/ubuntu/scratch/sr-diffusion/benchmarks/div2k/DIV2K_valid_HR/0866.png,/home/ubuntu/scratch/sr-diffusion/benchmarks/div2k/DIV2K_valid_LR_bicubic/X4/0866x4.png,26.274369690132808,24.84875578291664,0.8089924867053772,0.7939228002768486
DIV2K,0866,detail_v2_masked,/home/ubuntu/scratch/sr-diffusion/benchmark_outputs/detail_v2_masked/DIV2K/0866/detail.png,/home/ubuntu/scratch/sr-diffusion/benchmarks/div2k/DIV2K_valid_HR/0866.png,/home/ubuntu/scratch/sr-diffusion/benchmarks/div2k/DIV2K_valid_LR_bicubic/X4/0866x4.png,26.305391105765263,24.88527551750764,0.8111883122068766,0.7966320287742553
DIV2K,0866,realesrgan,/home/ubuntu/scratch/sr-diffusion/benchmark_outputs/realesrgan/DIV2K/0866/RealESRGAN_x4plus.png,/home/ubuntu/scratch/sr-diffusion/benchmarks/div2k/DIV2K_valid_HR/0866.png,/home/ubuntu/scratch/sr-diffusion/benchmarks/div2k/DIV2K_valid_LR_bicubic/X4/0866x4.png,23.358202914641595,21.773311629293396,0.697036703452915,0.6688622478553744
DIV2K,0867,bicubic,generated:matlab_bicubic_resize,/home/ubuntu/scratch/sr-diffusion/benchmarks/div2k/DIV2K_valid_HR/0867.png,/home/ubuntu/scratch/sr-diffusion/benchmarks/div2k/DIV2K_valid_LR_bicubic/X4/0867x4.png,27.15107167706242,26.09706260241024,0.7773868122837911,0.7674415879340847
DIV2K,0867,stage2_base,/home/ubuntu/scratch/sr-diffusion/benchmark_outputs/stage2_dual_best98000/DIV2K/0867/base.png,/home/ubuntu/scratch/sr-diffusion/benchmarks/div2k/DIV2K_valid_HR/0867.png,/home/ubuntu/scratch/sr-diffusion/benchmarks/div2k/DIV2K_valid_LR_bicubic/X4/0867x4.png,28.922281786008753,27.771013877946373,0.8602337149633884,0.8447547565533448
DIV2K,0867,latent_adapter_v1,/home/ubuntu/scratch/sr-diffusion/benchmark_outputs/stage2_latent_adapter_v1_best11000/DIV2K/0867/base.png,/home/ubuntu/scratch/sr-diffusion/benchmarks/div2k/DIV2K_valid_HR/0867.png,/home/ubuntu/scratch/sr-diffusion/benchmarks/div2k/DIV2K_valid_LR_bicubic/X4/0867x4.png,28.842435569693514,27.692361109367415,0.860025424536411,0.8442809364634926
DIV2K,0867,guarded_v2,/home/ubuntu/scratch/sr-diffusion/benchmark_outputs/stage2_guarded_detail_v2_tta_off/DIV2K/0867/base.png,/home/ubuntu/scratch/sr-diffusion/benchmarks/div2k/DIV2K_valid_HR/0867.png,/home/ubuntu/scratch/sr-diffusion/benchmarks/div2k/DIV2K_valid_LR_bicubic/X4/0867x4.png,28.84213385524616,27.690491788999708,0.8603450153814501,0.8445488540017875
DIV2K,0867,guarded_v2_x8,/home/ubuntu/scratch/sr-diffusion/benchmark_outputs/stage2_guarded_detail_v2_tta_x8/DIV2K/0867/base.png,/home/ubuntu/scratch/sr-diffusion/benchmarks/div2k/DIV2K_valid_HR/0867.png,/home/ubuntu/scratch/sr-diffusion/benchmarks/div2k/DIV2K_valid_LR_bicubic/X4/0867x4.png,28.94458841466598,27.809887742694677,0.8641134109988108,0.8493483036040989
DIV2K,0867,detail_v2_masked,/home/ubuntu/scratch/sr-diffusion/benchmark_outputs/detail_v2_masked/DIV2K/0867/detail.png,/home/ubuntu/scratch/sr-diffusion/benchmarks/div2k/DIV2K_valid_HR/0867.png,/home/ubuntu/scratch/sr-diffusion/benchmarks/div2k/DIV2K_valid_LR_bicubic/X4/0867x4.png,29.03906188736567,27.906287548359003,0.8692418113887924,0.8545670738978979
DIV2K,0867,realesrgan,/home/ubuntu/scratch/sr-diffusion/benchmark_outputs/realesrgan/DIV2K/0867/RealESRGAN_x4plus.png,/home/ubuntu/scratch/sr-diffusion/benchmarks/div2k/DIV2K_valid_HR/0867.png,/home/ubuntu/scratch/sr-diffusion/benchmarks/div2k/DIV2K_valid_LR_bicubic/X4/0867x4.png,24.59589531969528,22.854765891818722,0.7598355168075775,0.7106048625464991
DIV2K,0868,bicubic,generated:matlab_bicubic_resize,/home/ubuntu/scratch/sr-diffusion/benchmarks/div2k/DIV2K_valid_HR/0868.png,/home/ubuntu/scratch/sr-diffusion/benchmarks/div2k/DIV2K_valid_LR_bicubic/X4/0868x4.png,30.902370410302744,29.55224204564073,0.9379222150106817,0.9336486282783653
DIV2K,0868,stage2_base,/home/ubuntu/scratch/sr-diffusion/benchmark_outputs/stage2_dual_best98000/DIV2K/0868/base.png,/home/ubuntu/scratch/sr-diffusion/benchmarks/div2k/DIV2K_valid_HR/0868.png,/home/ubuntu/scratch/sr-diffusion/benchmarks/div2k/DIV2K_valid_LR_bicubic/X4/0868x4.png,33.559997726871615,32.27423851188904,0.960156416669519,0.9562511152480239
DIV2K,0868,latent_adapter_v1,/home/ubuntu/scratch/sr-diffusion/benchmark_outputs/stage2_latent_adapter_v1_best11000/DIV2K/0868/base.png,/home/ubuntu/scratch/sr-diffusion/benchmarks/div2k/DIV2K_valid_HR/0868.png,/home/ubuntu/scratch/sr-diffusion/benchmarks/div2k/DIV2K_valid_LR_bicubic/X4/0868x4.png,33.53471000573367,32.26266176876065,0.9601927068689784,0.9562347070984666
DIV2K,0868,guarded_v2,/home/ubuntu/scratch/sr-diffusion/benchmark_outputs/stage2_guarded_detail_v2_tta_off/DIV2K/0868/base.png,/home/ubuntu/scratch/sr-diffusion/benchmarks/div2k/DIV2K_valid_HR/0868.png,/home/ubuntu/scratch/sr-diffusion/benchmarks/div2k/DIV2K_valid_LR_bicubic/X4/0868x4.png,33.51556336363663,32.2569581337436,0.9605555524606436,0.9566088606865626
DIV2K,0868,guarded_v2_x8,/home/ubuntu/scratch/sr-diffusion/benchmark_outputs/stage2_guarded_detail_v2_tta_x8/DIV2K/0868/base.png,/home/ubuntu/scratch/sr-diffusion/benchmarks/div2k/DIV2K_valid_HR/0868.png,/home/ubuntu/scratch/sr-diffusion/benchmarks/div2k/DIV2K_valid_LR_bicubic/X4/0868x4.png,33.65649329618295,32.418914579218004,0.9615980619180796,0.9580537586156662
DIV2K,0868,detail_v2_masked,/home/ubuntu/scratch/sr-diffusion/benchmark_outputs/detail_v2_masked/DIV2K/0868/detail.png,/home/ubuntu/scratch/sr-diffusion/benchmarks/div2k/DIV2K_valid_HR/0868.png,/home/ubuntu/scratch/sr-diffusion/benchmarks/div2k/DIV2K_valid_LR_bicubic/X4/0868x4.png,33.86226942513384,32.58375348322715,0.962378039476265,0.9585009620916786
DIV2K,0868,realesrgan,/home/ubuntu/scratch/sr-diffusion/benchmark_outputs/realesrgan/DIV2K/0868/RealESRGAN_x4plus.png,/home/ubuntu/scratch/sr-diffusion/benchmarks/div2k/DIV2K_valid_HR/0868.png,/home/ubuntu/scratch/sr-diffusion/benchmarks/div2k/DIV2K_valid_LR_bicubic/X4/0868x4.png,31.030314554185814,29.36412922981325,0.9464551969087206,0.9380651289926302
DIV2K,0869,bicubic,generated:matlab_bicubic_resize,/home/ubuntu/scratch/sr-diffusion/benchmarks/div2k/DIV2K_valid_HR/0869.png,/home/ubuntu/scratch/sr-diffusion/benchmarks/div2k/DIV2K_valid_LR_bicubic/X4/0869x4.png,24.09092863645175,22.72169306335448,0.7497491566697656,0.7350252020994793
DIV2K,0869,stage2_base,/home/ubuntu/scratch/sr-diffusion/benchmark_outputs/stage2_dual_best98000/DIV2K/0869/base.png,/home/ubuntu/scratch/sr-diffusion/benchmarks/div2k/DIV2K_valid_HR/0869.png,/home/ubuntu/scratch/sr-diffusion/benchmarks/div2k/DIV2K_valid_LR_bicubic/X4/0869x4.png,24.92632467158469,23.561078899838964,0.8021029064075598,0.7895961251394521
DIV2K,0869,latent_adapter_v1,/home/ubuntu/scratch/sr-diffusion/benchmark_outputs/stage2_latent_adapter_v1_best11000/DIV2K/0869/base.png,/home/ubuntu/scratch/sr-diffusion/benchmarks/div2k/DIV2K_valid_HR/0869.png,/home/ubuntu/scratch/sr-diffusion/benchmarks/div2k/DIV2K_valid_LR_bicubic/X4/0869x4.png,24.90726411668343,23.542572182139235,0.803343697750473,0.7908190501440232
DIV2K,0869,guarded_v2,/home/ubuntu/scratch/sr-diffusion/benchmark_outputs/stage2_guarded_detail_v2_tta_off/DIV2K/0869/base.png,/home/ubuntu/scratch/sr-diffusion/benchmarks/div2k/DIV2K_valid_HR/0869.png,/home/ubuntu/scratch/sr-diffusion/benchmarks/div2k/DIV2K_valid_LR_bicubic/X4/0869x4.png,24.908026681553164,23.543107891095637,0.8031918546753471,0.790642374242784
DIV2K,0869,guarded_v2_x8,/home/ubuntu/scratch/sr-diffusion/benchmark_outputs/stage2_guarded_detail_v2_tta_x8/DIV2K/0869/base.png,/home/ubuntu/scratch/sr-diffusion/benchmarks/div2k/DIV2K_valid_HR/0869.png,/home/ubuntu/scratch/sr-diffusion/benchmarks/div2k/DIV2K_valid_LR_bicubic/X4/0869x4.png,24.96209463741012,23.598614031235748,0.8049935789434365,0.7926894421752442
DIV2K,0869,detail_v2_masked,/home/ubuntu/scratch/sr-diffusion/benchmark_outputs/detail_v2_masked/DIV2K/0869/detail.png,/home/ubuntu/scratch/sr-diffusion/benchmarks/div2k/DIV2K_valid_HR/0869.png,/home/ubuntu/scratch/sr-diffusion/benchmarks/div2k/DIV2K_valid_LR_bicubic/X4/0869x4.png,25.000040082774873,23.637002539745275,0.806930827857547,0.7945902912420456
DIV2K,0869,realesrgan,/home/ubuntu/scratch/sr-diffusion/benchmark_outputs/realesrgan/DIV2K/0869/RealESRGAN_x4plus.png,/home/ubuntu/scratch/sr-diffusion/benchmarks/div2k/DIV2K_valid_HR/0869.png,/home/ubuntu/scratch/sr-diffusion/benchmarks/div2k/DIV2K_valid_LR_bicubic/X4/0869x4.png,21.00553758504016,19.64580916079125,0.6476692358199172,0.6187259737995374
DIV2K,0870,bicubic,generated:matlab_bicubic_resize,/home/ubuntu/scratch/sr-diffusion/benchmarks/div2k/DIV2K_valid_HR/0870.png,/home/ubuntu/scratch/sr-diffusion/benchmarks/div2k/DIV2K_valid_LR_bicubic/X4/0870x4.png,28.262181647547475,26.950020765616884,0.8051200396988059,0.784116708520377
DIV2K,0870,stage2_base,/home/ubuntu/scratch/sr-diffusion/benchmark_outputs/stage2_dual_best98000/DIV2K/0870/base.png,/home/ubuntu/scratch/sr-diffusion/benchmarks/div2k/DIV2K_valid_HR/0870.png,/home/ubuntu/scratch/sr-diffusion/benchmarks/div2k/DIV2K_valid_LR_bicubic/X4/0870x4.png,29.677359496351976,28.311404681044667,0.8582784705921244,0.8395833236700015
DIV2K,0870,latent_adapter_v1,/home/ubuntu/scratch/sr-diffusion/benchmark_outputs/stage2_latent_adapter_v1_best11000/DIV2K/0870/base.png,/home/ubuntu/scratch/sr-diffusion/benchmarks/div2k/DIV2K_valid_HR/0870.png,/home/ubuntu/scratch/sr-diffusion/benchmarks/div2k/DIV2K_valid_LR_bicubic/X4/0870x4.png,29.619109447077932,28.257962994664744,0.8585943670909174,0.8399363444396427
DIV2K,0870,guarded_v2,/home/ubuntu/scratch/sr-diffusion/benchmark_outputs/stage2_guarded_detail_v2_tta_off/DIV2K/0870/base.png,/home/ubuntu/scratch/sr-diffusion/benchmarks/div2k/DIV2K_valid_HR/0870.png,/home/ubuntu/scratch/sr-diffusion/benchmarks/div2k/DIV2K_valid_LR_bicubic/X4/0870x4.png,29.61488752005802,28.253348790937856,0.8587176892231606,0.8401143631710276
DIV2K,0870,guarded_v2_x8,/home/ubuntu/scratch/sr-diffusion/benchmark_outputs/stage2_guarded_detail_v2_tta_x8/DIV2K/0870/base.png,/home/ubuntu/scratch/sr-diffusion/benchmarks/div2k/DIV2K_valid_HR/0870.png,/home/ubuntu/scratch/sr-diffusion/benchmarks/div2k/DIV2K_valid_LR_bicubic/X4/0870x4.png,29.673253071385133,28.324045324260815,0.8599710047397542,0.8418061164957867
DIV2K,0870,detail_v2_masked,/home/ubuntu/scratch/sr-diffusion/benchmark_outputs/detail_v2_masked/DIV2K/0870/detail.png,/home/ubuntu/scratch/sr-diffusion/benchmarks/div2k/DIV2K_valid_HR/0870.png,/home/ubuntu/scratch/sr-diffusion/benchmarks/div2k/DIV2K_valid_LR_bicubic/X4/0870x4.png,29.726980524649264,28.370693088565986,0.8624502710537825,0.8440758531010721
DIV2K,0870,realesrgan,/home/ubuntu/scratch/sr-diffusion/benchmark_outputs/realesrgan/DIV2K/0870/RealESRGAN_x4plus.png,/home/ubuntu/scratch/sr-diffusion/benchmarks/div2k/DIV2K_valid_HR/0870.png,/home/ubuntu/scratch/sr-diffusion/benchmarks/div2k/DIV2K_valid_LR_bicubic/X4/0870x4.png,24.120710047861508,22.375397845360077,0.7230024415718448,0.6600627697011573
DIV2K,0871,bicubic,generated:matlab_bicubic_resize,/home/ubuntu/scratch/sr-diffusion/benchmarks/div2k/DIV2K_valid_HR/0871.png,/home/ubuntu/scratch/sr-diffusion/benchmarks/div2k/DIV2K_valid_LR_bicubic/X4/0871x4.png,30.950863219785376,29.41408743258254,0.86500006512986,0.8482038486210272
DIV2K,0871,stage2_base,/home/ubuntu/scratch/sr-diffusion/benchmark_outputs/stage2_dual_best98000/DIV2K/0871/base.png,/home/ubuntu/scratch/sr-diffusion/benchmarks/div2k/DIV2K_valid_HR/0871.png,/home/ubuntu/scratch/sr-diffusion/benchmarks/div2k/DIV2K_valid_LR_bicubic/X4/0871x4.png,32.98200360969775,31.365244058863453,0.9108365309637444,0.8959990245457522
DIV2K,0871,latent_adapter_v1,/home/ubuntu/scratch/sr-diffusion/benchmark_outputs/stage2_latent_adapter_v1_best11000/DIV2K/0871/base.png,/home/ubuntu/scratch/sr-diffusion/benchmarks/div2k/DIV2K_valid_HR/0871.png,/home/ubuntu/scratch/sr-diffusion/benchmarks/div2k/DIV2K_valid_LR_bicubic/X4/0871x4.png,32.848228123172056,31.24167632571948,0.910247190579519,0.895406015713355
DIV2K,0871,guarded_v2,/home/ubuntu/scratch/sr-diffusion/benchmark_outputs/stage2_guarded_detail_v2_tta_off/DIV2K/0871/base.png,/home/ubuntu/scratch/sr-diffusion/benchmarks/div2k/DIV2K_valid_HR/0871.png,/home/ubuntu/scratch/sr-diffusion/benchmarks/div2k/DIV2K_valid_LR_bicubic/X4/0871x4.png,32.849689961239214,31.24401051352178,0.9102795471684729,0.8954006283035493
DIV2K,0871,guarded_v2_x8,/home/ubuntu/scratch/sr-diffusion/benchmark_outputs/stage2_guarded_detail_v2_tta_x8/DIV2K/0871/base.png,/home/ubuntu/scratch/sr-diffusion/benchmarks/div2k/DIV2K_valid_HR/0871.png,/home/ubuntu/scratch/sr-diffusion/benchmarks/div2k/DIV2K_valid_LR_bicubic/X4/0871x4.png,33.00251635810322,31.41325721758905,0.9126709090479803,0.8985286224786607
DIV2K,0871,detail_v2_masked,/home/ubuntu/scratch/sr-diffusion/benchmark_outputs/detail_v2_masked/DIV2K/0871/detail.png,/home/ubuntu/scratch/sr-diffusion/benchmarks/div2k/DIV2K_valid_HR/0871.png,/home/ubuntu/scratch/sr-diffusion/benchmarks/div2k/DIV2K_valid_LR_bicubic/X4/0871x4.png,33.05973916296497,31.483913149586016,0.9149482363830439,0.9010123403076724
DIV2K,0871,realesrgan,/home/ubuntu/scratch/sr-diffusion/benchmark_outputs/realesrgan/DIV2K/0871/RealESRGAN_x4plus.png,/home/ubuntu/scratch/sr-diffusion/benchmarks/div2k/DIV2K_valid_HR/0871.png,/home/ubuntu/scratch/sr-diffusion/benchmarks/div2k/DIV2K_valid_LR_bicubic/X4/0871x4.png,28.62654994933489,26.457483173793577,0.8375749432031818,0.8037938029838833
DIV2K,0872,bicubic,generated:matlab_bicubic_resize,/home/ubuntu/scratch/sr-diffusion/benchmarks/div2k/DIV2K_valid_HR/0872.png,/home/ubuntu/scratch/sr-diffusion/benchmarks/div2k/DIV2K_valid_LR_bicubic/X4/0872x4.png,23.691701290838886,22.43637353595485,0.6277498254749015,0.5975030224972765
DIV2K,0872,stage2_base,/home/ubuntu/scratch/sr-diffusion/benchmark_outputs/stage2_dual_best98000/DIV2K/0872/base.png,/home/ubuntu/scratch/sr-diffusion/benchmarks/div2k/DIV2K_valid_HR/0872.png,/home/ubuntu/scratch/sr-diffusion/benchmarks/div2k/DIV2K_valid_LR_bicubic/X4/0872x4.png,25.032507011982105,23.7497118392708,0.6997971865983349,0.6710708983849748
DIV2K,0872,latent_adapter_v1,/home/ubuntu/scratch/sr-diffusion/benchmark_outputs/stage2_latent_adapter_v1_best11000/DIV2K/0872/base.png,/home/ubuntu/scratch/sr-diffusion/benchmarks/div2k/DIV2K_valid_HR/0872.png,/home/ubuntu/scratch/sr-diffusion/benchmarks/div2k/DIV2K_valid_LR_bicubic/X4/0872x4.png,25.045580573864545,23.76198506367034,0.7020686134628812,0.6734438337020273
DIV2K,0872,guarded_v2,/home/ubuntu/scratch/sr-diffusion/benchmark_outputs/stage2_guarded_detail_v2_tta_off/DIV2K/0872/base.png,/home/ubuntu/scratch/sr-diffusion/benchmarks/div2k/DIV2K_valid_HR/0872.png,/home/ubuntu/scratch/sr-diffusion/benchmarks/div2k/DIV2K_valid_LR_bicubic/X4/0872x4.png,25.05741416809077,23.772662901508205,0.7035233776489507,0.6748911152009799
DIV2K,0872,guarded_v2_x8,/home/ubuntu/scratch/sr-diffusion/benchmark_outputs/stage2_guarded_detail_v2_tta_x8/DIV2K/0872/base.png,/home/ubuntu/scratch/sr-diffusion/benchmarks/div2k/DIV2K_valid_HR/0872.png,/home/ubuntu/scratch/sr-diffusion/benchmarks/div2k/DIV2K_valid_LR_bicubic/X4/0872x4.png,25.10643116172522,23.826274122017807,0.7059943191667899,0.6777314837569456
DIV2K,0872,detail_v2_masked,/home/ubuntu/scratch/sr-diffusion/benchmark_outputs/detail_v2_masked/DIV2K/0872/detail.png,/home/ubuntu/scratch/sr-diffusion/benchmarks/div2k/DIV2K_valid_HR/0872.png,/home/ubuntu/scratch/sr-diffusion/benchmarks/div2k/DIV2K_valid_LR_bicubic/X4/0872x4.png,25.14713392638358,23.867292146981928,0.708038532032198,0.6795358357104067
DIV2K,0872,realesrgan,/home/ubuntu/scratch/sr-diffusion/benchmark_outputs/realesrgan/DIV2K/0872/RealESRGAN_x4plus.png,/home/ubuntu/scratch/sr-diffusion/benchmarks/div2k/DIV2K_valid_HR/0872.png,/home/ubuntu/scratch/sr-diffusion/benchmarks/div2k/DIV2K_valid_LR_bicubic/X4/0872x4.png,23.464800030116155,21.973360814453514,0.6294839959338748,0.5891579066323073
DIV2K,0873,bicubic,generated:matlab_bicubic_resize,/home/ubuntu/scratch/sr-diffusion/benchmarks/div2k/DIV2K_valid_HR/0873.png,/home/ubuntu/scratch/sr-diffusion/benchmarks/div2k/DIV2K_valid_LR_bicubic/X4/0873x4.png,24.000094384905452,22.676219820751196,0.6670170096796554,0.6463358553919484
DIV2K,0873,stage2_base,/home/ubuntu/scratch/sr-diffusion/benchmark_outputs/stage2_dual_best98000/DIV2K/0873/base.png,/home/ubuntu/scratch/sr-diffusion/benchmarks/div2k/DIV2K_valid_HR/0873.png,/home/ubuntu/scratch/sr-diffusion/benchmarks/div2k/DIV2K_valid_LR_bicubic/X4/0873x4.png,25.140293609591442,23.80244571872384,0.7363051893434523,0.7181078115002361
DIV2K,0873,latent_adapter_v1,/home/ubuntu/scratch/sr-diffusion/benchmark_outputs/stage2_latent_adapter_v1_best11000/DIV2K/0873/base.png,/home/ubuntu/scratch/sr-diffusion/benchmarks/div2k/DIV2K_valid_HR/0873.png,/home/ubuntu/scratch/sr-diffusion/benchmarks/div2k/DIV2K_valid_LR_bicubic/X4/0873x4.png,25.14931151264868,23.81127548570253,0.7382177925355677,0.7200619003340633
DIV2K,0873,guarded_v2,/home/ubuntu/scratch/sr-diffusion/benchmark_outputs/stage2_guarded_detail_v2_tta_off/DIV2K/0873/base.png,/home/ubuntu/scratch/sr-diffusion/benchmarks/div2k/DIV2K_valid_HR/0873.png,/home/ubuntu/scratch/sr-diffusion/benchmarks/div2k/DIV2K_valid_LR_bicubic/X4/0873x4.png,25.157625918785882,23.817900849521337,0.7409608953372975,0.7229199080664325
DIV2K,0873,guarded_v2_x8,/home/ubuntu/scratch/sr-diffusion/benchmark_outputs/stage2_guarded_detail_v2_tta_x8/DIV2K/0873/base.png,/home/ubuntu/scratch/sr-diffusion/benchmarks/div2k/DIV2K_valid_HR/0873.png,/home/ubuntu/scratch/sr-diffusion/benchmarks/div2k/DIV2K_valid_LR_bicubic/X4/0873x4.png,25.21646341092751,23.881475166683902,0.7440601997649067,0.7264658067681747
DIV2K,0873,detail_v2_masked,/home/ubuntu/scratch/sr-diffusion/benchmark_outputs/detail_v2_masked/DIV2K/0873/detail.png,/home/ubuntu/scratch/sr-diffusion/benchmarks/div2k/DIV2K_valid_HR/0873.png,/home/ubuntu/scratch/sr-diffusion/benchmarks/div2k/DIV2K_valid_LR_bicubic/X4/0873x4.png,25.38288090814636,24.042950255006513,0.7509758150074678,0.7331000899216416
DIV2K,0873,realesrgan,/home/ubuntu/scratch/sr-diffusion/benchmark_outputs/realesrgan/DIV2K/0873/RealESRGAN_x4plus.png,/home/ubuntu/scratch/sr-diffusion/benchmarks/div2k/DIV2K_valid_HR/0873.png,/home/ubuntu/scratch/sr-diffusion/benchmarks/div2k/DIV2K_valid_LR_bicubic/X4/0873x4.png,23.416530819746377,21.81465773474371,0.6632122539483892,0.6306386181423483
DIV2K,0874,bicubic,generated:matlab_bicubic_resize,/home/ubuntu/scratch/sr-diffusion/benchmarks/div2k/DIV2K_valid_HR/0874.png,/home/ubuntu/scratch/sr-diffusion/benchmarks/div2k/DIV2K_valid_LR_bicubic/X4/0874x4.png,29.589149963150767,28.199253170565896,0.7601703899590856,0.7271920216730723
DIV2K,0874,stage2_base,/home/ubuntu/scratch/sr-diffusion/benchmark_outputs/stage2_dual_best98000/DIV2K/0874/base.png,/home/ubuntu/scratch/sr-diffusion/benchmarks/div2k/DIV2K_valid_HR/0874.png,/home/ubuntu/scratch/sr-diffusion/benchmarks/div2k/DIV2K_valid_LR_bicubic/X4/0874x4.png,31.217826327115276,29.794815270637976,0.8118655384214243,0.7836141679451226
DIV2K,0874,latent_adapter_v1,/home/ubuntu/scratch/sr-diffusion/benchmark_outputs/stage2_latent_adapter_v1_best11000/DIV2K/0874/base.png,/home/ubuntu/scratch/sr-diffusion/benchmarks/div2k/DIV2K_valid_HR/0874.png,/home/ubuntu/scratch/sr-diffusion/benchmarks/div2k/DIV2K_valid_LR_bicubic/X4/0874x4.png,31.185266633342415,29.765435043450598,0.8122797100796687,0.7841465008690959
DIV2K,0874,guarded_v2,/home/ubuntu/scratch/sr-diffusion/benchmark_outputs/stage2_guarded_detail_v2_tta_off/DIV2K/0874/base.png,/home/ubuntu/scratch/sr-diffusion/benchmarks/div2k/DIV2K_valid_HR/0874.png,/home/ubuntu/scratch/sr-diffusion/benchmarks/div2k/DIV2K_valid_LR_bicubic/X4/0874x4.png,31.165772316049832,29.74694470971752,0.8128970160389586,0.7849117763984496
DIV2K,0874,guarded_v2_x8,/home/ubuntu/scratch/sr-diffusion/benchmark_outputs/stage2_guarded_detail_v2_tta_x8/DIV2K/0874/base.png,/home/ubuntu/scratch/sr-diffusion/benchmarks/div2k/DIV2K_valid_HR/0874.png,/home/ubuntu/scratch/sr-diffusion/benchmarks/div2k/DIV2K_valid_LR_bicubic/X4/0874x4.png,31.24128922069666,29.82789208043439,0.8156027710928669,0.7881143737025741
DIV2K,0874,detail_v2_masked,/home/ubuntu/scratch/sr-diffusion/benchmark_outputs/detail_v2_masked/DIV2K/0874/detail.png,/home/ubuntu/scratch/sr-diffusion/benchmarks/div2k/DIV2K_valid_HR/0874.png,/home/ubuntu/scratch/sr-diffusion/benchmarks/div2k/DIV2K_valid_LR_bicubic/X4/0874x4.png,31.316044545946887,29.9027624878862,0.8161677933714424,0.7885258242595014
DIV2K,0874,realesrgan,/home/ubuntu/scratch/sr-diffusion/benchmark_outputs/realesrgan/DIV2K/0874/RealESRGAN_x4plus.png,/home/ubuntu/scratch/sr-diffusion/benchmarks/div2k/DIV2K_valid_HR/0874.png,/home/ubuntu/scratch/sr-diffusion/benchmarks/div2k/DIV2K_valid_LR_bicubic/X4/0874x4.png,28.942094521922876,27.421831154515658,0.7414207647348751,0.7027723549505697
DIV2K,0875,bicubic,generated:matlab_bicubic_resize,/home/ubuntu/scratch/sr-diffusion/benchmarks/div2k/DIV2K_valid_HR/0875.png,/home/ubuntu/scratch/sr-diffusion/benchmarks/div2k/DIV2K_valid_LR_bicubic/X4/0875x4.png,23.66745196078936,22.420361583855776,0.5733736480813545,0.5421617203878851
DIV2K,0875,stage2_base,/home/ubuntu/scratch/sr-diffusion/benchmark_outputs/stage2_dual_best98000/DIV2K/0875/base.png,/home/ubuntu/scratch/sr-diffusion/benchmarks/div2k/DIV2K_valid_HR/0875.png,/home/ubuntu/scratch/sr-diffusion/benchmarks/div2k/DIV2K_valid_LR_bicubic/X4/0875x4.png,25.534971336711656,24.244383292724176,0.6842535840932099,0.6582207039332387
DIV2K,0875,latent_adapter_v1,/home/ubuntu/scratch/sr-diffusion/benchmark_outputs/stage2_latent_adapter_v1_best11000/DIV2K/0875/base.png,/home/ubuntu/scratch/sr-diffusion/benchmarks/div2k/DIV2K_valid_HR/0875.png,/home/ubuntu/scratch/sr-diffusion/benchmarks/div2k/DIV2K_valid_LR_bicubic/X4/0875x4.png,25.536784646672203,24.246588511791973,0.6863750344339317,0.6603508312696805
DIV2K,0875,guarded_v2,/home/ubuntu/scratch/sr-diffusion/benchmark_outputs/stage2_guarded_detail_v2_tta_off/DIV2K/0875/base.png,/home/ubuntu/scratch/sr-diffusion/benchmarks/div2k/DIV2K_valid_HR/0875.png,/home/ubuntu/scratch/sr-diffusion/benchmarks/div2k/DIV2K_valid_LR_bicubic/X4/0875x4.png,25.53517911970792,24.244759889356068,0.6879687537220468,0.6625027672359084
DIV2K,0875,guarded_v2_x8,/home/ubuntu/scratch/sr-diffusion/benchmark_outputs/stage2_guarded_detail_v2_tta_x8/DIV2K/0875/base.png,/home/ubuntu/scratch/sr-diffusion/benchmarks/div2k/DIV2K_valid_HR/0875.png,/home/ubuntu/scratch/sr-diffusion/benchmarks/div2k/DIV2K_valid_LR_bicubic/X4/0875x4.png,25.615777572406135,24.3303567060179,0.6915800018932282,0.6665675677810622
DIV2K,0875,detail_v2_masked,/home/ubuntu/scratch/sr-diffusion/benchmark_outputs/detail_v2_masked/DIV2K/0875/detail.png,/home/ubuntu/scratch/sr-diffusion/benchmarks/div2k/DIV2K_valid_HR/0875.png,/home/ubuntu/scratch/sr-diffusion/benchmarks/div2k/DIV2K_valid_LR_bicubic/X4/0875x4.png,25.667926157924626,24.37579404101317,0.6939162761044135,0.6686194785765595
DIV2K,0875,realesrgan,/home/ubuntu/scratch/sr-diffusion/benchmark_outputs/realesrgan/DIV2K/0875/RealESRGAN_x4plus.png,/home/ubuntu/scratch/sr-diffusion/benchmarks/div2k/DIV2K_valid_HR/0875.png,/home/ubuntu/scratch/sr-diffusion/benchmarks/div2k/DIV2K_valid_LR_bicubic/X4/0875x4.png,23.353097968523116,21.85240556079064,0.5860939445435942,0.5326787893886993
DIV2K,0876,bicubic,generated:matlab_bicubic_resize,/home/ubuntu/scratch/sr-diffusion/benchmarks/div2k/DIV2K_valid_HR/0876.png,/home/ubuntu/scratch/sr-diffusion/benchmarks/div2k/DIV2K_valid_LR_bicubic/X4/0876x4.png,22.535149011766755,21.43399919375785,0.5117065522501167,0.4835952469723179
DIV2K,0876,stage2_base,/home/ubuntu/scratch/sr-diffusion/benchmark_outputs/stage2_dual_best98000/DIV2K/0876/base.png,/home/ubuntu/scratch/sr-diffusion/benchmarks/div2k/DIV2K_valid_HR/0876.png,/home/ubuntu/scratch/sr-diffusion/benchmarks/div2k/DIV2K_valid_LR_bicubic/X4/0876x4.png,23.067427734886728,21.964033700598517,0.5910385192732341,0.5658215706107123
DIV2K,0876,latent_adapter_v1,/home/ubuntu/scratch/sr-diffusion/benchmark_outputs/stage2_latent_adapter_v1_best11000/DIV2K/0876/base.png,/home/ubuntu/scratch/sr-diffusion/benchmarks/div2k/DIV2K_valid_HR/0876.png,/home/ubuntu/scratch/sr-diffusion/benchmarks/div2k/DIV2K_valid_LR_bicubic/X4/0876x4.png,23.05592665822573,21.95293057996871,0.59286616102158,0.5670897533734042
DIV2K,0876,guarded_v2,/home/ubuntu/scratch/sr-diffusion/benchmark_outputs/stage2_guarded_detail_v2_tta_off/DIV2K/0876/base.png,/home/ubuntu/scratch/sr-diffusion/benchmarks/div2k/DIV2K_valid_HR/0876.png,/home/ubuntu/scratch/sr-diffusion/benchmarks/div2k/DIV2K_valid_LR_bicubic/X4/0876x4.png,23.06696897632626,21.963615488039537,0.592232236814976,0.56709760226273
DIV2K,0876,guarded_v2_x8,/home/ubuntu/scratch/sr-diffusion/benchmark_outputs/stage2_guarded_detail_v2_tta_x8/DIV2K/0876/base.png,/home/ubuntu/scratch/sr-diffusion/benchmarks/div2k/DIV2K_valid_HR/0876.png,/home/ubuntu/scratch/sr-diffusion/benchmarks/div2k/DIV2K_valid_LR_bicubic/X4/0876x4.png,23.109969694956902,22.009220065465293,0.5940638585192731,0.5692354489735529
DIV2K,0876,detail_v2_masked,/home/ubuntu/scratch/sr-diffusion/benchmark_outputs/detail_v2_masked/DIV2K/0876/detail.png,/home/ubuntu/scratch/sr-diffusion/benchmarks/div2k/DIV2K_valid_HR/0876.png,/home/ubuntu/scratch/sr-diffusion/benchmarks/div2k/DIV2K_valid_LR_bicubic/X4/0876x4.png,23.140779150769358,22.041275309739603,0.5999938908648422,0.5763032349148057
DIV2K,0876,realesrgan,/home/ubuntu/scratch/sr-diffusion/benchmark_outputs/realesrgan/DIV2K/0876/RealESRGAN_x4plus.png,/home/ubuntu/scratch/sr-diffusion/benchmarks/div2k/DIV2K_valid_HR/0876.png,/home/ubuntu/scratch/sr-diffusion/benchmarks/div2k/DIV2K_valid_LR_bicubic/X4/0876x4.png,20.24212577719085,19.04350435539771,0.4805665911858126,0.3828827717137644
DIV2K,0877,bicubic,generated:matlab_bicubic_resize,/home/ubuntu/scratch/sr-diffusion/benchmarks/div2k/DIV2K_valid_HR/0877.png,/home/ubuntu/scratch/sr-diffusion/benchmarks/div2k/DIV2K_valid_LR_bicubic/X4/0877x4.png,36.90720316722345,35.44206235873748,0.9512193034062388,0.940718820023104
DIV2K,0877,stage2_base,/home/ubuntu/scratch/sr-diffusion/benchmark_outputs/stage2_dual_best98000/DIV2K/0877/base.png,/home/ubuntu/scratch/sr-diffusion/benchmarks/div2k/DIV2K_valid_HR/0877.png,/home/ubuntu/scratch/sr-diffusion/benchmarks/div2k/DIV2K_valid_LR_bicubic/X4/0877x4.png,40.918668730543224,39.20589839731757,0.9738442389915324,0.9637083456665639
DIV2K,0877,latent_adapter_v1,/home/ubuntu/scratch/sr-diffusion/benchmark_outputs/stage2_latent_adapter_v1_best11000/DIV2K/0877/base.png,/home/ubuntu/scratch/sr-diffusion/benchmarks/div2k/DIV2K_valid_HR/0877.png,/home/ubuntu/scratch/sr-diffusion/benchmarks/div2k/DIV2K_valid_LR_bicubic/X4/0877x4.png,41.10808200303844,39.42703280634993,0.974002151303534,0.963916982864343
DIV2K,0877,guarded_v2,/home/ubuntu/scratch/sr-diffusion/benchmark_outputs/stage2_guarded_detail_v2_tta_off/DIV2K/0877/base.png,/home/ubuntu/scratch/sr-diffusion/benchmarks/div2k/DIV2K_valid_HR/0877.png,/home/ubuntu/scratch/sr-diffusion/benchmarks/div2k/DIV2K_valid_LR_bicubic/X4/0877x4.png,41.019002622161345,39.364166261502206,0.9741060221617415,0.9638845767794865
DIV2K,0877,guarded_v2_x8,/home/ubuntu/scratch/sr-diffusion/benchmark_outputs/stage2_guarded_detail_v2_tta_x8/DIV2K/0877/base.png,/home/ubuntu/scratch/sr-diffusion/benchmarks/div2k/DIV2K_valid_HR/0877.png,/home/ubuntu/scratch/sr-diffusion/benchmarks/div2k/DIV2K_valid_LR_bicubic/X4/0877x4.png,41.4913193398095,39.88123965938104,0.9756242914546639,0.9660235794784148
DIV2K,0877,detail_v2_masked,/home/ubuntu/scratch/sr-diffusion/benchmark_outputs/detail_v2_masked/DIV2K/0877/detail.png,/home/ubuntu/scratch/sr-diffusion/benchmarks/div2k/DIV2K_valid_HR/0877.png,/home/ubuntu/scratch/sr-diffusion/benchmarks/div2k/DIV2K_valid_LR_bicubic/X4/0877x4.png,41.38293814447132,39.63663516294303,0.9762922591072511,0.9665932949827178
DIV2K,0877,realesrgan,/home/ubuntu/scratch/sr-diffusion/benchmark_outputs/realesrgan/DIV2K/0877/RealESRGAN_x4plus.png,/home/ubuntu/scratch/sr-diffusion/benchmarks/div2k/DIV2K_valid_HR/0877.png,/home/ubuntu/scratch/sr-diffusion/benchmarks/div2k/DIV2K_valid_LR_bicubic/X4/0877x4.png,35.95923842842318,33.42050734700627,0.9499074769614572,0.9268617767952684
DIV2K,0878,bicubic,generated:matlab_bicubic_resize,/home/ubuntu/scratch/sr-diffusion/benchmarks/div2k/DIV2K_valid_HR/0878.png,/home/ubuntu/scratch/sr-diffusion/benchmarks/div2k/DIV2K_valid_LR_bicubic/X4/0878x4.png,30.31253975870529,28.823349851422876,0.855330205362406,0.8353318189775746
DIV2K,0878,stage2_base,/home/ubuntu/scratch/sr-diffusion/benchmark_outputs/stage2_dual_best98000/DIV2K/0878/base.png,/home/ubuntu/scratch/sr-diffusion/benchmarks/div2k/DIV2K_valid_HR/0878.png,/home/ubuntu/scratch/sr-diffusion/benchmarks/div2k/DIV2K_valid_LR_bicubic/X4/0878x4.png,33.4785625660503,31.90462601308716,0.907961786025671,0.8921683170838479
DIV2K,0878,latent_adapter_v1,/home/ubuntu/scratch/sr-diffusion/benchmark_outputs/stage2_latent_adapter_v1_best11000/DIV2K/0878/base.png,/home/ubuntu/scratch/sr-diffusion/benchmarks/div2k/DIV2K_valid_HR/0878.png,/home/ubuntu/scratch/sr-diffusion/benchmarks/div2k/DIV2K_valid_LR_bicubic/X4/0878x4.png,33.49458562271312,31.920729156641134,0.9085412028297819,0.8928355833736167
DIV2K,0878,guarded_v2,/home/ubuntu/scratch/sr-diffusion/benchmark_outputs/stage2_guarded_detail_v2_tta_off/DIV2K/0878/base.png,/home/ubuntu/scratch/sr-diffusion/benchmarks/div2k/DIV2K_valid_HR/0878.png,/home/ubuntu/scratch/sr-diffusion/benchmarks/div2k/DIV2K_valid_LR_bicubic/X4/0878x4.png,33.548689101511,31.97045861701792,0.9096681328913108,0.894081301758642
DIV2K,0878,guarded_v2_x8,/home/ubuntu/scratch/sr-diffusion/benchmark_outputs/stage2_guarded_detail_v2_tta_x8/DIV2K/0878/base.png,/home/ubuntu/scratch/sr-diffusion/benchmarks/div2k/DIV2K_valid_HR/0878.png,/home/ubuntu/scratch/sr-diffusion/benchmarks/div2k/DIV2K_valid_LR_bicubic/X4/0878x4.png,33.63653681330455,32.06850871469703,0.9107875768191073,0.8955580686524721
DIV2K,0878,detail_v2_masked,/home/ubuntu/scratch/sr-diffusion/benchmark_outputs/detail_v2_masked/DIV2K/0878/detail.png,/home/ubuntu/scratch/sr-diffusion/benchmarks/div2k/DIV2K_valid_HR/0878.png,/home/ubuntu/scratch/sr-diffusion/benchmarks/div2k/DIV2K_valid_LR_bicubic/X4/0878x4.png,33.7343076483151,32.16148040114214,0.9119990047498711,0.8965515944512711
DIV2K,0878,realesrgan,/home/ubuntu/scratch/sr-diffusion/benchmark_outputs/realesrgan/DIV2K/0878/RealESRGAN_x4plus.png,/home/ubuntu/scratch/sr-diffusion/benchmarks/div2k/DIV2K_valid_HR/0878.png,/home/ubuntu/scratch/sr-diffusion/benchmarks/div2k/DIV2K_valid_LR_bicubic/X4/0878x4.png,30.0857124627018,28.448954478060998,0.854206651144256,0.8299071093882219
DIV2K,0879,bicubic,generated:matlab_bicubic_resize,/home/ubuntu/scratch/sr-diffusion/benchmarks/div2k/DIV2K_valid_HR/0879.png,/home/ubuntu/scratch/sr-diffusion/benchmarks/div2k/DIV2K_valid_LR_bicubic/X4/0879x4.png,26.7570462254599,25.416341829117442,0.8253695962763796,0.8038246646268199
DIV2K,0879,stage2_base,/home/ubuntu/scratch/sr-diffusion/benchmark_outputs/stage2_dual_best98000/DIV2K/0879/base.png,/home/ubuntu/scratch/sr-diffusion/benchmarks/div2k/DIV2K_valid_HR/0879.png,/home/ubuntu/scratch/sr-diffusion/benchmarks/div2k/DIV2K_valid_LR_bicubic/X4/0879x4.png,28.380572972592617,27.02540702120345,0.8744684450138307,0.8544835426788371
DIV2K,0879,latent_adapter_v1,/home/ubuntu/scratch/sr-diffusion/benchmark_outputs/stage2_latent_adapter_v1_best11000/DIV2K/0879/base.png,/home/ubuntu/scratch/sr-diffusion/benchmarks/div2k/DIV2K_valid_HR/0879.png,/home/ubuntu/scratch/sr-diffusion/benchmarks/div2k/DIV2K_valid_LR_bicubic/X4/0879x4.png,28.36972430543183,27.01698170382139,0.8750403901226853,0.8550402953146441
DIV2K,0879,guarded_v2,/home/ubuntu/scratch/sr-diffusion/benchmark_outputs/stage2_guarded_detail_v2_tta_off/DIV2K/0879/base.png,/home/ubuntu/scratch/sr-diffusion/benchmarks/div2k/DIV2K_valid_HR/0879.png,/home/ubuntu/scratch/sr-diffusion/benchmarks/div2k/DIV2K_valid_LR_bicubic/X4/0879x4.png,28.362201574234884,27.01235675822694,0.8756641352739347,0.8557046664168227
DIV2K,0879,guarded_v2_x8,/home/ubuntu/scratch/sr-diffusion/benchmark_outputs/stage2_guarded_detail_v2_tta_x8/DIV2K/0879/base.png,/home/ubuntu/scratch/sr-diffusion/benchmarks/div2k/DIV2K_valid_HR/0879.png,/home/ubuntu/scratch/sr-diffusion/benchmarks/div2k/DIV2K_valid_LR_bicubic/X4/0879x4.png,28.462330693762148,27.1193663972767,0.8775187264713719,0.8580859473036028
DIV2K,0879,detail_v2_masked,/home/ubuntu/scratch/sr-diffusion/benchmark_outputs/detail_v2_masked/DIV2K/0879/detail.png,/home/ubuntu/scratch/sr-diffusion/benchmarks/div2k/DIV2K_valid_HR/0879.png,/home/ubuntu/scratch/sr-diffusion/benchmarks/div2k/DIV2K_valid_LR_bicubic/X4/0879x4.png,28.632758445935824,27.280367376446947,0.8813886910326679,0.8617728196624022
DIV2K,0879,realesrgan,/home/ubuntu/scratch/sr-diffusion/benchmark_outputs/realesrgan/DIV2K/0879/RealESRGAN_x4plus.png,/home/ubuntu/scratch/sr-diffusion/benchmarks/div2k/DIV2K_valid_HR/0879.png,/home/ubuntu/scratch/sr-diffusion/benchmarks/div2k/DIV2K_valid_LR_bicubic/X4/0879x4.png,24.7494840649911,23.27921002748586,0.8156009940031487,0.7809606441387879
DIV2K,0880,bicubic,generated:matlab_bicubic_resize,/home/ubuntu/scratch/sr-diffusion/benchmarks/div2k/DIV2K_valid_HR/0880.png,/home/ubuntu/scratch/sr-diffusion/benchmarks/div2k/DIV2K_valid_LR_bicubic/X4/0880x4.png,31.90791769212824,30.548764397967993,0.8798384678672005,0.8667103493325418
DIV2K,0880,stage2_base,/home/ubuntu/scratch/sr-diffusion/benchmark_outputs/stage2_dual_best98000/DIV2K/0880/base.png,/home/ubuntu/scratch/sr-diffusion/benchmarks/div2k/DIV2K_valid_HR/0880.png,/home/ubuntu/scratch/sr-diffusion/benchmarks/div2k/DIV2K_valid_LR_bicubic/X4/0880x4.png,32.810472613653616,31.41063605728408,0.9068595704566437,0.8955580476276529
DIV2K,0880,latent_adapter_v1,/home/ubuntu/scratch/sr-diffusion/benchmark_outputs/stage2_latent_adapter_v1_best11000/DIV2K/0880/base.png,/home/ubuntu/scratch/sr-diffusion/benchmarks/div2k/DIV2K_valid_HR/0880.png,/home/ubuntu/scratch/sr-diffusion/benchmarks/div2k/DIV2K_valid_LR_bicubic/X4/0880x4.png,32.712789808898876,31.319952467334396,0.9065999009275202,0.8954130776175134
DIV2K,0880,guarded_v2,/home/ubuntu/scratch/sr-diffusion/benchmark_outputs/stage2_guarded_detail_v2_tta_off/DIV2K/0880/base.png,/home/ubuntu/scratch/sr-diffusion/benchmarks/div2k/DIV2K_valid_HR/0880.png,/home/ubuntu/scratch/sr-diffusion/benchmarks/div2k/DIV2K_valid_LR_bicubic/X4/0880x4.png,32.73472843131937,31.344941673547197,0.9070754317715938,0.8959700062157182
DIV2K,0880,guarded_v2_x8,/home/ubuntu/scratch/sr-diffusion/benchmark_outputs/stage2_guarded_detail_v2_tta_x8/DIV2K/0880/base.png,/home/ubuntu/scratch/sr-diffusion/benchmarks/div2k/DIV2K_valid_HR/0880.png,/home/ubuntu/scratch/sr-diffusion/benchmarks/div2k/DIV2K_valid_LR_bicubic/X4/0880x4.png,32.803065990105914,31.41767027397316,0.9086735879766973,0.897876394762854
DIV2K,0880,detail_v2_masked,/home/ubuntu/scratch/sr-diffusion/benchmark_outputs/detail_v2_masked/DIV2K/0880/detail.png,/home/ubuntu/scratch/sr-diffusion/benchmarks/div2k/DIV2K_valid_HR/0880.png,/home/ubuntu/scratch/sr-diffusion/benchmarks/div2k/DIV2K_valid_LR_bicubic/X4/0880x4.png,32.84974289037555,31.471638704387388,0.9091279967337597,0.8980173914331319
DIV2K,0880,realesrgan,/home/ubuntu/scratch/sr-diffusion/benchmark_outputs/realesrgan/DIV2K/0880/RealESRGAN_x4plus.png,/home/ubuntu/scratch/sr-diffusion/benchmarks/div2k/DIV2K_valid_HR/0880.png,/home/ubuntu/scratch/sr-diffusion/benchmarks/div2k/DIV2K_valid_LR_bicubic/X4/0880x4.png,28.032259249477896,26.60114241289802,0.8314312599263549,0.8122764371012795
DIV2K,0881,bicubic,generated:matlab_bicubic_resize,/home/ubuntu/scratch/sr-diffusion/benchmarks/div2k/DIV2K_valid_HR/0881.png,/home/ubuntu/scratch/sr-diffusion/benchmarks/div2k/DIV2K_valid_LR_bicubic/X4/0881x4.png,26.38470257503924,24.953038347429924,0.7513893630704347,0.7305250509099168
DIV2K,0881,stage2_base,/home/ubuntu/scratch/sr-diffusion/benchmark_outputs/stage2_dual_best98000/DIV2K/0881/base.png,/home/ubuntu/scratch/sr-diffusion/benchmarks/div2k/DIV2K_valid_HR/0881.png,/home/ubuntu/scratch/sr-diffusion/benchmarks/div2k/DIV2K_valid_LR_bicubic/X4/0881x4.png,27.23649140660811,25.79704955459438,0.7849624205147814,0.7659375840256425
DIV2K,0881,latent_adapter_v1,/home/ubuntu/scratch/sr-diffusion/benchmark_outputs/stage2_latent_adapter_v1_best11000/DIV2K/0881/base.png,/home/ubuntu/scratch/sr-diffusion/benchmarks/div2k/DIV2K_valid_HR/0881.png,/home/ubuntu/scratch/sr-diffusion/benchmarks/div2k/DIV2K_valid_LR_bicubic/X4/0881x4.png,27.24168396337803,25.80353802005869,0.7862357107852497,0.7672907546157526
DIV2K,0881,guarded_v2,/home/ubuntu/scratch/sr-diffusion/benchmark_outputs/stage2_guarded_detail_v2_tta_off/DIV2K/0881/base.png,/home/ubuntu/scratch/sr-diffusion/benchmarks/div2k/DIV2K_valid_HR/0881.png,/home/ubuntu/scratch/sr-diffusion/benchmarks/div2k/DIV2K_valid_LR_bicubic/X4/0881x4.png,27.257031276822875,25.819212958062217,0.7876193764054927,0.7687285438724857
DIV2K,0881,guarded_v2_x8,/home/ubuntu/scratch/sr-diffusion/benchmark_outputs/stage2_guarded_detail_v2_tta_x8/DIV2K/0881/base.png,/home/ubuntu/scratch/sr-diffusion/benchmarks/div2k/DIV2K_valid_HR/0881.png,/home/ubuntu/scratch/sr-diffusion/benchmarks/div2k/DIV2K_valid_LR_bicubic/X4/0881x4.png,27.303766394220872,25.86726443789565,0.7888283109775706,0.7701229369437267
DIV2K,0881,detail_v2_masked,/home/ubuntu/scratch/sr-diffusion/benchmark_outputs/detail_v2_masked/DIV2K/0881/detail.png,/home/ubuntu/scratch/sr-diffusion/benchmarks/div2k/DIV2K_valid_HR/0881.png,/home/ubuntu/scratch/sr-diffusion/benchmarks/div2k/DIV2K_valid_LR_bicubic/X4/0881x4.png,27.3235069894273,25.88578509973236,0.7889944859371171,0.7700402247137786
DIV2K,0881,realesrgan,/home/ubuntu/scratch/sr-diffusion/benchmark_outputs/realesrgan/DIV2K/0881/RealESRGAN_x4plus.png,/home/ubuntu/scratch/sr-diffusion/benchmarks/div2k/DIV2K_valid_HR/0881.png,/home/ubuntu/scratch/sr-diffusion/benchmarks/div2k/DIV2K_valid_LR_bicubic/X4/0881x4.png,24.909118079578477,23.436024409832932,0.7261204156608054,0.7018649132345646
DIV2K,0882,bicubic,generated:matlab_bicubic_resize,/home/ubuntu/scratch/sr-diffusion/benchmarks/div2k/DIV2K_valid_HR/0882.png,/home/ubuntu/scratch/sr-diffusion/benchmarks/div2k/DIV2K_valid_LR_bicubic/X4/0882x4.png,32.834659059762096,31.33276990156024,0.9470841661922387,0.928730481549875
DIV2K,0882,stage2_base,/home/ubuntu/scratch/sr-diffusion/benchmark_outputs/stage2_dual_best98000/DIV2K/0882/base.png,/home/ubuntu/scratch/sr-diffusion/benchmarks/div2k/DIV2K_valid_HR/0882.png,/home/ubuntu/scratch/sr-diffusion/benchmarks/div2k/DIV2K_valid_LR_bicubic/X4/0882x4.png,34.950921282027664,33.31760700371032,0.9610041009883465,0.9428338344377257
DIV2K,0882,latent_adapter_v1,/home/ubuntu/scratch/sr-diffusion/benchmark_outputs/stage2_latent_adapter_v1_best11000/DIV2K/0882/base.png,/home/ubuntu/scratch/sr-diffusion/benchmarks/div2k/DIV2K_valid_HR/0882.png,/home/ubuntu/scratch/sr-diffusion/benchmarks/div2k/DIV2K_valid_LR_bicubic/X4/0882x4.png,34.87416606164949,33.24562461676861,0.9608459717486182,0.9425923312952867
DIV2K,0882,guarded_v2,/home/ubuntu/scratch/sr-diffusion/benchmark_outputs/stage2_guarded_detail_v2_tta_off/DIV2K/0882/base.png,/home/ubuntu/scratch/sr-diffusion/benchmarks/div2k/DIV2K_valid_HR/0882.png,/home/ubuntu/scratch/sr-diffusion/benchmarks/div2k/DIV2K_valid_LR_bicubic/X4/0882x4.png,35.124747459626974,33.462751724963496,0.9612546147194424,0.9431254608615806
DIV2K,0882,guarded_v2_x8,/home/ubuntu/scratch/sr-diffusion/benchmark_outputs/stage2_guarded_detail_v2_tta_x8/DIV2K/0882/base.png,/home/ubuntu/scratch/sr-diffusion/benchmarks/div2k/DIV2K_valid_HR/0882.png,/home/ubuntu/scratch/sr-diffusion/benchmarks/div2k/DIV2K_valid_LR_bicubic/X4/0882x4.png,35.27876024593149,33.63551679035693,0.9621810212908894,0.9445876212013622
DIV2K,0882,detail_v2_masked,/home/ubuntu/scratch/sr-diffusion/benchmark_outputs/detail_v2_masked/DIV2K/0882/detail.png,/home/ubuntu/scratch/sr-diffusion/benchmarks/div2k/DIV2K_valid_HR/0882.png,/home/ubuntu/scratch/sr-diffusion/benchmarks/div2k/DIV2K_valid_LR_bicubic/X4/0882x4.png,34.99223774676721,33.38638278670822,0.962089932802882,0.9443356400713672
DIV2K,0882,realesrgan,/home/ubuntu/scratch/sr-diffusion/benchmark_outputs/realesrgan/DIV2K/0882/RealESRGAN_x4plus.png,/home/ubuntu/scratch/sr-diffusion/benchmarks/div2k/DIV2K_valid_HR/0882.png,/home/ubuntu/scratch/sr-diffusion/benchmarks/div2k/DIV2K_valid_LR_bicubic/X4/0882x4.png,29.495897466148364,27.29870847613167,0.9268829695400398,0.8761044405314756
DIV2K,0883,bicubic,generated:matlab_bicubic_resize,/home/ubuntu/scratch/sr-diffusion/benchmarks/div2k/DIV2K_valid_HR/0883.png,/home/ubuntu/scratch/sr-diffusion/benchmarks/div2k/DIV2K_valid_LR_bicubic/X4/0883x4.png,26.672392283903477,24.903360754767967,0.699399412656511,0.6604065734610973
DIV2K,0883,stage2_base,/home/ubuntu/scratch/sr-diffusion/benchmark_outputs/stage2_dual_best98000/DIV2K/0883/base.png,/home/ubuntu/scratch/sr-diffusion/benchmarks/div2k/DIV2K_valid_HR/0883.png,/home/ubuntu/scratch/sr-diffusion/benchmarks/div2k/DIV2K_valid_LR_bicubic/X4/0883x4.png,27.687468263384503,25.853547339810504,0.7606699830381591,0.7246693144443427
DIV2K,0883,latent_adapter_v1,/home/ubuntu/scratch/sr-diffusion/benchmark_outputs/stage2_latent_adapter_v1_best11000/DIV2K/0883/base.png,/home/ubuntu/scratch/sr-diffusion/benchmarks/div2k/DIV2K_valid_HR/0883.png,/home/ubuntu/scratch/sr-diffusion/benchmarks/div2k/DIV2K_valid_LR_bicubic/X4/0883x4.png,27.64100559467687,25.80905458509505,0.7612863621606799,0.7252177496529719
DIV2K,0883,guarded_v2,/home/ubuntu/scratch/sr-diffusion/benchmark_outputs/stage2_guarded_detail_v2_tta_off/DIV2K/0883/base.png,/home/ubuntu/scratch/sr-diffusion/benchmarks/div2k/DIV2K_valid_HR/0883.png,/home/ubuntu/scratch/sr-diffusion/benchmarks/div2k/DIV2K_valid_LR_bicubic/X4/0883x4.png,27.600664480083413,25.76554181032464,0.7617462859804781,0.7256818219082061
DIV2K,0883,guarded_v2_x8,/home/ubuntu/scratch/sr-diffusion/benchmark_outputs/stage2_guarded_detail_v2_tta_x8/DIV2K/0883/base.png,/home/ubuntu/scratch/sr-diffusion/benchmarks/div2k/DIV2K_valid_HR/0883.png,/home/ubuntu/scratch/sr-diffusion/benchmarks/div2k/DIV2K_valid_LR_bicubic/X4/0883x4.png,27.720310134048667,25.88671004955441,0.7671357044533846,0.7315190494711957
DIV2K,0883,detail_v2_masked,/home/ubuntu/scratch/sr-diffusion/benchmark_outputs/detail_v2_masked/DIV2K/0883/detail.png,/home/ubuntu/scratch/sr-diffusion/benchmarks/div2k/DIV2K_valid_HR/0883.png,/home/ubuntu/scratch/sr-diffusion/benchmarks/div2k/DIV2K_valid_LR_bicubic/X4/0883x4.png,27.787939289290552,25.964236327726656,0.7701272268200378,0.7355946756992265
DIV2K,0883,realesrgan,/home/ubuntu/scratch/sr-diffusion/benchmark_outputs/realesrgan/DIV2K/0883/RealESRGAN_x4plus.png,/home/ubuntu/scratch/sr-diffusion/benchmarks/div2k/DIV2K_valid_HR/0883.png,/home/ubuntu/scratch/sr-diffusion/benchmarks/div2k/DIV2K_valid_LR_bicubic/X4/0883x4.png,24.03270523943343,22.31538712299774,0.6149688709512076,0.5600317041908697
DIV2K,0884,bicubic,generated:matlab_bicubic_resize,/home/ubuntu/scratch/sr-diffusion/benchmarks/div2k/DIV2K_valid_HR/0884.png,/home/ubuntu/scratch/sr-diffusion/benchmarks/div2k/DIV2K_valid_LR_bicubic/X4/0884x4.png,25.932550617489515,24.1140716375031,0.6811603228602474,0.6414805570994759
DIV2K,0884,stage2_base,/home/ubuntu/scratch/sr-diffusion/benchmark_outputs/stage2_dual_best98000/DIV2K/0884/base.png,/home/ubuntu/scratch/sr-diffusion/benchmarks/div2k/DIV2K_valid_HR/0884.png,/home/ubuntu/scratch/sr-diffusion/benchmarks/div2k/DIV2K_valid_LR_bicubic/X4/0884x4.png,27.502582417670215,25.579388177223265,0.7592214607096988,0.7240756624038625
DIV2K,0884,latent_adapter_v1,/home/ubuntu/scratch/sr-diffusion/benchmark_outputs/stage2_latent_adapter_v1_best11000/DIV2K/0884/base.png,/home/ubuntu/scratch/sr-diffusion/benchmarks/div2k/DIV2K_valid_HR/0884.png,/home/ubuntu/scratch/sr-diffusion/benchmarks/div2k/DIV2K_valid_LR_bicubic/X4/0884x4.png,27.516012039885617,25.59497817101766,0.761151601428407,0.7264891391306195
DIV2K,0884,guarded_v2,/home/ubuntu/scratch/sr-diffusion/benchmark_outputs/stage2_guarded_detail_v2_tta_off/DIV2K/0884/base.png,/home/ubuntu/scratch/sr-diffusion/benchmarks/div2k/DIV2K_valid_HR/0884.png,/home/ubuntu/scratch/sr-diffusion/benchmarks/div2k/DIV2K_valid_LR_bicubic/X4/0884x4.png,27.528008635142534,25.609860154357364,0.7632895947704242,0.7287897437234528
DIV2K,0884,guarded_v2_x8,/home/ubuntu/scratch/sr-diffusion/benchmark_outputs/stage2_guarded_detail_v2_tta_x8/DIV2K/0884/base.png,/home/ubuntu/scratch/sr-diffusion/benchmarks/div2k/DIV2K_valid_HR/0884.png,/home/ubuntu/scratch/sr-diffusion/benchmarks/div2k/DIV2K_valid_LR_bicubic/X4/0884x4.png,27.591458660006957,25.670090091145067,0.7652090336072971,0.7311403131817699
DIV2K,0884,detail_v2_masked,/home/ubuntu/scratch/sr-diffusion/benchmark_outputs/detail_v2_masked/DIV2K/0884/detail.png,/home/ubuntu/scratch/sr-diffusion/benchmarks/div2k/DIV2K_valid_HR/0884.png,/home/ubuntu/scratch/sr-diffusion/benchmarks/div2k/DIV2K_valid_LR_bicubic/X4/0884x4.png,27.753051599729584,25.820252125466467,0.7725716463972676,0.7384091792407235
DIV2K,0884,realesrgan,/home/ubuntu/scratch/sr-diffusion/benchmark_outputs/realesrgan/DIV2K/0884/RealESRGAN_x4plus.png,/home/ubuntu/scratch/sr-diffusion/benchmarks/div2k/DIV2K_valid_HR/0884.png,/home/ubuntu/scratch/sr-diffusion/benchmarks/div2k/DIV2K_valid_LR_bicubic/X4/0884x4.png,24.692293681111245,22.736411325809073,0.6620938059947592,0.6099909784324259
DIV2K,0885,bicubic,generated:matlab_bicubic_resize,/home/ubuntu/scratch/sr-diffusion/benchmarks/div2k/DIV2K_valid_HR/0885.png,/home/ubuntu/scratch/sr-diffusion/benchmarks/div2k/DIV2K_valid_LR_bicubic/X4/0885x4.png,23.23773909763997,21.849574732610378,0.515336661825981,0.49506962650441766
DIV2K,0885,stage2_base,/home/ubuntu/scratch/sr-diffusion/benchmark_outputs/stage2_dual_best98000/DIV2K/0885/base.png,/home/ubuntu/scratch/sr-diffusion/benchmarks/div2k/DIV2K_valid_HR/0885.png,/home/ubuntu/scratch/sr-diffusion/benchmarks/div2k/DIV2K_valid_LR_bicubic/X4/0885x4.png,23.956725630210286,22.561598655518182,0.5895522278215974,0.5660357483033156
DIV2K,0885,latent_adapter_v1,/home/ubuntu/scratch/sr-diffusion/benchmark_outputs/stage2_latent_adapter_v1_best11000/DIV2K/0885/base.png,/home/ubuntu/scratch/sr-diffusion/benchmarks/div2k/DIV2K_valid_HR/0885.png,/home/ubuntu/scratch/sr-diffusion/benchmarks/div2k/DIV2K_valid_LR_bicubic/X4/0885x4.png,23.95395131888275,22.560023586928732,0.5923553953930695,0.5688568312775688
DIV2K,0885,guarded_v2,/home/ubuntu/scratch/sr-diffusion/benchmark_outputs/stage2_guarded_detail_v2_tta_off/DIV2K/0885/base.png,/home/ubuntu/scratch/sr-diffusion/benchmarks/div2k/DIV2K_valid_HR/0885.png,/home/ubuntu/scratch/sr-diffusion/benchmarks/div2k/DIV2K_valid_LR_bicubic/X4/0885x4.png,23.97124500045976,22.574968122308068,0.5943122933128276,0.5706564728073543
DIV2K,0885,guarded_v2_x8,/home/ubuntu/scratch/sr-diffusion/benchmark_outputs/stage2_guarded_detail_v2_tta_x8/DIV2K/0885/base.png,/home/ubuntu/scratch/sr-diffusion/benchmarks/div2k/DIV2K_valid_HR/0885.png,/home/ubuntu/scratch/sr-diffusion/benchmarks/div2k/DIV2K_valid_LR_bicubic/X4/0885x4.png,24.016423523439574,22.625100351099398,0.5970483952341982,0.5742670825196824
DIV2K,0885,detail_v2_masked,/home/ubuntu/scratch/sr-diffusion/benchmark_outputs/detail_v2_masked/DIV2K/0885/detail.png,/home/ubuntu/scratch/sr-diffusion/benchmarks/div2k/DIV2K_valid_HR/0885.png,/home/ubuntu/scratch/sr-diffusion/benchmarks/div2k/DIV2K_valid_LR_bicubic/X4/0885x4.png,24.08361277956157,22.691592853736957,0.6023617824814944,0.5798695334037867
DIV2K,0885,realesrgan,/home/ubuntu/scratch/sr-diffusion/benchmark_outputs/realesrgan/DIV2K/0885/RealESRGAN_x4plus.png,/home/ubuntu/scratch/sr-diffusion/benchmarks/div2k/DIV2K_valid_HR/0885.png,/home/ubuntu/scratch/sr-diffusion/benchmarks/div2k/DIV2K_valid_LR_bicubic/X4/0885x4.png,22.780553741110126,21.1931576697803,0.5277641654546598,0.4907717134476262
DIV2K,0886,bicubic,generated:matlab_bicubic_resize,/home/ubuntu/scratch/sr-diffusion/benchmarks/div2k/DIV2K_valid_HR/0886.png,/home/ubuntu/scratch/sr-diffusion/benchmarks/div2k/DIV2K_valid_LR_bicubic/X4/0886x4.png,35.324427073198564,33.316461124845056,0.9233415733806059,0.9022115171189272
DIV2K,0886,stage2_base,/home/ubuntu/scratch/sr-diffusion/benchmark_outputs/stage2_dual_best98000/DIV2K/0886/base.png,/home/ubuntu/scratch/sr-diffusion/benchmarks/div2k/DIV2K_valid_HR/0886.png,/home/ubuntu/scratch/sr-diffusion/benchmarks/div2k/DIV2K_valid_LR_bicubic/X4/0886x4.png,37.746877793125556,35.722992917954,0.9362891667681729,0.9149850762739646
DIV2K,0886,latent_adapter_v1,/home/ubuntu/scratch/sr-diffusion/benchmark_outputs/stage2_latent_adapter_v1_best11000/DIV2K/0886/base.png,/home/ubuntu/scratch/sr-diffusion/benchmarks/div2k/DIV2K_valid_HR/0886.png,/home/ubuntu/scratch/sr-diffusion/benchmarks/div2k/DIV2K_valid_LR_bicubic/X4/0886x4.png,37.77183731183944,35.75601945282001,0.9363623462408146,0.9153348336083722
DIV2K,0886,guarded_v2,/home/ubuntu/scratch/sr-diffusion/benchmark_outputs/stage2_guarded_detail_v2_tta_off/DIV2K/0886/base.png,/home/ubuntu/scratch/sr-diffusion/benchmarks/div2k/DIV2K_valid_HR/0886.png,/home/ubuntu/scratch/sr-diffusion/benchmarks/div2k/DIV2K_valid_LR_bicubic/X4/0886x4.png,37.73031394154487,35.71090106507992,0.93637420716734,0.9152711230468914
DIV2K,0886,guarded_v2_x8,/home/ubuntu/scratch/sr-diffusion/benchmark_outputs/stage2_guarded_detail_v2_tta_x8/DIV2K/0886/base.png,/home/ubuntu/scratch/sr-diffusion/benchmarks/div2k/DIV2K_valid_HR/0886.png,/home/ubuntu/scratch/sr-diffusion/benchmarks/div2k/DIV2K_valid_LR_bicubic/X4/0886x4.png,37.94191478331034,35.94357153194251,0.9375877804046451,0.9170136794819054
DIV2K,0886,detail_v2_masked,/home/ubuntu/scratch/sr-diffusion/benchmark_outputs/detail_v2_masked/DIV2K/0886/detail.png,/home/ubuntu/scratch/sr-diffusion/benchmarks/div2k/DIV2K_valid_HR/0886.png,/home/ubuntu/scratch/sr-diffusion/benchmarks/div2k/DIV2K_valid_LR_bicubic/X4/0886x4.png,37.923346780582364,35.9404217604247,0.937621287346437,0.916585013664807
DIV2K,0886,realesrgan,/home/ubuntu/scratch/sr-diffusion/benchmark_outputs/realesrgan/DIV2K/0886/RealESRGAN_x4plus.png,/home/ubuntu/scratch/sr-diffusion/benchmarks/div2k/DIV2K_valid_HR/0886.png,/home/ubuntu/scratch/sr-diffusion/benchmarks/div2k/DIV2K_valid_LR_bicubic/X4/0886x4.png,34.296302323134086,30.92940177699593,0.9159385028684279,0.8720940570601349
DIV2K,0887,bicubic,generated:matlab_bicubic_resize,/home/ubuntu/scratch/sr-diffusion/benchmarks/div2k/DIV2K_valid_HR/0887.png,/home/ubuntu/scratch/sr-diffusion/benchmarks/div2k/DIV2K_valid_LR_bicubic/X4/0887x4.png,24.815082096726954,23.874017592280943,0.7019525550392715,0.7080484218752496
DIV2K,0887,stage2_base,/home/ubuntu/scratch/sr-diffusion/benchmark_outputs/stage2_dual_best98000/DIV2K/0887/base.png,/home/ubuntu/scratch/sr-diffusion/benchmarks/div2k/DIV2K_valid_HR/0887.png,/home/ubuntu/scratch/sr-diffusion/benchmarks/div2k/DIV2K_valid_LR_bicubic/X4/0887x4.png,25.99278823536958,25.092303296541264,0.756841386476249,0.7576864925469543
DIV2K,0887,latent_adapter_v1,/home/ubuntu/scratch/sr-diffusion/benchmark_outputs/stage2_latent_adapter_v1_best11000/DIV2K/0887/base.png,/home/ubuntu/scratch/sr-diffusion/benchmarks/div2k/DIV2K_valid_HR/0887.png,/home/ubuntu/scratch/sr-diffusion/benchmarks/div2k/DIV2K_valid_LR_bicubic/X4/0887x4.png,25.98322601595935,25.082570294276167,0.7581323606146939,0.7582679376853934
DIV2K,0887,guarded_v2,/home/ubuntu/scratch/sr-diffusion/benchmark_outputs/stage2_guarded_detail_v2_tta_off/DIV2K/0887/base.png,/home/ubuntu/scratch/sr-diffusion/benchmarks/div2k/DIV2K_valid_HR/0887.png,/home/ubuntu/scratch/sr-diffusion/benchmarks/div2k/DIV2K_valid_LR_bicubic/X4/0887x4.png,25.975218386939318,25.071185881273802,0.7591413870106947,0.758930930244106
DIV2K,0887,guarded_v2_x8,/home/ubuntu/scratch/sr-diffusion/benchmark_outputs/stage2_guarded_detail_v2_tta_x8/DIV2K/0887/base.png,/home/ubuntu/scratch/sr-diffusion/benchmarks/div2k/DIV2K_valid_HR/0887.png,/home/ubuntu/scratch/sr-diffusion/benchmarks/div2k/DIV2K_valid_LR_bicubic/X4/0887x4.png,26.036454225181306,25.139516137654113,0.7616115445511537,0.7621857607103579
DIV2K,0887,detail_v2_masked,/home/ubuntu/scratch/sr-diffusion/benchmark_outputs/detail_v2_masked/DIV2K/0887/detail.png,/home/ubuntu/scratch/sr-diffusion/benchmarks/div2k/DIV2K_valid_HR/0887.png,/home/ubuntu/scratch/sr-diffusion/benchmarks/div2k/DIV2K_valid_LR_bicubic/X4/0887x4.png,26.15256894078849,25.263177157419815,0.7647369486956863,0.7657210451851398
DIV2K,0887,realesrgan,/home/ubuntu/scratch/sr-diffusion/benchmark_outputs/realesrgan/DIV2K/0887/RealESRGAN_x4plus.png,/home/ubuntu/scratch/sr-diffusion/benchmarks/div2k/DIV2K_valid_HR/0887.png,/home/ubuntu/scratch/sr-diffusion/benchmarks/div2k/DIV2K_valid_LR_bicubic/X4/0887x4.png,22.940317218015267,21.85983470546087,0.675670183116237,0.6306311234056755
DIV2K,0888,bicubic,generated:matlab_bicubic_resize,/home/ubuntu/scratch/sr-diffusion/benchmarks/div2k/DIV2K_valid_HR/0888.png,/home/ubuntu/scratch/sr-diffusion/benchmarks/div2k/DIV2K_valid_LR_bicubic/X4/0888x4.png,29.05220551841627,27.5604678932014,0.8447629206197457,0.8245712464976535
DIV2K,0888,stage2_base,/home/ubuntu/scratch/sr-diffusion/benchmark_outputs/stage2_dual_best98000/DIV2K/0888/base.png,/home/ubuntu/scratch/sr-diffusion/benchmarks/div2k/DIV2K_valid_HR/0888.png,/home/ubuntu/scratch/sr-diffusion/benchmarks/div2k/DIV2K_valid_LR_bicubic/X4/0888x4.png,31.69696321832445,30.230134615461527,0.8950341734463974,0.8775124949312804
DIV2K,0888,latent_adapter_v1,/home/ubuntu/scratch/sr-diffusion/benchmark_outputs/stage2_latent_adapter_v1_best11000/DIV2K/0888/base.png,/home/ubuntu/scratch/sr-diffusion/benchmarks/div2k/DIV2K_valid_HR/0888.png,/home/ubuntu/scratch/sr-diffusion/benchmarks/div2k/DIV2K_valid_LR_bicubic/X4/0888x4.png,31.674876018413805,30.21563024659924,0.8954611027216007,0.8779545420199241
DIV2K,0888,guarded_v2,/home/ubuntu/scratch/sr-diffusion/benchmark_outputs/stage2_guarded_detail_v2_tta_off/DIV2K/0888/base.png,/home/ubuntu/scratch/sr-diffusion/benchmarks/div2k/DIV2K_valid_HR/0888.png,/home/ubuntu/scratch/sr-diffusion/benchmarks/div2k/DIV2K_valid_LR_bicubic/X4/0888x4.png,31.676440651296115,30.21576920129766,0.8961423081917926,0.8789421157042021
DIV2K,0888,guarded_v2_x8,/home/ubuntu/scratch/sr-diffusion/benchmark_outputs/stage2_guarded_detail_v2_tta_x8/DIV2K/0888/base.png,/home/ubuntu/scratch/sr-diffusion/benchmarks/div2k/DIV2K_valid_HR/0888.png,/home/ubuntu/scratch/sr-diffusion/benchmarks/div2k/DIV2K_valid_LR_bicubic/X4/0888x4.png,31.786368341336697,30.339692741765557,0.8977876182033219,0.8810787354001387
DIV2K,0888,detail_v2_masked,/home/ubuntu/scratch/sr-diffusion/benchmark_outputs/detail_v2_masked/DIV2K/0888/detail.png,/home/ubuntu/scratch/sr-diffusion/benchmarks/div2k/DIV2K_valid_HR/0888.png,/home/ubuntu/scratch/sr-diffusion/benchmarks/div2k/DIV2K_valid_LR_bicubic/X4/0888x4.png,31.946110408817848,30.487074923684215,0.8996747545691863,0.8827822056967648
DIV2K,0888,realesrgan,/home/ubuntu/scratch/sr-diffusion/benchmark_outputs/realesrgan/DIV2K/0888/RealESRGAN_x4plus.png,/home/ubuntu/scratch/sr-diffusion/benchmarks/div2k/DIV2K_valid_HR/0888.png,/home/ubuntu/scratch/sr-diffusion/benchmarks/div2k/DIV2K_valid_LR_bicubic/X4/0888x4.png,28.61131216998439,26.65415200460266,0.8408703730906277,0.8047233883890481
DIV2K,0889,bicubic,generated:matlab_bicubic_resize,/home/ubuntu/scratch/sr-diffusion/benchmarks/div2k/DIV2K_valid_HR/0889.png,/home/ubuntu/scratch/sr-diffusion/benchmarks/div2k/DIV2K_valid_LR_bicubic/X4/0889x4.png,28.796657415892287,27.22117864814145,0.8533591721431573,0.8335877105525529
DIV2K,0889,stage2_base,/home/ubuntu/scratch/sr-diffusion/benchmark_outputs/stage2_dual_best98000/DIV2K/0889/base.png,/home/ubuntu/scratch/sr-diffusion/benchmarks/div2k/DIV2K_valid_HR/0889.png,/home/ubuntu/scratch/sr-diffusion/benchmarks/div2k/DIV2K_valid_LR_bicubic/X4/0889x4.png,31.910662412131426,30.2623742676677,0.9147922449853337,0.8994993497797245
DIV2K,0889,latent_adapter_v1,/home/ubuntu/scratch/sr-diffusion/benchmark_outputs/stage2_latent_adapter_v1_best11000/DIV2K/0889/base.png,/home/ubuntu/scratch/sr-diffusion/benchmarks/div2k/DIV2K_valid_HR/0889.png,/home/ubuntu/scratch/sr-diffusion/benchmarks/div2k/DIV2K_valid_LR_bicubic/X4/0889x4.png,31.90436015174796,30.26571382775565,0.9152432376356966,0.9001920965310554
DIV2K,0889,guarded_v2,/home/ubuntu/scratch/sr-diffusion/benchmark_outputs/stage2_guarded_detail_v2_tta_off/DIV2K/0889/base.png,/home/ubuntu/scratch/sr-diffusion/benchmarks/div2k/DIV2K_valid_HR/0889.png,/home/ubuntu/scratch/sr-diffusion/benchmarks/div2k/DIV2K_valid_LR_bicubic/X4/0889x4.png,32.02053040820042,30.36872482165255,0.9160740426162458,0.9011973771579426
DIV2K,0889,guarded_v2_x8,/home/ubuntu/scratch/sr-diffusion/benchmark_outputs/stage2_guarded_detail_v2_tta_x8/DIV2K/0889/base.png,/home/ubuntu/scratch/sr-diffusion/benchmarks/div2k/DIV2K_valid_HR/0889.png,/home/ubuntu/scratch/sr-diffusion/benchmarks/div2k/DIV2K_valid_LR_bicubic/X4/0889x4.png,32.12803945540358,30.505370683147245,0.9177229531514445,0.9034165947814102
DIV2K,0889,detail_v2_masked,/home/ubuntu/scratch/sr-diffusion/benchmark_outputs/detail_v2_masked/DIV2K/0889/detail.png,/home/ubuntu/scratch/sr-diffusion/benchmarks/div2k/DIV2K_valid_HR/0889.png,/home/ubuntu/scratch/sr-diffusion/benchmarks/div2k/DIV2K_valid_LR_bicubic/X4/0889x4.png,32.2828441884499,30.637591877551582,0.920595061244918,0.9057591776242934
DIV2K,0889,realesrgan,/home/ubuntu/scratch/sr-diffusion/benchmark_outputs/realesrgan/DIV2K/0889/RealESRGAN_x4plus.png,/home/ubuntu/scratch/sr-diffusion/benchmarks/div2k/DIV2K_valid_HR/0889.png,/home/ubuntu/scratch/sr-diffusion/benchmarks/div2k/DIV2K_valid_LR_bicubic/X4/0889x4.png,27.0155668917327,24.597392475419902,0.8308989181604453,0.7537004257674099
DIV2K,0890,bicubic,generated:matlab_bicubic_resize,/home/ubuntu/scratch/sr-diffusion/benchmarks/div2k/DIV2K_valid_HR/0890.png,/home/ubuntu/scratch/sr-diffusion/benchmarks/div2k/DIV2K_valid_LR_bicubic/X4/0890x4.png,25.899954838004923,24.594596466012938,0.7074273581750954,0.6940400511523941
DIV2K,0890,stage2_base,/home/ubuntu/scratch/sr-diffusion/benchmark_outputs/stage2_dual_best98000/DIV2K/0890/base.png,/home/ubuntu/scratch/sr-diffusion/benchmarks/div2k/DIV2K_valid_HR/0890.png,/home/ubuntu/scratch/sr-diffusion/benchmarks/div2k/DIV2K_valid_LR_bicubic/X4/0890x4.png,26.46395502538748,25.16209068846298,0.7515762820677274,0.739846910194989
DIV2K,0890,latent_adapter_v1,/home/ubuntu/scratch/sr-diffusion/benchmark_outputs/stage2_latent_adapter_v1_best11000/DIV2K/0890/base.png,/home/ubuntu/scratch/sr-diffusion/benchmarks/div2k/DIV2K_valid_HR/0890.png,/home/ubuntu/scratch/sr-diffusion/benchmarks/div2k/DIV2K_valid_LR_bicubic/X4/0890x4.png,26.437427140090133,25.137948496351136,0.7525874550161211,0.7408408896946405
DIV2K,0890,guarded_v2,/home/ubuntu/scratch/sr-diffusion/benchmark_outputs/stage2_guarded_detail_v2_tta_off/DIV2K/0890/base.png,/home/ubuntu/scratch/sr-diffusion/benchmarks/div2k/DIV2K_valid_HR/0890.png,/home/ubuntu/scratch/sr-diffusion/benchmarks/div2k/DIV2K_valid_LR_bicubic/X4/0890x4.png,26.44395017240139,25.144673049629777,0.7526795498834739,0.7408338343110143
DIV2K,0890,guarded_v2_x8,/home/ubuntu/scratch/sr-diffusion/benchmark_outputs/stage2_guarded_detail_v2_tta_x8/DIV2K/0890/base.png,/home/ubuntu/scratch/sr-diffusion/benchmarks/div2k/DIV2K_valid_HR/0890.png,/home/ubuntu/scratch/sr-diffusion/benchmarks/div2k/DIV2K_valid_LR_bicubic/X4/0890x4.png,26.503320502703353,25.208653066854794,0.754204075356688,0.7426559506181496
DIV2K,0890,detail_v2_masked,/home/ubuntu/scratch/sr-diffusion/benchmark_outputs/detail_v2_masked/DIV2K/0890/detail.png,/home/ubuntu/scratch/sr-diffusion/benchmarks/div2k/DIV2K_valid_HR/0890.png,/home/ubuntu/scratch/sr-diffusion/benchmarks/div2k/DIV2K_valid_LR_bicubic/X4/0890x4.png,26.535430447509594,25.240721549299167,0.7576702270068557,0.7462553797973223
DIV2K,0890,realesrgan,/home/ubuntu/scratch/sr-diffusion/benchmark_outputs/realesrgan/DIV2K/0890/RealESRGAN_x4plus.png,/home/ubuntu/scratch/sr-diffusion/benchmarks/div2k/DIV2K_valid_HR/0890.png,/home/ubuntu/scratch/sr-diffusion/benchmarks/div2k/DIV2K_valid_LR_bicubic/X4/0890x4.png,24.10996858274217,22.68394233816835,0.6845831271113432,0.6650305692447471
DIV2K,0891,bicubic,generated:matlab_bicubic_resize,/home/ubuntu/scratch/sr-diffusion/benchmarks/div2k/DIV2K_valid_HR/0891.png,/home/ubuntu/scratch/sr-diffusion/benchmarks/div2k/DIV2K_valid_LR_bicubic/X4/0891x4.png,25.104913819513165,23.799262578641958,0.7275471856761191,0.7047911748069247
DIV2K,0891,stage2_base,/home/ubuntu/scratch/sr-diffusion/benchmark_outputs/stage2_dual_best98000/DIV2K/0891/base.png,/home/ubuntu/scratch/sr-diffusion/benchmarks/div2k/DIV2K_valid_HR/0891.png,/home/ubuntu/scratch/sr-diffusion/benchmarks/div2k/DIV2K_valid_LR_bicubic/X4/0891x4.png,27.801981881810423,26.47248957310515,0.8353256221144398,0.8120845595436436
DIV2K,0891,latent_adapter_v1,/home/ubuntu/scratch/sr-diffusion/benchmark_outputs/stage2_latent_adapter_v1_best11000/DIV2K/0891/base.png,/home/ubuntu/scratch/sr-diffusion/benchmarks/div2k/DIV2K_valid_HR/0891.png,/home/ubuntu/scratch/sr-diffusion/benchmarks/div2k/DIV2K_valid_LR_bicubic/X4/0891x4.png,27.783356466670888,26.45427329477802,0.8359003925830152,0.8126234201109312
DIV2K,0891,guarded_v2,/home/ubuntu/scratch/sr-diffusion/benchmark_outputs/stage2_guarded_detail_v2_tta_off/DIV2K/0891/base.png,/home/ubuntu/scratch/sr-diffusion/benchmarks/div2k/DIV2K_valid_HR/0891.png,/home/ubuntu/scratch/sr-diffusion/benchmarks/div2k/DIV2K_valid_LR_bicubic/X4/0891x4.png,27.811056244846483,26.486701938415994,0.8370849135137431,0.8144636425523073
DIV2K,0891,guarded_v2_x8,/home/ubuntu/scratch/sr-diffusion/benchmark_outputs/stage2_guarded_detail_v2_tta_x8/DIV2K/0891/base.png,/home/ubuntu/scratch/sr-diffusion/benchmarks/div2k/DIV2K_valid_HR/0891.png,/home/ubuntu/scratch/sr-diffusion/benchmarks/div2k/DIV2K_valid_LR_bicubic/X4/0891x4.png,27.932619421634183,26.62398697376424,0.8402998018707426,0.8187693243084665
DIV2K,0891,detail_v2_masked,/home/ubuntu/scratch/sr-diffusion/benchmark_outputs/detail_v2_masked/DIV2K/0891/detail.png,/home/ubuntu/scratch/sr-diffusion/benchmarks/div2k/DIV2K_valid_HR/0891.png,/home/ubuntu/scratch/sr-diffusion/benchmarks/div2k/DIV2K_valid_LR_bicubic/X4/0891x4.png,28.238013902824267,26.910293544352122,0.8502705700779911,0.829076600277704
DIV2K,0891,realesrgan,/home/ubuntu/scratch/sr-diffusion/benchmark_outputs/realesrgan/DIV2K/0891/RealESRGAN_x4plus.png,/home/ubuntu/scratch/sr-diffusion/benchmarks/div2k/DIV2K_valid_HR/0891.png,/home/ubuntu/scratch/sr-diffusion/benchmarks/div2k/DIV2K_valid_LR_bicubic/X4/0891x4.png,25.200293746535927,23.352365416410798,0.769364025494247,0.7245341444020318
DIV2K,0892,bicubic,generated:matlab_bicubic_resize,/home/ubuntu/scratch/sr-diffusion/benchmarks/div2k/DIV2K_valid_HR/0892.png,/home/ubuntu/scratch/sr-diffusion/benchmarks/div2k/DIV2K_valid_LR_bicubic/X4/0892x4.png,26.57078744165719,25.29440848248194,0.8041714754118309,0.7906969342943561
DIV2K,0892,stage2_base,/home/ubuntu/scratch/sr-diffusion/benchmark_outputs/stage2_dual_best98000/DIV2K/0892/base.png,/home/ubuntu/scratch/sr-diffusion/benchmarks/div2k/DIV2K_valid_HR/0892.png,/home/ubuntu/scratch/sr-diffusion/benchmarks/div2k/DIV2K_valid_LR_bicubic/X4/0892x4.png,30.33941139130316,28.971639305730832,0.9070523759469674,0.8959346434265734
DIV2K,0892,latent_adapter_v1,/home/ubuntu/scratch/sr-diffusion/benchmark_outputs/stage2_latent_adapter_v1_best11000/DIV2K/0892/base.png,/home/ubuntu/scratch/sr-diffusion/benchmarks/div2k/DIV2K_valid_HR/0892.png,/home/ubuntu/scratch/sr-diffusion/benchmarks/div2k/DIV2K_valid_LR_bicubic/X4/0892x4.png,30.28666178696529,28.922575065809475,0.9071577676086562,0.8960810651602683
DIV2K,0892,guarded_v2,/home/ubuntu/scratch/sr-diffusion/benchmark_outputs/stage2_guarded_detail_v2_tta_off/DIV2K/0892/base.png,/home/ubuntu/scratch/sr-diffusion/benchmarks/div2k/DIV2K_valid_HR/0892.png,/home/ubuntu/scratch/sr-diffusion/benchmarks/div2k/DIV2K_valid_LR_bicubic/X4/0892x4.png,30.249595450147094,28.889280822071484,0.9078898227172613,0.8968514695241642
DIV2K,0892,guarded_v2_x8,/home/ubuntu/scratch/sr-diffusion/benchmark_outputs/stage2_guarded_detail_v2_tta_x8/DIV2K/0892/base.png,/home/ubuntu/scratch/sr-diffusion/benchmarks/div2k/DIV2K_valid_HR/0892.png,/home/ubuntu/scratch/sr-diffusion/benchmarks/div2k/DIV2K_valid_LR_bicubic/X4/0892x4.png,30.4506904234012,29.12363467065543,0.9100803212200462,0.8998261114472408
DIV2K,0892,detail_v2_masked,/home/ubuntu/scratch/sr-diffusion/benchmark_outputs/detail_v2_masked/DIV2K/0892/detail.png,/home/ubuntu/scratch/sr-diffusion/benchmarks/div2k/DIV2K_valid_HR/0892.png,/home/ubuntu/scratch/sr-diffusion/benchmarks/div2k/DIV2K_valid_LR_bicubic/X4/0892x4.png,31.3118762677764,29.944008198345795,0.9244958772645929,0.9144616329838723
DIV2K,0892,realesrgan,/home/ubuntu/scratch/sr-diffusion/benchmark_outputs/realesrgan/DIV2K/0892/RealESRGAN_x4plus.png,/home/ubuntu/scratch/sr-diffusion/benchmarks/div2k/DIV2K_valid_HR/0892.png,/home/ubuntu/scratch/sr-diffusion/benchmarks/div2k/DIV2K_valid_LR_bicubic/X4/0892x4.png,27.205355836706943,25.27642807828039,0.8507308030898528,0.8246877741615711
DIV2K,0893,bicubic,generated:matlab_bicubic_resize,/home/ubuntu/scratch/sr-diffusion/benchmarks/div2k/DIV2K_valid_HR/0893.png,/home/ubuntu/scratch/sr-diffusion/benchmarks/div2k/DIV2K_valid_LR_bicubic/X4/0893x4.png,32.524773611385115,30.978702819223265,0.8279593162739151,0.7898480984000941
DIV2K,0893,stage2_base,/home/ubuntu/scratch/sr-diffusion/benchmark_outputs/stage2_dual_best98000/DIV2K/0893/base.png,/home/ubuntu/scratch/sr-diffusion/benchmarks/div2k/DIV2K_valid_HR/0893.png,/home/ubuntu/scratch/sr-diffusion/benchmarks/div2k/DIV2K_valid_LR_bicubic/X4/0893x4.png,34.53119095216235,32.9894005166558,0.8497944690492515,0.8126585650707541
DIV2K,0893,latent_adapter_v1,/home/ubuntu/scratch/sr-diffusion/benchmark_outputs/stage2_latent_adapter_v1_best11000/DIV2K/0893/base.png,/home/ubuntu/scratch/sr-diffusion/benchmarks/div2k/DIV2K_valid_HR/0893.png,/home/ubuntu/scratch/sr-diffusion/benchmarks/div2k/DIV2K_valid_LR_bicubic/X4/0893x4.png,34.538896197080064,33.00714009693254,0.8500097503893089,0.8129479390002947
DIV2K,0893,guarded_v2,/home/ubuntu/scratch/sr-diffusion/benchmark_outputs/stage2_guarded_detail_v2_tta_off/DIV2K/0893/base.png,/home/ubuntu/scratch/sr-diffusion/benchmarks/div2k/DIV2K_valid_HR/0893.png,/home/ubuntu/scratch/sr-diffusion/benchmarks/div2k/DIV2K_valid_LR_bicubic/X4/0893x4.png,34.54101373777582,33.015842156916676,0.8501942750545397,0.8131469798666071
DIV2K,0893,guarded_v2_x8,/home/ubuntu/scratch/sr-diffusion/benchmark_outputs/stage2_guarded_detail_v2_tta_x8/DIV2K/0893/base.png,/home/ubuntu/scratch/sr-diffusion/benchmarks/div2k/DIV2K_valid_HR/0893.png,/home/ubuntu/scratch/sr-diffusion/benchmarks/div2k/DIV2K_valid_LR_bicubic/X4/0893x4.png,34.62434811636743,33.10999256246191,0.8511667909672073,0.8144051334223278
DIV2K,0893,detail_v2_masked,/home/ubuntu/scratch/sr-diffusion/benchmark_outputs/detail_v2_masked/DIV2K/0893/detail.png,/home/ubuntu/scratch/sr-diffusion/benchmarks/div2k/DIV2K_valid_HR/0893.png,/home/ubuntu/scratch/sr-diffusion/benchmarks/div2k/DIV2K_valid_LR_bicubic/X4/0893x4.png,34.70753752522637,33.172484164237794,0.8516741615517535,0.8148927684779328
DIV2K,0893,realesrgan,/home/ubuntu/scratch/sr-diffusion/benchmark_outputs/realesrgan/DIV2K/0893/RealESRGAN_x4plus.png,/home/ubuntu/scratch/sr-diffusion/benchmarks/div2k/DIV2K_valid_HR/0893.png,/home/ubuntu/scratch/sr-diffusion/benchmarks/div2k/DIV2K_valid_LR_bicubic/X4/0893x4.png,31.435543589184537,29.426225297291904,0.8223396098882726,0.7730629150205696
DIV2K,0894,bicubic,generated:matlab_bicubic_resize,/home/ubuntu/scratch/sr-diffusion/benchmarks/div2k/DIV2K_valid_HR/0894.png,/home/ubuntu/scratch/sr-diffusion/benchmarks/div2k/DIV2K_valid_LR_bicubic/X4/0894x4.png,30.739337680331985,29.343367348939225,0.8635810337834654,0.8458350800161888
DIV2K,0894,stage2_base,/home/ubuntu/scratch/sr-diffusion/benchmark_outputs/stage2_dual_best98000/DIV2K/0894/base.png,/home/ubuntu/scratch/sr-diffusion/benchmarks/div2k/DIV2K_valid_HR/0894.png,/home/ubuntu/scratch/sr-diffusion/benchmarks/div2k/DIV2K_valid_LR_bicubic/X4/0894x4.png,32.87785644930425,31.485104620462472,0.9017733161217837,0.886878141278526
DIV2K,0894,latent_adapter_v1,/home/ubuntu/scratch/sr-diffusion/benchmark_outputs/stage2_latent_adapter_v1_best11000/DIV2K/0894/base.png,/home/ubuntu/scratch/sr-diffusion/benchmarks/div2k/DIV2K_valid_HR/0894.png,/home/ubuntu/scratch/sr-diffusion/benchmarks/div2k/DIV2K_valid_LR_bicubic/X4/0894x4.png,32.84758209677426,31.46340523023693,0.9020036895905613,0.887116828355933
DIV2K,0894,guarded_v2,/home/ubuntu/scratch/sr-diffusion/benchmark_outputs/stage2_guarded_detail_v2_tta_off/DIV2K/0894/base.png,/home/ubuntu/scratch/sr-diffusion/benchmarks/div2k/DIV2K_valid_HR/0894.png,/home/ubuntu/scratch/sr-diffusion/benchmarks/div2k/DIV2K_valid_LR_bicubic/X4/0894x4.png,32.81539069758829,31.427945717839986,0.9021030083270943,0.8872619195211988
DIV2K,0894,guarded_v2_x8,/home/ubuntu/scratch/sr-diffusion/benchmark_outputs/stage2_guarded_detail_v2_tta_x8/DIV2K/0894/base.png,/home/ubuntu/scratch/sr-diffusion/benchmarks/div2k/DIV2K_valid_HR/0894.png,/home/ubuntu/scratch/sr-diffusion/benchmarks/div2k/DIV2K_valid_LR_bicubic/X4/0894x4.png,32.87047963041565,31.503500881725692,0.9032549866890432,0.8888253094919945
DIV2K,0894,detail_v2_masked,/home/ubuntu/scratch/sr-diffusion/benchmark_outputs/detail_v2_masked/DIV2K/0894/detail.png,/home/ubuntu/scratch/sr-diffusion/benchmarks/div2k/DIV2K_valid_HR/0894.png,/home/ubuntu/scratch/sr-diffusion/benchmarks/div2k/DIV2K_valid_LR_bicubic/X4/0894x4.png,33.08421332628281,31.697949573324735,0.9054523198794291,0.890975383459525
DIV2K,0894,realesrgan,/home/ubuntu/scratch/sr-diffusion/benchmark_outputs/realesrgan/DIV2K/0894/RealESRGAN_x4plus.png,/home/ubuntu/scratch/sr-diffusion/benchmarks/div2k/DIV2K_valid_HR/0894.png,/home/ubuntu/scratch/sr-diffusion/benchmarks/div2k/DIV2K_valid_LR_bicubic/X4/0894x4.png,29.02901824975278,27.25914345985717,0.8417182514819612,0.8126828201445754
DIV2K,0895,bicubic,generated:matlab_bicubic_resize,/home/ubuntu/scratch/sr-diffusion/benchmarks/div2k/DIV2K_valid_HR/0895.png,/home/ubuntu/scratch/sr-diffusion/benchmarks/div2k/DIV2K_valid_LR_bicubic/X4/0895x4.png,21.034498832028884,19.719265494766923,0.49905801182492426,0.47684620262602806
DIV2K,0895,stage2_base,/home/ubuntu/scratch/sr-diffusion/benchmark_outputs/stage2_dual_best98000/DIV2K/0895/base.png,/home/ubuntu/scratch/sr-diffusion/benchmarks/div2k/DIV2K_valid_HR/0895.png,/home/ubuntu/scratch/sr-diffusion/benchmarks/div2k/DIV2K_valid_LR_bicubic/X4/0895x4.png,21.623369586326714,20.294778733584906,0.5709330911181459,0.5506672832017334
DIV2K,0895,latent_adapter_v1,/home/ubuntu/scratch/sr-diffusion/benchmark_outputs/stage2_latent_adapter_v1_best11000/DIV2K/0895/base.png,/home/ubuntu/scratch/sr-diffusion/benchmarks/div2k/DIV2K_valid_HR/0895.png,/home/ubuntu/scratch/sr-diffusion/benchmarks/div2k/DIV2K_valid_LR_bicubic/X4/0895x4.png,21.623240756662835,20.294366276841632,0.573933402941819,0.5536702212633998
DIV2K,0895,guarded_v2,/home/ubuntu/scratch/sr-diffusion/benchmark_outputs/stage2_guarded_detail_v2_tta_off/DIV2K/0895/base.png,/home/ubuntu/scratch/sr-diffusion/benchmarks/div2k/DIV2K_valid_HR/0895.png,/home/ubuntu/scratch/sr-diffusion/benchmarks/div2k/DIV2K_valid_LR_bicubic/X4/0895x4.png,21.619262078857542,20.289662007421242,0.5751299851789773,0.5546907863625928
DIV2K,0895,guarded_v2_x8,/home/ubuntu/scratch/sr-diffusion/benchmark_outputs/stage2_guarded_detail_v2_tta_x8/DIV2K/0895/base.png,/home/ubuntu/scratch/sr-diffusion/benchmarks/div2k/DIV2K_valid_HR/0895.png,/home/ubuntu/scratch/sr-diffusion/benchmarks/div2k/DIV2K_valid_LR_bicubic/X4/0895x4.png,21.658708147149667,20.330785613405705,0.577279435866868,0.5569769911564895
DIV2K,0895,detail_v2_masked,/home/ubuntu/scratch/sr-diffusion/benchmark_outputs/detail_v2_masked/DIV2K/0895/detail.png,/home/ubuntu/scratch/sr-diffusion/benchmarks/div2k/DIV2K_valid_HR/0895.png,/home/ubuntu/scratch/sr-diffusion/benchmarks/div2k/DIV2K_valid_LR_bicubic/X4/0895x4.png,21.69399864562024,20.370853340668603,0.5803366935296981,0.5609482639986035
DIV2K,0895,realesrgan,/home/ubuntu/scratch/sr-diffusion/benchmark_outputs/realesrgan/DIV2K/0895/RealESRGAN_x4plus.png,/home/ubuntu/scratch/sr-diffusion/benchmarks/div2k/DIV2K_valid_HR/0895.png,/home/ubuntu/scratch/sr-diffusion/benchmarks/div2k/DIV2K_valid_LR_bicubic/X4/0895x4.png,19.112737043611517,17.69560103105157,0.45324273701769185,0.4196969935500172
DIV2K,0896,bicubic,generated:matlab_bicubic_resize,/home/ubuntu/scratch/sr-diffusion/benchmarks/div2k/DIV2K_valid_HR/0896.png,/home/ubuntu/scratch/sr-diffusion/benchmarks/div2k/DIV2K_valid_LR_bicubic/X4/0896x4.png,34.926128738567066,33.51237444146571,0.9450622254346444,0.9252180732354267
DIV2K,0896,stage2_base,/home/ubuntu/scratch/sr-diffusion/benchmark_outputs/stage2_dual_best98000/DIV2K/0896/base.png,/home/ubuntu/scratch/sr-diffusion/benchmarks/div2k/DIV2K_valid_HR/0896.png,/home/ubuntu/scratch/sr-diffusion/benchmarks/div2k/DIV2K_valid_LR_bicubic/X4/0896x4.png,38.85023697274984,37.11421256529225,0.957845156671917,0.9376886755906652
DIV2K,0896,latent_adapter_v1,/home/ubuntu/scratch/sr-diffusion/benchmark_outputs/stage2_latent_adapter_v1_best11000/DIV2K/0896/base.png,/home/ubuntu/scratch/sr-diffusion/benchmarks/div2k/DIV2K_valid_HR/0896.png,/home/ubuntu/scratch/sr-diffusion/benchmarks/div2k/DIV2K_valid_LR_bicubic/X4/0896x4.png,38.7372629961699,37.02744522900612,0.9578022229663128,0.9376269193459477
DIV2K,0896,guarded_v2,/home/ubuntu/scratch/sr-diffusion/benchmark_outputs/stage2_guarded_detail_v2_tta_off/DIV2K/0896/base.png,/home/ubuntu/scratch/sr-diffusion/benchmarks/div2k/DIV2K_valid_HR/0896.png,/home/ubuntu/scratch/sr-diffusion/benchmarks/div2k/DIV2K_valid_LR_bicubic/X4/0896x4.png,39.08207726603115,37.333069891934024,0.9582307595475243,0.9383476526535657
DIV2K,0896,guarded_v2_x8,/home/ubuntu/scratch/sr-diffusion/benchmark_outputs/stage2_guarded_detail_v2_tta_x8/DIV2K/0896/base.png,/home/ubuntu/scratch/sr-diffusion/benchmarks/div2k/DIV2K_valid_HR/0896.png,/home/ubuntu/scratch/sr-diffusion/benchmarks/div2k/DIV2K_valid_LR_bicubic/X4/0896x4.png,39.5337515586965,37.7786525768848,0.9592622878708863,0.9398923699500771
DIV2K,0896,detail_v2_masked,/home/ubuntu/scratch/sr-diffusion/benchmark_outputs/detail_v2_masked/DIV2K/0896/detail.png,/home/ubuntu/scratch/sr-diffusion/benchmarks/div2k/DIV2K_valid_HR/0896.png,/home/ubuntu/scratch/sr-diffusion/benchmarks/div2k/DIV2K_valid_LR_bicubic/X4/0896x4.png,39.351388105818145,37.605225752333354,0.9591046384571378,0.9393213036121377
DIV2K,0896,realesrgan,/home/ubuntu/scratch/sr-diffusion/benchmark_outputs/realesrgan/DIV2K/0896/RealESRGAN_x4plus.png,/home/ubuntu/scratch/sr-diffusion/benchmarks/div2k/DIV2K_valid_HR/0896.png,/home/ubuntu/scratch/sr-diffusion/benchmarks/div2k/DIV2K_valid_LR_bicubic/X4/0896x4.png,31.162865641963513,29.523644063276024,0.93022938247567,0.8999331743350348
DIV2K,0897,bicubic,generated:matlab_bicubic_resize,/home/ubuntu/scratch/sr-diffusion/benchmarks/div2k/DIV2K_valid_HR/0897.png,/home/ubuntu/scratch/sr-diffusion/benchmarks/div2k/DIV2K_valid_LR_bicubic/X4/0897x4.png,21.989878054736604,20.89749370466705,0.6260526715555877,0.5878256296779435
DIV2K,0897,stage2_base,/home/ubuntu/scratch/sr-diffusion/benchmark_outputs/stage2_dual_best98000/DIV2K/0897/base.png,/home/ubuntu/scratch/sr-diffusion/benchmarks/div2k/DIV2K_valid_HR/0897.png,/home/ubuntu/scratch/sr-diffusion/benchmarks/div2k/DIV2K_valid_LR_bicubic/X4/0897x4.png,22.929019415286177,21.783727021168104,0.7098182828673929,0.6722104285103784
DIV2K,0897,latent_adapter_v1,/home/ubuntu/scratch/sr-diffusion/benchmark_outputs/stage2_latent_adapter_v1_best11000/DIV2K/0897/base.png,/home/ubuntu/scratch/sr-diffusion/benchmarks/div2k/DIV2K_valid_HR/0897.png,/home/ubuntu/scratch/sr-diffusion/benchmarks/div2k/DIV2K_valid_LR_bicubic/X4/0897x4.png,22.90571916974866,21.76273668381693,0.7108799821382308,0.6726994332330847
DIV2K,0897,guarded_v2,/home/ubuntu/scratch/sr-diffusion/benchmark_outputs/stage2_guarded_detail_v2_tta_off/DIV2K/0897/base.png,/home/ubuntu/scratch/sr-diffusion/benchmarks/div2k/DIV2K_valid_HR/0897.png,/home/ubuntu/scratch/sr-diffusion/benchmarks/div2k/DIV2K_valid_LR_bicubic/X4/0897x4.png,22.901740493342576,21.758540306132154,0.7115704649504174,0.6748667747765325
DIV2K,0897,guarded_v2_x8,/home/ubuntu/scratch/sr-diffusion/benchmark_outputs/stage2_guarded_detail_v2_tta_x8/DIV2K/0897/base.png,/home/ubuntu/scratch/sr-diffusion/benchmarks/div2k/DIV2K_valid_HR/0897.png,/home/ubuntu/scratch/sr-diffusion/benchmarks/div2k/DIV2K_valid_LR_bicubic/X4/0897x4.png,22.9288624044017,21.793020310504488,0.7142125921754934,0.6780066523925433
DIV2K,0897,detail_v2_masked,/home/ubuntu/scratch/sr-diffusion/benchmark_outputs/detail_v2_masked/DIV2K/0897/detail.png,/home/ubuntu/scratch/sr-diffusion/benchmarks/div2k/DIV2K_valid_HR/0897.png,/home/ubuntu/scratch/sr-diffusion/benchmarks/div2k/DIV2K_valid_LR_bicubic/X4/0897x4.png,22.98037121160894,21.84752915257124,0.7179588896299451,0.6817893636404498
DIV2K,0897,realesrgan,/home/ubuntu/scratch/sr-diffusion/benchmark_outputs/realesrgan/DIV2K/0897/RealESRGAN_x4plus.png,/home/ubuntu/scratch/sr-diffusion/benchmarks/div2k/DIV2K_valid_HR/0897.png,/home/ubuntu/scratch/sr-diffusion/benchmarks/div2k/DIV2K_valid_LR_bicubic/X4/0897x4.png,20.226871085534807,18.546277247322166,0.5874815183165404,0.43914701644022336
DIV2K,0898,bicubic,generated:matlab_bicubic_resize,/home/ubuntu/scratch/sr-diffusion/benchmarks/div2k/DIV2K_valid_HR/0898.png,/home/ubuntu/scratch/sr-diffusion/benchmarks/div2k/DIV2K_valid_LR_bicubic/X4/0898x4.png,33.0788056753139,31.561386489853334,0.9094627159705704,0.8860976440029417
DIV2K,0898,stage2_base,/home/ubuntu/scratch/sr-diffusion/benchmark_outputs/stage2_dual_best98000/DIV2K/0898/base.png,/home/ubuntu/scratch/sr-diffusion/benchmarks/div2k/DIV2K_valid_HR/0898.png,/home/ubuntu/scratch/sr-diffusion/benchmarks/div2k/DIV2K_valid_LR_bicubic/X4/0898x4.png,35.377232576129416,33.77751656160923,0.9271962298346119,0.902713120380248
DIV2K,0898,latent_adapter_v1,/home/ubuntu/scratch/sr-diffusion/benchmark_outputs/stage2_latent_adapter_v1_best11000/DIV2K/0898/base.png,/home/ubuntu/scratch/sr-diffusion/benchmarks/div2k/DIV2K_valid_HR/0898.png,/home/ubuntu/scratch/sr-diffusion/benchmarks/div2k/DIV2K_valid_LR_bicubic/X4/0898x4.png,35.3793924164468,33.79605623145182,0.9275548572257337,0.9030851366116764
DIV2K,0898,guarded_v2,/home/ubuntu/scratch/sr-diffusion/benchmark_outputs/stage2_guarded_detail_v2_tta_off/DIV2K/0898/base.png,/home/ubuntu/scratch/sr-diffusion/benchmarks/div2k/DIV2K_valid_HR/0898.png,/home/ubuntu/scratch/sr-diffusion/benchmarks/div2k/DIV2K_valid_LR_bicubic/X4/0898x4.png,35.46859576912098,33.87616895473765,0.9284389676899899,0.9040113226542403
DIV2K,0898,guarded_v2_x8,/home/ubuntu/scratch/sr-diffusion/benchmark_outputs/stage2_guarded_detail_v2_tta_x8/DIV2K/0898/base.png,/home/ubuntu/scratch/sr-diffusion/benchmarks/div2k/DIV2K_valid_HR/0898.png,/home/ubuntu/scratch/sr-diffusion/benchmarks/div2k/DIV2K_valid_LR_bicubic/X4/0898x4.png,35.61791927271561,34.05869786376476,0.9296290940971068,0.9057717305244285
DIV2K,0898,detail_v2_masked,/home/ubuntu/scratch/sr-diffusion/benchmark_outputs/detail_v2_masked/DIV2K/0898/detail.png,/home/ubuntu/scratch/sr-diffusion/benchmarks/div2k/DIV2K_valid_HR/0898.png,/home/ubuntu/scratch/sr-diffusion/benchmarks/div2k/DIV2K_valid_LR_bicubic/X4/0898x4.png,35.67037363051134,34.09071575688305,0.9295078043702772,0.9053587392012664
DIV2K,0898,realesrgan,/home/ubuntu/scratch/sr-diffusion/benchmark_outputs/realesrgan/DIV2K/0898/RealESRGAN_x4plus.png,/home/ubuntu/scratch/sr-diffusion/benchmarks/div2k/DIV2K_valid_HR/0898.png,/home/ubuntu/scratch/sr-diffusion/benchmarks/div2k/DIV2K_valid_LR_bicubic/X4/0898x4.png,32.38897142490113,29.975741050108084,0.9028983151615574,0.867245252026441
DIV2K,0899,bicubic,generated:matlab_bicubic_resize,/home/ubuntu/scratch/sr-diffusion/benchmarks/div2k/DIV2K_valid_HR/0899.png,/home/ubuntu/scratch/sr-diffusion/benchmarks/div2k/DIV2K_valid_LR_bicubic/X4/0899x4.png,27.52752355169043,26.251827225588514,0.8396631687608713,0.8218287074995767
DIV2K,0899,stage2_base,/home/ubuntu/scratch/sr-diffusion/benchmark_outputs/stage2_dual_best98000/DIV2K/0899/base.png,/home/ubuntu/scratch/sr-diffusion/benchmarks/div2k/DIV2K_valid_HR/0899.png,/home/ubuntu/scratch/sr-diffusion/benchmarks/div2k/DIV2K_valid_LR_bicubic/X4/0899x4.png,31.829246745911757,30.53551321128408,0.9084306112219996,0.8915581260351076
DIV2K,0899,latent_adapter_v1,/home/ubuntu/scratch/sr-diffusion/benchmark_outputs/stage2_latent_adapter_v1_best11000/DIV2K/0899/base.png,/home/ubuntu/scratch/sr-diffusion/benchmarks/div2k/DIV2K_valid_HR/0899.png,/home/ubuntu/scratch/sr-diffusion/benchmarks/div2k/DIV2K_valid_LR_bicubic/X4/0899x4.png,31.840080721726807,30.54268820779936,0.908941015922086,0.8920609615235214
DIV2K,0899,guarded_v2,/home/ubuntu/scratch/sr-diffusion/benchmark_outputs/stage2_guarded_detail_v2_tta_off/DIV2K/0899/base.png,/home/ubuntu/scratch/sr-diffusion/benchmarks/div2k/DIV2K_valid_HR/0899.png,/home/ubuntu/scratch/sr-diffusion/benchmarks/div2k/DIV2K_valid_LR_bicubic/X4/0899x4.png,31.89990526837564,30.589609733834475,0.910334438276379,0.8934698661987986
DIV2K,0899,guarded_v2_x8,/home/ubuntu/scratch/sr-diffusion/benchmark_outputs/stage2_guarded_detail_v2_tta_x8/DIV2K/0899/base.png,/home/ubuntu/scratch/sr-diffusion/benchmarks/div2k/DIV2K_valid_HR/0899.png,/home/ubuntu/scratch/sr-diffusion/benchmarks/div2k/DIV2K_valid_LR_bicubic/X4/0899x4.png,32.101220289530104,30.815095369974173,0.9122043261434128,0.8960413323434012
DIV2K,0899,detail_v2_masked,/home/ubuntu/scratch/sr-diffusion/benchmark_outputs/detail_v2_masked/DIV2K/0899/detail.png,/home/ubuntu/scratch/sr-diffusion/benchmarks/div2k/DIV2K_valid_HR/0899.png,/home/ubuntu/scratch/sr-diffusion/benchmarks/div2k/DIV2K_valid_LR_bicubic/X4/0899x4.png,32.2261365191607,30.929547079518585,0.9149488129460641,0.8984186846768966
DIV2K,0899,realesrgan,/home/ubuntu/scratch/sr-diffusion/benchmark_outputs/realesrgan/DIV2K/0899/RealESRGAN_x4plus.png,/home/ubuntu/scratch/sr-diffusion/benchmarks/div2k/DIV2K_valid_HR/0899.png,/home/ubuntu/scratch/sr-diffusion/benchmarks/div2k/DIV2K_valid_LR_bicubic/X4/0899x4.png,28.651645335639255,26.59942535791641,0.8576212579827781,0.8222110112513916
DIV2K,0900,bicubic,generated:matlab_bicubic_resize,/home/ubuntu/scratch/sr-diffusion/benchmarks/div2k/DIV2K_valid_HR/0900.png,/home/ubuntu/scratch/sr-diffusion/benchmarks/div2k/DIV2K_valid_LR_bicubic/X4/0900x4.png,25.213752267128676,24.165001637123133,0.7793385761806038,0.7631525935717841
DIV2K,0900,stage2_base,/home/ubuntu/scratch/sr-diffusion/benchmark_outputs/stage2_dual_best98000/DIV2K/0900/base.png,/home/ubuntu/scratch/sr-diffusion/benchmarks/div2k/DIV2K_valid_HR/0900.png,/home/ubuntu/scratch/sr-diffusion/benchmarks/div2k/DIV2K_valid_LR_bicubic/X4/0900x4.png,28.804590674620528,27.628882991339168,0.8709906074063007,0.8497465396104786
DIV2K,0900,latent_adapter_v1,/home/ubuntu/scratch/sr-diffusion/benchmark_outputs/stage2_latent_adapter_v1_best11000/DIV2K/0900/base.png,/home/ubuntu/scratch/sr-diffusion/benchmarks/div2k/DIV2K_valid_HR/0900.png,/home/ubuntu/scratch/sr-diffusion/benchmarks/div2k/DIV2K_valid_LR_bicubic/X4/0900x4.png,28.832038868105784,27.65654224117351,0.8718103298288421,0.8493921874265086
DIV2K,0900,guarded_v2,/home/ubuntu/scratch/sr-diffusion/benchmark_outputs/stage2_guarded_detail_v2_tta_off/DIV2K/0900/base.png,/home/ubuntu/scratch/sr-diffusion/benchmarks/div2k/DIV2K_valid_HR/0900.png,/home/ubuntu/scratch/sr-diffusion/benchmarks/div2k/DIV2K_valid_LR_bicubic/X4/0900x4.png,28.86790933897942,27.695756560791004,0.872342290022444,0.8506230236841473
DIV2K,0900,guarded_v2_x8,/home/ubuntu/scratch/sr-diffusion/benchmark_outputs/stage2_guarded_detail_v2_tta_x8/DIV2K/0900/base.png,/home/ubuntu/scratch/sr-diffusion/benchmarks/div2k/DIV2K_valid_HR/0900.png,/home/ubuntu/scratch/sr-diffusion/benchmarks/div2k/DIV2K_valid_LR_bicubic/X4/0900x4.png,29.003438917881642,27.837131346643332,0.8748542765340818,0.8541486362810429
DIV2K,0900,detail_v2_masked,/home/ubuntu/scratch/sr-diffusion/benchmark_outputs/detail_v2_masked/DIV2K/0900/detail.png,/home/ubuntu/scratch/sr-diffusion/benchmarks/div2k/DIV2K_valid_HR/0900.png,/home/ubuntu/scratch/sr-diffusion/benchmarks/div2k/DIV2K_valid_LR_bicubic/X4/0900x4.png,29.2794909442593,28.09599404664139,0.8788503586704265,0.8601070503504259
DIV2K,0900,realesrgan,/home/ubuntu/scratch/sr-diffusion/benchmark_outputs/realesrgan/DIV2K/0900/RealESRGAN_x4plus.png,/home/ubuntu/scratch/sr-diffusion/benchmarks/div2k/DIV2K_valid_HR/0900.png,/home/ubuntu/scratch/sr-diffusion/benchmarks/div2k/DIV2K_valid_LR_bicubic/X4/0900x4.png,26.164388005690075,24.44514491177214,0.8154070720220363,0.7120748012987059
Set5,img_001,bicubic,generated:matlab_bicubic_resize,/home/ubuntu/scratch/sr-diffusion/benchmarks/selfexsr/SelfExSR-master/data/Set5/image_SRF_4/img_001_SRF_4_HR.png,/home/ubuntu/scratch/sr-diffusion/benchmarks/selfexsr/SelfExSR-master/data/Set5/image_SRF_4/img_001_SRF_4_LR.png,31.78644431960816,30.36962867013581,0.8576563348104564,0.8287889836474539
Set5,img_001,stage2_base,/home/ubuntu/scratch/sr-diffusion/benchmark_outputs/stage2_dual_best98000/Set5/img_001/base.png,/home/ubuntu/scratch/sr-diffusion/benchmarks/selfexsr/SelfExSR-master/data/Set5/image_SRF_4/img_001_SRF_4_HR.png,/home/ubuntu/scratch/sr-diffusion/benchmarks/selfexsr/SelfExSR-master/data/Set5/image_SRF_4/img_001_SRF_4_LR.png,33.6278268983624,32.067007336869665,0.8929167050391401,0.8668151495843596
Set5,img_001,latent_adapter_v1,/home/ubuntu/scratch/sr-diffusion/benchmark_outputs/stage2_latent_adapter_v1_best11000/Set5/img_001/base.png,/home/ubuntu/scratch/sr-diffusion/benchmarks/selfexsr/SelfExSR-master/data/Set5/image_SRF_4/img_001_SRF_4_HR.png,/home/ubuntu/scratch/sr-diffusion/benchmarks/selfexsr/SelfExSR-master/data/Set5/image_SRF_4/img_001_SRF_4_LR.png,33.597426784749786,32.04249883307908,0.8932852817328916,0.8672576241921659
Set5,img_001,guarded_v2,/home/ubuntu/scratch/sr-diffusion/benchmark_outputs/stage2_guarded_detail_v2_tta_off/Set5/img_001/base.png,/home/ubuntu/scratch/sr-diffusion/benchmarks/selfexsr/SelfExSR-master/data/Set5/image_SRF_4/img_001_SRF_4_HR.png,/home/ubuntu/scratch/sr-diffusion/benchmarks/selfexsr/SelfExSR-master/data/Set5/image_SRF_4/img_001_SRF_4_LR.png,33.51437501149178,31.969970769019397,0.8936376509111315,0.8678758542510921
Set5,img_001,guarded_v2_x8,/home/ubuntu/scratch/sr-diffusion/benchmark_outputs/stage2_guarded_detail_v2_tta_x8/Set5/img_001/base.png,/home/ubuntu/scratch/sr-diffusion/benchmarks/selfexsr/SelfExSR-master/data/Set5/image_SRF_4/img_001_SRF_4_HR.png,/home/ubuntu/scratch/sr-diffusion/benchmarks/selfexsr/SelfExSR-master/data/Set5/image_SRF_4/img_001_SRF_4_LR.png,33.595723488447085,32.06167704481129,0.8947146603712888,0.8694410217219026
Set5,img_001,detail_v2_masked,/home/ubuntu/scratch/sr-diffusion/benchmark_outputs/detail_v2_masked/Set5/img_001/detail.png,/home/ubuntu/scratch/sr-diffusion/benchmarks/selfexsr/SelfExSR-master/data/Set5/image_SRF_4/img_001_SRF_4_HR.png,/home/ubuntu/scratch/sr-diffusion/benchmarks/selfexsr/SelfExSR-master/data/Set5/image_SRF_4/img_001_SRF_4_LR.png,33.698581947790416,32.152934789516664,0.8948799596465774,0.8691560335230669
Set5,img_001,realesrgan,/home/ubuntu/scratch/sr-diffusion/benchmark_outputs/realesrgan/Set5/img_001/RealESRGAN_x4plus.png,/home/ubuntu/scratch/sr-diffusion/benchmarks/selfexsr/SelfExSR-master/data/Set5/image_SRF_4/img_001_SRF_4_HR.png,/home/ubuntu/scratch/sr-diffusion/benchmarks/selfexsr/SelfExSR-master/data/Set5/image_SRF_4/img_001_SRF_4_LR.png,25.879374926008055,24.371252672721987,0.7615852003112561,0.7177914278496433
Set5,img_002,bicubic,generated:matlab_bicubic_resize,/home/ubuntu/scratch/sr-diffusion/benchmarks/selfexsr/SelfExSR-master/data/Set5/image_SRF_4/img_002_SRF_4_HR.png,/home/ubuntu/scratch/sr-diffusion/benchmarks/selfexsr/SelfExSR-master/data/Set5/image_SRF_4/img_002_SRF_4_LR.png,30.187039204040854,28.21878365581817,0.8738086449040812,0.8487544677565205
Set5,img_002,stage2_base,/home/ubuntu/scratch/sr-diffusion/benchmark_outputs/stage2_dual_best98000/Set5/img_002/base.png,/home/ubuntu/scratch/sr-diffusion/benchmarks/selfexsr/SelfExSR-master/data/Set5/image_SRF_4/img_002_SRF_4_HR.png,/home/ubuntu/scratch/sr-diffusion/benchmarks/selfexsr/SelfExSR-master/data/Set5/image_SRF_4/img_002_SRF_4_LR.png,34.13141371085362,31.838080132113873,0.9359544427748601,0.9093930278812428
Set5,img_002,latent_adapter_v1,/home/ubuntu/scratch/sr-diffusion/benchmark_outputs/stage2_latent_adapter_v1_best11000/Set5/img_002/base.png,/home/ubuntu/scratch/sr-diffusion/benchmarks/selfexsr/SelfExSR-master/data/Set5/image_SRF_4/img_002_SRF_4_HR.png,/home/ubuntu/scratch/sr-diffusion/benchmarks/selfexsr/SelfExSR-master/data/Set5/image_SRF_4/img_002_SRF_4_LR.png,34.20321903115408,31.882743709302893,0.9366540134423231,0.9085206432383858
Set5,img_002,guarded_v2,/home/ubuntu/scratch/sr-diffusion/benchmark_outputs/stage2_guarded_detail_v2_tta_off/Set5/img_002/base.png,/home/ubuntu/scratch/sr-diffusion/benchmarks/selfexsr/SelfExSR-master/data/Set5/image_SRF_4/img_002_SRF_4_HR.png,/home/ubuntu/scratch/sr-diffusion/benchmarks/selfexsr/SelfExSR-master/data/Set5/image_SRF_4/img_002_SRF_4_LR.png,34.23292169777182,31.92846457368234,0.9376682967549137,0.9109435798085898
Set5,img_002,guarded_v2_x8,/home/ubuntu/scratch/sr-diffusion/benchmark_outputs/stage2_guarded_detail_v2_tta_x8/Set5/img_002/base.png,/home/ubuntu/scratch/sr-diffusion/benchmarks/selfexsr/SelfExSR-master/data/Set5/image_SRF_4/img_002_SRF_4_HR.png,/home/ubuntu/scratch/sr-diffusion/benchmarks/selfexsr/SelfExSR-master/data/Set5/image_SRF_4/img_002_SRF_4_LR.png,34.58635240847867,32.30285736793657,0.9416643288415235,0.9173551313523748
Set5,img_002,detail_v2_masked,/home/ubuntu/scratch/sr-diffusion/benchmark_outputs/detail_v2_masked/Set5/img_002/detail.png,/home/ubuntu/scratch/sr-diffusion/benchmarks/selfexsr/SelfExSR-master/data/Set5/image_SRF_4/img_002_SRF_4_HR.png,/home/ubuntu/scratch/sr-diffusion/benchmarks/selfexsr/SelfExSR-master/data/Set5/image_SRF_4/img_002_SRF_4_LR.png,34.61253070666623,32.277478974324715,0.9426551688653387,0.9180256091405085
Set5,img_002,realesrgan,/home/ubuntu/scratch/sr-diffusion/benchmark_outputs/realesrgan/Set5/img_002/RealESRGAN_x4plus.png,/home/ubuntu/scratch/sr-diffusion/benchmarks/selfexsr/SelfExSR-master/data/Set5/image_SRF_4/img_002_SRF_4_HR.png,/home/ubuntu/scratch/sr-diffusion/benchmarks/selfexsr/SelfExSR-master/data/Set5/image_SRF_4/img_002_SRF_4_LR.png,28.861947256322576,25.009577276932646,0.8600387616181893,0.7222897454602085
Set5,img_003,bicubic,generated:matlab_bicubic_resize,/home/ubuntu/scratch/sr-diffusion/benchmarks/selfexsr/SelfExSR-master/data/Set5/image_SRF_4/img_003_SRF_4_HR.png,/home/ubuntu/scratch/sr-diffusion/benchmarks/selfexsr/SelfExSR-master/data/Set5/image_SRF_4/img_003_SRF_4_LR.png,22.10101141896677,20.865133023716393,0.7374837825309141,0.7012266482200533
Set5,img_003,stage2_base,/home/ubuntu/scratch/sr-diffusion/benchmark_outputs/stage2_dual_best98000/Set5/img_003/base.png,/home/ubuntu/scratch/sr-diffusion/benchmarks/selfexsr/SelfExSR-master/data/Set5/image_SRF_4/img_003_SRF_4_HR.png,/home/ubuntu/scratch/sr-diffusion/benchmarks/selfexsr/SelfExSR-master/data/Set5/image_SRF_4/img_003_SRF_4_LR.png,27.562418268366883,26.137367611673007,0.9158331649458057,0.8943974786533814
Set5,img_003,latent_adapter_v1,/home/ubuntu/scratch/sr-diffusion/benchmark_outputs/stage2_latent_adapter_v1_best11000/Set5/img_003/base.png,/home/ubuntu/scratch/sr-diffusion/benchmarks/selfexsr/SelfExSR-master/data/Set5/image_SRF_4/img_003_SRF_4_HR.png,/home/ubuntu/scratch/sr-diffusion/benchmarks/selfexsr/SelfExSR-master/data/Set5/image_SRF_4/img_003_SRF_4_LR.png,27.503609284319097,26.08917983421709,0.9156599177184638,0.89438711224008
Set5,img_003,guarded_v2,/home/ubuntu/scratch/sr-diffusion/benchmark_outputs/stage2_guarded_detail_v2_tta_off/Set5/img_003/base.png,/home/ubuntu/scratch/sr-diffusion/benchmarks/selfexsr/SelfExSR-master/data/Set5/image_SRF_4/img_003_SRF_4_HR.png,/home/ubuntu/scratch/sr-diffusion/benchmarks/selfexsr/SelfExSR-master/data/Set5/image_SRF_4/img_003_SRF_4_LR.png,27.753515972420185,26.310435454507694,0.9166332471847228,0.8949660317065548
Set5,img_003,guarded_v2_x8,/home/ubuntu/scratch/sr-diffusion/benchmark_outputs/stage2_guarded_detail_v2_tta_x8/Set5/img_003/base.png,/home/ubuntu/scratch/sr-diffusion/benchmarks/selfexsr/SelfExSR-master/data/Set5/image_SRF_4/img_003_SRF_4_HR.png,/home/ubuntu/scratch/sr-diffusion/benchmarks/selfexsr/SelfExSR-master/data/Set5/image_SRF_4/img_003_SRF_4_LR.png,28.05545900348701,26.64029248061957,0.9209933986749008,0.9010990826745839
Set5,img_003,detail_v2_masked,/home/ubuntu/scratch/sr-diffusion/benchmark_outputs/detail_v2_masked/Set5/img_003/detail.png,/home/ubuntu/scratch/sr-diffusion/benchmarks/selfexsr/SelfExSR-master/data/Set5/image_SRF_4/img_003_SRF_4_HR.png,/home/ubuntu/scratch/sr-diffusion/benchmarks/selfexsr/SelfExSR-master/data/Set5/image_SRF_4/img_003_SRF_4_LR.png,28.047300256448985,26.621914327735617,0.9260963391451026,0.9064348897905862
Set5,img_003,realesrgan,/home/ubuntu/scratch/sr-diffusion/benchmark_outputs/realesrgan/Set5/img_003/RealESRGAN_x4plus.png,/home/ubuntu/scratch/sr-diffusion/benchmarks/selfexsr/SelfExSR-master/data/Set5/image_SRF_4/img_003_SRF_4_HR.png,/home/ubuntu/scratch/sr-diffusion/benchmarks/selfexsr/SelfExSR-master/data/Set5/image_SRF_4/img_003_SRF_4_LR.png,22.413242224242556,20.535061521689613,0.8233024577413017,0.7652221627153212
Set5,img_004,bicubic,generated:matlab_bicubic_resize,/home/ubuntu/scratch/sr-diffusion/benchmarks/selfexsr/SelfExSR-master/data/Set5/image_SRF_4/img_004_SRF_4_HR.png,/home/ubuntu/scratch/sr-diffusion/benchmarks/selfexsr/SelfExSR-master/data/Set5/image_SRF_4/img_004_SRF_4_LR.png,31.615044379089795,28.893878067925943,0.7546651990438243,0.673476973043872
Set5,img_004,stage2_base,/home/ubuntu/scratch/sr-diffusion/benchmark_outputs/stage2_dual_best98000/Set5/img_004/base.png,/home/ubuntu/scratch/sr-diffusion/benchmarks/selfexsr/SelfExSR-master/data/Set5/image_SRF_4/img_004_SRF_4_HR.png,/home/ubuntu/scratch/sr-diffusion/benchmarks/selfexsr/SelfExSR-master/data/Set5/image_SRF_4/img_004_SRF_4_LR.png,32.64846895456901,29.66590429689227,0.7934444536822094,0.7035316857876501
Set5,img_004,latent_adapter_v1,/home/ubuntu/scratch/sr-diffusion/benchmark_outputs/stage2_latent_adapter_v1_best11000/Set5/img_004/base.png,/home/ubuntu/scratch/sr-diffusion/benchmarks/selfexsr/SelfExSR-master/data/Set5/image_SRF_4/img_004_SRF_4_HR.png,/home/ubuntu/scratch/sr-diffusion/benchmarks/selfexsr/SelfExSR-master/data/Set5/image_SRF_4/img_004_SRF_4_LR.png,32.59946870899919,29.63629602183221,0.7931842704921885,0.7017479157445988
Set5,img_004,guarded_v2,/home/ubuntu/scratch/sr-diffusion/benchmark_outputs/stage2_guarded_detail_v2_tta_off/Set5/img_004/base.png,/home/ubuntu/scratch/sr-diffusion/benchmarks/selfexsr/SelfExSR-master/data/Set5/image_SRF_4/img_004_SRF_4_HR.png,/home/ubuntu/scratch/sr-diffusion/benchmarks/selfexsr/SelfExSR-master/data/Set5/image_SRF_4/img_004_SRF_4_LR.png,32.601145658521354,29.63823558345254,0.7938844835194613,0.7068568550658932
Set5,img_004,guarded_v2_x8,/home/ubuntu/scratch/sr-diffusion/benchmark_outputs/stage2_guarded_detail_v2_tta_x8/Set5/img_004/base.png,/home/ubuntu/scratch/sr-diffusion/benchmarks/selfexsr/SelfExSR-master/data/Set5/image_SRF_4/img_004_SRF_4_HR.png,/home/ubuntu/scratch/sr-diffusion/benchmarks/selfexsr/SelfExSR-master/data/Set5/image_SRF_4/img_004_SRF_4_LR.png,32.79668206836813,29.800365614494115,0.7973678551763481,0.7171584676970998
Set5,img_004,detail_v2_masked,/home/ubuntu/scratch/sr-diffusion/benchmark_outputs/detail_v2_masked/Set5/img_004/detail.png,/home/ubuntu/scratch/sr-diffusion/benchmarks/selfexsr/SelfExSR-master/data/Set5/image_SRF_4/img_004_SRF_4_HR.png,/home/ubuntu/scratch/sr-diffusion/benchmarks/selfexsr/SelfExSR-master/data/Set5/image_SRF_4/img_004_SRF_4_LR.png,32.79424024690744,29.77858136958666,0.7973842213685325,0.7113697547274409
Set5,img_004,realesrgan,/home/ubuntu/scratch/sr-diffusion/benchmark_outputs/realesrgan/Set5/img_004/RealESRGAN_x4plus.png,/home/ubuntu/scratch/sr-diffusion/benchmarks/selfexsr/SelfExSR-master/data/Set5/image_SRF_4/img_004_SRF_4_HR.png,/home/ubuntu/scratch/sr-diffusion/benchmarks/selfexsr/SelfExSR-master/data/Set5/image_SRF_4/img_004_SRF_4_LR.png,29.614878608020096,27.128568574788563,0.7357976974139914,0.5811114286223803
Set5,img_005,bicubic,generated:matlab_bicubic_resize,/home/ubuntu/scratch/sr-diffusion/benchmarks/selfexsr/SelfExSR-master/data/Set5/image_SRF_4/img_005_SRF_4_HR.png,/home/ubuntu/scratch/sr-diffusion/benchmarks/selfexsr/SelfExSR-master/data/Set5/image_SRF_4/img_005_SRF_4_LR.png,26.469228437508818,25.132357747489973,0.8326993870636418,0.8145988666039453
Set5,img_005,stage2_base,/home/ubuntu/scratch/sr-diffusion/benchmark_outputs/stage2_dual_best98000/Set5/img_005/base.png,/home/ubuntu/scratch/sr-diffusion/benchmarks/selfexsr/SelfExSR-master/data/Set5/image_SRF_4/img_005_SRF_4_HR.png,/home/ubuntu/scratch/sr-diffusion/benchmarks/selfexsr/SelfExSR-master/data/Set5/image_SRF_4/img_005_SRF_4_LR.png,30.340378791330643,28.82880184253919,0.9094599934193675,0.8935273314888431
Set5,img_005,latent_adapter_v1,/home/ubuntu/scratch/sr-diffusion/benchmark_outputs/stage2_latent_adapter_v1_best11000/Set5/img_005/base.png,/home/ubuntu/scratch/sr-diffusion/benchmarks/selfexsr/SelfExSR-master/data/Set5/image_SRF_4/img_005_SRF_4_HR.png,/home/ubuntu/scratch/sr-diffusion/benchmarks/selfexsr/SelfExSR-master/data/Set5/image_SRF_4/img_005_SRF_4_LR.png,30.334701914732065,28.81721705638744,0.9098651823671935,0.8939936970832619
Set5,img_005,guarded_v2,/home/ubuntu/scratch/sr-diffusion/benchmark_outputs/stage2_guarded_detail_v2_tta_off/Set5/img_005/base.png,/home/ubuntu/scratch/sr-diffusion/benchmarks/selfexsr/SelfExSR-master/data/Set5/image_SRF_4/img_005_SRF_4_HR.png,/home/ubuntu/scratch/sr-diffusion/benchmarks/selfexsr/SelfExSR-master/data/Set5/image_SRF_4/img_005_SRF_4_LR.png,30.388065800804547,28.876748019431876,0.9102003048546975,0.8947921207327693
Set5,img_005,guarded_v2_x8,/home/ubuntu/scratch/sr-diffusion/benchmark_outputs/stage2_guarded_detail_v2_tta_x8/Set5/img_005/base.png,/home/ubuntu/scratch/sr-diffusion/benchmarks/selfexsr/SelfExSR-master/data/Set5/image_SRF_4/img_005_SRF_4_HR.png,/home/ubuntu/scratch/sr-diffusion/benchmarks/selfexsr/SelfExSR-master/data/Set5/image_SRF_4/img_005_SRF_4_LR.png,30.51311009863452,29.06689340654995,0.9130502486355093,0.8994554742609004
Set5,img_005,detail_v2_masked,/home/ubuntu/scratch/sr-diffusion/benchmark_outputs/detail_v2_masked/Set5/img_005/detail.png,/home/ubuntu/scratch/sr-diffusion/benchmarks/selfexsr/SelfExSR-master/data/Set5/image_SRF_4/img_005_SRF_4_HR.png,/home/ubuntu/scratch/sr-diffusion/benchmarks/selfexsr/SelfExSR-master/data/Set5/image_SRF_4/img_005_SRF_4_LR.png,30.59461104353911,29.130603400037533,0.9156702486265446,0.9015371788757345
Set5,img_005,realesrgan,/home/ubuntu/scratch/sr-diffusion/benchmark_outputs/realesrgan/Set5/img_005/RealESRGAN_x4plus.png,/home/ubuntu/scratch/sr-diffusion/benchmarks/selfexsr/SelfExSR-master/data/Set5/image_SRF_4/img_005_SRF_4_HR.png,/home/ubuntu/scratch/sr-diffusion/benchmarks/selfexsr/SelfExSR-master/data/Set5/image_SRF_4/img_005_SRF_4_LR.png,26.31050120100554,24.658054218533728,0.8523377675076501,0.8108187855305845
Set14,img_001,bicubic,generated:matlab_bicubic_resize,/home/ubuntu/scratch/sr-diffusion/benchmarks/selfexsr/SelfExSR-master/data/Set14/image_SRF_4/img_001_SRF_4_HR.png,/home/ubuntu/scratch/sr-diffusion/benchmarks/selfexsr/SelfExSR-master/data/Set14/image_SRF_4/img_001_SRF_4_LR.png,22.438539562079363,20.426101423819,0.4528149568741965,0.3908910604689663
Set14,img_001,stage2_base,/home/ubuntu/scratch/sr-diffusion/benchmark_outputs/stage2_dual_best98000/Set14/img_001/base.png,/home/ubuntu/scratch/sr-diffusion/benchmarks/selfexsr/SelfExSR-master/data/Set14/image_SRF_4/img_001_SRF_4_HR.png,/home/ubuntu/scratch/sr-diffusion/benchmarks/selfexsr/SelfExSR-master/data/Set14/image_SRF_4/img_001_SRF_4_LR.png,22.84696919362892,20.83120689542116,0.5243672617637606,0.45971941893085805
Set14,img_001,latent_adapter_v1,/home/ubuntu/scratch/sr-diffusion/benchmark_outputs/stage2_latent_adapter_v1_best11000/Set14/img_001/base.png,/home/ubuntu/scratch/sr-diffusion/benchmarks/selfexsr/SelfExSR-master/data/Set14/image_SRF_4/img_001_SRF_4_HR.png,/home/ubuntu/scratch/sr-diffusion/benchmarks/selfexsr/SelfExSR-master/data/Set14/image_SRF_4/img_001_SRF_4_LR.png,22.83180977049257,20.81574749709099,0.5266933153810978,0.46172183575832887
Set14,img_001,guarded_v2,/home/ubuntu/scratch/sr-diffusion/benchmark_outputs/stage2_guarded_detail_v2_tta_off/Set14/img_001/base.png,/home/ubuntu/scratch/sr-diffusion/benchmarks/selfexsr/SelfExSR-master/data/Set14/image_SRF_4/img_001_SRF_4_HR.png,/home/ubuntu/scratch/sr-diffusion/benchmarks/selfexsr/SelfExSR-master/data/Set14/image_SRF_4/img_001_SRF_4_LR.png,22.783538286047758,20.763447760709486,0.5289296150474497,0.46381725568410187
Set14,img_001,guarded_v2_x8,/home/ubuntu/scratch/sr-diffusion/benchmark_outputs/stage2_guarded_detail_v2_tta_x8/Set14/img_001/base.png,/home/ubuntu/scratch/sr-diffusion/benchmarks/selfexsr/SelfExSR-master/data/Set14/image_SRF_4/img_001_SRF_4_HR.png,/home/ubuntu/scratch/sr-diffusion/benchmarks/selfexsr/SelfExSR-master/data/Set14/image_SRF_4/img_001_SRF_4_LR.png,22.8257205187988,20.798846571059425,0.5345487049968919,0.4693354717361527
Set14,img_001,detail_v2_masked,/home/ubuntu/scratch/sr-diffusion/benchmark_outputs/detail_v2_masked/Set14/img_001/detail.png,/home/ubuntu/scratch/sr-diffusion/benchmarks/selfexsr/SelfExSR-master/data/Set14/image_SRF_4/img_001_SRF_4_HR.png,/home/ubuntu/scratch/sr-diffusion/benchmarks/selfexsr/SelfExSR-master/data/Set14/image_SRF_4/img_001_SRF_4_LR.png,22.876333558127058,20.864117165004266,0.5351665584327332,0.470770365540034
Set14,img_001,realesrgan,/home/ubuntu/scratch/sr-diffusion/benchmark_outputs/realesrgan/Set14/img_001/RealESRGAN_x4plus.png,/home/ubuntu/scratch/sr-diffusion/benchmarks/selfexsr/SelfExSR-master/data/Set14/image_SRF_4/img_001_SRF_4_HR.png,/home/ubuntu/scratch/sr-diffusion/benchmarks/selfexsr/SelfExSR-master/data/Set14/image_SRF_4/img_001_SRF_4_LR.png,21.077005659553517,18.98557154348037,0.446170878751633,0.36406998907187954
Set14,img_002,bicubic,generated:matlab_bicubic_resize,/home/ubuntu/scratch/sr-diffusion/benchmarks/selfexsr/SelfExSR-master/data/Set14/image_SRF_4/img_002_SRF_4_HR.png,/home/ubuntu/scratch/sr-diffusion/benchmarks/selfexsr/SelfExSR-master/data/Set14/image_SRF_4/img_002_SRF_4_LR.png,25.148765403428214,23.622110738449962,0.6870669895797502,0.6494997824723283
Set14,img_002,stage2_base,/home/ubuntu/scratch/sr-diffusion/benchmark_outputs/stage2_dual_best98000/Set14/img_002/base.png,/home/ubuntu/scratch/sr-diffusion/benchmarks/selfexsr/SelfExSR-master/data/Set14/image_SRF_4/img_002_SRF_4_HR.png,/home/ubuntu/scratch/sr-diffusion/benchmarks/selfexsr/SelfExSR-master/data/Set14/image_SRF_4/img_002_SRF_4_LR.png,25.274910493129553,23.74590003531839,0.7408088851406227,0.7064935960184474
Set14,img_002,latent_adapter_v1,/home/ubuntu/scratch/sr-diffusion/benchmark_outputs/stage2_latent_adapter_v1_best11000/Set14/img_002/base.png,/home/ubuntu/scratch/sr-diffusion/benchmarks/selfexsr/SelfExSR-master/data/Set14/image_SRF_4/img_002_SRF_4_HR.png,/home/ubuntu/scratch/sr-diffusion/benchmarks/selfexsr/SelfExSR-master/data/Set14/image_SRF_4/img_002_SRF_4_LR.png,25.17821758018801,23.657133221282617,0.7400502946208909,0.7058452592689731
Set14,img_002,guarded_v2,/home/ubuntu/scratch/sr-diffusion/benchmark_outputs/stage2_guarded_detail_v2_tta_off/Set14/img_002/base.png,/home/ubuntu/scratch/sr-diffusion/benchmarks/selfexsr/SelfExSR-master/data/Set14/image_SRF_4/img_002_SRF_4_HR.png,/home/ubuntu/scratch/sr-diffusion/benchmarks/selfexsr/SelfExSR-master/data/Set14/image_SRF_4/img_002_SRF_4_LR.png,25.24054559653375,23.715131115764734,0.7408583928568566,0.7065796640509062
Set14,img_002,guarded_v2_x8,/home/ubuntu/scratch/sr-diffusion/benchmark_outputs/stage2_guarded_detail_v2_tta_x8/Set14/img_002/base.png,/home/ubuntu/scratch/sr-diffusion/benchmarks/selfexsr/SelfExSR-master/data/Set14/image_SRF_4/img_002_SRF_4_HR.png,/home/ubuntu/scratch/sr-diffusion/benchmarks/selfexsr/SelfExSR-master/data/Set14/image_SRF_4/img_002_SRF_4_LR.png,25.365521541542627,23.83899925316635,0.7451412086976088,0.7112629450764009
Set14,img_002,detail_v2_masked,/home/ubuntu/scratch/sr-diffusion/benchmark_outputs/detail_v2_masked/Set14/img_002/detail.png,/home/ubuntu/scratch/sr-diffusion/benchmarks/selfexsr/SelfExSR-master/data/Set14/image_SRF_4/img_002_SRF_4_HR.png,/home/ubuntu/scratch/sr-diffusion/benchmarks/selfexsr/SelfExSR-master/data/Set14/image_SRF_4/img_002_SRF_4_LR.png,25.296957395824972,23.7814257106491,0.7461499852419057,0.7125503688187284
Set14,img_002,realesrgan,/home/ubuntu/scratch/sr-diffusion/benchmark_outputs/realesrgan/Set14/img_002/RealESRGAN_x4plus.png,/home/ubuntu/scratch/sr-diffusion/benchmarks/selfexsr/SelfExSR-master/data/Set14/image_SRF_4/img_002_SRF_4_HR.png,/home/ubuntu/scratch/sr-diffusion/benchmarks/selfexsr/SelfExSR-master/data/Set14/image_SRF_4/img_002_SRF_4_LR.png,23.720946384940294,21.96912137449442,0.6726799934239054,0.6222758334224633
Set14,img_003,bicubic,generated:matlab_bicubic_resize,/home/ubuntu/scratch/sr-diffusion/benchmarks/selfexsr/SelfExSR-master/data/Set14/image_SRF_4/img_003_SRF_4_HR.png,/home/ubuntu/scratch/sr-diffusion/benchmarks/selfexsr/SelfExSR-master/data/Set14/image_SRF_4/img_003_SRF_4_LR.png,24.467984282080238,23.146062970203506,0.5666729215010292,0.5402903592065974
Set14,img_003,stage2_base,/home/ubuntu/scratch/sr-diffusion/benchmark_outputs/stage2_dual_best98000/Set14/img_003/base.png,/home/ubuntu/scratch/sr-diffusion/benchmarks/selfexsr/SelfExSR-master/data/Set14/image_SRF_4/img_003_SRF_4_HR.png,/home/ubuntu/scratch/sr-diffusion/benchmarks/selfexsr/SelfExSR-master/data/Set14/image_SRF_4/img_003_SRF_4_LR.png,25.372424915274525,24.046906211323183,0.6397427106115877,0.6180881186618019
Set14,img_003,latent_adapter_v1,/home/ubuntu/scratch/sr-diffusion/benchmark_outputs/stage2_latent_adapter_v1_best11000/Set14/img_003/base.png,/home/ubuntu/scratch/sr-diffusion/benchmarks/selfexsr/SelfExSR-master/data/Set14/image_SRF_4/img_003_SRF_4_HR.png,/home/ubuntu/scratch/sr-diffusion/benchmarks/selfexsr/SelfExSR-master/data/Set14/image_SRF_4/img_003_SRF_4_LR.png,25.34928734064806,24.024265210141245,0.6415797484591352,0.6201217818148694
Set14,img_003,guarded_v2,/home/ubuntu/scratch/sr-diffusion/benchmark_outputs/stage2_guarded_detail_v2_tta_off/Set14/img_003/base.png,/home/ubuntu/scratch/sr-diffusion/benchmarks/selfexsr/SelfExSR-master/data/Set14/image_SRF_4/img_003_SRF_4_HR.png,/home/ubuntu/scratch/sr-diffusion/benchmarks/selfexsr/SelfExSR-master/data/Set14/image_SRF_4/img_003_SRF_4_LR.png,25.341951037011587,24.015803292193443,0.6422006060571734,0.620763025404938
Set14,img_003,guarded_v2_x8,/home/ubuntu/scratch/sr-diffusion/benchmark_outputs/stage2_guarded_detail_v2_tta_x8/Set14/img_003/base.png,/home/ubuntu/scratch/sr-diffusion/benchmarks/selfexsr/SelfExSR-master/data/Set14/image_SRF_4/img_003_SRF_4_HR.png,/home/ubuntu/scratch/sr-diffusion/benchmarks/selfexsr/SelfExSR-master/data/Set14/image_SRF_4/img_003_SRF_4_LR.png,25.412816136167145,24.08851174646735,0.6458135525816086,0.6245595754591035
Set14,img_003,detail_v2_masked,/home/ubuntu/scratch/sr-diffusion/benchmark_outputs/detail_v2_masked/Set14/img_003/detail.png,/home/ubuntu/scratch/sr-diffusion/benchmarks/selfexsr/SelfExSR-master/data/Set14/image_SRF_4/img_003_SRF_4_HR.png,/home/ubuntu/scratch/sr-diffusion/benchmarks/selfexsr/SelfExSR-master/data/Set14/image_SRF_4/img_003_SRF_4_LR.png,25.46665357549876,24.141495533133043,0.6480636939436343,0.6266835173865509
Set14,img_003,realesrgan,/home/ubuntu/scratch/sr-diffusion/benchmark_outputs/realesrgan/Set14/img_003/RealESRGAN_x4plus.png,/home/ubuntu/scratch/sr-diffusion/benchmarks/selfexsr/SelfExSR-master/data/Set14/image_SRF_4/img_003_SRF_4_HR.png,/home/ubuntu/scratch/sr-diffusion/benchmarks/selfexsr/SelfExSR-master/data/Set14/image_SRF_4/img_003_SRF_4_LR.png,23.21293002981004,21.890235588689976,0.5289479138509301,0.5011992933676157
Set14,img_004,bicubic,generated:matlab_bicubic_resize,/home/ubuntu/scratch/sr-diffusion/benchmarks/selfexsr/SelfExSR-master/data/Set14/image_SRF_4/img_004_SRF_4_HR.png,/home/ubuntu/scratch/sr-diffusion/benchmarks/selfexsr/SelfExSR-master/data/Set14/image_SRF_4/img_004_SRF_4_LR.png,25.47568074536597,24.148822449279955,0.5222966648514882,0.47878570980352236
Set14,img_004,stage2_base,/home/ubuntu/scratch/sr-diffusion/benchmark_outputs/stage2_dual_best98000/Set14/img_004/base.png,/home/ubuntu/scratch/sr-diffusion/benchmarks/selfexsr/SelfExSR-master/data/Set14/image_SRF_4/img_004_SRF_4_HR.png,/home/ubuntu/scratch/sr-diffusion/benchmarks/selfexsr/SelfExSR-master/data/Set14/image_SRF_4/img_004_SRF_4_LR.png,26.33001117063602,24.993679726761066,0.5654837530505553,0.5258688132241387
Set14,img_004,latent_adapter_v1,/home/ubuntu/scratch/sr-diffusion/benchmark_outputs/stage2_latent_adapter_v1_best11000/Set14/img_004/base.png,/home/ubuntu/scratch/sr-diffusion/benchmarks/selfexsr/SelfExSR-master/data/Set14/image_SRF_4/img_004_SRF_4_HR.png,/home/ubuntu/scratch/sr-diffusion/benchmarks/selfexsr/SelfExSR-master/data/Set14/image_SRF_4/img_004_SRF_4_LR.png,26.33929844531035,25.00229371773285,0.568045453465872,0.5287524972157885
Set14,img_004,guarded_v2,/home/ubuntu/scratch/sr-diffusion/benchmark_outputs/stage2_guarded_detail_v2_tta_off/Set14/img_004/base.png,/home/ubuntu/scratch/sr-diffusion/benchmarks/selfexsr/SelfExSR-master/data/Set14/image_SRF_4/img_004_SRF_4_HR.png,/home/ubuntu/scratch/sr-diffusion/benchmarks/selfexsr/SelfExSR-master/data/Set14/image_SRF_4/img_004_SRF_4_LR.png,26.33511483923446,24.99791616878551,0.5686281860467016,0.529361022099559
Set14,img_004,guarded_v2_x8,/home/ubuntu/scratch/sr-diffusion/benchmark_outputs/stage2_guarded_detail_v2_tta_x8/Set14/img_004/base.png,/home/ubuntu/scratch/sr-diffusion/benchmarks/selfexsr/SelfExSR-master/data/Set14/image_SRF_4/img_004_SRF_4_HR.png,/home/ubuntu/scratch/sr-diffusion/benchmarks/selfexsr/SelfExSR-master/data/Set14/image_SRF_4/img_004_SRF_4_LR.png,26.267033565188637,24.93631179038975,0.5699161026313925,0.5303897859391482
Set14,img_004,detail_v2_masked,/home/ubuntu/scratch/sr-diffusion/benchmark_outputs/detail_v2_masked/Set14/img_004/detail.png,/home/ubuntu/scratch/sr-diffusion/benchmarks/selfexsr/SelfExSR-master/data/Set14/image_SRF_4/img_004_SRF_4_HR.png,/home/ubuntu/scratch/sr-diffusion/benchmarks/selfexsr/SelfExSR-master/data/Set14/image_SRF_4/img_004_SRF_4_LR.png,26.38169943331986,25.044671464098982,0.5698514437123124,0.5303263731610507
Set14,img_004,realesrgan,/home/ubuntu/scratch/sr-diffusion/benchmark_outputs/realesrgan/Set14/img_004/RealESRGAN_x4plus.png,/home/ubuntu/scratch/sr-diffusion/benchmarks/selfexsr/SelfExSR-master/data/Set14/image_SRF_4/img_004_SRF_4_HR.png,/home/ubuntu/scratch/sr-diffusion/benchmarks/selfexsr/SelfExSR-master/data/Set14/image_SRF_4/img_004_SRF_4_LR.png,24.75801043222691,23.378652150546024,0.48874830445979045,0.44103840426399915
Set14,img_005,bicubic,generated:matlab_bicubic_resize,/home/ubuntu/scratch/sr-diffusion/benchmarks/selfexsr/SelfExSR-master/data/Set14/image_SRF_4/img_005_SRF_4_HR.png,/home/ubuntu/scratch/sr-diffusion/benchmarks/selfexsr/SelfExSR-master/data/Set14/image_SRF_4/img_005_SRF_4_LR.png,21.691584246329803,20.206558848287948,0.5837121821599296,0.5666020474108563
Set14,img_005,stage2_base,/home/ubuntu/scratch/sr-diffusion/benchmark_outputs/stage2_dual_best98000/Set14/img_005/base.png,/home/ubuntu/scratch/sr-diffusion/benchmarks/selfexsr/SelfExSR-master/data/Set14/image_SRF_4/img_005_SRF_4_HR.png,/home/ubuntu/scratch/sr-diffusion/benchmarks/selfexsr/SelfExSR-master/data/Set14/image_SRF_4/img_005_SRF_4_LR.png,23.248041976258655,21.73276928265861,0.7033838171939353,0.6840497123566314
Set14,img_005,latent_adapter_v1,/home/ubuntu/scratch/sr-diffusion/benchmark_outputs/stage2_latent_adapter_v1_best11000/Set14/img_005/base.png,/home/ubuntu/scratch/sr-diffusion/benchmarks/selfexsr/SelfExSR-master/data/Set14/image_SRF_4/img_005_SRF_4_HR.png,/home/ubuntu/scratch/sr-diffusion/benchmarks/selfexsr/SelfExSR-master/data/Set14/image_SRF_4/img_005_SRF_4_LR.png,23.259944397068004,21.742576513909736,0.7059553236872322,0.6863443179318337
Set14,img_005,guarded_v2,/home/ubuntu/scratch/sr-diffusion/benchmark_outputs/stage2_guarded_detail_v2_tta_off/Set14/img_005/base.png,/home/ubuntu/scratch/sr-diffusion/benchmarks/selfexsr/SelfExSR-master/data/Set14/image_SRF_4/img_005_SRF_4_HR.png,/home/ubuntu/scratch/sr-diffusion/benchmarks/selfexsr/SelfExSR-master/data/Set14/image_SRF_4/img_005_SRF_4_LR.png,23.256353046957116,21.738677564460993,0.7081996124533929,0.6886859486518002
Set14,img_005,guarded_v2_x8,/home/ubuntu/scratch/sr-diffusion/benchmark_outputs/stage2_guarded_detail_v2_tta_x8/Set14/img_005/base.png,/home/ubuntu/scratch/sr-diffusion/benchmarks/selfexsr/SelfExSR-master/data/Set14/image_SRF_4/img_005_SRF_4_HR.png,/home/ubuntu/scratch/sr-diffusion/benchmarks/selfexsr/SelfExSR-master/data/Set14/image_SRF_4/img_005_SRF_4_LR.png,23.341202215432915,21.826407797530578,0.7131816367136341,0.6945171083362863
Set14,img_005,detail_v2_masked,/home/ubuntu/scratch/sr-diffusion/benchmark_outputs/detail_v2_masked/Set14/img_005/detail.png,/home/ubuntu/scratch/sr-diffusion/benchmarks/selfexsr/SelfExSR-master/data/Set14/image_SRF_4/img_005_SRF_4_HR.png,/home/ubuntu/scratch/sr-diffusion/benchmarks/selfexsr/SelfExSR-master/data/Set14/image_SRF_4/img_005_SRF_4_LR.png,23.522988828558447,22.009633717641055,0.7273477456714408,0.7086804399162365
Set14,img_005,realesrgan,/home/ubuntu/scratch/sr-diffusion/benchmark_outputs/realesrgan/Set14/img_005/RealESRGAN_x4plus.png,/home/ubuntu/scratch/sr-diffusion/benchmarks/selfexsr/SelfExSR-master/data/Set14/image_SRF_4/img_005_SRF_4_HR.png,/home/ubuntu/scratch/sr-diffusion/benchmarks/selfexsr/SelfExSR-master/data/Set14/image_SRF_4/img_005_SRF_4_LR.png,20.93438775455398,19.080229431769403,0.5813717406680544,0.5380887935813846
Set14,img_006,bicubic,generated:matlab_bicubic_resize,/home/ubuntu/scratch/sr-diffusion/benchmarks/selfexsr/SelfExSR-master/data/Set14/image_SRF_4/img_006_SRF_4_HR.png,/home/ubuntu/scratch/sr-diffusion/benchmarks/selfexsr/SelfExSR-master/data/Set14/image_SRF_4/img_006_SRF_4_LR.png,31.579034313181214,28.855726524648496,0.7529349310150952,0.671835281646958
Set14,img_006,stage2_base,/home/ubuntu/scratch/sr-diffusion/benchmark_outputs/stage2_dual_best98000/Set14/img_006/base.png,/home/ubuntu/scratch/sr-diffusion/benchmarks/selfexsr/SelfExSR-master/data/Set14/image_SRF_4/img_006_SRF_4_HR.png,/home/ubuntu/scratch/sr-diffusion/benchmarks/selfexsr/SelfExSR-master/data/Set14/image_SRF_4/img_006_SRF_4_LR.png,32.70653424157244,29.695667516767507,0.7936546097014407,0.7066508276790332
Set14,img_006,latent_adapter_v1,/home/ubuntu/scratch/sr-diffusion/benchmark_outputs/stage2_latent_adapter_v1_best11000/Set14/img_006/base.png,/home/ubuntu/scratch/sr-diffusion/benchmarks/selfexsr/SelfExSR-master/data/Set14/image_SRF_4/img_006_SRF_4_HR.png,/home/ubuntu/scratch/sr-diffusion/benchmarks/selfexsr/SelfExSR-master/data/Set14/image_SRF_4/img_006_SRF_4_LR.png,32.664876700399205,29.66815820325518,0.7936057888044901,0.7052082956579521
Set14,img_006,guarded_v2,/home/ubuntu/scratch/sr-diffusion/benchmark_outputs/stage2_guarded_detail_v2_tta_off/Set14/img_006/base.png,/home/ubuntu/scratch/sr-diffusion/benchmarks/selfexsr/SelfExSR-master/data/Set14/image_SRF_4/img_006_SRF_4_HR.png,/home/ubuntu/scratch/sr-diffusion/benchmarks/selfexsr/SelfExSR-master/data/Set14/image_SRF_4/img_006_SRF_4_LR.png,32.69694437012625,29.6943750656293,0.7943403229130608,0.711555499048787
Set14,img_006,guarded_v2_x8,/home/ubuntu/scratch/sr-diffusion/benchmark_outputs/stage2_guarded_detail_v2_tta_x8/Set14/img_006/base.png,/home/ubuntu/scratch/sr-diffusion/benchmarks/selfexsr/SelfExSR-master/data/Set14/image_SRF_4/img_006_SRF_4_HR.png,/home/ubuntu/scratch/sr-diffusion/benchmarks/selfexsr/SelfExSR-master/data/Set14/image_SRF_4/img_006_SRF_4_LR.png,32.7968920554421,29.790351779589432,0.7967175740801195,0.716173068978458
Set14,img_006,detail_v2_masked,/home/ubuntu/scratch/sr-diffusion/benchmark_outputs/detail_v2_masked/Set14/img_006/detail.png,/home/ubuntu/scratch/sr-diffusion/benchmarks/selfexsr/SelfExSR-master/data/Set14/image_SRF_4/img_006_SRF_4_HR.png,/home/ubuntu/scratch/sr-diffusion/benchmarks/selfexsr/SelfExSR-master/data/Set14/image_SRF_4/img_006_SRF_4_LR.png,32.780309515902466,29.755314034168208,0.7956980827813459,0.7119805629013433
Set14,img_006,realesrgan,/home/ubuntu/scratch/sr-diffusion/benchmark_outputs/realesrgan/Set14/img_006/RealESRGAN_x4plus.png,/home/ubuntu/scratch/sr-diffusion/benchmarks/selfexsr/SelfExSR-master/data/Set14/image_SRF_4/img_006_SRF_4_HR.png,/home/ubuntu/scratch/sr-diffusion/benchmarks/selfexsr/SelfExSR-master/data/Set14/image_SRF_4/img_006_SRF_4_LR.png,29.530701354026032,27.05801789223171,0.7322194507857213,0.5759927358045754
Set14,img_007,bicubic,generated:matlab_bicubic_resize,/home/ubuntu/scratch/sr-diffusion/benchmarks/selfexsr/SelfExSR-master/data/Set14/image_SRF_4/img_007_SRF_4_HR.png,/home/ubuntu/scratch/sr-diffusion/benchmarks/selfexsr/SelfExSR-master/data/Set14/image_SRF_4/img_007_SRF_4_LR.png,25.522553042397767,23.71370526905103,0.7221104536160406,0.6950639370122467
Set14,img_007,stage2_base,/home/ubuntu/scratch/sr-diffusion/benchmark_outputs/stage2_dual_best98000/Set14/img_007/base.png,/home/ubuntu/scratch/sr-diffusion/benchmarks/selfexsr/SelfExSR-master/data/Set14/image_SRF_4/img_007_SRF_4_HR.png,/home/ubuntu/scratch/sr-diffusion/benchmarks/selfexsr/SelfExSR-master/data/Set14/image_SRF_4/img_007_SRF_4_LR.png,27.828262099754035,25.82123699844352,0.8017518110394527,0.768683558122308
Set14,img_007,latent_adapter_v1,/home/ubuntu/scratch/sr-diffusion/benchmark_outputs/stage2_latent_adapter_v1_best11000/Set14/img_007/base.png,/home/ubuntu/scratch/sr-diffusion/benchmarks/selfexsr/SelfExSR-master/data/Set14/image_SRF_4/img_007_SRF_4_HR.png,/home/ubuntu/scratch/sr-diffusion/benchmarks/selfexsr/SelfExSR-master/data/Set14/image_SRF_4/img_007_SRF_4_LR.png,27.83175977521246,25.823469474447375,0.8029189376709149,0.7705165736086378
Set14,img_007,guarded_v2,/home/ubuntu/scratch/sr-diffusion/benchmark_outputs/stage2_guarded_detail_v2_tta_off/Set14/img_007/base.png,/home/ubuntu/scratch/sr-diffusion/benchmarks/selfexsr/SelfExSR-master/data/Set14/image_SRF_4/img_007_SRF_4_HR.png,/home/ubuntu/scratch/sr-diffusion/benchmarks/selfexsr/SelfExSR-master/data/Set14/image_SRF_4/img_007_SRF_4_LR.png,27.809049883354877,25.805151980907176,0.8041157696620723,0.7715314804195345
Set14,img_007,guarded_v2_x8,/home/ubuntu/scratch/sr-diffusion/benchmark_outputs/stage2_guarded_detail_v2_tta_x8/Set14/img_007/base.png,/home/ubuntu/scratch/sr-diffusion/benchmarks/selfexsr/SelfExSR-master/data/Set14/image_SRF_4/img_007_SRF_4_HR.png,/home/ubuntu/scratch/sr-diffusion/benchmarks/selfexsr/SelfExSR-master/data/Set14/image_SRF_4/img_007_SRF_4_LR.png,27.96585415164527,25.95674355030471,0.8092018829918292,0.7777369498493155
Set14,img_007,detail_v2_masked,/home/ubuntu/scratch/sr-diffusion/benchmark_outputs/detail_v2_masked/Set14/img_007/detail.png,/home/ubuntu/scratch/sr-diffusion/benchmarks/selfexsr/SelfExSR-master/data/Set14/image_SRF_4/img_007_SRF_4_HR.png,/home/ubuntu/scratch/sr-diffusion/benchmarks/selfexsr/SelfExSR-master/data/Set14/image_SRF_4/img_007_SRF_4_LR.png,28.17106564757573,26.16250776318736,0.8150475038028517,0.7843638350040975
Set14,img_007,realesrgan,/home/ubuntu/scratch/sr-diffusion/benchmark_outputs/realesrgan/Set14/img_007/RealESRGAN_x4plus.png,/home/ubuntu/scratch/sr-diffusion/benchmarks/selfexsr/SelfExSR-master/data/Set14/image_SRF_4/img_007_SRF_4_HR.png,/home/ubuntu/scratch/sr-diffusion/benchmarks/selfexsr/SelfExSR-master/data/Set14/image_SRF_4/img_007_SRF_4_LR.png,25.839459099138793,23.2361443651249,0.7277723712214919,0.6662307743931476
Set14,img_008,bicubic,generated:matlab_bicubic_resize,/home/ubuntu/scratch/sr-diffusion/benchmarks/selfexsr/SelfExSR-master/data/Set14/image_SRF_4/img_008_SRF_4_HR.png,/home/ubuntu/scratch/sr-diffusion/benchmarks/selfexsr/SelfExSR-master/data/Set14/image_SRF_4/img_008_SRF_4_LR.png,29.399180980865744,27.942815764750627,0.8667537393949221,0.8471641899868861
Set14,img_008,stage2_base,/home/ubuntu/scratch/sr-diffusion/benchmark_outputs/stage2_dual_best98000/Set14/img_008/base.png,/home/ubuntu/scratch/sr-diffusion/benchmarks/selfexsr/SelfExSR-master/data/Set14/image_SRF_4/img_008_SRF_4_HR.png,/home/ubuntu/scratch/sr-diffusion/benchmarks/selfexsr/SelfExSR-master/data/Set14/image_SRF_4/img_008_SRF_4_LR.png,33.18988828502754,31.54759168281076,0.927303402128689,0.9100495746864397
Set14,img_008,latent_adapter_v1,/home/ubuntu/scratch/sr-diffusion/benchmark_outputs/stage2_latent_adapter_v1_best11000/Set14/img_008/base.png,/home/ubuntu/scratch/sr-diffusion/benchmarks/selfexsr/SelfExSR-master/data/Set14/image_SRF_4/img_008_SRF_4_HR.png,/home/ubuntu/scratch/sr-diffusion/benchmarks/selfexsr/SelfExSR-master/data/Set14/image_SRF_4/img_008_SRF_4_LR.png,33.1329493164335,31.49737195296636,0.927474358110553,0.9102565518133567
Set14,img_008,guarded_v2,/home/ubuntu/scratch/sr-diffusion/benchmark_outputs/stage2_guarded_detail_v2_tta_off/Set14/img_008/base.png,/home/ubuntu/scratch/sr-diffusion/benchmarks/selfexsr/SelfExSR-master/data/Set14/image_SRF_4/img_008_SRF_4_HR.png,/home/ubuntu/scratch/sr-diffusion/benchmarks/selfexsr/SelfExSR-master/data/Set14/image_SRF_4/img_008_SRF_4_LR.png,33.171874998986574,31.526569377715994,0.9281586544722216,0.9110621521868891
Set14,img_008,guarded_v2_x8,/home/ubuntu/scratch/sr-diffusion/benchmark_outputs/stage2_guarded_detail_v2_tta_x8/Set14/img_008/base.png,/home/ubuntu/scratch/sr-diffusion/benchmarks/selfexsr/SelfExSR-master/data/Set14/image_SRF_4/img_008_SRF_4_HR.png,/home/ubuntu/scratch/sr-diffusion/benchmarks/selfexsr/SelfExSR-master/data/Set14/image_SRF_4/img_008_SRF_4_LR.png,33.428535989509086,31.784519146564413,0.929837048414068,0.9134121840623682
Set14,img_008,detail_v2_masked,/home/ubuntu/scratch/sr-diffusion/benchmark_outputs/detail_v2_masked/Set14/img_008/detail.png,/home/ubuntu/scratch/sr-diffusion/benchmarks/selfexsr/SelfExSR-master/data/Set14/image_SRF_4/img_008_SRF_4_HR.png,/home/ubuntu/scratch/sr-diffusion/benchmarks/selfexsr/SelfExSR-master/data/Set14/image_SRF_4/img_008_SRF_4_LR.png,33.181126753857924,31.575919313226155,0.9317199134020826,0.9152379021950674
Set14,img_008,realesrgan,/home/ubuntu/scratch/sr-diffusion/benchmark_outputs/realesrgan/Set14/img_008/RealESRGAN_x4plus.png,/home/ubuntu/scratch/sr-diffusion/benchmarks/selfexsr/SelfExSR-master/data/Set14/image_SRF_4/img_008_SRF_4_HR.png,/home/ubuntu/scratch/sr-diffusion/benchmarks/selfexsr/SelfExSR-master/data/Set14/image_SRF_4/img_008_SRF_4_LR.png,26.509585481220693,24.80177749310338,0.8461872571266039,0.8158270152300263
Set14,img_009,bicubic,generated:matlab_bicubic_resize,/home/ubuntu/scratch/sr-diffusion/benchmarks/selfexsr/SelfExSR-master/data/Set14/image_SRF_4/img_009_SRF_4_HR.png,/home/ubuntu/scratch/sr-diffusion/benchmarks/selfexsr/SelfExSR-master/data/Set14/image_SRF_4/img_009_SRF_4_LR.png,29.83956362715532,28.285882235641875,0.8143334339419335,0.7398948976507816
Set14,img_009,stage2_base,/home/ubuntu/scratch/sr-diffusion/benchmark_outputs/stage2_dual_best98000/Set14/img_009/base.png,/home/ubuntu/scratch/sr-diffusion/benchmarks/selfexsr/SelfExSR-master/data/Set14/image_SRF_4/img_009_SRF_4_HR.png,/home/ubuntu/scratch/sr-diffusion/benchmarks/selfexsr/SelfExSR-master/data/Set14/image_SRF_4/img_009_SRF_4_LR.png,32.05795816006993,29.99806632280807,0.8560911832743934,0.7801595810032177
Set14,img_009,latent_adapter_v1,/home/ubuntu/scratch/sr-diffusion/benchmark_outputs/stage2_latent_adapter_v1_best11000/Set14/img_009/base.png,/home/ubuntu/scratch/sr-diffusion/benchmarks/selfexsr/SelfExSR-master/data/Set14/image_SRF_4/img_009_SRF_4_HR.png,/home/ubuntu/scratch/sr-diffusion/benchmarks/selfexsr/SelfExSR-master/data/Set14/image_SRF_4/img_009_SRF_4_LR.png,32.12165362805192,30.046537499682753,0.8569340863063756,0.7810335223664148
Set14,img_009,guarded_v2,/home/ubuntu/scratch/sr-diffusion/benchmark_outputs/stage2_guarded_detail_v2_tta_off/Set14/img_009/base.png,/home/ubuntu/scratch/sr-diffusion/benchmarks/selfexsr/SelfExSR-master/data/Set14/image_SRF_4/img_009_SRF_4_HR.png,/home/ubuntu/scratch/sr-diffusion/benchmarks/selfexsr/SelfExSR-master/data/Set14/image_SRF_4/img_009_SRF_4_LR.png,31.961731271066682,29.85944001988589,0.8588432741240009,0.7829129228366097
Set14,img_009,guarded_v2_x8,/home/ubuntu/scratch/sr-diffusion/benchmark_outputs/stage2_guarded_detail_v2_tta_x8/Set14/img_009/base.png,/home/ubuntu/scratch/sr-diffusion/benchmarks/selfexsr/SelfExSR-master/data/Set14/image_SRF_4/img_009_SRF_4_HR.png,/home/ubuntu/scratch/sr-diffusion/benchmarks/selfexsr/SelfExSR-master/data/Set14/image_SRF_4/img_009_SRF_4_LR.png,31.71963493571903,29.637416246480086,0.860375590584881,0.7852442836170198
Set14,img_009,detail_v2_masked,/home/ubuntu/scratch/sr-diffusion/benchmark_outputs/detail_v2_masked/Set14/img_009/detail.png,/home/ubuntu/scratch/sr-diffusion/benchmarks/selfexsr/SelfExSR-master/data/Set14/image_SRF_4/img_009_SRF_4_HR.png,/home/ubuntu/scratch/sr-diffusion/benchmarks/selfexsr/SelfExSR-master/data/Set14/image_SRF_4/img_009_SRF_4_LR.png,32.25764034746468,30.168268475169352,0.860720506339784,0.7848714061913092
Set14,img_009,realesrgan,/home/ubuntu/scratch/sr-diffusion/benchmark_outputs/realesrgan/Set14/img_009/RealESRGAN_x4plus.png,/home/ubuntu/scratch/sr-diffusion/benchmarks/selfexsr/SelfExSR-master/data/Set14/image_SRF_4/img_009_SRF_4_HR.png,/home/ubuntu/scratch/sr-diffusion/benchmarks/selfexsr/SelfExSR-master/data/Set14/image_SRF_4/img_009_SRF_4_LR.png,29.81487162301727,27.556221451391508,0.8178313729005107,0.7276216756418031
Set14,img_010,bicubic,generated:matlab_bicubic_resize,/home/ubuntu/scratch/sr-diffusion/benchmarks/selfexsr/SelfExSR-master/data/Set14/image_SRF_4/img_010_SRF_4_HR.png,/home/ubuntu/scratch/sr-diffusion/benchmarks/selfexsr/SelfExSR-master/data/Set14/image_SRF_4/img_010_SRF_4_LR.png,25.69774964383376,24.375828331957024,0.6763730659141758,0.6442896984785456
Set14,img_010,stage2_base,/home/ubuntu/scratch/sr-diffusion/benchmark_outputs/stage2_dual_best98000/Set14/img_010/base.png,/home/ubuntu/scratch/sr-diffusion/benchmarks/selfexsr/SelfExSR-master/data/Set14/image_SRF_4/img_010_SRF_4_HR.png,/home/ubuntu/scratch/sr-diffusion/benchmarks/selfexsr/SelfExSR-master/data/Set14/image_SRF_4/img_010_SRF_4_LR.png,27.257650516516186,25.932093387724123,0.743619006126924,0.7155156580803013
Set14,img_010,latent_adapter_v1,/home/ubuntu/scratch/sr-diffusion/benchmark_outputs/stage2_latent_adapter_v1_best11000/Set14/img_010/base.png,/home/ubuntu/scratch/sr-diffusion/benchmarks/selfexsr/SelfExSR-master/data/Set14/image_SRF_4/img_010_SRF_4_HR.png,/home/ubuntu/scratch/sr-diffusion/benchmarks/selfexsr/SelfExSR-master/data/Set14/image_SRF_4/img_010_SRF_4_LR.png,27.2725123039597,25.947867988515235,0.7452890236599935,0.7169567570726584
Set14,img_010,guarded_v2,/home/ubuntu/scratch/sr-diffusion/benchmark_outputs/stage2_guarded_detail_v2_tta_off/Set14/img_010/base.png,/home/ubuntu/scratch/sr-diffusion/benchmarks/selfexsr/SelfExSR-master/data/Set14/image_SRF_4/img_010_SRF_4_HR.png,/home/ubuntu/scratch/sr-diffusion/benchmarks/selfexsr/SelfExSR-master/data/Set14/image_SRF_4/img_010_SRF_4_LR.png,27.275904906496855,25.950323498374065,0.7461220292357281,0.7189296636432218
Set14,img_010,guarded_v2_x8,/home/ubuntu/scratch/sr-diffusion/benchmark_outputs/stage2_guarded_detail_v2_tta_x8/Set14/img_010/base.png,/home/ubuntu/scratch/sr-diffusion/benchmarks/selfexsr/SelfExSR-master/data/Set14/image_SRF_4/img_010_SRF_4_HR.png,/home/ubuntu/scratch/sr-diffusion/benchmarks/selfexsr/SelfExSR-master/data/Set14/image_SRF_4/img_010_SRF_4_LR.png,27.307525065272817,25.98370315004484,0.7470167982861854,0.7200299694375759
Set14,img_010,detail_v2_masked,/home/ubuntu/scratch/sr-diffusion/benchmark_outputs/detail_v2_masked/Set14/img_010/detail.png,/home/ubuntu/scratch/sr-diffusion/benchmarks/selfexsr/SelfExSR-master/data/Set14/image_SRF_4/img_010_SRF_4_HR.png,/home/ubuntu/scratch/sr-diffusion/benchmarks/selfexsr/SelfExSR-master/data/Set14/image_SRF_4/img_010_SRF_4_LR.png,27.369973168792754,26.042568422633305,0.7493826866460261,0.7228584834335011
Set14,img_010,realesrgan,/home/ubuntu/scratch/sr-diffusion/benchmark_outputs/realesrgan/Set14/img_010/RealESRGAN_x4plus.png,/home/ubuntu/scratch/sr-diffusion/benchmarks/selfexsr/SelfExSR-master/data/Set14/image_SRF_4/img_010_SRF_4_HR.png,/home/ubuntu/scratch/sr-diffusion/benchmarks/selfexsr/SelfExSR-master/data/Set14/image_SRF_4/img_010_SRF_4_LR.png,24.965922027195326,23.63745362358745,0.6586283297972988,0.613239648012668
Set14,img_011,bicubic,generated:matlab_bicubic_resize,/home/ubuntu/scratch/sr-diffusion/benchmarks/selfexsr/SelfExSR-master/data/Set14/image_SRF_4/img_011_SRF_4_HR.png,/home/ubuntu/scratch/sr-diffusion/benchmarks/selfexsr/SelfExSR-master/data/Set14/image_SRF_4/img_011_SRF_4_LR.png,27.460085440327433,26.159299860095608,0.8815876528993428,0.8645013607341226
Set14,img_011,stage2_base,/home/ubuntu/scratch/sr-diffusion/benchmark_outputs/stage2_dual_best98000/Set14/img_011/base.png,/home/ubuntu/scratch/sr-diffusion/benchmarks/selfexsr/SelfExSR-master/data/Set14/image_SRF_4/img_011_SRF_4_HR.png,/home/ubuntu/scratch/sr-diffusion/benchmarks/selfexsr/SelfExSR-master/data/Set14/image_SRF_4/img_011_SRF_4_LR.png,31.799545219908254,30.35479508003966,0.9383738049675566,0.9245942363616985
Set14,img_011,latent_adapter_v1,/home/ubuntu/scratch/sr-diffusion/benchmark_outputs/stage2_latent_adapter_v1_best11000/Set14/img_011/base.png,/home/ubuntu/scratch/sr-diffusion/benchmarks/selfexsr/SelfExSR-master/data/Set14/image_SRF_4/img_011_SRF_4_HR.png,/home/ubuntu/scratch/sr-diffusion/benchmarks/selfexsr/SelfExSR-master/data/Set14/image_SRF_4/img_011_SRF_4_LR.png,31.72793862540238,30.288717049853553,0.9383632396053512,0.924586006685263
Set14,img_011,guarded_v2,/home/ubuntu/scratch/sr-diffusion/benchmark_outputs/stage2_guarded_detail_v2_tta_off/Set14/img_011/base.png,/home/ubuntu/scratch/sr-diffusion/benchmarks/selfexsr/SelfExSR-master/data/Set14/image_SRF_4/img_011_SRF_4_HR.png,/home/ubuntu/scratch/sr-diffusion/benchmarks/selfexsr/SelfExSR-master/data/Set14/image_SRF_4/img_011_SRF_4_LR.png,31.924908310404593,30.46863897497432,0.9391159309591001,0.9253437854061896
Set14,img_011,guarded_v2_x8,/home/ubuntu/scratch/sr-diffusion/benchmark_outputs/stage2_guarded_detail_v2_tta_x8/Set14/img_011/base.png,/home/ubuntu/scratch/sr-diffusion/benchmarks/selfexsr/SelfExSR-master/data/Set14/image_SRF_4/img_011_SRF_4_HR.png,/home/ubuntu/scratch/sr-diffusion/benchmarks/selfexsr/SelfExSR-master/data/Set14/image_SRF_4/img_011_SRF_4_LR.png,32.12612204228671,30.698354576182073,0.9410400043500334,0.9280242493260094
Set14,img_011,detail_v2_masked,/home/ubuntu/scratch/sr-diffusion/benchmark_outputs/detail_v2_masked/Set14/img_011/detail.png,/home/ubuntu/scratch/sr-diffusion/benchmarks/selfexsr/SelfExSR-master/data/Set14/image_SRF_4/img_011_SRF_4_HR.png,/home/ubuntu/scratch/sr-diffusion/benchmarks/selfexsr/SelfExSR-master/data/Set14/image_SRF_4/img_011_SRF_4_LR.png,32.37839656937846,30.93327079095657,0.9437544560931351,0.930578038557984
Set14,img_011,realesrgan,/home/ubuntu/scratch/sr-diffusion/benchmark_outputs/realesrgan/Set14/img_011/RealESRGAN_x4plus.png,/home/ubuntu/scratch/sr-diffusion/benchmarks/selfexsr/SelfExSR-master/data/Set14/image_SRF_4/img_011_SRF_4_HR.png,/home/ubuntu/scratch/sr-diffusion/benchmarks/selfexsr/SelfExSR-master/data/Set14/image_SRF_4/img_011_SRF_4_LR.png,28.29167588468186,25.950376500180894,0.9004819335317608,0.8650999921849393
Set14,img_012,bicubic,generated:matlab_bicubic_resize,/home/ubuntu/scratch/sr-diffusion/benchmarks/selfexsr/SelfExSR-master/data/Set14/image_SRF_4/img_012_SRF_4_HR.png,/home/ubuntu/scratch/sr-diffusion/benchmarks/selfexsr/SelfExSR-master/data/Set14/image_SRF_4/img_012_SRF_4_LR.png,30.594995925144815,28.586832638902877,0.8378823604823411,0.7514794473223185
Set14,img_012,stage2_base,/home/ubuntu/scratch/sr-diffusion/benchmark_outputs/stage2_dual_best98000/Set14/img_012/base.png,/home/ubuntu/scratch/sr-diffusion/benchmarks/selfexsr/SelfExSR-master/data/Set14/image_SRF_4/img_012_SRF_4_HR.png,/home/ubuntu/scratch/sr-diffusion/benchmarks/selfexsr/SelfExSR-master/data/Set14/image_SRF_4/img_012_SRF_4_LR.png,33.85124219872359,30.863753113148608,0.8756009488935466,0.7859468360325105
Set14,img_012,latent_adapter_v1,/home/ubuntu/scratch/sr-diffusion/benchmark_outputs/stage2_latent_adapter_v1_best11000/Set14/img_012/base.png,/home/ubuntu/scratch/sr-diffusion/benchmarks/selfexsr/SelfExSR-master/data/Set14/image_SRF_4/img_012_SRF_4_HR.png,/home/ubuntu/scratch/sr-diffusion/benchmarks/selfexsr/SelfExSR-master/data/Set14/image_SRF_4/img_012_SRF_4_LR.png,33.914906454038764,30.907146287480632,0.8762760650787292,0.786853050741818
Set14,img_012,guarded_v2,/home/ubuntu/scratch/sr-diffusion/benchmark_outputs/stage2_guarded_detail_v2_tta_off/Set14/img_012/base.png,/home/ubuntu/scratch/sr-diffusion/benchmarks/selfexsr/SelfExSR-master/data/Set14/image_SRF_4/img_012_SRF_4_HR.png,/home/ubuntu/scratch/sr-diffusion/benchmarks/selfexsr/SelfExSR-master/data/Set14/image_SRF_4/img_012_SRF_4_LR.png,33.97279269041374,30.941820275766286,0.8771278254755799,0.7871749722019047
Set14,img_012,guarded_v2_x8,/home/ubuntu/scratch/sr-diffusion/benchmark_outputs/stage2_guarded_detail_v2_tta_x8/Set14/img_012/base.png,/home/ubuntu/scratch/sr-diffusion/benchmarks/selfexsr/SelfExSR-master/data/Set14/image_SRF_4/img_012_SRF_4_HR.png,/home/ubuntu/scratch/sr-diffusion/benchmarks/selfexsr/SelfExSR-master/data/Set14/image_SRF_4/img_012_SRF_4_LR.png,34.10486595401926,31.05591878745495,0.8789622628212141,0.7898644074000094
Set14,img_012,detail_v2_masked,/home/ubuntu/scratch/sr-diffusion/benchmark_outputs/detail_v2_masked/Set14/img_012/detail.png,/home/ubuntu/scratch/sr-diffusion/benchmarks/selfexsr/SelfExSR-master/data/Set14/image_SRF_4/img_012_SRF_4_HR.png,/home/ubuntu/scratch/sr-diffusion/benchmarks/selfexsr/SelfExSR-master/data/Set14/image_SRF_4/img_012_SRF_4_LR.png,34.15792411718296,31.1025638647877,0.8794984845344853,0.7896784281496062
Set14,img_012,realesrgan,/home/ubuntu/scratch/sr-diffusion/benchmark_outputs/realesrgan/Set14/img_012/RealESRGAN_x4plus.png,/home/ubuntu/scratch/sr-diffusion/benchmarks/selfexsr/SelfExSR-master/data/Set14/image_SRF_4/img_012_SRF_4_HR.png,/home/ubuntu/scratch/sr-diffusion/benchmarks/selfexsr/SelfExSR-master/data/Set14/image_SRF_4/img_012_SRF_4_LR.png,31.167454522077925,27.64317584293268,0.84105282641754,0.722966118340227
Set14,img_013,bicubic,generated:matlab_bicubic_resize,/home/ubuntu/scratch/sr-diffusion/benchmarks/selfexsr/SelfExSR-master/data/Set14/image_SRF_4/img_013_SRF_4_HR.png,/home/ubuntu/scratch/sr-diffusion/benchmarks/selfexsr/SelfExSR-master/data/Set14/image_SRF_4/img_013_SRF_4_LR.png,21.918751658583236,20.32663844151134,0.8191591789793446,0.7988054773002943
Set14,img_013,stage2_base,/home/ubuntu/scratch/sr-diffusion/benchmark_outputs/stage2_dual_best98000/Set14/img_013/base.png,/home/ubuntu/scratch/sr-diffusion/benchmarks/selfexsr/SelfExSR-master/data/Set14/image_SRF_4/img_013_SRF_4_HR.png,/home/ubuntu/scratch/sr-diffusion/benchmarks/selfexsr/SelfExSR-master/data/Set14/image_SRF_4/img_013_SRF_4_LR.png,26.4619559189928,24.764130413871158,0.9415862044720391,0.9277979141118912
Set14,img_013,latent_adapter_v1,/home/ubuntu/scratch/sr-diffusion/benchmark_outputs/stage2_latent_adapter_v1_best11000/Set14/img_013/base.png,/home/ubuntu/scratch/sr-diffusion/benchmarks/selfexsr/SelfExSR-master/data/Set14/image_SRF_4/img_013_SRF_4_HR.png,/home/ubuntu/scratch/sr-diffusion/benchmarks/selfexsr/SelfExSR-master/data/Set14/image_SRF_4/img_013_SRF_4_LR.png,26.47093298158762,24.774084786917598,0.9419328498957814,0.9284218093225695
Set14,img_013,guarded_v2,/home/ubuntu/scratch/sr-diffusion/benchmark_outputs/stage2_guarded_detail_v2_tta_off/Set14/img_013/base.png,/home/ubuntu/scratch/sr-diffusion/benchmarks/selfexsr/SelfExSR-master/data/Set14/image_SRF_4/img_013_SRF_4_HR.png,/home/ubuntu/scratch/sr-diffusion/benchmarks/selfexsr/SelfExSR-master/data/Set14/image_SRF_4/img_013_SRF_4_LR.png,26.488085321312806,24.791077265477135,0.9428846770323025,0.9295359017345929
Set14,img_013,guarded_v2_x8,/home/ubuntu/scratch/sr-diffusion/benchmark_outputs/stage2_guarded_detail_v2_tta_x8/Set14/img_013/base.png,/home/ubuntu/scratch/sr-diffusion/benchmarks/selfexsr/SelfExSR-master/data/Set14/image_SRF_4/img_013_SRF_4_HR.png,/home/ubuntu/scratch/sr-diffusion/benchmarks/selfexsr/SelfExSR-master/data/Set14/image_SRF_4/img_013_SRF_4_LR.png,26.565314065496032,24.886508028697744,0.9455700743238007,0.9331556926732434
Set14,img_013,detail_v2_masked,/home/ubuntu/scratch/sr-diffusion/benchmark_outputs/detail_v2_masked/Set14/img_013/detail.png,/home/ubuntu/scratch/sr-diffusion/benchmarks/selfexsr/SelfExSR-master/data/Set14/image_SRF_4/img_013_SRF_4_HR.png,/home/ubuntu/scratch/sr-diffusion/benchmarks/selfexsr/SelfExSR-master/data/Set14/image_SRF_4/img_013_SRF_4_LR.png,26.885155572607864,25.21861815640935,0.9526182602620124,0.940227762158624
Set14,img_013,realesrgan,/home/ubuntu/scratch/sr-diffusion/benchmark_outputs/realesrgan/Set14/img_013/RealESRGAN_x4plus.png,/home/ubuntu/scratch/sr-diffusion/benchmarks/selfexsr/SelfExSR-master/data/Set14/image_SRF_4/img_013_SRF_4_HR.png,/home/ubuntu/scratch/sr-diffusion/benchmarks/selfexsr/SelfExSR-master/data/Set14/image_SRF_4/img_013_SRF_4_LR.png,23.494352124112837,21.46330815653728,0.8981361062947977,0.858792153763745
Set14,img_014,bicubic,generated:matlab_bicubic_resize,/home/ubuntu/scratch/sr-diffusion/benchmarks/selfexsr/SelfExSR-master/data/Set14/image_SRF_4/img_014_SRF_4_HR.png,/home/ubuntu/scratch/sr-diffusion/benchmarks/selfexsr/SelfExSR-master/data/Set14/image_SRF_4/img_014_SRF_4_LR.png,24.06409731888616,22.733617565885538,0.6850491717292527,0.6562341244114772
Set14,img_014,stage2_base,/home/ubuntu/scratch/sr-diffusion/benchmark_outputs/stage2_dual_best98000/Set14/img_014/base.png,/home/ubuntu/scratch/sr-diffusion/benchmarks/selfexsr/SelfExSR-master/data/Set14/image_SRF_4/img_014_SRF_4_HR.png,/home/ubuntu/scratch/sr-diffusion/benchmarks/selfexsr/SelfExSR-master/data/Set14/image_SRF_4/img_014_SRF_4_LR.png,27.191772844626243,25.791975683202644,0.7758024814093186,0.7559521202512202
Set14,img_014,latent_adapter_v1,/home/ubuntu/scratch/sr-diffusion/benchmark_outputs/stage2_latent_adapter_v1_best11000/Set14/img_014/base.png,/home/ubuntu/scratch/sr-diffusion/benchmarks/selfexsr/SelfExSR-master/data/Set14/image_SRF_4/img_014_SRF_4_HR.png,/home/ubuntu/scratch/sr-diffusion/benchmarks/selfexsr/SelfExSR-master/data/Set14/image_SRF_4/img_014_SRF_4_LR.png,27.172888995248012,25.774440478872283,0.777522788126847,0.757416740130307
Set14,img_014,guarded_v2,/home/ubuntu/scratch/sr-diffusion/benchmark_outputs/stage2_guarded_detail_v2_tta_off/Set14/img_014/base.png,/home/ubuntu/scratch/sr-diffusion/benchmarks/selfexsr/SelfExSR-master/data/Set14/image_SRF_4/img_014_SRF_4_HR.png,/home/ubuntu/scratch/sr-diffusion/benchmarks/selfexsr/SelfExSR-master/data/Set14/image_SRF_4/img_014_SRF_4_LR.png,27.215970151995133,25.813834968491673,0.7788865471396996,0.7590519149854061
Set14,img_014,guarded_v2_x8,/home/ubuntu/scratch/sr-diffusion/benchmark_outputs/stage2_guarded_detail_v2_tta_x8/Set14/img_014/base.png,/home/ubuntu/scratch/sr-diffusion/benchmarks/selfexsr/SelfExSR-master/data/Set14/image_SRF_4/img_014_SRF_4_HR.png,/home/ubuntu/scratch/sr-diffusion/benchmarks/selfexsr/SelfExSR-master/data/Set14/image_SRF_4/img_014_SRF_4_LR.png,27.31388732095512,25.92532046797928,0.7799861349520116,0.7605605314696242
Set14,img_014,detail_v2_masked,/home/ubuntu/scratch/sr-diffusion/benchmark_outputs/detail_v2_masked/Set14/img_014/detail.png,/home/ubuntu/scratch/sr-diffusion/benchmarks/selfexsr/SelfExSR-master/data/Set14/image_SRF_4/img_014_SRF_4_HR.png,/home/ubuntu/scratch/sr-diffusion/benchmarks/selfexsr/SelfExSR-master/data/Set14/image_SRF_4/img_014_SRF_4_LR.png,27.23394397919375,25.844189336205314,0.7792103786295693,0.760501393232273
Set14,img_014,realesrgan,/home/ubuntu/scratch/sr-diffusion/benchmark_outputs/realesrgan/Set14/img_014/RealESRGAN_x4plus.png,/home/ubuntu/scratch/sr-diffusion/benchmarks/selfexsr/SelfExSR-master/data/Set14/image_SRF_4/img_014_SRF_4_HR.png,/home/ubuntu/scratch/sr-diffusion/benchmarks/selfexsr/SelfExSR-master/data/Set14/image_SRF_4/img_014_SRF_4_LR.png,22.585422879706577,21.016101201600165,0.6045031470777071,0.5604736678743875
Urban100,img_001,bicubic,generated:matlab_bicubic_resize,/home/ubuntu/scratch/sr-diffusion/benchmarks/selfexsr/SelfExSR-master/data/Urban100/image_SRF_4/img_001_SRF_4_HR.png,/home/ubuntu/scratch/sr-diffusion/benchmarks/selfexsr/SelfExSR-master/data/Urban100/image_SRF_4/img_001_SRF_4_LR.png,25.110482954456664,23.69721977262563,0.6683022129799351,0.6327362860643113
Urban100,img_001,stage2_base,/home/ubuntu/scratch/sr-diffusion/benchmark_outputs/stage2_dual_best98000/Urban100/img_001/base.png,/home/ubuntu/scratch/sr-diffusion/benchmarks/selfexsr/SelfExSR-master/data/Urban100/image_SRF_4/img_001_SRF_4_HR.png,/home/ubuntu/scratch/sr-diffusion/benchmarks/selfexsr/SelfExSR-master/data/Urban100/image_SRF_4/img_001_SRF_4_LR.png,27.42321673372477,26.006628232892695,0.7609749654528506,0.7289492541933681
Urban100,img_001,latent_adapter_v1,/home/ubuntu/scratch/sr-diffusion/benchmark_outputs/stage2_latent_adapter_v1_best11000/Urban100/img_001/base.png,/home/ubuntu/scratch/sr-diffusion/benchmarks/selfexsr/SelfExSR-master/data/Urban100/image_SRF_4/img_001_SRF_4_HR.png,/home/ubuntu/scratch/sr-diffusion/benchmarks/selfexsr/SelfExSR-master/data/Urban100/image_SRF_4/img_001_SRF_4_LR.png,27.43119561750286,26.01604753527235,0.761861896101872,0.729531062779264
Urban100,img_001,guarded_v2,/home/ubuntu/scratch/sr-diffusion/benchmark_outputs/stage2_guarded_detail_v2_tta_off/Urban100/img_001/base.png,/home/ubuntu/scratch/sr-diffusion/benchmarks/selfexsr/SelfExSR-master/data/Urban100/image_SRF_4/img_001_SRF_4_HR.png,/home/ubuntu/scratch/sr-diffusion/benchmarks/selfexsr/SelfExSR-master/data/Urban100/image_SRF_4/img_001_SRF_4_LR.png,27.460809986303502,26.0443580818023,0.7638260196171535,0.7338207057353222
Urban100,img_001,guarded_v2_x8,/home/ubuntu/scratch/sr-diffusion/benchmark_outputs/stage2_guarded_detail_v2_tta_x8/Urban100/img_001/base.png,/home/ubuntu/scratch/sr-diffusion/benchmarks/selfexsr/SelfExSR-master/data/Urban100/image_SRF_4/img_001_SRF_4_HR.png,/home/ubuntu/scratch/sr-diffusion/benchmarks/selfexsr/SelfExSR-master/data/Urban100/image_SRF_4/img_001_SRF_4_LR.png,27.518821598539564,26.105748076541563,0.7664555550541478,0.7370025075244268
Urban100,img_001,detail_v2_masked,/home/ubuntu/scratch/sr-diffusion/benchmark_outputs/detail_v2_masked/Urban100/img_001/detail.png,/home/ubuntu/scratch/sr-diffusion/benchmarks/selfexsr/SelfExSR-master/data/Urban100/image_SRF_4/img_001_SRF_4_HR.png,/home/ubuntu/scratch/sr-diffusion/benchmarks/selfexsr/SelfExSR-master/data/Urban100/image_SRF_4/img_001_SRF_4_LR.png,27.788437872128625,26.36952130452885,0.7727904186563291,0.7429210790169584
Urban100,img_001,realesrgan,/home/ubuntu/scratch/sr-diffusion/benchmark_outputs/realesrgan/Urban100/img_001/RealESRGAN_x4plus.png,/home/ubuntu/scratch/sr-diffusion/benchmarks/selfexsr/SelfExSR-master/data/Urban100/image_SRF_4/img_001_SRF_4_HR.png,/home/ubuntu/scratch/sr-diffusion/benchmarks/selfexsr/SelfExSR-master/data/Urban100/image_SRF_4/img_001_SRF_4_LR.png,25.119273305909424,23.673224739775254,0.6867172784577726,0.640444710245161
Urban100,img_002,bicubic,generated:matlab_bicubic_resize,/home/ubuntu/scratch/sr-diffusion/benchmarks/selfexsr/SelfExSR-master/data/Urban100/image_SRF_4/img_002_SRF_4_HR.png,/home/ubuntu/scratch/sr-diffusion/benchmarks/selfexsr/SelfExSR-master/data/Urban100/image_SRF_4/img_002_SRF_4_LR.png,24.18377354976073,22.87118080890748,0.6785306447604319,0.6529762804661953
Urban100,img_002,stage2_base,/home/ubuntu/scratch/sr-diffusion/benchmark_outputs/stage2_dual_best98000/Urban100/img_002/base.png,/home/ubuntu/scratch/sr-diffusion/benchmarks/selfexsr/SelfExSR-master/data/Urban100/image_SRF_4/img_002_SRF_4_HR.png,/home/ubuntu/scratch/sr-diffusion/benchmarks/selfexsr/SelfExSR-master/data/Urban100/image_SRF_4/img_002_SRF_4_LR.png,26.225019480604583,24.83874741908479,0.7997637382119288,0.7773841364198878
Urban100,img_002,latent_adapter_v1,/home/ubuntu/scratch/sr-diffusion/benchmark_outputs/stage2_latent_adapter_v1_best11000/Urban100/img_002/base.png,/home/ubuntu/scratch/sr-diffusion/benchmarks/selfexsr/SelfExSR-master/data/Urban100/image_SRF_4/img_002_SRF_4_HR.png,/home/ubuntu/scratch/sr-diffusion/benchmarks/selfexsr/SelfExSR-master/data/Urban100/image_SRF_4/img_002_SRF_4_LR.png,26.22243649569878,24.83669578484178,0.8008696680388042,0.7785448590759638
Urban100,img_002,guarded_v2,/home/ubuntu/scratch/sr-diffusion/benchmark_outputs/stage2_guarded_detail_v2_tta_off/Urban100/img_002/base.png,/home/ubuntu/scratch/sr-diffusion/benchmarks/selfexsr/SelfExSR-master/data/Urban100/image_SRF_4/img_002_SRF_4_HR.png,/home/ubuntu/scratch/sr-diffusion/benchmarks/selfexsr/SelfExSR-master/data/Urban100/image_SRF_4/img_002_SRF_4_LR.png,26.23093468452022,24.84264187323829,0.8036905363064254,0.7814964075405658
Urban100,img_002,guarded_v2_x8,/home/ubuntu/scratch/sr-diffusion/benchmark_outputs/stage2_guarded_detail_v2_tta_x8/Urban100/img_002/base.png,/home/ubuntu/scratch/sr-diffusion/benchmarks/selfexsr/SelfExSR-master/data/Urban100/image_SRF_4/img_002_SRF_4_HR.png,/home/ubuntu/scratch/sr-diffusion/benchmarks/selfexsr/SelfExSR-master/data/Urban100/image_SRF_4/img_002_SRF_4_LR.png,26.315876410790988,24.925694270044477,0.8066419651499854,0.7845347583555489
Urban100,img_002,detail_v2_masked,/home/ubuntu/scratch/sr-diffusion/benchmark_outputs/detail_v2_masked/Urban100/img_002/detail.png,/home/ubuntu/scratch/sr-diffusion/benchmarks/selfexsr/SelfExSR-master/data/Urban100/image_SRF_4/img_002_SRF_4_HR.png,/home/ubuntu/scratch/sr-diffusion/benchmarks/selfexsr/SelfExSR-master/data/Urban100/image_SRF_4/img_002_SRF_4_LR.png,26.705310482819296,25.303066598617413,0.8196374307420198,0.7983318895998011
Urban100,img_002,realesrgan,/home/ubuntu/scratch/sr-diffusion/benchmark_outputs/realesrgan/Urban100/img_002/RealESRGAN_x4plus.png,/home/ubuntu/scratch/sr-diffusion/benchmarks/selfexsr/SelfExSR-master/data/Urban100/image_SRF_4/img_002_SRF_4_HR.png,/home/ubuntu/scratch/sr-diffusion/benchmarks/selfexsr/SelfExSR-master/data/Urban100/image_SRF_4/img_002_SRF_4_LR.png,21.846987114795514,20.464201929534628,0.6735892755540971,0.6409868546524399
Urban100,img_003,bicubic,generated:matlab_bicubic_resize,/home/ubuntu/scratch/sr-diffusion/benchmarks/selfexsr/SelfExSR-master/data/Urban100/image_SRF_4/img_003_SRF_4_HR.png,/home/ubuntu/scratch/sr-diffusion/benchmarks/selfexsr/SelfExSR-master/data/Urban100/image_SRF_4/img_003_SRF_4_LR.png,22.021559986783167,20.458597006646123,0.5512587250901113,0.512082699357618
Urban100,img_003,stage2_base,/home/ubuntu/scratch/sr-diffusion/benchmark_outputs/stage2_dual_best98000/Urban100/img_003/base.png,/home/ubuntu/scratch/sr-diffusion/benchmarks/selfexsr/SelfExSR-master/data/Urban100/image_SRF_4/img_003_SRF_4_HR.png,/home/ubuntu/scratch/sr-diffusion/benchmarks/selfexsr/SelfExSR-master/data/Urban100/image_SRF_4/img_003_SRF_4_LR.png,23.575880677964935,21.976435033033006,0.6671429862457876,0.6299164510177795
Urban100,img_003,latent_adapter_v1,/home/ubuntu/scratch/sr-diffusion/benchmark_outputs/stage2_latent_adapter_v1_best11000/Urban100/img_003/base.png,/home/ubuntu/scratch/sr-diffusion/benchmarks/selfexsr/SelfExSR-master/data/Urban100/image_SRF_4/img_003_SRF_4_HR.png,/home/ubuntu/scratch/sr-diffusion/benchmarks/selfexsr/SelfExSR-master/data/Urban100/image_SRF_4/img_003_SRF_4_LR.png,23.577030348488716,21.978102723308616,0.669150539900112,0.6320489771959236
Urban100,img_003,guarded_v2,/home/ubuntu/scratch/sr-diffusion/benchmark_outputs/stage2_guarded_detail_v2_tta_off/Urban100/img_003/base.png,/home/ubuntu/scratch/sr-diffusion/benchmarks/selfexsr/SelfExSR-master/data/Urban100/image_SRF_4/img_003_SRF_4_HR.png,/home/ubuntu/scratch/sr-diffusion/benchmarks/selfexsr/SelfExSR-master/data/Urban100/image_SRF_4/img_003_SRF_4_LR.png,23.58977061566579,21.990257611760356,0.6705169568212003,0.6333972233514068
Urban100,img_003,guarded_v2_x8,/home/ubuntu/scratch/sr-diffusion/benchmark_outputs/stage2_guarded_detail_v2_tta_x8/Urban100/img_003/base.png,/home/ubuntu/scratch/sr-diffusion/benchmarks/selfexsr/SelfExSR-master/data/Urban100/image_SRF_4/img_003_SRF_4_HR.png,/home/ubuntu/scratch/sr-diffusion/benchmarks/selfexsr/SelfExSR-master/data/Urban100/image_SRF_4/img_003_SRF_4_LR.png,23.601301855260402,22.004439607808823,0.6712822200775977,0.6344308727997264
Urban100,img_003,detail_v2_masked,/home/ubuntu/scratch/sr-diffusion/benchmark_outputs/detail_v2_masked/Urban100/img_003/detail.png,/home/ubuntu/scratch/sr-diffusion/benchmarks/selfexsr/SelfExSR-master/data/Urban100/image_SRF_4/img_003_SRF_4_HR.png,/home/ubuntu/scratch/sr-diffusion/benchmarks/selfexsr/SelfExSR-master/data/Urban100/image_SRF_4/img_003_SRF_4_LR.png,23.82833506110891,22.226850956260378,0.6861703547399706,0.6501673734496116
Urban100,img_003,realesrgan,/home/ubuntu/scratch/sr-diffusion/benchmark_outputs/realesrgan/Urban100/img_003/RealESRGAN_x4plus.png,/home/ubuntu/scratch/sr-diffusion/benchmarks/selfexsr/SelfExSR-master/data/Urban100/image_SRF_4/img_003_SRF_4_HR.png,/home/ubuntu/scratch/sr-diffusion/benchmarks/selfexsr/SelfExSR-master/data/Urban100/image_SRF_4/img_003_SRF_4_LR.png,21.702617114015116,20.071752817331028,0.5892522562641583,0.5269620208736866
Urban100,img_004,bicubic,generated:matlab_bicubic_resize,/home/ubuntu/scratch/sr-diffusion/benchmarks/selfexsr/SelfExSR-master/data/Urban100/image_SRF_4/img_004_SRF_4_HR.png,/home/ubuntu/scratch/sr-diffusion/benchmarks/selfexsr/SelfExSR-master/data/Urban100/image_SRF_4/img_004_SRF_4_LR.png,21.085270653159476,19.809291388948008,0.6794218742848984,0.6515208689708104
Urban100,img_004,stage2_base,/home/ubuntu/scratch/sr-diffusion/benchmark_outputs/stage2_dual_best98000/Urban100/img_004/base.png,/home/ubuntu/scratch/sr-diffusion/benchmarks/selfexsr/SelfExSR-master/data/Urban100/image_SRF_4/img_004_SRF_4_HR.png,/home/ubuntu/scratch/sr-diffusion/benchmarks/selfexsr/SelfExSR-master/data/Urban100/image_SRF_4/img_004_SRF_4_LR.png,22.70509459948762,21.394373619553633,0.8086181891499434,0.7924237247624416
Urban100,img_004,latent_adapter_v1,/home/ubuntu/scratch/sr-diffusion/benchmark_outputs/stage2_latent_adapter_v1_best11000/Urban100/img_004/base.png,/home/ubuntu/scratch/sr-diffusion/benchmarks/selfexsr/SelfExSR-master/data/Urban100/image_SRF_4/img_004_SRF_4_HR.png,/home/ubuntu/scratch/sr-diffusion/benchmarks/selfexsr/SelfExSR-master/data/Urban100/image_SRF_4/img_004_SRF_4_LR.png,22.68136441738413,21.369927648542326,0.8090470823073375,0.7925921402224395
Urban100,img_004,guarded_v2,/home/ubuntu/scratch/sr-diffusion/benchmark_outputs/stage2_guarded_detail_v2_tta_off/Urban100/img_004/base.png,/home/ubuntu/scratch/sr-diffusion/benchmarks/selfexsr/SelfExSR-master/data/Urban100/image_SRF_4/img_004_SRF_4_HR.png,/home/ubuntu/scratch/sr-diffusion/benchmarks/selfexsr/SelfExSR-master/data/Urban100/image_SRF_4/img_004_SRF_4_LR.png,22.76011607287467,21.448376626608464,0.811333474317057,0.7953187647984793
Urban100,img_004,guarded_v2_x8,/home/ubuntu/scratch/sr-diffusion/benchmark_outputs/stage2_guarded_detail_v2_tta_x8/Urban100/img_004/base.png,/home/ubuntu/scratch/sr-diffusion/benchmarks/selfexsr/SelfExSR-master/data/Urban100/image_SRF_4/img_004_SRF_4_HR.png,/home/ubuntu/scratch/sr-diffusion/benchmarks/selfexsr/SelfExSR-master/data/Urban100/image_SRF_4/img_004_SRF_4_LR.png,22.784625784344282,21.47661787378729,0.8140365093638593,0.7981860015552921
Urban100,img_004,detail_v2_masked,/home/ubuntu/scratch/sr-diffusion/benchmark_outputs/detail_v2_masked/Urban100/img_004/detail.png,/home/ubuntu/scratch/sr-diffusion/benchmarks/selfexsr/SelfExSR-master/data/Urban100/image_SRF_4/img_004_SRF_4_HR.png,/home/ubuntu/scratch/sr-diffusion/benchmarks/selfexsr/SelfExSR-master/data/Urban100/image_SRF_4/img_004_SRF_4_LR.png,23.029516339915507,21.71968341684532,0.8268971110339097,0.8113892964761122
Urban100,img_004,realesrgan,/home/ubuntu/scratch/sr-diffusion/benchmark_outputs/realesrgan/Urban100/img_004/RealESRGAN_x4plus.png,/home/ubuntu/scratch/sr-diffusion/benchmarks/selfexsr/SelfExSR-master/data/Urban100/image_SRF_4/img_004_SRF_4_HR.png,/home/ubuntu/scratch/sr-diffusion/benchmarks/selfexsr/SelfExSR-master/data/Urban100/image_SRF_4/img_004_SRF_4_LR.png,19.90886242664207,18.560815419437663,0.6975700075037252,0.6406575080006488
Urban100,img_005,bicubic,generated:matlab_bicubic_resize,/home/ubuntu/scratch/sr-diffusion/benchmarks/selfexsr/SelfExSR-master/data/Urban100/image_SRF_4/img_005_SRF_4_HR.png,/home/ubuntu/scratch/sr-diffusion/benchmarks/selfexsr/SelfExSR-master/data/Urban100/image_SRF_4/img_005_SRF_4_LR.png,23.311374224937737,21.978461981947895,0.834758260244483,0.8124589627858788
Urban100,img_005,stage2_base,/home/ubuntu/scratch/sr-diffusion/benchmark_outputs/stage2_dual_best98000/Urban100/img_005/base.png,/home/ubuntu/scratch/sr-diffusion/benchmarks/selfexsr/SelfExSR-master/data/Urban100/image_SRF_4/img_005_SRF_4_HR.png,/home/ubuntu/scratch/sr-diffusion/benchmarks/selfexsr/SelfExSR-master/data/Urban100/image_SRF_4/img_005_SRF_4_LR.png,26.590612695041933,25.225967662517558,0.9343869532173379,0.9180331266867015
Urban100,img_005,latent_adapter_v1,/home/ubuntu/scratch/sr-diffusion/benchmark_outputs/stage2_latent_adapter_v1_best11000/Urban100/img_005/base.png,/home/ubuntu/scratch/sr-diffusion/benchmarks/selfexsr/SelfExSR-master/data/Urban100/image_SRF_4/img_005_SRF_4_HR.png,/home/ubuntu/scratch/sr-diffusion/benchmarks/selfexsr/SelfExSR-master/data/Urban100/image_SRF_4/img_005_SRF_4_LR.png,26.622592451715484,25.262198544261473,0.9350837193841659,0.9191930163679025
Urban100,img_005,guarded_v2,/home/ubuntu/scratch/sr-diffusion/benchmark_outputs/stage2_guarded_detail_v2_tta_off/Urban100/img_005/base.png,/home/ubuntu/scratch/sr-diffusion/benchmarks/selfexsr/SelfExSR-master/data/Urban100/image_SRF_4/img_005_SRF_4_HR.png,/home/ubuntu/scratch/sr-diffusion/benchmarks/selfexsr/SelfExSR-master/data/Urban100/image_SRF_4/img_005_SRF_4_LR.png,26.621693436691505,25.26641000251638,0.935288540050488,0.9188316830116628
Urban100,img_005,guarded_v2_x8,/home/ubuntu/scratch/sr-diffusion/benchmark_outputs/stage2_guarded_detail_v2_tta_x8/Urban100/img_005/base.png,/home/ubuntu/scratch/sr-diffusion/benchmarks/selfexsr/SelfExSR-master/data/Urban100/image_SRF_4/img_005_SRF_4_HR.png,/home/ubuntu/scratch/sr-diffusion/benchmarks/selfexsr/SelfExSR-master/data/Urban100/image_SRF_4/img_005_SRF_4_LR.png,26.76365940616072,25.415530791034694,0.9372302055149859,0.9217537382271791
Urban100,img_005,detail_v2_masked,/home/ubuntu/scratch/sr-diffusion/benchmark_outputs/detail_v2_masked/Urban100/img_005/detail.png,/home/ubuntu/scratch/sr-diffusion/benchmarks/selfexsr/SelfExSR-master/data/Urban100/image_SRF_4/img_005_SRF_4_HR.png,/home/ubuntu/scratch/sr-diffusion/benchmarks/selfexsr/SelfExSR-master/data/Urban100/image_SRF_4/img_005_SRF_4_LR.png,27.63455247323288,26.26314431611825,0.9481708930563432,0.9322325042622078
Urban100,img_005,realesrgan,/home/ubuntu/scratch/sr-diffusion/benchmark_outputs/realesrgan/Urban100/img_005/RealESRGAN_x4plus.png,/home/ubuntu/scratch/sr-diffusion/benchmarks/selfexsr/SelfExSR-master/data/Urban100/image_SRF_4/img_005_SRF_4_HR.png,/home/ubuntu/scratch/sr-diffusion/benchmarks/selfexsr/SelfExSR-master/data/Urban100/image_SRF_4/img_005_SRF_4_LR.png,21.85751335742033,20.521664710944382,0.8409959733114533,0.780415636318335
Urban100,img_006,bicubic,generated:matlab_bicubic_resize,/home/ubuntu/scratch/sr-diffusion/benchmarks/selfexsr/SelfExSR-master/data/Urban100/image_SRF_4/img_006_SRF_4_HR.png,/home/ubuntu/scratch/sr-diffusion/benchmarks/selfexsr/SelfExSR-master/data/Urban100/image_SRF_4/img_006_SRF_4_LR.png,20.518094027848935,19.166741325675908,0.4899617850676942,0.4594142985163327
Urban100,img_006,stage2_base,/home/ubuntu/scratch/sr-diffusion/benchmark_outputs/stage2_dual_best98000/Urban100/img_006/base.png,/home/ubuntu/scratch/sr-diffusion/benchmarks/selfexsr/SelfExSR-master/data/Urban100/image_SRF_4/img_006_SRF_4_HR.png,/home/ubuntu/scratch/sr-diffusion/benchmarks/selfexsr/SelfExSR-master/data/Urban100/image_SRF_4/img_006_SRF_4_LR.png,22.108501235616636,20.762663458926426,0.5991955271822649,0.5715541925906914
Urban100,img_006,latent_adapter_v1,/home/ubuntu/scratch/sr-diffusion/benchmark_outputs/stage2_latent_adapter_v1_best11000/Urban100/img_006/base.png,/home/ubuntu/scratch/sr-diffusion/benchmarks/selfexsr/SelfExSR-master/data/Urban100/image_SRF_4/img_006_SRF_4_HR.png,/home/ubuntu/scratch/sr-diffusion/benchmarks/selfexsr/SelfExSR-master/data/Urban100/image_SRF_4/img_006_SRF_4_LR.png,22.12118357761675,20.77550181188602,0.6014548090362509,0.5738213605996417
Urban100,img_006,guarded_v2,/home/ubuntu/scratch/sr-diffusion/benchmark_outputs/stage2_guarded_detail_v2_tta_off/Urban100/img_006/base.png,/home/ubuntu/scratch/sr-diffusion/benchmarks/selfexsr/SelfExSR-master/data/Urban100/image_SRF_4/img_006_SRF_4_HR.png,/home/ubuntu/scratch/sr-diffusion/benchmarks/selfexsr/SelfExSR-master/data/Urban100/image_SRF_4/img_006_SRF_4_LR.png,22.1326604233756,20.786538278037202,0.6036190209098109,0.5762115030308631
Urban100,img_006,guarded_v2_x8,/home/ubuntu/scratch/sr-diffusion/benchmark_outputs/stage2_guarded_detail_v2_tta_x8/Urban100/img_006/base.png,/home/ubuntu/scratch/sr-diffusion/benchmarks/selfexsr/SelfExSR-master/data/Urban100/image_SRF_4/img_006_SRF_4_HR.png,/home/ubuntu/scratch/sr-diffusion/benchmarks/selfexsr/SelfExSR-master/data/Urban100/image_SRF_4/img_006_SRF_4_LR.png,22.177387942362515,20.836337811894296,0.6072048081909425,0.580231829838021
Urban100,img_006,detail_v2_masked,/home/ubuntu/scratch/sr-diffusion/benchmark_outputs/detail_v2_masked/Urban100/img_006/detail.png,/home/ubuntu/scratch/sr-diffusion/benchmarks/selfexsr/SelfExSR-master/data/Urban100/image_SRF_4/img_006_SRF_4_HR.png,/home/ubuntu/scratch/sr-diffusion/benchmarks/selfexsr/SelfExSR-master/data/Urban100/image_SRF_4/img_006_SRF_4_LR.png,22.46752441158104,21.116315422599893,0.6218778914894791,0.5950547241642614
Urban100,img_006,realesrgan,/home/ubuntu/scratch/sr-diffusion/benchmark_outputs/realesrgan/Urban100/img_006/RealESRGAN_x4plus.png,/home/ubuntu/scratch/sr-diffusion/benchmarks/selfexsr/SelfExSR-master/data/Urban100/image_SRF_4/img_006_SRF_4_HR.png,/home/ubuntu/scratch/sr-diffusion/benchmarks/selfexsr/SelfExSR-master/data/Urban100/image_SRF_4/img_006_SRF_4_LR.png,20.515439530155977,19.071287831827366,0.5022478727368891,0.45996074930245917
Urban100,img_007,bicubic,generated:matlab_bicubic_resize,/home/ubuntu/scratch/sr-diffusion/benchmarks/selfexsr/SelfExSR-master/data/Urban100/image_SRF_4/img_007_SRF_4_HR.png,/home/ubuntu/scratch/sr-diffusion/benchmarks/selfexsr/SelfExSR-master/data/Urban100/image_SRF_4/img_007_SRF_4_LR.png,26.1711519966253,24.716818522012044,0.7707393411138527,0.7449178324099822
Urban100,img_007,stage2_base,/home/ubuntu/scratch/sr-diffusion/benchmark_outputs/stage2_dual_best98000/Urban100/img_007/base.png,/home/ubuntu/scratch/sr-diffusion/benchmarks/selfexsr/SelfExSR-master/data/Urban100/image_SRF_4/img_007_SRF_4_HR.png,/home/ubuntu/scratch/sr-diffusion/benchmarks/selfexsr/SelfExSR-master/data/Urban100/image_SRF_4/img_007_SRF_4_LR.png,29.252307489616356,27.686800158565696,0.8548154294993144,0.83347123998789
Urban100,img_007,latent_adapter_v1,/home/ubuntu/scratch/sr-diffusion/benchmark_outputs/stage2_latent_adapter_v1_best11000/Urban100/img_007/base.png,/home/ubuntu/scratch/sr-diffusion/benchmarks/selfexsr/SelfExSR-master/data/Urban100/image_SRF_4/img_007_SRF_4_HR.png,/home/ubuntu/scratch/sr-diffusion/benchmarks/selfexsr/SelfExSR-master/data/Urban100/image_SRF_4/img_007_SRF_4_LR.png,29.26608071527773,27.70249545468411,0.8559573167360182,0.8347452506805567
Urban100,img_007,guarded_v2,/home/ubuntu/scratch/sr-diffusion/benchmark_outputs/stage2_guarded_detail_v2_tta_off/Urban100/img_007/base.png,/home/ubuntu/scratch/sr-diffusion/benchmarks/selfexsr/SelfExSR-master/data/Urban100/image_SRF_4/img_007_SRF_4_HR.png,/home/ubuntu/scratch/sr-diffusion/benchmarks/selfexsr/SelfExSR-master/data/Urban100/image_SRF_4/img_007_SRF_4_LR.png,29.315092950379817,27.750958146871906,0.8578488730917805,0.8368711230402077
Urban100,img_007,guarded_v2_x8,/home/ubuntu/scratch/sr-diffusion/benchmark_outputs/stage2_guarded_detail_v2_tta_x8/Urban100/img_007/base.png,/home/ubuntu/scratch/sr-diffusion/benchmarks/selfexsr/SelfExSR-master/data/Urban100/image_SRF_4/img_007_SRF_4_HR.png,/home/ubuntu/scratch/sr-diffusion/benchmarks/selfexsr/SelfExSR-master/data/Urban100/image_SRF_4/img_007_SRF_4_LR.png,29.410393769195412,27.85452527694889,0.8604741555633567,0.8400437891297057
Urban100,img_007,detail_v2_masked,/home/ubuntu/scratch/sr-diffusion/benchmark_outputs/detail_v2_masked/Urban100/img_007/detail.png,/home/ubuntu/scratch/sr-diffusion/benchmarks/selfexsr/SelfExSR-master/data/Urban100/image_SRF_4/img_007_SRF_4_HR.png,/home/ubuntu/scratch/sr-diffusion/benchmarks/selfexsr/SelfExSR-master/data/Urban100/image_SRF_4/img_007_SRF_4_LR.png,29.537924350975274,27.975188656081443,0.862839610250354,0.8424331836114304
Urban100,img_007,realesrgan,/home/ubuntu/scratch/sr-diffusion/benchmark_outputs/realesrgan/Urban100/img_007/RealESRGAN_x4plus.png,/home/ubuntu/scratch/sr-diffusion/benchmarks/selfexsr/SelfExSR-master/data/Urban100/image_SRF_4/img_007_SRF_4_HR.png,/home/ubuntu/scratch/sr-diffusion/benchmarks/selfexsr/SelfExSR-master/data/Urban100/image_SRF_4/img_007_SRF_4_LR.png,25.287746620965756,23.480738138351764,0.7561430887412376,0.7130804387937623
Urban100,img_008,bicubic,generated:matlab_bicubic_resize,/home/ubuntu/scratch/sr-diffusion/benchmarks/selfexsr/SelfExSR-master/data/Urban100/image_SRF_4/img_008_SRF_4_HR.png,/home/ubuntu/scratch/sr-diffusion/benchmarks/selfexsr/SelfExSR-master/data/Urban100/image_SRF_4/img_008_SRF_4_LR.png,19.72837325759844,18.479764705190938,0.49172464689950457,0.47930188207983715
Urban100,img_008,stage2_base,/home/ubuntu/scratch/sr-diffusion/benchmark_outputs/stage2_dual_best98000/Urban100/img_008/base.png,/home/ubuntu/scratch/sr-diffusion/benchmarks/selfexsr/SelfExSR-master/data/Urban100/image_SRF_4/img_008_SRF_4_HR.png,/home/ubuntu/scratch/sr-diffusion/benchmarks/selfexsr/SelfExSR-master/data/Urban100/image_SRF_4/img_008_SRF_4_LR.png,21.022498439796085,19.789305780364334,0.6237614100848095,0.6137296681261958
Urban100,img_008,latent_adapter_v1,/home/ubuntu/scratch/sr-diffusion/benchmark_outputs/stage2_latent_adapter_v1_best11000/Urban100/img_008/base.png,/home/ubuntu/scratch/sr-diffusion/benchmarks/selfexsr/SelfExSR-master/data/Urban100/image_SRF_4/img_008_SRF_4_HR.png,/home/ubuntu/scratch/sr-diffusion/benchmarks/selfexsr/SelfExSR-master/data/Urban100/image_SRF_4/img_008_SRF_4_LR.png,21.01914539732352,19.783882616642074,0.6261367213756912,0.6160897797438124
Urban100,img_008,guarded_v2,/home/ubuntu/scratch/sr-diffusion/benchmark_outputs/stage2_guarded_detail_v2_tta_off/Urban100/img_008/base.png,/home/ubuntu/scratch/sr-diffusion/benchmarks/selfexsr/SelfExSR-master/data/Urban100/image_SRF_4/img_008_SRF_4_HR.png,/home/ubuntu/scratch/sr-diffusion/benchmarks/selfexsr/SelfExSR-master/data/Urban100/image_SRF_4/img_008_SRF_4_LR.png,21.05401379278367,19.81958073194412,0.6278520775372095,0.617923002367955
Urban100,img_008,guarded_v2_x8,/home/ubuntu/scratch/sr-diffusion/benchmark_outputs/stage2_guarded_detail_v2_tta_x8/Urban100/img_008/base.png,/home/ubuntu/scratch/sr-diffusion/benchmarks/selfexsr/SelfExSR-master/data/Urban100/image_SRF_4/img_008_SRF_4_HR.png,/home/ubuntu/scratch/sr-diffusion/benchmarks/selfexsr/SelfExSR-master/data/Urban100/image_SRF_4/img_008_SRF_4_LR.png,21.1103528605701,19.880921504513445,0.6310528856228271,0.6214340690518919
Urban100,img_008,detail_v2_masked,/home/ubuntu/scratch/sr-diffusion/benchmark_outputs/detail_v2_masked/Urban100/img_008/detail.png,/home/ubuntu/scratch/sr-diffusion/benchmarks/selfexsr/SelfExSR-master/data/Urban100/image_SRF_4/img_008_SRF_4_HR.png,/home/ubuntu/scratch/sr-diffusion/benchmarks/selfexsr/SelfExSR-master/data/Urban100/image_SRF_4/img_008_SRF_4_LR.png,21.330922842828947,20.096790664210452,0.6494840061643462,0.6395622267312145
Urban100,img_008,realesrgan,/home/ubuntu/scratch/sr-diffusion/benchmark_outputs/realesrgan/Urban100/img_008/RealESRGAN_x4plus.png,/home/ubuntu/scratch/sr-diffusion/benchmarks/selfexsr/SelfExSR-master/data/Urban100/image_SRF_4/img_008_SRF_4_HR.png,/home/ubuntu/scratch/sr-diffusion/benchmarks/selfexsr/SelfExSR-master/data/Urban100/image_SRF_4/img_008_SRF_4_LR.png,18.355293250902623,16.986963081963466,0.4989091614832149,0.4770599708323701
Urban100,img_009,bicubic,generated:matlab_bicubic_resize,/home/ubuntu/scratch/sr-diffusion/benchmarks/selfexsr/SelfExSR-master/data/Urban100/image_SRF_4/img_009_SRF_4_HR.png,/home/ubuntu/scratch/sr-diffusion/benchmarks/selfexsr/SelfExSR-master/data/Urban100/image_SRF_4/img_009_SRF_4_LR.png,30.886290260912315,29.316788091720575,0.8562595033270494,0.8347944565597789
Urban100,img_009,stage2_base,/home/ubuntu/scratch/sr-diffusion/benchmark_outputs/stage2_dual_best98000/Urban100/img_009/base.png,/home/ubuntu/scratch/sr-diffusion/benchmarks/selfexsr/SelfExSR-master/data/Urban100/image_SRF_4/img_009_SRF_4_HR.png,/home/ubuntu/scratch/sr-diffusion/benchmarks/selfexsr/SelfExSR-master/data/Urban100/image_SRF_4/img_009_SRF_4_LR.png,33.528970572640404,31.752398291462463,0.9221971659408349,0.9018271506801175
Urban100,img_009,latent_adapter_v1,/home/ubuntu/scratch/sr-diffusion/benchmark_outputs/stage2_latent_adapter_v1_best11000/Urban100/img_009/base.png,/home/ubuntu/scratch/sr-diffusion/benchmarks/selfexsr/SelfExSR-master/data/Urban100/image_SRF_4/img_009_SRF_4_HR.png,/home/ubuntu/scratch/sr-diffusion/benchmarks/selfexsr/SelfExSR-master/data/Urban100/image_SRF_4/img_009_SRF_4_LR.png,33.534332369292216,31.759383447170393,0.9229731502283188,0.9026939186888464
Urban100,img_009,guarded_v2,/home/ubuntu/scratch/sr-diffusion/benchmark_outputs/stage2_guarded_detail_v2_tta_off/Urban100/img_009/base.png,/home/ubuntu/scratch/sr-diffusion/benchmarks/selfexsr/SelfExSR-master/data/Urban100/image_SRF_4/img_009_SRF_4_HR.png,/home/ubuntu/scratch/sr-diffusion/benchmarks/selfexsr/SelfExSR-master/data/Urban100/image_SRF_4/img_009_SRF_4_LR.png,33.521369184250325,31.7534658481239,0.9242854703821128,0.9042583704645318
Urban100,img_009,guarded_v2_x8,/home/ubuntu/scratch/sr-diffusion/benchmark_outputs/stage2_guarded_detail_v2_tta_x8/Urban100/img_009/base.png,/home/ubuntu/scratch/sr-diffusion/benchmarks/selfexsr/SelfExSR-master/data/Urban100/image_SRF_4/img_009_SRF_4_HR.png,/home/ubuntu/scratch/sr-diffusion/benchmarks/selfexsr/SelfExSR-master/data/Urban100/image_SRF_4/img_009_SRF_4_LR.png,33.67289216923162,31.91856061861143,0.9259941990420933,0.9063941942036836
Urban100,img_009,detail_v2_masked,/home/ubuntu/scratch/sr-diffusion/benchmark_outputs/detail_v2_masked/Urban100/img_009/detail.png,/home/ubuntu/scratch/sr-diffusion/benchmarks/selfexsr/SelfExSR-master/data/Urban100/image_SRF_4/img_009_SRF_4_HR.png,/home/ubuntu/scratch/sr-diffusion/benchmarks/selfexsr/SelfExSR-master/data/Urban100/image_SRF_4/img_009_SRF_4_LR.png,34.13988077990137,32.29970764652116,0.9321706997467946,0.9120424992518115
Urban100,img_009,realesrgan,/home/ubuntu/scratch/sr-diffusion/benchmark_outputs/realesrgan/Urban100/img_009/RealESRGAN_x4plus.png,/home/ubuntu/scratch/sr-diffusion/benchmarks/selfexsr/SelfExSR-master/data/Urban100/image_SRF_4/img_009_SRF_4_HR.png,/home/ubuntu/scratch/sr-diffusion/benchmarks/selfexsr/SelfExSR-master/data/Urban100/image_SRF_4/img_009_SRF_4_LR.png,30.601137527518777,28.552641137195526,0.8770438222064076,0.8459617762194563
Urban100,img_010,bicubic,generated:matlab_bicubic_resize,/home/ubuntu/scratch/sr-diffusion/benchmarks/selfexsr/SelfExSR-master/data/Urban100/image_SRF_4/img_010_SRF_4_HR.png,/home/ubuntu/scratch/sr-diffusion/benchmarks/selfexsr/SelfExSR-master/data/Urban100/image_SRF_4/img_010_SRF_4_LR.png,23.595973487219002,22.2239239383996,0.7884330666099826,0.7646972902911452
Urban100,img_010,stage2_base,/home/ubuntu/scratch/sr-diffusion/benchmark_outputs/stage2_dual_best98000/Urban100/img_010/base.png,/home/ubuntu/scratch/sr-diffusion/benchmarks/selfexsr/SelfExSR-master/data/Urban100/image_SRF_4/img_010_SRF_4_HR.png,/home/ubuntu/scratch/sr-diffusion/benchmarks/selfexsr/SelfExSR-master/data/Urban100/image_SRF_4/img_010_SRF_4_LR.png,26.5545311842422,25.15982269559447,0.8722213250093532,0.8506508242500613
Urban100,img_010,latent_adapter_v1,/home/ubuntu/scratch/sr-diffusion/benchmark_outputs/stage2_latent_adapter_v1_best11000/Urban100/img_010/base.png,/home/ubuntu/scratch/sr-diffusion/benchmarks/selfexsr/SelfExSR-master/data/Urban100/image_SRF_4/img_010_SRF_4_HR.png,/home/ubuntu/scratch/sr-diffusion/benchmarks/selfexsr/SelfExSR-master/data/Urban100/image_SRF_4/img_010_SRF_4_LR.png,26.555949971794604,25.162458796842174,0.8725827861901257,0.8510377010757182
Urban100,img_010,guarded_v2,/home/ubuntu/scratch/sr-diffusion/benchmark_outputs/stage2_guarded_detail_v2_tta_off/Urban100/img_010/base.png,/home/ubuntu/scratch/sr-diffusion/benchmarks/selfexsr/SelfExSR-master/data/Urban100/image_SRF_4/img_010_SRF_4_HR.png,/home/ubuntu/scratch/sr-diffusion/benchmarks/selfexsr/SelfExSR-master/data/Urban100/image_SRF_4/img_010_SRF_4_LR.png,26.572605438048683,25.180034278233805,0.8736369289287049,0.8521435033822143
Urban100,img_010,guarded_v2_x8,/home/ubuntu/scratch/sr-diffusion/benchmark_outputs/stage2_guarded_detail_v2_tta_x8/Urban100/img_010/base.png,/home/ubuntu/scratch/sr-diffusion/benchmarks/selfexsr/SelfExSR-master/data/Urban100/image_SRF_4/img_010_SRF_4_HR.png,/home/ubuntu/scratch/sr-diffusion/benchmarks/selfexsr/SelfExSR-master/data/Urban100/image_SRF_4/img_010_SRF_4_LR.png,26.72056294879036,25.33526135863464,0.8772070743638647,0.8562624913056025
Urban100,img_010,detail_v2_masked,/home/ubuntu/scratch/sr-diffusion/benchmark_outputs/detail_v2_masked/Urban100/img_010/detail.png,/home/ubuntu/scratch/sr-diffusion/benchmarks/selfexsr/SelfExSR-master/data/Urban100/image_SRF_4/img_010_SRF_4_HR.png,/home/ubuntu/scratch/sr-diffusion/benchmarks/selfexsr/SelfExSR-master/data/Urban100/image_SRF_4/img_010_SRF_4_LR.png,27.29107000401922,25.88157271714647,0.8876855475135028,0.8665359283882218
Urban100,img_010,realesrgan,/home/ubuntu/scratch/sr-diffusion/benchmark_outputs/realesrgan/Urban100/img_010/RealESRGAN_x4plus.png,/home/ubuntu/scratch/sr-diffusion/benchmarks/selfexsr/SelfExSR-master/data/Urban100/image_SRF_4/img_010_SRF_4_HR.png,/home/ubuntu/scratch/sr-diffusion/benchmarks/selfexsr/SelfExSR-master/data/Urban100/image_SRF_4/img_010_SRF_4_LR.png,24.859976793986846,23.40869357751837,0.8267917344786418,0.7983078357720502
Urban100,img_011,bicubic,generated:matlab_bicubic_resize,/home/ubuntu/scratch/sr-diffusion/benchmarks/selfexsr/SelfExSR-master/data/Urban100/image_SRF_4/img_011_SRF_4_HR.png,/home/ubuntu/scratch/sr-diffusion/benchmarks/selfexsr/SelfExSR-master/data/Urban100/image_SRF_4/img_011_SRF_4_LR.png,16.031358558877024,14.709437247000285,0.6068667465305941,0.565020670379502
Urban100,img_011,stage2_base,/home/ubuntu/scratch/sr-diffusion/benchmark_outputs/stage2_dual_best98000/Urban100/img_011/base.png,/home/ubuntu/scratch/sr-diffusion/benchmarks/selfexsr/SelfExSR-master/data/Urban100/image_SRF_4/img_011_SRF_4_HR.png,/home/ubuntu/scratch/sr-diffusion/benchmarks/selfexsr/SelfExSR-master/data/Urban100/image_SRF_4/img_011_SRF_4_LR.png,17.774285729700786,16.4510114585366,0.7862265972951814,0.7353646581092058
Urban100,img_011,latent_adapter_v1,/home/ubuntu/scratch/sr-diffusion/benchmark_outputs/stage2_latent_adapter_v1_best11000/Urban100/img_011/base.png,/home/ubuntu/scratch/sr-diffusion/benchmarks/selfexsr/SelfExSR-master/data/Urban100/image_SRF_4/img_011_SRF_4_HR.png,/home/ubuntu/scratch/sr-diffusion/benchmarks/selfexsr/SelfExSR-master/data/Urban100/image_SRF_4/img_011_SRF_4_LR.png,17.7724726506206,16.44901399592708,0.7863356604844844,0.7342203661183732
Urban100,img_011,guarded_v2,/home/ubuntu/scratch/sr-diffusion/benchmark_outputs/stage2_guarded_detail_v2_tta_off/Urban100/img_011/base.png,/home/ubuntu/scratch/sr-diffusion/benchmarks/selfexsr/SelfExSR-master/data/Urban100/image_SRF_4/img_011_SRF_4_HR.png,/home/ubuntu/scratch/sr-diffusion/benchmarks/selfexsr/SelfExSR-master/data/Urban100/image_SRF_4/img_011_SRF_4_LR.png,17.713384751778946,16.38961343455587,0.783381647605507,0.7342846887224675
Urban100,img_011,guarded_v2_x8,/home/ubuntu/scratch/sr-diffusion/benchmark_outputs/stage2_guarded_detail_v2_tta_x8/Urban100/img_011/base.png,/home/ubuntu/scratch/sr-diffusion/benchmarks/selfexsr/SelfExSR-master/data/Urban100/image_SRF_4/img_011_SRF_4_HR.png,/home/ubuntu/scratch/sr-diffusion/benchmarks/selfexsr/SelfExSR-master/data/Urban100/image_SRF_4/img_011_SRF_4_LR.png,17.835601401645754,16.51320235193029,0.7889713603457594,0.740406524803852
Urban100,img_011,detail_v2_masked,/home/ubuntu/scratch/sr-diffusion/benchmark_outputs/detail_v2_masked/Urban100/img_011/detail.png,/home/ubuntu/scratch/sr-diffusion/benchmarks/selfexsr/SelfExSR-master/data/Urban100/image_SRF_4/img_011_SRF_4_HR.png,/home/ubuntu/scratch/sr-diffusion/benchmarks/selfexsr/SelfExSR-master/data/Urban100/image_SRF_4/img_011_SRF_4_LR.png,17.94790503187396,16.625031078463874,0.7980025810921209,0.7506111121894262
Urban100,img_011,realesrgan,/home/ubuntu/scratch/sr-diffusion/benchmark_outputs/realesrgan/Urban100/img_011/RealESRGAN_x4plus.png,/home/ubuntu/scratch/sr-diffusion/benchmarks/selfexsr/SelfExSR-master/data/Urban100/image_SRF_4/img_011_SRF_4_HR.png,/home/ubuntu/scratch/sr-diffusion/benchmarks/selfexsr/SelfExSR-master/data/Urban100/image_SRF_4/img_011_SRF_4_LR.png,16.47907738233487,15.164056059576925,0.725027819464222,0.6866773655350067
Urban100,img_012,bicubic,generated:matlab_bicubic_resize,/home/ubuntu/scratch/sr-diffusion/benchmarks/selfexsr/SelfExSR-master/data/Urban100/image_SRF_4/img_012_SRF_4_HR.png,/home/ubuntu/scratch/sr-diffusion/benchmarks/selfexsr/SelfExSR-master/data/Urban100/image_SRF_4/img_012_SRF_4_LR.png,22.536116494431294,20.666621513321285,0.6136292692255034,0.5890983187520201
Urban100,img_012,stage2_base,/home/ubuntu/scratch/sr-diffusion/benchmark_outputs/stage2_dual_best98000/Urban100/img_012/base.png,/home/ubuntu/scratch/sr-diffusion/benchmarks/selfexsr/SelfExSR-master/data/Urban100/image_SRF_4/img_012_SRF_4_HR.png,/home/ubuntu/scratch/sr-diffusion/benchmarks/selfexsr/SelfExSR-master/data/Urban100/image_SRF_4/img_012_SRF_4_LR.png,23.577732875191245,21.693198135953608,0.710636926143572,0.6842867895916326
Urban100,img_012,latent_adapter_v1,/home/ubuntu/scratch/sr-diffusion/benchmark_outputs/stage2_latent_adapter_v1_best11000/Urban100/img_012/base.png,/home/ubuntu/scratch/sr-diffusion/benchmarks/selfexsr/SelfExSR-master/data/Urban100/image_SRF_4/img_012_SRF_4_HR.png,/home/ubuntu/scratch/sr-diffusion/benchmarks/selfexsr/SelfExSR-master/data/Urban100/image_SRF_4/img_012_SRF_4_LR.png,23.571221372210225,21.688711808166726,0.7122427840956219,0.6857873718150443
Urban100,img_012,guarded_v2,/home/ubuntu/scratch/sr-diffusion/benchmark_outputs/stage2_guarded_detail_v2_tta_off/Urban100/img_012/base.png,/home/ubuntu/scratch/sr-diffusion/benchmarks/selfexsr/SelfExSR-master/data/Urban100/image_SRF_4/img_012_SRF_4_HR.png,/home/ubuntu/scratch/sr-diffusion/benchmarks/selfexsr/SelfExSR-master/data/Urban100/image_SRF_4/img_012_SRF_4_LR.png,23.59375987152991,21.706976645020184,0.7141490008336268,0.6875190541009263
Urban100,img_012,guarded_v2_x8,/home/ubuntu/scratch/sr-diffusion/benchmark_outputs/stage2_guarded_detail_v2_tta_x8/Urban100/img_012/base.png,/home/ubuntu/scratch/sr-diffusion/benchmarks/selfexsr/SelfExSR-master/data/Urban100/image_SRF_4/img_012_SRF_4_HR.png,/home/ubuntu/scratch/sr-diffusion/benchmarks/selfexsr/SelfExSR-master/data/Urban100/image_SRF_4/img_012_SRF_4_LR.png,23.633200493731835,21.752607769802715,0.7159739134682992,0.6901198515448561
Urban100,img_012,detail_v2_masked,/home/ubuntu/scratch/sr-diffusion/benchmark_outputs/detail_v2_masked/Urban100/img_012/detail.png,/home/ubuntu/scratch/sr-diffusion/benchmarks/selfexsr/SelfExSR-master/data/Urban100/image_SRF_4/img_012_SRF_4_HR.png,/home/ubuntu/scratch/sr-diffusion/benchmarks/selfexsr/SelfExSR-master/data/Urban100/image_SRF_4/img_012_SRF_4_LR.png,23.739499852214834,21.87783076087441,0.7280940248403742,0.7035014510057914
Urban100,img_012,realesrgan,/home/ubuntu/scratch/sr-diffusion/benchmark_outputs/realesrgan/Urban100/img_012/RealESRGAN_x4plus.png,/home/ubuntu/scratch/sr-diffusion/benchmarks/selfexsr/SelfExSR-master/data/Urban100/image_SRF_4/img_012_SRF_4_HR.png,/home/ubuntu/scratch/sr-diffusion/benchmarks/selfexsr/SelfExSR-master/data/Urban100/image_SRF_4/img_012_SRF_4_LR.png,21.54761491118293,19.182227223764738,0.6198607034907674,0.561505348864068
Urban100,img_013,bicubic,generated:matlab_bicubic_resize,/home/ubuntu/scratch/sr-diffusion/benchmarks/selfexsr/SelfExSR-master/data/Urban100/image_SRF_4/img_013_SRF_4_HR.png,/home/ubuntu/scratch/sr-diffusion/benchmarks/selfexsr/SelfExSR-master/data/Urban100/image_SRF_4/img_013_SRF_4_LR.png,26.44583405951056,25.244462678198474,0.7254128631762082,0.6781621029284265
Urban100,img_013,stage2_base,/home/ubuntu/scratch/sr-diffusion/benchmark_outputs/stage2_dual_best98000/Urban100/img_013/base.png,/home/ubuntu/scratch/sr-diffusion/benchmarks/selfexsr/SelfExSR-master/data/Urban100/image_SRF_4/img_013_SRF_4_HR.png,/home/ubuntu/scratch/sr-diffusion/benchmarks/selfexsr/SelfExSR-master/data/Urban100/image_SRF_4/img_013_SRF_4_LR.png,29.051176581499135,27.700154062846707,0.825286730420047,0.7799695069681594
Urban100,img_013,latent_adapter_v1,/home/ubuntu/scratch/sr-diffusion/benchmark_outputs/stage2_latent_adapter_v1_best11000/Urban100/img_013/base.png,/home/ubuntu/scratch/sr-diffusion/benchmarks/selfexsr/SelfExSR-master/data/Urban100/image_SRF_4/img_013_SRF_4_HR.png,/home/ubuntu/scratch/sr-diffusion/benchmarks/selfexsr/SelfExSR-master/data/Urban100/image_SRF_4/img_013_SRF_4_LR.png,29.03082411655507,27.6800139491407,0.8260886705400595,0.7808124291634831
Urban100,img_013,guarded_v2,/home/ubuntu/scratch/sr-diffusion/benchmark_outputs/stage2_guarded_detail_v2_tta_off/Urban100/img_013/base.png,/home/ubuntu/scratch/sr-diffusion/benchmarks/selfexsr/SelfExSR-master/data/Urban100/image_SRF_4/img_013_SRF_4_HR.png,/home/ubuntu/scratch/sr-diffusion/benchmarks/selfexsr/SelfExSR-master/data/Urban100/image_SRF_4/img_013_SRF_4_LR.png,29.08415613643396,27.72068218912386,0.8279032610486606,0.7825685054805861
Urban100,img_013,guarded_v2_x8,/home/ubuntu/scratch/sr-diffusion/benchmark_outputs/stage2_guarded_detail_v2_tta_x8/Urban100/img_013/base.png,/home/ubuntu/scratch/sr-diffusion/benchmarks/selfexsr/SelfExSR-master/data/Urban100/image_SRF_4/img_013_SRF_4_HR.png,/home/ubuntu/scratch/sr-diffusion/benchmarks/selfexsr/SelfExSR-master/data/Urban100/image_SRF_4/img_013_SRF_4_LR.png,29.14732726618434,27.805330827119583,0.8309217310190595,0.7869259672963104
Urban100,img_013,detail_v2_masked,/home/ubuntu/scratch/sr-diffusion/benchmark_outputs/detail_v2_masked/Urban100/img_013/detail.png,/home/ubuntu/scratch/sr-diffusion/benchmarks/selfexsr/SelfExSR-master/data/Urban100/image_SRF_4/img_013_SRF_4_HR.png,/home/ubuntu/scratch/sr-diffusion/benchmarks/selfexsr/SelfExSR-master/data/Urban100/image_SRF_4/img_013_SRF_4_LR.png,29.5435523084244,28.136711350512215,0.8418185390139126,0.7976858761336256
Urban100,img_013,realesrgan,/home/ubuntu/scratch/sr-diffusion/benchmark_outputs/realesrgan/Urban100/img_013/RealESRGAN_x4plus.png,/home/ubuntu/scratch/sr-diffusion/benchmarks/selfexsr/SelfExSR-master/data/Urban100/image_SRF_4/img_013_SRF_4_HR.png,/home/ubuntu/scratch/sr-diffusion/benchmarks/selfexsr/SelfExSR-master/data/Urban100/image_SRF_4/img_013_SRF_4_LR.png,26.567393471910613,24.13336343402978,0.7523548486590952,0.6582959678476199
Urban100,img_014,bicubic,generated:matlab_bicubic_resize,/home/ubuntu/scratch/sr-diffusion/benchmarks/selfexsr/SelfExSR-master/data/Urban100/image_SRF_4/img_014_SRF_4_HR.png,/home/ubuntu/scratch/sr-diffusion/benchmarks/selfexsr/SelfExSR-master/data/Urban100/image_SRF_4/img_014_SRF_4_LR.png,21.339486599437528,20.048655752752946,0.5807748130564734,0.5588578874082599
Urban100,img_014,stage2_base,/home/ubuntu/scratch/sr-diffusion/benchmark_outputs/stage2_dual_best98000/Urban100/img_014/base.png,/home/ubuntu/scratch/sr-diffusion/benchmarks/selfexsr/SelfExSR-master/data/Urban100/image_SRF_4/img_014_SRF_4_HR.png,/home/ubuntu/scratch/sr-diffusion/benchmarks/selfexsr/SelfExSR-master/data/Urban100/image_SRF_4/img_014_SRF_4_LR.png,22.238900542090615,20.944583761870494,0.6732321267014076,0.6543960241562344
Urban100,img_014,latent_adapter_v1,/home/ubuntu/scratch/sr-diffusion/benchmark_outputs/stage2_latent_adapter_v1_best11000/Urban100/img_014/base.png,/home/ubuntu/scratch/sr-diffusion/benchmarks/selfexsr/SelfExSR-master/data/Urban100/image_SRF_4/img_014_SRF_4_HR.png,/home/ubuntu/scratch/sr-diffusion/benchmarks/selfexsr/SelfExSR-master/data/Urban100/image_SRF_4/img_014_SRF_4_LR.png,22.242514356885902,20.94825299732338,0.6751993232896,0.65641989336401
Urban100,img_014,guarded_v2,/home/ubuntu/scratch/sr-diffusion/benchmark_outputs/stage2_guarded_detail_v2_tta_off/Urban100/img_014/base.png,/home/ubuntu/scratch/sr-diffusion/benchmarks/selfexsr/SelfExSR-master/data/Urban100/image_SRF_4/img_014_SRF_4_HR.png,/home/ubuntu/scratch/sr-diffusion/benchmarks/selfexsr/SelfExSR-master/data/Urban100/image_SRF_4/img_014_SRF_4_LR.png,22.25745219033968,20.963404901169667,0.6775751937791543,0.658893330670817
Urban100,img_014,guarded_v2_x8,/home/ubuntu/scratch/sr-diffusion/benchmark_outputs/stage2_guarded_detail_v2_tta_x8/Urban100/img_014/base.png,/home/ubuntu/scratch/sr-diffusion/benchmarks/selfexsr/SelfExSR-master/data/Urban100/image_SRF_4/img_014_SRF_4_HR.png,/home/ubuntu/scratch/sr-diffusion/benchmarks/selfexsr/SelfExSR-master/data/Urban100/image_SRF_4/img_014_SRF_4_LR.png,22.27840441082695,20.988072232752664,0.680734357466254,0.6625209018089109
Urban100,img_014,detail_v2_masked,/home/ubuntu/scratch/sr-diffusion/benchmark_outputs/detail_v2_masked/Urban100/img_014/detail.png,/home/ubuntu/scratch/sr-diffusion/benchmarks/selfexsr/SelfExSR-master/data/Urban100/image_SRF_4/img_014_SRF_4_HR.png,/home/ubuntu/scratch/sr-diffusion/benchmarks/selfexsr/SelfExSR-master/data/Urban100/image_SRF_4/img_014_SRF_4_LR.png,22.4582447802066,21.163057260011755,0.6934958147787923,0.6753395678288775
Urban100,img_014,realesrgan,/home/ubuntu/scratch/sr-diffusion/benchmark_outputs/realesrgan/Urban100/img_014/RealESRGAN_x4plus.png,/home/ubuntu/scratch/sr-diffusion/benchmarks/selfexsr/SelfExSR-master/data/Urban100/image_SRF_4/img_014_SRF_4_HR.png,/home/ubuntu/scratch/sr-diffusion/benchmarks/selfexsr/SelfExSR-master/data/Urban100/image_SRF_4/img_014_SRF_4_LR.png,20.110907851163095,18.79043051707627,0.6131213141621185,0.5900182171813803
Urban100,img_015,bicubic,generated:matlab_bicubic_resize,/home/ubuntu/scratch/sr-diffusion/benchmarks/selfexsr/SelfExSR-master/data/Urban100/image_SRF_4/img_015_SRF_4_HR.png,/home/ubuntu/scratch/sr-diffusion/benchmarks/selfexsr/SelfExSR-master/data/Urban100/image_SRF_4/img_015_SRF_4_LR.png,23.002766171959212,21.7063326522903,0.60500655424017,0.558017262981414
Urban100,img_015,stage2_base,/home/ubuntu/scratch/sr-diffusion/benchmark_outputs/stage2_dual_best98000/Urban100/img_015/base.png,/home/ubuntu/scratch/sr-diffusion/benchmarks/selfexsr/SelfExSR-master/data/Urban100/image_SRF_4/img_015_SRF_4_HR.png,/home/ubuntu/scratch/sr-diffusion/benchmarks/selfexsr/SelfExSR-master/data/Urban100/image_SRF_4/img_015_SRF_4_LR.png,25.665972539746402,24.24176735215047,0.7228797052303172,0.6773728075089455
Urban100,img_015,latent_adapter_v1,/home/ubuntu/scratch/sr-diffusion/benchmark_outputs/stage2_latent_adapter_v1_best11000/Urban100/img_015/base.png,/home/ubuntu/scratch/sr-diffusion/benchmarks/selfexsr/SelfExSR-master/data/Urban100/image_SRF_4/img_015_SRF_4_HR.png,/home/ubuntu/scratch/sr-diffusion/benchmarks/selfexsr/SelfExSR-master/data/Urban100/image_SRF_4/img_015_SRF_4_LR.png,25.654451191305867,24.227922288941937,0.7237611025374096,0.6780089669642292
Urban100,img_015,guarded_v2,/home/ubuntu/scratch/sr-diffusion/benchmark_outputs/stage2_guarded_detail_v2_tta_off/Urban100/img_015/base.png,/home/ubuntu/scratch/sr-diffusion/benchmarks/selfexsr/SelfExSR-master/data/Urban100/image_SRF_4/img_015_SRF_4_HR.png,/home/ubuntu/scratch/sr-diffusion/benchmarks/selfexsr/SelfExSR-master/data/Urban100/image_SRF_4/img_015_SRF_4_LR.png,25.704652936857705,24.27713881903855,0.7246088341932686,0.678843510965437
Urban100,img_015,guarded_v2_x8,/home/ubuntu/scratch/sr-diffusion/benchmark_outputs/stage2_guarded_detail_v2_tta_x8/Urban100/img_015/base.png,/home/ubuntu/scratch/sr-diffusion/benchmarks/selfexsr/SelfExSR-master/data/Urban100/image_SRF_4/img_015_SRF_4_HR.png,/home/ubuntu/scratch/sr-diffusion/benchmarks/selfexsr/SelfExSR-master/data/Urban100/image_SRF_4/img_015_SRF_4_LR.png,25.764908690713895,24.349514432253248,0.7262186501735172,0.6810157592573192
Urban100,img_015,detail_v2_masked,/home/ubuntu/scratch/sr-diffusion/benchmark_outputs/detail_v2_masked/Urban100/img_015/detail.png,/home/ubuntu/scratch/sr-diffusion/benchmarks/selfexsr/SelfExSR-master/data/Urban100/image_SRF_4/img_015_SRF_4_HR.png,/home/ubuntu/scratch/sr-diffusion/benchmarks/selfexsr/SelfExSR-master/data/Urban100/image_SRF_4/img_015_SRF_4_LR.png,26.244093897368934,24.774136842842477,0.7412919449864017,0.6963947696596255
Urban100,img_015,realesrgan,/home/ubuntu/scratch/sr-diffusion/benchmark_outputs/realesrgan/Urban100/img_015/RealESRGAN_x4plus.png,/home/ubuntu/scratch/sr-diffusion/benchmarks/selfexsr/SelfExSR-master/data/Urban100/image_SRF_4/img_015_SRF_4_HR.png,/home/ubuntu/scratch/sr-diffusion/benchmarks/selfexsr/SelfExSR-master/data/Urban100/image_SRF_4/img_015_SRF_4_LR.png,23.37466125755811,21.53035206042034,0.6530988997774136,0.5756787014687375
Urban100,img_016,bicubic,generated:matlab_bicubic_resize,/home/ubuntu/scratch/sr-diffusion/benchmarks/selfexsr/SelfExSR-master/data/Urban100/image_SRF_4/img_016_SRF_4_HR.png,/home/ubuntu/scratch/sr-diffusion/benchmarks/selfexsr/SelfExSR-master/data/Urban100/image_SRF_4/img_016_SRF_4_LR.png,25.472137160590236,24.113360268811668,0.8257433416558179,0.8071895969020878
Urban100,img_016,stage2_base,/home/ubuntu/scratch/sr-diffusion/benchmark_outputs/stage2_dual_best98000/Urban100/img_016/base.png,/home/ubuntu/scratch/sr-diffusion/benchmarks/selfexsr/SelfExSR-master/data/Urban100/image_SRF_4/img_016_SRF_4_HR.png,/home/ubuntu/scratch/sr-diffusion/benchmarks/selfexsr/SelfExSR-master/data/Urban100/image_SRF_4/img_016_SRF_4_LR.png,29.141973837125043,27.72514058874796,0.9028403110249641,0.8886205853212127
Urban100,img_016,latent_adapter_v1,/home/ubuntu/scratch/sr-diffusion/benchmark_outputs/stage2_latent_adapter_v1_best11000/Urban100/img_016/base.png,/home/ubuntu/scratch/sr-diffusion/benchmarks/selfexsr/SelfExSR-master/data/Urban100/image_SRF_4/img_016_SRF_4_HR.png,/home/ubuntu/scratch/sr-diffusion/benchmarks/selfexsr/SelfExSR-master/data/Urban100/image_SRF_4/img_016_SRF_4_LR.png,29.124373701356806,27.707892146279214,0.902867953694036,0.8885838375428813
Urban100,img_016,guarded_v2,/home/ubuntu/scratch/sr-diffusion/benchmark_outputs/stage2_guarded_detail_v2_tta_off/Urban100/img_016/base.png,/home/ubuntu/scratch/sr-diffusion/benchmarks/selfexsr/SelfExSR-master/data/Urban100/image_SRF_4/img_016_SRF_4_HR.png,/home/ubuntu/scratch/sr-diffusion/benchmarks/selfexsr/SelfExSR-master/data/Urban100/image_SRF_4/img_016_SRF_4_LR.png,29.35011806675467,27.92668564080694,0.9046426552808935,0.8904931262522653
Urban100,img_016,guarded_v2_x8,/home/ubuntu/scratch/sr-diffusion/benchmark_outputs/stage2_guarded_detail_v2_tta_x8/Urban100/img_016/base.png,/home/ubuntu/scratch/sr-diffusion/benchmarks/selfexsr/SelfExSR-master/data/Urban100/image_SRF_4/img_016_SRF_4_HR.png,/home/ubuntu/scratch/sr-diffusion/benchmarks/selfexsr/SelfExSR-master/data/Urban100/image_SRF_4/img_016_SRF_4_LR.png,29.432055576227558,28.026345795011473,0.9052434676188469,0.8913527704979497
Urban100,img_016,detail_v2_masked,/home/ubuntu/scratch/sr-diffusion/benchmark_outputs/detail_v2_masked/Urban100/img_016/detail.png,/home/ubuntu/scratch/sr-diffusion/benchmarks/selfexsr/SelfExSR-master/data/Urban100/image_SRF_4/img_016_SRF_4_HR.png,/home/ubuntu/scratch/sr-diffusion/benchmarks/selfexsr/SelfExSR-master/data/Urban100/image_SRF_4/img_016_SRF_4_LR.png,29.84583900817543,28.41930901630957,0.9114668026154112,0.89784114843664
Urban100,img_016,realesrgan,/home/ubuntu/scratch/sr-diffusion/benchmark_outputs/realesrgan/Urban100/img_016/RealESRGAN_x4plus.png,/home/ubuntu/scratch/sr-diffusion/benchmarks/selfexsr/SelfExSR-master/data/Urban100/image_SRF_4/img_016_SRF_4_HR.png,/home/ubuntu/scratch/sr-diffusion/benchmarks/selfexsr/SelfExSR-master/data/Urban100/image_SRF_4/img_016_SRF_4_LR.png,25.87403503755987,24.479960876849987,0.8534695204366616,0.8133893988685625
Urban100,img_017,bicubic,generated:matlab_bicubic_resize,/home/ubuntu/scratch/sr-diffusion/benchmarks/selfexsr/SelfExSR-master/data/Urban100/image_SRF_4/img_017_SRF_4_HR.png,/home/ubuntu/scratch/sr-diffusion/benchmarks/selfexsr/SelfExSR-master/data/Urban100/image_SRF_4/img_017_SRF_4_LR.png,23.449101860001576,22.02103895989201,0.7141190695411981,0.6971294491763044
Urban100,img_017,stage2_base,/home/ubuntu/scratch/sr-diffusion/benchmark_outputs/stage2_dual_best98000/Urban100/img_017/base.png,/home/ubuntu/scratch/sr-diffusion/benchmarks/selfexsr/SelfExSR-master/data/Urban100/image_SRF_4/img_017_SRF_4_HR.png,/home/ubuntu/scratch/sr-diffusion/benchmarks/selfexsr/SelfExSR-master/data/Urban100/image_SRF_4/img_017_SRF_4_LR.png,25.229192884519538,23.744231220491834,0.8129908838864508,0.7971617875375144
Urban100,img_017,latent_adapter_v1,/home/ubuntu/scratch/sr-diffusion/benchmark_outputs/stage2_latent_adapter_v1_best11000/Urban100/img_017/base.png,/home/ubuntu/scratch/sr-diffusion/benchmarks/selfexsr/SelfExSR-master/data/Urban100/image_SRF_4/img_017_SRF_4_HR.png,/home/ubuntu/scratch/sr-diffusion/benchmarks/selfexsr/SelfExSR-master/data/Urban100/image_SRF_4/img_017_SRF_4_LR.png,25.200451444244262,23.718252143265246,0.8138611396090029,0.7980305377338167
Urban100,img_017,guarded_v2,/home/ubuntu/scratch/sr-diffusion/benchmark_outputs/stage2_guarded_detail_v2_tta_off/Urban100/img_017/base.png,/home/ubuntu/scratch/sr-diffusion/benchmarks/selfexsr/SelfExSR-master/data/Urban100/image_SRF_4/img_017_SRF_4_HR.png,/home/ubuntu/scratch/sr-diffusion/benchmarks/selfexsr/SelfExSR-master/data/Urban100/image_SRF_4/img_017_SRF_4_LR.png,25.209615502036947,23.72279677708962,0.8158479892034954,0.7999445842606452
Urban100,img_017,guarded_v2_x8,/home/ubuntu/scratch/sr-diffusion/benchmark_outputs/stage2_guarded_detail_v2_tta_x8/Urban100/img_017/base.png,/home/ubuntu/scratch/sr-diffusion/benchmarks/selfexsr/SelfExSR-master/data/Urban100/image_SRF_4/img_017_SRF_4_HR.png,/home/ubuntu/scratch/sr-diffusion/benchmarks/selfexsr/SelfExSR-master/data/Urban100/image_SRF_4/img_017_SRF_4_LR.png,25.292055953472506,23.81467371830599,0.8185565319845735,0.8033517749135791
Urban100,img_017,detail_v2_masked,/home/ubuntu/scratch/sr-diffusion/benchmark_outputs/detail_v2_masked/Urban100/img_017/detail.png,/home/ubuntu/scratch/sr-diffusion/benchmarks/selfexsr/SelfExSR-master/data/Urban100/image_SRF_4/img_017_SRF_4_HR.png,/home/ubuntu/scratch/sr-diffusion/benchmarks/selfexsr/SelfExSR-master/data/Urban100/image_SRF_4/img_017_SRF_4_LR.png,25.60390760870435,24.118623690799144,0.8307948630895234,0.8156910124525907
Urban100,img_017,realesrgan,/home/ubuntu/scratch/sr-diffusion/benchmark_outputs/realesrgan/Urban100/img_017/RealESRGAN_x4plus.png,/home/ubuntu/scratch/sr-diffusion/benchmarks/selfexsr/SelfExSR-master/data/Urban100/image_SRF_4/img_017_SRF_4_HR.png,/home/ubuntu/scratch/sr-diffusion/benchmarks/selfexsr/SelfExSR-master/data/Urban100/image_SRF_4/img_017_SRF_4_LR.png,21.310598275814797,19.74026600691272,0.6995384204920937,0.6688072288339968
Urban100,img_018,bicubic,generated:matlab_bicubic_resize,/home/ubuntu/scratch/sr-diffusion/benchmarks/selfexsr/SelfExSR-master/data/Urban100/image_SRF_4/img_018_SRF_4_HR.png,/home/ubuntu/scratch/sr-diffusion/benchmarks/selfexsr/SelfExSR-master/data/Urban100/image_SRF_4/img_018_SRF_4_LR.png,24.851534571243633,23.097980869944436,0.6183057502946545,0.5794852449779938
Urban100,img_018,stage2_base,/home/ubuntu/scratch/sr-diffusion/benchmark_outputs/stage2_dual_best98000/Urban100/img_018/base.png,/home/ubuntu/scratch/sr-diffusion/benchmarks/selfexsr/SelfExSR-master/data/Urban100/image_SRF_4/img_018_SRF_4_HR.png,/home/ubuntu/scratch/sr-diffusion/benchmarks/selfexsr/SelfExSR-master/data/Urban100/image_SRF_4/img_018_SRF_4_LR.png,26.229043984762228,24.42543746996701,0.7016283119818836,0.6614261381451717
Urban100,img_018,latent_adapter_v1,/home/ubuntu/scratch/sr-diffusion/benchmark_outputs/stage2_latent_adapter_v1_best11000/Urban100/img_018/base.png,/home/ubuntu/scratch/sr-diffusion/benchmarks/selfexsr/SelfExSR-master/data/Urban100/image_SRF_4/img_018_SRF_4_HR.png,/home/ubuntu/scratch/sr-diffusion/benchmarks/selfexsr/SelfExSR-master/data/Urban100/image_SRF_4/img_018_SRF_4_LR.png,26.21178607429307,24.41643805501956,0.7030198589784649,0.6625748826921196
Urban100,img_018,guarded_v2,/home/ubuntu/scratch/sr-diffusion/benchmark_outputs/stage2_guarded_detail_v2_tta_off/Urban100/img_018/base.png,/home/ubuntu/scratch/sr-diffusion/benchmarks/selfexsr/SelfExSR-master/data/Urban100/image_SRF_4/img_018_SRF_4_HR.png,/home/ubuntu/scratch/sr-diffusion/benchmarks/selfexsr/SelfExSR-master/data/Urban100/image_SRF_4/img_018_SRF_4_LR.png,26.207726179192644,24.4180045743812,0.7049776721619321,0.6648133736645283
Urban100,img_018,guarded_v2_x8,/home/ubuntu/scratch/sr-diffusion/benchmark_outputs/stage2_guarded_detail_v2_tta_x8/Urban100/img_018/base.png,/home/ubuntu/scratch/sr-diffusion/benchmarks/selfexsr/SelfExSR-master/data/Urban100/image_SRF_4/img_018_SRF_4_HR.png,/home/ubuntu/scratch/sr-diffusion/benchmarks/selfexsr/SelfExSR-master/data/Urban100/image_SRF_4/img_018_SRF_4_LR.png,26.262732348597527,24.479910880252266,0.708011513040201,0.668179627331094
Urban100,img_018,detail_v2_masked,/home/ubuntu/scratch/sr-diffusion/benchmark_outputs/detail_v2_masked/Urban100/img_018/detail.png,/home/ubuntu/scratch/sr-diffusion/benchmarks/selfexsr/SelfExSR-master/data/Urban100/image_SRF_4/img_018_SRF_4_HR.png,/home/ubuntu/scratch/sr-diffusion/benchmarks/selfexsr/SelfExSR-master/data/Urban100/image_SRF_4/img_018_SRF_4_LR.png,26.309090980882786,24.52527057200459,0.7091663165357049,0.6714078627410539
Urban100,img_018,realesrgan,/home/ubuntu/scratch/sr-diffusion/benchmark_outputs/realesrgan/Urban100/img_018/RealESRGAN_x4plus.png,/home/ubuntu/scratch/sr-diffusion/benchmarks/selfexsr/SelfExSR-master/data/Urban100/image_SRF_4/img_018_SRF_4_HR.png,/home/ubuntu/scratch/sr-diffusion/benchmarks/selfexsr/SelfExSR-master/data/Urban100/image_SRF_4/img_018_SRF_4_LR.png,24.389637046269517,22.325810314028832,0.6207262292376092,0.545593457787721
Urban100,img_019,bicubic,generated:matlab_bicubic_resize,/home/ubuntu/scratch/sr-diffusion/benchmarks/selfexsr/SelfExSR-master/data/Urban100/image_SRF_4/img_019_SRF_4_HR.png,/home/ubuntu/scratch/sr-diffusion/benchmarks/selfexsr/SelfExSR-master/data/Urban100/image_SRF_4/img_019_SRF_4_LR.png,19.04144760906948,17.699774648424395,0.6518664380843459,0.6018977901345693
Urban100,img_019,stage2_base,/home/ubuntu/scratch/sr-diffusion/benchmark_outputs/stage2_dual_best98000/Urban100/img_019/base.png,/home/ubuntu/scratch/sr-diffusion/benchmarks/selfexsr/SelfExSR-master/data/Urban100/image_SRF_4/img_019_SRF_4_HR.png,/home/ubuntu/scratch/sr-diffusion/benchmarks/selfexsr/SelfExSR-master/data/Urban100/image_SRF_4/img_019_SRF_4_LR.png,21.048966255822954,19.61026161225178,0.7798992427140589,0.7273051510866774
Urban100,img_019,latent_adapter_v1,/home/ubuntu/scratch/sr-diffusion/benchmark_outputs/stage2_latent_adapter_v1_best11000/Urban100/img_019/base.png,/home/ubuntu/scratch/sr-diffusion/benchmarks/selfexsr/SelfExSR-master/data/Urban100/image_SRF_4/img_019_SRF_4_HR.png,/home/ubuntu/scratch/sr-diffusion/benchmarks/selfexsr/SelfExSR-master/data/Urban100/image_SRF_4/img_019_SRF_4_LR.png,21.03519232800668,19.59672755379288,0.7808398646714023,0.7278214848846677
Urban100,img_019,guarded_v2,/home/ubuntu/scratch/sr-diffusion/benchmark_outputs/stage2_guarded_detail_v2_tta_off/Urban100/img_019/base.png,/home/ubuntu/scratch/sr-diffusion/benchmarks/selfexsr/SelfExSR-master/data/Urban100/image_SRF_4/img_019_SRF_4_HR.png,/home/ubuntu/scratch/sr-diffusion/benchmarks/selfexsr/SelfExSR-master/data/Urban100/image_SRF_4/img_019_SRF_4_LR.png,21.088498353566024,19.650233549872368,0.7800552827989877,0.7273157221857812
Urban100,img_019,guarded_v2_x8,/home/ubuntu/scratch/sr-diffusion/benchmark_outputs/stage2_guarded_detail_v2_tta_x8/Urban100/img_019/base.png,/home/ubuntu/scratch/sr-diffusion/benchmarks/selfexsr/SelfExSR-master/data/Urban100/image_SRF_4/img_019_SRF_4_HR.png,/home/ubuntu/scratch/sr-diffusion/benchmarks/selfexsr/SelfExSR-master/data/Urban100/image_SRF_4/img_019_SRF_4_LR.png,21.23507789546497,19.80116545297399,0.7849101688482923,0.7329357863505613
Urban100,img_019,detail_v2_masked,/home/ubuntu/scratch/sr-diffusion/benchmark_outputs/detail_v2_masked/Urban100/img_019/detail.png,/home/ubuntu/scratch/sr-diffusion/benchmarks/selfexsr/SelfExSR-master/data/Urban100/image_SRF_4/img_019_SRF_4_HR.png,/home/ubuntu/scratch/sr-diffusion/benchmarks/selfexsr/SelfExSR-master/data/Urban100/image_SRF_4/img_019_SRF_4_LR.png,21.589590105087048,20.136529495116573,0.799643219305107,0.7481085016532906
Urban100,img_019,realesrgan,/home/ubuntu/scratch/sr-diffusion/benchmark_outputs/realesrgan/Urban100/img_019/RealESRGAN_x4plus.png,/home/ubuntu/scratch/sr-diffusion/benchmarks/selfexsr/SelfExSR-master/data/Urban100/image_SRF_4/img_019_SRF_4_HR.png,/home/ubuntu/scratch/sr-diffusion/benchmarks/selfexsr/SelfExSR-master/data/Urban100/image_SRF_4/img_019_SRF_4_LR.png,19.140847567483604,17.688868595567687,0.7095810702984662,0.629673207160418
Urban100,img_020,bicubic,generated:matlab_bicubic_resize,/home/ubuntu/scratch/sr-diffusion/benchmarks/selfexsr/SelfExSR-master/data/Urban100/image_SRF_4/img_020_SRF_4_HR.png,/home/ubuntu/scratch/sr-diffusion/benchmarks/selfexsr/SelfExSR-master/data/Urban100/image_SRF_4/img_020_SRF_4_LR.png,20.47143042494578,19.09909649288525,0.5949958970158172,0.5767426496533842
Urban100,img_020,stage2_base,/home/ubuntu/scratch/sr-diffusion/benchmark_outputs/stage2_dual_best98000/Urban100/img_020/base.png,/home/ubuntu/scratch/sr-diffusion/benchmarks/selfexsr/SelfExSR-master/data/Urban100/image_SRF_4/img_020_SRF_4_HR.png,/home/ubuntu/scratch/sr-diffusion/benchmarks/selfexsr/SelfExSR-master/data/Urban100/image_SRF_4/img_020_SRF_4_LR.png,21.819379940768656,20.44730609418142,0.6990420133522501,0.682372794726311
Urban100,img_020,latent_adapter_v1,/home/ubuntu/scratch/sr-diffusion/benchmark_outputs/stage2_latent_adapter_v1_best11000/Urban100/img_020/base.png,/home/ubuntu/scratch/sr-diffusion/benchmarks/selfexsr/SelfExSR-master/data/Urban100/image_SRF_4/img_020_SRF_4_HR.png,/home/ubuntu/scratch/sr-diffusion/benchmarks/selfexsr/SelfExSR-master/data/Urban100/image_SRF_4/img_020_SRF_4_LR.png,21.81316776528096,20.44117452537322,0.7010661496431551,0.6843844594202028
Urban100,img_020,guarded_v2,/home/ubuntu/scratch/sr-diffusion/benchmark_outputs/stage2_guarded_detail_v2_tta_off/Urban100/img_020/base.png,/home/ubuntu/scratch/sr-diffusion/benchmarks/selfexsr/SelfExSR-master/data/Urban100/image_SRF_4/img_020_SRF_4_HR.png,/home/ubuntu/scratch/sr-diffusion/benchmarks/selfexsr/SelfExSR-master/data/Urban100/image_SRF_4/img_020_SRF_4_LR.png,21.821719940357216,20.44863859730293,0.7032914758452075,0.6866250123968142
Urban100,img_020,guarded_v2_x8,/home/ubuntu/scratch/sr-diffusion/benchmark_outputs/stage2_guarded_detail_v2_tta_x8/Urban100/img_020/base.png,/home/ubuntu/scratch/sr-diffusion/benchmarks/selfexsr/SelfExSR-master/data/Urban100/image_SRF_4/img_020_SRF_4_HR.png,/home/ubuntu/scratch/sr-diffusion/benchmarks/selfexsr/SelfExSR-master/data/Urban100/image_SRF_4/img_020_SRF_4_LR.png,21.869366698853952,20.499742549667403,0.7057549785239858,0.6893954352840607
Urban100,img_020,detail_v2_masked,/home/ubuntu/scratch/sr-diffusion/benchmark_outputs/detail_v2_masked/Urban100/img_020/detail.png,/home/ubuntu/scratch/sr-diffusion/benchmarks/selfexsr/SelfExSR-master/data/Urban100/image_SRF_4/img_020_SRF_4_HR.png,/home/ubuntu/scratch/sr-diffusion/benchmarks/selfexsr/SelfExSR-master/data/Urban100/image_SRF_4/img_020_SRF_4_LR.png,22.046639547015992,20.67816310083468,0.7148675256060963,0.6985098904011441
Urban100,img_020,realesrgan,/home/ubuntu/scratch/sr-diffusion/benchmark_outputs/realesrgan/Urban100/img_020/RealESRGAN_x4plus.png,/home/ubuntu/scratch/sr-diffusion/benchmarks/selfexsr/SelfExSR-master/data/Urban100/image_SRF_4/img_020_SRF_4_HR.png,/home/ubuntu/scratch/sr-diffusion/benchmarks/selfexsr/SelfExSR-master/data/Urban100/image_SRF_4/img_020_SRF_4_LR.png,19.34882478374387,17.911462856380695,0.5984349620383349,0.5732363562184807
Urban100,img_021,bicubic,generated:matlab_bicubic_resize,/home/ubuntu/scratch/sr-diffusion/benchmarks/selfexsr/SelfExSR-master/data/Urban100/image_SRF_4/img_021_SRF_4_HR.png,/home/ubuntu/scratch/sr-diffusion/benchmarks/selfexsr/SelfExSR-master/data/Urban100/image_SRF_4/img_021_SRF_4_LR.png,27.735499361159384,26.336831057074292,0.7207112520844714,0.6863556240964371
Urban100,img_021,stage2_base,/home/ubuntu/scratch/sr-diffusion/benchmark_outputs/stage2_dual_best98000/Urban100/img_021/base.png,/home/ubuntu/scratch/sr-diffusion/benchmarks/selfexsr/SelfExSR-master/data/Urban100/image_SRF_4/img_021_SRF_4_HR.png,/home/ubuntu/scratch/sr-diffusion/benchmarks/selfexsr/SelfExSR-master/data/Urban100/image_SRF_4/img_021_SRF_4_LR.png,29.367819584365044,27.971421934168124,0.7797686267657794,0.7517895010616019
Urban100,img_021,latent_adapter_v1,/home/ubuntu/scratch/sr-diffusion/benchmark_outputs/stage2_latent_adapter_v1_best11000/Urban100/img_021/base.png,/home/ubuntu/scratch/sr-diffusion/benchmarks/selfexsr/SelfExSR-master/data/Urban100/image_SRF_4/img_021_SRF_4_HR.png,/home/ubuntu/scratch/sr-diffusion/benchmarks/selfexsr/SelfExSR-master/data/Urban100/image_SRF_4/img_021_SRF_4_LR.png,29.34310706362462,27.947593390176415,0.7802396422306284,0.7524042172267604
Urban100,img_021,guarded_v2,/home/ubuntu/scratch/sr-diffusion/benchmark_outputs/stage2_guarded_detail_v2_tta_off/Urban100/img_021/base.png,/home/ubuntu/scratch/sr-diffusion/benchmarks/selfexsr/SelfExSR-master/data/Urban100/image_SRF_4/img_021_SRF_4_HR.png,/home/ubuntu/scratch/sr-diffusion/benchmarks/selfexsr/SelfExSR-master/data/Urban100/image_SRF_4/img_021_SRF_4_LR.png,29.37194414305762,27.974201754906495,0.7812644552112467,0.7534986629038847
Urban100,img_021,guarded_v2_x8,/home/ubuntu/scratch/sr-diffusion/benchmark_outputs/stage2_guarded_detail_v2_tta_x8/Urban100/img_021/base.png,/home/ubuntu/scratch/sr-diffusion/benchmarks/selfexsr/SelfExSR-master/data/Urban100/image_SRF_4/img_021_SRF_4_HR.png,/home/ubuntu/scratch/sr-diffusion/benchmarks/selfexsr/SelfExSR-master/data/Urban100/image_SRF_4/img_021_SRF_4_LR.png,29.456722605729357,28.073866250655936,0.783885029758551,0.7567900798853521
Urban100,img_021,detail_v2_masked,/home/ubuntu/scratch/sr-diffusion/benchmark_outputs/detail_v2_masked/Urban100/img_021/detail.png,/home/ubuntu/scratch/sr-diffusion/benchmarks/selfexsr/SelfExSR-master/data/Urban100/image_SRF_4/img_021_SRF_4_HR.png,/home/ubuntu/scratch/sr-diffusion/benchmarks/selfexsr/SelfExSR-master/data/Urban100/image_SRF_4/img_021_SRF_4_LR.png,29.645362725127328,28.23692898287678,0.7896172290432566,0.7620190277102851
Urban100,img_021,realesrgan,/home/ubuntu/scratch/sr-diffusion/benchmark_outputs/realesrgan/Urban100/img_021/RealESRGAN_x4plus.png,/home/ubuntu/scratch/sr-diffusion/benchmarks/selfexsr/SelfExSR-master/data/Urban100/image_SRF_4/img_021_SRF_4_HR.png,/home/ubuntu/scratch/sr-diffusion/benchmarks/selfexsr/SelfExSR-master/data/Urban100/image_SRF_4/img_021_SRF_4_LR.png,25.976924222894525,24.443448090600384,0.7067745618088004,0.6636900687146782
Urban100,img_022,bicubic,generated:matlab_bicubic_resize,/home/ubuntu/scratch/sr-diffusion/benchmarks/selfexsr/SelfExSR-master/data/Urban100/image_SRF_4/img_022_SRF_4_HR.png,/home/ubuntu/scratch/sr-diffusion/benchmarks/selfexsr/SelfExSR-master/data/Urban100/image_SRF_4/img_022_SRF_4_LR.png,25.082862403988138,23.75551337537223,0.6928358011919832,0.6706292351691059
Urban100,img_022,stage2_base,/home/ubuntu/scratch/sr-diffusion/benchmark_outputs/stage2_dual_best98000/Urban100/img_022/base.png,/home/ubuntu/scratch/sr-diffusion/benchmarks/selfexsr/SelfExSR-master/data/Urban100/image_SRF_4/img_022_SRF_4_HR.png,/home/ubuntu/scratch/sr-diffusion/benchmarks/selfexsr/SelfExSR-master/data/Urban100/image_SRF_4/img_022_SRF_4_LR.png,25.90544685205652,24.566853235076593,0.7475396412304609,0.7263474002395413
Urban100,img_022,latent_adapter_v1,/home/ubuntu/scratch/sr-diffusion/benchmark_outputs/stage2_latent_adapter_v1_best11000/Urban100/img_022/base.png,/home/ubuntu/scratch/sr-diffusion/benchmarks/selfexsr/SelfExSR-master/data/Urban100/image_SRF_4/img_022_SRF_4_HR.png,/home/ubuntu/scratch/sr-diffusion/benchmarks/selfexsr/SelfExSR-master/data/Urban100/image_SRF_4/img_022_SRF_4_LR.png,25.907256775453583,24.569865048472124,0.7492607305096225,0.7280655884670063
Urban100,img_022,guarded_v2,/home/ubuntu/scratch/sr-diffusion/benchmark_outputs/stage2_guarded_detail_v2_tta_off/Urban100/img_022/base.png,/home/ubuntu/scratch/sr-diffusion/benchmarks/selfexsr/SelfExSR-master/data/Urban100/image_SRF_4/img_022_SRF_4_HR.png,/home/ubuntu/scratch/sr-diffusion/benchmarks/selfexsr/SelfExSR-master/data/Urban100/image_SRF_4/img_022_SRF_4_LR.png,25.907913260356445,24.570613102146325,0.7511766180759946,0.7300496601757213
Urban100,img_022,guarded_v2_x8,/home/ubuntu/scratch/sr-diffusion/benchmark_outputs/stage2_guarded_detail_v2_tta_x8/Urban100/img_022/base.png,/home/ubuntu/scratch/sr-diffusion/benchmarks/selfexsr/SelfExSR-master/data/Urban100/image_SRF_4/img_022_SRF_4_HR.png,/home/ubuntu/scratch/sr-diffusion/benchmarks/selfexsr/SelfExSR-master/data/Urban100/image_SRF_4/img_022_SRF_4_LR.png,25.939042862264778,24.603440242960982,0.7519831852305174,0.7310424953934119
Urban100,img_022,detail_v2_masked,/home/ubuntu/scratch/sr-diffusion/benchmark_outputs/detail_v2_masked/Urban100/img_022/detail.png,/home/ubuntu/scratch/sr-diffusion/benchmarks/selfexsr/SelfExSR-master/data/Urban100/image_SRF_4/img_022_SRF_4_HR.png,/home/ubuntu/scratch/sr-diffusion/benchmarks/selfexsr/SelfExSR-master/data/Urban100/image_SRF_4/img_022_SRF_4_LR.png,26.00671620530273,24.666643565546252,0.7555065122794674,0.7347357909989413
Urban100,img_022,realesrgan,/home/ubuntu/scratch/sr-diffusion/benchmark_outputs/realesrgan/Urban100/img_022/RealESRGAN_x4plus.png,/home/ubuntu/scratch/sr-diffusion/benchmarks/selfexsr/SelfExSR-master/data/Urban100/image_SRF_4/img_022_SRF_4_HR.png,/home/ubuntu/scratch/sr-diffusion/benchmarks/selfexsr/SelfExSR-master/data/Urban100/image_SRF_4/img_022_SRF_4_LR.png,23.84507480940275,22.438956415633843,0.690151140941877,0.6598522243619612
Urban100,img_023,bicubic,generated:matlab_bicubic_resize,/home/ubuntu/scratch/sr-diffusion/benchmarks/selfexsr/SelfExSR-master/data/Urban100/image_SRF_4/img_023_SRF_4_HR.png,/home/ubuntu/scratch/sr-diffusion/benchmarks/selfexsr/SelfExSR-master/data/Urban100/image_SRF_4/img_023_SRF_4_LR.png,26.437912811680576,24.787371565806126,0.8046619030325985,0.7828074913802666
Urban100,img_023,stage2_base,/home/ubuntu/scratch/sr-diffusion/benchmark_outputs/stage2_dual_best98000/Urban100/img_023/base.png,/home/ubuntu/scratch/sr-diffusion/benchmarks/selfexsr/SelfExSR-master/data/Urban100/image_SRF_4/img_023_SRF_4_HR.png,/home/ubuntu/scratch/sr-diffusion/benchmarks/selfexsr/SelfExSR-master/data/Urban100/image_SRF_4/img_023_SRF_4_LR.png,29.268637214432985,27.491748174337225,0.8908372216681696,0.8693092571096371
Urban100,img_023,latent_adapter_v1,/home/ubuntu/scratch/sr-diffusion/benchmark_outputs/stage2_latent_adapter_v1_best11000/Urban100/img_023/base.png,/home/ubuntu/scratch/sr-diffusion/benchmarks/selfexsr/SelfExSR-master/data/Urban100/image_SRF_4/img_023_SRF_4_HR.png,/home/ubuntu/scratch/sr-diffusion/benchmarks/selfexsr/SelfExSR-master/data/Urban100/image_SRF_4/img_023_SRF_4_LR.png,29.333900963649203,27.544242684054453,0.8922477625570288,0.870538588832282
Urban100,img_023,guarded_v2,/home/ubuntu/scratch/sr-diffusion/benchmark_outputs/stage2_guarded_detail_v2_tta_off/Urban100/img_023/base.png,/home/ubuntu/scratch/sr-diffusion/benchmarks/selfexsr/SelfExSR-master/data/Urban100/image_SRF_4/img_023_SRF_4_HR.png,/home/ubuntu/scratch/sr-diffusion/benchmarks/selfexsr/SelfExSR-master/data/Urban100/image_SRF_4/img_023_SRF_4_LR.png,29.372286011021487,27.576657655691065,0.8933980034982325,0.8717362800882086
Urban100,img_023,guarded_v2_x8,/home/ubuntu/scratch/sr-diffusion/benchmark_outputs/stage2_guarded_detail_v2_tta_x8/Urban100/img_023/base.png,/home/ubuntu/scratch/sr-diffusion/benchmarks/selfexsr/SelfExSR-master/data/Urban100/image_SRF_4/img_023_SRF_4_HR.png,/home/ubuntu/scratch/sr-diffusion/benchmarks/selfexsr/SelfExSR-master/data/Urban100/image_SRF_4/img_023_SRF_4_LR.png,29.512426473348903,27.73279597867039,0.8954204882413755,0.874454804564817
Urban100,img_023,detail_v2_masked,/home/ubuntu/scratch/sr-diffusion/benchmark_outputs/detail_v2_masked/Urban100/img_023/detail.png,/home/ubuntu/scratch/sr-diffusion/benchmarks/selfexsr/SelfExSR-master/data/Urban100/image_SRF_4/img_023_SRF_4_HR.png,/home/ubuntu/scratch/sr-diffusion/benchmarks/selfexsr/SelfExSR-master/data/Urban100/image_SRF_4/img_023_SRF_4_LR.png,29.814099737261902,28.005481644026116,0.9024248469442263,0.8802894923829795
Urban100,img_023,realesrgan,/home/ubuntu/scratch/sr-diffusion/benchmark_outputs/realesrgan/Urban100/img_023/RealESRGAN_x4plus.png,/home/ubuntu/scratch/sr-diffusion/benchmarks/selfexsr/SelfExSR-master/data/Urban100/image_SRF_4/img_023_SRF_4_HR.png,/home/ubuntu/scratch/sr-diffusion/benchmarks/selfexsr/SelfExSR-master/data/Urban100/image_SRF_4/img_023_SRF_4_LR.png,23.126726876407695,20.740287234632664,0.7840081737914694,0.708231553224039
Urban100,img_024,bicubic,generated:matlab_bicubic_resize,/home/ubuntu/scratch/sr-diffusion/benchmarks/selfexsr/SelfExSR-master/data/Urban100/image_SRF_4/img_024_SRF_4_HR.png,/home/ubuntu/scratch/sr-diffusion/benchmarks/selfexsr/SelfExSR-master/data/Urban100/image_SRF_4/img_024_SRF_4_LR.png,18.140174179153,16.82093152536217,0.45926104901959813,0.4420837595672789
Urban100,img_024,stage2_base,/home/ubuntu/scratch/sr-diffusion/benchmark_outputs/stage2_dual_best98000/Urban100/img_024/base.png,/home/ubuntu/scratch/sr-diffusion/benchmarks/selfexsr/SelfExSR-master/data/Urban100/image_SRF_4/img_024_SRF_4_HR.png,/home/ubuntu/scratch/sr-diffusion/benchmarks/selfexsr/SelfExSR-master/data/Urban100/image_SRF_4/img_024_SRF_4_LR.png,19.53314278366502,18.181545208366135,0.6019698749266397,0.5856126175641905
Urban100,img_024,latent_adapter_v1,/home/ubuntu/scratch/sr-diffusion/benchmark_outputs/stage2_latent_adapter_v1_best11000/Urban100/img_024/base.png,/home/ubuntu/scratch/sr-diffusion/benchmarks/selfexsr/SelfExSR-master/data/Urban100/image_SRF_4/img_024_SRF_4_HR.png,/home/ubuntu/scratch/sr-diffusion/benchmarks/selfexsr/SelfExSR-master/data/Urban100/image_SRF_4/img_024_SRF_4_LR.png,19.55243387937286,18.199213265540596,0.6039653878241046,0.5875234989642565
Urban100,img_024,guarded_v2,/home/ubuntu/scratch/sr-diffusion/benchmark_outputs/stage2_guarded_detail_v2_tta_off/Urban100/img_024/base.png,/home/ubuntu/scratch/sr-diffusion/benchmarks/selfexsr/SelfExSR-master/data/Urban100/image_SRF_4/img_024_SRF_4_HR.png,/home/ubuntu/scratch/sr-diffusion/benchmarks/selfexsr/SelfExSR-master/data/Urban100/image_SRF_4/img_024_SRF_4_LR.png,19.630518372807767,18.274131953061108,0.6076331070681188,0.5914723238134357
Urban100,img_024,guarded_v2_x8,/home/ubuntu/scratch/sr-diffusion/benchmark_outputs/stage2_guarded_detail_v2_tta_x8/Urban100/img_024/base.png,/home/ubuntu/scratch/sr-diffusion/benchmarks/selfexsr/SelfExSR-master/data/Urban100/image_SRF_4/img_024_SRF_4_HR.png,/home/ubuntu/scratch/sr-diffusion/benchmarks/selfexsr/SelfExSR-master/data/Urban100/image_SRF_4/img_024_SRF_4_LR.png,19.66525140468738,18.317278190236713,0.6152415943558476,0.5991599031507872
Urban100,img_024,detail_v2_masked,/home/ubuntu/scratch/sr-diffusion/benchmark_outputs/detail_v2_masked/Urban100/img_024/detail.png,/home/ubuntu/scratch/sr-diffusion/benchmarks/selfexsr/SelfExSR-master/data/Urban100/image_SRF_4/img_024_SRF_4_HR.png,/home/ubuntu/scratch/sr-diffusion/benchmarks/selfexsr/SelfExSR-master/data/Urban100/image_SRF_4/img_024_SRF_4_LR.png,19.650129620210233,18.300633182018846,0.6147712434762025,0.5995804676813795
Urban100,img_024,realesrgan,/home/ubuntu/scratch/sr-diffusion/benchmark_outputs/realesrgan/Urban100/img_024/RealESRGAN_x4plus.png,/home/ubuntu/scratch/sr-diffusion/benchmarks/selfexsr/SelfExSR-master/data/Urban100/image_SRF_4/img_024_SRF_4_HR.png,/home/ubuntu/scratch/sr-diffusion/benchmarks/selfexsr/SelfExSR-master/data/Urban100/image_SRF_4/img_024_SRF_4_LR.png,18.665785963753805,17.237963092420294,0.5539214699033934,0.5228619868918035
Urban100,img_025,bicubic,generated:matlab_bicubic_resize,/home/ubuntu/scratch/sr-diffusion/benchmarks/selfexsr/SelfExSR-master/data/Urban100/image_SRF_4/img_025_SRF_4_HR.png,/home/ubuntu/scratch/sr-diffusion/benchmarks/selfexsr/SelfExSR-master/data/Urban100/image_SRF_4/img_025_SRF_4_LR.png,26.168014348225917,24.845806912334307,0.8009403041606461,0.7701841103828319
Urban100,img_025,stage2_base,/home/ubuntu/scratch/sr-diffusion/benchmark_outputs/stage2_dual_best98000/Urban100/img_025/base.png,/home/ubuntu/scratch/sr-diffusion/benchmarks/selfexsr/SelfExSR-master/data/Urban100/image_SRF_4/img_025_SRF_4_HR.png,/home/ubuntu/scratch/sr-diffusion/benchmarks/selfexsr/SelfExSR-master/data/Urban100/image_SRF_4/img_025_SRF_4_LR.png,31.494190255645734,30.02386986406457,0.8935432220130498,0.8680538655907689
Urban100,img_025,latent_adapter_v1,/home/ubuntu/scratch/sr-diffusion/benchmark_outputs/stage2_latent_adapter_v1_best11000/Urban100/img_025/base.png,/home/ubuntu/scratch/sr-diffusion/benchmarks/selfexsr/SelfExSR-master/data/Urban100/image_SRF_4/img_025_SRF_4_HR.png,/home/ubuntu/scratch/sr-diffusion/benchmarks/selfexsr/SelfExSR-master/data/Urban100/image_SRF_4/img_025_SRF_4_LR.png,31.502683772685906,30.029399276643538,0.8935076970591109,0.8680411019895221
Urban100,img_025,guarded_v2,/home/ubuntu/scratch/sr-diffusion/benchmark_outputs/stage2_guarded_detail_v2_tta_off/Urban100/img_025/base.png,/home/ubuntu/scratch/sr-diffusion/benchmarks/selfexsr/SelfExSR-master/data/Urban100/image_SRF_4/img_025_SRF_4_HR.png,/home/ubuntu/scratch/sr-diffusion/benchmarks/selfexsr/SelfExSR-master/data/Urban100/image_SRF_4/img_025_SRF_4_LR.png,31.52338359812434,30.050248488720857,0.8940333327955687,0.8687186245499204
Urban100,img_025,guarded_v2_x8,/home/ubuntu/scratch/sr-diffusion/benchmark_outputs/stage2_guarded_detail_v2_tta_x8/Urban100/img_025/base.png,/home/ubuntu/scratch/sr-diffusion/benchmarks/selfexsr/SelfExSR-master/data/Urban100/image_SRF_4/img_025_SRF_4_HR.png,/home/ubuntu/scratch/sr-diffusion/benchmarks/selfexsr/SelfExSR-master/data/Urban100/image_SRF_4/img_025_SRF_4_LR.png,31.634390819137103,30.16320602296144,0.8959871019667985,0.8712264743681327
Urban100,img_025,detail_v2_masked,/home/ubuntu/scratch/sr-diffusion/benchmark_outputs/detail_v2_masked/Urban100/img_025/detail.png,/home/ubuntu/scratch/sr-diffusion/benchmarks/selfexsr/SelfExSR-master/data/Urban100/image_SRF_4/img_025_SRF_4_HR.png,/home/ubuntu/scratch/sr-diffusion/benchmarks/selfexsr/SelfExSR-master/data/Urban100/image_SRF_4/img_025_SRF_4_LR.png,32.322501913040554,30.795708658602713,0.9047164340839777,0.8805296371692024
Urban100,img_025,realesrgan,/home/ubuntu/scratch/sr-diffusion/benchmark_outputs/realesrgan/Urban100/img_025/RealESRGAN_x4plus.png,/home/ubuntu/scratch/sr-diffusion/benchmarks/selfexsr/SelfExSR-master/data/Urban100/image_SRF_4/img_025_SRF_4_HR.png,/home/ubuntu/scratch/sr-diffusion/benchmarks/selfexsr/SelfExSR-master/data/Urban100/image_SRF_4/img_025_SRF_4_LR.png,26.921353411000453,25.427805266218627,0.8271300629723521,0.7845229895495226
Urban100,img_026,bicubic,generated:matlab_bicubic_resize,/home/ubuntu/scratch/sr-diffusion/benchmarks/selfexsr/SelfExSR-master/data/Urban100/image_SRF_4/img_026_SRF_4_HR.png,/home/ubuntu/scratch/sr-diffusion/benchmarks/selfexsr/SelfExSR-master/data/Urban100/image_SRF_4/img_026_SRF_4_LR.png,25.468174238299003,24.082437383122645,0.6153236323313762,0.5583346002499285
Urban100,img_026,stage2_base,/home/ubuntu/scratch/sr-diffusion/benchmark_outputs/stage2_dual_best98000/Urban100/img_026/base.png,/home/ubuntu/scratch/sr-diffusion/benchmarks/selfexsr/SelfExSR-master/data/Urban100/image_SRF_4/img_026_SRF_4_HR.png,/home/ubuntu/scratch/sr-diffusion/benchmarks/selfexsr/SelfExSR-master/data/Urban100/image_SRF_4/img_026_SRF_4_LR.png,27.61158153041073,26.157633402376206,0.6929741648858309,0.6389143504713332
Urban100,img_026,latent_adapter_v1,/home/ubuntu/scratch/sr-diffusion/benchmark_outputs/stage2_latent_adapter_v1_best11000/Urban100/img_026/base.png,/home/ubuntu/scratch/sr-diffusion/benchmarks/selfexsr/SelfExSR-master/data/Urban100/image_SRF_4/img_026_SRF_4_HR.png,/home/ubuntu/scratch/sr-diffusion/benchmarks/selfexsr/SelfExSR-master/data/Urban100/image_SRF_4/img_026_SRF_4_LR.png,27.630564815347753,26.178011872193192,0.6939486529875676,0.6399715201104179
Urban100,img_026,guarded_v2,/home/ubuntu/scratch/sr-diffusion/benchmark_outputs/stage2_guarded_detail_v2_tta_off/Urban100/img_026/base.png,/home/ubuntu/scratch/sr-diffusion/benchmarks/selfexsr/SelfExSR-master/data/Urban100/image_SRF_4/img_026_SRF_4_HR.png,/home/ubuntu/scratch/sr-diffusion/benchmarks/selfexsr/SelfExSR-master/data/Urban100/image_SRF_4/img_026_SRF_4_LR.png,27.536746013568333,26.09154387538432,0.6947612069397208,0.6410958967837619
Urban100,img_026,guarded_v2_x8,/home/ubuntu/scratch/sr-diffusion/benchmark_outputs/stage2_guarded_detail_v2_tta_x8/Urban100/img_026/base.png,/home/ubuntu/scratch/sr-diffusion/benchmarks/selfexsr/SelfExSR-master/data/Urban100/image_SRF_4/img_026_SRF_4_HR.png,/home/ubuntu/scratch/sr-diffusion/benchmarks/selfexsr/SelfExSR-master/data/Urban100/image_SRF_4/img_026_SRF_4_LR.png,27.750662485739575,26.302640014411054,0.6995056971269275,0.6464743759366937
Urban100,img_026,detail_v2_masked,/home/ubuntu/scratch/sr-diffusion/benchmark_outputs/detail_v2_masked/Urban100/img_026/detail.png,/home/ubuntu/scratch/sr-diffusion/benchmarks/selfexsr/SelfExSR-master/data/Urban100/image_SRF_4/img_026_SRF_4_HR.png,/home/ubuntu/scratch/sr-diffusion/benchmarks/selfexsr/SelfExSR-master/data/Urban100/image_SRF_4/img_026_SRF_4_LR.png,28.021216228642206,26.54909626684229,0.7081568267879356,0.6551718244829146
Urban100,img_026,realesrgan,/home/ubuntu/scratch/sr-diffusion/benchmark_outputs/realesrgan/Urban100/img_026/RealESRGAN_x4plus.png,/home/ubuntu/scratch/sr-diffusion/benchmarks/selfexsr/SelfExSR-master/data/Urban100/image_SRF_4/img_026_SRF_4_HR.png,/home/ubuntu/scratch/sr-diffusion/benchmarks/selfexsr/SelfExSR-master/data/Urban100/image_SRF_4/img_026_SRF_4_LR.png,26.351803729429932,24.79545130889949,0.6636296822183027,0.6013526075594049
Urban100,img_027,bicubic,generated:matlab_bicubic_resize,/home/ubuntu/scratch/sr-diffusion/benchmarks/selfexsr/SelfExSR-master/data/Urban100/image_SRF_4/img_027_SRF_4_HR.png,/home/ubuntu/scratch/sr-diffusion/benchmarks/selfexsr/SelfExSR-master/data/Urban100/image_SRF_4/img_027_SRF_4_LR.png,26.571111713129145,25.350413226721493,0.722375305655982,0.697351647449011
Urban100,img_027,stage2_base,/home/ubuntu/scratch/sr-diffusion/benchmark_outputs/stage2_dual_best98000/Urban100/img_027/base.png,/home/ubuntu/scratch/sr-diffusion/benchmarks/selfexsr/SelfExSR-master/data/Urban100/image_SRF_4/img_027_SRF_4_HR.png,/home/ubuntu/scratch/sr-diffusion/benchmarks/selfexsr/SelfExSR-master/data/Urban100/image_SRF_4/img_027_SRF_4_LR.png,28.078195186400542,26.849015098882475,0.7886742541693744,0.7671580771127547
Urban100,img_027,latent_adapter_v1,/home/ubuntu/scratch/sr-diffusion/benchmark_outputs/stage2_latent_adapter_v1_best11000/Urban100/img_027/base.png,/home/ubuntu/scratch/sr-diffusion/benchmarks/selfexsr/SelfExSR-master/data/Urban100/image_SRF_4/img_027_SRF_4_HR.png,/home/ubuntu/scratch/sr-diffusion/benchmarks/selfexsr/SelfExSR-master/data/Urban100/image_SRF_4/img_027_SRF_4_LR.png,28.08799539437453,26.861506535293817,0.789856295375518,0.7683913040003567
Urban100,img_027,guarded_v2,/home/ubuntu/scratch/sr-diffusion/benchmark_outputs/stage2_guarded_detail_v2_tta_off/Urban100/img_027/base.png,/home/ubuntu/scratch/sr-diffusion/benchmarks/selfexsr/SelfExSR-master/data/Urban100/image_SRF_4/img_027_SRF_4_HR.png,/home/ubuntu/scratch/sr-diffusion/benchmarks/selfexsr/SelfExSR-master/data/Urban100/image_SRF_4/img_027_SRF_4_LR.png,28.11064371354943,26.884397040449848,0.7910388742161828,0.7697272915196457
Urban100,img_027,guarded_v2_x8,/home/ubuntu/scratch/sr-diffusion/benchmark_outputs/stage2_guarded_detail_v2_tta_x8/Urban100/img_027/base.png,/home/ubuntu/scratch/sr-diffusion/benchmarks/selfexsr/SelfExSR-master/data/Urban100/image_SRF_4/img_027_SRF_4_HR.png,/home/ubuntu/scratch/sr-diffusion/benchmarks/selfexsr/SelfExSR-master/data/Urban100/image_SRF_4/img_027_SRF_4_LR.png,28.177004989713247,26.95475047309841,0.7934965271643862,0.7726175600409014
Urban100,img_027,detail_v2_masked,/home/ubuntu/scratch/sr-diffusion/benchmark_outputs/detail_v2_masked/Urban100/img_027/detail.png,/home/ubuntu/scratch/sr-diffusion/benchmarks/selfexsr/SelfExSR-master/data/Urban100/image_SRF_4/img_027_SRF_4_HR.png,/home/ubuntu/scratch/sr-diffusion/benchmarks/selfexsr/SelfExSR-master/data/Urban100/image_SRF_4/img_027_SRF_4_LR.png,28.321309221002924,27.092680703056637,0.7972626536775331,0.7762931903510695
Urban100,img_027,realesrgan,/home/ubuntu/scratch/sr-diffusion/benchmark_outputs/realesrgan/Urban100/img_027/RealESRGAN_x4plus.png,/home/ubuntu/scratch/sr-diffusion/benchmarks/selfexsr/SelfExSR-master/data/Urban100/image_SRF_4/img_027_SRF_4_HR.png,/home/ubuntu/scratch/sr-diffusion/benchmarks/selfexsr/SelfExSR-master/data/Urban100/image_SRF_4/img_027_SRF_4_LR.png,26.597499783568914,25.277122187007137,0.7400830761426428,0.709863527856554
Urban100,img_028,bicubic,generated:matlab_bicubic_resize,/home/ubuntu/scratch/sr-diffusion/benchmarks/selfexsr/SelfExSR-master/data/Urban100/image_SRF_4/img_028_SRF_4_HR.png,/home/ubuntu/scratch/sr-diffusion/benchmarks/selfexsr/SelfExSR-master/data/Urban100/image_SRF_4/img_028_SRF_4_LR.png,28.47685602262951,27.154934710752773,0.8123672591345243,0.79059496267949
Urban100,img_028,stage2_base,/home/ubuntu/scratch/sr-diffusion/benchmark_outputs/stage2_dual_best98000/Urban100/img_028/base.png,/home/ubuntu/scratch/sr-diffusion/benchmarks/selfexsr/SelfExSR-master/data/Urban100/image_SRF_4/img_028_SRF_4_HR.png,/home/ubuntu/scratch/sr-diffusion/benchmarks/selfexsr/SelfExSR-master/data/Urban100/image_SRF_4/img_028_SRF_4_LR.png,31.123631782149378,29.788564028854687,0.8713702434093787,0.853322667316809
Urban100,img_028,latent_adapter_v1,/home/ubuntu/scratch/sr-diffusion/benchmark_outputs/stage2_latent_adapter_v1_best11000/Urban100/img_028/base.png,/home/ubuntu/scratch/sr-diffusion/benchmarks/selfexsr/SelfExSR-master/data/Urban100/image_SRF_4/img_028_SRF_4_HR.png,/home/ubuntu/scratch/sr-diffusion/benchmarks/selfexsr/SelfExSR-master/data/Urban100/image_SRF_4/img_028_SRF_4_LR.png,31.130869847851073,29.80034452317802,0.8720020970000153,0.8540907120244284
Urban100,img_028,guarded_v2,/home/ubuntu/scratch/sr-diffusion/benchmark_outputs/stage2_guarded_detail_v2_tta_off/Urban100/img_028/base.png,/home/ubuntu/scratch/sr-diffusion/benchmarks/selfexsr/SelfExSR-master/data/Urban100/image_SRF_4/img_028_SRF_4_HR.png,/home/ubuntu/scratch/sr-diffusion/benchmarks/selfexsr/SelfExSR-master/data/Urban100/image_SRF_4/img_028_SRF_4_LR.png,31.13744625755572,29.807868849025137,0.8725922146838555,0.8549030826358507
Urban100,img_028,guarded_v2_x8,/home/ubuntu/scratch/sr-diffusion/benchmark_outputs/stage2_guarded_detail_v2_tta_x8/Urban100/img_028/base.png,/home/ubuntu/scratch/sr-diffusion/benchmarks/selfexsr/SelfExSR-master/data/Urban100/image_SRF_4/img_028_SRF_4_HR.png,/home/ubuntu/scratch/sr-diffusion/benchmarks/selfexsr/SelfExSR-master/data/Urban100/image_SRF_4/img_028_SRF_4_LR.png,31.22909584714308,29.902888952105982,0.8739514634226021,0.8565392399153176
Urban100,img_028,detail_v2_masked,/home/ubuntu/scratch/sr-diffusion/benchmark_outputs/detail_v2_masked/Urban100/img_028/detail.png,/home/ubuntu/scratch/sr-diffusion/benchmarks/selfexsr/SelfExSR-master/data/Urban100/image_SRF_4/img_028_SRF_4_HR.png,/home/ubuntu/scratch/sr-diffusion/benchmarks/selfexsr/SelfExSR-master/data/Urban100/image_SRF_4/img_028_SRF_4_LR.png,31.45434050504194,30.11911589516466,0.877576054405483,0.8601103621411097
Urban100,img_028,realesrgan,/home/ubuntu/scratch/sr-diffusion/benchmark_outputs/realesrgan/Urban100/img_028/RealESRGAN_x4plus.png,/home/ubuntu/scratch/sr-diffusion/benchmarks/selfexsr/SelfExSR-master/data/Urban100/image_SRF_4/img_028_SRF_4_HR.png,/home/ubuntu/scratch/sr-diffusion/benchmarks/selfexsr/SelfExSR-master/data/Urban100/image_SRF_4/img_028_SRF_4_LR.png,29.341314790601874,28.013520934636354,0.8401501819468664,0.8134999376273081
Urban100,img_029,bicubic,generated:matlab_bicubic_resize,/home/ubuntu/scratch/sr-diffusion/benchmarks/selfexsr/SelfExSR-master/data/Urban100/image_SRF_4/img_029_SRF_4_HR.png,/home/ubuntu/scratch/sr-diffusion/benchmarks/selfexsr/SelfExSR-master/data/Urban100/image_SRF_4/img_029_SRF_4_LR.png,22.79958062053137,21.490713410403337,0.7110182465975007,0.682164906893559
Urban100,img_029,stage2_base,/home/ubuntu/scratch/sr-diffusion/benchmark_outputs/stage2_dual_best98000/Urban100/img_029/base.png,/home/ubuntu/scratch/sr-diffusion/benchmarks/selfexsr/SelfExSR-master/data/Urban100/image_SRF_4/img_029_SRF_4_HR.png,/home/ubuntu/scratch/sr-diffusion/benchmarks/selfexsr/SelfExSR-master/data/Urban100/image_SRF_4/img_029_SRF_4_LR.png,26.601664519716735,25.21908398708934,0.8538006379922781,0.8315860232881677
Urban100,img_029,latent_adapter_v1,/home/ubuntu/scratch/sr-diffusion/benchmark_outputs/stage2_latent_adapter_v1_best11000/Urban100/img_029/base.png,/home/ubuntu/scratch/sr-diffusion/benchmarks/selfexsr/SelfExSR-master/data/Urban100/image_SRF_4/img_029_SRF_4_HR.png,/home/ubuntu/scratch/sr-diffusion/benchmarks/selfexsr/SelfExSR-master/data/Urban100/image_SRF_4/img_029_SRF_4_LR.png,26.59468824553069,25.214525069941768,0.8541110569768663,0.8318559228247305
Urban100,img_029,guarded_v2,/home/ubuntu/scratch/sr-diffusion/benchmark_outputs/stage2_guarded_detail_v2_tta_off/Urban100/img_029/base.png,/home/ubuntu/scratch/sr-diffusion/benchmarks/selfexsr/SelfExSR-master/data/Urban100/image_SRF_4/img_029_SRF_4_HR.png,/home/ubuntu/scratch/sr-diffusion/benchmarks/selfexsr/SelfExSR-master/data/Urban100/image_SRF_4/img_029_SRF_4_LR.png,26.607118536926315,25.226893888398028,0.8549336751921227,0.8324955097072698
Urban100,img_029,guarded_v2_x8,/home/ubuntu/scratch/sr-diffusion/benchmark_outputs/stage2_guarded_detail_v2_tta_x8/Urban100/img_029/base.png,/home/ubuntu/scratch/sr-diffusion/benchmarks/selfexsr/SelfExSR-master/data/Urban100/image_SRF_4/img_029_SRF_4_HR.png,/home/ubuntu/scratch/sr-diffusion/benchmarks/selfexsr/SelfExSR-master/data/Urban100/image_SRF_4/img_029_SRF_4_LR.png,26.696546121066838,25.326932547185173,0.8580708899497346,0.8366324303737566
Urban100,img_029,detail_v2_masked,/home/ubuntu/scratch/sr-diffusion/benchmark_outputs/detail_v2_masked/Urban100/img_029/detail.png,/home/ubuntu/scratch/sr-diffusion/benchmarks/selfexsr/SelfExSR-master/data/Urban100/image_SRF_4/img_029_SRF_4_HR.png,/home/ubuntu/scratch/sr-diffusion/benchmarks/selfexsr/SelfExSR-master/data/Urban100/image_SRF_4/img_029_SRF_4_LR.png,27.198719961818057,25.80392805776126,0.870734828327825,0.8498201385813983
Urban100,img_029,realesrgan,/home/ubuntu/scratch/sr-diffusion/benchmark_outputs/realesrgan/Urban100/img_029/RealESRGAN_x4plus.png,/home/ubuntu/scratch/sr-diffusion/benchmarks/selfexsr/SelfExSR-master/data/Urban100/image_SRF_4/img_029_SRF_4_HR.png,/home/ubuntu/scratch/sr-diffusion/benchmarks/selfexsr/SelfExSR-master/data/Urban100/image_SRF_4/img_029_SRF_4_LR.png,24.254587385359695,22.69845723301193,0.7869424091008169,0.7416741333721829
Urban100,img_030,bicubic,generated:matlab_bicubic_resize,/home/ubuntu/scratch/sr-diffusion/benchmarks/selfexsr/SelfExSR-master/data/Urban100/image_SRF_4/img_030_SRF_4_HR.png,/home/ubuntu/scratch/sr-diffusion/benchmarks/selfexsr/SelfExSR-master/data/Urban100/image_SRF_4/img_030_SRF_4_LR.png,21.64530328657936,19.984138515071017,0.6249268923872517,0.5920848201870732
Urban100,img_030,stage2_base,/home/ubuntu/scratch/sr-diffusion/benchmark_outputs/stage2_dual_best98000/Urban100/img_030/base.png,/home/ubuntu/scratch/sr-diffusion/benchmarks/selfexsr/SelfExSR-master/data/Urban100/image_SRF_4/img_030_SRF_4_HR.png,/home/ubuntu/scratch/sr-diffusion/benchmarks/selfexsr/SelfExSR-master/data/Urban100/image_SRF_4/img_030_SRF_4_LR.png,23.904183388203577,22.110667899235544,0.7774649493526612,0.7493150756683696
Urban100,img_030,latent_adapter_v1,/home/ubuntu/scratch/sr-diffusion/benchmark_outputs/stage2_latent_adapter_v1_best11000/Urban100/img_030/base.png,/home/ubuntu/scratch/sr-diffusion/benchmarks/selfexsr/SelfExSR-master/data/Urban100/image_SRF_4/img_030_SRF_4_HR.png,/home/ubuntu/scratch/sr-diffusion/benchmarks/selfexsr/SelfExSR-master/data/Urban100/image_SRF_4/img_030_SRF_4_LR.png,23.899276942323763,22.107552183639697,0.7793015836393886,0.7515177710996171
Urban100,img_030,guarded_v2,/home/ubuntu/scratch/sr-diffusion/benchmark_outputs/stage2_guarded_detail_v2_tta_off/Urban100/img_030/base.png,/home/ubuntu/scratch/sr-diffusion/benchmarks/selfexsr/SelfExSR-master/data/Urban100/image_SRF_4/img_030_SRF_4_HR.png,/home/ubuntu/scratch/sr-diffusion/benchmarks/selfexsr/SelfExSR-master/data/Urban100/image_SRF_4/img_030_SRF_4_LR.png,23.9469805092234,22.155285500025805,0.783251414487321,0.7562892183068893
Urban100,img_030,guarded_v2_x8,/home/ubuntu/scratch/sr-diffusion/benchmark_outputs/stage2_guarded_detail_v2_tta_x8/Urban100/img_030/base.png,/home/ubuntu/scratch/sr-diffusion/benchmarks/selfexsr/SelfExSR-master/data/Urban100/image_SRF_4/img_030_SRF_4_HR.png,/home/ubuntu/scratch/sr-diffusion/benchmarks/selfexsr/SelfExSR-master/data/Urban100/image_SRF_4/img_030_SRF_4_LR.png,24.104608334793667,22.306061534819975,0.7882075026920035,0.7614099886728587
Urban100,img_030,detail_v2_masked,/home/ubuntu/scratch/sr-diffusion/benchmark_outputs/detail_v2_masked/Urban100/img_030/detail.png,/home/ubuntu/scratch/sr-diffusion/benchmarks/selfexsr/SelfExSR-master/data/Urban100/image_SRF_4/img_030_SRF_4_HR.png,/home/ubuntu/scratch/sr-diffusion/benchmarks/selfexsr/SelfExSR-master/data/Urban100/image_SRF_4/img_030_SRF_4_LR.png,24.284461479713045,22.492156583606445,0.8014509467168476,0.7755430021923716
Urban100,img_030,realesrgan,/home/ubuntu/scratch/sr-diffusion/benchmark_outputs/realesrgan/Urban100/img_030/RealESRGAN_x4plus.png,/home/ubuntu/scratch/sr-diffusion/benchmarks/selfexsr/SelfExSR-master/data/Urban100/image_SRF_4/img_030_SRF_4_HR.png,/home/ubuntu/scratch/sr-diffusion/benchmarks/selfexsr/SelfExSR-master/data/Urban100/image_SRF_4/img_030_SRF_4_LR.png,19.77541176806025,18.100541070123143,0.6574073409628148,0.6096573359564347
Urban100,img_031,bicubic,generated:matlab_bicubic_resize,/home/ubuntu/scratch/sr-diffusion/benchmarks/selfexsr/SelfExSR-master/data/Urban100/image_SRF_4/img_031_SRF_4_HR.png,/home/ubuntu/scratch/sr-diffusion/benchmarks/selfexsr/SelfExSR-master/data/Urban100/image_SRF_4/img_031_SRF_4_LR.png,22.79683221903957,21.391999868687815,0.6870075042678402,0.6649916990338259
Urban100,img_031,stage2_base,/home/ubuntu/scratch/sr-diffusion/benchmark_outputs/stage2_dual_best98000/Urban100/img_031/base.png,/home/ubuntu/scratch/sr-diffusion/benchmarks/selfexsr/SelfExSR-master/data/Urban100/image_SRF_4/img_031_SRF_4_HR.png,/home/ubuntu/scratch/sr-diffusion/benchmarks/selfexsr/SelfExSR-master/data/Urban100/image_SRF_4/img_031_SRF_4_LR.png,23.779325632737482,22.34423393217856,0.7638031836254566,0.7420010466720338
Urban100,img_031,latent_adapter_v1,/home/ubuntu/scratch/sr-diffusion/benchmark_outputs/stage2_latent_adapter_v1_best11000/Urban100/img_031/base.png,/home/ubuntu/scratch/sr-diffusion/benchmarks/selfexsr/SelfExSR-master/data/Urban100/image_SRF_4/img_031_SRF_4_HR.png,/home/ubuntu/scratch/sr-diffusion/benchmarks/selfexsr/SelfExSR-master/data/Urban100/image_SRF_4/img_031_SRF_4_LR.png,23.79570527344821,22.359504170260006,0.7657812152530821,0.7430808207782075
Urban100,img_031,guarded_v2,/home/ubuntu/scratch/sr-diffusion/benchmark_outputs/stage2_guarded_detail_v2_tta_off/Urban100/img_031/base.png,/home/ubuntu/scratch/sr-diffusion/benchmarks/selfexsr/SelfExSR-master/data/Urban100/image_SRF_4/img_031_SRF_4_HR.png,/home/ubuntu/scratch/sr-diffusion/benchmarks/selfexsr/SelfExSR-master/data/Urban100/image_SRF_4/img_031_SRF_4_LR.png,23.802021102702696,22.36407974262752,0.7671353323858391,0.7454114042116095
Urban100,img_031,guarded_v2_x8,/home/ubuntu/scratch/sr-diffusion/benchmark_outputs/stage2_guarded_detail_v2_tta_x8/Urban100/img_031/base.png,/home/ubuntu/scratch/sr-diffusion/benchmarks/selfexsr/SelfExSR-master/data/Urban100/image_SRF_4/img_031_SRF_4_HR.png,/home/ubuntu/scratch/sr-diffusion/benchmarks/selfexsr/SelfExSR-master/data/Urban100/image_SRF_4/img_031_SRF_4_LR.png,23.858537716372858,22.421865175301306,0.7708346557641396,0.7495351711126469
Urban100,img_031,detail_v2_masked,/home/ubuntu/scratch/sr-diffusion/benchmark_outputs/detail_v2_masked/Urban100/img_031/detail.png,/home/ubuntu/scratch/sr-diffusion/benchmarks/selfexsr/SelfExSR-master/data/Urban100/image_SRF_4/img_031_SRF_4_HR.png,/home/ubuntu/scratch/sr-diffusion/benchmarks/selfexsr/SelfExSR-master/data/Urban100/image_SRF_4/img_031_SRF_4_LR.png,23.94169441420049,22.507479866025612,0.7752929031324508,0.7564406505606391
Urban100,img_031,realesrgan,/home/ubuntu/scratch/sr-diffusion/benchmark_outputs/realesrgan/Urban100/img_031/RealESRGAN_x4plus.png,/home/ubuntu/scratch/sr-diffusion/benchmarks/selfexsr/SelfExSR-master/data/Urban100/image_SRF_4/img_031_SRF_4_HR.png,/home/ubuntu/scratch/sr-diffusion/benchmarks/selfexsr/SelfExSR-master/data/Urban100/image_SRF_4/img_031_SRF_4_LR.png,22.098422187345925,20.616890556680467,0.7027375094009124,0.660111415645876
Urban100,img_032,bicubic,generated:matlab_bicubic_resize,/home/ubuntu/scratch/sr-diffusion/benchmarks/selfexsr/SelfExSR-master/data/Urban100/image_SRF_4/img_032_SRF_4_HR.png,/home/ubuntu/scratch/sr-diffusion/benchmarks/selfexsr/SelfExSR-master/data/Urban100/image_SRF_4/img_032_SRF_4_LR.png,26.00785081222884,24.597136549902846,0.7514998473682752,0.7285312638078062
Urban100,img_032,stage2_base,/home/ubuntu/scratch/sr-diffusion/benchmark_outputs/stage2_dual_best98000/Urban100/img_032/base.png,/home/ubuntu/scratch/sr-diffusion/benchmarks/selfexsr/SelfExSR-master/data/Urban100/image_SRF_4/img_032_SRF_4_HR.png,/home/ubuntu/scratch/sr-diffusion/benchmarks/selfexsr/SelfExSR-master/data/Urban100/image_SRF_4/img_032_SRF_4_LR.png,28.5774781249272,27.039941872491614,0.838321117077434,0.817714176803579
Urban100,img_032,latent_adapter_v1,/home/ubuntu/scratch/sr-diffusion/benchmark_outputs/stage2_latent_adapter_v1_best11000/Urban100/img_032/base.png,/home/ubuntu/scratch/sr-diffusion/benchmarks/selfexsr/SelfExSR-master/data/Urban100/image_SRF_4/img_032_SRF_4_HR.png,/home/ubuntu/scratch/sr-diffusion/benchmarks/selfexsr/SelfExSR-master/data/Urban100/image_SRF_4/img_032_SRF_4_LR.png,28.57488034918822,27.03925045232441,0.8392048925981439,0.8186957315747384
Urban100,img_032,guarded_v2,/home/ubuntu/scratch/sr-diffusion/benchmark_outputs/stage2_guarded_detail_v2_tta_off/Urban100/img_032/base.png,/home/ubuntu/scratch/sr-diffusion/benchmarks/selfexsr/SelfExSR-master/data/Urban100/image_SRF_4/img_032_SRF_4_HR.png,/home/ubuntu/scratch/sr-diffusion/benchmarks/selfexsr/SelfExSR-master/data/Urban100/image_SRF_4/img_032_SRF_4_LR.png,28.571925723582247,27.033699415916665,0.8398931441905026,0.8195022310481607
Urban100,img_032,guarded_v2_x8,/home/ubuntu/scratch/sr-diffusion/benchmark_outputs/stage2_guarded_detail_v2_tta_x8/Urban100/img_032/base.png,/home/ubuntu/scratch/sr-diffusion/benchmarks/selfexsr/SelfExSR-master/data/Urban100/image_SRF_4/img_032_SRF_4_HR.png,/home/ubuntu/scratch/sr-diffusion/benchmarks/selfexsr/SelfExSR-master/data/Urban100/image_SRF_4/img_032_SRF_4_LR.png,28.66313164061377,27.12848422228889,0.8423579143165167,0.8223746000050802
Urban100,img_032,detail_v2_masked,/home/ubuntu/scratch/sr-diffusion/benchmark_outputs/detail_v2_masked/Urban100/img_032/detail.png,/home/ubuntu/scratch/sr-diffusion/benchmarks/selfexsr/SelfExSR-master/data/Urban100/image_SRF_4/img_032_SRF_4_HR.png,/home/ubuntu/scratch/sr-diffusion/benchmarks/selfexsr/SelfExSR-master/data/Urban100/image_SRF_4/img_032_SRF_4_LR.png,28.913005573218076,27.364115468013274,0.851026622865996,0.8312248117204802
Urban100,img_032,realesrgan,/home/ubuntu/scratch/sr-diffusion/benchmark_outputs/realesrgan/Urban100/img_032/RealESRGAN_x4plus.png,/home/ubuntu/scratch/sr-diffusion/benchmarks/selfexsr/SelfExSR-master/data/Urban100/image_SRF_4/img_032_SRF_4_HR.png,/home/ubuntu/scratch/sr-diffusion/benchmarks/selfexsr/SelfExSR-master/data/Urban100/image_SRF_4/img_032_SRF_4_LR.png,26.158453319101376,24.56100329925654,0.7860665721171693,0.7543397957858492
Urban100,img_033,bicubic,generated:matlab_bicubic_resize,/home/ubuntu/scratch/sr-diffusion/benchmarks/selfexsr/SelfExSR-master/data/Urban100/image_SRF_4/img_033_SRF_4_HR.png,/home/ubuntu/scratch/sr-diffusion/benchmarks/selfexsr/SelfExSR-master/data/Urban100/image_SRF_4/img_033_SRF_4_LR.png,24.167953582777212,22.66140686366622,0.6706355854112618,0.6407841406456082
Urban100,img_033,stage2_base,/home/ubuntu/scratch/sr-diffusion/benchmark_outputs/stage2_dual_best98000/Urban100/img_033/base.png,/home/ubuntu/scratch/sr-diffusion/benchmarks/selfexsr/SelfExSR-master/data/Urban100/image_SRF_4/img_033_SRF_4_HR.png,/home/ubuntu/scratch/sr-diffusion/benchmarks/selfexsr/SelfExSR-master/data/Urban100/image_SRF_4/img_033_SRF_4_LR.png,26.834406328231005,25.103207523909763,0.7857611027601593,0.7569296688201658
Urban100,img_033,latent_adapter_v1,/home/ubuntu/scratch/sr-diffusion/benchmark_outputs/stage2_latent_adapter_v1_best11000/Urban100/img_033/base.png,/home/ubuntu/scratch/sr-diffusion/benchmarks/selfexsr/SelfExSR-master/data/Urban100/image_SRF_4/img_033_SRF_4_HR.png,/home/ubuntu/scratch/sr-diffusion/benchmarks/selfexsr/SelfExSR-master/data/Urban100/image_SRF_4/img_033_SRF_4_LR.png,26.817874917434224,25.08956721903168,0.7865705347606993,0.7577339873809813
Urban100,img_033,guarded_v2,/home/ubuntu/scratch/sr-diffusion/benchmark_outputs/stage2_guarded_detail_v2_tta_off/Urban100/img_033/base.png,/home/ubuntu/scratch/sr-diffusion/benchmarks/selfexsr/SelfExSR-master/data/Urban100/image_SRF_4/img_033_SRF_4_HR.png,/home/ubuntu/scratch/sr-diffusion/benchmarks/selfexsr/SelfExSR-master/data/Urban100/image_SRF_4/img_033_SRF_4_LR.png,26.822357680634894,25.093997099021234,0.7871887393129563,0.7583806968035539
Urban100,img_033,guarded_v2_x8,/home/ubuntu/scratch/sr-diffusion/benchmark_outputs/stage2_guarded_detail_v2_tta_x8/Urban100/img_033/base.png,/home/ubuntu/scratch/sr-diffusion/benchmarks/selfexsr/SelfExSR-master/data/Urban100/image_SRF_4/img_033_SRF_4_HR.png,/home/ubuntu/scratch/sr-diffusion/benchmarks/selfexsr/SelfExSR-master/data/Urban100/image_SRF_4/img_033_SRF_4_LR.png,26.92608803130023,25.190003390434363,0.7920066631420439,0.76387083054091
Urban100,img_033,detail_v2_masked,/home/ubuntu/scratch/sr-diffusion/benchmark_outputs/detail_v2_masked/Urban100/img_033/detail.png,/home/ubuntu/scratch/sr-diffusion/benchmarks/selfexsr/SelfExSR-master/data/Urban100/image_SRF_4/img_033_SRF_4_HR.png,/home/ubuntu/scratch/sr-diffusion/benchmarks/selfexsr/SelfExSR-master/data/Urban100/image_SRF_4/img_033_SRF_4_LR.png,27.323267379537587,25.55213589801099,0.8059942405501032,0.7791944587823142
Urban100,img_033,realesrgan,/home/ubuntu/scratch/sr-diffusion/benchmark_outputs/realesrgan/Urban100/img_033/RealESRGAN_x4plus.png,/home/ubuntu/scratch/sr-diffusion/benchmarks/selfexsr/SelfExSR-master/data/Urban100/image_SRF_4/img_033_SRF_4_HR.png,/home/ubuntu/scratch/sr-diffusion/benchmarks/selfexsr/SelfExSR-master/data/Urban100/image_SRF_4/img_033_SRF_4_LR.png,24.57180422719894,22.90310501184824,0.7209333074908749,0.6804771173031084
Urban100,img_034,bicubic,generated:matlab_bicubic_resize,/home/ubuntu/scratch/sr-diffusion/benchmarks/selfexsr/SelfExSR-master/data/Urban100/image_SRF_4/img_034_SRF_4_HR.png,/home/ubuntu/scratch/sr-diffusion/benchmarks/selfexsr/SelfExSR-master/data/Urban100/image_SRF_4/img_034_SRF_4_LR.png,21.412567909441897,19.597627017947644,0.47979171570901513,0.4673951596165613
Urban100,img_034,stage2_base,/home/ubuntu/scratch/sr-diffusion/benchmark_outputs/stage2_dual_best98000/Urban100/img_034/base.png,/home/ubuntu/scratch/sr-diffusion/benchmarks/selfexsr/SelfExSR-master/data/Urban100/image_SRF_4/img_034_SRF_4_HR.png,/home/ubuntu/scratch/sr-diffusion/benchmarks/selfexsr/SelfExSR-master/data/Urban100/image_SRF_4/img_034_SRF_4_LR.png,22.890694415707845,20.977788246556877,0.5723979739659758,0.5591107309207365
Urban100,img_034,latent_adapter_v1,/home/ubuntu/scratch/sr-diffusion/benchmark_outputs/stage2_latent_adapter_v1_best11000/Urban100/img_034/base.png,/home/ubuntu/scratch/sr-diffusion/benchmarks/selfexsr/SelfExSR-master/data/Urban100/image_SRF_4/img_034_SRF_4_HR.png,/home/ubuntu/scratch/sr-diffusion/benchmarks/selfexsr/SelfExSR-master/data/Urban100/image_SRF_4/img_034_SRF_4_LR.png,22.884047045822705,20.973180206130092,0.5741369015145423,0.5602469330129097
Urban100,img_034,guarded_v2,/home/ubuntu/scratch/sr-diffusion/benchmark_outputs/stage2_guarded_detail_v2_tta_off/Urban100/img_034/base.png,/home/ubuntu/scratch/sr-diffusion/benchmarks/selfexsr/SelfExSR-master/data/Urban100/image_SRF_4/img_034_SRF_4_HR.png,/home/ubuntu/scratch/sr-diffusion/benchmarks/selfexsr/SelfExSR-master/data/Urban100/image_SRF_4/img_034_SRF_4_LR.png,22.893171710428287,20.98145806783359,0.5764502712851192,0.5626938356377974
Urban100,img_034,guarded_v2_x8,/home/ubuntu/scratch/sr-diffusion/benchmark_outputs/stage2_guarded_detail_v2_tta_x8/Urban100/img_034/base.png,/home/ubuntu/scratch/sr-diffusion/benchmarks/selfexsr/SelfExSR-master/data/Urban100/image_SRF_4/img_034_SRF_4_HR.png,/home/ubuntu/scratch/sr-diffusion/benchmarks/selfexsr/SelfExSR-master/data/Urban100/image_SRF_4/img_034_SRF_4_LR.png,22.958135897350026,21.048579363008436,0.5782165898723426,0.5649231086528202
Urban100,img_034,detail_v2_masked,/home/ubuntu/scratch/sr-diffusion/benchmark_outputs/detail_v2_masked/Urban100/img_034/detail.png,/home/ubuntu/scratch/sr-diffusion/benchmarks/selfexsr/SelfExSR-master/data/Urban100/image_SRF_4/img_034_SRF_4_HR.png,/home/ubuntu/scratch/sr-diffusion/benchmarks/selfexsr/SelfExSR-master/data/Urban100/image_SRF_4/img_034_SRF_4_LR.png,23.080232600820743,21.169763311752853,0.5834079811733752,0.5735198857896598
Urban100,img_034,realesrgan,/home/ubuntu/scratch/sr-diffusion/benchmark_outputs/realesrgan/Urban100/img_034/RealESRGAN_x4plus.png,/home/ubuntu/scratch/sr-diffusion/benchmarks/selfexsr/SelfExSR-master/data/Urban100/image_SRF_4/img_034_SRF_4_HR.png,/home/ubuntu/scratch/sr-diffusion/benchmarks/selfexsr/SelfExSR-master/data/Urban100/image_SRF_4/img_034_SRF_4_LR.png,21.12706372546721,18.966857985200885,0.496707831759578,0.4381786241011905
Urban100,img_035,bicubic,generated:matlab_bicubic_resize,/home/ubuntu/scratch/sr-diffusion/benchmarks/selfexsr/SelfExSR-master/data/Urban100/image_SRF_4/img_035_SRF_4_HR.png,/home/ubuntu/scratch/sr-diffusion/benchmarks/selfexsr/SelfExSR-master/data/Urban100/image_SRF_4/img_035_SRF_4_LR.png,24.730892723398036,23.351272276342495,0.7224750863577866,0.6977418310682971
Urban100,img_035,stage2_base,/home/ubuntu/scratch/sr-diffusion/benchmark_outputs/stage2_dual_best98000/Urban100/img_035/base.png,/home/ubuntu/scratch/sr-diffusion/benchmarks/selfexsr/SelfExSR-master/data/Urban100/image_SRF_4/img_035_SRF_4_HR.png,/home/ubuntu/scratch/sr-diffusion/benchmarks/selfexsr/SelfExSR-master/data/Urban100/image_SRF_4/img_035_SRF_4_LR.png,28.097471162378547,26.66923628567819,0.8450035492651523,0.8222295026081551
Urban100,img_035,latent_adapter_v1,/home/ubuntu/scratch/sr-diffusion/benchmark_outputs/stage2_latent_adapter_v1_best11000/Urban100/img_035/base.png,/home/ubuntu/scratch/sr-diffusion/benchmarks/selfexsr/SelfExSR-master/data/Urban100/image_SRF_4/img_035_SRF_4_HR.png,/home/ubuntu/scratch/sr-diffusion/benchmarks/selfexsr/SelfExSR-master/data/Urban100/image_SRF_4/img_035_SRF_4_LR.png,28.10904132016588,26.680766274087343,0.8458973608704163,0.8231786217343329
Urban100,img_035,guarded_v2,/home/ubuntu/scratch/sr-diffusion/benchmark_outputs/stage2_guarded_detail_v2_tta_off/Urban100/img_035/base.png,/home/ubuntu/scratch/sr-diffusion/benchmarks/selfexsr/SelfExSR-master/data/Urban100/image_SRF_4/img_035_SRF_4_HR.png,/home/ubuntu/scratch/sr-diffusion/benchmarks/selfexsr/SelfExSR-master/data/Urban100/image_SRF_4/img_035_SRF_4_LR.png,28.140331747280783,26.709255337339574,0.8481943392975033,0.8254927141941435
Urban100,img_035,guarded_v2_x8,/home/ubuntu/scratch/sr-diffusion/benchmark_outputs/stage2_guarded_detail_v2_tta_x8/Urban100/img_035/base.png,/home/ubuntu/scratch/sr-diffusion/benchmarks/selfexsr/SelfExSR-master/data/Urban100/image_SRF_4/img_035_SRF_4_HR.png,/home/ubuntu/scratch/sr-diffusion/benchmarks/selfexsr/SelfExSR-master/data/Urban100/image_SRF_4/img_035_SRF_4_LR.png,28.267946998365716,26.847595352423788,0.8527732068768158,0.830801057062117
Urban100,img_035,detail_v2_masked,/home/ubuntu/scratch/sr-diffusion/benchmark_outputs/detail_v2_masked/Urban100/img_035/detail.png,/home/ubuntu/scratch/sr-diffusion/benchmarks/selfexsr/SelfExSR-master/data/Urban100/image_SRF_4/img_035_SRF_4_HR.png,/home/ubuntu/scratch/sr-diffusion/benchmarks/selfexsr/SelfExSR-master/data/Urban100/image_SRF_4/img_035_SRF_4_LR.png,29.208737340670186,27.769008579153194,0.8747193500413094,0.8533211417675372
Urban100,img_035,realesrgan,/home/ubuntu/scratch/sr-diffusion/benchmark_outputs/realesrgan/Urban100/img_035/RealESRGAN_x4plus.png,/home/ubuntu/scratch/sr-diffusion/benchmarks/selfexsr/SelfExSR-master/data/Urban100/image_SRF_4/img_035_SRF_4_HR.png,/home/ubuntu/scratch/sr-diffusion/benchmarks/selfexsr/SelfExSR-master/data/Urban100/image_SRF_4/img_035_SRF_4_LR.png,23.23155194036959,21.622532647341206,0.7435732536641674,0.7063394804000226
Urban100,img_036,bicubic,generated:matlab_bicubic_resize,/home/ubuntu/scratch/sr-diffusion/benchmarks/selfexsr/SelfExSR-master/data/Urban100/image_SRF_4/img_036_SRF_4_HR.png,/home/ubuntu/scratch/sr-diffusion/benchmarks/selfexsr/SelfExSR-master/data/Urban100/image_SRF_4/img_036_SRF_4_LR.png,25.2265927557459,23.90467144386917,0.7865896164860853,0.7683587246965725
Urban100,img_036,stage2_base,/home/ubuntu/scratch/sr-diffusion/benchmark_outputs/stage2_dual_best98000/Urban100/img_036/base.png,/home/ubuntu/scratch/sr-diffusion/benchmarks/selfexsr/SelfExSR-master/data/Urban100/image_SRF_4/img_036_SRF_4_HR.png,/home/ubuntu/scratch/sr-diffusion/benchmarks/selfexsr/SelfExSR-master/data/Urban100/image_SRF_4/img_036_SRF_4_LR.png,28.537488852283744,27.204760983948198,0.8809940505024593,0.8678022106103608
Urban100,img_036,latent_adapter_v1,/home/ubuntu/scratch/sr-diffusion/benchmark_outputs/stage2_latent_adapter_v1_best11000/Urban100/img_036/base.png,/home/ubuntu/scratch/sr-diffusion/benchmarks/selfexsr/SelfExSR-master/data/Urban100/image_SRF_4/img_036_SRF_4_HR.png,/home/ubuntu/scratch/sr-diffusion/benchmarks/selfexsr/SelfExSR-master/data/Urban100/image_SRF_4/img_036_SRF_4_LR.png,28.47023309674669,27.140875060432585,0.8812595213600174,0.8681298936000695
Urban100,img_036,guarded_v2,/home/ubuntu/scratch/sr-diffusion/benchmark_outputs/stage2_guarded_detail_v2_tta_off/Urban100/img_036/base.png,/home/ubuntu/scratch/sr-diffusion/benchmarks/selfexsr/SelfExSR-master/data/Urban100/image_SRF_4/img_036_SRF_4_HR.png,/home/ubuntu/scratch/sr-diffusion/benchmarks/selfexsr/SelfExSR-master/data/Urban100/image_SRF_4/img_036_SRF_4_LR.png,28.509011485550428,27.17927071842471,0.8811636552944635,0.868054553362855
Urban100,img_036,guarded_v2_x8,/home/ubuntu/scratch/sr-diffusion/benchmark_outputs/stage2_guarded_detail_v2_tta_x8/Urban100/img_036/base.png,/home/ubuntu/scratch/sr-diffusion/benchmarks/selfexsr/SelfExSR-master/data/Urban100/image_SRF_4/img_036_SRF_4_HR.png,/home/ubuntu/scratch/sr-diffusion/benchmarks/selfexsr/SelfExSR-master/data/Urban100/image_SRF_4/img_036_SRF_4_LR.png,28.603133194039717,27.28132551745957,0.8833511418909235,0.870646100647134
Urban100,img_036,detail_v2_masked,/home/ubuntu/scratch/sr-diffusion/benchmark_outputs/detail_v2_masked/Urban100/img_036/detail.png,/home/ubuntu/scratch/sr-diffusion/benchmarks/selfexsr/SelfExSR-master/data/Urban100/image_SRF_4/img_036_SRF_4_HR.png,/home/ubuntu/scratch/sr-diffusion/benchmarks/selfexsr/SelfExSR-master/data/Urban100/image_SRF_4/img_036_SRF_4_LR.png,28.983901505658977,27.657093629909696,0.8904853297717998,0.8780114914476119
Urban100,img_036,realesrgan,/home/ubuntu/scratch/sr-diffusion/benchmark_outputs/realesrgan/Urban100/img_036/RealESRGAN_x4plus.png,/home/ubuntu/scratch/sr-diffusion/benchmarks/selfexsr/SelfExSR-master/data/Urban100/image_SRF_4/img_036_SRF_4_HR.png,/home/ubuntu/scratch/sr-diffusion/benchmarks/selfexsr/SelfExSR-master/data/Urban100/image_SRF_4/img_036_SRF_4_LR.png,25.679333765060544,24.35978048038519,0.8177743329934342,0.7963745948361179
Urban100,img_037,bicubic,generated:matlab_bicubic_resize,/home/ubuntu/scratch/sr-diffusion/benchmarks/selfexsr/SelfExSR-master/data/Urban100/image_SRF_4/img_037_SRF_4_HR.png,/home/ubuntu/scratch/sr-diffusion/benchmarks/selfexsr/SelfExSR-master/data/Urban100/image_SRF_4/img_037_SRF_4_LR.png,24.219663268886865,22.882611155539344,0.7049515228198201,0.6765738002356008
Urban100,img_037,stage2_base,/home/ubuntu/scratch/sr-diffusion/benchmark_outputs/stage2_dual_best98000/Urban100/img_037/base.png,/home/ubuntu/scratch/sr-diffusion/benchmarks/selfexsr/SelfExSR-master/data/Urban100/image_SRF_4/img_037_SRF_4_HR.png,/home/ubuntu/scratch/sr-diffusion/benchmarks/selfexsr/SelfExSR-master/data/Urban100/image_SRF_4/img_037_SRF_4_LR.png,25.98699239238499,24.59913099197375,0.7814701330409679,0.7555003911441373
Urban100,img_037,latent_adapter_v1,/home/ubuntu/scratch/sr-diffusion/benchmark_outputs/stage2_latent_adapter_v1_best11000/Urban100/img_037/base.png,/home/ubuntu/scratch/sr-diffusion/benchmarks/selfexsr/SelfExSR-master/data/Urban100/image_SRF_4/img_037_SRF_4_HR.png,/home/ubuntu/scratch/sr-diffusion/benchmarks/selfexsr/SelfExSR-master/data/Urban100/image_SRF_4/img_037_SRF_4_LR.png,25.981109605228248,24.59418432471095,0.7833840550665425,0.7574256414654886
Urban100,img_037,guarded_v2,/home/ubuntu/scratch/sr-diffusion/benchmark_outputs/stage2_guarded_detail_v2_tta_off/Urban100/img_037/base.png,/home/ubuntu/scratch/sr-diffusion/benchmarks/selfexsr/SelfExSR-master/data/Urban100/image_SRF_4/img_037_SRF_4_HR.png,/home/ubuntu/scratch/sr-diffusion/benchmarks/selfexsr/SelfExSR-master/data/Urban100/image_SRF_4/img_037_SRF_4_LR.png,26.010309470774118,24.622533391066902,0.7862381360274207,0.7607857762127642
Urban100,img_037,guarded_v2_x8,/home/ubuntu/scratch/sr-diffusion/benchmark_outputs/stage2_guarded_detail_v2_tta_x8/Urban100/img_037/base.png,/home/ubuntu/scratch/sr-diffusion/benchmarks/selfexsr/SelfExSR-master/data/Urban100/image_SRF_4/img_037_SRF_4_HR.png,/home/ubuntu/scratch/sr-diffusion/benchmarks/selfexsr/SelfExSR-master/data/Urban100/image_SRF_4/img_037_SRF_4_LR.png,26.100563933516145,24.717319784444904,0.7891954807816026,0.764373817898946
Urban100,img_037,detail_v2_masked,/home/ubuntu/scratch/sr-diffusion/benchmark_outputs/detail_v2_masked/Urban100/img_037/detail.png,/home/ubuntu/scratch/sr-diffusion/benchmarks/selfexsr/SelfExSR-master/data/Urban100/image_SRF_4/img_037_SRF_4_HR.png,/home/ubuntu/scratch/sr-diffusion/benchmarks/selfexsr/SelfExSR-master/data/Urban100/image_SRF_4/img_037_SRF_4_LR.png,26.240566594339395,24.854908075619964,0.7916849140367312,0.7664488338089233
Urban100,img_037,realesrgan,/home/ubuntu/scratch/sr-diffusion/benchmark_outputs/realesrgan/Urban100/img_037/RealESRGAN_x4plus.png,/home/ubuntu/scratch/sr-diffusion/benchmarks/selfexsr/SelfExSR-master/data/Urban100/image_SRF_4/img_037_SRF_4_HR.png,/home/ubuntu/scratch/sr-diffusion/benchmarks/selfexsr/SelfExSR-master/data/Urban100/image_SRF_4/img_037_SRF_4_LR.png,22.29082322019119,20.855909360537268,0.6624321615565067,0.6193746049589895
Urban100,img_038,bicubic,generated:matlab_bicubic_resize,/home/ubuntu/scratch/sr-diffusion/benchmarks/selfexsr/SelfExSR-master/data/Urban100/image_SRF_4/img_038_SRF_4_HR.png,/home/ubuntu/scratch/sr-diffusion/benchmarks/selfexsr/SelfExSR-master/data/Urban100/image_SRF_4/img_038_SRF_4_LR.png,24.610881305853823,23.30372851227349,0.5279054728153404,0.4780555847615065
Urban100,img_038,stage2_base,/home/ubuntu/scratch/sr-diffusion/benchmark_outputs/stage2_dual_best98000/Urban100/img_038/base.png,/home/ubuntu/scratch/sr-diffusion/benchmarks/selfexsr/SelfExSR-master/data/Urban100/image_SRF_4/img_038_SRF_4_HR.png,/home/ubuntu/scratch/sr-diffusion/benchmarks/selfexsr/SelfExSR-master/data/Urban100/image_SRF_4/img_038_SRF_4_LR.png,26.754676508333155,25.306156406864506,0.662141312915503,0.611495475027995
Urban100,img_038,latent_adapter_v1,/home/ubuntu/scratch/sr-diffusion/benchmark_outputs/stage2_latent_adapter_v1_best11000/Urban100/img_038/base.png,/home/ubuntu/scratch/sr-diffusion/benchmarks/selfexsr/SelfExSR-master/data/Urban100/image_SRF_4/img_038_SRF_4_HR.png,/home/ubuntu/scratch/sr-diffusion/benchmarks/selfexsr/SelfExSR-master/data/Urban100/image_SRF_4/img_038_SRF_4_LR.png,26.754690314163945,25.306073806170662,0.6640052451671963,0.6134850537596459
Urban100,img_038,guarded_v2,/home/ubuntu/scratch/sr-diffusion/benchmark_outputs/stage2_guarded_detail_v2_tta_off/Urban100/img_038/base.png,/home/ubuntu/scratch/sr-diffusion/benchmarks/selfexsr/SelfExSR-master/data/Urban100/image_SRF_4/img_038_SRF_4_HR.png,/home/ubuntu/scratch/sr-diffusion/benchmarks/selfexsr/SelfExSR-master/data/Urban100/image_SRF_4/img_038_SRF_4_LR.png,26.826469313727557,25.369543189349933,0.6686592995651729,0.6181227289159593
Urban100,img_038,guarded_v2_x8,/home/ubuntu/scratch/sr-diffusion/benchmark_outputs/stage2_guarded_detail_v2_tta_x8/Urban100/img_038/base.png,/home/ubuntu/scratch/sr-diffusion/benchmarks/selfexsr/SelfExSR-master/data/Urban100/image_SRF_4/img_038_SRF_4_HR.png,/home/ubuntu/scratch/sr-diffusion/benchmarks/selfexsr/SelfExSR-master/data/Urban100/image_SRF_4/img_038_SRF_4_LR.png,26.96464291298472,25.508834643706024,0.6746095499935083,0.6242969788418989
Urban100,img_038,detail_v2_masked,/home/ubuntu/scratch/sr-diffusion/benchmark_outputs/detail_v2_masked/Urban100/img_038/detail.png,/home/ubuntu/scratch/sr-diffusion/benchmarks/selfexsr/SelfExSR-master/data/Urban100/image_SRF_4/img_038_SRF_4_HR.png,/home/ubuntu/scratch/sr-diffusion/benchmarks/selfexsr/SelfExSR-master/data/Urban100/image_SRF_4/img_038_SRF_4_LR.png,27.151738780634084,25.68643206203177,0.683732831896888,0.6343860822637726
Urban100,img_038,realesrgan,/home/ubuntu/scratch/sr-diffusion/benchmark_outputs/realesrgan/Urban100/img_038/RealESRGAN_x4plus.png,/home/ubuntu/scratch/sr-diffusion/benchmarks/selfexsr/SelfExSR-master/data/Urban100/image_SRF_4/img_038_SRF_4_HR.png,/home/ubuntu/scratch/sr-diffusion/benchmarks/selfexsr/SelfExSR-master/data/Urban100/image_SRF_4/img_038_SRF_4_LR.png,24.961227173009096,23.39057343942839,0.5737100706884506,0.5120273679469186
Urban100,img_039,bicubic,generated:matlab_bicubic_resize,/home/ubuntu/scratch/sr-diffusion/benchmarks/selfexsr/SelfExSR-master/data/Urban100/image_SRF_4/img_039_SRF_4_HR.png,/home/ubuntu/scratch/sr-diffusion/benchmarks/selfexsr/SelfExSR-master/data/Urban100/image_SRF_4/img_039_SRF_4_LR.png,20.86096248287879,19.540952563301733,0.580224226360583,0.5601706351998925
Urban100,img_039,stage2_base,/home/ubuntu/scratch/sr-diffusion/benchmark_outputs/stage2_dual_best98000/Urban100/img_039/base.png,/home/ubuntu/scratch/sr-diffusion/benchmarks/selfexsr/SelfExSR-master/data/Urban100/image_SRF_4/img_039_SRF_4_HR.png,/home/ubuntu/scratch/sr-diffusion/benchmarks/selfexsr/SelfExSR-master/data/Urban100/image_SRF_4/img_039_SRF_4_LR.png,22.678463344140013,21.301621979270912,0.7163244740475917,0.6963814419676995
Urban100,img_039,latent_adapter_v1,/home/ubuntu/scratch/sr-diffusion/benchmark_outputs/stage2_latent_adapter_v1_best11000/Urban100/img_039/base.png,/home/ubuntu/scratch/sr-diffusion/benchmarks/selfexsr/SelfExSR-master/data/Urban100/image_SRF_4/img_039_SRF_4_HR.png,/home/ubuntu/scratch/sr-diffusion/benchmarks/selfexsr/SelfExSR-master/data/Urban100/image_SRF_4/img_039_SRF_4_LR.png,22.686887377888535,21.308704901162447,0.718070710149648,0.6980703479555395
Urban100,img_039,guarded_v2,/home/ubuntu/scratch/sr-diffusion/benchmark_outputs/stage2_guarded_detail_v2_tta_off/Urban100/img_039/base.png,/home/ubuntu/scratch/sr-diffusion/benchmarks/selfexsr/SelfExSR-master/data/Urban100/image_SRF_4/img_039_SRF_4_HR.png,/home/ubuntu/scratch/sr-diffusion/benchmarks/selfexsr/SelfExSR-master/data/Urban100/image_SRF_4/img_039_SRF_4_LR.png,22.750621078406468,21.36851891517662,0.7236764584079914,0.7034983155490657
Urban100,img_039,guarded_v2_x8,/home/ubuntu/scratch/sr-diffusion/benchmark_outputs/stage2_guarded_detail_v2_tta_x8/Urban100/img_039/base.png,/home/ubuntu/scratch/sr-diffusion/benchmarks/selfexsr/SelfExSR-master/data/Urban100/image_SRF_4/img_039_SRF_4_HR.png,/home/ubuntu/scratch/sr-diffusion/benchmarks/selfexsr/SelfExSR-master/data/Urban100/image_SRF_4/img_039_SRF_4_LR.png,22.78464151319797,21.408970546039818,0.7258816635724514,0.7064116403744688
Urban100,img_039,detail_v2_masked,/home/ubuntu/scratch/sr-diffusion/benchmark_outputs/detail_v2_masked/Urban100/img_039/detail.png,/home/ubuntu/scratch/sr-diffusion/benchmarks/selfexsr/SelfExSR-master/data/Urban100/image_SRF_4/img_039_SRF_4_HR.png,/home/ubuntu/scratch/sr-diffusion/benchmarks/selfexsr/SelfExSR-master/data/Urban100/image_SRF_4/img_039_SRF_4_LR.png,23.168141436781138,21.782044907978634,0.7473004872339737,0.7277643316456243
Urban100,img_039,realesrgan,/home/ubuntu/scratch/sr-diffusion/benchmark_outputs/realesrgan/Urban100/img_039/RealESRGAN_x4plus.png,/home/ubuntu/scratch/sr-diffusion/benchmarks/selfexsr/SelfExSR-master/data/Urban100/image_SRF_4/img_039_SRF_4_HR.png,/home/ubuntu/scratch/sr-diffusion/benchmarks/selfexsr/SelfExSR-master/data/Urban100/image_SRF_4/img_039_SRF_4_LR.png,19.521957640509253,17.99750855611007,0.6386839014610824,0.6045963425263351
Urban100,img_040,bicubic,generated:matlab_bicubic_resize,/home/ubuntu/scratch/sr-diffusion/benchmarks/selfexsr/SelfExSR-master/data/Urban100/image_SRF_4/img_040_SRF_4_HR.png,/home/ubuntu/scratch/sr-diffusion/benchmarks/selfexsr/SelfExSR-master/data/Urban100/image_SRF_4/img_040_SRF_4_LR.png,19.391685258669202,18.10707768593921,0.7048607787993993,0.6856945961240904
Urban100,img_040,stage2_base,/home/ubuntu/scratch/sr-diffusion/benchmark_outputs/stage2_dual_best98000/Urban100/img_040/base.png,/home/ubuntu/scratch/sr-diffusion/benchmarks/selfexsr/SelfExSR-master/data/Urban100/image_SRF_4/img_040_SRF_4_HR.png,/home/ubuntu/scratch/sr-diffusion/benchmarks/selfexsr/SelfExSR-master/data/Urban100/image_SRF_4/img_040_SRF_4_LR.png,26.76686612526837,25.370564127018717,0.9356129506786679,0.9249313177819433
Urban100,img_040,latent_adapter_v1,/home/ubuntu/scratch/sr-diffusion/benchmark_outputs/stage2_latent_adapter_v1_best11000/Urban100/img_040/base.png,/home/ubuntu/scratch/sr-diffusion/benchmarks/selfexsr/SelfExSR-master/data/Urban100/image_SRF_4/img_040_SRF_4_HR.png,/home/ubuntu/scratch/sr-diffusion/benchmarks/selfexsr/SelfExSR-master/data/Urban100/image_SRF_4/img_040_SRF_4_LR.png,26.779117637085463,25.38915551796109,0.9355854386001297,0.9245509364379384
Urban100,img_040,guarded_v2,/home/ubuntu/scratch/sr-diffusion/benchmark_outputs/stage2_guarded_detail_v2_tta_off/Urban100/img_040/base.png,/home/ubuntu/scratch/sr-diffusion/benchmarks/selfexsr/SelfExSR-master/data/Urban100/image_SRF_4/img_040_SRF_4_HR.png,/home/ubuntu/scratch/sr-diffusion/benchmarks/selfexsr/SelfExSR-master/data/Urban100/image_SRF_4/img_040_SRF_4_LR.png,26.32635551998375,24.925237982681125,0.9302389597936994,0.9206937909813121
Urban100,img_040,guarded_v2_x8,/home/ubuntu/scratch/sr-diffusion/benchmark_outputs/stage2_guarded_detail_v2_tta_x8/Urban100/img_040/base.png,/home/ubuntu/scratch/sr-diffusion/benchmarks/selfexsr/SelfExSR-master/data/Urban100/image_SRF_4/img_040_SRF_4_HR.png,/home/ubuntu/scratch/sr-diffusion/benchmarks/selfexsr/SelfExSR-master/data/Urban100/image_SRF_4/img_040_SRF_4_LR.png,25.967293322894427,24.603194210002222,0.9264433466822333,0.9177389772181038
Urban100,img_040,detail_v2_masked,/home/ubuntu/scratch/sr-diffusion/benchmark_outputs/detail_v2_masked/Urban100/img_040/detail.png,/home/ubuntu/scratch/sr-diffusion/benchmarks/selfexsr/SelfExSR-master/data/Urban100/image_SRF_4/img_040_SRF_4_HR.png,/home/ubuntu/scratch/sr-diffusion/benchmarks/selfexsr/SelfExSR-master/data/Urban100/image_SRF_4/img_040_SRF_4_LR.png,27.618259072667204,26.211033182228437,0.9454727725677131,0.9352195164245812
Urban100,img_040,realesrgan,/home/ubuntu/scratch/sr-diffusion/benchmark_outputs/realesrgan/Urban100/img_040/RealESRGAN_x4plus.png,/home/ubuntu/scratch/sr-diffusion/benchmarks/selfexsr/SelfExSR-master/data/Urban100/image_SRF_4/img_040_SRF_4_HR.png,/home/ubuntu/scratch/sr-diffusion/benchmarks/selfexsr/SelfExSR-master/data/Urban100/image_SRF_4/img_040_SRF_4_LR.png,20.485360092288914,19.05670115898272,0.8170217283206834,0.6983761566275897
Urban100,img_041,bicubic,generated:matlab_bicubic_resize,/home/ubuntu/scratch/sr-diffusion/benchmarks/selfexsr/SelfExSR-master/data/Urban100/image_SRF_4/img_041_SRF_4_HR.png,/home/ubuntu/scratch/sr-diffusion/benchmarks/selfexsr/SelfExSR-master/data/Urban100/image_SRF_4/img_041_SRF_4_LR.png,21.00269685618043,19.564343684985086,0.670134208158125,0.6540011303932478
Urban100,img_041,stage2_base,/home/ubuntu/scratch/sr-diffusion/benchmark_outputs/stage2_dual_best98000/Urban100/img_041/base.png,/home/ubuntu/scratch/sr-diffusion/benchmarks/selfexsr/SelfExSR-master/data/Urban100/image_SRF_4/img_041_SRF_4_HR.png,/home/ubuntu/scratch/sr-diffusion/benchmarks/selfexsr/SelfExSR-master/data/Urban100/image_SRF_4/img_041_SRF_4_LR.png,24.97682233167638,23.491842664717737,0.8464465802974406,0.8319780208220693
Urban100,img_041,latent_adapter_v1,/home/ubuntu/scratch/sr-diffusion/benchmark_outputs/stage2_latent_adapter_v1_best11000/Urban100/img_041/base.png,/home/ubuntu/scratch/sr-diffusion/benchmarks/selfexsr/SelfExSR-master/data/Urban100/image_SRF_4/img_041_SRF_4_HR.png,/home/ubuntu/scratch/sr-diffusion/benchmarks/selfexsr/SelfExSR-master/data/Urban100/image_SRF_4/img_041_SRF_4_LR.png,24.980651584110323,23.49913397396431,0.8471930445243856,0.8327108780419037
Urban100,img_041,guarded_v2,/home/ubuntu/scratch/sr-diffusion/benchmark_outputs/stage2_guarded_detail_v2_tta_off/Urban100/img_041/base.png,/home/ubuntu/scratch/sr-diffusion/benchmarks/selfexsr/SelfExSR-master/data/Urban100/image_SRF_4/img_041_SRF_4_HR.png,/home/ubuntu/scratch/sr-diffusion/benchmarks/selfexsr/SelfExSR-master/data/Urban100/image_SRF_4/img_041_SRF_4_LR.png,24.979598445360516,23.498821018622458,0.8476846473330256,0.8336420624793632
Urban100,img_041,guarded_v2_x8,/home/ubuntu/scratch/sr-diffusion/benchmark_outputs/stage2_guarded_detail_v2_tta_x8/Urban100/img_041/base.png,/home/ubuntu/scratch/sr-diffusion/benchmarks/selfexsr/SelfExSR-master/data/Urban100/image_SRF_4/img_041_SRF_4_HR.png,/home/ubuntu/scratch/sr-diffusion/benchmarks/selfexsr/SelfExSR-master/data/Urban100/image_SRF_4/img_041_SRF_4_LR.png,25.1372052374796,23.65852864524568,0.8537251460694849,0.8404013830885798
Urban100,img_041,detail_v2_masked,/home/ubuntu/scratch/sr-diffusion/benchmark_outputs/detail_v2_masked/Urban100/img_041/detail.png,/home/ubuntu/scratch/sr-diffusion/benchmarks/selfexsr/SelfExSR-master/data/Urban100/image_SRF_4/img_041_SRF_4_HR.png,/home/ubuntu/scratch/sr-diffusion/benchmarks/selfexsr/SelfExSR-master/data/Urban100/image_SRF_4/img_041_SRF_4_LR.png,25.903955679407822,24.406343949106684,0.8725338665659785,0.8588679111476724
Urban100,img_041,realesrgan,/home/ubuntu/scratch/sr-diffusion/benchmark_outputs/realesrgan/Urban100/img_041/RealESRGAN_x4plus.png,/home/ubuntu/scratch/sr-diffusion/benchmarks/selfexsr/SelfExSR-master/data/Urban100/image_SRF_4/img_041_SRF_4_HR.png,/home/ubuntu/scratch/sr-diffusion/benchmarks/selfexsr/SelfExSR-master/data/Urban100/image_SRF_4/img_041_SRF_4_LR.png,22.16205392317757,20.467744727783924,0.7750548808414965,0.737036375865193
Urban100,img_042,bicubic,generated:matlab_bicubic_resize,/home/ubuntu/scratch/sr-diffusion/benchmarks/selfexsr/SelfExSR-master/data/Urban100/image_SRF_4/img_042_SRF_4_HR.png,/home/ubuntu/scratch/sr-diffusion/benchmarks/selfexsr/SelfExSR-master/data/Urban100/image_SRF_4/img_042_SRF_4_LR.png,24.833446070514263,23.511524758637524,0.7700563414029394,0.7541242615940987
Urban100,img_042,stage2_base,/home/ubuntu/scratch/sr-diffusion/benchmark_outputs/stage2_dual_best98000/Urban100/img_042/base.png,/home/ubuntu/scratch/sr-diffusion/benchmarks/selfexsr/SelfExSR-master/data/Urban100/image_SRF_4/img_042_SRF_4_HR.png,/home/ubuntu/scratch/sr-diffusion/benchmarks/selfexsr/SelfExSR-master/data/Urban100/image_SRF_4/img_042_SRF_4_LR.png,28.440538656532425,27.103758496568165,0.8774749993567559,0.8668935707009616
Urban100,img_042,latent_adapter_v1,/home/ubuntu/scratch/sr-diffusion/benchmark_outputs/stage2_latent_adapter_v1_best11000/Urban100/img_042/base.png,/home/ubuntu/scratch/sr-diffusion/benchmarks/selfexsr/SelfExSR-master/data/Urban100/image_SRF_4/img_042_SRF_4_HR.png,/home/ubuntu/scratch/sr-diffusion/benchmarks/selfexsr/SelfExSR-master/data/Urban100/image_SRF_4/img_042_SRF_4_LR.png,28.407426140205303,27.07189180746402,0.8781373223293408,0.8675846836659312
Urban100,img_042,guarded_v2,/home/ubuntu/scratch/sr-diffusion/benchmark_outputs/stage2_guarded_detail_v2_tta_off/Urban100/img_042/base.png,/home/ubuntu/scratch/sr-diffusion/benchmarks/selfexsr/SelfExSR-master/data/Urban100/image_SRF_4/img_042_SRF_4_HR.png,/home/ubuntu/scratch/sr-diffusion/benchmarks/selfexsr/SelfExSR-master/data/Urban100/image_SRF_4/img_042_SRF_4_LR.png,28.41197211031142,27.07840196716709,0.8772821240726726,0.8669225387911791
Urban100,img_042,guarded_v2_x8,/home/ubuntu/scratch/sr-diffusion/benchmark_outputs/stage2_guarded_detail_v2_tta_x8/Urban100/img_042/base.png,/home/ubuntu/scratch/sr-diffusion/benchmarks/selfexsr/SelfExSR-master/data/Urban100/image_SRF_4/img_042_SRF_4_HR.png,/home/ubuntu/scratch/sr-diffusion/benchmarks/selfexsr/SelfExSR-master/data/Urban100/image_SRF_4/img_042_SRF_4_LR.png,28.497588728368232,27.169642806900747,0.8787656726970582,0.8687126352041113
Urban100,img_042,detail_v2_masked,/home/ubuntu/scratch/sr-diffusion/benchmark_outputs/detail_v2_masked/Urban100/img_042/detail.png,/home/ubuntu/scratch/sr-diffusion/benchmarks/selfexsr/SelfExSR-master/data/Urban100/image_SRF_4/img_042_SRF_4_HR.png,/home/ubuntu/scratch/sr-diffusion/benchmarks/selfexsr/SelfExSR-master/data/Urban100/image_SRF_4/img_042_SRF_4_LR.png,29.12941352379185,27.794787926401433,0.8932645263843854,0.883598145748811
Urban100,img_042,realesrgan,/home/ubuntu/scratch/sr-diffusion/benchmark_outputs/realesrgan/Urban100/img_042/RealESRGAN_x4plus.png,/home/ubuntu/scratch/sr-diffusion/benchmarks/selfexsr/SelfExSR-master/data/Urban100/image_SRF_4/img_042_SRF_4_HR.png,/home/ubuntu/scratch/sr-diffusion/benchmarks/selfexsr/SelfExSR-master/data/Urban100/image_SRF_4/img_042_SRF_4_LR.png,23.733490726441214,22.415709565012595,0.7932586000198425,0.775117554320155
Urban100,img_043,bicubic,generated:matlab_bicubic_resize,/home/ubuntu/scratch/sr-diffusion/benchmarks/selfexsr/SelfExSR-master/data/Urban100/image_SRF_4/img_043_SRF_4_HR.png,/home/ubuntu/scratch/sr-diffusion/benchmarks/selfexsr/SelfExSR-master/data/Urban100/image_SRF_4/img_043_SRF_4_LR.png,22.09214145472089,20.8580983774256,0.7866731227688118,0.7546120155027055
Urban100,img_043,stage2_base,/home/ubuntu/scratch/sr-diffusion/benchmark_outputs/stage2_dual_best98000/Urban100/img_043/base.png,/home/ubuntu/scratch/sr-diffusion/benchmarks/selfexsr/SelfExSR-master/data/Urban100/image_SRF_4/img_043_SRF_4_HR.png,/home/ubuntu/scratch/sr-diffusion/benchmarks/selfexsr/SelfExSR-master/data/Urban100/image_SRF_4/img_043_SRF_4_LR.png,31.54396979804558,29.763881429477983,0.929821441909029,0.9017408753977684
Urban100,img_043,latent_adapter_v1,/home/ubuntu/scratch/sr-diffusion/benchmark_outputs/stage2_latent_adapter_v1_best11000/Urban100/img_043/base.png,/home/ubuntu/scratch/sr-diffusion/benchmarks/selfexsr/SelfExSR-master/data/Urban100/image_SRF_4/img_043_SRF_4_HR.png,/home/ubuntu/scratch/sr-diffusion/benchmarks/selfexsr/SelfExSR-master/data/Urban100/image_SRF_4/img_043_SRF_4_LR.png,31.577487001647935,29.7876473720775,0.9300455897641516,0.9019476999255197
Urban100,img_043,guarded_v2,/home/ubuntu/scratch/sr-diffusion/benchmark_outputs/stage2_guarded_detail_v2_tta_off/Urban100/img_043/base.png,/home/ubuntu/scratch/sr-diffusion/benchmarks/selfexsr/SelfExSR-master/data/Urban100/image_SRF_4/img_043_SRF_4_HR.png,/home/ubuntu/scratch/sr-diffusion/benchmarks/selfexsr/SelfExSR-master/data/Urban100/image_SRF_4/img_043_SRF_4_LR.png,31.496424891639695,29.755298280239412,0.930001120587953,0.9038306366882614
Urban100,img_043,guarded_v2_x8,/home/ubuntu/scratch/sr-diffusion/benchmark_outputs/stage2_guarded_detail_v2_tta_x8/Urban100/img_043/base.png,/home/ubuntu/scratch/sr-diffusion/benchmarks/selfexsr/SelfExSR-master/data/Urban100/image_SRF_4/img_043_SRF_4_HR.png,/home/ubuntu/scratch/sr-diffusion/benchmarks/selfexsr/SelfExSR-master/data/Urban100/image_SRF_4/img_043_SRF_4_LR.png,31.622123356503767,29.96440690384151,0.9313489844122846,0.9070918683925405
Urban100,img_043,detail_v2_masked,/home/ubuntu/scratch/sr-diffusion/benchmark_outputs/detail_v2_masked/Urban100/img_043/detail.png,/home/ubuntu/scratch/sr-diffusion/benchmarks/selfexsr/SelfExSR-master/data/Urban100/image_SRF_4/img_043_SRF_4_HR.png,/home/ubuntu/scratch/sr-diffusion/benchmarks/selfexsr/SelfExSR-master/data/Urban100/image_SRF_4/img_043_SRF_4_LR.png,32.75193730903883,30.852395495557346,0.9383537531565656,0.9128950546047981
Urban100,img_043,realesrgan,/home/ubuntu/scratch/sr-diffusion/benchmark_outputs/realesrgan/Urban100/img_043/RealESRGAN_x4plus.png,/home/ubuntu/scratch/sr-diffusion/benchmarks/selfexsr/SelfExSR-master/data/Urban100/image_SRF_4/img_043_SRF_4_HR.png,/home/ubuntu/scratch/sr-diffusion/benchmarks/selfexsr/SelfExSR-master/data/Urban100/image_SRF_4/img_043_SRF_4_LR.png,27.438865912681607,25.79194246131964,0.8880074190733537,0.8433562267177174
Urban100,img_044,bicubic,generated:matlab_bicubic_resize,/home/ubuntu/scratch/sr-diffusion/benchmarks/selfexsr/SelfExSR-master/data/Urban100/image_SRF_4/img_044_SRF_4_HR.png,/home/ubuntu/scratch/sr-diffusion/benchmarks/selfexsr/SelfExSR-master/data/Urban100/image_SRF_4/img_044_SRF_4_LR.png,26.91824147945563,25.119099097292512,0.725331923031809,0.6917636583408248
Urban100,img_044,stage2_base,/home/ubuntu/scratch/sr-diffusion/benchmark_outputs/stage2_dual_best98000/Urban100/img_044/base.png,/home/ubuntu/scratch/sr-diffusion/benchmarks/selfexsr/SelfExSR-master/data/Urban100/image_SRF_4/img_044_SRF_4_HR.png,/home/ubuntu/scratch/sr-diffusion/benchmarks/selfexsr/SelfExSR-master/data/Urban100/image_SRF_4/img_044_SRF_4_LR.png,29.607851875281778,27.907631216163935,0.8364364786950498,0.811239022317006
Urban100,img_044,latent_adapter_v1,/home/ubuntu/scratch/sr-diffusion/benchmark_outputs/stage2_latent_adapter_v1_best11000/Urban100/img_044/base.png,/home/ubuntu/scratch/sr-diffusion/benchmarks/selfexsr/SelfExSR-master/data/Urban100/image_SRF_4/img_044_SRF_4_HR.png,/home/ubuntu/scratch/sr-diffusion/benchmarks/selfexsr/SelfExSR-master/data/Urban100/image_SRF_4/img_044_SRF_4_LR.png,29.37652201474288,27.70899109219669,0.8355912886939499,0.8108883118805279
Urban100,img_044,guarded_v2,/home/ubuntu/scratch/sr-diffusion/benchmark_outputs/stage2_guarded_detail_v2_tta_off/Urban100/img_044/base.png,/home/ubuntu/scratch/sr-diffusion/benchmarks/selfexsr/SelfExSR-master/data/Urban100/image_SRF_4/img_044_SRF_4_HR.png,/home/ubuntu/scratch/sr-diffusion/benchmarks/selfexsr/SelfExSR-master/data/Urban100/image_SRF_4/img_044_SRF_4_LR.png,29.681296132618336,27.993113282615333,0.8389497076634528,0.8139876492938917
Urban100,img_044,guarded_v2_x8,/home/ubuntu/scratch/sr-diffusion/benchmark_outputs/stage2_guarded_detail_v2_tta_x8/Urban100/img_044/base.png,/home/ubuntu/scratch/sr-diffusion/benchmarks/selfexsr/SelfExSR-master/data/Urban100/image_SRF_4/img_044_SRF_4_HR.png,/home/ubuntu/scratch/sr-diffusion/benchmarks/selfexsr/SelfExSR-master/data/Urban100/image_SRF_4/img_044_SRF_4_LR.png,29.704829893943323,28.036693487108977,0.841707491250249,0.8174451123044021
Urban100,img_044,detail_v2_masked,/home/ubuntu/scratch/sr-diffusion/benchmark_outputs/detail_v2_masked/Urban100/img_044/detail.png,/home/ubuntu/scratch/sr-diffusion/benchmarks/selfexsr/SelfExSR-master/data/Urban100/image_SRF_4/img_044_SRF_4_HR.png,/home/ubuntu/scratch/sr-diffusion/benchmarks/selfexsr/SelfExSR-master/data/Urban100/image_SRF_4/img_044_SRF_4_LR.png,29.07254921937462,27.4463499230746,0.8395629450974935,0.8158082472728451
Urban100,img_044,realesrgan,/home/ubuntu/scratch/sr-diffusion/benchmark_outputs/realesrgan/Urban100/img_044/RealESRGAN_x4plus.png,/home/ubuntu/scratch/sr-diffusion/benchmarks/selfexsr/SelfExSR-master/data/Urban100/image_SRF_4/img_044_SRF_4_HR.png,/home/ubuntu/scratch/sr-diffusion/benchmarks/selfexsr/SelfExSR-master/data/Urban100/image_SRF_4/img_044_SRF_4_LR.png,22.333638164275467,20.848278766475502,0.7032068961441298,0.6649685391557282
Urban100,img_045,bicubic,generated:matlab_bicubic_resize,/home/ubuntu/scratch/sr-diffusion/benchmarks/selfexsr/SelfExSR-master/data/Urban100/image_SRF_4/img_045_SRF_4_HR.png,/home/ubuntu/scratch/sr-diffusion/benchmarks/selfexsr/SelfExSR-master/data/Urban100/image_SRF_4/img_045_SRF_4_LR.png,20.942833540092014,19.62091222821528,0.5233487106974949,0.5020304116095443
Urban100,img_045,stage2_base,/home/ubuntu/scratch/sr-diffusion/benchmark_outputs/stage2_dual_best98000/Urban100/img_045/base.png,/home/ubuntu/scratch/sr-diffusion/benchmarks/selfexsr/SelfExSR-master/data/Urban100/image_SRF_4/img_045_SRF_4_HR.png,/home/ubuntu/scratch/sr-diffusion/benchmarks/selfexsr/SelfExSR-master/data/Urban100/image_SRF_4/img_045_SRF_4_LR.png,22.79548979774823,21.47679978106499,0.6495661877292986,0.6297588660812244
Urban100,img_045,latent_adapter_v1,/home/ubuntu/scratch/sr-diffusion/benchmark_outputs/stage2_latent_adapter_v1_best11000/Urban100/img_045/base.png,/home/ubuntu/scratch/sr-diffusion/benchmarks/selfexsr/SelfExSR-master/data/Urban100/image_SRF_4/img_045_SRF_4_HR.png,/home/ubuntu/scratch/sr-diffusion/benchmarks/selfexsr/SelfExSR-master/data/Urban100/image_SRF_4/img_045_SRF_4_LR.png,22.848517480078065,21.52775170975009,0.652609019224768,0.63296813226471
Urban100,img_045,guarded_v2,/home/ubuntu/scratch/sr-diffusion/benchmark_outputs/stage2_guarded_detail_v2_tta_off/Urban100/img_045/base.png,/home/ubuntu/scratch/sr-diffusion/benchmarks/selfexsr/SelfExSR-master/data/Urban100/image_SRF_4/img_045_SRF_4_HR.png,/home/ubuntu/scratch/sr-diffusion/benchmarks/selfexsr/SelfExSR-master/data/Urban100/image_SRF_4/img_045_SRF_4_LR.png,22.981223051653163,21.66155370489127,0.6610961147832436,0.6427059225442288
Urban100,img_045,guarded_v2_x8,/home/ubuntu/scratch/sr-diffusion/benchmark_outputs/stage2_guarded_detail_v2_tta_x8/Urban100/img_045/base.png,/home/ubuntu/scratch/sr-diffusion/benchmarks/selfexsr/SelfExSR-master/data/Urban100/image_SRF_4/img_045_SRF_4_HR.png,/home/ubuntu/scratch/sr-diffusion/benchmarks/selfexsr/SelfExSR-master/data/Urban100/image_SRF_4/img_045_SRF_4_LR.png,23.043837669548918,21.719186934334363,0.664776498264895,0.6472291620301981
Urban100,img_045,detail_v2_masked,/home/ubuntu/scratch/sr-diffusion/benchmark_outputs/detail_v2_masked/Urban100/img_045/detail.png,/home/ubuntu/scratch/sr-diffusion/benchmarks/selfexsr/SelfExSR-master/data/Urban100/image_SRF_4/img_045_SRF_4_HR.png,/home/ubuntu/scratch/sr-diffusion/benchmarks/selfexsr/SelfExSR-master/data/Urban100/image_SRF_4/img_045_SRF_4_LR.png,23.018893651999793,21.701910650640485,0.6626552042207425,0.6438609770011227
Urban100,img_045,realesrgan,/home/ubuntu/scratch/sr-diffusion/benchmark_outputs/realesrgan/Urban100/img_045/RealESRGAN_x4plus.png,/home/ubuntu/scratch/sr-diffusion/benchmarks/selfexsr/SelfExSR-master/data/Urban100/image_SRF_4/img_045_SRF_4_HR.png,/home/ubuntu/scratch/sr-diffusion/benchmarks/selfexsr/SelfExSR-master/data/Urban100/image_SRF_4/img_045_SRF_4_LR.png,19.558718162140746,18.26344301905277,0.4928333543573963,0.4736319563416556
Urban100,img_046,bicubic,generated:matlab_bicubic_resize,/home/ubuntu/scratch/sr-diffusion/benchmarks/selfexsr/SelfExSR-master/data/Urban100/image_SRF_4/img_046_SRF_4_HR.png,/home/ubuntu/scratch/sr-diffusion/benchmarks/selfexsr/SelfExSR-master/data/Urban100/image_SRF_4/img_046_SRF_4_LR.png,22.6917189526936,21.248513202494657,0.676226715727056,0.668251983807448
Urban100,img_046,stage2_base,/home/ubuntu/scratch/sr-diffusion/benchmark_outputs/stage2_dual_best98000/Urban100/img_046/base.png,/home/ubuntu/scratch/sr-diffusion/benchmarks/selfexsr/SelfExSR-master/data/Urban100/image_SRF_4/img_046_SRF_4_HR.png,/home/ubuntu/scratch/sr-diffusion/benchmarks/selfexsr/SelfExSR-master/data/Urban100/image_SRF_4/img_046_SRF_4_LR.png,23.426073066294677,21.993649700361605,0.743140388920677,0.7368908336888625
Urban100,img_046,latent_adapter_v1,/home/ubuntu/scratch/sr-diffusion/benchmark_outputs/stage2_latent_adapter_v1_best11000/Urban100/img_046/base.png,/home/ubuntu/scratch/sr-diffusion/benchmarks/selfexsr/SelfExSR-master/data/Urban100/image_SRF_4/img_046_SRF_4_HR.png,/home/ubuntu/scratch/sr-diffusion/benchmarks/selfexsr/SelfExSR-master/data/Urban100/image_SRF_4/img_046_SRF_4_LR.png,23.420082667759885,21.98648238369273,0.7440022322067986,0.737685155535468
Urban100,img_046,guarded_v2,/home/ubuntu/scratch/sr-diffusion/benchmark_outputs/stage2_guarded_detail_v2_tta_off/Urban100/img_046/base.png,/home/ubuntu/scratch/sr-diffusion/benchmarks/selfexsr/SelfExSR-master/data/Urban100/image_SRF_4/img_046_SRF_4_HR.png,/home/ubuntu/scratch/sr-diffusion/benchmarks/selfexsr/SelfExSR-master/data/Urban100/image_SRF_4/img_046_SRF_4_LR.png,23.42025429752308,21.986766607573472,0.7455821103058013,0.7393621803988003
Urban100,img_046,guarded_v2_x8,/home/ubuntu/scratch/sr-diffusion/benchmark_outputs/stage2_guarded_detail_v2_tta_x8/Urban100/img_046/base.png,/home/ubuntu/scratch/sr-diffusion/benchmarks/selfexsr/SelfExSR-master/data/Urban100/image_SRF_4/img_046_SRF_4_HR.png,/home/ubuntu/scratch/sr-diffusion/benchmarks/selfexsr/SelfExSR-master/data/Urban100/image_SRF_4/img_046_SRF_4_LR.png,23.48339478031309,22.055616164969333,0.746715148202574,0.740802126793538
Urban100,img_046,detail_v2_masked,/home/ubuntu/scratch/sr-diffusion/benchmark_outputs/detail_v2_masked/Urban100/img_046/detail.png,/home/ubuntu/scratch/sr-diffusion/benchmarks/selfexsr/SelfExSR-master/data/Urban100/image_SRF_4/img_046_SRF_4_HR.png,/home/ubuntu/scratch/sr-diffusion/benchmarks/selfexsr/SelfExSR-master/data/Urban100/image_SRF_4/img_046_SRF_4_LR.png,23.505963216697268,22.07495014303605,0.7523419471366976,0.7469447263017052
Urban100,img_046,realesrgan,/home/ubuntu/scratch/sr-diffusion/benchmark_outputs/realesrgan/Urban100/img_046/RealESRGAN_x4plus.png,/home/ubuntu/scratch/sr-diffusion/benchmarks/selfexsr/SelfExSR-master/data/Urban100/image_SRF_4/img_046_SRF_4_HR.png,/home/ubuntu/scratch/sr-diffusion/benchmarks/selfexsr/SelfExSR-master/data/Urban100/image_SRF_4/img_046_SRF_4_LR.png,21.902544061361283,20.256904740028382,0.7020629140092763,0.6801711004639738
Urban100,img_047,bicubic,generated:matlab_bicubic_resize,/home/ubuntu/scratch/sr-diffusion/benchmarks/selfexsr/SelfExSR-master/data/Urban100/image_SRF_4/img_047_SRF_4_HR.png,/home/ubuntu/scratch/sr-diffusion/benchmarks/selfexsr/SelfExSR-master/data/Urban100/image_SRF_4/img_047_SRF_4_LR.png,20.007095585686237,18.531197246602172,0.6283830771696631,0.6143848155612385
Urban100,img_047,stage2_base,/home/ubuntu/scratch/sr-diffusion/benchmark_outputs/stage2_dual_best98000/Urban100/img_047/base.png,/home/ubuntu/scratch/sr-diffusion/benchmarks/selfexsr/SelfExSR-master/data/Urban100/image_SRF_4/img_047_SRF_4_HR.png,/home/ubuntu/scratch/sr-diffusion/benchmarks/selfexsr/SelfExSR-master/data/Urban100/image_SRF_4/img_047_SRF_4_LR.png,21.448711446584298,19.963344080717718,0.7371164803463799,0.7247583311918899
Urban100,img_047,latent_adapter_v1,/home/ubuntu/scratch/sr-diffusion/benchmark_outputs/stage2_latent_adapter_v1_best11000/Urban100/img_047/base.png,/home/ubuntu/scratch/sr-diffusion/benchmarks/selfexsr/SelfExSR-master/data/Urban100/image_SRF_4/img_047_SRF_4_HR.png,/home/ubuntu/scratch/sr-diffusion/benchmarks/selfexsr/SelfExSR-master/data/Urban100/image_SRF_4/img_047_SRF_4_LR.png,21.447969415932135,19.963899925333706,0.7389064381749713,0.7265643311764398
Urban100,img_047,guarded_v2,/home/ubuntu/scratch/sr-diffusion/benchmark_outputs/stage2_guarded_detail_v2_tta_off/Urban100/img_047/base.png,/home/ubuntu/scratch/sr-diffusion/benchmarks/selfexsr/SelfExSR-master/data/Urban100/image_SRF_4/img_047_SRF_4_HR.png,/home/ubuntu/scratch/sr-diffusion/benchmarks/selfexsr/SelfExSR-master/data/Urban100/image_SRF_4/img_047_SRF_4_LR.png,21.48336159955686,19.996411065228678,0.7406365756176913,0.728294787719475
Urban100,img_047,guarded_v2_x8,/home/ubuntu/scratch/sr-diffusion/benchmark_outputs/stage2_guarded_detail_v2_tta_x8/Urban100/img_047/base.png,/home/ubuntu/scratch/sr-diffusion/benchmarks/selfexsr/SelfExSR-master/data/Urban100/image_SRF_4/img_047_SRF_4_HR.png,/home/ubuntu/scratch/sr-diffusion/benchmarks/selfexsr/SelfExSR-master/data/Urban100/image_SRF_4/img_047_SRF_4_LR.png,21.492889992672982,20.008843918319382,0.7404379621796261,0.7285024780094781
Urban100,img_047,detail_v2_masked,/home/ubuntu/scratch/sr-diffusion/benchmark_outputs/detail_v2_masked/Urban100/img_047/detail.png,/home/ubuntu/scratch/sr-diffusion/benchmarks/selfexsr/SelfExSR-master/data/Urban100/image_SRF_4/img_047_SRF_4_HR.png,/home/ubuntu/scratch/sr-diffusion/benchmarks/selfexsr/SelfExSR-master/data/Urban100/image_SRF_4/img_047_SRF_4_LR.png,21.81266243494381,20.326724255806184,0.7575474137883621,0.7458915571939588
Urban100,img_047,realesrgan,/home/ubuntu/scratch/sr-diffusion/benchmark_outputs/realesrgan/Urban100/img_047/RealESRGAN_x4plus.png,/home/ubuntu/scratch/sr-diffusion/benchmarks/selfexsr/SelfExSR-master/data/Urban100/image_SRF_4/img_047_SRF_4_HR.png,/home/ubuntu/scratch/sr-diffusion/benchmarks/selfexsr/SelfExSR-master/data/Urban100/image_SRF_4/img_047_SRF_4_LR.png,18.70730841422662,17.262276128060286,0.6697473755435803,0.6484413189264792
Urban100,img_048,bicubic,generated:matlab_bicubic_resize,/home/ubuntu/scratch/sr-diffusion/benchmarks/selfexsr/SelfExSR-master/data/Urban100/image_SRF_4/img_048_SRF_4_HR.png,/home/ubuntu/scratch/sr-diffusion/benchmarks/selfexsr/SelfExSR-master/data/Urban100/image_SRF_4/img_048_SRF_4_LR.png,18.182879256931443,16.901513469311208,0.6728650110790243,0.6598791606787104
Urban100,img_048,stage2_base,/home/ubuntu/scratch/sr-diffusion/benchmark_outputs/stage2_dual_best98000/Urban100/img_048/base.png,/home/ubuntu/scratch/sr-diffusion/benchmarks/selfexsr/SelfExSR-master/data/Urban100/image_SRF_4/img_048_SRF_4_HR.png,/home/ubuntu/scratch/sr-diffusion/benchmarks/selfexsr/SelfExSR-master/data/Urban100/image_SRF_4/img_048_SRF_4_LR.png,19.607753325767796,18.30859260672481,0.786469056942945,0.7749146023474781
Urban100,img_048,latent_adapter_v1,/home/ubuntu/scratch/sr-diffusion/benchmark_outputs/stage2_latent_adapter_v1_best11000/Urban100/img_048/base.png,/home/ubuntu/scratch/sr-diffusion/benchmarks/selfexsr/SelfExSR-master/data/Urban100/image_SRF_4/img_048_SRF_4_HR.png,/home/ubuntu/scratch/sr-diffusion/benchmarks/selfexsr/SelfExSR-master/data/Urban100/image_SRF_4/img_048_SRF_4_LR.png,19.5933101351342,18.294644770016724,0.787496777478104,0.7761819714794925
Urban100,img_048,guarded_v2,/home/ubuntu/scratch/sr-diffusion/benchmark_outputs/stage2_guarded_detail_v2_tta_off/Urban100/img_048/base.png,/home/ubuntu/scratch/sr-diffusion/benchmarks/selfexsr/SelfExSR-master/data/Urban100/image_SRF_4/img_048_SRF_4_HR.png,/home/ubuntu/scratch/sr-diffusion/benchmarks/selfexsr/SelfExSR-master/data/Urban100/image_SRF_4/img_048_SRF_4_LR.png,19.624465230226786,18.3237864192223,0.7850982470583258,0.7739533309472297
Urban100,img_048,guarded_v2_x8,/home/ubuntu/scratch/sr-diffusion/benchmark_outputs/stage2_guarded_detail_v2_tta_x8/Urban100/img_048/base.png,/home/ubuntu/scratch/sr-diffusion/benchmarks/selfexsr/SelfExSR-master/data/Urban100/image_SRF_4/img_048_SRF_4_HR.png,/home/ubuntu/scratch/sr-diffusion/benchmarks/selfexsr/SelfExSR-master/data/Urban100/image_SRF_4/img_048_SRF_4_LR.png,19.67542040871394,18.38044542306875,0.7857295809598737,0.7752255300272112
Urban100,img_048,detail_v2_masked,/home/ubuntu/scratch/sr-diffusion/benchmark_outputs/detail_v2_masked/Urban100/img_048/detail.png,/home/ubuntu/scratch/sr-diffusion/benchmarks/selfexsr/SelfExSR-master/data/Urban100/image_SRF_4/img_048_SRF_4_HR.png,/home/ubuntu/scratch/sr-diffusion/benchmarks/selfexsr/SelfExSR-master/data/Urban100/image_SRF_4/img_048_SRF_4_LR.png,19.799388494689385,18.50173544677661,0.7978984783950713,0.7864386421862705
Urban100,img_048,realesrgan,/home/ubuntu/scratch/sr-diffusion/benchmark_outputs/realesrgan/Urban100/img_048/RealESRGAN_x4plus.png,/home/ubuntu/scratch/sr-diffusion/benchmarks/selfexsr/SelfExSR-master/data/Urban100/image_SRF_4/img_048_SRF_4_HR.png,/home/ubuntu/scratch/sr-diffusion/benchmarks/selfexsr/SelfExSR-master/data/Urban100/image_SRF_4/img_048_SRF_4_LR.png,18.019629333888076,16.699500146893897,0.712343812310919,0.6887450910175718
Urban100,img_049,bicubic,generated:matlab_bicubic_resize,/home/ubuntu/scratch/sr-diffusion/benchmarks/selfexsr/SelfExSR-master/data/Urban100/image_SRF_4/img_049_SRF_4_HR.png,/home/ubuntu/scratch/sr-diffusion/benchmarks/selfexsr/SelfExSR-master/data/Urban100/image_SRF_4/img_049_SRF_4_LR.png,20.491151262248792,19.012331275059587,0.5935690480451038,0.5686011087235571
Urban100,img_049,stage2_base,/home/ubuntu/scratch/sr-diffusion/benchmark_outputs/stage2_dual_best98000/Urban100/img_049/base.png,/home/ubuntu/scratch/sr-diffusion/benchmarks/selfexsr/SelfExSR-master/data/Urban100/image_SRF_4/img_049_SRF_4_HR.png,/home/ubuntu/scratch/sr-diffusion/benchmarks/selfexsr/SelfExSR-master/data/Urban100/image_SRF_4/img_049_SRF_4_LR.png,23.095668078329666,21.561900580493855,0.7319815686891451,0.7110923503479119
Urban100,img_049,latent_adapter_v1,/home/ubuntu/scratch/sr-diffusion/benchmark_outputs/stage2_latent_adapter_v1_best11000/Urban100/img_049/base.png,/home/ubuntu/scratch/sr-diffusion/benchmarks/selfexsr/SelfExSR-master/data/Urban100/image_SRF_4/img_049_SRF_4_HR.png,/home/ubuntu/scratch/sr-diffusion/benchmarks/selfexsr/SelfExSR-master/data/Urban100/image_SRF_4/img_049_SRF_4_LR.png,23.100482910257753,21.567133142534182,0.7333808441099642,0.7123364220805618
Urban100,img_049,guarded_v2,/home/ubuntu/scratch/sr-diffusion/benchmark_outputs/stage2_guarded_detail_v2_tta_off/Urban100/img_049/base.png,/home/ubuntu/scratch/sr-diffusion/benchmarks/selfexsr/SelfExSR-master/data/Urban100/image_SRF_4/img_049_SRF_4_HR.png,/home/ubuntu/scratch/sr-diffusion/benchmarks/selfexsr/SelfExSR-master/data/Urban100/image_SRF_4/img_049_SRF_4_LR.png,23.105289066535278,21.573809439737555,0.7349667700891244,0.7137089288203983
Urban100,img_049,guarded_v2_x8,/home/ubuntu/scratch/sr-diffusion/benchmark_outputs/stage2_guarded_detail_v2_tta_x8/Urban100/img_049/base.png,/home/ubuntu/scratch/sr-diffusion/benchmarks/selfexsr/SelfExSR-master/data/Urban100/image_SRF_4/img_049_SRF_4_HR.png,/home/ubuntu/scratch/sr-diffusion/benchmarks/selfexsr/SelfExSR-master/data/Urban100/image_SRF_4/img_049_SRF_4_LR.png,23.15395431225896,21.62294731715609,0.7362306620736578,0.7154718537078028
Urban100,img_049,detail_v2_masked,/home/ubuntu/scratch/sr-diffusion/benchmark_outputs/detail_v2_masked/Urban100/img_049/detail.png,/home/ubuntu/scratch/sr-diffusion/benchmarks/selfexsr/SelfExSR-master/data/Urban100/image_SRF_4/img_049_SRF_4_HR.png,/home/ubuntu/scratch/sr-diffusion/benchmarks/selfexsr/SelfExSR-master/data/Urban100/image_SRF_4/img_049_SRF_4_LR.png,23.44661687935947,21.912097225150905,0.7497085725394484,0.729697626267928
Urban100,img_049,realesrgan,/home/ubuntu/scratch/sr-diffusion/benchmark_outputs/realesrgan/Urban100/img_049/RealESRGAN_x4plus.png,/home/ubuntu/scratch/sr-diffusion/benchmarks/selfexsr/SelfExSR-master/data/Urban100/image_SRF_4/img_049_SRF_4_HR.png,/home/ubuntu/scratch/sr-diffusion/benchmarks/selfexsr/SelfExSR-master/data/Urban100/image_SRF_4/img_049_SRF_4_LR.png,21.100729789223365,19.451041252678763,0.6408508609360986,0.6026315012096527
Urban100,img_050,bicubic,generated:matlab_bicubic_resize,/home/ubuntu/scratch/sr-diffusion/benchmarks/selfexsr/SelfExSR-master/data/Urban100/image_SRF_4/img_050_SRF_4_HR.png,/home/ubuntu/scratch/sr-diffusion/benchmarks/selfexsr/SelfExSR-master/data/Urban100/image_SRF_4/img_050_SRF_4_LR.png,23.72529140831636,22.305910161572218,0.6699619756516622,0.6516819966792108
Urban100,img_050,stage2_base,/home/ubuntu/scratch/sr-diffusion/benchmark_outputs/stage2_dual_best98000/Urban100/img_050/base.png,/home/ubuntu/scratch/sr-diffusion/benchmarks/selfexsr/SelfExSR-master/data/Urban100/image_SRF_4/img_050_SRF_4_HR.png,/home/ubuntu/scratch/sr-diffusion/benchmarks/selfexsr/SelfExSR-master/data/Urban100/image_SRF_4/img_050_SRF_4_LR.png,24.94665324655653,23.511764532344568,0.7532848253107642,0.7351555135231974
Urban100,img_050,latent_adapter_v1,/home/ubuntu/scratch/sr-diffusion/benchmark_outputs/stage2_latent_adapter_v1_best11000/Urban100/img_050/base.png,/home/ubuntu/scratch/sr-diffusion/benchmarks/selfexsr/SelfExSR-master/data/Urban100/image_SRF_4/img_050_SRF_4_HR.png,/home/ubuntu/scratch/sr-diffusion/benchmarks/selfexsr/SelfExSR-master/data/Urban100/image_SRF_4/img_050_SRF_4_LR.png,24.930449013101963,23.497706973803073,0.7545984413347964,0.7364283601412476
Urban100,img_050,guarded_v2,/home/ubuntu/scratch/sr-diffusion/benchmark_outputs/stage2_guarded_detail_v2_tta_off/Urban100/img_050/base.png,/home/ubuntu/scratch/sr-diffusion/benchmarks/selfexsr/SelfExSR-master/data/Urban100/image_SRF_4/img_050_SRF_4_HR.png,/home/ubuntu/scratch/sr-diffusion/benchmarks/selfexsr/SelfExSR-master/data/Urban100/image_SRF_4/img_050_SRF_4_LR.png,24.95701891244282,23.52391267280438,0.7559192975486522,0.7377966572214595
Urban100,img_050,guarded_v2_x8,/home/ubuntu/scratch/sr-diffusion/benchmark_outputs/stage2_guarded_detail_v2_tta_x8/Urban100/img_050/base.png,/home/ubuntu/scratch/sr-diffusion/benchmarks/selfexsr/SelfExSR-master/data/Urban100/image_SRF_4/img_050_SRF_4_HR.png,/home/ubuntu/scratch/sr-diffusion/benchmarks/selfexsr/SelfExSR-master/data/Urban100/image_SRF_4/img_050_SRF_4_LR.png,25.007818883551607,23.58174680392185,0.7575750029774319,0.7402962137768839
Urban100,img_050,detail_v2_masked,/home/ubuntu/scratch/sr-diffusion/benchmark_outputs/detail_v2_masked/Urban100/img_050/detail.png,/home/ubuntu/scratch/sr-diffusion/benchmarks/selfexsr/SelfExSR-master/data/Urban100/image_SRF_4/img_050_SRF_4_HR.png,/home/ubuntu/scratch/sr-diffusion/benchmarks/selfexsr/SelfExSR-master/data/Urban100/image_SRF_4/img_050_SRF_4_LR.png,25.155204947338426,23.732311744716462,0.7683759686475393,0.7515775559816622
Urban100,img_050,realesrgan,/home/ubuntu/scratch/sr-diffusion/benchmark_outputs/realesrgan/Urban100/img_050/RealESRGAN_x4plus.png,/home/ubuntu/scratch/sr-diffusion/benchmarks/selfexsr/SelfExSR-master/data/Urban100/image_SRF_4/img_050_SRF_4_HR.png,/home/ubuntu/scratch/sr-diffusion/benchmarks/selfexsr/SelfExSR-master/data/Urban100/image_SRF_4/img_050_SRF_4_LR.png,22.59841699271294,21.019606837062767,0.6650438767724414,0.632050989522811
Urban100,img_051,bicubic,generated:matlab_bicubic_resize,/home/ubuntu/scratch/sr-diffusion/benchmarks/selfexsr/SelfExSR-master/data/Urban100/image_SRF_4/img_051_SRF_4_HR.png,/home/ubuntu/scratch/sr-diffusion/benchmarks/selfexsr/SelfExSR-master/data/Urban100/image_SRF_4/img_051_SRF_4_LR.png,24.84742653850928,23.367992046813278,0.7408279273793514,0.7158928348871253
Urban100,img_051,stage2_base,/home/ubuntu/scratch/sr-diffusion/benchmark_outputs/stage2_dual_best98000/Urban100/img_051/base.png,/home/ubuntu/scratch/sr-diffusion/benchmarks/selfexsr/SelfExSR-master/data/Urban100/image_SRF_4/img_051_SRF_4_HR.png,/home/ubuntu/scratch/sr-diffusion/benchmarks/selfexsr/SelfExSR-master/data/Urban100/image_SRF_4/img_051_SRF_4_LR.png,26.8615879670994,25.349026426281377,0.8293720588319153,0.8071010469122754
Urban100,img_051,latent_adapter_v1,/home/ubuntu/scratch/sr-diffusion/benchmark_outputs/stage2_latent_adapter_v1_best11000/Urban100/img_051/base.png,/home/ubuntu/scratch/sr-diffusion/benchmarks/selfexsr/SelfExSR-master/data/Urban100/image_SRF_4/img_051_SRF_4_HR.png,/home/ubuntu/scratch/sr-diffusion/benchmarks/selfexsr/SelfExSR-master/data/Urban100/image_SRF_4/img_051_SRF_4_LR.png,26.87008558494197,25.359115659045592,0.8307794205292838,0.8085936349779219
Urban100,img_051,guarded_v2,/home/ubuntu/scratch/sr-diffusion/benchmark_outputs/stage2_guarded_detail_v2_tta_off/Urban100/img_051/base.png,/home/ubuntu/scratch/sr-diffusion/benchmarks/selfexsr/SelfExSR-master/data/Urban100/image_SRF_4/img_051_SRF_4_HR.png,/home/ubuntu/scratch/sr-diffusion/benchmarks/selfexsr/SelfExSR-master/data/Urban100/image_SRF_4/img_051_SRF_4_LR.png,26.906115367331974,25.391641626034215,0.8327425730534789,0.8105446642761972
Urban100,img_051,guarded_v2_x8,/home/ubuntu/scratch/sr-diffusion/benchmark_outputs/stage2_guarded_detail_v2_tta_x8/Urban100/img_051/base.png,/home/ubuntu/scratch/sr-diffusion/benchmarks/selfexsr/SelfExSR-master/data/Urban100/image_SRF_4/img_051_SRF_4_HR.png,/home/ubuntu/scratch/sr-diffusion/benchmarks/selfexsr/SelfExSR-master/data/Urban100/image_SRF_4/img_051_SRF_4_LR.png,26.98175522729906,25.469240792267,0.834306228908575,0.8124001623979965
Urban100,img_051,detail_v2_masked,/home/ubuntu/scratch/sr-diffusion/benchmark_outputs/detail_v2_masked/Urban100/img_051/detail.png,/home/ubuntu/scratch/sr-diffusion/benchmarks/selfexsr/SelfExSR-master/data/Urban100/image_SRF_4/img_051_SRF_4_HR.png,/home/ubuntu/scratch/sr-diffusion/benchmarks/selfexsr/SelfExSR-master/data/Urban100/image_SRF_4/img_051_SRF_4_LR.png,27.247906810332033,25.733389449321734,0.8436709968975545,0.8222119535978507
Urban100,img_051,realesrgan,/home/ubuntu/scratch/sr-diffusion/benchmark_outputs/realesrgan/Urban100/img_051/RealESRGAN_x4plus.png,/home/ubuntu/scratch/sr-diffusion/benchmarks/selfexsr/SelfExSR-master/data/Urban100/image_SRF_4/img_051_SRF_4_HR.png,/home/ubuntu/scratch/sr-diffusion/benchmarks/selfexsr/SelfExSR-master/data/Urban100/image_SRF_4/img_051_SRF_4_LR.png,24.22874132851652,22.59609469905697,0.7489016590721642,0.7168269120753586
Urban100,img_052,bicubic,generated:matlab_bicubic_resize,/home/ubuntu/scratch/sr-diffusion/benchmarks/selfexsr/SelfExSR-master/data/Urban100/image_SRF_4/img_052_SRF_4_HR.png,/home/ubuntu/scratch/sr-diffusion/benchmarks/selfexsr/SelfExSR-master/data/Urban100/image_SRF_4/img_052_SRF_4_LR.png,23.785195376147236,22.445042963767087,0.7401753449221598,0.7185802140880594
Urban100,img_052,stage2_base,/home/ubuntu/scratch/sr-diffusion/benchmark_outputs/stage2_dual_best98000/Urban100/img_052/base.png,/home/ubuntu/scratch/sr-diffusion/benchmarks/selfexsr/SelfExSR-master/data/Urban100/image_SRF_4/img_052_SRF_4_HR.png,/home/ubuntu/scratch/sr-diffusion/benchmarks/selfexsr/SelfExSR-master/data/Urban100/image_SRF_4/img_052_SRF_4_LR.png,28.35067182456122,26.976004102627847,0.8934347040735877,0.878528024716919
Urban100,img_052,latent_adapter_v1,/home/ubuntu/scratch/sr-diffusion/benchmark_outputs/stage2_latent_adapter_v1_best11000/Urban100/img_052/base.png,/home/ubuntu/scratch/sr-diffusion/benchmarks/selfexsr/SelfExSR-master/data/Urban100/image_SRF_4/img_052_SRF_4_HR.png,/home/ubuntu/scratch/sr-diffusion/benchmarks/selfexsr/SelfExSR-master/data/Urban100/image_SRF_4/img_052_SRF_4_LR.png,28.35329616605314,26.979996494263318,0.893964966487758,0.8790904296493958
Urban100,img_052,guarded_v2,/home/ubuntu/scratch/sr-diffusion/benchmark_outputs/stage2_guarded_detail_v2_tta_off/Urban100/img_052/base.png,/home/ubuntu/scratch/sr-diffusion/benchmarks/selfexsr/SelfExSR-master/data/Urban100/image_SRF_4/img_052_SRF_4_HR.png,/home/ubuntu/scratch/sr-diffusion/benchmarks/selfexsr/SelfExSR-master/data/Urban100/image_SRF_4/img_052_SRF_4_LR.png,28.31541337964035,26.939629627070012,0.8944947728277494,0.8796585484669808
Urban100,img_052,guarded_v2_x8,/home/ubuntu/scratch/sr-diffusion/benchmark_outputs/stage2_guarded_detail_v2_tta_x8/Urban100/img_052/base.png,/home/ubuntu/scratch/sr-diffusion/benchmarks/selfexsr/SelfExSR-master/data/Urban100/image_SRF_4/img_052_SRF_4_HR.png,/home/ubuntu/scratch/sr-diffusion/benchmarks/selfexsr/SelfExSR-master/data/Urban100/image_SRF_4/img_052_SRF_4_LR.png,28.437883511104843,27.07119868794553,0.8981285179356282,0.8840780700305357
Urban100,img_052,detail_v2_masked,/home/ubuntu/scratch/sr-diffusion/benchmark_outputs/detail_v2_masked/Urban100/img_052/detail.png,/home/ubuntu/scratch/sr-diffusion/benchmarks/selfexsr/SelfExSR-master/data/Urban100/image_SRF_4/img_052_SRF_4_HR.png,/home/ubuntu/scratch/sr-diffusion/benchmarks/selfexsr/SelfExSR-master/data/Urban100/image_SRF_4/img_052_SRF_4_LR.png,29.434476791557273,28.050456601206424,0.9151834839778042,0.9017962995305182
Urban100,img_052,realesrgan,/home/ubuntu/scratch/sr-diffusion/benchmark_outputs/realesrgan/Urban100/img_052/RealESRGAN_x4plus.png,/home/ubuntu/scratch/sr-diffusion/benchmarks/selfexsr/SelfExSR-master/data/Urban100/image_SRF_4/img_052_SRF_4_HR.png,/home/ubuntu/scratch/sr-diffusion/benchmarks/selfexsr/SelfExSR-master/data/Urban100/image_SRF_4/img_052_SRF_4_LR.png,24.442948842442654,22.991275715599535,0.8125300232725158,0.7899081318329636
Urban100,img_053,bicubic,generated:matlab_bicubic_resize,/home/ubuntu/scratch/sr-diffusion/benchmarks/selfexsr/SelfExSR-master/data/Urban100/image_SRF_4/img_053_SRF_4_HR.png,/home/ubuntu/scratch/sr-diffusion/benchmarks/selfexsr/SelfExSR-master/data/Urban100/image_SRF_4/img_053_SRF_4_LR.png,20.27552170517115,18.948100146673607,0.5916167372659874,0.5738004048373174
Urban100,img_053,stage2_base,/home/ubuntu/scratch/sr-diffusion/benchmark_outputs/stage2_dual_best98000/Urban100/img_053/base.png,/home/ubuntu/scratch/sr-diffusion/benchmarks/selfexsr/SelfExSR-master/data/Urban100/image_SRF_4/img_053_SRF_4_HR.png,/home/ubuntu/scratch/sr-diffusion/benchmarks/selfexsr/SelfExSR-master/data/Urban100/image_SRF_4/img_053_SRF_4_LR.png,22.171922129509753,20.831764188830384,0.7140370529758097,0.6995903555270763
Urban100,img_053,latent_adapter_v1,/home/ubuntu/scratch/sr-diffusion/benchmark_outputs/stage2_latent_adapter_v1_best11000/Urban100/img_053/base.png,/home/ubuntu/scratch/sr-diffusion/benchmarks/selfexsr/SelfExSR-master/data/Urban100/image_SRF_4/img_053_SRF_4_HR.png,/home/ubuntu/scratch/sr-diffusion/benchmarks/selfexsr/SelfExSR-master/data/Urban100/image_SRF_4/img_053_SRF_4_LR.png,22.172399196016144,20.83227888941584,0.7157313953151561,0.7013310320315682
Urban100,img_053,guarded_v2,/home/ubuntu/scratch/sr-diffusion/benchmark_outputs/stage2_guarded_detail_v2_tta_off/Urban100/img_053/base.png,/home/ubuntu/scratch/sr-diffusion/benchmarks/selfexsr/SelfExSR-master/data/Urban100/image_SRF_4/img_053_SRF_4_HR.png,/home/ubuntu/scratch/sr-diffusion/benchmarks/selfexsr/SelfExSR-master/data/Urban100/image_SRF_4/img_053_SRF_4_LR.png,22.176628182210017,20.837189406200945,0.7179964060429307,0.7037811008696148
Urban100,img_053,guarded_v2_x8,/home/ubuntu/scratch/sr-diffusion/benchmark_outputs/stage2_guarded_detail_v2_tta_x8/Urban100/img_053/base.png,/home/ubuntu/scratch/sr-diffusion/benchmarks/selfexsr/SelfExSR-master/data/Urban100/image_SRF_4/img_053_SRF_4_HR.png,/home/ubuntu/scratch/sr-diffusion/benchmarks/selfexsr/SelfExSR-master/data/Urban100/image_SRF_4/img_053_SRF_4_LR.png,22.25441215850349,20.917897863308717,0.7198096335450268,0.7057869167810623
Urban100,img_053,detail_v2_masked,/home/ubuntu/scratch/sr-diffusion/benchmark_outputs/detail_v2_masked/Urban100/img_053/detail.png,/home/ubuntu/scratch/sr-diffusion/benchmarks/selfexsr/SelfExSR-master/data/Urban100/image_SRF_4/img_053_SRF_4_HR.png,/home/ubuntu/scratch/sr-diffusion/benchmarks/selfexsr/SelfExSR-master/data/Urban100/image_SRF_4/img_053_SRF_4_LR.png,22.54070535138403,21.19798371509665,0.7343049879701513,0.7203390594752713
Urban100,img_053,realesrgan,/home/ubuntu/scratch/sr-diffusion/benchmark_outputs/realesrgan/Urban100/img_053/RealESRGAN_x4plus.png,/home/ubuntu/scratch/sr-diffusion/benchmarks/selfexsr/SelfExSR-master/data/Urban100/image_SRF_4/img_053_SRF_4_HR.png,/home/ubuntu/scratch/sr-diffusion/benchmarks/selfexsr/SelfExSR-master/data/Urban100/image_SRF_4/img_053_SRF_4_LR.png,19.86166842962183,18.478647892434072,0.6040486693341351,0.5821017467427894
Urban100,img_054,bicubic,generated:matlab_bicubic_resize,/home/ubuntu/scratch/sr-diffusion/benchmarks/selfexsr/SelfExSR-master/data/Urban100/image_SRF_4/img_054_SRF_4_HR.png,/home/ubuntu/scratch/sr-diffusion/benchmarks/selfexsr/SelfExSR-master/data/Urban100/image_SRF_4/img_054_SRF_4_LR.png,19.9679984484084,18.462318399415004,0.5294832020168456,0.5077649767009186
Urban100,img_054,stage2_base,/home/ubuntu/scratch/sr-diffusion/benchmark_outputs/stage2_dual_best98000/Urban100/img_054/base.png,/home/ubuntu/scratch/sr-diffusion/benchmarks/selfexsr/SelfExSR-master/data/Urban100/image_SRF_4/img_054_SRF_4_HR.png,/home/ubuntu/scratch/sr-diffusion/benchmarks/selfexsr/SelfExSR-master/data/Urban100/image_SRF_4/img_054_SRF_4_LR.png,20.91670618400491,19.43472578157457,0.6352928711825812,0.6159509989511283
Urban100,img_054,latent_adapter_v1,/home/ubuntu/scratch/sr-diffusion/benchmark_outputs/stage2_latent_adapter_v1_best11000/Urban100/img_054/base.png,/home/ubuntu/scratch/sr-diffusion/benchmarks/selfexsr/SelfExSR-master/data/Urban100/image_SRF_4/img_054_SRF_4_HR.png,/home/ubuntu/scratch/sr-diffusion/benchmarks/selfexsr/SelfExSR-master/data/Urban100/image_SRF_4/img_054_SRF_4_LR.png,20.908122985777034,19.42715860059236,0.6375342939313093,0.618211029780609
Urban100,img_054,guarded_v2,/home/ubuntu/scratch/sr-diffusion/benchmark_outputs/stage2_guarded_detail_v2_tta_off/Urban100/img_054/base.png,/home/ubuntu/scratch/sr-diffusion/benchmarks/selfexsr/SelfExSR-master/data/Urban100/image_SRF_4/img_054_SRF_4_HR.png,/home/ubuntu/scratch/sr-diffusion/benchmarks/selfexsr/SelfExSR-master/data/Urban100/image_SRF_4/img_054_SRF_4_LR.png,20.902094765154597,19.42135269144828,0.6383794090948178,0.6191988280610004
Urban100,img_054,guarded_v2_x8,/home/ubuntu/scratch/sr-diffusion/benchmark_outputs/stage2_guarded_detail_v2_tta_x8/Urban100/img_054/base.png,/home/ubuntu/scratch/sr-diffusion/benchmarks/selfexsr/SelfExSR-master/data/Urban100/image_SRF_4/img_054_SRF_4_HR.png,/home/ubuntu/scratch/sr-diffusion/benchmarks/selfexsr/SelfExSR-master/data/Urban100/image_SRF_4/img_054_SRF_4_LR.png,20.964646720063026,19.48493550378959,0.6399509551793569,0.6209597913436465
Urban100,img_054,detail_v2_masked,/home/ubuntu/scratch/sr-diffusion/benchmark_outputs/detail_v2_masked/Urban100/img_054/detail.png,/home/ubuntu/scratch/sr-diffusion/benchmarks/selfexsr/SelfExSR-master/data/Urban100/image_SRF_4/img_054_SRF_4_HR.png,/home/ubuntu/scratch/sr-diffusion/benchmarks/selfexsr/SelfExSR-master/data/Urban100/image_SRF_4/img_054_SRF_4_LR.png,21.17304230076771,19.694209203842934,0.6554751299519603,0.6364540118470261
Urban100,img_054,realesrgan,/home/ubuntu/scratch/sr-diffusion/benchmark_outputs/realesrgan/Urban100/img_054/RealESRGAN_x4plus.png,/home/ubuntu/scratch/sr-diffusion/benchmarks/selfexsr/SelfExSR-master/data/Urban100/image_SRF_4/img_054_SRF_4_HR.png,/home/ubuntu/scratch/sr-diffusion/benchmarks/selfexsr/SelfExSR-master/data/Urban100/image_SRF_4/img_054_SRF_4_LR.png,19.20630277463589,17.667605035385726,0.5682073445741709,0.5437275157863197
Urban100,img_055,bicubic,generated:matlab_bicubic_resize,/home/ubuntu/scratch/sr-diffusion/benchmarks/selfexsr/SelfExSR-master/data/Urban100/image_SRF_4/img_055_SRF_4_HR.png,/home/ubuntu/scratch/sr-diffusion/benchmarks/selfexsr/SelfExSR-master/data/Urban100/image_SRF_4/img_055_SRF_4_LR.png,25.068140830626966,23.25238087418668,0.7840401628465447,0.745199953423127
Urban100,img_055,stage2_base,/home/ubuntu/scratch/sr-diffusion/benchmark_outputs/stage2_dual_best98000/Urban100/img_055/base.png,/home/ubuntu/scratch/sr-diffusion/benchmarks/selfexsr/SelfExSR-master/data/Urban100/image_SRF_4/img_055_SRF_4_HR.png,/home/ubuntu/scratch/sr-diffusion/benchmarks/selfexsr/SelfExSR-master/data/Urban100/image_SRF_4/img_055_SRF_4_LR.png,31.84168539223191,29.8926081817268,0.9390057748166705,0.9037856239349932
Urban100,img_055,latent_adapter_v1,/home/ubuntu/scratch/sr-diffusion/benchmark_outputs/stage2_latent_adapter_v1_best11000/Urban100/img_055/base.png,/home/ubuntu/scratch/sr-diffusion/benchmarks/selfexsr/SelfExSR-master/data/Urban100/image_SRF_4/img_055_SRF_4_HR.png,/home/ubuntu/scratch/sr-diffusion/benchmarks/selfexsr/SelfExSR-master/data/Urban100/image_SRF_4/img_055_SRF_4_LR.png,31.7961542285816,29.86240062571045,0.9388495748444097,0.9035467153292358
Urban100,img_055,guarded_v2,/home/ubuntu/scratch/sr-diffusion/benchmark_outputs/stage2_guarded_detail_v2_tta_off/Urban100/img_055/base.png,/home/ubuntu/scratch/sr-diffusion/benchmarks/selfexsr/SelfExSR-master/data/Urban100/image_SRF_4/img_055_SRF_4_HR.png,/home/ubuntu/scratch/sr-diffusion/benchmarks/selfexsr/SelfExSR-master/data/Urban100/image_SRF_4/img_055_SRF_4_LR.png,32.18410522829249,30.207632495939546,0.9394421558229299,0.9041862477824795
Urban100,img_055,guarded_v2_x8,/home/ubuntu/scratch/sr-diffusion/benchmark_outputs/stage2_guarded_detail_v2_tta_x8/Urban100/img_055/base.png,/home/ubuntu/scratch/sr-diffusion/benchmarks/selfexsr/SelfExSR-master/data/Urban100/image_SRF_4/img_055_SRF_4_HR.png,/home/ubuntu/scratch/sr-diffusion/benchmarks/selfexsr/SelfExSR-master/data/Urban100/image_SRF_4/img_055_SRF_4_LR.png,32.62076081569166,30.61960119023261,0.9441428762047768,0.9098947847713564
Urban100,img_055,detail_v2_masked,/home/ubuntu/scratch/sr-diffusion/benchmark_outputs/detail_v2_masked/Urban100/img_055/detail.png,/home/ubuntu/scratch/sr-diffusion/benchmarks/selfexsr/SelfExSR-master/data/Urban100/image_SRF_4/img_055_SRF_4_HR.png,/home/ubuntu/scratch/sr-diffusion/benchmarks/selfexsr/SelfExSR-master/data/Urban100/image_SRF_4/img_055_SRF_4_LR.png,32.736989208945424,30.75437782149884,0.9470382615778256,0.9143722794431972
Urban100,img_055,realesrgan,/home/ubuntu/scratch/sr-diffusion/benchmark_outputs/realesrgan/Urban100/img_055/RealESRGAN_x4plus.png,/home/ubuntu/scratch/sr-diffusion/benchmarks/selfexsr/SelfExSR-master/data/Urban100/image_SRF_4/img_055_SRF_4_HR.png,/home/ubuntu/scratch/sr-diffusion/benchmarks/selfexsr/SelfExSR-master/data/Urban100/image_SRF_4/img_055_SRF_4_LR.png,28.014314621433805,25.381783429610504,0.9013933381352162,0.8409220366555484
Urban100,img_056,bicubic,generated:matlab_bicubic_resize,/home/ubuntu/scratch/sr-diffusion/benchmarks/selfexsr/SelfExSR-master/data/Urban100/image_SRF_4/img_056_SRF_4_HR.png,/home/ubuntu/scratch/sr-diffusion/benchmarks/selfexsr/SelfExSR-master/data/Urban100/image_SRF_4/img_056_SRF_4_LR.png,22.174241841591886,20.839418622425082,0.6261250186854361,0.6029252339850175
Urban100,img_056,stage2_base,/home/ubuntu/scratch/sr-diffusion/benchmark_outputs/stage2_dual_best98000/Urban100/img_056/base.png,/home/ubuntu/scratch/sr-diffusion/benchmarks/selfexsr/SelfExSR-master/data/Urban100/image_SRF_4/img_056_SRF_4_HR.png,/home/ubuntu/scratch/sr-diffusion/benchmarks/selfexsr/SelfExSR-master/data/Urban100/image_SRF_4/img_056_SRF_4_LR.png,24.570987475676105,23.199562609928776,0.7630459195514545,0.744049770924475
Urban100,img_056,latent_adapter_v1,/home/ubuntu/scratch/sr-diffusion/benchmark_outputs/stage2_latent_adapter_v1_best11000/Urban100/img_056/base.png,/home/ubuntu/scratch/sr-diffusion/benchmarks/selfexsr/SelfExSR-master/data/Urban100/image_SRF_4/img_056_SRF_4_HR.png,/home/ubuntu/scratch/sr-diffusion/benchmarks/selfexsr/SelfExSR-master/data/Urban100/image_SRF_4/img_056_SRF_4_LR.png,24.565903354328178,23.19480567767661,0.7642894913204362,0.7453457131080531
Urban100,img_056,guarded_v2,/home/ubuntu/scratch/sr-diffusion/benchmark_outputs/stage2_guarded_detail_v2_tta_off/Urban100/img_056/base.png,/home/ubuntu/scratch/sr-diffusion/benchmarks/selfexsr/SelfExSR-master/data/Urban100/image_SRF_4/img_056_SRF_4_HR.png,/home/ubuntu/scratch/sr-diffusion/benchmarks/selfexsr/SelfExSR-master/data/Urban100/image_SRF_4/img_056_SRF_4_LR.png,24.58616710814512,23.213910453534687,0.7672104956879036,0.7484393652375916
Urban100,img_056,guarded_v2_x8,/home/ubuntu/scratch/sr-diffusion/benchmark_outputs/stage2_guarded_detail_v2_tta_x8/Urban100/img_056/base.png,/home/ubuntu/scratch/sr-diffusion/benchmarks/selfexsr/SelfExSR-master/data/Urban100/image_SRF_4/img_056_SRF_4_HR.png,/home/ubuntu/scratch/sr-diffusion/benchmarks/selfexsr/SelfExSR-master/data/Urban100/image_SRF_4/img_056_SRF_4_LR.png,24.670083817435945,23.302705548631735,0.7708715033977896,0.7525284122285343
Urban100,img_056,detail_v2_masked,/home/ubuntu/scratch/sr-diffusion/benchmark_outputs/detail_v2_masked/Urban100/img_056/detail.png,/home/ubuntu/scratch/sr-diffusion/benchmarks/selfexsr/SelfExSR-master/data/Urban100/image_SRF_4/img_056_SRF_4_HR.png,/home/ubuntu/scratch/sr-diffusion/benchmarks/selfexsr/SelfExSR-master/data/Urban100/image_SRF_4/img_056_SRF_4_LR.png,24.94689550263717,23.575200950691027,0.7827669552794418,0.7646997511727376
Urban100,img_056,realesrgan,/home/ubuntu/scratch/sr-diffusion/benchmark_outputs/realesrgan/Urban100/img_056/RealESRGAN_x4plus.png,/home/ubuntu/scratch/sr-diffusion/benchmarks/selfexsr/SelfExSR-master/data/Urban100/image_SRF_4/img_056_SRF_4_HR.png,/home/ubuntu/scratch/sr-diffusion/benchmarks/selfexsr/SelfExSR-master/data/Urban100/image_SRF_4/img_056_SRF_4_LR.png,21.386026732408396,19.9746471392648,0.656367559036929,0.6271611847914276
Urban100,img_057,bicubic,generated:matlab_bicubic_resize,/home/ubuntu/scratch/sr-diffusion/benchmarks/selfexsr/SelfExSR-master/data/Urban100/image_SRF_4/img_057_SRF_4_HR.png,/home/ubuntu/scratch/sr-diffusion/benchmarks/selfexsr/SelfExSR-master/data/Urban100/image_SRF_4/img_057_SRF_4_LR.png,26.145526808060247,24.76279223334525,0.794574110439895,0.7698670534147487
Urban100,img_057,stage2_base,/home/ubuntu/scratch/sr-diffusion/benchmark_outputs/stage2_dual_best98000/Urban100/img_057/base.png,/home/ubuntu/scratch/sr-diffusion/benchmarks/selfexsr/SelfExSR-master/data/Urban100/image_SRF_4/img_057_SRF_4_HR.png,/home/ubuntu/scratch/sr-diffusion/benchmarks/selfexsr/SelfExSR-master/data/Urban100/image_SRF_4/img_057_SRF_4_LR.png,30.198812645426983,28.76607561190066,0.8821707468037409,0.8630379144535625
Urban100,img_057,latent_adapter_v1,/home/ubuntu/scratch/sr-diffusion/benchmark_outputs/stage2_latent_adapter_v1_best11000/Urban100/img_057/base.png,/home/ubuntu/scratch/sr-diffusion/benchmarks/selfexsr/SelfExSR-master/data/Urban100/image_SRF_4/img_057_SRF_4_HR.png,/home/ubuntu/scratch/sr-diffusion/benchmarks/selfexsr/SelfExSR-master/data/Urban100/image_SRF_4/img_057_SRF_4_LR.png,30.24204440979952,28.81182484572436,0.8829619661888758,0.8639886818780899
Urban100,img_057,guarded_v2,/home/ubuntu/scratch/sr-diffusion/benchmark_outputs/stage2_guarded_detail_v2_tta_off/Urban100/img_057/base.png,/home/ubuntu/scratch/sr-diffusion/benchmarks/selfexsr/SelfExSR-master/data/Urban100/image_SRF_4/img_057_SRF_4_HR.png,/home/ubuntu/scratch/sr-diffusion/benchmarks/selfexsr/SelfExSR-master/data/Urban100/image_SRF_4/img_057_SRF_4_LR.png,30.271887095732666,28.840023226654466,0.8842096498004183,0.8654306962054429
Urban100,img_057,guarded_v2_x8,/home/ubuntu/scratch/sr-diffusion/benchmark_outputs/stage2_guarded_detail_v2_tta_x8/Urban100/img_057/base.png,/home/ubuntu/scratch/sr-diffusion/benchmarks/selfexsr/SelfExSR-master/data/Urban100/image_SRF_4/img_057_SRF_4_HR.png,/home/ubuntu/scratch/sr-diffusion/benchmarks/selfexsr/SelfExSR-master/data/Urban100/image_SRF_4/img_057_SRF_4_LR.png,30.389655929872966,28.962816229535377,0.8860739816733589,0.8678540358304295
Urban100,img_057,detail_v2_masked,/home/ubuntu/scratch/sr-diffusion/benchmark_outputs/detail_v2_masked/Urban100/img_057/detail.png,/home/ubuntu/scratch/sr-diffusion/benchmarks/selfexsr/SelfExSR-master/data/Urban100/image_SRF_4/img_057_SRF_4_HR.png,/home/ubuntu/scratch/sr-diffusion/benchmarks/selfexsr/SelfExSR-master/data/Urban100/image_SRF_4/img_057_SRF_4_LR.png,30.886098815865783,29.434072704327523,0.8951997528613864,0.8770797415987013
Urban100,img_057,realesrgan,/home/ubuntu/scratch/sr-diffusion/benchmark_outputs/realesrgan/Urban100/img_057/RealESRGAN_x4plus.png,/home/ubuntu/scratch/sr-diffusion/benchmarks/selfexsr/SelfExSR-master/data/Urban100/image_SRF_4/img_057_SRF_4_HR.png,/home/ubuntu/scratch/sr-diffusion/benchmarks/selfexsr/SelfExSR-master/data/Urban100/image_SRF_4/img_057_SRF_4_LR.png,26.762505341295547,25.197550478690232,0.7979531933944217,0.7580912627214444
Urban100,img_058,bicubic,generated:matlab_bicubic_resize,/home/ubuntu/scratch/sr-diffusion/benchmarks/selfexsr/SelfExSR-master/data/Urban100/image_SRF_4/img_058_SRF_4_HR.png,/home/ubuntu/scratch/sr-diffusion/benchmarks/selfexsr/SelfExSR-master/data/Urban100/image_SRF_4/img_058_SRF_4_LR.png,22.335133607483645,20.924090155138636,0.715923789681161,0.6951134906191685
Urban100,img_058,stage2_base,/home/ubuntu/scratch/sr-diffusion/benchmark_outputs/stage2_dual_best98000/Urban100/img_058/base.png,/home/ubuntu/scratch/sr-diffusion/benchmarks/selfexsr/SelfExSR-master/data/Urban100/image_SRF_4/img_058_SRF_4_HR.png,/home/ubuntu/scratch/sr-diffusion/benchmarks/selfexsr/SelfExSR-master/data/Urban100/image_SRF_4/img_058_SRF_4_LR.png,25.023067239928846,23.565190490258004,0.8274947974833248,0.8132379978406249
Urban100,img_058,latent_adapter_v1,/home/ubuntu/scratch/sr-diffusion/benchmark_outputs/stage2_latent_adapter_v1_best11000/Urban100/img_058/base.png,/home/ubuntu/scratch/sr-diffusion/benchmarks/selfexsr/SelfExSR-master/data/Urban100/image_SRF_4/img_058_SRF_4_HR.png,/home/ubuntu/scratch/sr-diffusion/benchmarks/selfexsr/SelfExSR-master/data/Urban100/image_SRF_4/img_058_SRF_4_LR.png,25.05074998720556,23.593398341865765,0.8290404112611734,0.8150796760926095
Urban100,img_058,guarded_v2,/home/ubuntu/scratch/sr-diffusion/benchmark_outputs/stage2_guarded_detail_v2_tta_off/Urban100/img_058/base.png,/home/ubuntu/scratch/sr-diffusion/benchmarks/selfexsr/SelfExSR-master/data/Urban100/image_SRF_4/img_058_SRF_4_HR.png,/home/ubuntu/scratch/sr-diffusion/benchmarks/selfexsr/SelfExSR-master/data/Urban100/image_SRF_4/img_058_SRF_4_LR.png,25.066570994862715,23.609441331062087,0.8304826721181517,0.8167221104691853
Urban100,img_058,guarded_v2_x8,/home/ubuntu/scratch/sr-diffusion/benchmark_outputs/stage2_guarded_detail_v2_tta_x8/Urban100/img_058/base.png,/home/ubuntu/scratch/sr-diffusion/benchmarks/selfexsr/SelfExSR-master/data/Urban100/image_SRF_4/img_058_SRF_4_HR.png,/home/ubuntu/scratch/sr-diffusion/benchmarks/selfexsr/SelfExSR-master/data/Urban100/image_SRF_4/img_058_SRF_4_LR.png,25.093994716603397,23.647301111820443,0.8318051976700709,0.8185371494418877
Urban100,img_058,detail_v2_masked,/home/ubuntu/scratch/sr-diffusion/benchmark_outputs/detail_v2_masked/Urban100/img_058/detail.png,/home/ubuntu/scratch/sr-diffusion/benchmarks/selfexsr/SelfExSR-master/data/Urban100/image_SRF_4/img_058_SRF_4_HR.png,/home/ubuntu/scratch/sr-diffusion/benchmarks/selfexsr/SelfExSR-master/data/Urban100/image_SRF_4/img_058_SRF_4_LR.png,25.549019058101365,24.09878581108396,0.844599813739727,0.8313223388504108
Urban100,img_058,realesrgan,/home/ubuntu/scratch/sr-diffusion/benchmark_outputs/realesrgan/Urban100/img_058/RealESRGAN_x4plus.png,/home/ubuntu/scratch/sr-diffusion/benchmarks/selfexsr/SelfExSR-master/data/Urban100/image_SRF_4/img_058_SRF_4_HR.png,/home/ubuntu/scratch/sr-diffusion/benchmarks/selfexsr/SelfExSR-master/data/Urban100/image_SRF_4/img_058_SRF_4_LR.png,22.58608778740202,20.938297066655558,0.7568651488906802,0.7260503731172779
Urban100,img_059,bicubic,generated:matlab_bicubic_resize,/home/ubuntu/scratch/sr-diffusion/benchmarks/selfexsr/SelfExSR-master/data/Urban100/image_SRF_4/img_059_SRF_4_HR.png,/home/ubuntu/scratch/sr-diffusion/benchmarks/selfexsr/SelfExSR-master/data/Urban100/image_SRF_4/img_059_SRF_4_LR.png,20.449160975430836,19.04378153774288,0.6559406586703311,0.6338896868023464
Urban100,img_059,stage2_base,/home/ubuntu/scratch/sr-diffusion/benchmark_outputs/stage2_dual_best98000/Urban100/img_059/base.png,/home/ubuntu/scratch/sr-diffusion/benchmarks/selfexsr/SelfExSR-master/data/Urban100/image_SRF_4/img_059_SRF_4_HR.png,/home/ubuntu/scratch/sr-diffusion/benchmarks/selfexsr/SelfExSR-master/data/Urban100/image_SRF_4/img_059_SRF_4_LR.png,21.402802786883647,20.021910966616787,0.7335683861612923,0.7148635904981017
Urban100,img_059,latent_adapter_v1,/home/ubuntu/scratch/sr-diffusion/benchmark_outputs/stage2_latent_adapter_v1_best11000/Urban100/img_059/base.png,/home/ubuntu/scratch/sr-diffusion/benchmarks/selfexsr/SelfExSR-master/data/Urban100/image_SRF_4/img_059_SRF_4_HR.png,/home/ubuntu/scratch/sr-diffusion/benchmarks/selfexsr/SelfExSR-master/data/Urban100/image_SRF_4/img_059_SRF_4_LR.png,21.39564849843319,20.017139100756125,0.7345349969465201,0.7159170672596008
Urban100,img_059,guarded_v2,/home/ubuntu/scratch/sr-diffusion/benchmark_outputs/stage2_guarded_detail_v2_tta_off/Urban100/img_059/base.png,/home/ubuntu/scratch/sr-diffusion/benchmarks/selfexsr/SelfExSR-master/data/Urban100/image_SRF_4/img_059_SRF_4_HR.png,/home/ubuntu/scratch/sr-diffusion/benchmarks/selfexsr/SelfExSR-master/data/Urban100/image_SRF_4/img_059_SRF_4_LR.png,21.457408636110884,20.07701502524965,0.7360950805064527,0.7174649296432386
Urban100,img_059,guarded_v2_x8,/home/ubuntu/scratch/sr-diffusion/benchmark_outputs/stage2_guarded_detail_v2_tta_x8/Urban100/img_059/base.png,/home/ubuntu/scratch/sr-diffusion/benchmarks/selfexsr/SelfExSR-master/data/Urban100/image_SRF_4/img_059_SRF_4_HR.png,/home/ubuntu/scratch/sr-diffusion/benchmarks/selfexsr/SelfExSR-master/data/Urban100/image_SRF_4/img_059_SRF_4_LR.png,21.500845457439375,20.12029186468019,0.7376482293859934,0.719201939590863
Urban100,img_059,detail_v2_masked,/home/ubuntu/scratch/sr-diffusion/benchmark_outputs/detail_v2_masked/Urban100/img_059/detail.png,/home/ubuntu/scratch/sr-diffusion/benchmarks/selfexsr/SelfExSR-master/data/Urban100/image_SRF_4/img_059_SRF_4_HR.png,/home/ubuntu/scratch/sr-diffusion/benchmarks/selfexsr/SelfExSR-master/data/Urban100/image_SRF_4/img_059_SRF_4_LR.png,21.805890448337216,20.426523789194203,0.7536557041145168,0.7355649400141235
Urban100,img_059,realesrgan,/home/ubuntu/scratch/sr-diffusion/benchmark_outputs/realesrgan/Urban100/img_059/RealESRGAN_x4plus.png,/home/ubuntu/scratch/sr-diffusion/benchmarks/selfexsr/SelfExSR-master/data/Urban100/image_SRF_4/img_059_SRF_4_HR.png,/home/ubuntu/scratch/sr-diffusion/benchmarks/selfexsr/SelfExSR-master/data/Urban100/image_SRF_4/img_059_SRF_4_LR.png,20.872765452829864,19.461419765403406,0.7094962566552319,0.6828276118813313
Urban100,img_060,bicubic,generated:matlab_bicubic_resize,/home/ubuntu/scratch/sr-diffusion/benchmarks/selfexsr/SelfExSR-master/data/Urban100/image_SRF_4/img_060_SRF_4_HR.png,/home/ubuntu/scratch/sr-diffusion/benchmarks/selfexsr/SelfExSR-master/data/Urban100/image_SRF_4/img_060_SRF_4_LR.png,21.094933614459986,19.646111926582286,0.44162461676640524,0.42211323001803835
Urban100,img_060,stage2_base,/home/ubuntu/scratch/sr-diffusion/benchmark_outputs/stage2_dual_best98000/Urban100/img_060/base.png,/home/ubuntu/scratch/sr-diffusion/benchmarks/selfexsr/SelfExSR-master/data/Urban100/image_SRF_4/img_060_SRF_4_HR.png,/home/ubuntu/scratch/sr-diffusion/benchmarks/selfexsr/SelfExSR-master/data/Urban100/image_SRF_4/img_060_SRF_4_LR.png,22.36086724709456,20.964020891781946,0.5563995202263194,0.5390289079355747
Urban100,img_060,latent_adapter_v1,/home/ubuntu/scratch/sr-diffusion/benchmark_outputs/stage2_latent_adapter_v1_best11000/Urban100/img_060/base.png,/home/ubuntu/scratch/sr-diffusion/benchmarks/selfexsr/SelfExSR-master/data/Urban100/image_SRF_4/img_060_SRF_4_HR.png,/home/ubuntu/scratch/sr-diffusion/benchmarks/selfexsr/SelfExSR-master/data/Urban100/image_SRF_4/img_060_SRF_4_LR.png,22.34596910507769,20.949468625588665,0.5575523294262879,0.5401545907674441
Urban100,img_060,guarded_v2,/home/ubuntu/scratch/sr-diffusion/benchmark_outputs/stage2_guarded_detail_v2_tta_off/Urban100/img_060/base.png,/home/ubuntu/scratch/sr-diffusion/benchmarks/selfexsr/SelfExSR-master/data/Urban100/image_SRF_4/img_060_SRF_4_HR.png,/home/ubuntu/scratch/sr-diffusion/benchmarks/selfexsr/SelfExSR-master/data/Urban100/image_SRF_4/img_060_SRF_4_LR.png,22.35931432011209,20.96171590088044,0.5593823410425736,0.5418466800193925
Urban100,img_060,guarded_v2_x8,/home/ubuntu/scratch/sr-diffusion/benchmark_outputs/stage2_guarded_detail_v2_tta_x8/Urban100/img_060/base.png,/home/ubuntu/scratch/sr-diffusion/benchmarks/selfexsr/SelfExSR-master/data/Urban100/image_SRF_4/img_060_SRF_4_HR.png,/home/ubuntu/scratch/sr-diffusion/benchmarks/selfexsr/SelfExSR-master/data/Urban100/image_SRF_4/img_060_SRF_4_LR.png,22.400752561141072,21.004562603151182,0.5619906482764995,0.5446757534789669
Urban100,img_060,detail_v2_masked,/home/ubuntu/scratch/sr-diffusion/benchmark_outputs/detail_v2_masked/Urban100/img_060/detail.png,/home/ubuntu/scratch/sr-diffusion/benchmarks/selfexsr/SelfExSR-master/data/Urban100/image_SRF_4/img_060_SRF_4_HR.png,/home/ubuntu/scratch/sr-diffusion/benchmarks/selfexsr/SelfExSR-master/data/Urban100/image_SRF_4/img_060_SRF_4_LR.png,22.531578107837483,21.14296910393669,0.5712469230753889,0.5541229093202338
Urban100,img_060,realesrgan,/home/ubuntu/scratch/sr-diffusion/benchmark_outputs/realesrgan/Urban100/img_060/RealESRGAN_x4plus.png,/home/ubuntu/scratch/sr-diffusion/benchmarks/selfexsr/SelfExSR-master/data/Urban100/image_SRF_4/img_060_SRF_4_HR.png,/home/ubuntu/scratch/sr-diffusion/benchmarks/selfexsr/SelfExSR-master/data/Urban100/image_SRF_4/img_060_SRF_4_LR.png,20.25699107106918,18.68279611467871,0.46658062831363345,0.4391618146573612
Urban100,img_061,bicubic,generated:matlab_bicubic_resize,/home/ubuntu/scratch/sr-diffusion/benchmarks/selfexsr/SelfExSR-master/data/Urban100/image_SRF_4/img_061_SRF_4_HR.png,/home/ubuntu/scratch/sr-diffusion/benchmarks/selfexsr/SelfExSR-master/data/Urban100/image_SRF_4/img_061_SRF_4_LR.png,22.90211902548743,21.388877699761313,0.6254687414841348,0.6068448148202013
Urban100,img_061,stage2_base,/home/ubuntu/scratch/sr-diffusion/benchmark_outputs/stage2_dual_best98000/Urban100/img_061/base.png,/home/ubuntu/scratch/sr-diffusion/benchmarks/selfexsr/SelfExSR-master/data/Urban100/image_SRF_4/img_061_SRF_4_HR.png,/home/ubuntu/scratch/sr-diffusion/benchmarks/selfexsr/SelfExSR-master/data/Urban100/image_SRF_4/img_061_SRF_4_LR.png,24.257671603567825,22.67257624867037,0.7343585009284709,0.7161961046357365
Urban100,img_061,latent_adapter_v1,/home/ubuntu/scratch/sr-diffusion/benchmark_outputs/stage2_latent_adapter_v1_best11000/Urban100/img_061/base.png,/home/ubuntu/scratch/sr-diffusion/benchmarks/selfexsr/SelfExSR-master/data/Urban100/image_SRF_4/img_061_SRF_4_HR.png,/home/ubuntu/scratch/sr-diffusion/benchmarks/selfexsr/SelfExSR-master/data/Urban100/image_SRF_4/img_061_SRF_4_LR.png,24.232407105798867,22.64956646187467,0.7357693391336994,0.7175556935683324
Urban100,img_061,guarded_v2,/home/ubuntu/scratch/sr-diffusion/benchmark_outputs/stage2_guarded_detail_v2_tta_off/Urban100/img_061/base.png,/home/ubuntu/scratch/sr-diffusion/benchmarks/selfexsr/SelfExSR-master/data/Urban100/image_SRF_4/img_061_SRF_4_HR.png,/home/ubuntu/scratch/sr-diffusion/benchmarks/selfexsr/SelfExSR-master/data/Urban100/image_SRF_4/img_061_SRF_4_LR.png,24.255201077735038,22.66850181076331,0.7385755543990405,0.7201868370182499
Urban100,img_061,guarded_v2_x8,/home/ubuntu/scratch/sr-diffusion/benchmark_outputs/stage2_guarded_detail_v2_tta_x8/Urban100/img_061/base.png,/home/ubuntu/scratch/sr-diffusion/benchmarks/selfexsr/SelfExSR-master/data/Urban100/image_SRF_4/img_061_SRF_4_HR.png,/home/ubuntu/scratch/sr-diffusion/benchmarks/selfexsr/SelfExSR-master/data/Urban100/image_SRF_4/img_061_SRF_4_LR.png,24.2835334829175,22.701171829736605,0.7415589773450879,0.7236978124902448
Urban100,img_061,detail_v2_masked,/home/ubuntu/scratch/sr-diffusion/benchmark_outputs/detail_v2_masked/Urban100/img_061/detail.png,/home/ubuntu/scratch/sr-diffusion/benchmarks/selfexsr/SelfExSR-master/data/Urban100/image_SRF_4/img_061_SRF_4_HR.png,/home/ubuntu/scratch/sr-diffusion/benchmarks/selfexsr/SelfExSR-master/data/Urban100/image_SRF_4/img_061_SRF_4_LR.png,24.471919260913854,22.886956328176765,0.7499845109956568,0.7325129592449552
Urban100,img_061,realesrgan,/home/ubuntu/scratch/sr-diffusion/benchmark_outputs/realesrgan/Urban100/img_061/RealESRGAN_x4plus.png,/home/ubuntu/scratch/sr-diffusion/benchmarks/selfexsr/SelfExSR-master/data/Urban100/image_SRF_4/img_061_SRF_4_HR.png,/home/ubuntu/scratch/sr-diffusion/benchmarks/selfexsr/SelfExSR-master/data/Urban100/image_SRF_4/img_061_SRF_4_LR.png,20.417882327644193,18.654305686074974,0.6260726454061402,0.5878886015645004
Urban100,img_062,bicubic,generated:matlab_bicubic_resize,/home/ubuntu/scratch/sr-diffusion/benchmarks/selfexsr/SelfExSR-master/data/Urban100/image_SRF_4/img_062_SRF_4_HR.png,/home/ubuntu/scratch/sr-diffusion/benchmarks/selfexsr/SelfExSR-master/data/Urban100/image_SRF_4/img_062_SRF_4_LR.png,19.8606624401761,18.431772770315842,0.6458850221229868,0.624203593745086
Urban100,img_062,stage2_base,/home/ubuntu/scratch/sr-diffusion/benchmark_outputs/stage2_dual_best98000/Urban100/img_062/base.png,/home/ubuntu/scratch/sr-diffusion/benchmarks/selfexsr/SelfExSR-master/data/Urban100/image_SRF_4/img_062_SRF_4_HR.png,/home/ubuntu/scratch/sr-diffusion/benchmarks/selfexsr/SelfExSR-master/data/Urban100/image_SRF_4/img_062_SRF_4_LR.png,20.909679037683127,19.489797514891336,0.7700797848379379,0.7482312556424041
Urban100,img_062,latent_adapter_v1,/home/ubuntu/scratch/sr-diffusion/benchmark_outputs/stage2_latent_adapter_v1_best11000/Urban100/img_062/base.png,/home/ubuntu/scratch/sr-diffusion/benchmarks/selfexsr/SelfExSR-master/data/Urban100/image_SRF_4/img_062_SRF_4_HR.png,/home/ubuntu/scratch/sr-diffusion/benchmarks/selfexsr/SelfExSR-master/data/Urban100/image_SRF_4/img_062_SRF_4_LR.png,20.889055901261155,19.470342996946652,0.771141447156846,0.7486228340688612
Urban100,img_062,guarded_v2,/home/ubuntu/scratch/sr-diffusion/benchmark_outputs/stage2_guarded_detail_v2_tta_off/Urban100/img_062/base.png,/home/ubuntu/scratch/sr-diffusion/benchmarks/selfexsr/SelfExSR-master/data/Urban100/image_SRF_4/img_062_SRF_4_HR.png,/home/ubuntu/scratch/sr-diffusion/benchmarks/selfexsr/SelfExSR-master/data/Urban100/image_SRF_4/img_062_SRF_4_LR.png,20.982047495936982,19.560409579503727,0.7709095117019632,0.7484415635938766
Urban100,img_062,guarded_v2_x8,/home/ubuntu/scratch/sr-diffusion/benchmark_outputs/stage2_guarded_detail_v2_tta_x8/Urban100/img_062/base.png,/home/ubuntu/scratch/sr-diffusion/benchmarks/selfexsr/SelfExSR-master/data/Urban100/image_SRF_4/img_062_SRF_4_HR.png,/home/ubuntu/scratch/sr-diffusion/benchmarks/selfexsr/SelfExSR-master/data/Urban100/image_SRF_4/img_062_SRF_4_LR.png,21.011040699706793,19.59513174234853,0.7724917002007632,0.7504182164843556
Urban100,img_062,detail_v2_masked,/home/ubuntu/scratch/sr-diffusion/benchmark_outputs/detail_v2_masked/Urban100/img_062/detail.png,/home/ubuntu/scratch/sr-diffusion/benchmarks/selfexsr/SelfExSR-master/data/Urban100/image_SRF_4/img_062_SRF_4_HR.png,/home/ubuntu/scratch/sr-diffusion/benchmarks/selfexsr/SelfExSR-master/data/Urban100/image_SRF_4/img_062_SRF_4_LR.png,21.209503661068403,19.79239148430163,0.7935049843189738,0.7733314221694254
Urban100,img_062,realesrgan,/home/ubuntu/scratch/sr-diffusion/benchmark_outputs/realesrgan/Urban100/img_062/RealESRGAN_x4plus.png,/home/ubuntu/scratch/sr-diffusion/benchmarks/selfexsr/SelfExSR-master/data/Urban100/image_SRF_4/img_062_SRF_4_HR.png,/home/ubuntu/scratch/sr-diffusion/benchmarks/selfexsr/SelfExSR-master/data/Urban100/image_SRF_4/img_062_SRF_4_LR.png,19.173030426878114,17.67544973273357,0.6931276249494034,0.6467902139831508
Urban100,img_063,bicubic,generated:matlab_bicubic_resize,/home/ubuntu/scratch/sr-diffusion/benchmarks/selfexsr/SelfExSR-master/data/Urban100/image_SRF_4/img_063_SRF_4_HR.png,/home/ubuntu/scratch/sr-diffusion/benchmarks/selfexsr/SelfExSR-master/data/Urban100/image_SRF_4/img_063_SRF_4_LR.png,17.954628605229544,16.747532272380383,0.43123074051208443,0.3862504228612314
Urban100,img_063,stage2_base,/home/ubuntu/scratch/sr-diffusion/benchmark_outputs/stage2_dual_best98000/Urban100/img_063/base.png,/home/ubuntu/scratch/sr-diffusion/benchmarks/selfexsr/SelfExSR-master/data/Urban100/image_SRF_4/img_063_SRF_4_HR.png,/home/ubuntu/scratch/sr-diffusion/benchmarks/selfexsr/SelfExSR-master/data/Urban100/image_SRF_4/img_063_SRF_4_LR.png,21.856965695560177,20.512819748985606,0.6006780941854506,0.5576607331030106
Urban100,img_063,latent_adapter_v1,/home/ubuntu/scratch/sr-diffusion/benchmark_outputs/stage2_latent_adapter_v1_best11000/Urban100/img_063/base.png,/home/ubuntu/scratch/sr-diffusion/benchmarks/selfexsr/SelfExSR-master/data/Urban100/image_SRF_4/img_063_SRF_4_HR.png,/home/ubuntu/scratch/sr-diffusion/benchmarks/selfexsr/SelfExSR-master/data/Urban100/image_SRF_4/img_063_SRF_4_LR.png,21.90278364835319,20.559270001052287,0.6027863771921919,0.5601451043687958
Urban100,img_063,guarded_v2,/home/ubuntu/scratch/sr-diffusion/benchmark_outputs/stage2_guarded_detail_v2_tta_off/Urban100/img_063/base.png,/home/ubuntu/scratch/sr-diffusion/benchmarks/selfexsr/SelfExSR-master/data/Urban100/image_SRF_4/img_063_SRF_4_HR.png,/home/ubuntu/scratch/sr-diffusion/benchmarks/selfexsr/SelfExSR-master/data/Urban100/image_SRF_4/img_063_SRF_4_LR.png,21.912016339360324,20.561898062623882,0.6044198370044933,0.5618497906670766
Urban100,img_063,guarded_v2_x8,/home/ubuntu/scratch/sr-diffusion/benchmark_outputs/stage2_guarded_detail_v2_tta_x8/Urban100/img_063/base.png,/home/ubuntu/scratch/sr-diffusion/benchmarks/selfexsr/SelfExSR-master/data/Urban100/image_SRF_4/img_063_SRF_4_HR.png,/home/ubuntu/scratch/sr-diffusion/benchmarks/selfexsr/SelfExSR-master/data/Urban100/image_SRF_4/img_063_SRF_4_LR.png,22.01493627692267,20.672433309244596,0.607754495566342,0.5658628969914706
Urban100,img_063,detail_v2_masked,/home/ubuntu/scratch/sr-diffusion/benchmark_outputs/detail_v2_masked/Urban100/img_063/detail.png,/home/ubuntu/scratch/sr-diffusion/benchmarks/selfexsr/SelfExSR-master/data/Urban100/image_SRF_4/img_063_SRF_4_HR.png,/home/ubuntu/scratch/sr-diffusion/benchmarks/selfexsr/SelfExSR-master/data/Urban100/image_SRF_4/img_063_SRF_4_LR.png,22.187965974098542,20.835410227272035,0.6106263552657988,0.5676787013407688
Urban100,img_063,realesrgan,/home/ubuntu/scratch/sr-diffusion/benchmark_outputs/realesrgan/Urban100/img_063/RealESRGAN_x4plus.png,/home/ubuntu/scratch/sr-diffusion/benchmarks/selfexsr/SelfExSR-master/data/Urban100/image_SRF_4/img_063_SRF_4_HR.png,/home/ubuntu/scratch/sr-diffusion/benchmarks/selfexsr/SelfExSR-master/data/Urban100/image_SRF_4/img_063_SRF_4_LR.png,20.684354699830422,19.065180873713818,0.5542458549243097,0.49557193804867766
Urban100,img_064,bicubic,generated:matlab_bicubic_resize,/home/ubuntu/scratch/sr-diffusion/benchmarks/selfexsr/SelfExSR-master/data/Urban100/image_SRF_4/img_064_SRF_4_HR.png,/home/ubuntu/scratch/sr-diffusion/benchmarks/selfexsr/SelfExSR-master/data/Urban100/image_SRF_4/img_064_SRF_4_LR.png,24.911751884280868,23.597111586733543,0.7029744157187847,0.6828821297683958
Urban100,img_064,stage2_base,/home/ubuntu/scratch/sr-diffusion/benchmark_outputs/stage2_dual_best98000/Urban100/img_064/base.png,/home/ubuntu/scratch/sr-diffusion/benchmarks/selfexsr/SelfExSR-master/data/Urban100/image_SRF_4/img_064_SRF_4_HR.png,/home/ubuntu/scratch/sr-diffusion/benchmarks/selfexsr/SelfExSR-master/data/Urban100/image_SRF_4/img_064_SRF_4_LR.png,26.227575293992132,24.869199332999305,0.7681138524551054,0.7503451170683858
Urban100,img_064,latent_adapter_v1,/home/ubuntu/scratch/sr-diffusion/benchmark_outputs/stage2_latent_adapter_v1_best11000/Urban100/img_064/base.png,/home/ubuntu/scratch/sr-diffusion/benchmarks/selfexsr/SelfExSR-master/data/Urban100/image_SRF_4/img_064_SRF_4_HR.png,/home/ubuntu/scratch/sr-diffusion/benchmarks/selfexsr/SelfExSR-master/data/Urban100/image_SRF_4/img_064_SRF_4_LR.png,26.239205767115244,24.87915986500644,0.7694841650129259,0.7518026542519504
Urban100,img_064,guarded_v2,/home/ubuntu/scratch/sr-diffusion/benchmark_outputs/stage2_guarded_detail_v2_tta_off/Urban100/img_064/base.png,/home/ubuntu/scratch/sr-diffusion/benchmarks/selfexsr/SelfExSR-master/data/Urban100/image_SRF_4/img_064_SRF_4_HR.png,/home/ubuntu/scratch/sr-diffusion/benchmarks/selfexsr/SelfExSR-master/data/Urban100/image_SRF_4/img_064_SRF_4_LR.png,26.268680836043828,24.906095335035225,0.771908138016069,0.7543662639889531
Urban100,img_064,guarded_v2_x8,/home/ubuntu/scratch/sr-diffusion/benchmark_outputs/stage2_guarded_detail_v2_tta_x8/Urban100/img_064/base.png,/home/ubuntu/scratch/sr-diffusion/benchmarks/selfexsr/SelfExSR-master/data/Urban100/image_SRF_4/img_064_SRF_4_HR.png,/home/ubuntu/scratch/sr-diffusion/benchmarks/selfexsr/SelfExSR-master/data/Urban100/image_SRF_4/img_064_SRF_4_LR.png,26.34895010620503,24.989967011707495,0.7745903752866413,0.7574223411908102
Urban100,img_064,detail_v2_masked,/home/ubuntu/scratch/sr-diffusion/benchmark_outputs/detail_v2_masked/Urban100/img_064/detail.png,/home/ubuntu/scratch/sr-diffusion/benchmarks/selfexsr/SelfExSR-master/data/Urban100/image_SRF_4/img_064_SRF_4_HR.png,/home/ubuntu/scratch/sr-diffusion/benchmarks/selfexsr/SelfExSR-master/data/Urban100/image_SRF_4/img_064_SRF_4_LR.png,26.542931911024258,25.180410274156884,0.7811876194453735,0.7640929614711541
Urban100,img_064,realesrgan,/home/ubuntu/scratch/sr-diffusion/benchmark_outputs/realesrgan/Urban100/img_064/RealESRGAN_x4plus.png,/home/ubuntu/scratch/sr-diffusion/benchmarks/selfexsr/SelfExSR-master/data/Urban100/image_SRF_4/img_064_SRF_4_HR.png,/home/ubuntu/scratch/sr-diffusion/benchmarks/selfexsr/SelfExSR-master/data/Urban100/image_SRF_4/img_064_SRF_4_LR.png,22.572818051805108,21.193895592136887,0.6029337965582932,0.5707148049413578
Urban100,img_065,bicubic,generated:matlab_bicubic_resize,/home/ubuntu/scratch/sr-diffusion/benchmarks/selfexsr/SelfExSR-master/data/Urban100/image_SRF_4/img_065_SRF_4_HR.png,/home/ubuntu/scratch/sr-diffusion/benchmarks/selfexsr/SelfExSR-master/data/Urban100/image_SRF_4/img_065_SRF_4_LR.png,23.92499605826941,22.26002238285279,0.6100779728996248,0.5861429211045038
Urban100,img_065,stage2_base,/home/ubuntu/scratch/sr-diffusion/benchmark_outputs/stage2_dual_best98000/Urban100/img_065/base.png,/home/ubuntu/scratch/sr-diffusion/benchmarks/selfexsr/SelfExSR-master/data/Urban100/image_SRF_4/img_065_SRF_4_HR.png,/home/ubuntu/scratch/sr-diffusion/benchmarks/selfexsr/SelfExSR-master/data/Urban100/image_SRF_4/img_065_SRF_4_LR.png,25.207499897016163,23.53492951824114,0.7051781845535158,0.6839970111686373
Urban100,img_065,latent_adapter_v1,/home/ubuntu/scratch/sr-diffusion/benchmark_outputs/stage2_latent_adapter_v1_best11000/Urban100/img_065/base.png,/home/ubuntu/scratch/sr-diffusion/benchmarks/selfexsr/SelfExSR-master/data/Urban100/image_SRF_4/img_065_SRF_4_HR.png,/home/ubuntu/scratch/sr-diffusion/benchmarks/selfexsr/SelfExSR-master/data/Urban100/image_SRF_4/img_065_SRF_4_LR.png,25.214447623540813,23.540282917741926,0.7073837042185653,0.6861565625328027
Urban100,img_065,guarded_v2,/home/ubuntu/scratch/sr-diffusion/benchmark_outputs/stage2_guarded_detail_v2_tta_off/Urban100/img_065/base.png,/home/ubuntu/scratch/sr-diffusion/benchmarks/selfexsr/SelfExSR-master/data/Urban100/image_SRF_4/img_065_SRF_4_HR.png,/home/ubuntu/scratch/sr-diffusion/benchmarks/selfexsr/SelfExSR-master/data/Urban100/image_SRF_4/img_065_SRF_4_LR.png,25.23159348158446,23.554743313766416,0.7105643349210727,0.6895225818614219
Urban100,img_065,guarded_v2_x8,/home/ubuntu/scratch/sr-diffusion/benchmark_outputs/stage2_guarded_detail_v2_tta_x8/Urban100/img_065/base.png,/home/ubuntu/scratch/sr-diffusion/benchmarks/selfexsr/SelfExSR-master/data/Urban100/image_SRF_4/img_065_SRF_4_HR.png,/home/ubuntu/scratch/sr-diffusion/benchmarks/selfexsr/SelfExSR-master/data/Urban100/image_SRF_4/img_065_SRF_4_LR.png,25.306842594451574,23.62980170700924,0.7169550305103068,0.6962620434780673
Urban100,img_065,detail_v2_masked,/home/ubuntu/scratch/sr-diffusion/benchmark_outputs/detail_v2_masked/Urban100/img_065/detail.png,/home/ubuntu/scratch/sr-diffusion/benchmarks/selfexsr/SelfExSR-master/data/Urban100/image_SRF_4/img_065_SRF_4_HR.png,/home/ubuntu/scratch/sr-diffusion/benchmarks/selfexsr/SelfExSR-master/data/Urban100/image_SRF_4/img_065_SRF_4_LR.png,25.43084727308326,23.750404036002486,0.7239142843067925,0.7030843727603284
Urban100,img_065,realesrgan,/home/ubuntu/scratch/sr-diffusion/benchmark_outputs/realesrgan/Urban100/img_065/RealESRGAN_x4plus.png,/home/ubuntu/scratch/sr-diffusion/benchmarks/selfexsr/SelfExSR-master/data/Urban100/image_SRF_4/img_065_SRF_4_HR.png,/home/ubuntu/scratch/sr-diffusion/benchmarks/selfexsr/SelfExSR-master/data/Urban100/image_SRF_4/img_065_SRF_4_LR.png,21.835606529755932,19.98984314640016,0.5815300810231578,0.5450806373292292
Urban100,img_066,bicubic,generated:matlab_bicubic_resize,/home/ubuntu/scratch/sr-diffusion/benchmarks/selfexsr/SelfExSR-master/data/Urban100/image_SRF_4/img_066_SRF_4_HR.png,/home/ubuntu/scratch/sr-diffusion/benchmarks/selfexsr/SelfExSR-master/data/Urban100/image_SRF_4/img_066_SRF_4_LR.png,21.337516884349167,20.014394519723876,0.5568841163810392,0.5298076075752408
Urban100,img_066,stage2_base,/home/ubuntu/scratch/sr-diffusion/benchmark_outputs/stage2_dual_best98000/Urban100/img_066/base.png,/home/ubuntu/scratch/sr-diffusion/benchmarks/selfexsr/SelfExSR-master/data/Urban100/image_SRF_4/img_066_SRF_4_HR.png,/home/ubuntu/scratch/sr-diffusion/benchmarks/selfexsr/SelfExSR-master/data/Urban100/image_SRF_4/img_066_SRF_4_LR.png,22.201003742258717,20.874958112466064,0.6350873982258819,0.6116798897271649
Urban100,img_066,latent_adapter_v1,/home/ubuntu/scratch/sr-diffusion/benchmark_outputs/stage2_latent_adapter_v1_best11000/Urban100/img_066/base.png,/home/ubuntu/scratch/sr-diffusion/benchmarks/selfexsr/SelfExSR-master/data/Urban100/image_SRF_4/img_066_SRF_4_HR.png,/home/ubuntu/scratch/sr-diffusion/benchmarks/selfexsr/SelfExSR-master/data/Urban100/image_SRF_4/img_066_SRF_4_LR.png,22.20581643696814,20.87980232405704,0.6370229312337389,0.6137366496610629
Urban100,img_066,guarded_v2,/home/ubuntu/scratch/sr-diffusion/benchmark_outputs/stage2_guarded_detail_v2_tta_off/Urban100/img_066/base.png,/home/ubuntu/scratch/sr-diffusion/benchmarks/selfexsr/SelfExSR-master/data/Urban100/image_SRF_4/img_066_SRF_4_HR.png,/home/ubuntu/scratch/sr-diffusion/benchmarks/selfexsr/SelfExSR-master/data/Urban100/image_SRF_4/img_066_SRF_4_LR.png,22.217449829115758,20.89133331053071,0.6386183054512035,0.6154056927102712
Urban100,img_066,guarded_v2_x8,/home/ubuntu/scratch/sr-diffusion/benchmark_outputs/stage2_guarded_detail_v2_tta_x8/Urban100/img_066/base.png,/home/ubuntu/scratch/sr-diffusion/benchmarks/selfexsr/SelfExSR-master/data/Urban100/image_SRF_4/img_066_SRF_4_HR.png,/home/ubuntu/scratch/sr-diffusion/benchmarks/selfexsr/SelfExSR-master/data/Urban100/image_SRF_4/img_066_SRF_4_LR.png,22.247371341605117,20.922312043114747,0.6420773027934652,0.6191299045441175
Urban100,img_066,detail_v2_masked,/home/ubuntu/scratch/sr-diffusion/benchmark_outputs/detail_v2_masked/Urban100/img_066/detail.png,/home/ubuntu/scratch/sr-diffusion/benchmarks/selfexsr/SelfExSR-master/data/Urban100/image_SRF_4/img_066_SRF_4_HR.png,/home/ubuntu/scratch/sr-diffusion/benchmarks/selfexsr/SelfExSR-master/data/Urban100/image_SRF_4/img_066_SRF_4_LR.png,22.34216859505888,21.014882876595816,0.6461990710409499,0.62316741055063
Urban100,img_066,realesrgan,/home/ubuntu/scratch/sr-diffusion/benchmark_outputs/realesrgan/Urban100/img_066/RealESRGAN_x4plus.png,/home/ubuntu/scratch/sr-diffusion/benchmarks/selfexsr/SelfExSR-master/data/Urban100/image_SRF_4/img_066_SRF_4_HR.png,/home/ubuntu/scratch/sr-diffusion/benchmarks/selfexsr/SelfExSR-master/data/Urban100/image_SRF_4/img_066_SRF_4_LR.png,20.648743329905464,19.320639700896084,0.5505499249495119,0.5208005684341837
Urban100,img_067,bicubic,generated:matlab_bicubic_resize,/home/ubuntu/scratch/sr-diffusion/benchmarks/selfexsr/SelfExSR-master/data/Urban100/image_SRF_4/img_067_SRF_4_HR.png,/home/ubuntu/scratch/sr-diffusion/benchmarks/selfexsr/SelfExSR-master/data/Urban100/image_SRF_4/img_067_SRF_4_LR.png,16.962489608668506,15.483680219744985,0.7029382744368726,0.6748043606725272
Urban100,img_067,stage2_base,/home/ubuntu/scratch/sr-diffusion/benchmark_outputs/stage2_dual_best98000/Urban100/img_067/base.png,/home/ubuntu/scratch/sr-diffusion/benchmarks/selfexsr/SelfExSR-master/data/Urban100/image_SRF_4/img_067_SRF_4_HR.png,/home/ubuntu/scratch/sr-diffusion/benchmarks/selfexsr/SelfExSR-master/data/Urban100/image_SRF_4/img_067_SRF_4_LR.png,18.67111801702042,17.24069869605553,0.8467784828652365,0.8206897838519308
Urban100,img_067,latent_adapter_v1,/home/ubuntu/scratch/sr-diffusion/benchmark_outputs/stage2_latent_adapter_v1_best11000/Urban100/img_067/base.png,/home/ubuntu/scratch/sr-diffusion/benchmarks/selfexsr/SelfExSR-master/data/Urban100/image_SRF_4/img_067_SRF_4_HR.png,/home/ubuntu/scratch/sr-diffusion/benchmarks/selfexsr/SelfExSR-master/data/Urban100/image_SRF_4/img_067_SRF_4_LR.png,18.660299786835214,17.23035697476309,0.8472993788138647,0.8215077710075915
Urban100,img_067,guarded_v2,/home/ubuntu/scratch/sr-diffusion/benchmark_outputs/stage2_guarded_detail_v2_tta_off/Urban100/img_067/base.png,/home/ubuntu/scratch/sr-diffusion/benchmarks/selfexsr/SelfExSR-master/data/Urban100/image_SRF_4/img_067_SRF_4_HR.png,/home/ubuntu/scratch/sr-diffusion/benchmarks/selfexsr/SelfExSR-master/data/Urban100/image_SRF_4/img_067_SRF_4_LR.png,18.689025336005983,17.258285357436513,0.8471605283625923,0.8210271975956339
Urban100,img_067,guarded_v2_x8,/home/ubuntu/scratch/sr-diffusion/benchmark_outputs/stage2_guarded_detail_v2_tta_x8/Urban100/img_067/base.png,/home/ubuntu/scratch/sr-diffusion/benchmarks/selfexsr/SelfExSR-master/data/Urban100/image_SRF_4/img_067_SRF_4_HR.png,/home/ubuntu/scratch/sr-diffusion/benchmarks/selfexsr/SelfExSR-master/data/Urban100/image_SRF_4/img_067_SRF_4_LR.png,18.814107003456517,17.38212030078072,0.8501379587215571,0.8239876168385346
Urban100,img_067,detail_v2_masked,/home/ubuntu/scratch/sr-diffusion/benchmark_outputs/detail_v2_masked/Urban100/img_067/detail.png,/home/ubuntu/scratch/sr-diffusion/benchmarks/selfexsr/SelfExSR-master/data/Urban100/image_SRF_4/img_067_SRF_4_HR.png,/home/ubuntu/scratch/sr-diffusion/benchmarks/selfexsr/SelfExSR-master/data/Urban100/image_SRF_4/img_067_SRF_4_LR.png,19.005334182936025,17.57909841555742,0.8607418503552041,0.8355964494822814
Urban100,img_067,realesrgan,/home/ubuntu/scratch/sr-diffusion/benchmark_outputs/realesrgan/Urban100/img_067/RealESRGAN_x4plus.png,/home/ubuntu/scratch/sr-diffusion/benchmarks/selfexsr/SelfExSR-master/data/Urban100/image_SRF_4/img_067_SRF_4_HR.png,/home/ubuntu/scratch/sr-diffusion/benchmarks/selfexsr/SelfExSR-master/data/Urban100/image_SRF_4/img_067_SRF_4_LR.png,17.666330204805092,16.16695604213287,0.8063948362381437,0.7652680406701059
Urban100,img_068,bicubic,generated:matlab_bicubic_resize,/home/ubuntu/scratch/sr-diffusion/benchmarks/selfexsr/SelfExSR-master/data/Urban100/image_SRF_4/img_068_SRF_4_HR.png,/home/ubuntu/scratch/sr-diffusion/benchmarks/selfexsr/SelfExSR-master/data/Urban100/image_SRF_4/img_068_SRF_4_LR.png,26.92462701535408,25.571603386377486,0.7504753116811578,0.7264514571759983
Urban100,img_068,stage2_base,/home/ubuntu/scratch/sr-diffusion/benchmark_outputs/stage2_dual_best98000/Urban100/img_068/base.png,/home/ubuntu/scratch/sr-diffusion/benchmarks/selfexsr/SelfExSR-master/data/Urban100/image_SRF_4/img_068_SRF_4_HR.png,/home/ubuntu/scratch/sr-diffusion/benchmarks/selfexsr/SelfExSR-master/data/Urban100/image_SRF_4/img_068_SRF_4_LR.png,29.665760664869797,28.247426789031778,0.8631320260527218,0.8443407351097103
Urban100,img_068,latent_adapter_v1,/home/ubuntu/scratch/sr-diffusion/benchmark_outputs/stage2_latent_adapter_v1_best11000/Urban100/img_068/base.png,/home/ubuntu/scratch/sr-diffusion/benchmarks/selfexsr/SelfExSR-master/data/Urban100/image_SRF_4/img_068_SRF_4_HR.png,/home/ubuntu/scratch/sr-diffusion/benchmarks/selfexsr/SelfExSR-master/data/Urban100/image_SRF_4/img_068_SRF_4_LR.png,29.73909044402206,28.31805529684091,0.8654542596519926,0.8465526273109325
Urban100,img_068,guarded_v2,/home/ubuntu/scratch/sr-diffusion/benchmark_outputs/stage2_guarded_detail_v2_tta_off/Urban100/img_068/base.png,/home/ubuntu/scratch/sr-diffusion/benchmarks/selfexsr/SelfExSR-master/data/Urban100/image_SRF_4/img_068_SRF_4_HR.png,/home/ubuntu/scratch/sr-diffusion/benchmarks/selfexsr/SelfExSR-master/data/Urban100/image_SRF_4/img_068_SRF_4_LR.png,29.848086277687994,28.42486575958783,0.8682895981270005,0.8495549930906723
Urban100,img_068,guarded_v2_x8,/home/ubuntu/scratch/sr-diffusion/benchmark_outputs/stage2_guarded_detail_v2_tta_x8/Urban100/img_068/base.png,/home/ubuntu/scratch/sr-diffusion/benchmarks/selfexsr/SelfExSR-master/data/Urban100/image_SRF_4/img_068_SRF_4_HR.png,/home/ubuntu/scratch/sr-diffusion/benchmarks/selfexsr/SelfExSR-master/data/Urban100/image_SRF_4/img_068_SRF_4_LR.png,29.93384924495691,28.518952687348325,0.871611279535629,0.8536375790910987
Urban100,img_068,detail_v2_masked,/home/ubuntu/scratch/sr-diffusion/benchmark_outputs/detail_v2_masked/Urban100/img_068/detail.png,/home/ubuntu/scratch/sr-diffusion/benchmarks/selfexsr/SelfExSR-master/data/Urban100/image_SRF_4/img_068_SRF_4_HR.png,/home/ubuntu/scratch/sr-diffusion/benchmarks/selfexsr/SelfExSR-master/data/Urban100/image_SRF_4/img_068_SRF_4_LR.png,30.6394226517423,29.18884536243275,0.8902313636464221,0.8728152967218148
Urban100,img_068,realesrgan,/home/ubuntu/scratch/sr-diffusion/benchmark_outputs/realesrgan/Urban100/img_068/RealESRGAN_x4plus.png,/home/ubuntu/scratch/sr-diffusion/benchmarks/selfexsr/SelfExSR-master/data/Urban100/image_SRF_4/img_068_SRF_4_HR.png,/home/ubuntu/scratch/sr-diffusion/benchmarks/selfexsr/SelfExSR-master/data/Urban100/image_SRF_4/img_068_SRF_4_LR.png,25.84591475092262,24.45446843164964,0.784376037197344,0.7440071353210485
Urban100,img_069,bicubic,generated:matlab_bicubic_resize,/home/ubuntu/scratch/sr-diffusion/benchmarks/selfexsr/SelfExSR-master/data/Urban100/image_SRF_4/img_069_SRF_4_HR.png,/home/ubuntu/scratch/sr-diffusion/benchmarks/selfexsr/SelfExSR-master/data/Urban100/image_SRF_4/img_069_SRF_4_LR.png,22.899728023100604,21.61501155011212,0.6307582042739128,0.6047569190455709
Urban100,img_069,stage2_base,/home/ubuntu/scratch/sr-diffusion/benchmark_outputs/stage2_dual_best98000/Urban100/img_069/base.png,/home/ubuntu/scratch/sr-diffusion/benchmarks/selfexsr/SelfExSR-master/data/Urban100/image_SRF_4/img_069_SRF_4_HR.png,/home/ubuntu/scratch/sr-diffusion/benchmarks/selfexsr/SelfExSR-master/data/Urban100/image_SRF_4/img_069_SRF_4_LR.png,24.542368565192998,23.21917555149004,0.7435486725859456,0.721934893199986
Urban100,img_069,latent_adapter_v1,/home/ubuntu/scratch/sr-diffusion/benchmark_outputs/stage2_latent_adapter_v1_best11000/Urban100/img_069/base.png,/home/ubuntu/scratch/sr-diffusion/benchmarks/selfexsr/SelfExSR-master/data/Urban100/image_SRF_4/img_069_SRF_4_HR.png,/home/ubuntu/scratch/sr-diffusion/benchmarks/selfexsr/SelfExSR-master/data/Urban100/image_SRF_4/img_069_SRF_4_LR.png,24.536268510957413,23.21282606774207,0.7450824372644521,0.7234417004265543
Urban100,img_069,guarded_v2,/home/ubuntu/scratch/sr-diffusion/benchmark_outputs/stage2_guarded_detail_v2_tta_off/Urban100/img_069/base.png,/home/ubuntu/scratch/sr-diffusion/benchmarks/selfexsr/SelfExSR-master/data/Urban100/image_SRF_4/img_069_SRF_4_HR.png,/home/ubuntu/scratch/sr-diffusion/benchmarks/selfexsr/SelfExSR-master/data/Urban100/image_SRF_4/img_069_SRF_4_LR.png,24.567200693803677,23.242121242325364,0.7476871397065196,0.7262800674426363
Urban100,img_069,guarded_v2_x8,/home/ubuntu/scratch/sr-diffusion/benchmark_outputs/stage2_guarded_detail_v2_tta_x8/Urban100/img_069/base.png,/home/ubuntu/scratch/sr-diffusion/benchmarks/selfexsr/SelfExSR-master/data/Urban100/image_SRF_4/img_069_SRF_4_HR.png,/home/ubuntu/scratch/sr-diffusion/benchmarks/selfexsr/SelfExSR-master/data/Urban100/image_SRF_4/img_069_SRF_4_LR.png,24.59693720683927,23.276366860253965,0.74786384164264,0.7269912352513938
Urban100,img_069,detail_v2_masked,/home/ubuntu/scratch/sr-diffusion/benchmark_outputs/detail_v2_masked/Urban100/img_069/detail.png,/home/ubuntu/scratch/sr-diffusion/benchmarks/selfexsr/SelfExSR-master/data/Urban100/image_SRF_4/img_069_SRF_4_HR.png,/home/ubuntu/scratch/sr-diffusion/benchmarks/selfexsr/SelfExSR-master/data/Urban100/image_SRF_4/img_069_SRF_4_LR.png,24.793709626708186,23.466599063627683,0.7572877511125338,0.7363951842169
Urban100,img_069,realesrgan,/home/ubuntu/scratch/sr-diffusion/benchmark_outputs/realesrgan/Urban100/img_069/RealESRGAN_x4plus.png,/home/ubuntu/scratch/sr-diffusion/benchmarks/selfexsr/SelfExSR-master/data/Urban100/image_SRF_4/img_069_SRF_4_HR.png,/home/ubuntu/scratch/sr-diffusion/benchmarks/selfexsr/SelfExSR-master/data/Urban100/image_SRF_4/img_069_SRF_4_LR.png,22.379047335824474,20.807381634076787,0.6647937172784261,0.6235959582178698
Urban100,img_070,bicubic,generated:matlab_bicubic_resize,/home/ubuntu/scratch/sr-diffusion/benchmarks/selfexsr/SelfExSR-master/data/Urban100/image_SRF_4/img_070_SRF_4_HR.png,/home/ubuntu/scratch/sr-diffusion/benchmarks/selfexsr/SelfExSR-master/data/Urban100/image_SRF_4/img_070_SRF_4_LR.png,21.5011553622232,20.184022242586362,0.5264459858423846,0.5049707153824903
Urban100,img_070,stage2_base,/home/ubuntu/scratch/sr-diffusion/benchmark_outputs/stage2_dual_best98000/Urban100/img_070/base.png,/home/ubuntu/scratch/sr-diffusion/benchmarks/selfexsr/SelfExSR-master/data/Urban100/image_SRF_4/img_070_SRF_4_HR.png,/home/ubuntu/scratch/sr-diffusion/benchmarks/selfexsr/SelfExSR-master/data/Urban100/image_SRF_4/img_070_SRF_4_LR.png,22.075462666879346,20.75307958696247,0.58801270741792,0.5670851292714816
Urban100,img_070,latent_adapter_v1,/home/ubuntu/scratch/sr-diffusion/benchmark_outputs/stage2_latent_adapter_v1_best11000/Urban100/img_070/base.png,/home/ubuntu/scratch/sr-diffusion/benchmarks/selfexsr/SelfExSR-master/data/Urban100/image_SRF_4/img_070_SRF_4_HR.png,/home/ubuntu/scratch/sr-diffusion/benchmarks/selfexsr/SelfExSR-master/data/Urban100/image_SRF_4/img_070_SRF_4_LR.png,22.073189922876914,20.750076135896826,0.5903675083998945,0.5695957364739709
Urban100,img_070,guarded_v2,/home/ubuntu/scratch/sr-diffusion/benchmark_outputs/stage2_guarded_detail_v2_tta_off/Urban100/img_070/base.png,/home/ubuntu/scratch/sr-diffusion/benchmarks/selfexsr/SelfExSR-master/data/Urban100/image_SRF_4/img_070_SRF_4_HR.png,/home/ubuntu/scratch/sr-diffusion/benchmarks/selfexsr/SelfExSR-master/data/Urban100/image_SRF_4/img_070_SRF_4_LR.png,22.07503229010647,20.751095063837305,0.5922809486676986,0.5708081585014876
Urban100,img_070,guarded_v2_x8,/home/ubuntu/scratch/sr-diffusion/benchmark_outputs/stage2_guarded_detail_v2_tta_x8/Urban100/img_070/base.png,/home/ubuntu/scratch/sr-diffusion/benchmarks/selfexsr/SelfExSR-master/data/Urban100/image_SRF_4/img_070_SRF_4_HR.png,/home/ubuntu/scratch/sr-diffusion/benchmarks/selfexsr/SelfExSR-master/data/Urban100/image_SRF_4/img_070_SRF_4_LR.png,22.095517364706456,20.77321664951284,0.5933780378469947,0.5721720850926006
Urban100,img_070,detail_v2_masked,/home/ubuntu/scratch/sr-diffusion/benchmark_outputs/detail_v2_masked/Urban100/img_070/detail.png,/home/ubuntu/scratch/sr-diffusion/benchmarks/selfexsr/SelfExSR-master/data/Urban100/image_SRF_4/img_070_SRF_4_HR.png,/home/ubuntu/scratch/sr-diffusion/benchmarks/selfexsr/SelfExSR-master/data/Urban100/image_SRF_4/img_070_SRF_4_LR.png,22.15633062244922,20.834576519720255,0.597020798658114,0.575689097958618
Urban100,img_070,realesrgan,/home/ubuntu/scratch/sr-diffusion/benchmark_outputs/realesrgan/Urban100/img_070/RealESRGAN_x4plus.png,/home/ubuntu/scratch/sr-diffusion/benchmarks/selfexsr/SelfExSR-master/data/Urban100/image_SRF_4/img_070_SRF_4_HR.png,/home/ubuntu/scratch/sr-diffusion/benchmarks/selfexsr/SelfExSR-master/data/Urban100/image_SRF_4/img_070_SRF_4_LR.png,20.914388429231426,19.531500937883717,0.5260351299113424,0.4953244217343015
Urban100,img_071,bicubic,generated:matlab_bicubic_resize,/home/ubuntu/scratch/sr-diffusion/benchmarks/selfexsr/SelfExSR-master/data/Urban100/image_SRF_4/img_071_SRF_4_HR.png,/home/ubuntu/scratch/sr-diffusion/benchmarks/selfexsr/SelfExSR-master/data/Urban100/image_SRF_4/img_071_SRF_4_LR.png,25.7148361950504,24.323834417593467,0.5557747978767604,0.5119210460806672
Urban100,img_071,stage2_base,/home/ubuntu/scratch/sr-diffusion/benchmark_outputs/stage2_dual_best98000/Urban100/img_071/base.png,/home/ubuntu/scratch/sr-diffusion/benchmarks/selfexsr/SelfExSR-master/data/Urban100/image_SRF_4/img_071_SRF_4_HR.png,/home/ubuntu/scratch/sr-diffusion/benchmarks/selfexsr/SelfExSR-master/data/Urban100/image_SRF_4/img_071_SRF_4_LR.png,27.62477484857976,26.26762050145014,0.6452943113907073,0.6068117545132026
Urban100,img_071,latent_adapter_v1,/home/ubuntu/scratch/sr-diffusion/benchmark_outputs/stage2_latent_adapter_v1_best11000/Urban100/img_071/base.png,/home/ubuntu/scratch/sr-diffusion/benchmarks/selfexsr/SelfExSR-master/data/Urban100/image_SRF_4/img_071_SRF_4_HR.png,/home/ubuntu/scratch/sr-diffusion/benchmarks/selfexsr/SelfExSR-master/data/Urban100/image_SRF_4/img_071_SRF_4_LR.png,27.63327623182075,26.276754699236285,0.647041013817632,0.6088508273029718
Urban100,img_071,guarded_v2,/home/ubuntu/scratch/sr-diffusion/benchmark_outputs/stage2_guarded_detail_v2_tta_off/Urban100/img_071/base.png,/home/ubuntu/scratch/sr-diffusion/benchmarks/selfexsr/SelfExSR-master/data/Urban100/image_SRF_4/img_071_SRF_4_HR.png,/home/ubuntu/scratch/sr-diffusion/benchmarks/selfexsr/SelfExSR-master/data/Urban100/image_SRF_4/img_071_SRF_4_LR.png,27.65642121952566,26.30029553148408,0.6495225845904222,0.6116365098967133
Urban100,img_071,guarded_v2_x8,/home/ubuntu/scratch/sr-diffusion/benchmark_outputs/stage2_guarded_detail_v2_tta_x8/Urban100/img_071/base.png,/home/ubuntu/scratch/sr-diffusion/benchmarks/selfexsr/SelfExSR-master/data/Urban100/image_SRF_4/img_071_SRF_4_HR.png,/home/ubuntu/scratch/sr-diffusion/benchmarks/selfexsr/SelfExSR-master/data/Urban100/image_SRF_4/img_071_SRF_4_LR.png,27.702052103767585,26.346529270304973,0.6506783845208491,0.6127257747336902
Urban100,img_071,detail_v2_masked,/home/ubuntu/scratch/sr-diffusion/benchmark_outputs/detail_v2_masked/Urban100/img_071/detail.png,/home/ubuntu/scratch/sr-diffusion/benchmarks/selfexsr/SelfExSR-master/data/Urban100/image_SRF_4/img_071_SRF_4_HR.png,/home/ubuntu/scratch/sr-diffusion/benchmarks/selfexsr/SelfExSR-master/data/Urban100/image_SRF_4/img_071_SRF_4_LR.png,27.9024031969604,26.546601039295492,0.6585369570458398,0.6208464462667238
Urban100,img_071,realesrgan,/home/ubuntu/scratch/sr-diffusion/benchmark_outputs/realesrgan/Urban100/img_071/RealESRGAN_x4plus.png,/home/ubuntu/scratch/sr-diffusion/benchmarks/selfexsr/SelfExSR-master/data/Urban100/image_SRF_4/img_071_SRF_4_HR.png,/home/ubuntu/scratch/sr-diffusion/benchmarks/selfexsr/SelfExSR-master/data/Urban100/image_SRF_4/img_071_SRF_4_LR.png,26.58236132244408,25.19399921502036,0.5905626731955252,0.5456135117635507
Urban100,img_072,bicubic,generated:matlab_bicubic_resize,/home/ubuntu/scratch/sr-diffusion/benchmarks/selfexsr/SelfExSR-master/data/Urban100/image_SRF_4/img_072_SRF_4_HR.png,/home/ubuntu/scratch/sr-diffusion/benchmarks/selfexsr/SelfExSR-master/data/Urban100/image_SRF_4/img_072_SRF_4_LR.png,16.684619670248853,15.362698358372116,0.5620626042916426,0.5462410819094191
Urban100,img_072,stage2_base,/home/ubuntu/scratch/sr-diffusion/benchmark_outputs/stage2_dual_best98000/Urban100/img_072/base.png,/home/ubuntu/scratch/sr-diffusion/benchmarks/selfexsr/SelfExSR-master/data/Urban100/image_SRF_4/img_072_SRF_4_HR.png,/home/ubuntu/scratch/sr-diffusion/benchmarks/selfexsr/SelfExSR-master/data/Urban100/image_SRF_4/img_072_SRF_4_LR.png,19.600525006590107,18.272392267237553,0.7932776106477711,0.78580394073638
Urban100,img_072,latent_adapter_v1,/home/ubuntu/scratch/sr-diffusion/benchmark_outputs/stage2_latent_adapter_v1_best11000/Urban100/img_072/base.png,/home/ubuntu/scratch/sr-diffusion/benchmarks/selfexsr/SelfExSR-master/data/Urban100/image_SRF_4/img_072_SRF_4_HR.png,/home/ubuntu/scratch/sr-diffusion/benchmarks/selfexsr/SelfExSR-master/data/Urban100/image_SRF_4/img_072_SRF_4_LR.png,19.595034344739922,18.26704230109157,0.7947053327458241,0.7871512160354793
Urban100,img_072,guarded_v2,/home/ubuntu/scratch/sr-diffusion/benchmark_outputs/stage2_guarded_detail_v2_tta_off/Urban100/img_072/base.png,/home/ubuntu/scratch/sr-diffusion/benchmarks/selfexsr/SelfExSR-master/data/Urban100/image_SRF_4/img_072_SRF_4_HR.png,/home/ubuntu/scratch/sr-diffusion/benchmarks/selfexsr/SelfExSR-master/data/Urban100/image_SRF_4/img_072_SRF_4_LR.png,19.683814049071643,18.355420250078264,0.7955606330243589,0.7882758009278835
Urban100,img_072,guarded_v2_x8,/home/ubuntu/scratch/sr-diffusion/benchmark_outputs/stage2_guarded_detail_v2_tta_x8/Urban100/img_072/base.png,/home/ubuntu/scratch/sr-diffusion/benchmarks/selfexsr/SelfExSR-master/data/Urban100/image_SRF_4/img_072_SRF_4_HR.png,/home/ubuntu/scratch/sr-diffusion/benchmarks/selfexsr/SelfExSR-master/data/Urban100/image_SRF_4/img_072_SRF_4_LR.png,19.67892209963927,18.353652840100217,0.7979211101596967,0.7909467287054969
Urban100,img_072,detail_v2_masked,/home/ubuntu/scratch/sr-diffusion/benchmark_outputs/detail_v2_masked/Urban100/img_072/detail.png,/home/ubuntu/scratch/sr-diffusion/benchmarks/selfexsr/SelfExSR-master/data/Urban100/image_SRF_4/img_072_SRF_4_HR.png,/home/ubuntu/scratch/sr-diffusion/benchmarks/selfexsr/SelfExSR-master/data/Urban100/image_SRF_4/img_072_SRF_4_LR.png,20.26827306605195,18.93599453760251,0.8239048010528631,0.8170423911030351
Urban100,img_072,realesrgan,/home/ubuntu/scratch/sr-diffusion/benchmark_outputs/realesrgan/Urban100/img_072/RealESRGAN_x4plus.png,/home/ubuntu/scratch/sr-diffusion/benchmarks/selfexsr/SelfExSR-master/data/Urban100/image_SRF_4/img_072_SRF_4_HR.png,/home/ubuntu/scratch/sr-diffusion/benchmarks/selfexsr/SelfExSR-master/data/Urban100/image_SRF_4/img_072_SRF_4_LR.png,17.138197091956584,15.818613896287964,0.7302652529082445,0.704328294551653
Urban100,img_073,bicubic,generated:matlab_bicubic_resize,/home/ubuntu/scratch/sr-diffusion/benchmarks/selfexsr/SelfExSR-master/data/Urban100/image_SRF_4/img_073_SRF_4_HR.png,/home/ubuntu/scratch/sr-diffusion/benchmarks/selfexsr/SelfExSR-master/data/Urban100/image_SRF_4/img_073_SRF_4_LR.png,19.47599854140567,18.20376431177828,0.43737217106819615,0.42032032153526444
Urban100,img_073,stage2_base,/home/ubuntu/scratch/sr-diffusion/benchmark_outputs/stage2_dual_best98000/Urban100/img_073/base.png,/home/ubuntu/scratch/sr-diffusion/benchmarks/selfexsr/SelfExSR-master/data/Urban100/image_SRF_4/img_073_SRF_4_HR.png,/home/ubuntu/scratch/sr-diffusion/benchmarks/selfexsr/SelfExSR-master/data/Urban100/image_SRF_4/img_073_SRF_4_LR.png,19.970672987633733,18.657896702572636,0.533841464190461,0.5136027150741698
Urban100,img_073,latent_adapter_v1,/home/ubuntu/scratch/sr-diffusion/benchmark_outputs/stage2_latent_adapter_v1_best11000/Urban100/img_073/base.png,/home/ubuntu/scratch/sr-diffusion/benchmarks/selfexsr/SelfExSR-master/data/Urban100/image_SRF_4/img_073_SRF_4_HR.png,/home/ubuntu/scratch/sr-diffusion/benchmarks/selfexsr/SelfExSR-master/data/Urban100/image_SRF_4/img_073_SRF_4_LR.png,19.95113079299582,18.637352275628203,0.5365281226036585,0.5160874897934953
Urban100,img_073,guarded_v2,/home/ubuntu/scratch/sr-diffusion/benchmark_outputs/stage2_guarded_detail_v2_tta_off/Urban100/img_073/base.png,/home/ubuntu/scratch/sr-diffusion/benchmarks/selfexsr/SelfExSR-master/data/Urban100/image_SRF_4/img_073_SRF_4_HR.png,/home/ubuntu/scratch/sr-diffusion/benchmarks/selfexsr/SelfExSR-master/data/Urban100/image_SRF_4/img_073_SRF_4_LR.png,19.937583640985505,18.622450180327327,0.5386697653635132,0.5180032445610409
Urban100,img_073,guarded_v2_x8,/home/ubuntu/scratch/sr-diffusion/benchmark_outputs/stage2_guarded_detail_v2_tta_x8/Urban100/img_073/base.png,/home/ubuntu/scratch/sr-diffusion/benchmarks/selfexsr/SelfExSR-master/data/Urban100/image_SRF_4/img_073_SRF_4_HR.png,/home/ubuntu/scratch/sr-diffusion/benchmarks/selfexsr/SelfExSR-master/data/Urban100/image_SRF_4/img_073_SRF_4_LR.png,20.01781356642593,18.70323502341133,0.5439664427078348,0.5235508974886872
Urban100,img_073,detail_v2_masked,/home/ubuntu/scratch/sr-diffusion/benchmark_outputs/detail_v2_masked/Urban100/img_073/detail.png,/home/ubuntu/scratch/sr-diffusion/benchmarks/selfexsr/SelfExSR-master/data/Urban100/image_SRF_4/img_073_SRF_4_HR.png,/home/ubuntu/scratch/sr-diffusion/benchmarks/selfexsr/SelfExSR-master/data/Urban100/image_SRF_4/img_073_SRF_4_LR.png,20.045372815488726,18.744401083075598,0.5522627813736554,0.5328897669860341
Urban100,img_073,realesrgan,/home/ubuntu/scratch/sr-diffusion/benchmark_outputs/realesrgan/Urban100/img_073/RealESRGAN_x4plus.png,/home/ubuntu/scratch/sr-diffusion/benchmarks/selfexsr/SelfExSR-master/data/Urban100/image_SRF_4/img_073_SRF_4_HR.png,/home/ubuntu/scratch/sr-diffusion/benchmarks/selfexsr/SelfExSR-master/data/Urban100/image_SRF_4/img_073_SRF_4_LR.png,17.781604504036665,16.24963675009744,0.42138536755760364,0.3773513701507563
Urban100,img_074,bicubic,generated:matlab_bicubic_resize,/home/ubuntu/scratch/sr-diffusion/benchmarks/selfexsr/SelfExSR-master/data/Urban100/image_SRF_4/img_074_SRF_4_HR.png,/home/ubuntu/scratch/sr-diffusion/benchmarks/selfexsr/SelfExSR-master/data/Urban100/image_SRF_4/img_074_SRF_4_LR.png,22.16004435238125,20.638845555173738,0.5552510470857125,0.5383828999443776
Urban100,img_074,stage2_base,/home/ubuntu/scratch/sr-diffusion/benchmark_outputs/stage2_dual_best98000/Urban100/img_074/base.png,/home/ubuntu/scratch/sr-diffusion/benchmarks/selfexsr/SelfExSR-master/data/Urban100/image_SRF_4/img_074_SRF_4_HR.png,/home/ubuntu/scratch/sr-diffusion/benchmarks/selfexsr/SelfExSR-master/data/Urban100/image_SRF_4/img_074_SRF_4_LR.png,23.323182881439717,21.839618384679458,0.6729975000669053,0.6606924013144017
Urban100,img_074,latent_adapter_v1,/home/ubuntu/scratch/sr-diffusion/benchmark_outputs/stage2_latent_adapter_v1_best11000/Urban100/img_074/base.png,/home/ubuntu/scratch/sr-diffusion/benchmarks/selfexsr/SelfExSR-master/data/Urban100/image_SRF_4/img_074_SRF_4_HR.png,/home/ubuntu/scratch/sr-diffusion/benchmarks/selfexsr/SelfExSR-master/data/Urban100/image_SRF_4/img_074_SRF_4_LR.png,23.3161547186201,21.83385379728073,0.67458088574736,0.6623343335210524
Urban100,img_074,guarded_v2,/home/ubuntu/scratch/sr-diffusion/benchmark_outputs/stage2_guarded_detail_v2_tta_off/Urban100/img_074/base.png,/home/ubuntu/scratch/sr-diffusion/benchmarks/selfexsr/SelfExSR-master/data/Urban100/image_SRF_4/img_074_SRF_4_HR.png,/home/ubuntu/scratch/sr-diffusion/benchmarks/selfexsr/SelfExSR-master/data/Urban100/image_SRF_4/img_074_SRF_4_LR.png,23.317521084537105,21.835726471298887,0.6790484824280382,0.6671390542048855
Urban100,img_074,guarded_v2_x8,/home/ubuntu/scratch/sr-diffusion/benchmark_outputs/stage2_guarded_detail_v2_tta_x8/Urban100/img_074/base.png,/home/ubuntu/scratch/sr-diffusion/benchmarks/selfexsr/SelfExSR-master/data/Urban100/image_SRF_4/img_074_SRF_4_HR.png,/home/ubuntu/scratch/sr-diffusion/benchmarks/selfexsr/SelfExSR-master/data/Urban100/image_SRF_4/img_074_SRF_4_LR.png,23.388980689253106,21.90630622009589,0.6814162029753199,0.6697600538755429
Urban100,img_074,detail_v2_masked,/home/ubuntu/scratch/sr-diffusion/benchmark_outputs/detail_v2_masked/Urban100/img_074/detail.png,/home/ubuntu/scratch/sr-diffusion/benchmarks/selfexsr/SelfExSR-master/data/Urban100/image_SRF_4/img_074_SRF_4_HR.png,/home/ubuntu/scratch/sr-diffusion/benchmarks/selfexsr/SelfExSR-master/data/Urban100/image_SRF_4/img_074_SRF_4_LR.png,23.640937457632884,22.147026562906305,0.7007855042495738,0.6881806910026217
Urban100,img_074,realesrgan,/home/ubuntu/scratch/sr-diffusion/benchmark_outputs/realesrgan/Urban100/img_074/RealESRGAN_x4plus.png,/home/ubuntu/scratch/sr-diffusion/benchmarks/selfexsr/SelfExSR-master/data/Urban100/image_SRF_4/img_074_SRF_4_HR.png,/home/ubuntu/scratch/sr-diffusion/benchmarks/selfexsr/SelfExSR-master/data/Urban100/image_SRF_4/img_074_SRF_4_LR.png,20.158735350900425,18.683361610318244,0.5854343097838755,0.56404068436483
Urban100,img_075,bicubic,generated:matlab_bicubic_resize,/home/ubuntu/scratch/sr-diffusion/benchmarks/selfexsr/SelfExSR-master/data/Urban100/image_SRF_4/img_075_SRF_4_HR.png,/home/ubuntu/scratch/sr-diffusion/benchmarks/selfexsr/SelfExSR-master/data/Urban100/image_SRF_4/img_075_SRF_4_LR.png,27.090153565785986,25.376615933932243,0.8028352842743274,0.7762417404025778
Urban100,img_075,stage2_base,/home/ubuntu/scratch/sr-diffusion/benchmark_outputs/stage2_dual_best98000/Urban100/img_075/base.png,/home/ubuntu/scratch/sr-diffusion/benchmarks/selfexsr/SelfExSR-master/data/Urban100/image_SRF_4/img_075_SRF_4_HR.png,/home/ubuntu/scratch/sr-diffusion/benchmarks/selfexsr/SelfExSR-master/data/Urban100/image_SRF_4/img_075_SRF_4_LR.png,31.096776933805188,29.29218764364634,0.8802806435820208,0.8558119446443899
Urban100,img_075,latent_adapter_v1,/home/ubuntu/scratch/sr-diffusion/benchmark_outputs/stage2_latent_adapter_v1_best11000/Urban100/img_075/base.png,/home/ubuntu/scratch/sr-diffusion/benchmarks/selfexsr/SelfExSR-master/data/Urban100/image_SRF_4/img_075_SRF_4_HR.png,/home/ubuntu/scratch/sr-diffusion/benchmarks/selfexsr/SelfExSR-master/data/Urban100/image_SRF_4/img_075_SRF_4_LR.png,31.088851505415327,29.289975315201183,0.880528726072819,0.8561030421798351
Urban100,img_075,guarded_v2,/home/ubuntu/scratch/sr-diffusion/benchmark_outputs/stage2_guarded_detail_v2_tta_off/Urban100/img_075/base.png,/home/ubuntu/scratch/sr-diffusion/benchmarks/selfexsr/SelfExSR-master/data/Urban100/image_SRF_4/img_075_SRF_4_HR.png,/home/ubuntu/scratch/sr-diffusion/benchmarks/selfexsr/SelfExSR-master/data/Urban100/image_SRF_4/img_075_SRF_4_LR.png,31.179766933075243,29.37413980322297,0.881374913753068,0.8569109081122478
Urban100,img_075,guarded_v2_x8,/home/ubuntu/scratch/sr-diffusion/benchmark_outputs/stage2_guarded_detail_v2_tta_x8/Urban100/img_075/base.png,/home/ubuntu/scratch/sr-diffusion/benchmarks/selfexsr/SelfExSR-master/data/Urban100/image_SRF_4/img_075_SRF_4_HR.png,/home/ubuntu/scratch/sr-diffusion/benchmarks/selfexsr/SelfExSR-master/data/Urban100/image_SRF_4/img_075_SRF_4_LR.png,31.30667376347004,29.511817331730303,0.8831363867919895,0.8592660949604696
Urban100,img_075,detail_v2_masked,/home/ubuntu/scratch/sr-diffusion/benchmark_outputs/detail_v2_masked/Urban100/img_075/detail.png,/home/ubuntu/scratch/sr-diffusion/benchmarks/selfexsr/SelfExSR-master/data/Urban100/image_SRF_4/img_075_SRF_4_HR.png,/home/ubuntu/scratch/sr-diffusion/benchmarks/selfexsr/SelfExSR-master/data/Urban100/image_SRF_4/img_075_SRF_4_LR.png,31.961084338848032,30.14028936651735,0.8928915335753775,0.8696487297797847
Urban100,img_075,realesrgan,/home/ubuntu/scratch/sr-diffusion/benchmark_outputs/realesrgan/Urban100/img_075/RealESRGAN_x4plus.png,/home/ubuntu/scratch/sr-diffusion/benchmarks/selfexsr/SelfExSR-master/data/Urban100/image_SRF_4/img_075_SRF_4_HR.png,/home/ubuntu/scratch/sr-diffusion/benchmarks/selfexsr/SelfExSR-master/data/Urban100/image_SRF_4/img_075_SRF_4_LR.png,27.609331235729535,25.401505452889346,0.8301134064168321,0.7916633388034593
Urban100,img_076,bicubic,generated:matlab_bicubic_resize,/home/ubuntu/scratch/sr-diffusion/benchmarks/selfexsr/SelfExSR-master/data/Urban100/image_SRF_4/img_076_SRF_4_HR.png,/home/ubuntu/scratch/sr-diffusion/benchmarks/selfexsr/SelfExSR-master/data/Urban100/image_SRF_4/img_076_SRF_4_LR.png,21.574132843644364,20.113184236409694,0.628848509706735,0.6098270398803406
Urban100,img_076,stage2_base,/home/ubuntu/scratch/sr-diffusion/benchmark_outputs/stage2_dual_best98000/Urban100/img_076/base.png,/home/ubuntu/scratch/sr-diffusion/benchmarks/selfexsr/SelfExSR-master/data/Urban100/image_SRF_4/img_076_SRF_4_HR.png,/home/ubuntu/scratch/sr-diffusion/benchmarks/selfexsr/SelfExSR-master/data/Urban100/image_SRF_4/img_076_SRF_4_LR.png,22.32448664858518,20.84540912710886,0.7001624470002032,0.680833851141597
Urban100,img_076,latent_adapter_v1,/home/ubuntu/scratch/sr-diffusion/benchmark_outputs/stage2_latent_adapter_v1_best11000/Urban100/img_076/base.png,/home/ubuntu/scratch/sr-diffusion/benchmarks/selfexsr/SelfExSR-master/data/Urban100/image_SRF_4/img_076_SRF_4_HR.png,/home/ubuntu/scratch/sr-diffusion/benchmarks/selfexsr/SelfExSR-master/data/Urban100/image_SRF_4/img_076_SRF_4_LR.png,22.304700970182132,20.828166475030496,0.7018898458306685,0.6825962922584453
Urban100,img_076,guarded_v2,/home/ubuntu/scratch/sr-diffusion/benchmark_outputs/stage2_guarded_detail_v2_tta_off/Urban100/img_076/base.png,/home/ubuntu/scratch/sr-diffusion/benchmarks/selfexsr/SelfExSR-master/data/Urban100/image_SRF_4/img_076_SRF_4_HR.png,/home/ubuntu/scratch/sr-diffusion/benchmarks/selfexsr/SelfExSR-master/data/Urban100/image_SRF_4/img_076_SRF_4_LR.png,22.290984938363593,20.814897563102328,0.7029160555890188,0.6835622250774858
Urban100,img_076,guarded_v2_x8,/home/ubuntu/scratch/sr-diffusion/benchmark_outputs/stage2_guarded_detail_v2_tta_x8/Urban100/img_076/base.png,/home/ubuntu/scratch/sr-diffusion/benchmarks/selfexsr/SelfExSR-master/data/Urban100/image_SRF_4/img_076_SRF_4_HR.png,/home/ubuntu/scratch/sr-diffusion/benchmarks/selfexsr/SelfExSR-master/data/Urban100/image_SRF_4/img_076_SRF_4_LR.png,22.336965594734863,20.864798499029412,0.7058379902685248,0.6869617821314709
Urban100,img_076,detail_v2_masked,/home/ubuntu/scratch/sr-diffusion/benchmark_outputs/detail_v2_masked/Urban100/img_076/detail.png,/home/ubuntu/scratch/sr-diffusion/benchmarks/selfexsr/SelfExSR-master/data/Urban100/image_SRF_4/img_076_SRF_4_HR.png,/home/ubuntu/scratch/sr-diffusion/benchmarks/selfexsr/SelfExSR-master/data/Urban100/image_SRF_4/img_076_SRF_4_LR.png,22.389974252845487,20.919012821240006,0.7087628035063996,0.6904174950401013
Urban100,img_076,realesrgan,/home/ubuntu/scratch/sr-diffusion/benchmark_outputs/realesrgan/Urban100/img_076/RealESRGAN_x4plus.png,/home/ubuntu/scratch/sr-diffusion/benchmarks/selfexsr/SelfExSR-master/data/Urban100/image_SRF_4/img_076_SRF_4_HR.png,/home/ubuntu/scratch/sr-diffusion/benchmarks/selfexsr/SelfExSR-master/data/Urban100/image_SRF_4/img_076_SRF_4_LR.png,21.002472441424246,19.39185024345375,0.6144958804047642,0.5738488877172027
Urban100,img_077,bicubic,generated:matlab_bicubic_resize,/home/ubuntu/scratch/sr-diffusion/benchmarks/selfexsr/SelfExSR-master/data/Urban100/image_SRF_4/img_077_SRF_4_HR.png,/home/ubuntu/scratch/sr-diffusion/benchmarks/selfexsr/SelfExSR-master/data/Urban100/image_SRF_4/img_077_SRF_4_LR.png,22.01419953080282,20.60811889634405,0.6000805835814893,0.5819953452372909
Urban100,img_077,stage2_base,/home/ubuntu/scratch/sr-diffusion/benchmark_outputs/stage2_dual_best98000/Urban100/img_077/base.png,/home/ubuntu/scratch/sr-diffusion/benchmarks/selfexsr/SelfExSR-master/data/Urban100/image_SRF_4/img_077_SRF_4_HR.png,/home/ubuntu/scratch/sr-diffusion/benchmarks/selfexsr/SelfExSR-master/data/Urban100/image_SRF_4/img_077_SRF_4_LR.png,22.556718824878942,21.152595164297257,0.6659567824342822,0.6484230125674116
Urban100,img_077,latent_adapter_v1,/home/ubuntu/scratch/sr-diffusion/benchmark_outputs/stage2_latent_adapter_v1_best11000/Urban100/img_077/base.png,/home/ubuntu/scratch/sr-diffusion/benchmarks/selfexsr/SelfExSR-master/data/Urban100/image_SRF_4/img_077_SRF_4_HR.png,/home/ubuntu/scratch/sr-diffusion/benchmarks/selfexsr/SelfExSR-master/data/Urban100/image_SRF_4/img_077_SRF_4_LR.png,22.54534525785903,21.142378175244968,0.6675196388718226,0.6499724572123878
Urban100,img_077,guarded_v2,/home/ubuntu/scratch/sr-diffusion/benchmark_outputs/stage2_guarded_detail_v2_tta_off/Urban100/img_077/base.png,/home/ubuntu/scratch/sr-diffusion/benchmarks/selfexsr/SelfExSR-master/data/Urban100/image_SRF_4/img_077_SRF_4_HR.png,/home/ubuntu/scratch/sr-diffusion/benchmarks/selfexsr/SelfExSR-master/data/Urban100/image_SRF_4/img_077_SRF_4_LR.png,22.555279874889326,21.152658436726885,0.669542429884581,0.6520512199509282
Urban100,img_077,guarded_v2_x8,/home/ubuntu/scratch/sr-diffusion/benchmark_outputs/stage2_guarded_detail_v2_tta_x8/Urban100/img_077/base.png,/home/ubuntu/scratch/sr-diffusion/benchmarks/selfexsr/SelfExSR-master/data/Urban100/image_SRF_4/img_077_SRF_4_HR.png,/home/ubuntu/scratch/sr-diffusion/benchmarks/selfexsr/SelfExSR-master/data/Urban100/image_SRF_4/img_077_SRF_4_LR.png,22.584093785471868,21.18330132722908,0.671289021741413,0.6541334308583808
Urban100,img_077,detail_v2_masked,/home/ubuntu/scratch/sr-diffusion/benchmark_outputs/detail_v2_masked/Urban100/img_077/detail.png,/home/ubuntu/scratch/sr-diffusion/benchmarks/selfexsr/SelfExSR-master/data/Urban100/image_SRF_4/img_077_SRF_4_HR.png,/home/ubuntu/scratch/sr-diffusion/benchmarks/selfexsr/SelfExSR-master/data/Urban100/image_SRF_4/img_077_SRF_4_LR.png,22.667657141445318,21.268240656965727,0.6767540119409261,0.6596936707101969
Urban100,img_077,realesrgan,/home/ubuntu/scratch/sr-diffusion/benchmark_outputs/realesrgan/Urban100/img_077/RealESRGAN_x4plus.png,/home/ubuntu/scratch/sr-diffusion/benchmarks/selfexsr/SelfExSR-master/data/Urban100/image_SRF_4/img_077_SRF_4_HR.png,/home/ubuntu/scratch/sr-diffusion/benchmarks/selfexsr/SelfExSR-master/data/Urban100/image_SRF_4/img_077_SRF_4_LR.png,20.369783029347268,18.902141885357484,0.572076129971828,0.5266982868947857
Urban100,img_078,bicubic,generated:matlab_bicubic_resize,/home/ubuntu/scratch/sr-diffusion/benchmarks/selfexsr/SelfExSR-master/data/Urban100/image_SRF_4/img_078_SRF_4_HR.png,/home/ubuntu/scratch/sr-diffusion/benchmarks/selfexsr/SelfExSR-master/data/Urban100/image_SRF_4/img_078_SRF_4_LR.png,25.704446418878426,24.545880840535965,0.679749846331392,0.6369629563270108
Urban100,img_078,stage2_base,/home/ubuntu/scratch/sr-diffusion/benchmark_outputs/stage2_dual_best98000/Urban100/img_078/base.png,/home/ubuntu/scratch/sr-diffusion/benchmarks/selfexsr/SelfExSR-master/data/Urban100/image_SRF_4/img_078_SRF_4_HR.png,/home/ubuntu/scratch/sr-diffusion/benchmarks/selfexsr/SelfExSR-master/data/Urban100/image_SRF_4/img_078_SRF_4_LR.png,26.94688581786415,25.737555397530876,0.7619998419458069,0.7261715409269153
Urban100,img_078,latent_adapter_v1,/home/ubuntu/scratch/sr-diffusion/benchmark_outputs/stage2_latent_adapter_v1_best11000/Urban100/img_078/base.png,/home/ubuntu/scratch/sr-diffusion/benchmarks/selfexsr/SelfExSR-master/data/Urban100/image_SRF_4/img_078_SRF_4_HR.png,/home/ubuntu/scratch/sr-diffusion/benchmarks/selfexsr/SelfExSR-master/data/Urban100/image_SRF_4/img_078_SRF_4_LR.png,26.932492672420235,25.725400027237765,0.7625381944139161,0.7265671553535892
Urban100,img_078,guarded_v2,/home/ubuntu/scratch/sr-diffusion/benchmark_outputs/stage2_guarded_detail_v2_tta_off/Urban100/img_078/base.png,/home/ubuntu/scratch/sr-diffusion/benchmarks/selfexsr/SelfExSR-master/data/Urban100/image_SRF_4/img_078_SRF_4_HR.png,/home/ubuntu/scratch/sr-diffusion/benchmarks/selfexsr/SelfExSR-master/data/Urban100/image_SRF_4/img_078_SRF_4_LR.png,26.98405013239439,25.775200926070564,0.7640333750833427,0.7284941552970253
Urban100,img_078,guarded_v2_x8,/home/ubuntu/scratch/sr-diffusion/benchmark_outputs/stage2_guarded_detail_v2_tta_x8/Urban100/img_078/base.png,/home/ubuntu/scratch/sr-diffusion/benchmarks/selfexsr/SelfExSR-master/data/Urban100/image_SRF_4/img_078_SRF_4_HR.png,/home/ubuntu/scratch/sr-diffusion/benchmarks/selfexsr/SelfExSR-master/data/Urban100/image_SRF_4/img_078_SRF_4_LR.png,27.03722224143921,25.836364532050396,0.7659162337606078,0.7310381605312544
Urban100,img_078,detail_v2_masked,/home/ubuntu/scratch/sr-diffusion/benchmark_outputs/detail_v2_masked/Urban100/img_078/detail.png,/home/ubuntu/scratch/sr-diffusion/benchmarks/selfexsr/SelfExSR-master/data/Urban100/image_SRF_4/img_078_SRF_4_HR.png,/home/ubuntu/scratch/sr-diffusion/benchmarks/selfexsr/SelfExSR-master/data/Urban100/image_SRF_4/img_078_SRF_4_LR.png,27.10134362007505,25.89183470808317,0.772228563946971,0.7381261112806722
Urban100,img_078,realesrgan,/home/ubuntu/scratch/sr-diffusion/benchmark_outputs/realesrgan/Urban100/img_078/RealESRGAN_x4plus.png,/home/ubuntu/scratch/sr-diffusion/benchmarks/selfexsr/SelfExSR-master/data/Urban100/image_SRF_4/img_078_SRF_4_HR.png,/home/ubuntu/scratch/sr-diffusion/benchmarks/selfexsr/SelfExSR-master/data/Urban100/image_SRF_4/img_078_SRF_4_LR.png,24.527768086706438,23.076967177576524,0.6739245790560758,0.6029108883444193
Urban100,img_079,bicubic,generated:matlab_bicubic_resize,/home/ubuntu/scratch/sr-diffusion/benchmarks/selfexsr/SelfExSR-master/data/Urban100/image_SRF_4/img_079_SRF_4_HR.png,/home/ubuntu/scratch/sr-diffusion/benchmarks/selfexsr/SelfExSR-master/data/Urban100/image_SRF_4/img_079_SRF_4_LR.png,23.82218745021425,22.398722205031262,0.5927952265593148,0.5629260070884378
Urban100,img_079,stage2_base,/home/ubuntu/scratch/sr-diffusion/benchmark_outputs/stage2_dual_best98000/Urban100/img_079/base.png,/home/ubuntu/scratch/sr-diffusion/benchmarks/selfexsr/SelfExSR-master/data/Urban100/image_SRF_4/img_079_SRF_4_HR.png,/home/ubuntu/scratch/sr-diffusion/benchmarks/selfexsr/SelfExSR-master/data/Urban100/image_SRF_4/img_079_SRF_4_LR.png,25.032150082297917,23.597343610884653,0.6757485630139153,0.6471552712188205
Urban100,img_079,latent_adapter_v1,/home/ubuntu/scratch/sr-diffusion/benchmark_outputs/stage2_latent_adapter_v1_best11000/Urban100/img_079/base.png,/home/ubuntu/scratch/sr-diffusion/benchmarks/selfexsr/SelfExSR-master/data/Urban100/image_SRF_4/img_079_SRF_4_HR.png,/home/ubuntu/scratch/sr-diffusion/benchmarks/selfexsr/SelfExSR-master/data/Urban100/image_SRF_4/img_079_SRF_4_LR.png,25.04650663790482,23.611287269556062,0.6778876419486288,0.6493520836354794
Urban100,img_079,guarded_v2,/home/ubuntu/scratch/sr-diffusion/benchmark_outputs/stage2_guarded_detail_v2_tta_off/Urban100/img_079/base.png,/home/ubuntu/scratch/sr-diffusion/benchmarks/selfexsr/SelfExSR-master/data/Urban100/image_SRF_4/img_079_SRF_4_HR.png,/home/ubuntu/scratch/sr-diffusion/benchmarks/selfexsr/SelfExSR-master/data/Urban100/image_SRF_4/img_079_SRF_4_LR.png,25.049679327941973,23.614366060885036,0.6807336561562182,0.6522275473223951
Urban100,img_079,guarded_v2_x8,/home/ubuntu/scratch/sr-diffusion/benchmark_outputs/stage2_guarded_detail_v2_tta_x8/Urban100/img_079/base.png,/home/ubuntu/scratch/sr-diffusion/benchmarks/selfexsr/SelfExSR-master/data/Urban100/image_SRF_4/img_079_SRF_4_HR.png,/home/ubuntu/scratch/sr-diffusion/benchmarks/selfexsr/SelfExSR-master/data/Urban100/image_SRF_4/img_079_SRF_4_LR.png,25.136229709117988,23.700960538740354,0.6851888098012614,0.6571236242956001
Urban100,img_079,detail_v2_masked,/home/ubuntu/scratch/sr-diffusion/benchmark_outputs/detail_v2_masked/Urban100/img_079/detail.png,/home/ubuntu/scratch/sr-diffusion/benchmarks/selfexsr/SelfExSR-master/data/Urban100/image_SRF_4/img_079_SRF_4_HR.png,/home/ubuntu/scratch/sr-diffusion/benchmarks/selfexsr/SelfExSR-master/data/Urban100/image_SRF_4/img_079_SRF_4_LR.png,25.295200916884383,23.859702874019476,0.6907650660606885,0.6627678474375411
Urban100,img_079,realesrgan,/home/ubuntu/scratch/sr-diffusion/benchmark_outputs/realesrgan/Urban100/img_079/RealESRGAN_x4plus.png,/home/ubuntu/scratch/sr-diffusion/benchmarks/selfexsr/SelfExSR-master/data/Urban100/image_SRF_4/img_079_SRF_4_HR.png,/home/ubuntu/scratch/sr-diffusion/benchmarks/selfexsr/SelfExSR-master/data/Urban100/image_SRF_4/img_079_SRF_4_LR.png,22.59747047414821,21.06001171804,0.5885059099441347,0.5501847663316547
Urban100,img_080,bicubic,generated:matlab_bicubic_resize,/home/ubuntu/scratch/sr-diffusion/benchmarks/selfexsr/SelfExSR-master/data/Urban100/image_SRF_4/img_080_SRF_4_HR.png,/home/ubuntu/scratch/sr-diffusion/benchmarks/selfexsr/SelfExSR-master/data/Urban100/image_SRF_4/img_080_SRF_4_LR.png,32.706356430289325,31.217245633222475,0.9169993844651327,0.9005277676179433
Urban100,img_080,stage2_base,/home/ubuntu/scratch/sr-diffusion/benchmark_outputs/stage2_dual_best98000/Urban100/img_080/base.png,/home/ubuntu/scratch/sr-diffusion/benchmarks/selfexsr/SelfExSR-master/data/Urban100/image_SRF_4/img_080_SRF_4_HR.png,/home/ubuntu/scratch/sr-diffusion/benchmarks/selfexsr/SelfExSR-master/data/Urban100/image_SRF_4/img_080_SRF_4_LR.png,35.22989549090446,33.655387228708136,0.9474974011720868,0.9327426769499322
Urban100,img_080,latent_adapter_v1,/home/ubuntu/scratch/sr-diffusion/benchmark_outputs/stage2_latent_adapter_v1_best11000/Urban100/img_080/base.png,/home/ubuntu/scratch/sr-diffusion/benchmarks/selfexsr/SelfExSR-master/data/Urban100/image_SRF_4/img_080_SRF_4_HR.png,/home/ubuntu/scratch/sr-diffusion/benchmarks/selfexsr/SelfExSR-master/data/Urban100/image_SRF_4/img_080_SRF_4_LR.png,35.240792894192225,33.67996235656949,0.9478907029384743,0.9332346586980687
Urban100,img_080,guarded_v2,/home/ubuntu/scratch/sr-diffusion/benchmark_outputs/stage2_guarded_detail_v2_tta_off/Urban100/img_080/base.png,/home/ubuntu/scratch/sr-diffusion/benchmarks/selfexsr/SelfExSR-master/data/Urban100/image_SRF_4/img_080_SRF_4_HR.png,/home/ubuntu/scratch/sr-diffusion/benchmarks/selfexsr/SelfExSR-master/data/Urban100/image_SRF_4/img_080_SRF_4_LR.png,35.234463835050974,33.67573401465255,0.9484477490319672,0.9339284413389137
Urban100,img_080,guarded_v2_x8,/home/ubuntu/scratch/sr-diffusion/benchmark_outputs/stage2_guarded_detail_v2_tta_x8/Urban100/img_080/base.png,/home/ubuntu/scratch/sr-diffusion/benchmarks/selfexsr/SelfExSR-master/data/Urban100/image_SRF_4/img_080_SRF_4_HR.png,/home/ubuntu/scratch/sr-diffusion/benchmarks/selfexsr/SelfExSR-master/data/Urban100/image_SRF_4/img_080_SRF_4_LR.png,35.30609376046322,33.76379605919147,0.9498990319477235,0.9359237391232784
Urban100,img_080,detail_v2_masked,/home/ubuntu/scratch/sr-diffusion/benchmark_outputs/detail_v2_masked/Urban100/img_080/detail.png,/home/ubuntu/scratch/sr-diffusion/benchmarks/selfexsr/SelfExSR-master/data/Urban100/image_SRF_4/img_080_SRF_4_HR.png,/home/ubuntu/scratch/sr-diffusion/benchmarks/selfexsr/SelfExSR-master/data/Urban100/image_SRF_4/img_080_SRF_4_LR.png,35.65685087447846,34.05964152397492,0.9533669458982094,0.9392715994485729
Urban100,img_080,realesrgan,/home/ubuntu/scratch/sr-diffusion/benchmark_outputs/realesrgan/Urban100/img_080/RealESRGAN_x4plus.png,/home/ubuntu/scratch/sr-diffusion/benchmarks/selfexsr/SelfExSR-master/data/Urban100/image_SRF_4/img_080_SRF_4_HR.png,/home/ubuntu/scratch/sr-diffusion/benchmarks/selfexsr/SelfExSR-master/data/Urban100/image_SRF_4/img_080_SRF_4_LR.png,31.6662662597776,29.632811637905245,0.9059732583429134,0.8771257953636632
Urban100,img_081,bicubic,generated:matlab_bicubic_resize,/home/ubuntu/scratch/sr-diffusion/benchmarks/selfexsr/SelfExSR-master/data/Urban100/image_SRF_4/img_081_SRF_4_HR.png,/home/ubuntu/scratch/sr-diffusion/benchmarks/selfexsr/SelfExSR-master/data/Urban100/image_SRF_4/img_081_SRF_4_LR.png,28.579735396030856,26.40244610994577,0.8933234270449036,0.8616432886350124
Urban100,img_081,stage2_base,/home/ubuntu/scratch/sr-diffusion/benchmark_outputs/stage2_dual_best98000/Urban100/img_081/base.png,/home/ubuntu/scratch/sr-diffusion/benchmarks/selfexsr/SelfExSR-master/data/Urban100/image_SRF_4/img_081_SRF_4_HR.png,/home/ubuntu/scratch/sr-diffusion/benchmarks/selfexsr/SelfExSR-master/data/Urban100/image_SRF_4/img_081_SRF_4_LR.png,35.502480412935526,32.67176920863393,0.964411922473657,0.9206533478430198
Urban100,img_081,latent_adapter_v1,/home/ubuntu/scratch/sr-diffusion/benchmark_outputs/stage2_latent_adapter_v1_best11000/Urban100/img_081/base.png,/home/ubuntu/scratch/sr-diffusion/benchmarks/selfexsr/SelfExSR-master/data/Urban100/image_SRF_4/img_081_SRF_4_HR.png,/home/ubuntu/scratch/sr-diffusion/benchmarks/selfexsr/SelfExSR-master/data/Urban100/image_SRF_4/img_081_SRF_4_LR.png,35.53027111075983,32.672747864826775,0.9644055032981841,0.9199215255702219
Urban100,img_081,guarded_v2,/home/ubuntu/scratch/sr-diffusion/benchmark_outputs/stage2_guarded_detail_v2_tta_off/Urban100/img_081/base.png,/home/ubuntu/scratch/sr-diffusion/benchmarks/selfexsr/SelfExSR-master/data/Urban100/image_SRF_4/img_081_SRF_4_HR.png,/home/ubuntu/scratch/sr-diffusion/benchmarks/selfexsr/SelfExSR-master/data/Urban100/image_SRF_4/img_081_SRF_4_LR.png,35.621804823723345,32.72282868511649,0.9648096884107166,0.9190976813775774
Urban100,img_081,guarded_v2_x8,/home/ubuntu/scratch/sr-diffusion/benchmark_outputs/stage2_guarded_detail_v2_tta_x8/Urban100/img_081/base.png,/home/ubuntu/scratch/sr-diffusion/benchmarks/selfexsr/SelfExSR-master/data/Urban100/image_SRF_4/img_081_SRF_4_HR.png,/home/ubuntu/scratch/sr-diffusion/benchmarks/selfexsr/SelfExSR-master/data/Urban100/image_SRF_4/img_081_SRF_4_LR.png,36.25035138328316,33.31395166168073,0.968313411487205,0.9262968509389101
Urban100,img_081,detail_v2_masked,/home/ubuntu/scratch/sr-diffusion/benchmark_outputs/detail_v2_masked/Urban100/img_081/detail.png,/home/ubuntu/scratch/sr-diffusion/benchmarks/selfexsr/SelfExSR-master/data/Urban100/image_SRF_4/img_081_SRF_4_HR.png,/home/ubuntu/scratch/sr-diffusion/benchmarks/selfexsr/SelfExSR-master/data/Urban100/image_SRF_4/img_081_SRF_4_LR.png,36.633813228404605,33.46557422620811,0.9718382295432988,0.9305330936090143
Urban100,img_081,realesrgan,/home/ubuntu/scratch/sr-diffusion/benchmark_outputs/realesrgan/Urban100/img_081/RealESRGAN_x4plus.png,/home/ubuntu/scratch/sr-diffusion/benchmarks/selfexsr/SelfExSR-master/data/Urban100/image_SRF_4/img_081_SRF_4_HR.png,/home/ubuntu/scratch/sr-diffusion/benchmarks/selfexsr/SelfExSR-master/data/Urban100/image_SRF_4/img_081_SRF_4_LR.png,29.247759898182636,26.323163350444677,0.9125775271000974,0.7950675488193916
Urban100,img_082,bicubic,generated:matlab_bicubic_resize,/home/ubuntu/scratch/sr-diffusion/benchmarks/selfexsr/SelfExSR-master/data/Urban100/image_SRF_4/img_082_SRF_4_HR.png,/home/ubuntu/scratch/sr-diffusion/benchmarks/selfexsr/SelfExSR-master/data/Urban100/image_SRF_4/img_082_SRF_4_LR.png,27.710101765329625,26.25330802094092,0.8738831917033252,0.8489874052292788
Urban100,img_082,stage2_base,/home/ubuntu/scratch/sr-diffusion/benchmark_outputs/stage2_dual_best98000/Urban100/img_082/base.png,/home/ubuntu/scratch/sr-diffusion/benchmarks/selfexsr/SelfExSR-master/data/Urban100/image_SRF_4/img_082_SRF_4_HR.png,/home/ubuntu/scratch/sr-diffusion/benchmarks/selfexsr/SelfExSR-master/data/Urban100/image_SRF_4/img_082_SRF_4_LR.png,30.807884044630246,29.128825266384347,0.9343697207841591,0.9064780786710395
Urban100,img_082,latent_adapter_v1,/home/ubuntu/scratch/sr-diffusion/benchmark_outputs/stage2_latent_adapter_v1_best11000/Urban100/img_082/base.png,/home/ubuntu/scratch/sr-diffusion/benchmarks/selfexsr/SelfExSR-master/data/Urban100/image_SRF_4/img_082_SRF_4_HR.png,/home/ubuntu/scratch/sr-diffusion/benchmarks/selfexsr/SelfExSR-master/data/Urban100/image_SRF_4/img_082_SRF_4_LR.png,30.653067263150525,28.988083974550328,0.9337405918159001,0.9051036010295764
Urban100,img_082,guarded_v2,/home/ubuntu/scratch/sr-diffusion/benchmark_outputs/stage2_guarded_detail_v2_tta_off/Urban100/img_082/base.png,/home/ubuntu/scratch/sr-diffusion/benchmarks/selfexsr/SelfExSR-master/data/Urban100/image_SRF_4/img_082_SRF_4_HR.png,/home/ubuntu/scratch/sr-diffusion/benchmarks/selfexsr/SelfExSR-master/data/Urban100/image_SRF_4/img_082_SRF_4_LR.png,31.10483817253972,29.380846492933486,0.9354704834703677,0.9072552205510013
Urban100,img_082,guarded_v2_x8,/home/ubuntu/scratch/sr-diffusion/benchmark_outputs/stage2_guarded_detail_v2_tta_x8/Urban100/img_082/base.png,/home/ubuntu/scratch/sr-diffusion/benchmarks/selfexsr/SelfExSR-master/data/Urban100/image_SRF_4/img_082_SRF_4_HR.png,/home/ubuntu/scratch/sr-diffusion/benchmarks/selfexsr/SelfExSR-master/data/Urban100/image_SRF_4/img_082_SRF_4_LR.png,31.077692586553095,29.41707068369253,0.9364878059545972,0.9088324378292434
Urban100,img_082,detail_v2_masked,/home/ubuntu/scratch/sr-diffusion/benchmark_outputs/detail_v2_masked/Urban100/img_082/detail.png,/home/ubuntu/scratch/sr-diffusion/benchmarks/selfexsr/SelfExSR-master/data/Urban100/image_SRF_4/img_082_SRF_4_HR.png,/home/ubuntu/scratch/sr-diffusion/benchmarks/selfexsr/SelfExSR-master/data/Urban100/image_SRF_4/img_082_SRF_4_LR.png,31.146954951943528,29.52978807298068,0.9395707297529927,0.9123808380671217
Urban100,img_082,realesrgan,/home/ubuntu/scratch/sr-diffusion/benchmark_outputs/realesrgan/Urban100/img_082/RealESRGAN_x4plus.png,/home/ubuntu/scratch/sr-diffusion/benchmarks/selfexsr/SelfExSR-master/data/Urban100/image_SRF_4/img_082_SRF_4_HR.png,/home/ubuntu/scratch/sr-diffusion/benchmarks/selfexsr/SelfExSR-master/data/Urban100/image_SRF_4/img_082_SRF_4_LR.png,26.455115483763052,24.21465057030218,0.8735229546466042,0.8144298185636583
Urban100,img_083,bicubic,generated:matlab_bicubic_resize,/home/ubuntu/scratch/sr-diffusion/benchmarks/selfexsr/SelfExSR-master/data/Urban100/image_SRF_4/img_083_SRF_4_HR.png,/home/ubuntu/scratch/sr-diffusion/benchmarks/selfexsr/SelfExSR-master/data/Urban100/image_SRF_4/img_083_SRF_4_LR.png,20.492521283207495,19.238530480652592,0.5547641805052183,0.5321064364732476
Urban100,img_083,stage2_base,/home/ubuntu/scratch/sr-diffusion/benchmark_outputs/stage2_dual_best98000/Urban100/img_083/base.png,/home/ubuntu/scratch/sr-diffusion/benchmarks/selfexsr/SelfExSR-master/data/Urban100/image_SRF_4/img_083_SRF_4_HR.png,/home/ubuntu/scratch/sr-diffusion/benchmarks/selfexsr/SelfExSR-master/data/Urban100/image_SRF_4/img_083_SRF_4_LR.png,21.963208667494918,20.692530713365112,0.6761831053278413,0.6566659210292968
Urban100,img_083,latent_adapter_v1,/home/ubuntu/scratch/sr-diffusion/benchmark_outputs/stage2_latent_adapter_v1_best11000/Urban100/img_083/base.png,/home/ubuntu/scratch/sr-diffusion/benchmarks/selfexsr/SelfExSR-master/data/Urban100/image_SRF_4/img_083_SRF_4_HR.png,/home/ubuntu/scratch/sr-diffusion/benchmarks/selfexsr/SelfExSR-master/data/Urban100/image_SRF_4/img_083_SRF_4_LR.png,21.959684272195542,20.688824539774355,0.677931557940004,0.6582029138020701
Urban100,img_083,guarded_v2,/home/ubuntu/scratch/sr-diffusion/benchmark_outputs/stage2_guarded_detail_v2_tta_off/Urban100/img_083/base.png,/home/ubuntu/scratch/sr-diffusion/benchmarks/selfexsr/SelfExSR-master/data/Urban100/image_SRF_4/img_083_SRF_4_HR.png,/home/ubuntu/scratch/sr-diffusion/benchmarks/selfexsr/SelfExSR-master/data/Urban100/image_SRF_4/img_083_SRF_4_LR.png,21.96789206394632,20.69711684909914,0.6789356957269623,0.6601528885970582
Urban100,img_083,guarded_v2_x8,/home/ubuntu/scratch/sr-diffusion/benchmark_outputs/stage2_guarded_detail_v2_tta_x8/Urban100/img_083/base.png,/home/ubuntu/scratch/sr-diffusion/benchmarks/selfexsr/SelfExSR-master/data/Urban100/image_SRF_4/img_083_SRF_4_HR.png,/home/ubuntu/scratch/sr-diffusion/benchmarks/selfexsr/SelfExSR-master/data/Urban100/image_SRF_4/img_083_SRF_4_LR.png,22.01867711209012,20.749634335031235,0.6825426394927584,0.6642824744783744
Urban100,img_083,detail_v2_masked,/home/ubuntu/scratch/sr-diffusion/benchmark_outputs/detail_v2_masked/Urban100/img_083/detail.png,/home/ubuntu/scratch/sr-diffusion/benchmarks/selfexsr/SelfExSR-master/data/Urban100/image_SRF_4/img_083_SRF_4_HR.png,/home/ubuntu/scratch/sr-diffusion/benchmarks/selfexsr/SelfExSR-master/data/Urban100/image_SRF_4/img_083_SRF_4_LR.png,22.17347382538965,20.903157727148223,0.6930061055470236,0.6747956628237989
Urban100,img_083,realesrgan,/home/ubuntu/scratch/sr-diffusion/benchmark_outputs/realesrgan/Urban100/img_083/RealESRGAN_x4plus.png,/home/ubuntu/scratch/sr-diffusion/benchmarks/selfexsr/SelfExSR-master/data/Urban100/image_SRF_4/img_083_SRF_4_HR.png,/home/ubuntu/scratch/sr-diffusion/benchmarks/selfexsr/SelfExSR-master/data/Urban100/image_SRF_4/img_083_SRF_4_LR.png,20.346357966067984,19.067996416346304,0.5987962613685403,0.5646392258926506
Urban100,img_084,bicubic,generated:matlab_bicubic_resize,/home/ubuntu/scratch/sr-diffusion/benchmarks/selfexsr/SelfExSR-master/data/Urban100/image_SRF_4/img_084_SRF_4_HR.png,/home/ubuntu/scratch/sr-diffusion/benchmarks/selfexsr/SelfExSR-master/data/Urban100/image_SRF_4/img_084_SRF_4_LR.png,26.475556054499076,25.087999910013018,0.7158806514340254,0.686546856856721
Urban100,img_084,stage2_base,/home/ubuntu/scratch/sr-diffusion/benchmark_outputs/stage2_dual_best98000/Urban100/img_084/base.png,/home/ubuntu/scratch/sr-diffusion/benchmarks/selfexsr/SelfExSR-master/data/Urban100/image_SRF_4/img_084_SRF_4_HR.png,/home/ubuntu/scratch/sr-diffusion/benchmarks/selfexsr/SelfExSR-master/data/Urban100/image_SRF_4/img_084_SRF_4_LR.png,28.262010223251327,26.71574912745647,0.7991759507775946,0.7707448651791015
Urban100,img_084,latent_adapter_v1,/home/ubuntu/scratch/sr-diffusion/benchmark_outputs/stage2_latent_adapter_v1_best11000/Urban100/img_084/base.png,/home/ubuntu/scratch/sr-diffusion/benchmarks/selfexsr/SelfExSR-master/data/Urban100/image_SRF_4/img_084_SRF_4_HR.png,/home/ubuntu/scratch/sr-diffusion/benchmarks/selfexsr/SelfExSR-master/data/Urban100/image_SRF_4/img_084_SRF_4_LR.png,28.23187295352753,26.694678222142088,0.8000941354178159,0.7717694290034937
Urban100,img_084,guarded_v2,/home/ubuntu/scratch/sr-diffusion/benchmark_outputs/stage2_guarded_detail_v2_tta_off/Urban100/img_084/base.png,/home/ubuntu/scratch/sr-diffusion/benchmarks/selfexsr/SelfExSR-master/data/Urban100/image_SRF_4/img_084_SRF_4_HR.png,/home/ubuntu/scratch/sr-diffusion/benchmarks/selfexsr/SelfExSR-master/data/Urban100/image_SRF_4/img_084_SRF_4_LR.png,28.29132618016264,26.74643710681596,0.8019931534235962,0.7736100570383547
Urban100,img_084,guarded_v2_x8,/home/ubuntu/scratch/sr-diffusion/benchmark_outputs/stage2_guarded_detail_v2_tta_x8/Urban100/img_084/base.png,/home/ubuntu/scratch/sr-diffusion/benchmarks/selfexsr/SelfExSR-master/data/Urban100/image_SRF_4/img_084_SRF_4_HR.png,/home/ubuntu/scratch/sr-diffusion/benchmarks/selfexsr/SelfExSR-master/data/Urban100/image_SRF_4/img_084_SRF_4_LR.png,28.38838082483995,26.843797941271923,0.8051211936434388,0.777096278939316
Urban100,img_084,detail_v2_masked,/home/ubuntu/scratch/sr-diffusion/benchmark_outputs/detail_v2_masked/Urban100/img_084/detail.png,/home/ubuntu/scratch/sr-diffusion/benchmarks/selfexsr/SelfExSR-master/data/Urban100/image_SRF_4/img_084_SRF_4_HR.png,/home/ubuntu/scratch/sr-diffusion/benchmarks/selfexsr/SelfExSR-master/data/Urban100/image_SRF_4/img_084_SRF_4_LR.png,28.525670839053877,26.97286567361914,0.810362301526952,0.7827360920932906
Urban100,img_084,realesrgan,/home/ubuntu/scratch/sr-diffusion/benchmark_outputs/realesrgan/Urban100/img_084/RealESRGAN_x4plus.png,/home/ubuntu/scratch/sr-diffusion/benchmarks/selfexsr/SelfExSR-master/data/Urban100/image_SRF_4/img_084_SRF_4_HR.png,/home/ubuntu/scratch/sr-diffusion/benchmarks/selfexsr/SelfExSR-master/data/Urban100/image_SRF_4/img_084_SRF_4_LR.png,24.0892169795266,22.661699629848467,0.6725842332311895,0.6169245583556261
Urban100,img_085,bicubic,generated:matlab_bicubic_resize,/home/ubuntu/scratch/sr-diffusion/benchmarks/selfexsr/SelfExSR-master/data/Urban100/image_SRF_4/img_085_SRF_4_HR.png,/home/ubuntu/scratch/sr-diffusion/benchmarks/selfexsr/SelfExSR-master/data/Urban100/image_SRF_4/img_085_SRF_4_LR.png,25.903557171401093,24.36979725863731,0.837408964475899,0.8246066351645766
Urban100,img_085,stage2_base,/home/ubuntu/scratch/sr-diffusion/benchmark_outputs/stage2_dual_best98000/Urban100/img_085/base.png,/home/ubuntu/scratch/sr-diffusion/benchmarks/selfexsr/SelfExSR-master/data/Urban100/image_SRF_4/img_085_SRF_4_HR.png,/home/ubuntu/scratch/sr-diffusion/benchmarks/selfexsr/SelfExSR-master/data/Urban100/image_SRF_4/img_085_SRF_4_LR.png,27.78037619626932,26.201751583447283,0.8904203529392024,0.8727922541248998
Urban100,img_085,latent_adapter_v1,/home/ubuntu/scratch/sr-diffusion/benchmark_outputs/stage2_latent_adapter_v1_best11000/Urban100/img_085/base.png,/home/ubuntu/scratch/sr-diffusion/benchmarks/selfexsr/SelfExSR-master/data/Urban100/image_SRF_4/img_085_SRF_4_HR.png,/home/ubuntu/scratch/sr-diffusion/benchmarks/selfexsr/SelfExSR-master/data/Urban100/image_SRF_4/img_085_SRF_4_LR.png,27.7619734809078,26.192123355653834,0.8909564726425445,0.8747988631242082
Urban100,img_085,guarded_v2,/home/ubuntu/scratch/sr-diffusion/benchmark_outputs/stage2_guarded_detail_v2_tta_off/Urban100/img_085/base.png,/home/ubuntu/scratch/sr-diffusion/benchmarks/selfexsr/SelfExSR-master/data/Urban100/image_SRF_4/img_085_SRF_4_HR.png,/home/ubuntu/scratch/sr-diffusion/benchmarks/selfexsr/SelfExSR-master/data/Urban100/image_SRF_4/img_085_SRF_4_LR.png,27.718377738167668,26.151159959199543,0.8908833431193434,0.8744318428829971
Urban100,img_085,guarded_v2_x8,/home/ubuntu/scratch/sr-diffusion/benchmark_outputs/stage2_guarded_detail_v2_tta_x8/Urban100/img_085/base.png,/home/ubuntu/scratch/sr-diffusion/benchmarks/selfexsr/SelfExSR-master/data/Urban100/image_SRF_4/img_085_SRF_4_HR.png,/home/ubuntu/scratch/sr-diffusion/benchmarks/selfexsr/SelfExSR-master/data/Urban100/image_SRF_4/img_085_SRF_4_LR.png,27.83613851528342,26.26930438677345,0.8925493559237512,0.8758822205596042
Urban100,img_085,detail_v2_masked,/home/ubuntu/scratch/sr-diffusion/benchmark_outputs/detail_v2_masked/Urban100/img_085/detail.png,/home/ubuntu/scratch/sr-diffusion/benchmarks/selfexsr/SelfExSR-master/data/Urban100/image_SRF_4/img_085_SRF_4_HR.png,/home/ubuntu/scratch/sr-diffusion/benchmarks/selfexsr/SelfExSR-master/data/Urban100/image_SRF_4/img_085_SRF_4_LR.png,27.95457913379351,26.38329063207509,0.896564772158103,0.8781489904854943
Urban100,img_085,realesrgan,/home/ubuntu/scratch/sr-diffusion/benchmark_outputs/realesrgan/Urban100/img_085/RealESRGAN_x4plus.png,/home/ubuntu/scratch/sr-diffusion/benchmarks/selfexsr/SelfExSR-master/data/Urban100/image_SRF_4/img_085_SRF_4_HR.png,/home/ubuntu/scratch/sr-diffusion/benchmarks/selfexsr/SelfExSR-master/data/Urban100/image_SRF_4/img_085_SRF_4_LR.png,24.438793961034456,22.75675677294931,0.8359194732531525,0.8021041250317573
Urban100,img_086,bicubic,generated:matlab_bicubic_resize,/home/ubuntu/scratch/sr-diffusion/benchmarks/selfexsr/SelfExSR-master/data/Urban100/image_SRF_4/img_086_SRF_4_HR.png,/home/ubuntu/scratch/sr-diffusion/benchmarks/selfexsr/SelfExSR-master/data/Urban100/image_SRF_4/img_086_SRF_4_LR.png,28.00742953694785,26.61515987427469,0.832379757879749,0.8120987792030729
Urban100,img_086,stage2_base,/home/ubuntu/scratch/sr-diffusion/benchmark_outputs/stage2_dual_best98000/Urban100/img_086/base.png,/home/ubuntu/scratch/sr-diffusion/benchmarks/selfexsr/SelfExSR-master/data/Urban100/image_SRF_4/img_086_SRF_4_HR.png,/home/ubuntu/scratch/sr-diffusion/benchmarks/selfexsr/SelfExSR-master/data/Urban100/image_SRF_4/img_086_SRF_4_LR.png,29.75912912692224,28.274156834031174,0.8825255484895733,0.8636361188595557
Urban100,img_086,latent_adapter_v1,/home/ubuntu/scratch/sr-diffusion/benchmark_outputs/stage2_latent_adapter_v1_best11000/Urban100/img_086/base.png,/home/ubuntu/scratch/sr-diffusion/benchmarks/selfexsr/SelfExSR-master/data/Urban100/image_SRF_4/img_086_SRF_4_HR.png,/home/ubuntu/scratch/sr-diffusion/benchmarks/selfexsr/SelfExSR-master/data/Urban100/image_SRF_4/img_086_SRF_4_LR.png,29.664446636704056,28.188111940419898,0.8824096243730973,0.8636234124268132
Urban100,img_086,guarded_v2,/home/ubuntu/scratch/sr-diffusion/benchmark_outputs/stage2_guarded_detail_v2_tta_off/Urban100/img_086/base.png,/home/ubuntu/scratch/sr-diffusion/benchmarks/selfexsr/SelfExSR-master/data/Urban100/image_SRF_4/img_086_SRF_4_HR.png,/home/ubuntu/scratch/sr-diffusion/benchmarks/selfexsr/SelfExSR-master/data/Urban100/image_SRF_4/img_086_SRF_4_LR.png,29.83370937902841,28.357854741787655,0.8830099316481862,0.8643709611907164
Urban100,img_086,guarded_v2_x8,/home/ubuntu/scratch/sr-diffusion/benchmark_outputs/stage2_guarded_detail_v2_tta_x8/Urban100/img_086/base.png,/home/ubuntu/scratch/sr-diffusion/benchmarks/selfexsr/SelfExSR-master/data/Urban100/image_SRF_4/img_086_SRF_4_HR.png,/home/ubuntu/scratch/sr-diffusion/benchmarks/selfexsr/SelfExSR-master/data/Urban100/image_SRF_4/img_086_SRF_4_LR.png,30.080925324638134,28.62145274480386,0.8853501348168074,0.8672632269088366
Urban100,img_086,detail_v2_masked,/home/ubuntu/scratch/sr-diffusion/benchmark_outputs/detail_v2_masked/Urban100/img_086/detail.png,/home/ubuntu/scratch/sr-diffusion/benchmarks/selfexsr/SelfExSR-master/data/Urban100/image_SRF_4/img_086_SRF_4_HR.png,/home/ubuntu/scratch/sr-diffusion/benchmarks/selfexsr/SelfExSR-master/data/Urban100/image_SRF_4/img_086_SRF_4_LR.png,29.96568596723921,28.487764175439686,0.8877683983135914,0.8697384409437537
Urban100,img_086,realesrgan,/home/ubuntu/scratch/sr-diffusion/benchmark_outputs/realesrgan/Urban100/img_086/RealESRGAN_x4plus.png,/home/ubuntu/scratch/sr-diffusion/benchmarks/selfexsr/SelfExSR-master/data/Urban100/image_SRF_4/img_086_SRF_4_HR.png,/home/ubuntu/scratch/sr-diffusion/benchmarks/selfexsr/SelfExSR-master/data/Urban100/image_SRF_4/img_086_SRF_4_LR.png,25.943392935490735,24.166226945013726,0.8118079415143392,0.7680351690995656
Urban100,img_087,bicubic,generated:matlab_bicubic_resize,/home/ubuntu/scratch/sr-diffusion/benchmarks/selfexsr/SelfExSR-master/data/Urban100/image_SRF_4/img_087_SRF_4_HR.png,/home/ubuntu/scratch/sr-diffusion/benchmarks/selfexsr/SelfExSR-master/data/Urban100/image_SRF_4/img_087_SRF_4_LR.png,22.854783608600584,21.57692792936598,0.7409205376535272,0.7136399195167463
Urban100,img_087,stage2_base,/home/ubuntu/scratch/sr-diffusion/benchmark_outputs/stage2_dual_best98000/Urban100/img_087/base.png,/home/ubuntu/scratch/sr-diffusion/benchmarks/selfexsr/SelfExSR-master/data/Urban100/image_SRF_4/img_087_SRF_4_HR.png,/home/ubuntu/scratch/sr-diffusion/benchmarks/selfexsr/SelfExSR-master/data/Urban100/image_SRF_4/img_087_SRF_4_LR.png,27.082352543490245,25.65656198203483,0.8699725070318031,0.8452810318059304
Urban100,img_087,latent_adapter_v1,/home/ubuntu/scratch/sr-diffusion/benchmark_outputs/stage2_latent_adapter_v1_best11000/Urban100/img_087/base.png,/home/ubuntu/scratch/sr-diffusion/benchmarks/selfexsr/SelfExSR-master/data/Urban100/image_SRF_4/img_087_SRF_4_HR.png,/home/ubuntu/scratch/sr-diffusion/benchmarks/selfexsr/SelfExSR-master/data/Urban100/image_SRF_4/img_087_SRF_4_LR.png,27.12006401015023,25.69343451813447,0.8707713192720243,0.8463187781909506
Urban100,img_087,guarded_v2,/home/ubuntu/scratch/sr-diffusion/benchmark_outputs/stage2_guarded_detail_v2_tta_off/Urban100/img_087/base.png,/home/ubuntu/scratch/sr-diffusion/benchmarks/selfexsr/SelfExSR-master/data/Urban100/image_SRF_4/img_087_SRF_4_HR.png,/home/ubuntu/scratch/sr-diffusion/benchmarks/selfexsr/SelfExSR-master/data/Urban100/image_SRF_4/img_087_SRF_4_LR.png,27.116991222669597,25.692476748248314,0.8713878325517431,0.8470223599583765
Urban100,img_087,guarded_v2_x8,/home/ubuntu/scratch/sr-diffusion/benchmark_outputs/stage2_guarded_detail_v2_tta_x8/Urban100/img_087/base.png,/home/ubuntu/scratch/sr-diffusion/benchmarks/selfexsr/SelfExSR-master/data/Urban100/image_SRF_4/img_087_SRF_4_HR.png,/home/ubuntu/scratch/sr-diffusion/benchmarks/selfexsr/SelfExSR-master/data/Urban100/image_SRF_4/img_087_SRF_4_LR.png,27.289880419669366,25.871195833388114,0.8750254361430263,0.8514498051314144
Urban100,img_087,detail_v2_masked,/home/ubuntu/scratch/sr-diffusion/benchmark_outputs/detail_v2_masked/Urban100/img_087/detail.png,/home/ubuntu/scratch/sr-diffusion/benchmarks/selfexsr/SelfExSR-master/data/Urban100/image_SRF_4/img_087_SRF_4_HR.png,/home/ubuntu/scratch/sr-diffusion/benchmarks/selfexsr/SelfExSR-master/data/Urban100/image_SRF_4/img_087_SRF_4_LR.png,28.02716958439282,26.56372536334272,0.8894326222291481,0.8656384399941238
Urban100,img_087,realesrgan,/home/ubuntu/scratch/sr-diffusion/benchmark_outputs/realesrgan/Urban100/img_087/RealESRGAN_x4plus.png,/home/ubuntu/scratch/sr-diffusion/benchmarks/selfexsr/SelfExSR-master/data/Urban100/image_SRF_4/img_087_SRF_4_HR.png,/home/ubuntu/scratch/sr-diffusion/benchmarks/selfexsr/SelfExSR-master/data/Urban100/image_SRF_4/img_087_SRF_4_LR.png,24.40673563165495,22.91715744059694,0.8095884708924738,0.7747244073325232
Urban100,img_088,bicubic,generated:matlab_bicubic_resize,/home/ubuntu/scratch/sr-diffusion/benchmarks/selfexsr/SelfExSR-master/data/Urban100/image_SRF_4/img_088_SRF_4_HR.png,/home/ubuntu/scratch/sr-diffusion/benchmarks/selfexsr/SelfExSR-master/data/Urban100/image_SRF_4/img_088_SRF_4_LR.png,18.644704344038225,17.255712839961348,0.4173516924383566,0.3979057756018543
Urban100,img_088,stage2_base,/home/ubuntu/scratch/sr-diffusion/benchmark_outputs/stage2_dual_best98000/Urban100/img_088/base.png,/home/ubuntu/scratch/sr-diffusion/benchmarks/selfexsr/SelfExSR-master/data/Urban100/image_SRF_4/img_088_SRF_4_HR.png,/home/ubuntu/scratch/sr-diffusion/benchmarks/selfexsr/SelfExSR-master/data/Urban100/image_SRF_4/img_088_SRF_4_LR.png,19.66094791730815,18.308999742414315,0.5419440078891777,0.5209166208361432
Urban100,img_088,latent_adapter_v1,/home/ubuntu/scratch/sr-diffusion/benchmark_outputs/stage2_latent_adapter_v1_best11000/Urban100/img_088/base.png,/home/ubuntu/scratch/sr-diffusion/benchmarks/selfexsr/SelfExSR-master/data/Urban100/image_SRF_4/img_088_SRF_4_HR.png,/home/ubuntu/scratch/sr-diffusion/benchmarks/selfexsr/SelfExSR-master/data/Urban100/image_SRF_4/img_088_SRF_4_LR.png,19.661032967076267,18.30948118159042,0.5453093137592945,0.5243395009894846
Urban100,img_088,guarded_v2,/home/ubuntu/scratch/sr-diffusion/benchmark_outputs/stage2_guarded_detail_v2_tta_off/Urban100/img_088/base.png,/home/ubuntu/scratch/sr-diffusion/benchmarks/selfexsr/SelfExSR-master/data/Urban100/image_SRF_4/img_088_SRF_4_HR.png,/home/ubuntu/scratch/sr-diffusion/benchmarks/selfexsr/SelfExSR-master/data/Urban100/image_SRF_4/img_088_SRF_4_LR.png,19.66008493593629,18.307485886359057,0.5465963855388718,0.5256951373006685
Urban100,img_088,guarded_v2_x8,/home/ubuntu/scratch/sr-diffusion/benchmark_outputs/stage2_guarded_detail_v2_tta_x8/Urban100/img_088/base.png,/home/ubuntu/scratch/sr-diffusion/benchmarks/selfexsr/SelfExSR-master/data/Urban100/image_SRF_4/img_088_SRF_4_HR.png,/home/ubuntu/scratch/sr-diffusion/benchmarks/selfexsr/SelfExSR-master/data/Urban100/image_SRF_4/img_088_SRF_4_LR.png,19.718449892514396,18.369333122334194,0.5489382499472679,0.5287030067422833
Urban100,img_088,detail_v2_masked,/home/ubuntu/scratch/sr-diffusion/benchmark_outputs/detail_v2_masked/Urban100/img_088/detail.png,/home/ubuntu/scratch/sr-diffusion/benchmarks/selfexsr/SelfExSR-master/data/Urban100/image_SRF_4/img_088_SRF_4_HR.png,/home/ubuntu/scratch/sr-diffusion/benchmarks/selfexsr/SelfExSR-master/data/Urban100/image_SRF_4/img_088_SRF_4_LR.png,19.807749815439838,18.46798144848838,0.5597171951863662,0.5402681405132043
Urban100,img_088,realesrgan,/home/ubuntu/scratch/sr-diffusion/benchmark_outputs/realesrgan/Urban100/img_088/RealESRGAN_x4plus.png,/home/ubuntu/scratch/sr-diffusion/benchmarks/selfexsr/SelfExSR-master/data/Urban100/image_SRF_4/img_088_SRF_4_HR.png,/home/ubuntu/scratch/sr-diffusion/benchmarks/selfexsr/SelfExSR-master/data/Urban100/image_SRF_4/img_088_SRF_4_LR.png,17.906695767370046,16.42385094009645,0.4403687815934747,0.40415321587632874
Urban100,img_089,bicubic,generated:matlab_bicubic_resize,/home/ubuntu/scratch/sr-diffusion/benchmarks/selfexsr/SelfExSR-master/data/Urban100/image_SRF_4/img_089_SRF_4_HR.png,/home/ubuntu/scratch/sr-diffusion/benchmarks/selfexsr/SelfExSR-master/data/Urban100/image_SRF_4/img_089_SRF_4_LR.png,25.44994008394699,24.107622115883313,0.6229809491015779,0.5966288481692756
Urban100,img_089,stage2_base,/home/ubuntu/scratch/sr-diffusion/benchmark_outputs/stage2_dual_best98000/Urban100/img_089/base.png,/home/ubuntu/scratch/sr-diffusion/benchmarks/selfexsr/SelfExSR-master/data/Urban100/image_SRF_4/img_089_SRF_4_HR.png,/home/ubuntu/scratch/sr-diffusion/benchmarks/selfexsr/SelfExSR-master/data/Urban100/image_SRF_4/img_089_SRF_4_LR.png,26.521853458542385,25.172738305000788,0.7105645874948218,0.6895891182236803
Urban100,img_089,latent_adapter_v1,/home/ubuntu/scratch/sr-diffusion/benchmark_outputs/stage2_latent_adapter_v1_best11000/Urban100/img_089/base.png,/home/ubuntu/scratch/sr-diffusion/benchmarks/selfexsr/SelfExSR-master/data/Urban100/image_SRF_4/img_089_SRF_4_HR.png,/home/ubuntu/scratch/sr-diffusion/benchmarks/selfexsr/SelfExSR-master/data/Urban100/image_SRF_4/img_089_SRF_4_LR.png,26.488378143952183,25.142163099305307,0.7118890455698479,0.6910444311604437
Urban100,img_089,guarded_v2,/home/ubuntu/scratch/sr-diffusion/benchmark_outputs/stage2_guarded_detail_v2_tta_off/Urban100/img_089/base.png,/home/ubuntu/scratch/sr-diffusion/benchmarks/selfexsr/SelfExSR-master/data/Urban100/image_SRF_4/img_089_SRF_4_HR.png,/home/ubuntu/scratch/sr-diffusion/benchmarks/selfexsr/SelfExSR-master/data/Urban100/image_SRF_4/img_089_SRF_4_LR.png,26.483324515952372,25.136379278751093,0.7136168092469801,0.6928414540204368
Urban100,img_089,guarded_v2_x8,/home/ubuntu/scratch/sr-diffusion/benchmark_outputs/stage2_guarded_detail_v2_tta_x8/Urban100/img_089/base.png,/home/ubuntu/scratch/sr-diffusion/benchmarks/selfexsr/SelfExSR-master/data/Urban100/image_SRF_4/img_089_SRF_4_HR.png,/home/ubuntu/scratch/sr-diffusion/benchmarks/selfexsr/SelfExSR-master/data/Urban100/image_SRF_4/img_089_SRF_4_LR.png,26.559028982095437,25.214037826727083,0.7159380377093123,0.6953978144637087
Urban100,img_089,detail_v2_masked,/home/ubuntu/scratch/sr-diffusion/benchmark_outputs/detail_v2_masked/Urban100/img_089/detail.png,/home/ubuntu/scratch/sr-diffusion/benchmarks/selfexsr/SelfExSR-master/data/Urban100/image_SRF_4/img_089_SRF_4_HR.png,/home/ubuntu/scratch/sr-diffusion/benchmarks/selfexsr/SelfExSR-master/data/Urban100/image_SRF_4/img_089_SRF_4_LR.png,26.703476769455044,25.358256033115964,0.7232314804910176,0.7029186497841016
Urban100,img_089,realesrgan,/home/ubuntu/scratch/sr-diffusion/benchmark_outputs/realesrgan/Urban100/img_089/RealESRGAN_x4plus.png,/home/ubuntu/scratch/sr-diffusion/benchmarks/selfexsr/SelfExSR-master/data/Urban100/image_SRF_4/img_089_SRF_4_HR.png,/home/ubuntu/scratch/sr-diffusion/benchmarks/selfexsr/SelfExSR-master/data/Urban100/image_SRF_4/img_089_SRF_4_LR.png,22.847101660008754,21.433226074503857,0.5802584662515057,0.5485468115088585
Urban100,img_090,bicubic,generated:matlab_bicubic_resize,/home/ubuntu/scratch/sr-diffusion/benchmarks/selfexsr/SelfExSR-master/data/Urban100/image_SRF_4/img_090_SRF_4_HR.png,/home/ubuntu/scratch/sr-diffusion/benchmarks/selfexsr/SelfExSR-master/data/Urban100/image_SRF_4/img_090_SRF_4_LR.png,30.489126990740566,29.08928910023015,0.8877037437147648,0.8744792277239869
Urban100,img_090,stage2_base,/home/ubuntu/scratch/sr-diffusion/benchmark_outputs/stage2_dual_best98000/Urban100/img_090/base.png,/home/ubuntu/scratch/sr-diffusion/benchmarks/selfexsr/SelfExSR-master/data/Urban100/image_SRF_4/img_090_SRF_4_HR.png,/home/ubuntu/scratch/sr-diffusion/benchmarks/selfexsr/SelfExSR-master/data/Urban100/image_SRF_4/img_090_SRF_4_LR.png,36.941913393690356,35.256179633527005,0.9705083273374268,0.9591257767972299
Urban100,img_090,latent_adapter_v1,/home/ubuntu/scratch/sr-diffusion/benchmark_outputs/stage2_latent_adapter_v1_best11000/Urban100/img_090/base.png,/home/ubuntu/scratch/sr-diffusion/benchmarks/selfexsr/SelfExSR-master/data/Urban100/image_SRF_4/img_090_SRF_4_HR.png,/home/ubuntu/scratch/sr-diffusion/benchmarks/selfexsr/SelfExSR-master/data/Urban100/image_SRF_4/img_090_SRF_4_LR.png,36.99372788211875,35.33271524212744,0.970614017993526,0.9594287703673524
Urban100,img_090,guarded_v2,/home/ubuntu/scratch/sr-diffusion/benchmark_outputs/stage2_guarded_detail_v2_tta_off/Urban100/img_090/base.png,/home/ubuntu/scratch/sr-diffusion/benchmarks/selfexsr/SelfExSR-master/data/Urban100/image_SRF_4/img_090_SRF_4_HR.png,/home/ubuntu/scratch/sr-diffusion/benchmarks/selfexsr/SelfExSR-master/data/Urban100/image_SRF_4/img_090_SRF_4_LR.png,37.154030187378865,35.48809824329278,0.9714080006161229,0.9602724207318435
Urban100,img_090,guarded_v2_x8,/home/ubuntu/scratch/sr-diffusion/benchmark_outputs/stage2_guarded_detail_v2_tta_x8/Urban100/img_090/base.png,/home/ubuntu/scratch/sr-diffusion/benchmarks/selfexsr/SelfExSR-master/data/Urban100/image_SRF_4/img_090_SRF_4_HR.png,/home/ubuntu/scratch/sr-diffusion/benchmarks/selfexsr/SelfExSR-master/data/Urban100/image_SRF_4/img_090_SRF_4_LR.png,37.53551451481686,35.879573886388336,0.9734986917295348,0.9630203708009043
Urban100,img_090,detail_v2_masked,/home/ubuntu/scratch/sr-diffusion/benchmark_outputs/detail_v2_masked/Urban100/img_090/detail.png,/home/ubuntu/scratch/sr-diffusion/benchmarks/selfexsr/SelfExSR-master/data/Urban100/image_SRF_4/img_090_SRF_4_HR.png,/home/ubuntu/scratch/sr-diffusion/benchmarks/selfexsr/SelfExSR-master/data/Urban100/image_SRF_4/img_090_SRF_4_LR.png,37.74105319195785,36.05697497347436,0.9758439521791056,0.9657611786186462
Urban100,img_090,realesrgan,/home/ubuntu/scratch/sr-diffusion/benchmark_outputs/realesrgan/Urban100/img_090/RealESRGAN_x4plus.png,/home/ubuntu/scratch/sr-diffusion/benchmarks/selfexsr/SelfExSR-master/data/Urban100/image_SRF_4/img_090_SRF_4_HR.png,/home/ubuntu/scratch/sr-diffusion/benchmarks/selfexsr/SelfExSR-master/data/Urban100/image_SRF_4/img_090_SRF_4_LR.png,28.716404856772478,26.769344226885167,0.8821285715752879,0.8495815071419223
Urban100,img_091,bicubic,generated:matlab_bicubic_resize,/home/ubuntu/scratch/sr-diffusion/benchmarks/selfexsr/SelfExSR-master/data/Urban100/image_SRF_4/img_091_SRF_4_HR.png,/home/ubuntu/scratch/sr-diffusion/benchmarks/selfexsr/SelfExSR-master/data/Urban100/image_SRF_4/img_091_SRF_4_LR.png,22.170031135555753,20.335570160185238,0.5264059432229115,0.4885278364312444
Urban100,img_091,stage2_base,/home/ubuntu/scratch/sr-diffusion/benchmark_outputs/stage2_dual_best98000/Urban100/img_091/base.png,/home/ubuntu/scratch/sr-diffusion/benchmarks/selfexsr/SelfExSR-master/data/Urban100/image_SRF_4/img_091_SRF_4_HR.png,/home/ubuntu/scratch/sr-diffusion/benchmarks/selfexsr/SelfExSR-master/data/Urban100/image_SRF_4/img_091_SRF_4_LR.png,23.34898075064663,21.540673018825743,0.622784060201393,0.5867648642429327
Urban100,img_091,latent_adapter_v1,/home/ubuntu/scratch/sr-diffusion/benchmark_outputs/stage2_latent_adapter_v1_best11000/Urban100/img_091/base.png,/home/ubuntu/scratch/sr-diffusion/benchmarks/selfexsr/SelfExSR-master/data/Urban100/image_SRF_4/img_091_SRF_4_HR.png,/home/ubuntu/scratch/sr-diffusion/benchmarks/selfexsr/SelfExSR-master/data/Urban100/image_SRF_4/img_091_SRF_4_LR.png,23.35908675345887,21.54911559229729,0.6260121553763189,0.5898502297598274
Urban100,img_091,guarded_v2,/home/ubuntu/scratch/sr-diffusion/benchmark_outputs/stage2_guarded_detail_v2_tta_off/Urban100/img_091/base.png,/home/ubuntu/scratch/sr-diffusion/benchmarks/selfexsr/SelfExSR-master/data/Urban100/image_SRF_4/img_091_SRF_4_HR.png,/home/ubuntu/scratch/sr-diffusion/benchmarks/selfexsr/SelfExSR-master/data/Urban100/image_SRF_4/img_091_SRF_4_LR.png,23.37405391310389,21.564997171919686,0.6278810917612819,0.5918839758648174
Urban100,img_091,guarded_v2_x8,/home/ubuntu/scratch/sr-diffusion/benchmark_outputs/stage2_guarded_detail_v2_tta_x8/Urban100/img_091/base.png,/home/ubuntu/scratch/sr-diffusion/benchmarks/selfexsr/SelfExSR-master/data/Urban100/image_SRF_4/img_091_SRF_4_HR.png,/home/ubuntu/scratch/sr-diffusion/benchmarks/selfexsr/SelfExSR-master/data/Urban100/image_SRF_4/img_091_SRF_4_LR.png,23.473125258806302,21.656558508322984,0.6325302008063258,0.5966691214709035
Urban100,img_091,detail_v2_masked,/home/ubuntu/scratch/sr-diffusion/benchmark_outputs/detail_v2_masked/Urban100/img_091/detail.png,/home/ubuntu/scratch/sr-diffusion/benchmarks/selfexsr/SelfExSR-master/data/Urban100/image_SRF_4/img_091_SRF_4_HR.png,/home/ubuntu/scratch/sr-diffusion/benchmarks/selfexsr/SelfExSR-master/data/Urban100/image_SRF_4/img_091_SRF_4_LR.png,23.56091811224859,21.765213017536958,0.6423173111133763,0.6076730611532494
Urban100,img_091,realesrgan,/home/ubuntu/scratch/sr-diffusion/benchmark_outputs/realesrgan/Urban100/img_091/RealESRGAN_x4plus.png,/home/ubuntu/scratch/sr-diffusion/benchmarks/selfexsr/SelfExSR-master/data/Urban100/image_SRF_4/img_091_SRF_4_HR.png,/home/ubuntu/scratch/sr-diffusion/benchmarks/selfexsr/SelfExSR-master/data/Urban100/image_SRF_4/img_091_SRF_4_LR.png,20.171121636384278,18.411737087414295,0.5003928459101668,0.4518526476408445
Urban100,img_092,bicubic,generated:matlab_bicubic_resize,/home/ubuntu/scratch/sr-diffusion/benchmarks/selfexsr/SelfExSR-master/data/Urban100/image_SRF_4/img_092_SRF_4_HR.png,/home/ubuntu/scratch/sr-diffusion/benchmarks/selfexsr/SelfExSR-master/data/Urban100/image_SRF_4/img_092_SRF_4_LR.png,16.579708965098842,15.257800488179388,0.4376793156427288,0.41495884881514894
Urban100,img_092,stage2_base,/home/ubuntu/scratch/sr-diffusion/benchmark_outputs/stage2_dual_best98000/Urban100/img_092/base.png,/home/ubuntu/scratch/sr-diffusion/benchmarks/selfexsr/SelfExSR-master/data/Urban100/image_SRF_4/img_092_SRF_4_HR.png,/home/ubuntu/scratch/sr-diffusion/benchmarks/selfexsr/SelfExSR-master/data/Urban100/image_SRF_4/img_092_SRF_4_LR.png,18.400401980462235,17.074099056452535,0.6171360094614289,0.5968658127139179
Urban100,img_092,latent_adapter_v1,/home/ubuntu/scratch/sr-diffusion/benchmark_outputs/stage2_latent_adapter_v1_best11000/Urban100/img_092/base.png,/home/ubuntu/scratch/sr-diffusion/benchmarks/selfexsr/SelfExSR-master/data/Urban100/image_SRF_4/img_092_SRF_4_HR.png,/home/ubuntu/scratch/sr-diffusion/benchmarks/selfexsr/SelfExSR-master/data/Urban100/image_SRF_4/img_092_SRF_4_LR.png,18.40932830283765,17.083664457731626,0.6187815964559396,0.5986174124578681
Urban100,img_092,guarded_v2,/home/ubuntu/scratch/sr-diffusion/benchmark_outputs/stage2_guarded_detail_v2_tta_off/Urban100/img_092/base.png,/home/ubuntu/scratch/sr-diffusion/benchmarks/selfexsr/SelfExSR-master/data/Urban100/image_SRF_4/img_092_SRF_4_HR.png,/home/ubuntu/scratch/sr-diffusion/benchmarks/selfexsr/SelfExSR-master/data/Urban100/image_SRF_4/img_092_SRF_4_LR.png,18.406296753278585,17.07916089835154,0.6171253918303617,0.596789555968245
Urban100,img_092,guarded_v2_x8,/home/ubuntu/scratch/sr-diffusion/benchmark_outputs/stage2_guarded_detail_v2_tta_x8/Urban100/img_092/base.png,/home/ubuntu/scratch/sr-diffusion/benchmarks/selfexsr/SelfExSR-master/data/Urban100/image_SRF_4/img_092_SRF_4_HR.png,/home/ubuntu/scratch/sr-diffusion/benchmarks/selfexsr/SelfExSR-master/data/Urban100/image_SRF_4/img_092_SRF_4_LR.png,18.42917597523451,17.104215641728743,0.6188204502543396,0.598819450729981
Urban100,img_092,detail_v2_masked,/home/ubuntu/scratch/sr-diffusion/benchmark_outputs/detail_v2_masked/Urban100/img_092/detail.png,/home/ubuntu/scratch/sr-diffusion/benchmarks/selfexsr/SelfExSR-master/data/Urban100/image_SRF_4/img_092_SRF_4_HR.png,/home/ubuntu/scratch/sr-diffusion/benchmarks/selfexsr/SelfExSR-master/data/Urban100/image_SRF_4/img_092_SRF_4_LR.png,18.70727644439905,17.37722794695332,0.6437328890599521,0.6237371572325144
Urban100,img_092,realesrgan,/home/ubuntu/scratch/sr-diffusion/benchmark_outputs/realesrgan/Urban100/img_092/RealESRGAN_x4plus.png,/home/ubuntu/scratch/sr-diffusion/benchmarks/selfexsr/SelfExSR-master/data/Urban100/image_SRF_4/img_092_SRF_4_HR.png,/home/ubuntu/scratch/sr-diffusion/benchmarks/selfexsr/SelfExSR-master/data/Urban100/image_SRF_4/img_092_SRF_4_LR.png,17.66954093389368,16.35528080763507,0.5878359255881886,0.5661554447269858
Urban100,img_093,bicubic,generated:matlab_bicubic_resize,/home/ubuntu/scratch/sr-diffusion/benchmarks/selfexsr/SelfExSR-master/data/Urban100/image_SRF_4/img_093_SRF_4_HR.png,/home/ubuntu/scratch/sr-diffusion/benchmarks/selfexsr/SelfExSR-master/data/Urban100/image_SRF_4/img_093_SRF_4_LR.png,23.62163465546349,22.2849320653021,0.8064754805791969,0.7851331521289729
Urban100,img_093,stage2_base,/home/ubuntu/scratch/sr-diffusion/benchmark_outputs/stage2_dual_best98000/Urban100/img_093/base.png,/home/ubuntu/scratch/sr-diffusion/benchmarks/selfexsr/SelfExSR-master/data/Urban100/image_SRF_4/img_093_SRF_4_HR.png,/home/ubuntu/scratch/sr-diffusion/benchmarks/selfexsr/SelfExSR-master/data/Urban100/image_SRF_4/img_093_SRF_4_LR.png,28.10898567736252,26.610825444675292,0.9158997320005352,0.8964060696585089
Urban100,img_093,latent_adapter_v1,/home/ubuntu/scratch/sr-diffusion/benchmark_outputs/stage2_latent_adapter_v1_best11000/Urban100/img_093/base.png,/home/ubuntu/scratch/sr-diffusion/benchmarks/selfexsr/SelfExSR-master/data/Urban100/image_SRF_4/img_093_SRF_4_HR.png,/home/ubuntu/scratch/sr-diffusion/benchmarks/selfexsr/SelfExSR-master/data/Urban100/image_SRF_4/img_093_SRF_4_LR.png,28.112301924159926,26.60960701017986,0.9161314438254919,0.8969585655541751
Urban100,img_093,guarded_v2,/home/ubuntu/scratch/sr-diffusion/benchmark_outputs/stage2_guarded_detail_v2_tta_off/Urban100/img_093/base.png,/home/ubuntu/scratch/sr-diffusion/benchmarks/selfexsr/SelfExSR-master/data/Urban100/image_SRF_4/img_093_SRF_4_HR.png,/home/ubuntu/scratch/sr-diffusion/benchmarks/selfexsr/SelfExSR-master/data/Urban100/image_SRF_4/img_093_SRF_4_LR.png,28.26406990725029,26.76271166972036,0.9177666484342868,0.8989763117345508
Urban100,img_093,guarded_v2_x8,/home/ubuntu/scratch/sr-diffusion/benchmark_outputs/stage2_guarded_detail_v2_tta_x8/Urban100/img_093/base.png,/home/ubuntu/scratch/sr-diffusion/benchmarks/selfexsr/SelfExSR-master/data/Urban100/image_SRF_4/img_093_SRF_4_HR.png,/home/ubuntu/scratch/sr-diffusion/benchmarks/selfexsr/SelfExSR-master/data/Urban100/image_SRF_4/img_093_SRF_4_LR.png,28.40820913378323,26.938642417541846,0.9220650935092902,0.9045210585205637
Urban100,img_093,detail_v2_masked,/home/ubuntu/scratch/sr-diffusion/benchmark_outputs/detail_v2_masked/Urban100/img_093/detail.png,/home/ubuntu/scratch/sr-diffusion/benchmarks/selfexsr/SelfExSR-master/data/Urban100/image_SRF_4/img_093_SRF_4_HR.png,/home/ubuntu/scratch/sr-diffusion/benchmarks/selfexsr/SelfExSR-master/data/Urban100/image_SRF_4/img_093_SRF_4_LR.png,29.226204170681914,27.649817500619637,0.9291170300555779,0.9100130283215014
Urban100,img_093,realesrgan,/home/ubuntu/scratch/sr-diffusion/benchmark_outputs/realesrgan/Urban100/img_093/RealESRGAN_x4plus.png,/home/ubuntu/scratch/sr-diffusion/benchmarks/selfexsr/SelfExSR-master/data/Urban100/image_SRF_4/img_093_SRF_4_HR.png,/home/ubuntu/scratch/sr-diffusion/benchmarks/selfexsr/SelfExSR-master/data/Urban100/image_SRF_4/img_093_SRF_4_LR.png,23.57034802937848,22.07268405614637,0.8428735151973138,0.8109023834023859
Urban100,img_094,bicubic,generated:matlab_bicubic_resize,/home/ubuntu/scratch/sr-diffusion/benchmarks/selfexsr/SelfExSR-master/data/Urban100/image_SRF_4/img_094_SRF_4_HR.png,/home/ubuntu/scratch/sr-diffusion/benchmarks/selfexsr/SelfExSR-master/data/Urban100/image_SRF_4/img_094_SRF_4_LR.png,25.35078280652025,24.005260783022546,0.702365251061718,0.6598044661493275
Urban100,img_094,stage2_base,/home/ubuntu/scratch/sr-diffusion/benchmark_outputs/stage2_dual_best98000/Urban100/img_094/base.png,/home/ubuntu/scratch/sr-diffusion/benchmarks/selfexsr/SelfExSR-master/data/Urban100/image_SRF_4/img_094_SRF_4_HR.png,/home/ubuntu/scratch/sr-diffusion/benchmarks/selfexsr/SelfExSR-master/data/Urban100/image_SRF_4/img_094_SRF_4_LR.png,26.986932057746735,25.58927008544119,0.777032770607178,0.7373357808981451
Urban100,img_094,latent_adapter_v1,/home/ubuntu/scratch/sr-diffusion/benchmark_outputs/stage2_latent_adapter_v1_best11000/Urban100/img_094/base.png,/home/ubuntu/scratch/sr-diffusion/benchmarks/selfexsr/SelfExSR-master/data/Urban100/image_SRF_4/img_094_SRF_4_HR.png,/home/ubuntu/scratch/sr-diffusion/benchmarks/selfexsr/SelfExSR-master/data/Urban100/image_SRF_4/img_094_SRF_4_LR.png,26.997924769803827,25.60038341594405,0.7781807378321668,0.7386063114275642
Urban100,img_094,guarded_v2,/home/ubuntu/scratch/sr-diffusion/benchmark_outputs/stage2_guarded_detail_v2_tta_off/Urban100/img_094/base.png,/home/ubuntu/scratch/sr-diffusion/benchmarks/selfexsr/SelfExSR-master/data/Urban100/image_SRF_4/img_094_SRF_4_HR.png,/home/ubuntu/scratch/sr-diffusion/benchmarks/selfexsr/SelfExSR-master/data/Urban100/image_SRF_4/img_094_SRF_4_LR.png,27.00292404716123,25.603785690714147,0.7805448157754512,0.7410628063129723
Urban100,img_094,guarded_v2_x8,/home/ubuntu/scratch/sr-diffusion/benchmark_outputs/stage2_guarded_detail_v2_tta_x8/Urban100/img_094/base.png,/home/ubuntu/scratch/sr-diffusion/benchmarks/selfexsr/SelfExSR-master/data/Urban100/image_SRF_4/img_094_SRF_4_HR.png,/home/ubuntu/scratch/sr-diffusion/benchmarks/selfexsr/SelfExSR-master/data/Urban100/image_SRF_4/img_094_SRF_4_LR.png,27.062533154646474,25.667203027387618,0.7819286816545848,0.7428286577937845
Urban100,img_094,detail_v2_masked,/home/ubuntu/scratch/sr-diffusion/benchmark_outputs/detail_v2_masked/Urban100/img_094/detail.png,/home/ubuntu/scratch/sr-diffusion/benchmarks/selfexsr/SelfExSR-master/data/Urban100/image_SRF_4/img_094_SRF_4_HR.png,/home/ubuntu/scratch/sr-diffusion/benchmarks/selfexsr/SelfExSR-master/data/Urban100/image_SRF_4/img_094_SRF_4_LR.png,27.270645541434646,25.86415026053011,0.789101570477831,0.7505496370393544
Urban100,img_094,realesrgan,/home/ubuntu/scratch/sr-diffusion/benchmark_outputs/realesrgan/Urban100/img_094/RealESRGAN_x4plus.png,/home/ubuntu/scratch/sr-diffusion/benchmarks/selfexsr/SelfExSR-master/data/Urban100/image_SRF_4/img_094_SRF_4_HR.png,/home/ubuntu/scratch/sr-diffusion/benchmarks/selfexsr/SelfExSR-master/data/Urban100/image_SRF_4/img_094_SRF_4_LR.png,24.915450004560352,23.46230632778457,0.7177890589563429,0.6612491439243607
Urban100,img_095,bicubic,generated:matlab_bicubic_resize,/home/ubuntu/scratch/sr-diffusion/benchmarks/selfexsr/SelfExSR-master/data/Urban100/image_SRF_4/img_095_SRF_4_HR.png,/home/ubuntu/scratch/sr-diffusion/benchmarks/selfexsr/SelfExSR-master/data/Urban100/image_SRF_4/img_095_SRF_4_LR.png,18.738898452137253,17.416977140260517,0.28046515620843215,0.2571851351658216
Urban100,img_095,stage2_base,/home/ubuntu/scratch/sr-diffusion/benchmark_outputs/stage2_dual_best98000/Urban100/img_095/base.png,/home/ubuntu/scratch/sr-diffusion/benchmarks/selfexsr/SelfExSR-master/data/Urban100/image_SRF_4/img_095_SRF_4_HR.png,/home/ubuntu/scratch/sr-diffusion/benchmarks/selfexsr/SelfExSR-master/data/Urban100/image_SRF_4/img_095_SRF_4_LR.png,19.92150012018733,18.59786766538821,0.3973154856882958,0.37643475362100354
Urban100,img_095,latent_adapter_v1,/home/ubuntu/scratch/sr-diffusion/benchmark_outputs/stage2_latent_adapter_v1_best11000/Urban100/img_095/base.png,/home/ubuntu/scratch/sr-diffusion/benchmarks/selfexsr/SelfExSR-master/data/Urban100/image_SRF_4/img_095_SRF_4_HR.png,/home/ubuntu/scratch/sr-diffusion/benchmarks/selfexsr/SelfExSR-master/data/Urban100/image_SRF_4/img_095_SRF_4_LR.png,19.955342708220773,18.63186513831447,0.40250430742851906,0.38191632630825234
Urban100,img_095,guarded_v2,/home/ubuntu/scratch/sr-diffusion/benchmark_outputs/stage2_guarded_detail_v2_tta_off/Urban100/img_095/base.png,/home/ubuntu/scratch/sr-diffusion/benchmarks/selfexsr/SelfExSR-master/data/Urban100/image_SRF_4/img_095_SRF_4_HR.png,/home/ubuntu/scratch/sr-diffusion/benchmarks/selfexsr/SelfExSR-master/data/Urban100/image_SRF_4/img_095_SRF_4_LR.png,19.961484127796762,18.637194639454393,0.4021378546789487,0.38132211748071465
Urban100,img_095,guarded_v2_x8,/home/ubuntu/scratch/sr-diffusion/benchmark_outputs/stage2_guarded_detail_v2_tta_x8/Urban100/img_095/base.png,/home/ubuntu/scratch/sr-diffusion/benchmarks/selfexsr/SelfExSR-master/data/Urban100/image_SRF_4/img_095_SRF_4_HR.png,/home/ubuntu/scratch/sr-diffusion/benchmarks/selfexsr/SelfExSR-master/data/Urban100/image_SRF_4/img_095_SRF_4_LR.png,19.972403456039803,18.648446715578096,0.4003547560042398,0.37940256069566763
Urban100,img_095,detail_v2_masked,/home/ubuntu/scratch/sr-diffusion/benchmark_outputs/detail_v2_masked/Urban100/img_095/detail.png,/home/ubuntu/scratch/sr-diffusion/benchmarks/selfexsr/SelfExSR-master/data/Urban100/image_SRF_4/img_095_SRF_4_HR.png,/home/ubuntu/scratch/sr-diffusion/benchmarks/selfexsr/SelfExSR-master/data/Urban100/image_SRF_4/img_095_SRF_4_LR.png,20.114387666891584,18.7874001376499,0.4156912672974421,0.3948432742291948
Urban100,img_095,realesrgan,/home/ubuntu/scratch/sr-diffusion/benchmark_outputs/realesrgan/Urban100/img_095/RealESRGAN_x4plus.png,/home/ubuntu/scratch/sr-diffusion/benchmarks/selfexsr/SelfExSR-master/data/Urban100/image_SRF_4/img_095_SRF_4_HR.png,/home/ubuntu/scratch/sr-diffusion/benchmarks/selfexsr/SelfExSR-master/data/Urban100/image_SRF_4/img_095_SRF_4_LR.png,19.148510332292346,17.829680988398167,0.3371923039618915,0.313746815326422
Urban100,img_096,bicubic,generated:matlab_bicubic_resize,/home/ubuntu/scratch/sr-diffusion/benchmarks/selfexsr/SelfExSR-master/data/Urban100/image_SRF_4/img_096_SRF_4_HR.png,/home/ubuntu/scratch/sr-diffusion/benchmarks/selfexsr/SelfExSR-master/data/Urban100/image_SRF_4/img_096_SRF_4_LR.png,21.327421052126798,20.05920811161748,0.6858057978565768,0.6679038897495114
Urban100,img_096,stage2_base,/home/ubuntu/scratch/sr-diffusion/benchmark_outputs/stage2_dual_best98000/Urban100/img_096/base.png,/home/ubuntu/scratch/sr-diffusion/benchmarks/selfexsr/SelfExSR-master/data/Urban100/image_SRF_4/img_096_SRF_4_HR.png,/home/ubuntu/scratch/sr-diffusion/benchmarks/selfexsr/SelfExSR-master/data/Urban100/image_SRF_4/img_096_SRF_4_LR.png,23.554720990730544,22.255897401794016,0.8233742603376678,0.8087558597063816
Urban100,img_096,latent_adapter_v1,/home/ubuntu/scratch/sr-diffusion/benchmark_outputs/stage2_latent_adapter_v1_best11000/Urban100/img_096/base.png,/home/ubuntu/scratch/sr-diffusion/benchmarks/selfexsr/SelfExSR-master/data/Urban100/image_SRF_4/img_096_SRF_4_HR.png,/home/ubuntu/scratch/sr-diffusion/benchmarks/selfexsr/SelfExSR-master/data/Urban100/image_SRF_4/img_096_SRF_4_LR.png,23.568404451205,22.27291154175905,0.8249160960277788,0.8103652812606672
Urban100,img_096,guarded_v2,/home/ubuntu/scratch/sr-diffusion/benchmark_outputs/stage2_guarded_detail_v2_tta_off/Urban100/img_096/base.png,/home/ubuntu/scratch/sr-diffusion/benchmarks/selfexsr/SelfExSR-master/data/Urban100/image_SRF_4/img_096_SRF_4_HR.png,/home/ubuntu/scratch/sr-diffusion/benchmarks/selfexsr/SelfExSR-master/data/Urban100/image_SRF_4/img_096_SRF_4_LR.png,23.854764923372343,22.55015665258856,0.8305788393742692,0.8161107477031743
Urban100,img_096,guarded_v2_x8,/home/ubuntu/scratch/sr-diffusion/benchmark_outputs/stage2_guarded_detail_v2_tta_x8/Urban100/img_096/base.png,/home/ubuntu/scratch/sr-diffusion/benchmarks/selfexsr/SelfExSR-master/data/Urban100/image_SRF_4/img_096_SRF_4_HR.png,/home/ubuntu/scratch/sr-diffusion/benchmarks/selfexsr/SelfExSR-master/data/Urban100/image_SRF_4/img_096_SRF_4_LR.png,23.84030584179957,22.54707336256681,0.8330731571567238,0.8192370654506022
Urban100,img_096,detail_v2_masked,/home/ubuntu/scratch/sr-diffusion/benchmark_outputs/detail_v2_masked/Urban100/img_096/detail.png,/home/ubuntu/scratch/sr-diffusion/benchmarks/selfexsr/SelfExSR-master/data/Urban100/image_SRF_4/img_096_SRF_4_HR.png,/home/ubuntu/scratch/sr-diffusion/benchmarks/selfexsr/SelfExSR-master/data/Urban100/image_SRF_4/img_096_SRF_4_LR.png,24.329181706320067,23.030484494344332,0.8544765833772427,0.8406528528145142
Urban100,img_096,realesrgan,/home/ubuntu/scratch/sr-diffusion/benchmark_outputs/realesrgan/Urban100/img_096/RealESRGAN_x4plus.png,/home/ubuntu/scratch/sr-diffusion/benchmarks/selfexsr/SelfExSR-master/data/Urban100/image_SRF_4/img_096_SRF_4_HR.png,/home/ubuntu/scratch/sr-diffusion/benchmarks/selfexsr/SelfExSR-master/data/Urban100/image_SRF_4/img_096_SRF_4_LR.png,20.688413759727915,19.316419446627894,0.7688499287276636,0.7451632143078576
Urban100,img_097,bicubic,generated:matlab_bicubic_resize,/home/ubuntu/scratch/sr-diffusion/benchmarks/selfexsr/SelfExSR-master/data/Urban100/image_SRF_4/img_097_SRF_4_HR.png,/home/ubuntu/scratch/sr-diffusion/benchmarks/selfexsr/SelfExSR-master/data/Urban100/image_SRF_4/img_097_SRF_4_LR.png,23.01924917937921,21.616160742138646,0.6425917195725455,0.6207394537234351
Urban100,img_097,stage2_base,/home/ubuntu/scratch/sr-diffusion/benchmark_outputs/stage2_dual_best98000/Urban100/img_097/base.png,/home/ubuntu/scratch/sr-diffusion/benchmarks/selfexsr/SelfExSR-master/data/Urban100/image_SRF_4/img_097_SRF_4_HR.png,/home/ubuntu/scratch/sr-diffusion/benchmarks/selfexsr/SelfExSR-master/data/Urban100/image_SRF_4/img_097_SRF_4_LR.png,24.441229286512485,23.024082538494905,0.7399229626460214,0.7214741120852511
Urban100,img_097,latent_adapter_v1,/home/ubuntu/scratch/sr-diffusion/benchmark_outputs/stage2_latent_adapter_v1_best11000/Urban100/img_097/base.png,/home/ubuntu/scratch/sr-diffusion/benchmarks/selfexsr/SelfExSR-master/data/Urban100/image_SRF_4/img_097_SRF_4_HR.png,/home/ubuntu/scratch/sr-diffusion/benchmarks/selfexsr/SelfExSR-master/data/Urban100/image_SRF_4/img_097_SRF_4_LR.png,24.42641467378071,23.010061405506637,0.7411608526571678,0.7227487582576414
Urban100,img_097,guarded_v2,/home/ubuntu/scratch/sr-diffusion/benchmark_outputs/stage2_guarded_detail_v2_tta_off/Urban100/img_097/base.png,/home/ubuntu/scratch/sr-diffusion/benchmarks/selfexsr/SelfExSR-master/data/Urban100/image_SRF_4/img_097_SRF_4_HR.png,/home/ubuntu/scratch/sr-diffusion/benchmarks/selfexsr/SelfExSR-master/data/Urban100/image_SRF_4/img_097_SRF_4_LR.png,24.40938058445763,22.9944532996209,0.7421500928843057,0.7239027340075795
Urban100,img_097,guarded_v2_x8,/home/ubuntu/scratch/sr-diffusion/benchmark_outputs/stage2_guarded_detail_v2_tta_x8/Urban100/img_097/base.png,/home/ubuntu/scratch/sr-diffusion/benchmarks/selfexsr/SelfExSR-master/data/Urban100/image_SRF_4/img_097_SRF_4_HR.png,/home/ubuntu/scratch/sr-diffusion/benchmarks/selfexsr/SelfExSR-master/data/Urban100/image_SRF_4/img_097_SRF_4_LR.png,24.491629660339242,23.077514536899535,0.745495334586332,0.7276253034674784
Urban100,img_097,detail_v2_masked,/home/ubuntu/scratch/sr-diffusion/benchmark_outputs/detail_v2_masked/Urban100/img_097/detail.png,/home/ubuntu/scratch/sr-diffusion/benchmarks/selfexsr/SelfExSR-master/data/Urban100/image_SRF_4/img_097_SRF_4_HR.png,/home/ubuntu/scratch/sr-diffusion/benchmarks/selfexsr/SelfExSR-master/data/Urban100/image_SRF_4/img_097_SRF_4_LR.png,24.743435151477094,23.32539043060658,0.7581209624876881,0.7405377898584778
Urban100,img_097,realesrgan,/home/ubuntu/scratch/sr-diffusion/benchmark_outputs/realesrgan/Urban100/img_097/RealESRGAN_x4plus.png,/home/ubuntu/scratch/sr-diffusion/benchmarks/selfexsr/SelfExSR-master/data/Urban100/image_SRF_4/img_097_SRF_4_HR.png,/home/ubuntu/scratch/sr-diffusion/benchmarks/selfexsr/SelfExSR-master/data/Urban100/image_SRF_4/img_097_SRF_4_LR.png,21.494352643970057,20.052549637870282,0.6415103499200651,0.6126801383375526
Urban100,img_098,bicubic,generated:matlab_bicubic_resize,/home/ubuntu/scratch/sr-diffusion/benchmarks/selfexsr/SelfExSR-master/data/Urban100/image_SRF_4/img_098_SRF_4_HR.png,/home/ubuntu/scratch/sr-diffusion/benchmarks/selfexsr/SelfExSR-master/data/Urban100/image_SRF_4/img_098_SRF_4_LR.png,19.650224898986636,18.258377424138242,0.3910293974969752,0.3688940507314927
Urban100,img_098,stage2_base,/home/ubuntu/scratch/sr-diffusion/benchmark_outputs/stage2_dual_best98000/Urban100/img_098/base.png,/home/ubuntu/scratch/sr-diffusion/benchmarks/selfexsr/SelfExSR-master/data/Urban100/image_SRF_4/img_098_SRF_4_HR.png,/home/ubuntu/scratch/sr-diffusion/benchmarks/selfexsr/SelfExSR-master/data/Urban100/image_SRF_4/img_098_SRF_4_LR.png,20.474280782929423,19.087642674670487,0.5077801522644567,0.48694962782406015
Urban100,img_098,latent_adapter_v1,/home/ubuntu/scratch/sr-diffusion/benchmark_outputs/stage2_latent_adapter_v1_best11000/Urban100/img_098/base.png,/home/ubuntu/scratch/sr-diffusion/benchmarks/selfexsr/SelfExSR-master/data/Urban100/image_SRF_4/img_098_SRF_4_HR.png,/home/ubuntu/scratch/sr-diffusion/benchmarks/selfexsr/SelfExSR-master/data/Urban100/image_SRF_4/img_098_SRF_4_LR.png,20.46977024875154,19.083351462085,0.5100840449587121,0.4890756599880827
Urban100,img_098,guarded_v2,/home/ubuntu/scratch/sr-diffusion/benchmark_outputs/stage2_guarded_detail_v2_tta_off/Urban100/img_098/base.png,/home/ubuntu/scratch/sr-diffusion/benchmarks/selfexsr/SelfExSR-master/data/Urban100/image_SRF_4/img_098_SRF_4_HR.png,/home/ubuntu/scratch/sr-diffusion/benchmarks/selfexsr/SelfExSR-master/data/Urban100/image_SRF_4/img_098_SRF_4_LR.png,20.483838786414502,19.097113391070664,0.5128092560918682,0.49188180906864587
Urban100,img_098,guarded_v2_x8,/home/ubuntu/scratch/sr-diffusion/benchmark_outputs/stage2_guarded_detail_v2_tta_x8/Urban100/img_098/base.png,/home/ubuntu/scratch/sr-diffusion/benchmarks/selfexsr/SelfExSR-master/data/Urban100/image_SRF_4/img_098_SRF_4_HR.png,/home/ubuntu/scratch/sr-diffusion/benchmarks/selfexsr/SelfExSR-master/data/Urban100/image_SRF_4/img_098_SRF_4_LR.png,20.514729986423028,19.1311985726883,0.51348453335628,0.4926925294214836
Urban100,img_098,detail_v2_masked,/home/ubuntu/scratch/sr-diffusion/benchmark_outputs/detail_v2_masked/Urban100/img_098/detail.png,/home/ubuntu/scratch/sr-diffusion/benchmarks/selfexsr/SelfExSR-master/data/Urban100/image_SRF_4/img_098_SRF_4_HR.png,/home/ubuntu/scratch/sr-diffusion/benchmarks/selfexsr/SelfExSR-master/data/Urban100/image_SRF_4/img_098_SRF_4_LR.png,20.664653192429455,19.274502653563903,0.5294472241124298,0.5084802143900876
Urban100,img_098,realesrgan,/home/ubuntu/scratch/sr-diffusion/benchmark_outputs/realesrgan/Urban100/img_098/RealESRGAN_x4plus.png,/home/ubuntu/scratch/sr-diffusion/benchmarks/selfexsr/SelfExSR-master/data/Urban100/image_SRF_4/img_098_SRF_4_HR.png,/home/ubuntu/scratch/sr-diffusion/benchmarks/selfexsr/SelfExSR-master/data/Urban100/image_SRF_4/img_098_SRF_4_LR.png,19.11796945174626,17.618829096998194,0.4268226540537434,0.38320895951708717
Urban100,img_099,bicubic,generated:matlab_bicubic_resize,/home/ubuntu/scratch/sr-diffusion/benchmarks/selfexsr/SelfExSR-master/data/Urban100/image_SRF_4/img_099_SRF_4_HR.png,/home/ubuntu/scratch/sr-diffusion/benchmarks/selfexsr/SelfExSR-master/data/Urban100/image_SRF_4/img_099_SRF_4_LR.png,22.41167859246712,20.391473192480497,0.5877647141808264,0.5395311834601922
Urban100,img_099,stage2_base,/home/ubuntu/scratch/sr-diffusion/benchmark_outputs/stage2_dual_best98000/Urban100/img_099/base.png,/home/ubuntu/scratch/sr-diffusion/benchmarks/selfexsr/SelfExSR-master/data/Urban100/image_SRF_4/img_099_SRF_4_HR.png,/home/ubuntu/scratch/sr-diffusion/benchmarks/selfexsr/SelfExSR-master/data/Urban100/image_SRF_4/img_099_SRF_4_LR.png,25.16202680103074,22.799954129771717,0.754484328828895,0.7030464880129429
Urban100,img_099,latent_adapter_v1,/home/ubuntu/scratch/sr-diffusion/benchmark_outputs/stage2_latent_adapter_v1_best11000/Urban100/img_099/base.png,/home/ubuntu/scratch/sr-diffusion/benchmarks/selfexsr/SelfExSR-master/data/Urban100/image_SRF_4/img_099_SRF_4_HR.png,/home/ubuntu/scratch/sr-diffusion/benchmarks/selfexsr/SelfExSR-master/data/Urban100/image_SRF_4/img_099_SRF_4_LR.png,25.153288593464428,22.79425702693986,0.755757408640113,0.7045490936554742
Urban100,img_099,guarded_v2,/home/ubuntu/scratch/sr-diffusion/benchmark_outputs/stage2_guarded_detail_v2_tta_off/Urban100/img_099/base.png,/home/ubuntu/scratch/sr-diffusion/benchmarks/selfexsr/SelfExSR-master/data/Urban100/image_SRF_4/img_099_SRF_4_HR.png,/home/ubuntu/scratch/sr-diffusion/benchmarks/selfexsr/SelfExSR-master/data/Urban100/image_SRF_4/img_099_SRF_4_LR.png,25.10653825543907,22.75754526909166,0.7592025540814293,0.7077894390840992
Urban100,img_099,guarded_v2_x8,/home/ubuntu/scratch/sr-diffusion/benchmark_outputs/stage2_guarded_detail_v2_tta_x8/Urban100/img_099/base.png,/home/ubuntu/scratch/sr-diffusion/benchmarks/selfexsr/SelfExSR-master/data/Urban100/image_SRF_4/img_099_SRF_4_HR.png,/home/ubuntu/scratch/sr-diffusion/benchmarks/selfexsr/SelfExSR-master/data/Urban100/image_SRF_4/img_099_SRF_4_LR.png,25.265974702648542,22.89317322814362,0.7628780870135939,0.7116666404494264
Urban100,img_099,detail_v2_masked,/home/ubuntu/scratch/sr-diffusion/benchmark_outputs/detail_v2_masked/Urban100/img_099/detail.png,/home/ubuntu/scratch/sr-diffusion/benchmarks/selfexsr/SelfExSR-master/data/Urban100/image_SRF_4/img_099_SRF_4_HR.png,/home/ubuntu/scratch/sr-diffusion/benchmarks/selfexsr/SelfExSR-master/data/Urban100/image_SRF_4/img_099_SRF_4_LR.png,25.809456788816348,23.36284451935711,0.7864743552302006,0.736481886051477
Urban100,img_099,realesrgan,/home/ubuntu/scratch/sr-diffusion/benchmark_outputs/realesrgan/Urban100/img_099/RealESRGAN_x4plus.png,/home/ubuntu/scratch/sr-diffusion/benchmarks/selfexsr/SelfExSR-master/data/Urban100/image_SRF_4/img_099_SRF_4_HR.png,/home/ubuntu/scratch/sr-diffusion/benchmarks/selfexsr/SelfExSR-master/data/Urban100/image_SRF_4/img_099_SRF_4_LR.png,21.59228436412939,19.622782462732154,0.6566698376528924,0.5869091261809324
Urban100,img_100,bicubic,generated:matlab_bicubic_resize,/home/ubuntu/scratch/sr-diffusion/benchmarks/selfexsr/SelfExSR-master/data/Urban100/image_SRF_4/img_100_SRF_4_HR.png,/home/ubuntu/scratch/sr-diffusion/benchmarks/selfexsr/SelfExSR-master/data/Urban100/image_SRF_4/img_100_SRF_4_LR.png,22.284320491581596,19.6234725089187,0.599815193772396,0.5319749851254348
Urban100,img_100,stage2_base,/home/ubuntu/scratch/sr-diffusion/benchmark_outputs/stage2_dual_best98000/Urban100/img_100/base.png,/home/ubuntu/scratch/sr-diffusion/benchmarks/selfexsr/SelfExSR-master/data/Urban100/image_SRF_4/img_100_SRF_4_HR.png,/home/ubuntu/scratch/sr-diffusion/benchmarks/selfexsr/SelfExSR-master/data/Urban100/image_SRF_4/img_100_SRF_4_LR.png,26.018065999541307,22.045515456187395,0.742199725701123,0.669538532914169
Urban100,img_100,latent_adapter_v1,/home/ubuntu/scratch/sr-diffusion/benchmark_outputs/stage2_latent_adapter_v1_best11000/Urban100/img_100/base.png,/home/ubuntu/scratch/sr-diffusion/benchmarks/selfexsr/SelfExSR-master/data/Urban100/image_SRF_4/img_100_SRF_4_HR.png,/home/ubuntu/scratch/sr-diffusion/benchmarks/selfexsr/SelfExSR-master/data/Urban100/image_SRF_4/img_100_SRF_4_LR.png,26.005452850257743,22.03958303740681,0.7424491212052529,0.6699082804259735
Urban100,img_100,guarded_v2,/home/ubuntu/scratch/sr-diffusion/benchmark_outputs/stage2_guarded_detail_v2_tta_off/Urban100/img_100/base.png,/home/ubuntu/scratch/sr-diffusion/benchmarks/selfexsr/SelfExSR-master/data/Urban100/image_SRF_4/img_100_SRF_4_HR.png,/home/ubuntu/scratch/sr-diffusion/benchmarks/selfexsr/SelfExSR-master/data/Urban100/image_SRF_4/img_100_SRF_4_LR.png,26.01398019622568,22.045663180794392,0.743780316928924,0.6711644989395689
Urban100,img_100,guarded_v2_x8,/home/ubuntu/scratch/sr-diffusion/benchmark_outputs/stage2_guarded_detail_v2_tta_x8/Urban100/img_100/base.png,/home/ubuntu/scratch/sr-diffusion/benchmarks/selfexsr/SelfExSR-master/data/Urban100/image_SRF_4/img_100_SRF_4_HR.png,/home/ubuntu/scratch/sr-diffusion/benchmarks/selfexsr/SelfExSR-master/data/Urban100/image_SRF_4/img_100_SRF_4_LR.png,26.067013661846875,22.078745823940466,0.743302944106294,0.671093150647677
Urban100,img_100,detail_v2_masked,/home/ubuntu/scratch/sr-diffusion/benchmark_outputs/detail_v2_masked/Urban100/img_100/detail.png,/home/ubuntu/scratch/sr-diffusion/benchmarks/selfexsr/SelfExSR-master/data/Urban100/image_SRF_4/img_100_SRF_4_HR.png,/home/ubuntu/scratch/sr-diffusion/benchmarks/selfexsr/SelfExSR-master/data/Urban100/image_SRF_4/img_100_SRF_4_LR.png,26.52830607178499,22.383247663937894,0.7619025627319553,0.6901321699895039
Urban100,img_100,realesrgan,/home/ubuntu/scratch/sr-diffusion/benchmark_outputs/realesrgan/Urban100/img_100/RealESRGAN_x4plus.png,/home/ubuntu/scratch/sr-diffusion/benchmarks/selfexsr/SelfExSR-master/data/Urban100/image_SRF_4/img_100_SRF_4_HR.png,/home/ubuntu/scratch/sr-diffusion/benchmarks/selfexsr/SelfExSR-master/data/Urban100/image_SRF_4/img_100_SRF_4_LR.png,24.395732985810863,20.83746722715376,0.6835424428826178,0.602059745648534
