dataset,id,candidate,candidate_path,hr_path,lr_path,y_psnr,rgb_psnr,y_ssim,rgb_ssim
DIV2K,0801,bicubic,generated:matlab_bicubic_resize,/home/ubuntu/scratch/sr-diffusion/benchmarks/div2k/DIV2K_valid_HR/0801.png,/home/ubuntu/scratch/sr-diffusion/benchmarks/div2k/DIV2K_valid_LR_bicubic/X4/0801x4.png,28.918895062413313,27.643347589792107,0.8018290667782313,0.7854949209702959
DIV2K,0801,v3,/home/ubuntu/scratch/sr-diffusion/benchmark_outputs/stage2_bicubic_generalization_v3_best11500/DIV2K/0801/base.png,/home/ubuntu/scratch/sr-diffusion/benchmarks/div2k/DIV2K_valid_HR/0801.png,/home/ubuntu/scratch/sr-diffusion/benchmarks/div2k/DIV2K_valid_LR_bicubic/X4/0801x4.png,30.352632189501865,29.066208658659352,0.8528114647166495,0.8402147150421371
DIV2K,0801,bridge_v2,/home/ubuntu/scratch/sr-diffusion/benchmark_outputs/stage2_robustness_bridge_v2_best1000/DIV2K/0801/base.png,/home/ubuntu/scratch/sr-diffusion/benchmarks/div2k/DIV2K_valid_HR/0801.png,/home/ubuntu/scratch/sr-diffusion/benchmarks/div2k/DIV2K_valid_LR_bicubic/X4/0801x4.png,30.297025915869874,29.00307903108789,0.853740908937178,0.841193452892074
DIV2K,0802,bicubic,generated:matlab_bicubic_resize,/home/ubuntu/scratch/sr-diffusion/benchmarks/div2k/DIV2K_valid_HR/0802.png,/home/ubuntu/scratch/sr-diffusion/benchmarks/div2k/DIV2K_valid_LR_bicubic/X4/0802x4.png,34.930950714771704,33.16010272897294,0.8953074359903685,0.8730661544699491
DIV2K,0802,v3,/home/ubuntu/scratch/sr-diffusion/benchmark_outputs/stage2_bicubic_generalization_v3_best11500/DIV2K/0802/base.png,/home/ubuntu/scratch/sr-diffusion/benchmarks/div2k/DIV2K_valid_HR/0802.png,/home/ubuntu/scratch/sr-diffusion/benchmarks/div2k/DIV2K_valid_LR_bicubic/X4/0802x4.png,37.02211347215497,34.870829989528346,0.9196199383744669,0.8875305071815832
DIV2K,0802,bridge_v2,/home/ubuntu/scratch/sr-diffusion/benchmark_outputs/stage2_robustness_bridge_v2_best1000/DIV2K/0802/base.png,/home/ubuntu/scratch/sr-diffusion/benchmarks/div2k/DIV2K_valid_HR/0802.png,/home/ubuntu/scratch/sr-diffusion/benchmarks/div2k/DIV2K_valid_LR_bicubic/X4/0802x4.png,36.9757946745267,34.79647944617664,0.9195278529054198,0.8832192892313458
DIV2K,0803,bicubic,generated:matlab_bicubic_resize,/home/ubuntu/scratch/sr-diffusion/benchmarks/div2k/DIV2K_valid_HR/0803.png,/home/ubuntu/scratch/sr-diffusion/benchmarks/div2k/DIV2K_valid_LR_bicubic/X4/0803x4.png,35.05526220916966,33.61202775229642,0.9527886085921927,0.9387728926450074
DIV2K,0803,v3,/home/ubuntu/scratch/sr-diffusion/benchmark_outputs/stage2_bicubic_generalization_v3_best11500/DIV2K/0803/base.png,/home/ubuntu/scratch/sr-diffusion/benchmarks/div2k/DIV2K_valid_HR/0803.png,/home/ubuntu/scratch/sr-diffusion/benchmarks/div2k/DIV2K_valid_LR_bicubic/X4/0803x4.png,42.04258585643892,39.813476568015666,0.9797172138381887,0.9676816293222092
DIV2K,0803,bridge_v2,/home/ubuntu/scratch/sr-diffusion/benchmark_outputs/stage2_robustness_bridge_v2_best1000/DIV2K/0803/base.png,/home/ubuntu/scratch/sr-diffusion/benchmarks/div2k/DIV2K_valid_HR/0803.png,/home/ubuntu/scratch/sr-diffusion/benchmarks/div2k/DIV2K_valid_LR_bicubic/X4/0803x4.png,42.144064120168366,39.83342235532853,0.9798625960419154,0.967830375777595
DIV2K,0804,bicubic,generated:matlab_bicubic_resize,/home/ubuntu/scratch/sr-diffusion/benchmarks/div2k/DIV2K_valid_HR/0804.png,/home/ubuntu/scratch/sr-diffusion/benchmarks/div2k/DIV2K_valid_LR_bicubic/X4/0804x4.png,26.89838873553256,25.382047503703042,0.7363780585335264,0.7073928687788604
DIV2K,0804,v3,/home/ubuntu/scratch/sr-diffusion/benchmark_outputs/stage2_bicubic_generalization_v3_best11500/DIV2K/0804/base.png,/home/ubuntu/scratch/sr-diffusion/benchmarks/div2k/DIV2K_valid_HR/0804.png,/home/ubuntu/scratch/sr-diffusion/benchmarks/div2k/DIV2K_valid_LR_bicubic/X4/0804x4.png,28.774047013361358,27.25249759369857,0.8110205472121905,0.7864276856625834
DIV2K,0804,bridge_v2,/home/ubuntu/scratch/sr-diffusion/benchmark_outputs/stage2_robustness_bridge_v2_best1000/DIV2K/0804/base.png,/home/ubuntu/scratch/sr-diffusion/benchmarks/div2k/DIV2K_valid_HR/0804.png,/home/ubuntu/scratch/sr-diffusion/benchmarks/div2k/DIV2K_valid_LR_bicubic/X4/0804x4.png,28.711224697942296,27.187976959513716,0.8120088461214072,0.7876298967645022
DIV2K,0805,bicubic,generated:matlab_bicubic_resize,/home/ubuntu/scratch/sr-diffusion/benchmarks/div2k/DIV2K_valid_HR/0805.png,/home/ubuntu/scratch/sr-diffusion/benchmarks/div2k/DIV2K_valid_LR_bicubic/X4/0805x4.png,28.801797612578316,27.498127193375275,0.7497834825810444,0.7192560273854601
DIV2K,0805,v3,/home/ubuntu/scratch/sr-diffusion/benchmark_outputs/stage2_bicubic_generalization_v3_best11500/DIV2K/0805/base.png,/home/ubuntu/scratch/sr-diffusion/benchmarks/div2k/DIV2K_valid_HR/0805.png,/home/ubuntu/scratch/sr-diffusion/benchmarks/div2k/DIV2K_valid_LR_bicubic/X4/0805x4.png,29.724900348833607,28.393890271508813,0.7971609194056446,0.7707454216158229
DIV2K,0805,bridge_v2,/home/ubuntu/scratch/sr-diffusion/benchmark_outputs/stage2_robustness_bridge_v2_best1000/DIV2K/0805/base.png,/home/ubuntu/scratch/sr-diffusion/benchmarks/div2k/DIV2K_valid_HR/0805.png,/home/ubuntu/scratch/sr-diffusion/benchmarks/div2k/DIV2K_valid_LR_bicubic/X4/0805x4.png,29.607510106812338,28.2700959873347,0.7978555836521812,0.7715964136276794
DIV2K,0806,bicubic,generated:matlab_bicubic_resize,/home/ubuntu/scratch/sr-diffusion/benchmarks/div2k/DIV2K_valid_HR/0806.png,/home/ubuntu/scratch/sr-diffusion/benchmarks/div2k/DIV2K_valid_LR_bicubic/X4/0806x4.png,28.18409466223436,26.254558110775843,0.8318159177787555,0.8115800062424722
DIV2K,0806,v3,/home/ubuntu/scratch/sr-diffusion/benchmark_outputs/stage2_bicubic_generalization_v3_best11500/DIV2K/0806/base.png,/home/ubuntu/scratch/sr-diffusion/benchmarks/div2k/DIV2K_valid_HR/0806.png,/home/ubuntu/scratch/sr-diffusion/benchmarks/div2k/DIV2K_valid_LR_bicubic/X4/0806x4.png,29.85273711764956,27.88752486898765,0.8745450111610191,0.85415438924191
DIV2K,0806,bridge_v2,/home/ubuntu/scratch/sr-diffusion/benchmark_outputs/stage2_robustness_bridge_v2_best1000/DIV2K/0806/base.png,/home/ubuntu/scratch/sr-diffusion/benchmarks/div2k/DIV2K_valid_HR/0806.png,/home/ubuntu/scratch/sr-diffusion/benchmarks/div2k/DIV2K_valid_LR_bicubic/X4/0806x4.png,29.850073170221805,27.88478017739322,0.8747004258545075,0.8542433479116468
DIV2K,0807,bicubic,generated:matlab_bicubic_resize,/home/ubuntu/scratch/sr-diffusion/benchmarks/div2k/DIV2K_valid_HR/0807.png,/home/ubuntu/scratch/sr-diffusion/benchmarks/div2k/DIV2K_valid_LR_bicubic/X4/0807x4.png,20.923770191455763,19.426190290090723,0.45080809914988274,0.4347874334579946
DIV2K,0807,v3,/home/ubuntu/scratch/sr-diffusion/benchmark_outputs/stage2_bicubic_generalization_v3_best11500/DIV2K/0807/base.png,/home/ubuntu/scratch/sr-diffusion/benchmarks/div2k/DIV2K_valid_HR/0807.png,/home/ubuntu/scratch/sr-diffusion/benchmarks/div2k/DIV2K_valid_LR_bicubic/X4/0807x4.png,21.58710197065423,20.091853107155178,0.5404072038815059,0.5220407356237385
DIV2K,0807,bridge_v2,/home/ubuntu/scratch/sr-diffusion/benchmark_outputs/stage2_robustness_bridge_v2_best1000/DIV2K/0807/base.png,/home/ubuntu/scratch/sr-diffusion/benchmarks/div2k/DIV2K_valid_HR/0807.png,/home/ubuntu/scratch/sr-diffusion/benchmarks/div2k/DIV2K_valid_LR_bicubic/X4/0807x4.png,21.58476491970022,20.088034651026057,0.5394533675998611,0.521321860412698
DIV2K,0808,bicubic,generated:matlab_bicubic_resize,/home/ubuntu/scratch/sr-diffusion/benchmarks/div2k/DIV2K_valid_HR/0808.png,/home/ubuntu/scratch/sr-diffusion/benchmarks/div2k/DIV2K_valid_LR_bicubic/X4/0808x4.png,26.835505730831436,25.444273211617272,0.7853498865703669,0.7592609647482028
DIV2K,0808,v3,/home/ubuntu/scratch/sr-diffusion/benchmark_outputs/stage2_bicubic_generalization_v3_best11500/DIV2K/0808/base.png,/home/ubuntu/scratch/sr-diffusion/benchmarks/div2k/DIV2K_valid_HR/0808.png,/home/ubuntu/scratch/sr-diffusion/benchmarks/div2k/DIV2K_valid_LR_bicubic/X4/0808x4.png,27.99227122027054,26.606117122306276,0.8223247653080391,0.7977749677682976
DIV2K,0808,bridge_v2,/home/ubuntu/scratch/sr-diffusion/benchmark_outputs/stage2_robustness_bridge_v2_best1000/DIV2K/0808/base.png,/home/ubuntu/scratch/sr-diffusion/benchmarks/div2k/DIV2K_valid_HR/0808.png,/home/ubuntu/scratch/sr-diffusion/benchmarks/div2k/DIV2K_valid_LR_bicubic/X4/0808x4.png,28.000950155945986,26.612322493438967,0.8222288961755428,0.7976666059738574
DIV2K,0809,bicubic,generated:matlab_bicubic_resize,/home/ubuntu/scratch/sr-diffusion/benchmarks/div2k/DIV2K_valid_HR/0809.png,/home/ubuntu/scratch/sr-diffusion/benchmarks/div2k/DIV2K_valid_LR_bicubic/X4/0809x4.png,31.979711733414675,30.476746211697915,0.8339541006473665,0.8102264604946058
DIV2K,0809,v3,/home/ubuntu/scratch/sr-diffusion/benchmark_outputs/stage2_bicubic_generalization_v3_best11500/DIV2K/0809/base.png,/home/ubuntu/scratch/sr-diffusion/benchmarks/div2k/DIV2K_valid_HR/0809.png,/home/ubuntu/scratch/sr-diffusion/benchmarks/div2k/DIV2K_valid_LR_bicubic/X4/0809x4.png,33.580773076115086,32.0601392771281,0.8779663353786983,0.8595086081300339
DIV2K,0809,bridge_v2,/home/ubuntu/scratch/sr-diffusion/benchmark_outputs/stage2_robustness_bridge_v2_best1000/DIV2K/0809/base.png,/home/ubuntu/scratch/sr-diffusion/benchmarks/div2k/DIV2K_valid_HR/0809.png,/home/ubuntu/scratch/sr-diffusion/benchmarks/div2k/DIV2K_valid_LR_bicubic/X4/0809x4.png,33.45300731308315,31.920551408369654,0.8786799924216449,0.8604570889800401
DIV2K,0810,bicubic,generated:matlab_bicubic_resize,/home/ubuntu/scratch/sr-diffusion/benchmarks/div2k/DIV2K_valid_HR/0810.png,/home/ubuntu/scratch/sr-diffusion/benchmarks/div2k/DIV2K_valid_LR_bicubic/X4/0810x4.png,26.972769027906978,25.796789610372734,0.7466473508560989,0.7213247871108165
DIV2K,0810,v3,/home/ubuntu/scratch/sr-diffusion/benchmark_outputs/stage2_bicubic_generalization_v3_best11500/DIV2K/0810/base.png,/home/ubuntu/scratch/sr-diffusion/benchmarks/div2k/DIV2K_valid_HR/0810.png,/home/ubuntu/scratch/sr-diffusion/benchmarks/div2k/DIV2K_valid_LR_bicubic/X4/0810x4.png,27.784638729422664,26.558375014247055,0.8005598765844911,0.7777042679080974
DIV2K,0810,bridge_v2,/home/ubuntu/scratch/sr-diffusion/benchmark_outputs/stage2_robustness_bridge_v2_best1000/DIV2K/0810/base.png,/home/ubuntu/scratch/sr-diffusion/benchmarks/div2k/DIV2K_valid_HR/0810.png,/home/ubuntu/scratch/sr-diffusion/benchmarks/div2k/DIV2K_valid_LR_bicubic/X4/0810x4.png,27.691821477119653,26.462894149133803,0.8035723057493537,0.7809991368246022
DIV2K,0811,bicubic,generated:matlab_bicubic_resize,/home/ubuntu/scratch/sr-diffusion/benchmarks/div2k/DIV2K_valid_HR/0811.png,/home/ubuntu/scratch/sr-diffusion/benchmarks/div2k/DIV2K_valid_LR_bicubic/X4/0811x4.png,29.0753367233034,27.98478754284604,0.7580004037871899,0.7345698550763305
DIV2K,0811,v3,/home/ubuntu/scratch/sr-diffusion/benchmark_outputs/stage2_bicubic_generalization_v3_best11500/DIV2K/0811/base.png,/home/ubuntu/scratch/sr-diffusion/benchmarks/div2k/DIV2K_valid_HR/0811.png,/home/ubuntu/scratch/sr-diffusion/benchmarks/div2k/DIV2K_valid_LR_bicubic/X4/0811x4.png,30.08321225720922,28.956680313875587,0.8075502741698452,0.7848492519148627
DIV2K,0811,bridge_v2,/home/ubuntu/scratch/sr-diffusion/benchmark_outputs/stage2_robustness_bridge_v2_best1000/DIV2K/0811/base.png,/home/ubuntu/scratch/sr-diffusion/benchmarks/div2k/DIV2K_valid_HR/0811.png,/home/ubuntu/scratch/sr-diffusion/benchmarks/div2k/DIV2K_valid_LR_bicubic/X4/0811x4.png,29.966513421096955,28.83286808700874,0.8092400968331525,0.7864681419469548
DIV2K,0812,bicubic,generated:matlab_bicubic_resize,/home/ubuntu/scratch/sr-diffusion/benchmarks/div2k/DIV2K_valid_HR/0812.png,/home/ubuntu/scratch/sr-diffusion/benchmarks/div2k/DIV2K_valid_LR_bicubic/X4/0812x4.png,26.850286416339078,25.614347536681812,0.7550489673518418,0.735071034052012
DIV2K,0812,v3,/home/ubuntu/scratch/sr-diffusion/benchmark_outputs/stage2_bicubic_generalization_v3_best11500/DIV2K/0812/base.png,/home/ubuntu/scratch/sr-diffusion/benchmarks/div2k/DIV2K_valid_HR/0812.png,/home/ubuntu/scratch/sr-diffusion/benchmarks/div2k/DIV2K_valid_LR_bicubic/X4/0812x4.png,28.851574969960893,27.622999986559883,0.8225700081744425,0.8057941466057302
DIV2K,0812,bridge_v2,/home/ubuntu/scratch/sr-diffusion/benchmark_outputs/stage2_robustness_bridge_v2_best1000/DIV2K/0812/base.png,/home/ubuntu/scratch/sr-diffusion/benchmarks/div2k/DIV2K_valid_HR/0812.png,/home/ubuntu/scratch/sr-diffusion/benchmarks/div2k/DIV2K_valid_LR_bicubic/X4/0812x4.png,28.843310129318628,27.61176290184876,0.8239320752437913,0.8072138451835845
DIV2K,0813,bicubic,generated:matlab_bicubic_resize,/home/ubuntu/scratch/sr-diffusion/benchmarks/div2k/DIV2K_valid_HR/0813.png,/home/ubuntu/scratch/sr-diffusion/benchmarks/div2k/DIV2K_valid_LR_bicubic/X4/0813x4.png,30.20637705153463,28.822028775596156,0.8579755667057617,0.8334216255418824
DIV2K,0813,v3,/home/ubuntu/scratch/sr-diffusion/benchmark_outputs/stage2_bicubic_generalization_v3_best11500/DIV2K/0813/base.png,/home/ubuntu/scratch/sr-diffusion/benchmarks/div2k/DIV2K_valid_HR/0813.png,/home/ubuntu/scratch/sr-diffusion/benchmarks/div2k/DIV2K_valid_LR_bicubic/X4/0813x4.png,32.66611452099714,31.22091052471392,0.8976855199714129,0.87528420126905
DIV2K,0813,bridge_v2,/home/ubuntu/scratch/sr-diffusion/benchmark_outputs/stage2_robustness_bridge_v2_best1000/DIV2K/0813/base.png,/home/ubuntu/scratch/sr-diffusion/benchmarks/div2k/DIV2K_valid_HR/0813.png,/home/ubuntu/scratch/sr-diffusion/benchmarks/div2k/DIV2K_valid_LR_bicubic/X4/0813x4.png,32.6281578623596,31.178359433957688,0.8977705345922945,0.8753234393366504
DIV2K,0814,bicubic,generated:matlab_bicubic_resize,/home/ubuntu/scratch/sr-diffusion/benchmarks/div2k/DIV2K_valid_HR/0814.png,/home/ubuntu/scratch/sr-diffusion/benchmarks/div2k/DIV2K_valid_LR_bicubic/X4/0814x4.png,27.949684886370715,26.554310588486246,0.8735567824279529,0.8599674429816595
DIV2K,0814,v3,/home/ubuntu/scratch/sr-diffusion/benchmark_outputs/stage2_bicubic_generalization_v3_best11500/DIV2K/0814/base.png,/home/ubuntu/scratch/sr-diffusion/benchmarks/div2k/DIV2K_valid_HR/0814.png,/home/ubuntu/scratch/sr-diffusion/benchmarks/div2k/DIV2K_valid_LR_bicubic/X4/0814x4.png,29.35154408977299,27.91700917475099,0.905339412278044,0.8928614080979839
DIV2K,0814,bridge_v2,/home/ubuntu/scratch/sr-diffusion/benchmark_outputs/stage2_robustness_bridge_v2_best1000/DIV2K/0814/base.png,/home/ubuntu/scratch/sr-diffusion/benchmarks/div2k/DIV2K_valid_HR/0814.png,/home/ubuntu/scratch/sr-diffusion/benchmarks/div2k/DIV2K_valid_LR_bicubic/X4/0814x4.png,29.336999910871,27.90217822683809,0.905457233732425,0.8928196259748534
DIV2K,0815,bicubic,generated:matlab_bicubic_resize,/home/ubuntu/scratch/sr-diffusion/benchmarks/div2k/DIV2K_valid_HR/0815.png,/home/ubuntu/scratch/sr-diffusion/benchmarks/div2k/DIV2K_valid_LR_bicubic/X4/0815x4.png,33.81687062488898,31.655587982723944,0.9121340016665614,0.8905805053574912
DIV2K,0815,v3,/home/ubuntu/scratch/sr-diffusion/benchmark_outputs/stage2_bicubic_generalization_v3_best11500/DIV2K/0815/base.png,/home/ubuntu/scratch/sr-diffusion/benchmarks/div2k/DIV2K_valid_HR/0815.png,/home/ubuntu/scratch/sr-diffusion/benchmarks/div2k/DIV2K_valid_LR_bicubic/X4/0815x4.png,36.04434001264763,33.71961581330064,0.9333096319809676,0.9140972914751315
DIV2K,0815,bridge_v2,/home/ubuntu/scratch/sr-diffusion/benchmark_outputs/stage2_robustness_bridge_v2_best1000/DIV2K/0815/base.png,/home/ubuntu/scratch/sr-diffusion/benchmarks/div2k/DIV2K_valid_HR/0815.png,/home/ubuntu/scratch/sr-diffusion/benchmarks/div2k/DIV2K_valid_LR_bicubic/X4/0815x4.png,36.02025923777282,33.69577300236715,0.933423638692317,0.9142308565244978
DIV2K,0816,bicubic,generated:matlab_bicubic_resize,/home/ubuntu/scratch/sr-diffusion/benchmarks/div2k/DIV2K_valid_HR/0816.png,/home/ubuntu/scratch/sr-diffusion/benchmarks/div2k/DIV2K_valid_LR_bicubic/X4/0816x4.png,31.00305407963418,29.697207748413625,0.8159233707727152,0.7912232439913568
DIV2K,0816,v3,/home/ubuntu/scratch/sr-diffusion/benchmark_outputs/stage2_bicubic_generalization_v3_best11500/DIV2K/0816/base.png,/home/ubuntu/scratch/sr-diffusion/benchmarks/div2k/DIV2K_valid_HR/0816.png,/home/ubuntu/scratch/sr-diffusion/benchmarks/div2k/DIV2K_valid_LR_bicubic/X4/0816x4.png,32.893232073379856,31.561562879002256,0.85901032228438,0.8380068715215723
DIV2K,0816,bridge_v2,/home/ubuntu/scratch/sr-diffusion/benchmark_outputs/stage2_robustness_bridge_v2_best1000/DIV2K/0816/base.png,/home/ubuntu/scratch/sr-diffusion/benchmarks/div2k/DIV2K_valid_HR/0816.png,/home/ubuntu/scratch/sr-diffusion/benchmarks/div2k/DIV2K_valid_LR_bicubic/X4/0816x4.png,32.881244470659674,31.5464275084014,0.8596319335005034,0.8387204793088422
DIV2K,0817,bicubic,generated:matlab_bicubic_resize,/home/ubuntu/scratch/sr-diffusion/benchmarks/div2k/DIV2K_valid_HR/0817.png,/home/ubuntu/scratch/sr-diffusion/benchmarks/div2k/DIV2K_valid_LR_bicubic/X4/0817x4.png,31.788819354848957,29.948732829223555,0.8670286157101559,0.8460299578435024
DIV2K,0817,v3,/home/ubuntu/scratch/sr-diffusion/benchmark_outputs/stage2_bicubic_generalization_v3_best11500/DIV2K/0817/base.png,/home/ubuntu/scratch/sr-diffusion/benchmarks/div2k/DIV2K_valid_HR/0817.png,/home/ubuntu/scratch/sr-diffusion/benchmarks/div2k/DIV2K_valid_LR_bicubic/X4/0817x4.png,33.591527504427546,31.827233061200324,0.8993977542370801,0.8796559877940301
DIV2K,0817,bridge_v2,/home/ubuntu/scratch/sr-diffusion/benchmark_outputs/stage2_robustness_bridge_v2_best1000/DIV2K/0817/base.png,/home/ubuntu/scratch/sr-diffusion/benchmarks/div2k/DIV2K_valid_HR/0817.png,/home/ubuntu/scratch/sr-diffusion/benchmarks/div2k/DIV2K_valid_LR_bicubic/X4/0817x4.png,33.50636486615378,31.72851579029217,0.8998377672007036,0.8800177257418212
DIV2K,0818,bicubic,generated:matlab_bicubic_resize,/home/ubuntu/scratch/sr-diffusion/benchmarks/div2k/DIV2K_valid_HR/0818.png,/home/ubuntu/scratch/sr-diffusion/benchmarks/div2k/DIV2K_valid_LR_bicubic/X4/0818x4.png,27.844286231432886,26.551832777424465,0.8601930564322972,0.8465231602733815
DIV2K,0818,v3,/home/ubuntu/scratch/sr-diffusion/benchmark_outputs/stage2_bicubic_generalization_v3_best11500/DIV2K/0818/base.png,/home/ubuntu/scratch/sr-diffusion/benchmarks/div2k/DIV2K_valid_HR/0818.png,/home/ubuntu/scratch/sr-diffusion/benchmarks/div2k/DIV2K_valid_LR_bicubic/X4/0818x4.png,29.937524010917915,28.582859255279693,0.9072356040854658,0.8934184971254346
DIV2K,0818,bridge_v2,/home/ubuntu/scratch/sr-diffusion/benchmark_outputs/stage2_robustness_bridge_v2_best1000/DIV2K/0818/base.png,/home/ubuntu/scratch/sr-diffusion/benchmarks/div2k/DIV2K_valid_HR/0818.png,/home/ubuntu/scratch/sr-diffusion/benchmarks/div2k/DIV2K_valid_LR_bicubic/X4/0818x4.png,29.938341509582695,28.570848785897155,0.907688326584255,0.8936254997670132
DIV2K,0819,bicubic,generated:matlab_bicubic_resize,/home/ubuntu/scratch/sr-diffusion/benchmarks/div2k/DIV2K_valid_HR/0819.png,/home/ubuntu/scratch/sr-diffusion/benchmarks/div2k/DIV2K_valid_LR_bicubic/X4/0819x4.png,27.95957605572735,26.37853157446488,0.7707426840006759,0.74507536082521
DIV2K,0819,v3,/home/ubuntu/scratch/sr-diffusion/benchmark_outputs/stage2_bicubic_generalization_v3_best11500/DIV2K/0819/base.png,/home/ubuntu/scratch/sr-diffusion/benchmarks/div2k/DIV2K_valid_HR/0819.png,/home/ubuntu/scratch/sr-diffusion/benchmarks/div2k/DIV2K_valid_LR_bicubic/X4/0819x4.png,29.386293431950183,27.7665282339671,0.8341552494077318,0.8140684525689288
DIV2K,0819,bridge_v2,/home/ubuntu/scratch/sr-diffusion/benchmark_outputs/stage2_robustness_bridge_v2_best1000/DIV2K/0819/base.png,/home/ubuntu/scratch/sr-diffusion/benchmarks/div2k/DIV2K_valid_HR/0819.png,/home/ubuntu/scratch/sr-diffusion/benchmarks/div2k/DIV2K_valid_LR_bicubic/X4/0819x4.png,29.36537250232185,27.744051650190936,0.8355359503523503,0.8156129018008523
DIV2K,0820,bicubic,generated:matlab_bicubic_resize,/home/ubuntu/scratch/sr-diffusion/benchmarks/div2k/DIV2K_valid_HR/0820.png,/home/ubuntu/scratch/sr-diffusion/benchmarks/div2k/DIV2K_valid_LR_bicubic/X4/0820x4.png,23.010632059767715,21.617918585228594,0.6890144914993952,0.6675543918039016
DIV2K,0820,v3,/home/ubuntu/scratch/sr-diffusion/benchmark_outputs/stage2_bicubic_generalization_v3_best11500/DIV2K/0820/base.png,/home/ubuntu/scratch/sr-diffusion/benchmarks/div2k/DIV2K_valid_HR/0820.png,/home/ubuntu/scratch/sr-diffusion/benchmarks/div2k/DIV2K_valid_LR_bicubic/X4/0820x4.png,25.87118048398963,24.470673124010467,0.8138352924860524,0.7986661760513684
DIV2K,0820,bridge_v2,/home/ubuntu/scratch/sr-diffusion/benchmark_outputs/stage2_robustness_bridge_v2_best1000/DIV2K/0820/base.png,/home/ubuntu/scratch/sr-diffusion/benchmarks/div2k/DIV2K_valid_HR/0820.png,/home/ubuntu/scratch/sr-diffusion/benchmarks/div2k/DIV2K_valid_LR_bicubic/X4/0820x4.png,25.81478340729074,24.415148653424264,0.8135428690684966,0.7983761813386346
DIV2K,0821,bicubic,generated:matlab_bicubic_resize,/home/ubuntu/scratch/sr-diffusion/benchmarks/div2k/DIV2K_valid_HR/0821.png,/home/ubuntu/scratch/sr-diffusion/benchmarks/div2k/DIV2K_valid_LR_bicubic/X4/0821x4.png,26.450391489233557,25.171369469536856,0.8393145324076938,0.8098951567637608
DIV2K,0821,v3,/home/ubuntu/scratch/sr-diffusion/benchmark_outputs/stage2_bicubic_generalization_v3_best11500/DIV2K/0821/base.png,/home/ubuntu/scratch/sr-diffusion/benchmarks/div2k/DIV2K_valid_HR/0821.png,/home/ubuntu/scratch/sr-diffusion/benchmarks/div2k/DIV2K_valid_LR_bicubic/X4/0821x4.png,33.108124278358304,31.724365248304306,0.9355387171669474,0.918536140476534
DIV2K,0821,bridge_v2,/home/ubuntu/scratch/sr-diffusion/benchmark_outputs/stage2_robustness_bridge_v2_best1000/DIV2K/0821/base.png,/home/ubuntu/scratch/sr-diffusion/benchmarks/div2k/DIV2K_valid_HR/0821.png,/home/ubuntu/scratch/sr-diffusion/benchmarks/div2k/DIV2K_valid_LR_bicubic/X4/0821x4.png,33.08674687316513,31.681738549880162,0.9351345720113572,0.9184752631760347
DIV2K,0822,bicubic,generated:matlab_bicubic_resize,/home/ubuntu/scratch/sr-diffusion/benchmarks/div2k/DIV2K_valid_HR/0822.png,/home/ubuntu/scratch/sr-diffusion/benchmarks/div2k/DIV2K_valid_LR_bicubic/X4/0822x4.png,29.28314948991222,27.977955435337556,0.8080404432984737,0.7837239224104194
DIV2K,0822,v3,/home/ubuntu/scratch/sr-diffusion/benchmark_outputs/stage2_bicubic_generalization_v3_best11500/DIV2K/0822/base.png,/home/ubuntu/scratch/sr-diffusion/benchmarks/div2k/DIV2K_valid_HR/0822.png,/home/ubuntu/scratch/sr-diffusion/benchmarks/div2k/DIV2K_valid_LR_bicubic/X4/0822x4.png,31.915841619974827,30.451577912956125,0.8822104654845905,0.8621444860275798
DIV2K,0822,bridge_v2,/home/ubuntu/scratch/sr-diffusion/benchmark_outputs/stage2_robustness_bridge_v2_best1000/DIV2K/0822/base.png,/home/ubuntu/scratch/sr-diffusion/benchmarks/div2k/DIV2K_valid_HR/0822.png,/home/ubuntu/scratch/sr-diffusion/benchmarks/div2k/DIV2K_valid_LR_bicubic/X4/0822x4.png,31.89900716567198,30.429221293077234,0.8832654321080156,0.863345591073006
DIV2K,0823,bicubic,generated:matlab_bicubic_resize,/home/ubuntu/scratch/sr-diffusion/benchmarks/div2k/DIV2K_valid_HR/0823.png,/home/ubuntu/scratch/sr-diffusion/benchmarks/div2k/DIV2K_valid_LR_bicubic/X4/0823x4.png,25.70637388528983,24.375875469953723,0.7705294852763311,0.7505081697702325
DIV2K,0823,v3,/home/ubuntu/scratch/sr-diffusion/benchmark_outputs/stage2_bicubic_generalization_v3_best11500/DIV2K/0823/base.png,/home/ubuntu/scratch/sr-diffusion/benchmarks/div2k/DIV2K_valid_HR/0823.png,/home/ubuntu/scratch/sr-diffusion/benchmarks/div2k/DIV2K_valid_LR_bicubic/X4/0823x4.png,27.115638007075074,25.77249866372478,0.8294641232548837,0.8094071212947829
DIV2K,0823,bridge_v2,/home/ubuntu/scratch/sr-diffusion/benchmark_outputs/stage2_robustness_bridge_v2_best1000/DIV2K/0823/base.png,/home/ubuntu/scratch/sr-diffusion/benchmarks/div2k/DIV2K_valid_HR/0823.png,/home/ubuntu/scratch/sr-diffusion/benchmarks/div2k/DIV2K_valid_LR_bicubic/X4/0823x4.png,27.10401293874763,25.758865390144315,0.8292511413912632,0.808938408130882
DIV2K,0824,bicubic,generated:matlab_bicubic_resize,/home/ubuntu/scratch/sr-diffusion/benchmarks/div2k/DIV2K_valid_HR/0824.png,/home/ubuntu/scratch/sr-diffusion/benchmarks/div2k/DIV2K_valid_LR_bicubic/X4/0824x4.png,26.72851404137316,25.337210146303015,0.8438952770081909,0.8293048289258164
DIV2K,0824,v3,/home/ubuntu/scratch/sr-diffusion/benchmark_outputs/stage2_bicubic_generalization_v3_best11500/DIV2K/0824/base.png,/home/ubuntu/scratch/sr-diffusion/benchmarks/div2k/DIV2K_valid_HR/0824.png,/home/ubuntu/scratch/sr-diffusion/benchmarks/div2k/DIV2K_valid_LR_bicubic/X4/0824x4.png,29.603698081159664,28.170790652847664,0.8994869251902375,0.8870304834817554
DIV2K,0824,bridge_v2,/home/ubuntu/scratch/sr-diffusion/benchmark_outputs/stage2_robustness_bridge_v2_best1000/DIV2K/0824/base.png,/home/ubuntu/scratch/sr-diffusion/benchmarks/div2k/DIV2K_valid_HR/0824.png,/home/ubuntu/scratch/sr-diffusion/benchmarks/div2k/DIV2K_valid_LR_bicubic/X4/0824x4.png,29.60007490903778,28.16540295580648,0.8996617033833865,0.8872044380933123
DIV2K,0825,bicubic,generated:matlab_bicubic_resize,/home/ubuntu/scratch/sr-diffusion/benchmarks/div2k/DIV2K_valid_HR/0825.png,/home/ubuntu/scratch/sr-diffusion/benchmarks/div2k/DIV2K_valid_LR_bicubic/X4/0825x4.png,26.15678238943612,24.751175199099258,0.7552285909923018,0.7327109414742417
DIV2K,0825,v3,/home/ubuntu/scratch/sr-diffusion/benchmark_outputs/stage2_bicubic_generalization_v3_best11500/DIV2K/0825/base.png,/home/ubuntu/scratch/sr-diffusion/benchmarks/div2k/DIV2K_valid_HR/0825.png,/home/ubuntu/scratch/sr-diffusion/benchmarks/div2k/DIV2K_valid_LR_bicubic/X4/0825x4.png,28.618158693217577,27.206404887346846,0.8354892304664314,0.8170618223072391
DIV2K,0825,bridge_v2,/home/ubuntu/scratch/sr-diffusion/benchmark_outputs/stage2_robustness_bridge_v2_best1000/DIV2K/0825/base.png,/home/ubuntu/scratch/sr-diffusion/benchmarks/div2k/DIV2K_valid_HR/0825.png,/home/ubuntu/scratch/sr-diffusion/benchmarks/div2k/DIV2K_valid_LR_bicubic/X4/0825x4.png,28.605396807930784,27.192174512552448,0.8353501229215368,0.8169190400610812
DIV2K,0826,bicubic,generated:matlab_bicubic_resize,/home/ubuntu/scratch/sr-diffusion/benchmarks/div2k/DIV2K_valid_HR/0826.png,/home/ubuntu/scratch/sr-diffusion/benchmarks/div2k/DIV2K_valid_LR_bicubic/X4/0826x4.png,24.16530630140638,22.943933081945463,0.7035666673474312,0.6855092764438577
DIV2K,0826,v3,/home/ubuntu/scratch/sr-diffusion/benchmark_outputs/stage2_bicubic_generalization_v3_best11500/DIV2K/0826/base.png,/home/ubuntu/scratch/sr-diffusion/benchmarks/div2k/DIV2K_valid_HR/0826.png,/home/ubuntu/scratch/sr-diffusion/benchmarks/div2k/DIV2K_valid_LR_bicubic/X4/0826x4.png,25.30447150885265,24.071950897829915,0.7734023745417364,0.7562775483515898
DIV2K,0826,bridge_v2,/home/ubuntu/scratch/sr-diffusion/benchmark_outputs/stage2_robustness_bridge_v2_best1000/DIV2K/0826/base.png,/home/ubuntu/scratch/sr-diffusion/benchmarks/div2k/DIV2K_valid_HR/0826.png,/home/ubuntu/scratch/sr-diffusion/benchmarks/div2k/DIV2K_valid_LR_bicubic/X4/0826x4.png,25.3063546444702,24.071757890390423,0.7734228145207356,0.7563432318255542
DIV2K,0827,bicubic,generated:matlab_bicubic_resize,/home/ubuntu/scratch/sr-diffusion/benchmarks/div2k/DIV2K_valid_HR/0827.png,/home/ubuntu/scratch/sr-diffusion/benchmarks/div2k/DIV2K_valid_LR_bicubic/X4/0827x4.png,31.854097550119796,30.49099731700653,0.8712306061707175,0.8465892177779093
DIV2K,0827,v3,/home/ubuntu/scratch/sr-diffusion/benchmark_outputs/stage2_bicubic_generalization_v3_best11500/DIV2K/0827/base.png,/home/ubuntu/scratch/sr-diffusion/benchmarks/div2k/DIV2K_valid_HR/0827.png,/home/ubuntu/scratch/sr-diffusion/benchmarks/div2k/DIV2K_valid_LR_bicubic/X4/0827x4.png,34.65447095138218,33.25401303417402,0.9029067654312969,0.8814098950634901
DIV2K,0827,bridge_v2,/home/ubuntu/scratch/sr-diffusion/benchmark_outputs/stage2_robustness_bridge_v2_best1000/DIV2K/0827/base.png,/home/ubuntu/scratch/sr-diffusion/benchmarks/div2k/DIV2K_valid_HR/0827.png,/home/ubuntu/scratch/sr-diffusion/benchmarks/div2k/DIV2K_valid_LR_bicubic/X4/0827x4.png,34.61367317241441,33.20791972399236,0.9025452460155299,0.8810093538768285
DIV2K,0828,bicubic,generated:matlab_bicubic_resize,/home/ubuntu/scratch/sr-diffusion/benchmarks/div2k/DIV2K_valid_HR/0828.png,/home/ubuntu/scratch/sr-diffusion/benchmarks/div2k/DIV2K_valid_LR_bicubic/X4/0828x4.png,17.39569011692606,16.453211649848477,0.6771524769222559,0.6455010307601051
DIV2K,0828,v3,/home/ubuntu/scratch/sr-diffusion/benchmark_outputs/stage2_bicubic_generalization_v3_best11500/DIV2K/0828/base.png,/home/ubuntu/scratch/sr-diffusion/benchmarks/div2k/DIV2K_valid_HR/0828.png,/home/ubuntu/scratch/sr-diffusion/benchmarks/div2k/DIV2K_valid_LR_bicubic/X4/0828x4.png,20.91416056702869,19.85216201894786,0.8851648383878502,0.8407169292082757
DIV2K,0828,bridge_v2,/home/ubuntu/scratch/sr-diffusion/benchmark_outputs/stage2_robustness_bridge_v2_best1000/DIV2K/0828/base.png,/home/ubuntu/scratch/sr-diffusion/benchmarks/div2k/DIV2K_valid_HR/0828.png,/home/ubuntu/scratch/sr-diffusion/benchmarks/div2k/DIV2K_valid_LR_bicubic/X4/0828x4.png,20.8806753886686,19.82266206544258,0.8841667524707016,0.8397520129600538
DIV2K,0829,bicubic,generated:matlab_bicubic_resize,/home/ubuntu/scratch/sr-diffusion/benchmarks/div2k/DIV2K_valid_HR/0829.png,/home/ubuntu/scratch/sr-diffusion/benchmarks/div2k/DIV2K_valid_LR_bicubic/X4/0829x4.png,27.25706643294403,25.9539061447768,0.5485463858688163,0.4987054141568446
DIV2K,0829,v3,/home/ubuntu/scratch/sr-diffusion/benchmark_outputs/stage2_bicubic_generalization_v3_best11500/DIV2K/0829/base.png,/home/ubuntu/scratch/sr-diffusion/benchmarks/div2k/DIV2K_valid_HR/0829.png,/home/ubuntu/scratch/sr-diffusion/benchmarks/div2k/DIV2K_valid_LR_bicubic/X4/0829x4.png,27.851065373594366,26.536925368134128,0.5794011388840021,0.533041219151363
DIV2K,0829,bridge_v2,/home/ubuntu/scratch/sr-diffusion/benchmark_outputs/stage2_robustness_bridge_v2_best1000/DIV2K/0829/base.png,/home/ubuntu/scratch/sr-diffusion/benchmarks/div2k/DIV2K_valid_HR/0829.png,/home/ubuntu/scratch/sr-diffusion/benchmarks/div2k/DIV2K_valid_LR_bicubic/X4/0829x4.png,27.851492374684803,26.535274518632768,0.5796763977524271,0.5331328551654505
DIV2K,0830,bicubic,generated:matlab_bicubic_resize,/home/ubuntu/scratch/sr-diffusion/benchmarks/div2k/DIV2K_valid_HR/0830.png,/home/ubuntu/scratch/sr-diffusion/benchmarks/div2k/DIV2K_valid_LR_bicubic/X4/0830x4.png,25.12575267992629,23.568442634928097,0.6954199430784254,0.6675536021751868
DIV2K,0830,v3,/home/ubuntu/scratch/sr-diffusion/benchmark_outputs/stage2_bicubic_generalization_v3_best11500/DIV2K/0830/base.png,/home/ubuntu/scratch/sr-diffusion/benchmarks/div2k/DIV2K_valid_HR/0830.png,/home/ubuntu/scratch/sr-diffusion/benchmarks/div2k/DIV2K_valid_LR_bicubic/X4/0830x4.png,25.860414997365474,24.301571315876313,0.7463132922416702,0.7214014800034444
DIV2K,0830,bridge_v2,/home/ubuntu/scratch/sr-diffusion/benchmark_outputs/stage2_robustness_bridge_v2_best1000/DIV2K/0830/base.png,/home/ubuntu/scratch/sr-diffusion/benchmarks/div2k/DIV2K_valid_HR/0830.png,/home/ubuntu/scratch/sr-diffusion/benchmarks/div2k/DIV2K_valid_LR_bicubic/X4/0830x4.png,25.853759365784885,24.29471912980056,0.7463622615125581,0.7214480046806955
DIV2K,0831,bicubic,generated:matlab_bicubic_resize,/home/ubuntu/scratch/sr-diffusion/benchmarks/div2k/DIV2K_valid_HR/0831.png,/home/ubuntu/scratch/sr-diffusion/benchmarks/div2k/DIV2K_valid_LR_bicubic/X4/0831x4.png,28.14138461458141,26.779227016435524,0.8105542933049013,0.7894537114438371
DIV2K,0831,v3,/home/ubuntu/scratch/sr-diffusion/benchmark_outputs/stage2_bicubic_generalization_v3_best11500/DIV2K/0831/base.png,/home/ubuntu/scratch/sr-diffusion/benchmarks/div2k/DIV2K_valid_HR/0831.png,/home/ubuntu/scratch/sr-diffusion/benchmarks/div2k/DIV2K_valid_LR_bicubic/X4/0831x4.png,31.387607131522174,30.002128817333016,0.8872315767555562,0.8704969300625421
DIV2K,0831,bridge_v2,/home/ubuntu/scratch/sr-diffusion/benchmark_outputs/stage2_robustness_bridge_v2_best1000/DIV2K/0831/base.png,/home/ubuntu/scratch/sr-diffusion/benchmarks/div2k/DIV2K_valid_HR/0831.png,/home/ubuntu/scratch/sr-diffusion/benchmarks/div2k/DIV2K_valid_LR_bicubic/X4/0831x4.png,31.392712303554624,30.00663973807189,0.8871674662305681,0.8704827582615736
DIV2K,0832,bicubic,generated:matlab_bicubic_resize,/home/ubuntu/scratch/sr-diffusion/benchmarks/div2k/DIV2K_valid_HR/0832.png,/home/ubuntu/scratch/sr-diffusion/benchmarks/div2k/DIV2K_valid_LR_bicubic/X4/0832x4.png,29.225716614587753,27.53608584787915,0.8403021315318532,0.8141462926715027
DIV2K,0832,v3,/home/ubuntu/scratch/sr-diffusion/benchmark_outputs/stage2_bicubic_generalization_v3_best11500/DIV2K/0832/base.png,/home/ubuntu/scratch/sr-diffusion/benchmarks/div2k/DIV2K_valid_HR/0832.png,/home/ubuntu/scratch/sr-diffusion/benchmarks/div2k/DIV2K_valid_LR_bicubic/X4/0832x4.png,31.967347671571883,30.24418328017285,0.8972518151288004,0.8765663108108311
DIV2K,0832,bridge_v2,/home/ubuntu/scratch/sr-diffusion/benchmark_outputs/stage2_robustness_bridge_v2_best1000/DIV2K/0832/base.png,/home/ubuntu/scratch/sr-diffusion/benchmarks/div2k/DIV2K_valid_HR/0832.png,/home/ubuntu/scratch/sr-diffusion/benchmarks/div2k/DIV2K_valid_LR_bicubic/X4/0832x4.png,31.848555758389523,30.13774065789879,0.8971777760860589,0.8766542224406132
DIV2K,0833,bicubic,generated:matlab_bicubic_resize,/home/ubuntu/scratch/sr-diffusion/benchmarks/div2k/DIV2K_valid_HR/0833.png,/home/ubuntu/scratch/sr-diffusion/benchmarks/div2k/DIV2K_valid_LR_bicubic/X4/0833x4.png,31.420016074736633,30.03113379165754,0.8908395280985896,0.8699477924596066
DIV2K,0833,v3,/home/ubuntu/scratch/sr-diffusion/benchmark_outputs/stage2_bicubic_generalization_v3_best11500/DIV2K/0833/base.png,/home/ubuntu/scratch/sr-diffusion/benchmarks/div2k/DIV2K_valid_HR/0833.png,/home/ubuntu/scratch/sr-diffusion/benchmarks/div2k/DIV2K_valid_LR_bicubic/X4/0833x4.png,35.3629303206076,33.877654521253675,0.9228878375688901,0.9034767093422457
DIV2K,0833,bridge_v2,/home/ubuntu/scratch/sr-diffusion/benchmark_outputs/stage2_robustness_bridge_v2_best1000/DIV2K/0833/base.png,/home/ubuntu/scratch/sr-diffusion/benchmarks/div2k/DIV2K_valid_HR/0833.png,/home/ubuntu/scratch/sr-diffusion/benchmarks/div2k/DIV2K_valid_LR_bicubic/X4/0833x4.png,35.38337919272229,33.882729331427164,0.922923812442008,0.903479763523909
DIV2K,0834,bicubic,generated:matlab_bicubic_resize,/home/ubuntu/scratch/sr-diffusion/benchmarks/div2k/DIV2K_valid_HR/0834.png,/home/ubuntu/scratch/sr-diffusion/benchmarks/div2k/DIV2K_valid_LR_bicubic/X4/0834x4.png,25.853368134297575,24.404115364539756,0.7409508668272855,0.7239628432851175
DIV2K,0834,v3,/home/ubuntu/scratch/sr-diffusion/benchmark_outputs/stage2_bicubic_generalization_v3_best11500/DIV2K/0834/base.png,/home/ubuntu/scratch/sr-diffusion/benchmarks/div2k/DIV2K_valid_HR/0834.png,/home/ubuntu/scratch/sr-diffusion/benchmarks/div2k/DIV2K_valid_LR_bicubic/X4/0834x4.png,26.704847987985293,25.242889705292523,0.79201740652098,0.7777657957803369
DIV2K,0834,bridge_v2,/home/ubuntu/scratch/sr-diffusion/benchmark_outputs/stage2_robustness_bridge_v2_best1000/DIV2K/0834/base.png,/home/ubuntu/scratch/sr-diffusion/benchmarks/div2k/DIV2K_valid_HR/0834.png,/home/ubuntu/scratch/sr-diffusion/benchmarks/div2k/DIV2K_valid_LR_bicubic/X4/0834x4.png,26.693305007935997,25.230637662229576,0.7922004975278761,0.7779759776659483
DIV2K,0835,bicubic,generated:matlab_bicubic_resize,/home/ubuntu/scratch/sr-diffusion/benchmarks/div2k/DIV2K_valid_HR/0835.png,/home/ubuntu/scratch/sr-diffusion/benchmarks/div2k/DIV2K_valid_LR_bicubic/X4/0835x4.png,23.55993075755734,22.176743757819565,0.5430498668158362,0.5164406757958061
DIV2K,0835,v3,/home/ubuntu/scratch/sr-diffusion/benchmark_outputs/stage2_bicubic_generalization_v3_best11500/DIV2K/0835/base.png,/home/ubuntu/scratch/sr-diffusion/benchmarks/div2k/DIV2K_valid_HR/0835.png,/home/ubuntu/scratch/sr-diffusion/benchmarks/div2k/DIV2K_valid_LR_bicubic/X4/0835x4.png,24.10089837664301,22.721720482054234,0.616393649044098,0.5946148798437055
DIV2K,0835,bridge_v2,/home/ubuntu/scratch/sr-diffusion/benchmark_outputs/stage2_robustness_bridge_v2_best1000/DIV2K/0835/base.png,/home/ubuntu/scratch/sr-diffusion/benchmarks/div2k/DIV2K_valid_HR/0835.png,/home/ubuntu/scratch/sr-diffusion/benchmarks/div2k/DIV2K_valid_LR_bicubic/X4/0835x4.png,24.068440596140263,22.684423269421075,0.6183301312606988,0.5968107428345755
DIV2K,0836,bicubic,generated:matlab_bicubic_resize,/home/ubuntu/scratch/sr-diffusion/benchmarks/div2k/DIV2K_valid_HR/0836.png,/home/ubuntu/scratch/sr-diffusion/benchmarks/div2k/DIV2K_valid_LR_bicubic/X4/0836x4.png,24.4980134752776,23.1812210281786,0.7195839126047728,0.6994364652809635
DIV2K,0836,v3,/home/ubuntu/scratch/sr-diffusion/benchmark_outputs/stage2_bicubic_generalization_v3_best11500/DIV2K/0836/base.png,/home/ubuntu/scratch/sr-diffusion/benchmarks/div2k/DIV2K_valid_HR/0836.png,/home/ubuntu/scratch/sr-diffusion/benchmarks/div2k/DIV2K_valid_LR_bicubic/X4/0836x4.png,27.047143226296157,25.71652482578611,0.8105997457893289,0.7921289085233033
DIV2K,0836,bridge_v2,/home/ubuntu/scratch/sr-diffusion/benchmark_outputs/stage2_robustness_bridge_v2_best1000/DIV2K/0836/base.png,/home/ubuntu/scratch/sr-diffusion/benchmarks/div2k/DIV2K_valid_HR/0836.png,/home/ubuntu/scratch/sr-diffusion/benchmarks/div2k/DIV2K_valid_LR_bicubic/X4/0836x4.png,27.03762728007363,25.704122981453793,0.8105426454154072,0.7918929711386845
DIV2K,0837,bicubic,generated:matlab_bicubic_resize,/home/ubuntu/scratch/sr-diffusion/benchmarks/div2k/DIV2K_valid_HR/0837.png,/home/ubuntu/scratch/sr-diffusion/benchmarks/div2k/DIV2K_valid_LR_bicubic/X4/0837x4.png,25.137499144603122,23.78504123299759,0.7444186636485949,0.7236731173617127
DIV2K,0837,v3,/home/ubuntu/scratch/sr-diffusion/benchmark_outputs/stage2_bicubic_generalization_v3_best11500/DIV2K/0837/base.png,/home/ubuntu/scratch/sr-diffusion/benchmarks/div2k/DIV2K_valid_HR/0837.png,/home/ubuntu/scratch/sr-diffusion/benchmarks/div2k/DIV2K_valid_LR_bicubic/X4/0837x4.png,27.40947375719805,26.038014850824492,0.8416559970011822,0.8265590648910018
DIV2K,0837,bridge_v2,/home/ubuntu/scratch/sr-diffusion/benchmark_outputs/stage2_robustness_bridge_v2_best1000/DIV2K/0837/base.png,/home/ubuntu/scratch/sr-diffusion/benchmarks/div2k/DIV2K_valid_HR/0837.png,/home/ubuntu/scratch/sr-diffusion/benchmarks/div2k/DIV2K_valid_LR_bicubic/X4/0837x4.png,27.407917277763865,26.035301430913474,0.8419356215228945,0.826900532250339
DIV2K,0838,bicubic,generated:matlab_bicubic_resize,/home/ubuntu/scratch/sr-diffusion/benchmarks/div2k/DIV2K_valid_HR/0838.png,/home/ubuntu/scratch/sr-diffusion/benchmarks/div2k/DIV2K_valid_LR_bicubic/X4/0838x4.png,38.58874061016144,36.91729655604777,0.9210635627316786,0.8966391753306858
DIV2K,0838,v3,/home/ubuntu/scratch/sr-diffusion/benchmark_outputs/stage2_bicubic_generalization_v3_best11500/DIV2K/0838/base.png,/home/ubuntu/scratch/sr-diffusion/benchmarks/div2k/DIV2K_valid_HR/0838.png,/home/ubuntu/scratch/sr-diffusion/benchmarks/div2k/DIV2K_valid_LR_bicubic/X4/0838x4.png,39.25906081990603,37.539564687906356,0.9282529353059527,0.9051217847074623
DIV2K,0838,bridge_v2,/home/ubuntu/scratch/sr-diffusion/benchmark_outputs/stage2_robustness_bridge_v2_best1000/DIV2K/0838/base.png,/home/ubuntu/scratch/sr-diffusion/benchmarks/div2k/DIV2K_valid_HR/0838.png,/home/ubuntu/scratch/sr-diffusion/benchmarks/div2k/DIV2K_valid_LR_bicubic/X4/0838x4.png,39.22341232023803,37.48217610338629,0.9282829726928097,0.9050378314874795
DIV2K,0839,bicubic,generated:matlab_bicubic_resize,/home/ubuntu/scratch/sr-diffusion/benchmarks/div2k/DIV2K_valid_HR/0839.png,/home/ubuntu/scratch/sr-diffusion/benchmarks/div2k/DIV2K_valid_LR_bicubic/X4/0839x4.png,29.444209110837612,28.14416322728757,0.8011187268899189,0.7846547790335422
DIV2K,0839,v3,/home/ubuntu/scratch/sr-diffusion/benchmark_outputs/stage2_bicubic_generalization_v3_best11500/DIV2K/0839/base.png,/home/ubuntu/scratch/sr-diffusion/benchmarks/div2k/DIV2K_valid_HR/0839.png,/home/ubuntu/scratch/sr-diffusion/benchmarks/div2k/DIV2K_valid_LR_bicubic/X4/0839x4.png,30.27004332376476,28.954022998788428,0.8340966559081802,0.7958724210841336
DIV2K,0839,bridge_v2,/home/ubuntu/scratch/sr-diffusion/benchmark_outputs/stage2_robustness_bridge_v2_best1000/DIV2K/0839/base.png,/home/ubuntu/scratch/sr-diffusion/benchmarks/div2k/DIV2K_valid_HR/0839.png,/home/ubuntu/scratch/sr-diffusion/benchmarks/div2k/DIV2K_valid_LR_bicubic/X4/0839x4.png,30.24141499826834,28.91894254862404,0.835171379210511,0.7964747305129118
DIV2K,0840,bicubic,generated:matlab_bicubic_resize,/home/ubuntu/scratch/sr-diffusion/benchmarks/div2k/DIV2K_valid_HR/0840.png,/home/ubuntu/scratch/sr-diffusion/benchmarks/div2k/DIV2K_valid_LR_bicubic/X4/0840x4.png,28.37692160995907,27.000884377212717,0.7777173188993565,0.7563137198922415
DIV2K,0840,v3,/home/ubuntu/scratch/sr-diffusion/benchmark_outputs/stage2_bicubic_generalization_v3_best11500/DIV2K/0840/base.png,/home/ubuntu/scratch/sr-diffusion/benchmarks/div2k/DIV2K_valid_HR/0840.png,/home/ubuntu/scratch/sr-diffusion/benchmarks/div2k/DIV2K_valid_LR_bicubic/X4/0840x4.png,29.678406821290466,28.294263461489027,0.8287227918918532,0.8117299382973192
DIV2K,0840,bridge_v2,/home/ubuntu/scratch/sr-diffusion/benchmark_outputs/stage2_robustness_bridge_v2_best1000/DIV2K/0840/base.png,/home/ubuntu/scratch/sr-diffusion/benchmarks/div2k/DIV2K_valid_HR/0840.png,/home/ubuntu/scratch/sr-diffusion/benchmarks/div2k/DIV2K_valid_LR_bicubic/X4/0840x4.png,29.668867940842595,28.280949080001754,0.8291357307179776,0.8121551346586228
DIV2K,0841,bicubic,generated:matlab_bicubic_resize,/home/ubuntu/scratch/sr-diffusion/benchmarks/div2k/DIV2K_valid_HR/0841.png,/home/ubuntu/scratch/sr-diffusion/benchmarks/div2k/DIV2K_valid_LR_bicubic/X4/0841x4.png,27.61888247768015,26.20629057688246,0.8119890574807829,0.7926534278558516
DIV2K,0841,v3,/home/ubuntu/scratch/sr-diffusion/benchmark_outputs/stage2_bicubic_generalization_v3_best11500/DIV2K/0841/base.png,/home/ubuntu/scratch/sr-diffusion/benchmarks/div2k/DIV2K_valid_HR/0841.png,/home/ubuntu/scratch/sr-diffusion/benchmarks/div2k/DIV2K_valid_LR_bicubic/X4/0841x4.png,29.240850866172803,27.827979616972293,0.8682815629094921,0.8515684482147231
DIV2K,0841,bridge_v2,/home/ubuntu/scratch/sr-diffusion/benchmark_outputs/stage2_robustness_bridge_v2_best1000/DIV2K/0841/base.png,/home/ubuntu/scratch/sr-diffusion/benchmarks/div2k/DIV2K_valid_HR/0841.png,/home/ubuntu/scratch/sr-diffusion/benchmarks/div2k/DIV2K_valid_LR_bicubic/X4/0841x4.png,29.226583793144584,27.81330712516166,0.8686906028004847,0.851992705356734
DIV2K,0842,bicubic,generated:matlab_bicubic_resize,/home/ubuntu/scratch/sr-diffusion/benchmarks/div2k/DIV2K_valid_HR/0842.png,/home/ubuntu/scratch/sr-diffusion/benchmarks/div2k/DIV2K_valid_LR_bicubic/X4/0842x4.png,29.58260866669736,28.35307873802314,0.8319339139489491,0.8162910929554587
DIV2K,0842,v3,/home/ubuntu/scratch/sr-diffusion/benchmark_outputs/stage2_bicubic_generalization_v3_best11500/DIV2K/0842/base.png,/home/ubuntu/scratch/sr-diffusion/benchmarks/div2k/DIV2K_valid_HR/0842.png,/home/ubuntu/scratch/sr-diffusion/benchmarks/div2k/DIV2K_valid_LR_bicubic/X4/0842x4.png,30.730575397209297,29.482444402257354,0.8642326243380313,0.8509004861488205
DIV2K,0842,bridge_v2,/home/ubuntu/scratch/sr-diffusion/benchmark_outputs/stage2_robustness_bridge_v2_best1000/DIV2K/0842/base.png,/home/ubuntu/scratch/sr-diffusion/benchmarks/div2k/DIV2K_valid_HR/0842.png,/home/ubuntu/scratch/sr-diffusion/benchmarks/div2k/DIV2K_valid_LR_bicubic/X4/0842x4.png,30.682952305602846,29.430552924963855,0.8653799048399144,0.8521890550373907
DIV2K,0843,bicubic,generated:matlab_bicubic_resize,/home/ubuntu/scratch/sr-diffusion/benchmarks/div2k/DIV2K_valid_HR/0843.png,/home/ubuntu/scratch/sr-diffusion/benchmarks/div2k/DIV2K_valid_LR_bicubic/X4/0843x4.png,38.79516168124559,37.04508902587868,0.9791280394714008,0.9715153376891975
DIV2K,0843,v3,/home/ubuntu/scratch/sr-diffusion/benchmark_outputs/stage2_bicubic_generalization_v3_best11500/DIV2K/0843/base.png,/home/ubuntu/scratch/sr-diffusion/benchmarks/div2k/DIV2K_valid_HR/0843.png,/home/ubuntu/scratch/sr-diffusion/benchmarks/div2k/DIV2K_valid_LR_bicubic/X4/0843x4.png,42.25638176649185,40.23844337366477,0.9841787583042557,0.9764426267883892
DIV2K,0843,bridge_v2,/home/ubuntu/scratch/sr-diffusion/benchmark_outputs/stage2_robustness_bridge_v2_best1000/DIV2K/0843/base.png,/home/ubuntu/scratch/sr-diffusion/benchmarks/div2k/DIV2K_valid_HR/0843.png,/home/ubuntu/scratch/sr-diffusion/benchmarks/div2k/DIV2K_valid_LR_bicubic/X4/0843x4.png,42.64544784018434,40.41521848416335,0.9845098492470301,0.9764994909326935
DIV2K,0844,bicubic,generated:matlab_bicubic_resize,/home/ubuntu/scratch/sr-diffusion/benchmarks/div2k/DIV2K_valid_HR/0844.png,/home/ubuntu/scratch/sr-diffusion/benchmarks/div2k/DIV2K_valid_LR_bicubic/X4/0844x4.png,39.984156546854365,37.93295091421095,0.9839795531714791,0.9769001107656626
DIV2K,0844,v3,/home/ubuntu/scratch/sr-diffusion/benchmark_outputs/stage2_bicubic_generalization_v3_best11500/DIV2K/0844/base.png,/home/ubuntu/scratch/sr-diffusion/benchmarks/div2k/DIV2K_valid_HR/0844.png,/home/ubuntu/scratch/sr-diffusion/benchmarks/div2k/DIV2K_valid_LR_bicubic/X4/0844x4.png,45.528367497076935,42.46684154009212,0.9904990572535979,0.9832986636585604
DIV2K,0844,bridge_v2,/home/ubuntu/scratch/sr-diffusion/benchmark_outputs/stage2_robustness_bridge_v2_best1000/DIV2K/0844/base.png,/home/ubuntu/scratch/sr-diffusion/benchmarks/div2k/DIV2K_valid_HR/0844.png,/home/ubuntu/scratch/sr-diffusion/benchmarks/div2k/DIV2K_valid_LR_bicubic/X4/0844x4.png,45.268511486933,42.20519725173183,0.9903703751627434,0.9831538370243851
DIV2K,0845,bicubic,generated:matlab_bicubic_resize,/home/ubuntu/scratch/sr-diffusion/benchmarks/div2k/DIV2K_valid_HR/0845.png,/home/ubuntu/scratch/sr-diffusion/benchmarks/div2k/DIV2K_valid_LR_bicubic/X4/0845x4.png,22.771336688509614,21.417171560474163,0.6744974205793997,0.646723376957475
DIV2K,0845,v3,/home/ubuntu/scratch/sr-diffusion/benchmark_outputs/stage2_bicubic_generalization_v3_best11500/DIV2K/0845/base.png,/home/ubuntu/scratch/sr-diffusion/benchmarks/div2k/DIV2K_valid_HR/0845.png,/home/ubuntu/scratch/sr-diffusion/benchmarks/div2k/DIV2K_valid_LR_bicubic/X4/0845x4.png,25.03519759799086,23.657502750682262,0.7812402250733335,0.7563935468933686
DIV2K,0845,bridge_v2,/home/ubuntu/scratch/sr-diffusion/benchmark_outputs/stage2_robustness_bridge_v2_best1000/DIV2K/0845/base.png,/home/ubuntu/scratch/sr-diffusion/benchmarks/div2k/DIV2K_valid_HR/0845.png,/home/ubuntu/scratch/sr-diffusion/benchmarks/div2k/DIV2K_valid_LR_bicubic/X4/0845x4.png,25.012913335416734,23.633594030021833,0.7810344762180721,0.7561438398551279
DIV2K,0846,bicubic,generated:matlab_bicubic_resize,/home/ubuntu/scratch/sr-diffusion/benchmarks/div2k/DIV2K_valid_HR/0846.png,/home/ubuntu/scratch/sr-diffusion/benchmarks/div2k/DIV2K_valid_LR_bicubic/X4/0846x4.png,23.51793099963556,22.18363916800381,0.7167937902475218,0.6881915441559089
DIV2K,0846,v3,/home/ubuntu/scratch/sr-diffusion/benchmark_outputs/stage2_bicubic_generalization_v3_best11500/DIV2K/0846/base.png,/home/ubuntu/scratch/sr-diffusion/benchmarks/div2k/DIV2K_valid_HR/0846.png,/home/ubuntu/scratch/sr-diffusion/benchmarks/div2k/DIV2K_valid_LR_bicubic/X4/0846x4.png,26.425175651042302,25.092981551984046,0.8093062821270355,0.7902548864624505
DIV2K,0846,bridge_v2,/home/ubuntu/scratch/sr-diffusion/benchmark_outputs/stage2_robustness_bridge_v2_best1000/DIV2K/0846/base.png,/home/ubuntu/scratch/sr-diffusion/benchmarks/div2k/DIV2K_valid_HR/0846.png,/home/ubuntu/scratch/sr-diffusion/benchmarks/div2k/DIV2K_valid_LR_bicubic/X4/0846x4.png,26.39220492309487,25.061438770297812,0.8073450596618902,0.7880644994676471
DIV2K,0847,bicubic,generated:matlab_bicubic_resize,/home/ubuntu/scratch/sr-diffusion/benchmarks/div2k/DIV2K_valid_HR/0847.png,/home/ubuntu/scratch/sr-diffusion/benchmarks/div2k/DIV2K_valid_LR_bicubic/X4/0847x4.png,26.57145017829948,25.08212595283936,0.7657698246987819,0.7370018205482506
DIV2K,0847,v3,/home/ubuntu/scratch/sr-diffusion/benchmark_outputs/stage2_bicubic_generalization_v3_best11500/DIV2K/0847/base.png,/home/ubuntu/scratch/sr-diffusion/benchmarks/div2k/DIV2K_valid_HR/0847.png,/home/ubuntu/scratch/sr-diffusion/benchmarks/div2k/DIV2K_valid_LR_bicubic/X4/0847x4.png,29.00821261487685,27.47418224108508,0.8447108787607619,0.8208180691459498
DIV2K,0847,bridge_v2,/home/ubuntu/scratch/sr-diffusion/benchmark_outputs/stage2_robustness_bridge_v2_best1000/DIV2K/0847/base.png,/home/ubuntu/scratch/sr-diffusion/benchmarks/div2k/DIV2K_valid_HR/0847.png,/home/ubuntu/scratch/sr-diffusion/benchmarks/div2k/DIV2K_valid_LR_bicubic/X4/0847x4.png,28.980536720437954,27.441489678631324,0.8445087577004283,0.8207733736025964
DIV2K,0848,bicubic,generated:matlab_bicubic_resize,/home/ubuntu/scratch/sr-diffusion/benchmarks/div2k/DIV2K_valid_HR/0848.png,/home/ubuntu/scratch/sr-diffusion/benchmarks/div2k/DIV2K_valid_LR_bicubic/X4/0848x4.png,26.367516854617822,25.057212394608605,0.710048976220453,0.6727054606774363
DIV2K,0848,v3,/home/ubuntu/scratch/sr-diffusion/benchmark_outputs/stage2_bicubic_generalization_v3_best11500/DIV2K/0848/base.png,/home/ubuntu/scratch/sr-diffusion/benchmarks/div2k/DIV2K_valid_HR/0848.png,/home/ubuntu/scratch/sr-diffusion/benchmarks/div2k/DIV2K_valid_LR_bicubic/X4/0848x4.png,28.402840255109506,27.08595378681805,0.7694478730606422,0.7333896319093992
DIV2K,0848,bridge_v2,/home/ubuntu/scratch/sr-diffusion/benchmark_outputs/stage2_robustness_bridge_v2_best1000/DIV2K/0848/base.png,/home/ubuntu/scratch/sr-diffusion/benchmarks/div2k/DIV2K_valid_HR/0848.png,/home/ubuntu/scratch/sr-diffusion/benchmarks/div2k/DIV2K_valid_LR_bicubic/X4/0848x4.png,28.39834325919314,27.081787217447584,0.7690139444340148,0.733232221051395
DIV2K,0849,bicubic,generated:matlab_bicubic_resize,/home/ubuntu/scratch/sr-diffusion/benchmarks/div2k/DIV2K_valid_HR/0849.png,/home/ubuntu/scratch/sr-diffusion/benchmarks/div2k/DIV2K_valid_LR_bicubic/X4/0849x4.png,21.024443377156878,19.576233492811138,0.6340396171576069,0.6183207674118105
DIV2K,0849,v3,/home/ubuntu/scratch/sr-diffusion/benchmark_outputs/stage2_bicubic_generalization_v3_best11500/DIV2K/0849/base.png,/home/ubuntu/scratch/sr-diffusion/benchmarks/div2k/DIV2K_valid_HR/0849.png,/home/ubuntu/scratch/sr-diffusion/benchmarks/div2k/DIV2K_valid_LR_bicubic/X4/0849x4.png,23.445447040565853,22.027663364028882,0.7743714222603313,0.7618949860912907
DIV2K,0849,bridge_v2,/home/ubuntu/scratch/sr-diffusion/benchmark_outputs/stage2_robustness_bridge_v2_best1000/DIV2K/0849/base.png,/home/ubuntu/scratch/sr-diffusion/benchmarks/div2k/DIV2K_valid_HR/0849.png,/home/ubuntu/scratch/sr-diffusion/benchmarks/div2k/DIV2K_valid_LR_bicubic/X4/0849x4.png,23.454904266988926,22.03575579830545,0.7739894554539684,0.7615665918883421
DIV2K,0850,bicubic,generated:matlab_bicubic_resize,/home/ubuntu/scratch/sr-diffusion/benchmarks/div2k/DIV2K_valid_HR/0850.png,/home/ubuntu/scratch/sr-diffusion/benchmarks/div2k/DIV2K_valid_LR_bicubic/X4/0850x4.png,28.106013843028514,26.70376347817792,0.7905462951653007,0.7670063318884669
DIV2K,0850,v3,/home/ubuntu/scratch/sr-diffusion/benchmark_outputs/stage2_bicubic_generalization_v3_best11500/DIV2K/0850/base.png,/home/ubuntu/scratch/sr-diffusion/benchmarks/div2k/DIV2K_valid_HR/0850.png,/home/ubuntu/scratch/sr-diffusion/benchmarks/div2k/DIV2K_valid_LR_bicubic/X4/0850x4.png,30.33450372083996,28.929921216411323,0.8545627260822436,0.8357921848423665
DIV2K,0850,bridge_v2,/home/ubuntu/scratch/sr-diffusion/benchmark_outputs/stage2_robustness_bridge_v2_best1000/DIV2K/0850/base.png,/home/ubuntu/scratch/sr-diffusion/benchmarks/div2k/DIV2K_valid_HR/0850.png,/home/ubuntu/scratch/sr-diffusion/benchmarks/div2k/DIV2K_valid_LR_bicubic/X4/0850x4.png,30.33161054061984,28.925363991206254,0.8549542100556354,0.8362361545006207
DIV2K,0851,bicubic,generated:matlab_bicubic_resize,/home/ubuntu/scratch/sr-diffusion/benchmarks/div2k/DIV2K_valid_HR/0851.png,/home/ubuntu/scratch/sr-diffusion/benchmarks/div2k/DIV2K_valid_LR_bicubic/X4/0851x4.png,28.182544875104583,26.745562766356006,0.8605111163227975,0.835585324520479
DIV2K,0851,v3,/home/ubuntu/scratch/sr-diffusion/benchmark_outputs/stage2_bicubic_generalization_v3_best11500/DIV2K/0851/base.png,/home/ubuntu/scratch/sr-diffusion/benchmarks/div2k/DIV2K_valid_HR/0851.png,/home/ubuntu/scratch/sr-diffusion/benchmarks/div2k/DIV2K_valid_LR_bicubic/X4/0851x4.png,29.635279146355135,28.18953147693771,0.8936694558507036,0.8643259097274028
DIV2K,0851,bridge_v2,/home/ubuntu/scratch/sr-diffusion/benchmark_outputs/stage2_robustness_bridge_v2_best1000/DIV2K/0851/base.png,/home/ubuntu/scratch/sr-diffusion/benchmarks/div2k/DIV2K_valid_HR/0851.png,/home/ubuntu/scratch/sr-diffusion/benchmarks/div2k/DIV2K_valid_LR_bicubic/X4/0851x4.png,29.595013020279936,28.135851616488093,0.8935619411075829,0.8648163348664807
DIV2K,0852,bicubic,generated:matlab_bicubic_resize,/home/ubuntu/scratch/sr-diffusion/benchmarks/div2k/DIV2K_valid_HR/0852.png,/home/ubuntu/scratch/sr-diffusion/benchmarks/div2k/DIV2K_valid_LR_bicubic/X4/0852x4.png,30.01651473080573,28.931460710283122,0.7966093388976564,0.7914344819694402
DIV2K,0852,v3,/home/ubuntu/scratch/sr-diffusion/benchmark_outputs/stage2_bicubic_generalization_v3_best11500/DIV2K/0852/base.png,/home/ubuntu/scratch/sr-diffusion/benchmarks/div2k/DIV2K_valid_HR/0852.png,/home/ubuntu/scratch/sr-diffusion/benchmarks/div2k/DIV2K_valid_LR_bicubic/X4/0852x4.png,30.845343796375744,29.787563848622387,0.8422271775997913,0.8234181163834587
DIV2K,0852,bridge_v2,/home/ubuntu/scratch/sr-diffusion/benchmark_outputs/stage2_robustness_bridge_v2_best1000/DIV2K/0852/base.png,/home/ubuntu/scratch/sr-diffusion/benchmarks/div2k/DIV2K_valid_HR/0852.png,/home/ubuntu/scratch/sr-diffusion/benchmarks/div2k/DIV2K_valid_LR_bicubic/X4/0852x4.png,30.832631862258534,29.77196763594805,0.8418703081926898,0.8232243975256891
DIV2K,0853,bicubic,generated:matlab_bicubic_resize,/home/ubuntu/scratch/sr-diffusion/benchmarks/div2k/DIV2K_valid_HR/0853.png,/home/ubuntu/scratch/sr-diffusion/benchmarks/div2k/DIV2K_valid_LR_bicubic/X4/0853x4.png,32.69575241445451,30.85875839069338,0.923973484235545,0.8993461361700793
DIV2K,0853,v3,/home/ubuntu/scratch/sr-diffusion/benchmark_outputs/stage2_bicubic_generalization_v3_best11500/DIV2K/0853/base.png,/home/ubuntu/scratch/sr-diffusion/benchmarks/div2k/DIV2K_valid_HR/0853.png,/home/ubuntu/scratch/sr-diffusion/benchmarks/div2k/DIV2K_valid_LR_bicubic/X4/0853x4.png,35.75304353898676,33.77407783901137,0.950248178400344,0.927426660220498
DIV2K,0853,bridge_v2,/home/ubuntu/scratch/sr-diffusion/benchmark_outputs/stage2_robustness_bridge_v2_best1000/DIV2K/0853/base.png,/home/ubuntu/scratch/sr-diffusion/benchmarks/div2k/DIV2K_valid_HR/0853.png,/home/ubuntu/scratch/sr-diffusion/benchmarks/div2k/DIV2K_valid_LR_bicubic/X4/0853x4.png,35.75885770921059,33.77020642100254,0.9499649981743077,0.9270071268050977
DIV2K,0854,bicubic,generated:matlab_bicubic_resize,/home/ubuntu/scratch/sr-diffusion/benchmarks/div2k/DIV2K_valid_HR/0854.png,/home/ubuntu/scratch/sr-diffusion/benchmarks/div2k/DIV2K_valid_LR_bicubic/X4/0854x4.png,24.6867183385205,23.38569287341246,0.6854442793760797,0.6616990961018834
DIV2K,0854,v3,/home/ubuntu/scratch/sr-diffusion/benchmark_outputs/stage2_bicubic_generalization_v3_best11500/DIV2K/0854/base.png,/home/ubuntu/scratch/sr-diffusion/benchmarks/div2k/DIV2K_valid_HR/0854.png,/home/ubuntu/scratch/sr-diffusion/benchmarks/div2k/DIV2K_valid_LR_bicubic/X4/0854x4.png,26.1271287663754,24.808085388486113,0.7565335461323933,0.7363339596255333
DIV2K,0854,bridge_v2,/home/ubuntu/scratch/sr-diffusion/benchmark_outputs/stage2_robustness_bridge_v2_best1000/DIV2K/0854/base.png,/home/ubuntu/scratch/sr-diffusion/benchmarks/div2k/DIV2K_valid_HR/0854.png,/home/ubuntu/scratch/sr-diffusion/benchmarks/div2k/DIV2K_valid_LR_bicubic/X4/0854x4.png,26.122366334517523,24.80199354007376,0.756861744641194,0.7366898310481025
DIV2K,0855,bicubic,generated:matlab_bicubic_resize,/home/ubuntu/scratch/sr-diffusion/benchmarks/div2k/DIV2K_valid_HR/0855.png,/home/ubuntu/scratch/sr-diffusion/benchmarks/div2k/DIV2K_valid_LR_bicubic/X4/0855x4.png,29.367724335942135,28.024251869467793,0.7443501491614422,0.7065827775432524
DIV2K,0855,v3,/home/ubuntu/scratch/sr-diffusion/benchmark_outputs/stage2_bicubic_generalization_v3_best11500/DIV2K/0855/base.png,/home/ubuntu/scratch/sr-diffusion/benchmarks/div2k/DIV2K_valid_HR/0855.png,/home/ubuntu/scratch/sr-diffusion/benchmarks/div2k/DIV2K_valid_LR_bicubic/X4/0855x4.png,30.57034897226801,29.220920964993212,0.7808077452534566,0.7454230399150498
DIV2K,0855,bridge_v2,/home/ubuntu/scratch/sr-diffusion/benchmark_outputs/stage2_robustness_bridge_v2_best1000/DIV2K/0855/base.png,/home/ubuntu/scratch/sr-diffusion/benchmarks/div2k/DIV2K_valid_HR/0855.png,/home/ubuntu/scratch/sr-diffusion/benchmarks/div2k/DIV2K_valid_LR_bicubic/X4/0855x4.png,30.53037371352795,29.177283877608048,0.7819889670884445,0.7467425993039716
DIV2K,0856,bicubic,generated:matlab_bicubic_resize,/home/ubuntu/scratch/sr-diffusion/benchmarks/div2k/DIV2K_valid_HR/0856.png,/home/ubuntu/scratch/sr-diffusion/benchmarks/div2k/DIV2K_valid_LR_bicubic/X4/0856x4.png,26.41288026624835,23.214276433100775,0.6604388907257019,0.6175533063644586
DIV2K,0856,v3,/home/ubuntu/scratch/sr-diffusion/benchmark_outputs/stage2_bicubic_generalization_v3_best11500/DIV2K/0856/base.png,/home/ubuntu/scratch/sr-diffusion/benchmarks/div2k/DIV2K_valid_HR/0856.png,/home/ubuntu/scratch/sr-diffusion/benchmarks/div2k/DIV2K_valid_LR_bicubic/X4/0856x4.png,27.17531048176637,24.025657987876325,0.7296822464195873,0.6919618643656565
DIV2K,0856,bridge_v2,/home/ubuntu/scratch/sr-diffusion/benchmark_outputs/stage2_robustness_bridge_v2_best1000/DIV2K/0856/base.png,/home/ubuntu/scratch/sr-diffusion/benchmarks/div2k/DIV2K_valid_HR/0856.png,/home/ubuntu/scratch/sr-diffusion/benchmarks/div2k/DIV2K_valid_LR_bicubic/X4/0856x4.png,27.169726924487946,23.996123893515332,0.7285309824391458,0.6883959556083008
DIV2K,0857,bicubic,generated:matlab_bicubic_resize,/home/ubuntu/scratch/sr-diffusion/benchmarks/div2k/DIV2K_valid_HR/0857.png,/home/ubuntu/scratch/sr-diffusion/benchmarks/div2k/DIV2K_valid_LR_bicubic/X4/0857x4.png,35.448676466665596,33.9965574064447,0.8284359962108077,0.7856961851851801
DIV2K,0857,v3,/home/ubuntu/scratch/sr-diffusion/benchmark_outputs/stage2_bicubic_generalization_v3_best11500/DIV2K/0857/base.png,/home/ubuntu/scratch/sr-diffusion/benchmarks/div2k/DIV2K_valid_HR/0857.png,/home/ubuntu/scratch/sr-diffusion/benchmarks/div2k/DIV2K_valid_LR_bicubic/X4/0857x4.png,36.26837576932487,34.7912640825204,0.833437046225995,0.7909139531151096
DIV2K,0857,bridge_v2,/home/ubuntu/scratch/sr-diffusion/benchmark_outputs/stage2_robustness_bridge_v2_best1000/DIV2K/0857/base.png,/home/ubuntu/scratch/sr-diffusion/benchmarks/div2k/DIV2K_valid_HR/0857.png,/home/ubuntu/scratch/sr-diffusion/benchmarks/div2k/DIV2K_valid_LR_bicubic/X4/0857x4.png,36.252654056831695,34.773627266979446,0.833470341546542,0.7909724042021496
DIV2K,0858,bicubic,generated:matlab_bicubic_resize,/home/ubuntu/scratch/sr-diffusion/benchmarks/div2k/DIV2K_valid_HR/0858.png,/home/ubuntu/scratch/sr-diffusion/benchmarks/div2k/DIV2K_valid_LR_bicubic/X4/0858x4.png,28.23299192161112,27.01838741511296,0.7409549318478025,0.7196610649204738
DIV2K,0858,v3,/home/ubuntu/scratch/sr-diffusion/benchmark_outputs/stage2_bicubic_generalization_v3_best11500/DIV2K/0858/base.png,/home/ubuntu/scratch/sr-diffusion/benchmarks/div2k/DIV2K_valid_HR/0858.png,/home/ubuntu/scratch/sr-diffusion/benchmarks/div2k/DIV2K_valid_LR_bicubic/X4/0858x4.png,29.609157701457626,28.365790885746428,0.8045627561888985,0.7817566021443105
DIV2K,0858,bridge_v2,/home/ubuntu/scratch/sr-diffusion/benchmark_outputs/stage2_robustness_bridge_v2_best1000/DIV2K/0858/base.png,/home/ubuntu/scratch/sr-diffusion/benchmarks/div2k/DIV2K_valid_HR/0858.png,/home/ubuntu/scratch/sr-diffusion/benchmarks/div2k/DIV2K_valid_LR_bicubic/X4/0858x4.png,29.607230523046372,28.36168177603225,0.8048063350829614,0.7825033800723579
DIV2K,0859,bicubic,generated:matlab_bicubic_resize,/home/ubuntu/scratch/sr-diffusion/benchmarks/div2k/DIV2K_valid_HR/0859.png,/home/ubuntu/scratch/sr-diffusion/benchmarks/div2k/DIV2K_valid_LR_bicubic/X4/0859x4.png,25.32469415163254,24.059457077726382,0.6324553301007961,0.6017599599222823
DIV2K,0859,v3,/home/ubuntu/scratch/sr-diffusion/benchmark_outputs/stage2_bicubic_generalization_v3_best11500/DIV2K/0859/base.png,/home/ubuntu/scratch/sr-diffusion/benchmarks/div2k/DIV2K_valid_HR/0859.png,/home/ubuntu/scratch/sr-diffusion/benchmarks/div2k/DIV2K_valid_LR_bicubic/X4/0859x4.png,26.41313674846191,25.120862395207126,0.7061234761146604,0.6794084179511435
DIV2K,0859,bridge_v2,/home/ubuntu/scratch/sr-diffusion/benchmark_outputs/stage2_robustness_bridge_v2_best1000/DIV2K/0859/base.png,/home/ubuntu/scratch/sr-diffusion/benchmarks/div2k/DIV2K_valid_HR/0859.png,/home/ubuntu/scratch/sr-diffusion/benchmarks/div2k/DIV2K_valid_LR_bicubic/X4/0859x4.png,26.361206956165905,25.066731039910653,0.7079743650553543,0.6814209333306653
DIV2K,0860,bicubic,generated:matlab_bicubic_resize,/home/ubuntu/scratch/sr-diffusion/benchmarks/div2k/DIV2K_valid_HR/0860.png,/home/ubuntu/scratch/sr-diffusion/benchmarks/div2k/DIV2K_valid_LR_bicubic/X4/0860x4.png,21.030943613589912,19.671944612057757,0.5397377758968388,0.5221869202230508
DIV2K,0860,v3,/home/ubuntu/scratch/sr-diffusion/benchmark_outputs/stage2_bicubic_generalization_v3_best11500/DIV2K/0860/base.png,/home/ubuntu/scratch/sr-diffusion/benchmarks/div2k/DIV2K_valid_HR/0860.png,/home/ubuntu/scratch/sr-diffusion/benchmarks/div2k/DIV2K_valid_LR_bicubic/X4/0860x4.png,21.848832301899574,20.477822103993127,0.6424188227995937,0.6292192262595018
DIV2K,0860,bridge_v2,/home/ubuntu/scratch/sr-diffusion/benchmark_outputs/stage2_robustness_bridge_v2_best1000/DIV2K/0860/base.png,/home/ubuntu/scratch/sr-diffusion/benchmarks/div2k/DIV2K_valid_HR/0860.png,/home/ubuntu/scratch/sr-diffusion/benchmarks/div2k/DIV2K_valid_LR_bicubic/X4/0860x4.png,21.840035095404552,20.469037161661646,0.6427979854419867,0.629620257009014
DIV2K,0861,bicubic,generated:matlab_bicubic_resize,/home/ubuntu/scratch/sr-diffusion/benchmarks/div2k/DIV2K_valid_HR/0861.png,/home/ubuntu/scratch/sr-diffusion/benchmarks/div2k/DIV2K_valid_LR_bicubic/X4/0861x4.png,22.390981203316073,21.175928119334976,0.6546742911046685,0.6328544467379293
DIV2K,0861,v3,/home/ubuntu/scratch/sr-diffusion/benchmark_outputs/stage2_bicubic_generalization_v3_best11500/DIV2K/0861/base.png,/home/ubuntu/scratch/sr-diffusion/benchmarks/div2k/DIV2K_valid_HR/0861.png,/home/ubuntu/scratch/sr-diffusion/benchmarks/div2k/DIV2K_valid_LR_bicubic/X4/0861x4.png,23.938050438727984,22.718955844586276,0.767225408536489,0.7460816451275533
DIV2K,0861,bridge_v2,/home/ubuntu/scratch/sr-diffusion/benchmark_outputs/stage2_robustness_bridge_v2_best1000/DIV2K/0861/base.png,/home/ubuntu/scratch/sr-diffusion/benchmarks/div2k/DIV2K_valid_HR/0861.png,/home/ubuntu/scratch/sr-diffusion/benchmarks/div2k/DIV2K_valid_LR_bicubic/X4/0861x4.png,23.934652621375015,22.71452111589586,0.7673420549783071,0.7455216002204189
DIV2K,0862,bicubic,generated:matlab_bicubic_resize,/home/ubuntu/scratch/sr-diffusion/benchmarks/div2k/DIV2K_valid_HR/0862.png,/home/ubuntu/scratch/sr-diffusion/benchmarks/div2k/DIV2K_valid_LR_bicubic/X4/0862x4.png,33.7794601347183,32.387137781045524,0.834622411060717,0.8030785848932416
DIV2K,0862,v3,/home/ubuntu/scratch/sr-diffusion/benchmark_outputs/stage2_bicubic_generalization_v3_best11500/DIV2K/0862/base.png,/home/ubuntu/scratch/sr-diffusion/benchmarks/div2k/DIV2K_valid_HR/0862.png,/home/ubuntu/scratch/sr-diffusion/benchmarks/div2k/DIV2K_valid_LR_bicubic/X4/0862x4.png,34.39571141746467,32.98658956516757,0.8524738923339344,0.8228698263403023
DIV2K,0862,bridge_v2,/home/ubuntu/scratch/sr-diffusion/benchmark_outputs/stage2_robustness_bridge_v2_best1000/DIV2K/0862/base.png,/home/ubuntu/scratch/sr-diffusion/benchmarks/div2k/DIV2K_valid_HR/0862.png,/home/ubuntu/scratch/sr-diffusion/benchmarks/div2k/DIV2K_valid_LR_bicubic/X4/0862x4.png,34.360379205103925,32.94476704447795,0.852801264806786,0.8231923513134091
DIV2K,0863,bicubic,generated:matlab_bicubic_resize,/home/ubuntu/scratch/sr-diffusion/benchmarks/div2k/DIV2K_valid_HR/0863.png,/home/ubuntu/scratch/sr-diffusion/benchmarks/div2k/DIV2K_valid_LR_bicubic/X4/0863x4.png,33.414160830957144,32.0811352672992,0.8976468834791831,0.8798784466004825
DIV2K,0863,v3,/home/ubuntu/scratch/sr-diffusion/benchmark_outputs/stage2_bicubic_generalization_v3_best11500/DIV2K/0863/base.png,/home/ubuntu/scratch/sr-diffusion/benchmarks/div2k/DIV2K_valid_HR/0863.png,/home/ubuntu/scratch/sr-diffusion/benchmarks/div2k/DIV2K_valid_LR_bicubic/X4/0863x4.png,34.46632060843061,33.109272522460515,0.9131806144371879,0.8969086149668763
DIV2K,0863,bridge_v2,/home/ubuntu/scratch/sr-diffusion/benchmark_outputs/stage2_robustness_bridge_v2_best1000/DIV2K/0863/base.png,/home/ubuntu/scratch/sr-diffusion/benchmarks/div2k/DIV2K_valid_HR/0863.png,/home/ubuntu/scratch/sr-diffusion/benchmarks/div2k/DIV2K_valid_LR_bicubic/X4/0863x4.png,34.41318984143989,33.05090345726855,0.9136064644258849,0.8973779766690223
DIV2K,0864,bicubic,generated:matlab_bicubic_resize,/home/ubuntu/scratch/sr-diffusion/benchmarks/div2k/DIV2K_valid_HR/0864.png,/home/ubuntu/scratch/sr-diffusion/benchmarks/div2k/DIV2K_valid_LR_bicubic/X4/0864x4.png,29.903125796212542,28.646204620572387,0.7551268327774266,0.7281009221762149
DIV2K,0864,v3,/home/ubuntu/scratch/sr-diffusion/benchmark_outputs/stage2_bicubic_generalization_v3_best11500/DIV2K/0864/base.png,/home/ubuntu/scratch/sr-diffusion/benchmarks/div2k/DIV2K_valid_HR/0864.png,/home/ubuntu/scratch/sr-diffusion/benchmarks/div2k/DIV2K_valid_LR_bicubic/X4/0864x4.png,31.136542970034764,29.864458475824126,0.8056019406093264,0.783285369513062
DIV2K,0864,bridge_v2,/home/ubuntu/scratch/sr-diffusion/benchmark_outputs/stage2_robustness_bridge_v2_best1000/DIV2K/0864/base.png,/home/ubuntu/scratch/sr-diffusion/benchmarks/div2k/DIV2K_valid_HR/0864.png,/home/ubuntu/scratch/sr-diffusion/benchmarks/div2k/DIV2K_valid_LR_bicubic/X4/0864x4.png,31.104820313308082,29.82652598886535,0.806838077613601,0.7846831512977505
DIV2K,0865,bicubic,generated:matlab_bicubic_resize,/home/ubuntu/scratch/sr-diffusion/benchmarks/div2k/DIV2K_valid_HR/0865.png,/home/ubuntu/scratch/sr-diffusion/benchmarks/div2k/DIV2K_valid_LR_bicubic/X4/0865x4.png,27.6874818194118,26.311970394584314,0.7397082633258846,0.7147938193039262
DIV2K,0865,v3,/home/ubuntu/scratch/sr-diffusion/benchmark_outputs/stage2_bicubic_generalization_v3_best11500/DIV2K/0865/base.png,/home/ubuntu/scratch/sr-diffusion/benchmarks/div2k/DIV2K_valid_HR/0865.png,/home/ubuntu/scratch/sr-diffusion/benchmarks/div2k/DIV2K_valid_LR_bicubic/X4/0865x4.png,28.586480284450765,27.213305932519507,0.7821223290560639,0.7602109409603871
DIV2K,0865,bridge_v2,/home/ubuntu/scratch/sr-diffusion/benchmark_outputs/stage2_robustness_bridge_v2_best1000/DIV2K/0865/base.png,/home/ubuntu/scratch/sr-diffusion/benchmarks/div2k/DIV2K_valid_HR/0865.png,/home/ubuntu/scratch/sr-diffusion/benchmarks/div2k/DIV2K_valid_LR_bicubic/X4/0865x4.png,28.55886858600926,27.185239363170183,0.7832118371720036,0.761442195221462
DIV2K,0866,bicubic,generated:matlab_bicubic_resize,/home/ubuntu/scratch/sr-diffusion/benchmarks/div2k/DIV2K_valid_HR/0866.png,/home/ubuntu/scratch/sr-diffusion/benchmarks/div2k/DIV2K_valid_LR_bicubic/X4/0866x4.png,25.76912258812304,24.348665687586553,0.769161545054304,0.7523383410698726
DIV2K,0866,v3,/home/ubuntu/scratch/sr-diffusion/benchmark_outputs/stage2_bicubic_generalization_v3_best11500/DIV2K/0866/base.png,/home/ubuntu/scratch/sr-diffusion/benchmarks/div2k/DIV2K_valid_HR/0866.png,/home/ubuntu/scratch/sr-diffusion/benchmarks/div2k/DIV2K_valid_LR_bicubic/X4/0866x4.png,26.252912674674974,24.832539829694973,0.8147500420851526,0.8001789112118947
DIV2K,0866,bridge_v2,/home/ubuntu/scratch/sr-diffusion/benchmark_outputs/stage2_robustness_bridge_v2_best1000/DIV2K/0866/base.png,/home/ubuntu/scratch/sr-diffusion/benchmarks/div2k/DIV2K_valid_HR/0866.png,/home/ubuntu/scratch/sr-diffusion/benchmarks/div2k/DIV2K_valid_LR_bicubic/X4/0866x4.png,26.231113983561436,24.811050175239032,0.8152210075080568,0.800635059039203
DIV2K,0867,bicubic,generated:matlab_bicubic_resize,/home/ubuntu/scratch/sr-diffusion/benchmarks/div2k/DIV2K_valid_HR/0867.png,/home/ubuntu/scratch/sr-diffusion/benchmarks/div2k/DIV2K_valid_LR_bicubic/X4/0867x4.png,27.15107167706242,26.09706260241024,0.7773868122837911,0.7674415879340847
DIV2K,0867,v3,/home/ubuntu/scratch/sr-diffusion/benchmark_outputs/stage2_bicubic_generalization_v3_best11500/DIV2K/0867/base.png,/home/ubuntu/scratch/sr-diffusion/benchmarks/div2k/DIV2K_valid_HR/0867.png,/home/ubuntu/scratch/sr-diffusion/benchmarks/div2k/DIV2K_valid_LR_bicubic/X4/0867x4.png,29.36470284862102,28.258596917510847,0.8641642543639525,0.8506338108858568
DIV2K,0867,bridge_v2,/home/ubuntu/scratch/sr-diffusion/benchmark_outputs/stage2_robustness_bridge_v2_best1000/DIV2K/0867/base.png,/home/ubuntu/scratch/sr-diffusion/benchmarks/div2k/DIV2K_valid_HR/0867.png,/home/ubuntu/scratch/sr-diffusion/benchmarks/div2k/DIV2K_valid_LR_bicubic/X4/0867x4.png,29.260098882583364,28.13884956683726,0.8643772934649976,0.850221540055253
DIV2K,0868,bicubic,generated:matlab_bicubic_resize,/home/ubuntu/scratch/sr-diffusion/benchmarks/div2k/DIV2K_valid_HR/0868.png,/home/ubuntu/scratch/sr-diffusion/benchmarks/div2k/DIV2K_valid_LR_bicubic/X4/0868x4.png,30.902370410302744,29.55224204564073,0.9379222150106817,0.9336486282783653
DIV2K,0868,v3,/home/ubuntu/scratch/sr-diffusion/benchmark_outputs/stage2_bicubic_generalization_v3_best11500/DIV2K/0868/base.png,/home/ubuntu/scratch/sr-diffusion/benchmarks/div2k/DIV2K_valid_HR/0868.png,/home/ubuntu/scratch/sr-diffusion/benchmarks/div2k/DIV2K_valid_LR_bicubic/X4/0868x4.png,33.7452856421099,32.47587615186528,0.9609625501601554,0.9571990895544892
DIV2K,0868,bridge_v2,/home/ubuntu/scratch/sr-diffusion/benchmark_outputs/stage2_robustness_bridge_v2_best1000/DIV2K/0868/base.png,/home/ubuntu/scratch/sr-diffusion/benchmarks/div2k/DIV2K_valid_HR/0868.png,/home/ubuntu/scratch/sr-diffusion/benchmarks/div2k/DIV2K_valid_LR_bicubic/X4/0868x4.png,33.72350549824005,32.4525478555882,0.9610276444585802,0.957200715644246
DIV2K,0869,bicubic,generated:matlab_bicubic_resize,/home/ubuntu/scratch/sr-diffusion/benchmarks/div2k/DIV2K_valid_HR/0869.png,/home/ubuntu/scratch/sr-diffusion/benchmarks/div2k/DIV2K_valid_LR_bicubic/X4/0869x4.png,24.09092863645175,22.72169306335448,0.7497491566697656,0.7350252020994793
DIV2K,0869,v3,/home/ubuntu/scratch/sr-diffusion/benchmark_outputs/stage2_bicubic_generalization_v3_best11500/DIV2K/0869/base.png,/home/ubuntu/scratch/sr-diffusion/benchmarks/div2k/DIV2K_valid_HR/0869.png,/home/ubuntu/scratch/sr-diffusion/benchmarks/div2k/DIV2K_valid_LR_bicubic/X4/0869x4.png,24.942717410030035,23.579253511233667,0.8061350060983592,0.7938552907062505
DIV2K,0869,bridge_v2,/home/ubuntu/scratch/sr-diffusion/benchmark_outputs/stage2_robustness_bridge_v2_best1000/DIV2K/0869/base.png,/home/ubuntu/scratch/sr-diffusion/benchmarks/div2k/DIV2K_valid_HR/0869.png,/home/ubuntu/scratch/sr-diffusion/benchmarks/div2k/DIV2K_valid_LR_bicubic/X4/0869x4.png,24.937201549054386,23.573188951061802,0.8068444570082234,0.7946129447806832
DIV2K,0870,bicubic,generated:matlab_bicubic_resize,/home/ubuntu/scratch/sr-diffusion/benchmarks/div2k/DIV2K_valid_HR/0870.png,/home/ubuntu/scratch/sr-diffusion/benchmarks/div2k/DIV2K_valid_LR_bicubic/X4/0870x4.png,28.262181647547475,26.950020765616884,0.8051200396988059,0.784116708520377
DIV2K,0870,v3,/home/ubuntu/scratch/sr-diffusion/benchmark_outputs/stage2_bicubic_generalization_v3_best11500/DIV2K/0870/base.png,/home/ubuntu/scratch/sr-diffusion/benchmarks/div2k/DIV2K_valid_HR/0870.png,/home/ubuntu/scratch/sr-diffusion/benchmarks/div2k/DIV2K_valid_LR_bicubic/X4/0870x4.png,29.836958308784872,28.480478246338926,0.8591871583305271,0.8407607563699155
DIV2K,0870,bridge_v2,/home/ubuntu/scratch/sr-diffusion/benchmark_outputs/stage2_robustness_bridge_v2_best1000/DIV2K/0870/base.png,/home/ubuntu/scratch/sr-diffusion/benchmarks/div2k/DIV2K_valid_HR/0870.png,/home/ubuntu/scratch/sr-diffusion/benchmarks/div2k/DIV2K_valid_LR_bicubic/X4/0870x4.png,29.8021156045467,28.439042542628012,0.8606563709867535,0.842291346460135
DIV2K,0871,bicubic,generated:matlab_bicubic_resize,/home/ubuntu/scratch/sr-diffusion/benchmarks/div2k/DIV2K_valid_HR/0871.png,/home/ubuntu/scratch/sr-diffusion/benchmarks/div2k/DIV2K_valid_LR_bicubic/X4/0871x4.png,30.950863219785376,29.41408743258254,0.86500006512986,0.8482038486210272
DIV2K,0871,v3,/home/ubuntu/scratch/sr-diffusion/benchmark_outputs/stage2_bicubic_generalization_v3_best11500/DIV2K/0871/base.png,/home/ubuntu/scratch/sr-diffusion/benchmarks/div2k/DIV2K_valid_HR/0871.png,/home/ubuntu/scratch/sr-diffusion/benchmarks/div2k/DIV2K_valid_LR_bicubic/X4/0871x4.png,33.53534229233356,31.937945950119513,0.9134595320730385,0.8992052835096699
DIV2K,0871,bridge_v2,/home/ubuntu/scratch/sr-diffusion/benchmark_outputs/stage2_robustness_bridge_v2_best1000/DIV2K/0871/base.png,/home/ubuntu/scratch/sr-diffusion/benchmarks/div2k/DIV2K_valid_HR/0871.png,/home/ubuntu/scratch/sr-diffusion/benchmarks/div2k/DIV2K_valid_LR_bicubic/X4/0871x4.png,33.447915216767086,31.847861642461336,0.9137125336163091,0.8994179073338106
DIV2K,0872,bicubic,generated:matlab_bicubic_resize,/home/ubuntu/scratch/sr-diffusion/benchmarks/div2k/DIV2K_valid_HR/0872.png,/home/ubuntu/scratch/sr-diffusion/benchmarks/div2k/DIV2K_valid_LR_bicubic/X4/0872x4.png,23.691701290838886,22.43637353595485,0.6277498254749015,0.5975030224972765
DIV2K,0872,v3,/home/ubuntu/scratch/sr-diffusion/benchmark_outputs/stage2_bicubic_generalization_v3_best11500/DIV2K/0872/base.png,/home/ubuntu/scratch/sr-diffusion/benchmarks/div2k/DIV2K_valid_HR/0872.png,/home/ubuntu/scratch/sr-diffusion/benchmarks/div2k/DIV2K_valid_LR_bicubic/X4/0872x4.png,25.10668930718471,23.825470058463786,0.7137174010904817,0.6861672699274425
DIV2K,0872,bridge_v2,/home/ubuntu/scratch/sr-diffusion/benchmark_outputs/stage2_robustness_bridge_v2_best1000/DIV2K/0872/base.png,/home/ubuntu/scratch/sr-diffusion/benchmarks/div2k/DIV2K_valid_HR/0872.png,/home/ubuntu/scratch/sr-diffusion/benchmarks/div2k/DIV2K_valid_LR_bicubic/X4/0872x4.png,25.112412535694748,23.830640435972732,0.7122295038928041,0.6845464972049093
DIV2K,0873,bicubic,generated:matlab_bicubic_resize,/home/ubuntu/scratch/sr-diffusion/benchmarks/div2k/DIV2K_valid_HR/0873.png,/home/ubuntu/scratch/sr-diffusion/benchmarks/div2k/DIV2K_valid_LR_bicubic/X4/0873x4.png,24.000094384905452,22.676219820751196,0.6670170096796554,0.6463358553919484
DIV2K,0873,v3,/home/ubuntu/scratch/sr-diffusion/benchmark_outputs/stage2_bicubic_generalization_v3_best11500/DIV2K/0873/base.png,/home/ubuntu/scratch/sr-diffusion/benchmarks/div2k/DIV2K_valid_HR/0873.png,/home/ubuntu/scratch/sr-diffusion/benchmarks/div2k/DIV2K_valid_LR_bicubic/X4/0873x4.png,25.19001953285386,23.85258864646836,0.7446144525011148,0.7268547142998055
DIV2K,0873,bridge_v2,/home/ubuntu/scratch/sr-diffusion/benchmark_outputs/stage2_robustness_bridge_v2_best1000/DIV2K/0873/base.png,/home/ubuntu/scratch/sr-diffusion/benchmarks/div2k/DIV2K_valid_HR/0873.png,/home/ubuntu/scratch/sr-diffusion/benchmarks/div2k/DIV2K_valid_LR_bicubic/X4/0873x4.png,25.19066824681873,23.851616862486303,0.7450310838192726,0.7272257540969945
DIV2K,0874,bicubic,generated:matlab_bicubic_resize,/home/ubuntu/scratch/sr-diffusion/benchmarks/div2k/DIV2K_valid_HR/0874.png,/home/ubuntu/scratch/sr-diffusion/benchmarks/div2k/DIV2K_valid_LR_bicubic/X4/0874x4.png,29.589149963150767,28.199253170565896,0.7601703899590856,0.7271920216730723
DIV2K,0874,v3,/home/ubuntu/scratch/sr-diffusion/benchmark_outputs/stage2_bicubic_generalization_v3_best11500/DIV2K/0874/base.png,/home/ubuntu/scratch/sr-diffusion/benchmarks/div2k/DIV2K_valid_HR/0874.png,/home/ubuntu/scratch/sr-diffusion/benchmarks/div2k/DIV2K_valid_LR_bicubic/X4/0874x4.png,31.339360496892645,29.91945990850049,0.8142638942039183,0.7863535639162111
DIV2K,0874,bridge_v2,/home/ubuntu/scratch/sr-diffusion/benchmark_outputs/stage2_robustness_bridge_v2_best1000/DIV2K/0874/base.png,/home/ubuntu/scratch/sr-diffusion/benchmarks/div2k/DIV2K_valid_HR/0874.png,/home/ubuntu/scratch/sr-diffusion/benchmarks/div2k/DIV2K_valid_LR_bicubic/X4/0874x4.png,31.32417974940198,29.903881360256143,0.8148263933839962,0.7870219981047583
DIV2K,0875,bicubic,generated:matlab_bicubic_resize,/home/ubuntu/scratch/sr-diffusion/benchmarks/div2k/DIV2K_valid_HR/0875.png,/home/ubuntu/scratch/sr-diffusion/benchmarks/div2k/DIV2K_valid_LR_bicubic/X4/0875x4.png,23.66745196078936,22.420361583855776,0.5733736480813545,0.5421617203878851
DIV2K,0875,v3,/home/ubuntu/scratch/sr-diffusion/benchmark_outputs/stage2_bicubic_generalization_v3_best11500/DIV2K/0875/base.png,/home/ubuntu/scratch/sr-diffusion/benchmarks/div2k/DIV2K_valid_HR/0875.png,/home/ubuntu/scratch/sr-diffusion/benchmarks/div2k/DIV2K_valid_LR_bicubic/X4/0875x4.png,25.5737931377964,24.284339997090584,0.694231039037001,0.669260661246188
DIV2K,0875,bridge_v2,/home/ubuntu/scratch/sr-diffusion/benchmark_outputs/stage2_robustness_bridge_v2_best1000/DIV2K/0875/base.png,/home/ubuntu/scratch/sr-diffusion/benchmarks/div2k/DIV2K_valid_HR/0875.png,/home/ubuntu/scratch/sr-diffusion/benchmarks/div2k/DIV2K_valid_LR_bicubic/X4/0875x4.png,25.580465839880695,24.289664153245297,0.6931309695514557,0.6680728417458801
DIV2K,0876,bicubic,generated:matlab_bicubic_resize,/home/ubuntu/scratch/sr-diffusion/benchmarks/div2k/DIV2K_valid_HR/0876.png,/home/ubuntu/scratch/sr-diffusion/benchmarks/div2k/DIV2K_valid_LR_bicubic/X4/0876x4.png,22.535149011766755,21.43399919375785,0.5117065522501167,0.4835952469723179
DIV2K,0876,v3,/home/ubuntu/scratch/sr-diffusion/benchmark_outputs/stage2_bicubic_generalization_v3_best11500/DIV2K/0876/base.png,/home/ubuntu/scratch/sr-diffusion/benchmarks/div2k/DIV2K_valid_HR/0876.png,/home/ubuntu/scratch/sr-diffusion/benchmarks/div2k/DIV2K_valid_LR_bicubic/X4/0876x4.png,23.071466478110736,21.97263396777572,0.6029506430195427,0.577394492434078
DIV2K,0876,bridge_v2,/home/ubuntu/scratch/sr-diffusion/benchmark_outputs/stage2_robustness_bridge_v2_best1000/DIV2K/0876/base.png,/home/ubuntu/scratch/sr-diffusion/benchmarks/div2k/DIV2K_valid_HR/0876.png,/home/ubuntu/scratch/sr-diffusion/benchmarks/div2k/DIV2K_valid_LR_bicubic/X4/0876x4.png,23.06215934925524,21.963060066936173,0.6035091447122333,0.5782348080772747
DIV2K,0877,bicubic,generated:matlab_bicubic_resize,/home/ubuntu/scratch/sr-diffusion/benchmarks/div2k/DIV2K_valid_HR/0877.png,/home/ubuntu/scratch/sr-diffusion/benchmarks/div2k/DIV2K_valid_LR_bicubic/X4/0877x4.png,36.90720316722345,35.44206235873748,0.9512193034062388,0.940718820023104
DIV2K,0877,v3,/home/ubuntu/scratch/sr-diffusion/benchmark_outputs/stage2_bicubic_generalization_v3_best11500/DIV2K/0877/base.png,/home/ubuntu/scratch/sr-diffusion/benchmarks/div2k/DIV2K_valid_HR/0877.png,/home/ubuntu/scratch/sr-diffusion/benchmarks/div2k/DIV2K_valid_LR_bicubic/X4/0877x4.png,41.20157877936211,39.554077152880495,0.9743767062729991,0.9643583254080096
DIV2K,0877,bridge_v2,/home/ubuntu/scratch/sr-diffusion/benchmark_outputs/stage2_robustness_bridge_v2_best1000/DIV2K/0877/base.png,/home/ubuntu/scratch/sr-diffusion/benchmarks/div2k/DIV2K_valid_HR/0877.png,/home/ubuntu/scratch/sr-diffusion/benchmarks/div2k/DIV2K_valid_LR_bicubic/X4/0877x4.png,41.039082194368426,39.385700901891795,0.9741596652367079,0.9640220538305592
DIV2K,0878,bicubic,generated:matlab_bicubic_resize,/home/ubuntu/scratch/sr-diffusion/benchmarks/div2k/DIV2K_valid_HR/0878.png,/home/ubuntu/scratch/sr-diffusion/benchmarks/div2k/DIV2K_valid_LR_bicubic/X4/0878x4.png,30.31253975870529,28.823349851422876,0.855330205362406,0.8353318189775746
DIV2K,0878,v3,/home/ubuntu/scratch/sr-diffusion/benchmark_outputs/stage2_bicubic_generalization_v3_best11500/DIV2K/0878/base.png,/home/ubuntu/scratch/sr-diffusion/benchmarks/div2k/DIV2K_valid_HR/0878.png,/home/ubuntu/scratch/sr-diffusion/benchmarks/div2k/DIV2K_valid_LR_bicubic/X4/0878x4.png,33.62373470120434,32.04645204684161,0.9100256528567714,0.8944606813972104
DIV2K,0878,bridge_v2,/home/ubuntu/scratch/sr-diffusion/benchmark_outputs/stage2_robustness_bridge_v2_best1000/DIV2K/0878/base.png,/home/ubuntu/scratch/sr-diffusion/benchmarks/div2k/DIV2K_valid_HR/0878.png,/home/ubuntu/scratch/sr-diffusion/benchmarks/div2k/DIV2K_valid_LR_bicubic/X4/0878x4.png,33.623772502874935,32.045698610894675,0.9102156002059851,0.8946792844532204
DIV2K,0879,bicubic,generated:matlab_bicubic_resize,/home/ubuntu/scratch/sr-diffusion/benchmarks/div2k/DIV2K_valid_HR/0879.png,/home/ubuntu/scratch/sr-diffusion/benchmarks/div2k/DIV2K_valid_LR_bicubic/X4/0879x4.png,26.7570462254599,25.416341829117442,0.8253695962763796,0.8038246646268199
DIV2K,0879,v3,/home/ubuntu/scratch/sr-diffusion/benchmark_outputs/stage2_bicubic_generalization_v3_best11500/DIV2K/0879/base.png,/home/ubuntu/scratch/sr-diffusion/benchmarks/div2k/DIV2K_valid_HR/0879.png,/home/ubuntu/scratch/sr-diffusion/benchmarks/div2k/DIV2K_valid_LR_bicubic/X4/0879x4.png,28.485137966024844,27.13784087764121,0.876964649595077,0.8572870561483281
DIV2K,0879,bridge_v2,/home/ubuntu/scratch/sr-diffusion/benchmark_outputs/stage2_robustness_bridge_v2_best1000/DIV2K/0879/base.png,/home/ubuntu/scratch/sr-diffusion/benchmarks/div2k/DIV2K_valid_HR/0879.png,/home/ubuntu/scratch/sr-diffusion/benchmarks/div2k/DIV2K_valid_LR_bicubic/X4/0879x4.png,28.46614296419557,27.11788098416118,0.8772267272887285,0.8574969319581877
DIV2K,0880,bicubic,generated:matlab_bicubic_resize,/home/ubuntu/scratch/sr-diffusion/benchmarks/div2k/DIV2K_valid_HR/0880.png,/home/ubuntu/scratch/sr-diffusion/benchmarks/div2k/DIV2K_valid_LR_bicubic/X4/0880x4.png,31.90791769212824,30.548764397967993,0.8798384678672005,0.8667103493325418
DIV2K,0880,v3,/home/ubuntu/scratch/sr-diffusion/benchmark_outputs/stage2_bicubic_generalization_v3_best11500/DIV2K/0880/base.png,/home/ubuntu/scratch/sr-diffusion/benchmarks/div2k/DIV2K_valid_HR/0880.png,/home/ubuntu/scratch/sr-diffusion/benchmarks/div2k/DIV2K_valid_LR_bicubic/X4/0880x4.png,33.263314276186236,31.881843634042866,0.9083170819122924,0.8972015289121967
DIV2K,0880,bridge_v2,/home/ubuntu/scratch/sr-diffusion/benchmark_outputs/stage2_robustness_bridge_v2_best1000/DIV2K/0880/base.png,/home/ubuntu/scratch/sr-diffusion/benchmarks/div2k/DIV2K_valid_HR/0880.png,/home/ubuntu/scratch/sr-diffusion/benchmarks/div2k/DIV2K_valid_LR_bicubic/X4/0880x4.png,33.16552428163134,31.778370203855324,0.9094666499573141,0.8985305818918077
DIV2K,0881,bicubic,generated:matlab_bicubic_resize,/home/ubuntu/scratch/sr-diffusion/benchmarks/div2k/DIV2K_valid_HR/0881.png,/home/ubuntu/scratch/sr-diffusion/benchmarks/div2k/DIV2K_valid_LR_bicubic/X4/0881x4.png,26.38470257503924,24.953038347429924,0.7513893630704347,0.7305250509099168
DIV2K,0881,v3,/home/ubuntu/scratch/sr-diffusion/benchmark_outputs/stage2_bicubic_generalization_v3_best11500/DIV2K/0881/base.png,/home/ubuntu/scratch/sr-diffusion/benchmarks/div2k/DIV2K_valid_HR/0881.png,/home/ubuntu/scratch/sr-diffusion/benchmarks/div2k/DIV2K_valid_LR_bicubic/X4/0881x4.png,27.248960771703565,25.811836631096163,0.7914705007787469,0.7731281933868251
DIV2K,0881,bridge_v2,/home/ubuntu/scratch/sr-diffusion/benchmark_outputs/stage2_robustness_bridge_v2_best1000/DIV2K/0881/base.png,/home/ubuntu/scratch/sr-diffusion/benchmarks/div2k/DIV2K_valid_HR/0881.png,/home/ubuntu/scratch/sr-diffusion/benchmarks/div2k/DIV2K_valid_LR_bicubic/X4/0881x4.png,27.254446192477705,25.816665512303167,0.7913862908767126,0.7729729137187559
DIV2K,0882,bicubic,generated:matlab_bicubic_resize,/home/ubuntu/scratch/sr-diffusion/benchmarks/div2k/DIV2K_valid_HR/0882.png,/home/ubuntu/scratch/sr-diffusion/benchmarks/div2k/DIV2K_valid_LR_bicubic/X4/0882x4.png,32.834659059762096,31.33276990156024,0.9470841661922387,0.928730481549875
DIV2K,0882,v3,/home/ubuntu/scratch/sr-diffusion/benchmark_outputs/stage2_bicubic_generalization_v3_best11500/DIV2K/0882/base.png,/home/ubuntu/scratch/sr-diffusion/benchmarks/div2k/DIV2K_valid_HR/0882.png,/home/ubuntu/scratch/sr-diffusion/benchmarks/div2k/DIV2K_valid_LR_bicubic/X4/0882x4.png,35.61804676069957,34.00089045755037,0.9619727563806472,0.9446300632722155
DIV2K,0882,bridge_v2,/home/ubuntu/scratch/sr-diffusion/benchmark_outputs/stage2_robustness_bridge_v2_best1000/DIV2K/0882/base.png,/home/ubuntu/scratch/sr-diffusion/benchmarks/div2k/DIV2K_valid_HR/0882.png,/home/ubuntu/scratch/sr-diffusion/benchmarks/div2k/DIV2K_valid_LR_bicubic/X4/0882x4.png,35.57746531956738,33.942632855493706,0.9620133628117017,0.9444376640352846
DIV2K,0883,bicubic,generated:matlab_bicubic_resize,/home/ubuntu/scratch/sr-diffusion/benchmarks/div2k/DIV2K_valid_HR/0883.png,/home/ubuntu/scratch/sr-diffusion/benchmarks/div2k/DIV2K_valid_LR_bicubic/X4/0883x4.png,26.672392283903477,24.903360754767967,0.699399412656511,0.6604065734610973
DIV2K,0883,v3,/home/ubuntu/scratch/sr-diffusion/benchmark_outputs/stage2_bicubic_generalization_v3_best11500/DIV2K/0883/base.png,/home/ubuntu/scratch/sr-diffusion/benchmarks/div2k/DIV2K_valid_HR/0883.png,/home/ubuntu/scratch/sr-diffusion/benchmarks/div2k/DIV2K_valid_LR_bicubic/X4/0883x4.png,27.801437128391417,25.969059658368195,0.7697785899636727,0.7352555099862502
DIV2K,0883,bridge_v2,/home/ubuntu/scratch/sr-diffusion/benchmark_outputs/stage2_robustness_bridge_v2_best1000/DIV2K/0883/base.png,/home/ubuntu/scratch/sr-diffusion/benchmarks/div2k/DIV2K_valid_HR/0883.png,/home/ubuntu/scratch/sr-diffusion/benchmarks/div2k/DIV2K_valid_LR_bicubic/X4/0883x4.png,27.717813023598286,25.88851313633966,0.7701144271349079,0.735686704616631
DIV2K,0884,bicubic,generated:matlab_bicubic_resize,/home/ubuntu/scratch/sr-diffusion/benchmarks/div2k/DIV2K_valid_HR/0884.png,/home/ubuntu/scratch/sr-diffusion/benchmarks/div2k/DIV2K_valid_LR_bicubic/X4/0884x4.png,25.932550617489515,24.1140716375031,0.6811603228602474,0.6414805570994759
DIV2K,0884,v3,/home/ubuntu/scratch/sr-diffusion/benchmark_outputs/stage2_bicubic_generalization_v3_best11500/DIV2K/0884/base.png,/home/ubuntu/scratch/sr-diffusion/benchmarks/div2k/DIV2K_valid_HR/0884.png,/home/ubuntu/scratch/sr-diffusion/benchmarks/div2k/DIV2K_valid_LR_bicubic/X4/0884x4.png,27.606320669222303,25.681298159257256,0.7670149351923267,0.7333729205336573
DIV2K,0884,bridge_v2,/home/ubuntu/scratch/sr-diffusion/benchmark_outputs/stage2_robustness_bridge_v2_best1000/DIV2K/0884/base.png,/home/ubuntu/scratch/sr-diffusion/benchmarks/div2k/DIV2K_valid_HR/0884.png,/home/ubuntu/scratch/sr-diffusion/benchmarks/div2k/DIV2K_valid_LR_bicubic/X4/0884x4.png,27.588137739568275,25.66280246347813,0.7666624297041504,0.7327758452192144
DIV2K,0885,bicubic,generated:matlab_bicubic_resize,/home/ubuntu/scratch/sr-diffusion/benchmarks/div2k/DIV2K_valid_HR/0885.png,/home/ubuntu/scratch/sr-diffusion/benchmarks/div2k/DIV2K_valid_LR_bicubic/X4/0885x4.png,23.23773909763997,21.849574732610378,0.515336661825981,0.49506962650441766
DIV2K,0885,v3,/home/ubuntu/scratch/sr-diffusion/benchmark_outputs/stage2_bicubic_generalization_v3_best11500/DIV2K/0885/base.png,/home/ubuntu/scratch/sr-diffusion/benchmarks/div2k/DIV2K_valid_HR/0885.png,/home/ubuntu/scratch/sr-diffusion/benchmarks/div2k/DIV2K_valid_LR_bicubic/X4/0885x4.png,23.994170584838628,22.60491115236917,0.6028827328243249,0.5799230184615594
DIV2K,0885,bridge_v2,/home/ubuntu/scratch/sr-diffusion/benchmark_outputs/stage2_robustness_bridge_v2_best1000/DIV2K/0885/base.png,/home/ubuntu/scratch/sr-diffusion/benchmarks/div2k/DIV2K_valid_HR/0885.png,/home/ubuntu/scratch/sr-diffusion/benchmarks/div2k/DIV2K_valid_LR_bicubic/X4/0885x4.png,23.99187382545044,22.60131824469335,0.6048513642240745,0.5816749892180497
DIV2K,0886,bicubic,generated:matlab_bicubic_resize,/home/ubuntu/scratch/sr-diffusion/benchmarks/div2k/DIV2K_valid_HR/0886.png,/home/ubuntu/scratch/sr-diffusion/benchmarks/div2k/DIV2K_valid_LR_bicubic/X4/0886x4.png,35.324427073198564,33.316461124845056,0.9233415733806059,0.9022115171189272
DIV2K,0886,v3,/home/ubuntu/scratch/sr-diffusion/benchmark_outputs/stage2_bicubic_generalization_v3_best11500/DIV2K/0886/base.png,/home/ubuntu/scratch/sr-diffusion/benchmarks/div2k/DIV2K_valid_HR/0886.png,/home/ubuntu/scratch/sr-diffusion/benchmarks/div2k/DIV2K_valid_LR_bicubic/X4/0886x4.png,37.961760546654304,35.956660087789025,0.9371769633589375,0.9164932030012426
DIV2K,0886,bridge_v2,/home/ubuntu/scratch/sr-diffusion/benchmark_outputs/stage2_robustness_bridge_v2_best1000/DIV2K/0886/base.png,/home/ubuntu/scratch/sr-diffusion/benchmarks/div2k/DIV2K_valid_HR/0886.png,/home/ubuntu/scratch/sr-diffusion/benchmarks/div2k/DIV2K_valid_LR_bicubic/X4/0886x4.png,37.92101146176676,35.90277617719896,0.937056685908864,0.9162666497017712
DIV2K,0887,bicubic,generated:matlab_bicubic_resize,/home/ubuntu/scratch/sr-diffusion/benchmarks/div2k/DIV2K_valid_HR/0887.png,/home/ubuntu/scratch/sr-diffusion/benchmarks/div2k/DIV2K_valid_LR_bicubic/X4/0887x4.png,24.815082096726954,23.874017592280943,0.7019525550392715,0.7080484218752496
DIV2K,0887,v3,/home/ubuntu/scratch/sr-diffusion/benchmark_outputs/stage2_bicubic_generalization_v3_best11500/DIV2K/0887/base.png,/home/ubuntu/scratch/sr-diffusion/benchmarks/div2k/DIV2K_valid_HR/0887.png,/home/ubuntu/scratch/sr-diffusion/benchmarks/div2k/DIV2K_valid_LR_bicubic/X4/0887x4.png,26.01191175642784,25.111283663913326,0.7655901645661471,0.7647775442214465
DIV2K,0887,bridge_v2,/home/ubuntu/scratch/sr-diffusion/benchmark_outputs/stage2_robustness_bridge_v2_best1000/DIV2K/0887/base.png,/home/ubuntu/scratch/sr-diffusion/benchmarks/div2k/DIV2K_valid_HR/0887.png,/home/ubuntu/scratch/sr-diffusion/benchmarks/div2k/DIV2K_valid_LR_bicubic/X4/0887x4.png,26.015288984979055,25.114014676579725,0.7658359380656053,0.7650509929362462
DIV2K,0888,bicubic,generated:matlab_bicubic_resize,/home/ubuntu/scratch/sr-diffusion/benchmarks/div2k/DIV2K_valid_HR/0888.png,/home/ubuntu/scratch/sr-diffusion/benchmarks/div2k/DIV2K_valid_LR_bicubic/X4/0888x4.png,29.05220551841627,27.5604678932014,0.8447629206197457,0.8245712464976535
DIV2K,0888,v3,/home/ubuntu/scratch/sr-diffusion/benchmark_outputs/stage2_bicubic_generalization_v3_best11500/DIV2K/0888/base.png,/home/ubuntu/scratch/sr-diffusion/benchmarks/div2k/DIV2K_valid_HR/0888.png,/home/ubuntu/scratch/sr-diffusion/benchmarks/div2k/DIV2K_valid_LR_bicubic/X4/0888x4.png,31.823763417612646,30.376892711610758,0.896956591209627,0.8798953566217973
DIV2K,0888,bridge_v2,/home/ubuntu/scratch/sr-diffusion/benchmark_outputs/stage2_robustness_bridge_v2_best1000/DIV2K/0888/base.png,/home/ubuntu/scratch/sr-diffusion/benchmarks/div2k/DIV2K_valid_HR/0888.png,/home/ubuntu/scratch/sr-diffusion/benchmarks/div2k/DIV2K_valid_LR_bicubic/X4/0888x4.png,31.81420627349292,30.361470989835787,0.8971626367686663,0.8801606011503561
DIV2K,0889,bicubic,generated:matlab_bicubic_resize,/home/ubuntu/scratch/sr-diffusion/benchmarks/div2k/DIV2K_valid_HR/0889.png,/home/ubuntu/scratch/sr-diffusion/benchmarks/div2k/DIV2K_valid_LR_bicubic/X4/0889x4.png,28.796657415892287,27.22117864814145,0.8533591721431573,0.8335877105525529
DIV2K,0889,v3,/home/ubuntu/scratch/sr-diffusion/benchmark_outputs/stage2_bicubic_generalization_v3_best11500/DIV2K/0889/base.png,/home/ubuntu/scratch/sr-diffusion/benchmarks/div2k/DIV2K_valid_HR/0889.png,/home/ubuntu/scratch/sr-diffusion/benchmarks/div2k/DIV2K_valid_LR_bicubic/X4/0889x4.png,32.249480442942854,30.578106620140723,0.9177471120011141,0.9030458677462123
DIV2K,0889,bridge_v2,/home/ubuntu/scratch/sr-diffusion/benchmark_outputs/stage2_robustness_bridge_v2_best1000/DIV2K/0889/base.png,/home/ubuntu/scratch/sr-diffusion/benchmarks/div2k/DIV2K_valid_HR/0889.png,/home/ubuntu/scratch/sr-diffusion/benchmarks/div2k/DIV2K_valid_LR_bicubic/X4/0889x4.png,32.131353069184534,30.468615794187194,0.9177352788690917,0.9029156291023083
DIV2K,0890,bicubic,generated:matlab_bicubic_resize,/home/ubuntu/scratch/sr-diffusion/benchmarks/div2k/DIV2K_valid_HR/0890.png,/home/ubuntu/scratch/sr-diffusion/benchmarks/div2k/DIV2K_valid_LR_bicubic/X4/0890x4.png,25.899954838004923,24.594596466012938,0.7074273581750954,0.6940400511523941
DIV2K,0890,v3,/home/ubuntu/scratch/sr-diffusion/benchmark_outputs/stage2_bicubic_generalization_v3_best11500/DIV2K/0890/base.png,/home/ubuntu/scratch/sr-diffusion/benchmarks/div2k/DIV2K_valid_HR/0890.png,/home/ubuntu/scratch/sr-diffusion/benchmarks/div2k/DIV2K_valid_LR_bicubic/X4/0890x4.png,26.505555878530075,25.2105124461777,0.7535919787911196,0.7422612400583032
DIV2K,0890,bridge_v2,/home/ubuntu/scratch/sr-diffusion/benchmark_outputs/stage2_robustness_bridge_v2_best1000/DIV2K/0890/base.png,/home/ubuntu/scratch/sr-diffusion/benchmarks/div2k/DIV2K_valid_HR/0890.png,/home/ubuntu/scratch/sr-diffusion/benchmarks/div2k/DIV2K_valid_LR_bicubic/X4/0890x4.png,26.477393520951665,25.18124282278074,0.7555337535486853,0.7442445837580992
DIV2K,0891,bicubic,generated:matlab_bicubic_resize,/home/ubuntu/scratch/sr-diffusion/benchmarks/div2k/DIV2K_valid_HR/0891.png,/home/ubuntu/scratch/sr-diffusion/benchmarks/div2k/DIV2K_valid_LR_bicubic/X4/0891x4.png,25.104913819513165,23.799262578641958,0.7275471856761191,0.7047911748069247
DIV2K,0891,v3,/home/ubuntu/scratch/sr-diffusion/benchmark_outputs/stage2_bicubic_generalization_v3_best11500/DIV2K/0891/base.png,/home/ubuntu/scratch/sr-diffusion/benchmarks/div2k/DIV2K_valid_HR/0891.png,/home/ubuntu/scratch/sr-diffusion/benchmarks/div2k/DIV2K_valid_LR_bicubic/X4/0891x4.png,27.91834553736463,26.60745616717921,0.8395763675837687,0.8175530474879275
DIV2K,0891,bridge_v2,/home/ubuntu/scratch/sr-diffusion/benchmark_outputs/stage2_robustness_bridge_v2_best1000/DIV2K/0891/base.png,/home/ubuntu/scratch/sr-diffusion/benchmarks/div2k/DIV2K_valid_HR/0891.png,/home/ubuntu/scratch/sr-diffusion/benchmarks/div2k/DIV2K_valid_LR_bicubic/X4/0891x4.png,27.900550640232623,26.585216092982343,0.8392485789232293,0.8170758289566807
DIV2K,0892,bicubic,generated:matlab_bicubic_resize,/home/ubuntu/scratch/sr-diffusion/benchmarks/div2k/DIV2K_valid_HR/0892.png,/home/ubuntu/scratch/sr-diffusion/benchmarks/div2k/DIV2K_valid_LR_bicubic/X4/0892x4.png,26.57078744165719,25.29440848248194,0.8041714754118309,0.7906969342943561
DIV2K,0892,v3,/home/ubuntu/scratch/sr-diffusion/benchmark_outputs/stage2_bicubic_generalization_v3_best11500/DIV2K/0892/base.png,/home/ubuntu/scratch/sr-diffusion/benchmarks/div2k/DIV2K_valid_HR/0892.png,/home/ubuntu/scratch/sr-diffusion/benchmarks/div2k/DIV2K_valid_LR_bicubic/X4/0892x4.png,30.63112581702228,29.25476663241377,0.9095629647853187,0.8985689493752215
DIV2K,0892,bridge_v2,/home/ubuntu/scratch/sr-diffusion/benchmark_outputs/stage2_robustness_bridge_v2_best1000/DIV2K/0892/base.png,/home/ubuntu/scratch/sr-diffusion/benchmarks/div2k/DIV2K_valid_HR/0892.png,/home/ubuntu/scratch/sr-diffusion/benchmarks/div2k/DIV2K_valid_LR_bicubic/X4/0892x4.png,30.633379479449868,29.258100910761268,0.9102519109806133,0.8992954133171689
DIV2K,0893,bicubic,generated:matlab_bicubic_resize,/home/ubuntu/scratch/sr-diffusion/benchmarks/div2k/DIV2K_valid_HR/0893.png,/home/ubuntu/scratch/sr-diffusion/benchmarks/div2k/DIV2K_valid_LR_bicubic/X4/0893x4.png,32.524773611385115,30.978702819223265,0.8279593162739151,0.7898480984000941
DIV2K,0893,v3,/home/ubuntu/scratch/sr-diffusion/benchmark_outputs/stage2_bicubic_generalization_v3_best11500/DIV2K/0893/base.png,/home/ubuntu/scratch/sr-diffusion/benchmarks/div2k/DIV2K_valid_HR/0893.png,/home/ubuntu/scratch/sr-diffusion/benchmarks/div2k/DIV2K_valid_LR_bicubic/X4/0893x4.png,34.62047277748698,33.09342858322955,0.8503932679464297,0.8135251754356534
DIV2K,0893,bridge_v2,/home/ubuntu/scratch/sr-diffusion/benchmark_outputs/stage2_robustness_bridge_v2_best1000/DIV2K/0893/base.png,/home/ubuntu/scratch/sr-diffusion/benchmarks/div2k/DIV2K_valid_HR/0893.png,/home/ubuntu/scratch/sr-diffusion/benchmarks/div2k/DIV2K_valid_LR_bicubic/X4/0893x4.png,34.61440305042188,33.08895699530491,0.8505867103623844,0.8137168378185354
DIV2K,0894,bicubic,generated:matlab_bicubic_resize,/home/ubuntu/scratch/sr-diffusion/benchmarks/div2k/DIV2K_valid_HR/0894.png,/home/ubuntu/scratch/sr-diffusion/benchmarks/div2k/DIV2K_valid_LR_bicubic/X4/0894x4.png,30.739337680331985,29.343367348939225,0.8635810337834654,0.8458350800161888
DIV2K,0894,v3,/home/ubuntu/scratch/sr-diffusion/benchmark_outputs/stage2_bicubic_generalization_v3_best11500/DIV2K/0894/base.png,/home/ubuntu/scratch/sr-diffusion/benchmarks/div2k/DIV2K_valid_HR/0894.png,/home/ubuntu/scratch/sr-diffusion/benchmarks/div2k/DIV2K_valid_LR_bicubic/X4/0894x4.png,32.99840328522497,31.62220839730026,0.9030735802256428,0.8883128088692401
DIV2K,0894,bridge_v2,/home/ubuntu/scratch/sr-diffusion/benchmark_outputs/stage2_robustness_bridge_v2_best1000/DIV2K/0894/base.png,/home/ubuntu/scratch/sr-diffusion/benchmarks/div2k/DIV2K_valid_HR/0894.png,/home/ubuntu/scratch/sr-diffusion/benchmarks/div2k/DIV2K_valid_LR_bicubic/X4/0894x4.png,32.983016432994084,31.599580946618016,0.9031839957081146,0.8884006975819502
DIV2K,0895,bicubic,generated:matlab_bicubic_resize,/home/ubuntu/scratch/sr-diffusion/benchmarks/div2k/DIV2K_valid_HR/0895.png,/home/ubuntu/scratch/sr-diffusion/benchmarks/div2k/DIV2K_valid_LR_bicubic/X4/0895x4.png,21.034498832028884,19.719265494766923,0.49905801182492426,0.47684620262602806
DIV2K,0895,v3,/home/ubuntu/scratch/sr-diffusion/benchmark_outputs/stage2_bicubic_generalization_v3_best11500/DIV2K/0895/base.png,/home/ubuntu/scratch/sr-diffusion/benchmarks/div2k/DIV2K_valid_HR/0895.png,/home/ubuntu/scratch/sr-diffusion/benchmarks/div2k/DIV2K_valid_LR_bicubic/X4/0895x4.png,21.63114411037714,20.306165616756616,0.5927344912916792,0.5738571998978026
DIV2K,0895,bridge_v2,/home/ubuntu/scratch/sr-diffusion/benchmark_outputs/stage2_robustness_bridge_v2_best1000/DIV2K/0895/base.png,/home/ubuntu/scratch/sr-diffusion/benchmarks/div2k/DIV2K_valid_HR/0895.png,/home/ubuntu/scratch/sr-diffusion/benchmarks/div2k/DIV2K_valid_LR_bicubic/X4/0895x4.png,21.636983011934284,20.31128032330061,0.5925589131543733,0.5736520956343402
DIV2K,0896,bicubic,generated:matlab_bicubic_resize,/home/ubuntu/scratch/sr-diffusion/benchmarks/div2k/DIV2K_valid_HR/0896.png,/home/ubuntu/scratch/sr-diffusion/benchmarks/div2k/DIV2K_valid_LR_bicubic/X4/0896x4.png,34.926128738567066,33.51237444146571,0.9450622254346444,0.9252180732354267
DIV2K,0896,v3,/home/ubuntu/scratch/sr-diffusion/benchmark_outputs/stage2_bicubic_generalization_v3_best11500/DIV2K/0896/base.png,/home/ubuntu/scratch/sr-diffusion/benchmarks/div2k/DIV2K_valid_HR/0896.png,/home/ubuntu/scratch/sr-diffusion/benchmarks/div2k/DIV2K_valid_LR_bicubic/X4/0896x4.png,40.43811053131699,38.60704114953521,0.9592318145764329,0.9398079671459811
DIV2K,0896,bridge_v2,/home/ubuntu/scratch/sr-diffusion/benchmark_outputs/stage2_robustness_bridge_v2_best1000/DIV2K/0896/base.png,/home/ubuntu/scratch/sr-diffusion/benchmarks/div2k/DIV2K_valid_HR/0896.png,/home/ubuntu/scratch/sr-diffusion/benchmarks/div2k/DIV2K_valid_LR_bicubic/X4/0896x4.png,40.119249546876276,38.30626627007128,0.9591188008773048,0.9395219882999312
DIV2K,0897,bicubic,generated:matlab_bicubic_resize,/home/ubuntu/scratch/sr-diffusion/benchmarks/div2k/DIV2K_valid_HR/0897.png,/home/ubuntu/scratch/sr-diffusion/benchmarks/div2k/DIV2K_valid_LR_bicubic/X4/0897x4.png,21.989878054736604,20.89749370466705,0.6260526715555877,0.5878256296779435
DIV2K,0897,v3,/home/ubuntu/scratch/sr-diffusion/benchmark_outputs/stage2_bicubic_generalization_v3_best11500/DIV2K/0897/base.png,/home/ubuntu/scratch/sr-diffusion/benchmarks/div2k/DIV2K_valid_HR/0897.png,/home/ubuntu/scratch/sr-diffusion/benchmarks/div2k/DIV2K_valid_LR_bicubic/X4/0897x4.png,22.987439470788278,21.846914209570407,0.7155926188543377,0.6806265968206141
DIV2K,0897,bridge_v2,/home/ubuntu/scratch/sr-diffusion/benchmark_outputs/stage2_robustness_bridge_v2_best1000/DIV2K/0897/base.png,/home/ubuntu/scratch/sr-diffusion/benchmarks/div2k/DIV2K_valid_HR/0897.png,/home/ubuntu/scratch/sr-diffusion/benchmarks/div2k/DIV2K_valid_LR_bicubic/X4/0897x4.png,22.88131942998399,21.743775688707608,0.7153064036944639,0.6780976837576107
DIV2K,0898,bicubic,generated:matlab_bicubic_resize,/home/ubuntu/scratch/sr-diffusion/benchmarks/div2k/DIV2K_valid_HR/0898.png,/home/ubuntu/scratch/sr-diffusion/benchmarks/div2k/DIV2K_valid_LR_bicubic/X4/0898x4.png,33.0788056753139,31.561386489853334,0.9094627159705704,0.8860976440029417
DIV2K,0898,v3,/home/ubuntu/scratch/sr-diffusion/benchmark_outputs/stage2_bicubic_generalization_v3_best11500/DIV2K/0898/base.png,/home/ubuntu/scratch/sr-diffusion/benchmarks/div2k/DIV2K_valid_HR/0898.png,/home/ubuntu/scratch/sr-diffusion/benchmarks/div2k/DIV2K_valid_LR_bicubic/X4/0898x4.png,35.591410046499604,34.03806326332286,0.9293559346774063,0.9054051367374303
DIV2K,0898,bridge_v2,/home/ubuntu/scratch/sr-diffusion/benchmark_outputs/stage2_robustness_bridge_v2_best1000/DIV2K/0898/base.png,/home/ubuntu/scratch/sr-diffusion/benchmarks/div2k/DIV2K_valid_HR/0898.png,/home/ubuntu/scratch/sr-diffusion/benchmarks/div2k/DIV2K_valid_LR_bicubic/X4/0898x4.png,35.55116797512352,33.986880255779404,0.928799562308508,0.9044815083319339
DIV2K,0899,bicubic,generated:matlab_bicubic_resize,/home/ubuntu/scratch/sr-diffusion/benchmarks/div2k/DIV2K_valid_HR/0899.png,/home/ubuntu/scratch/sr-diffusion/benchmarks/div2k/DIV2K_valid_LR_bicubic/X4/0899x4.png,27.52752355169043,26.251827225588514,0.8396631687608713,0.8218287074995767
DIV2K,0899,v3,/home/ubuntu/scratch/sr-diffusion/benchmark_outputs/stage2_bicubic_generalization_v3_best11500/DIV2K/0899/base.png,/home/ubuntu/scratch/sr-diffusion/benchmarks/div2k/DIV2K_valid_HR/0899.png,/home/ubuntu/scratch/sr-diffusion/benchmarks/div2k/DIV2K_valid_LR_bicubic/X4/0899x4.png,32.10175210076376,30.834639258659063,0.9107548545497445,0.8942078692946183
DIV2K,0899,bridge_v2,/home/ubuntu/scratch/sr-diffusion/benchmark_outputs/stage2_robustness_bridge_v2_best1000/DIV2K/0899/base.png,/home/ubuntu/scratch/sr-diffusion/benchmarks/div2k/DIV2K_valid_HR/0899.png,/home/ubuntu/scratch/sr-diffusion/benchmarks/div2k/DIV2K_valid_LR_bicubic/X4/0899x4.png,32.07548370763135,30.807941260628617,0.9104204694470238,0.8938782725002489
DIV2K,0900,bicubic,generated:matlab_bicubic_resize,/home/ubuntu/scratch/sr-diffusion/benchmarks/div2k/DIV2K_valid_HR/0900.png,/home/ubuntu/scratch/sr-diffusion/benchmarks/div2k/DIV2K_valid_LR_bicubic/X4/0900x4.png,25.213752267128676,24.165001637123133,0.7793385761806038,0.7631525935717841
DIV2K,0900,v3,/home/ubuntu/scratch/sr-diffusion/benchmark_outputs/stage2_bicubic_generalization_v3_best11500/DIV2K/0900/base.png,/home/ubuntu/scratch/sr-diffusion/benchmarks/div2k/DIV2K_valid_HR/0900.png,/home/ubuntu/scratch/sr-diffusion/benchmarks/div2k/DIV2K_valid_LR_bicubic/X4/0900x4.png,28.959331717968656,27.780526973574453,0.8752838370683643,0.8521647209471791
DIV2K,0900,bridge_v2,/home/ubuntu/scratch/sr-diffusion/benchmark_outputs/stage2_robustness_bridge_v2_best1000/DIV2K/0900/base.png,/home/ubuntu/scratch/sr-diffusion/benchmarks/div2k/DIV2K_valid_HR/0900.png,/home/ubuntu/scratch/sr-diffusion/benchmarks/div2k/DIV2K_valid_LR_bicubic/X4/0900x4.png,28.969510183199056,27.79124947826387,0.8751037274726229,0.8534958496722456
Set5,img_001,bicubic,generated:matlab_bicubic_resize,/home/ubuntu/scratch/sr-diffusion/benchmarks/selfexsr/SelfExSR-master/data/Set5/image_SRF_4/img_001_SRF_4_HR.png,/home/ubuntu/scratch/sr-diffusion/benchmarks/selfexsr/SelfExSR-master/data/Set5/image_SRF_4/img_001_SRF_4_LR.png,31.78644431960816,30.36962867013581,0.8576563348104564,0.8287889836474539
Set5,img_001,v3,/home/ubuntu/scratch/sr-diffusion/benchmark_outputs/stage2_bicubic_generalization_v3_best11500/Set5/img_001/base.png,/home/ubuntu/scratch/sr-diffusion/benchmarks/selfexsr/SelfExSR-master/data/Set5/image_SRF_4/img_001_SRF_4_HR.png,/home/ubuntu/scratch/sr-diffusion/benchmarks/selfexsr/SelfExSR-master/data/Set5/image_SRF_4/img_001_SRF_4_LR.png,33.7382158777188,32.21040749070352,0.8932723761179849,0.8672843799488419
Set5,img_001,bridge_v2,/home/ubuntu/scratch/sr-diffusion/benchmark_outputs/stage2_robustness_bridge_v2_best1000/Set5/img_001/base.png,/home/ubuntu/scratch/sr-diffusion/benchmarks/selfexsr/SelfExSR-master/data/Set5/image_SRF_4/img_001_SRF_4_HR.png,/home/ubuntu/scratch/sr-diffusion/benchmarks/selfexsr/SelfExSR-master/data/Set5/image_SRF_4/img_001_SRF_4_LR.png,33.714915352296174,32.17685015150912,0.894312374168598,0.8685794022451095
Set5,img_002,bicubic,generated:matlab_bicubic_resize,/home/ubuntu/scratch/sr-diffusion/benchmarks/selfexsr/SelfExSR-master/data/Set5/image_SRF_4/img_002_SRF_4_HR.png,/home/ubuntu/scratch/sr-diffusion/benchmarks/selfexsr/SelfExSR-master/data/Set5/image_SRF_4/img_002_SRF_4_LR.png,30.187039204040854,28.21878365581817,0.8738086449040812,0.8487544677565205
Set5,img_002,v3,/home/ubuntu/scratch/sr-diffusion/benchmark_outputs/stage2_bicubic_generalization_v3_best11500/Set5/img_002/base.png,/home/ubuntu/scratch/sr-diffusion/benchmarks/selfexsr/SelfExSR-master/data/Set5/image_SRF_4/img_002_SRF_4_HR.png,/home/ubuntu/scratch/sr-diffusion/benchmarks/selfexsr/SelfExSR-master/data/Set5/image_SRF_4/img_002_SRF_4_LR.png,34.316408984150556,32.03391232944872,0.9381334902217371,0.9129631455520087
Set5,img_002,bridge_v2,/home/ubuntu/scratch/sr-diffusion/benchmark_outputs/stage2_robustness_bridge_v2_best1000/Set5/img_002/base.png,/home/ubuntu/scratch/sr-diffusion/benchmarks/selfexsr/SelfExSR-master/data/Set5/image_SRF_4/img_002_SRF_4_HR.png,/home/ubuntu/scratch/sr-diffusion/benchmarks/selfexsr/SelfExSR-master/data/Set5/image_SRF_4/img_002_SRF_4_LR.png,34.27858791974139,31.988777472478116,0.9382766159167057,0.9127939774646286
Set5,img_003,bicubic,generated:matlab_bicubic_resize,/home/ubuntu/scratch/sr-diffusion/benchmarks/selfexsr/SelfExSR-master/data/Set5/image_SRF_4/img_003_SRF_4_HR.png,/home/ubuntu/scratch/sr-diffusion/benchmarks/selfexsr/SelfExSR-master/data/Set5/image_SRF_4/img_003_SRF_4_LR.png,22.10101141896677,20.865133023716393,0.7374837825309141,0.7012266482200533
Set5,img_003,v3,/home/ubuntu/scratch/sr-diffusion/benchmark_outputs/stage2_bicubic_generalization_v3_best11500/Set5/img_003/base.png,/home/ubuntu/scratch/sr-diffusion/benchmarks/selfexsr/SelfExSR-master/data/Set5/image_SRF_4/img_003_SRF_4_HR.png,/home/ubuntu/scratch/sr-diffusion/benchmarks/selfexsr/SelfExSR-master/data/Set5/image_SRF_4/img_003_SRF_4_LR.png,27.674069458202332,26.22656876282523,0.9147834586189396,0.8923551036621061
Set5,img_003,bridge_v2,/home/ubuntu/scratch/sr-diffusion/benchmark_outputs/stage2_robustness_bridge_v2_best1000/Set5/img_003/base.png,/home/ubuntu/scratch/sr-diffusion/benchmarks/selfexsr/SelfExSR-master/data/Set5/image_SRF_4/img_003_SRF_4_HR.png,/home/ubuntu/scratch/sr-diffusion/benchmarks/selfexsr/SelfExSR-master/data/Set5/image_SRF_4/img_003_SRF_4_LR.png,27.719044913695825,26.262981824672092,0.9153246957655958,0.8926577390563416
Set5,img_004,bicubic,generated:matlab_bicubic_resize,/home/ubuntu/scratch/sr-diffusion/benchmarks/selfexsr/SelfExSR-master/data/Set5/image_SRF_4/img_004_SRF_4_HR.png,/home/ubuntu/scratch/sr-diffusion/benchmarks/selfexsr/SelfExSR-master/data/Set5/image_SRF_4/img_004_SRF_4_LR.png,31.615044379089795,28.893878067925943,0.7546651990438243,0.673476973043872
Set5,img_004,v3,/home/ubuntu/scratch/sr-diffusion/benchmark_outputs/stage2_bicubic_generalization_v3_best11500/Set5/img_004/base.png,/home/ubuntu/scratch/sr-diffusion/benchmarks/selfexsr/SelfExSR-master/data/Set5/image_SRF_4/img_004_SRF_4_HR.png,/home/ubuntu/scratch/sr-diffusion/benchmarks/selfexsr/SelfExSR-master/data/Set5/image_SRF_4/img_004_SRF_4_LR.png,32.8078841450148,29.793794382086976,0.794263400156298,0.7132130246354403
Set5,img_004,bridge_v2,/home/ubuntu/scratch/sr-diffusion/benchmark_outputs/stage2_robustness_bridge_v2_best1000/Set5/img_004/base.png,/home/ubuntu/scratch/sr-diffusion/benchmarks/selfexsr/SelfExSR-master/data/Set5/image_SRF_4/img_004_SRF_4_HR.png,/home/ubuntu/scratch/sr-diffusion/benchmarks/selfexsr/SelfExSR-master/data/Set5/image_SRF_4/img_004_SRF_4_LR.png,32.77475572775775,29.771788592985654,0.7955188054975423,0.7131179380365174
Set5,img_005,bicubic,generated:matlab_bicubic_resize,/home/ubuntu/scratch/sr-diffusion/benchmarks/selfexsr/SelfExSR-master/data/Set5/image_SRF_4/img_005_SRF_4_HR.png,/home/ubuntu/scratch/sr-diffusion/benchmarks/selfexsr/SelfExSR-master/data/Set5/image_SRF_4/img_005_SRF_4_LR.png,26.469228437508818,25.132357747489973,0.8326993870636418,0.8145988666039453
Set5,img_005,v3,/home/ubuntu/scratch/sr-diffusion/benchmark_outputs/stage2_bicubic_generalization_v3_best11500/Set5/img_005/base.png,/home/ubuntu/scratch/sr-diffusion/benchmarks/selfexsr/SelfExSR-master/data/Set5/image_SRF_4/img_005_SRF_4_HR.png,/home/ubuntu/scratch/sr-diffusion/benchmarks/selfexsr/SelfExSR-master/data/Set5/image_SRF_4/img_005_SRF_4_LR.png,30.263897308079546,28.84166557879709,0.9082157535937844,0.8948536279983615
Set5,img_005,bridge_v2,/home/ubuntu/scratch/sr-diffusion/benchmark_outputs/stage2_robustness_bridge_v2_best1000/Set5/img_005/base.png,/home/ubuntu/scratch/sr-diffusion/benchmarks/selfexsr/SelfExSR-master/data/Set5/image_SRF_4/img_005_SRF_4_HR.png,/home/ubuntu/scratch/sr-diffusion/benchmarks/selfexsr/SelfExSR-master/data/Set5/image_SRF_4/img_005_SRF_4_LR.png,30.39270357505078,28.88084542610551,0.9096446267305934,0.8938323977678225
Set14,img_001,bicubic,generated:matlab_bicubic_resize,/home/ubuntu/scratch/sr-diffusion/benchmarks/selfexsr/SelfExSR-master/data/Set14/image_SRF_4/img_001_SRF_4_HR.png,/home/ubuntu/scratch/sr-diffusion/benchmarks/selfexsr/SelfExSR-master/data/Set14/image_SRF_4/img_001_SRF_4_LR.png,22.438539562079363,20.426101423819,0.4528149568741965,0.3908910604689663
Set14,img_001,v3,/home/ubuntu/scratch/sr-diffusion/benchmark_outputs/stage2_bicubic_generalization_v3_best11500/Set14/img_001/base.png,/home/ubuntu/scratch/sr-diffusion/benchmarks/selfexsr/SelfExSR-master/data/Set14/image_SRF_4/img_001_SRF_4_HR.png,/home/ubuntu/scratch/sr-diffusion/benchmarks/selfexsr/SelfExSR-master/data/Set14/image_SRF_4/img_001_SRF_4_LR.png,22.87991167444345,20.864911370392445,0.5324132627359837,0.46804995258125687
Set14,img_001,bridge_v2,/home/ubuntu/scratch/sr-diffusion/benchmark_outputs/stage2_robustness_bridge_v2_best1000/Set14/img_001/base.png,/home/ubuntu/scratch/sr-diffusion/benchmarks/selfexsr/SelfExSR-master/data/Set14/image_SRF_4/img_001_SRF_4_HR.png,/home/ubuntu/scratch/sr-diffusion/benchmarks/selfexsr/SelfExSR-master/data/Set14/image_SRF_4/img_001_SRF_4_LR.png,22.868385270029002,20.852475453663022,0.5348105463402463,0.4704030925212009
Set14,img_002,bicubic,generated:matlab_bicubic_resize,/home/ubuntu/scratch/sr-diffusion/benchmarks/selfexsr/SelfExSR-master/data/Set14/image_SRF_4/img_002_SRF_4_HR.png,/home/ubuntu/scratch/sr-diffusion/benchmarks/selfexsr/SelfExSR-master/data/Set14/image_SRF_4/img_002_SRF_4_LR.png,25.148765403428214,23.622110738449962,0.6870669895797502,0.6494997824723283
Set14,img_002,v3,/home/ubuntu/scratch/sr-diffusion/benchmark_outputs/stage2_bicubic_generalization_v3_best11500/Set14/img_002/base.png,/home/ubuntu/scratch/sr-diffusion/benchmarks/selfexsr/SelfExSR-master/data/Set14/image_SRF_4/img_002_SRF_4_HR.png,/home/ubuntu/scratch/sr-diffusion/benchmarks/selfexsr/SelfExSR-master/data/Set14/image_SRF_4/img_002_SRF_4_LR.png,25.896399641501464,24.362700674391032,0.7479089481903274,0.7135006975710448
Set14,img_002,bridge_v2,/home/ubuntu/scratch/sr-diffusion/benchmark_outputs/stage2_robustness_bridge_v2_best1000/Set14/img_002/base.png,/home/ubuntu/scratch/sr-diffusion/benchmarks/selfexsr/SelfExSR-master/data/Set14/image_SRF_4/img_002_SRF_4_HR.png,/home/ubuntu/scratch/sr-diffusion/benchmarks/selfexsr/SelfExSR-master/data/Set14/image_SRF_4/img_002_SRF_4_LR.png,25.75929501851258,24.225750243871744,0.747157468107765,0.7129433700143512
Set14,img_003,bicubic,generated:matlab_bicubic_resize,/home/ubuntu/scratch/sr-diffusion/benchmarks/selfexsr/SelfExSR-master/data/Set14/image_SRF_4/img_003_SRF_4_HR.png,/home/ubuntu/scratch/sr-diffusion/benchmarks/selfexsr/SelfExSR-master/data/Set14/image_SRF_4/img_003_SRF_4_LR.png,24.467984282080238,23.146062970203506,0.5666729215010292,0.5402903592065974
Set14,img_003,v3,/home/ubuntu/scratch/sr-diffusion/benchmark_outputs/stage2_bicubic_generalization_v3_best11500/Set14/img_003/base.png,/home/ubuntu/scratch/sr-diffusion/benchmarks/selfexsr/SelfExSR-master/data/Set14/image_SRF_4/img_003_SRF_4_HR.png,/home/ubuntu/scratch/sr-diffusion/benchmarks/selfexsr/SelfExSR-master/data/Set14/image_SRF_4/img_003_SRF_4_LR.png,25.403630116284358,24.078055828144052,0.6501690708868513,0.6293716718168533
Set14,img_003,bridge_v2,/home/ubuntu/scratch/sr-diffusion/benchmark_outputs/stage2_robustness_bridge_v2_best1000/Set14/img_003/base.png,/home/ubuntu/scratch/sr-diffusion/benchmarks/selfexsr/SelfExSR-master/data/Set14/image_SRF_4/img_003_SRF_4_HR.png,/home/ubuntu/scratch/sr-diffusion/benchmarks/selfexsr/SelfExSR-master/data/Set14/image_SRF_4/img_003_SRF_4_LR.png,25.384804943335183,24.058631212347645,0.6491010456961968,0.6280979976726325
Set14,img_004,bicubic,generated:matlab_bicubic_resize,/home/ubuntu/scratch/sr-diffusion/benchmarks/selfexsr/SelfExSR-master/data/Set14/image_SRF_4/img_004_SRF_4_HR.png,/home/ubuntu/scratch/sr-diffusion/benchmarks/selfexsr/SelfExSR-master/data/Set14/image_SRF_4/img_004_SRF_4_LR.png,25.47568074536597,24.148822449279955,0.5222966648514882,0.47878570980352236
Set14,img_004,v3,/home/ubuntu/scratch/sr-diffusion/benchmark_outputs/stage2_bicubic_generalization_v3_best11500/Set14/img_004/base.png,/home/ubuntu/scratch/sr-diffusion/benchmarks/selfexsr/SelfExSR-master/data/Set14/image_SRF_4/img_004_SRF_4_HR.png,/home/ubuntu/scratch/sr-diffusion/benchmarks/selfexsr/SelfExSR-master/data/Set14/image_SRF_4/img_004_SRF_4_LR.png,26.36254713868505,25.02488151611415,0.5764162429175056,0.5379062882740758
Set14,img_004,bridge_v2,/home/ubuntu/scratch/sr-diffusion/benchmark_outputs/stage2_robustness_bridge_v2_best1000/Set14/img_004/base.png,/home/ubuntu/scratch/sr-diffusion/benchmarks/selfexsr/SelfExSR-master/data/Set14/image_SRF_4/img_004_SRF_4_HR.png,/home/ubuntu/scratch/sr-diffusion/benchmarks/selfexsr/SelfExSR-master/data/Set14/image_SRF_4/img_004_SRF_4_LR.png,26.356012111517174,25.017334345806002,0.5745816461994901,0.5357171945258371
Set14,img_005,bicubic,generated:matlab_bicubic_resize,/home/ubuntu/scratch/sr-diffusion/benchmarks/selfexsr/SelfExSR-master/data/Set14/image_SRF_4/img_005_SRF_4_HR.png,/home/ubuntu/scratch/sr-diffusion/benchmarks/selfexsr/SelfExSR-master/data/Set14/image_SRF_4/img_005_SRF_4_LR.png,21.691584246329803,20.206558848287948,0.5837121821599296,0.5666020474108563
Set14,img_005,v3,/home/ubuntu/scratch/sr-diffusion/benchmark_outputs/stage2_bicubic_generalization_v3_best11500/Set14/img_005/base.png,/home/ubuntu/scratch/sr-diffusion/benchmarks/selfexsr/SelfExSR-master/data/Set14/image_SRF_4/img_005_SRF_4_HR.png,/home/ubuntu/scratch/sr-diffusion/benchmarks/selfexsr/SelfExSR-master/data/Set14/image_SRF_4/img_005_SRF_4_LR.png,23.276117477898385,21.76078862817692,0.7163192519989939,0.6976999082243477
Set14,img_005,bridge_v2,/home/ubuntu/scratch/sr-diffusion/benchmark_outputs/stage2_robustness_bridge_v2_best1000/Set14/img_005/base.png,/home/ubuntu/scratch/sr-diffusion/benchmarks/selfexsr/SelfExSR-master/data/Set14/image_SRF_4/img_005_SRF_4_HR.png,/home/ubuntu/scratch/sr-diffusion/benchmarks/selfexsr/SelfExSR-master/data/Set14/image_SRF_4/img_005_SRF_4_LR.png,23.284710070228243,21.769091366486656,0.7143736712612883,0.6956646053712746
Set14,img_006,bicubic,generated:matlab_bicubic_resize,/home/ubuntu/scratch/sr-diffusion/benchmarks/selfexsr/SelfExSR-master/data/Set14/image_SRF_4/img_006_SRF_4_HR.png,/home/ubuntu/scratch/sr-diffusion/benchmarks/selfexsr/SelfExSR-master/data/Set14/image_SRF_4/img_006_SRF_4_LR.png,31.579034313181214,28.855726524648496,0.7529349310150952,0.671835281646958
Set14,img_006,v3,/home/ubuntu/scratch/sr-diffusion/benchmark_outputs/stage2_bicubic_generalization_v3_best11500/Set14/img_006/base.png,/home/ubuntu/scratch/sr-diffusion/benchmarks/selfexsr/SelfExSR-master/data/Set14/image_SRF_4/img_006_SRF_4_HR.png,/home/ubuntu/scratch/sr-diffusion/benchmarks/selfexsr/SelfExSR-master/data/Set14/image_SRF_4/img_006_SRF_4_LR.png,32.81149771103809,29.786877105280638,0.7934026856757102,0.7127587234163695
Set14,img_006,bridge_v2,/home/ubuntu/scratch/sr-diffusion/benchmark_outputs/stage2_robustness_bridge_v2_best1000/Set14/img_006/base.png,/home/ubuntu/scratch/sr-diffusion/benchmarks/selfexsr/SelfExSR-master/data/Set14/image_SRF_4/img_006_SRF_4_HR.png,/home/ubuntu/scratch/sr-diffusion/benchmarks/selfexsr/SelfExSR-master/data/Set14/image_SRF_4/img_006_SRF_4_LR.png,32.79338408161716,29.775034400429263,0.7949275129769582,0.7138019362557714
Set14,img_007,bicubic,generated:matlab_bicubic_resize,/home/ubuntu/scratch/sr-diffusion/benchmarks/selfexsr/SelfExSR-master/data/Set14/image_SRF_4/img_007_SRF_4_HR.png,/home/ubuntu/scratch/sr-diffusion/benchmarks/selfexsr/SelfExSR-master/data/Set14/image_SRF_4/img_007_SRF_4_LR.png,25.522553042397767,23.71370526905103,0.7221104536160406,0.6950639370122467
Set14,img_007,v3,/home/ubuntu/scratch/sr-diffusion/benchmark_outputs/stage2_bicubic_generalization_v3_best11500/Set14/img_007/base.png,/home/ubuntu/scratch/sr-diffusion/benchmarks/selfexsr/SelfExSR-master/data/Set14/image_SRF_4/img_007_SRF_4_HR.png,/home/ubuntu/scratch/sr-diffusion/benchmarks/selfexsr/SelfExSR-master/data/Set14/image_SRF_4/img_007_SRF_4_LR.png,27.875447108199808,25.8741997812716,0.8080084120318857,0.7770837019182287
Set14,img_007,bridge_v2,/home/ubuntu/scratch/sr-diffusion/benchmark_outputs/stage2_robustness_bridge_v2_best1000/Set14/img_007/base.png,/home/ubuntu/scratch/sr-diffusion/benchmarks/selfexsr/SelfExSR-master/data/Set14/image_SRF_4/img_007_SRF_4_HR.png,/home/ubuntu/scratch/sr-diffusion/benchmarks/selfexsr/SelfExSR-master/data/Set14/image_SRF_4/img_007_SRF_4_LR.png,27.87915068955919,25.874900483331395,0.807780770177312,0.7764420471464358
Set14,img_008,bicubic,generated:matlab_bicubic_resize,/home/ubuntu/scratch/sr-diffusion/benchmarks/selfexsr/SelfExSR-master/data/Set14/image_SRF_4/img_008_SRF_4_HR.png,/home/ubuntu/scratch/sr-diffusion/benchmarks/selfexsr/SelfExSR-master/data/Set14/image_SRF_4/img_008_SRF_4_LR.png,29.399180980865744,27.942815764750627,0.8667537393949221,0.8471641899868861
Set14,img_008,v3,/home/ubuntu/scratch/sr-diffusion/benchmark_outputs/stage2_bicubic_generalization_v3_best11500/Set14/img_008/base.png,/home/ubuntu/scratch/sr-diffusion/benchmarks/selfexsr/SelfExSR-master/data/Set14/image_SRF_4/img_008_SRF_4_HR.png,/home/ubuntu/scratch/sr-diffusion/benchmarks/selfexsr/SelfExSR-master/data/Set14/image_SRF_4/img_008_SRF_4_LR.png,33.26848493395013,31.648141512936654,0.9273149174437969,0.9104172613473969
Set14,img_008,bridge_v2,/home/ubuntu/scratch/sr-diffusion/benchmark_outputs/stage2_robustness_bridge_v2_best1000/Set14/img_008/base.png,/home/ubuntu/scratch/sr-diffusion/benchmarks/selfexsr/SelfExSR-master/data/Set14/image_SRF_4/img_008_SRF_4_HR.png,/home/ubuntu/scratch/sr-diffusion/benchmarks/selfexsr/SelfExSR-master/data/Set14/image_SRF_4/img_008_SRF_4_LR.png,33.27917985131978,31.649742718681537,0.9279614895200854,0.9108118367502991
Set14,img_009,bicubic,generated:matlab_bicubic_resize,/home/ubuntu/scratch/sr-diffusion/benchmarks/selfexsr/SelfExSR-master/data/Set14/image_SRF_4/img_009_SRF_4_HR.png,/home/ubuntu/scratch/sr-diffusion/benchmarks/selfexsr/SelfExSR-master/data/Set14/image_SRF_4/img_009_SRF_4_LR.png,29.83956362715532,28.285882235641875,0.8143334339419335,0.7398948976507816
Set14,img_009,v3,/home/ubuntu/scratch/sr-diffusion/benchmark_outputs/stage2_bicubic_generalization_v3_best11500/Set14/img_009/base.png,/home/ubuntu/scratch/sr-diffusion/benchmarks/selfexsr/SelfExSR-master/data/Set14/image_SRF_4/img_009_SRF_4_HR.png,/home/ubuntu/scratch/sr-diffusion/benchmarks/selfexsr/SelfExSR-master/data/Set14/image_SRF_4/img_009_SRF_4_LR.png,32.19001618134504,30.129688185331815,0.8600202176009966,0.7844832493527951
Set14,img_009,bridge_v2,/home/ubuntu/scratch/sr-diffusion/benchmark_outputs/stage2_robustness_bridge_v2_best1000/Set14/img_009/base.png,/home/ubuntu/scratch/sr-diffusion/benchmarks/selfexsr/SelfExSR-master/data/Set14/image_SRF_4/img_009_SRF_4_HR.png,/home/ubuntu/scratch/sr-diffusion/benchmarks/selfexsr/SelfExSR-master/data/Set14/image_SRF_4/img_009_SRF_4_LR.png,32.20594998467996,30.13431756217525,0.860050667712881,0.7844043383126937
Set14,img_010,bicubic,generated:matlab_bicubic_resize,/home/ubuntu/scratch/sr-diffusion/benchmarks/selfexsr/SelfExSR-master/data/Set14/image_SRF_4/img_010_SRF_4_HR.png,/home/ubuntu/scratch/sr-diffusion/benchmarks/selfexsr/SelfExSR-master/data/Set14/image_SRF_4/img_010_SRF_4_LR.png,25.69774964383376,24.375828331957024,0.6763730659141758,0.6442896984785456
Set14,img_010,v3,/home/ubuntu/scratch/sr-diffusion/benchmark_outputs/stage2_bicubic_generalization_v3_best11500/Set14/img_010/base.png,/home/ubuntu/scratch/sr-diffusion/benchmarks/selfexsr/SelfExSR-master/data/Set14/image_SRF_4/img_010_SRF_4_HR.png,/home/ubuntu/scratch/sr-diffusion/benchmarks/selfexsr/SelfExSR-master/data/Set14/image_SRF_4/img_010_SRF_4_LR.png,27.324449038465666,25.998727739515942,0.7512441134843624,0.7238966875048994
Set14,img_010,bridge_v2,/home/ubuntu/scratch/sr-diffusion/benchmark_outputs/stage2_robustness_bridge_v2_best1000/Set14/img_010/base.png,/home/ubuntu/scratch/sr-diffusion/benchmarks/selfexsr/SelfExSR-master/data/Set14/image_SRF_4/img_010_SRF_4_HR.png,/home/ubuntu/scratch/sr-diffusion/benchmarks/selfexsr/SelfExSR-master/data/Set14/image_SRF_4/img_010_SRF_4_LR.png,27.322417738312474,25.996555029899277,0.749704504542693,0.7224636459877413
Set14,img_011,bicubic,generated:matlab_bicubic_resize,/home/ubuntu/scratch/sr-diffusion/benchmarks/selfexsr/SelfExSR-master/data/Set14/image_SRF_4/img_011_SRF_4_HR.png,/home/ubuntu/scratch/sr-diffusion/benchmarks/selfexsr/SelfExSR-master/data/Set14/image_SRF_4/img_011_SRF_4_LR.png,27.460085440327433,26.159299860095608,0.8815876528993428,0.8645013607341226
Set14,img_011,v3,/home/ubuntu/scratch/sr-diffusion/benchmark_outputs/stage2_bicubic_generalization_v3_best11500/Set14/img_011/base.png,/home/ubuntu/scratch/sr-diffusion/benchmarks/selfexsr/SelfExSR-master/data/Set14/image_SRF_4/img_011_SRF_4_HR.png,/home/ubuntu/scratch/sr-diffusion/benchmarks/selfexsr/SelfExSR-master/data/Set14/image_SRF_4/img_011_SRF_4_LR.png,32.01610213346481,30.56223556679378,0.9385569703000399,0.9246777537275751
Set14,img_011,bridge_v2,/home/ubuntu/scratch/sr-diffusion/benchmark_outputs/stage2_robustness_bridge_v2_best1000/Set14/img_011/base.png,/home/ubuntu/scratch/sr-diffusion/benchmarks/selfexsr/SelfExSR-master/data/Set14/image_SRF_4/img_011_SRF_4_HR.png,/home/ubuntu/scratch/sr-diffusion/benchmarks/selfexsr/SelfExSR-master/data/Set14/image_SRF_4/img_011_SRF_4_LR.png,32.04988632026267,30.59367369887038,0.9387189233978867,0.9248629642794238
Set14,img_012,bicubic,generated:matlab_bicubic_resize,/home/ubuntu/scratch/sr-diffusion/benchmarks/selfexsr/SelfExSR-master/data/Set14/image_SRF_4/img_012_SRF_4_HR.png,/home/ubuntu/scratch/sr-diffusion/benchmarks/selfexsr/SelfExSR-master/data/Set14/image_SRF_4/img_012_SRF_4_LR.png,30.594995925144815,28.586832638902877,0.8378823604823411,0.7514794473223185
Set14,img_012,v3,/home/ubuntu/scratch/sr-diffusion/benchmark_outputs/stage2_bicubic_generalization_v3_best11500/Set14/img_012/base.png,/home/ubuntu/scratch/sr-diffusion/benchmarks/selfexsr/SelfExSR-master/data/Set14/image_SRF_4/img_012_SRF_4_HR.png,/home/ubuntu/scratch/sr-diffusion/benchmarks/selfexsr/SelfExSR-master/data/Set14/image_SRF_4/img_012_SRF_4_LR.png,34.00091792027217,30.99739204705386,0.877709534853016,0.7888822294291279
Set14,img_012,bridge_v2,/home/ubuntu/scratch/sr-diffusion/benchmark_outputs/stage2_robustness_bridge_v2_best1000/Set14/img_012/base.png,/home/ubuntu/scratch/sr-diffusion/benchmarks/selfexsr/SelfExSR-master/data/Set14/image_SRF_4/img_012_SRF_4_HR.png,/home/ubuntu/scratch/sr-diffusion/benchmarks/selfexsr/SelfExSR-master/data/Set14/image_SRF_4/img_012_SRF_4_LR.png,34.01777934966463,31.002129661636424,0.8778335619195728,0.7889541015369929
Set14,img_013,bicubic,generated:matlab_bicubic_resize,/home/ubuntu/scratch/sr-diffusion/benchmarks/selfexsr/SelfExSR-master/data/Set14/image_SRF_4/img_013_SRF_4_HR.png,/home/ubuntu/scratch/sr-diffusion/benchmarks/selfexsr/SelfExSR-master/data/Set14/image_SRF_4/img_013_SRF_4_LR.png,21.918751658583236,20.32663844151134,0.8191591789793446,0.7988054773002943
Set14,img_013,v3,/home/ubuntu/scratch/sr-diffusion/benchmark_outputs/stage2_bicubic_generalization_v3_best11500/Set14/img_013/base.png,/home/ubuntu/scratch/sr-diffusion/benchmarks/selfexsr/SelfExSR-master/data/Set14/image_SRF_4/img_013_SRF_4_HR.png,/home/ubuntu/scratch/sr-diffusion/benchmarks/selfexsr/SelfExSR-master/data/Set14/image_SRF_4/img_013_SRF_4_LR.png,26.585584837946868,24.89864562570276,0.9439334319297649,0.930703839200413
Set14,img_013,bridge_v2,/home/ubuntu/scratch/sr-diffusion/benchmark_outputs/stage2_robustness_bridge_v2_best1000/Set14/img_013/base.png,/home/ubuntu/scratch/sr-diffusion/benchmarks/selfexsr/SelfExSR-master/data/Set14/image_SRF_4/img_013_SRF_4_HR.png,/home/ubuntu/scratch/sr-diffusion/benchmarks/selfexsr/SelfExSR-master/data/Set14/image_SRF_4/img_013_SRF_4_LR.png,26.56069426605732,24.87837581903006,0.9439734168958168,0.9308591736060389
Set14,img_014,bicubic,generated:matlab_bicubic_resize,/home/ubuntu/scratch/sr-diffusion/benchmarks/selfexsr/SelfExSR-master/data/Set14/image_SRF_4/img_014_SRF_4_HR.png,/home/ubuntu/scratch/sr-diffusion/benchmarks/selfexsr/SelfExSR-master/data/Set14/image_SRF_4/img_014_SRF_4_LR.png,24.06409731888616,22.733617565885538,0.6850491717292527,0.6562341244114772
Set14,img_014,v3,/home/ubuntu/scratch/sr-diffusion/benchmark_outputs/stage2_bicubic_generalization_v3_best11500/Set14/img_014/base.png,/home/ubuntu/scratch/sr-diffusion/benchmarks/selfexsr/SelfExSR-master/data/Set14/image_SRF_4/img_014_SRF_4_HR.png,/home/ubuntu/scratch/sr-diffusion/benchmarks/selfexsr/SelfExSR-master/data/Set14/image_SRF_4/img_014_SRF_4_LR.png,27.34524788938076,25.94626817241249,0.7805965258612926,0.7617652667053192
Set14,img_014,bridge_v2,/home/ubuntu/scratch/sr-diffusion/benchmark_outputs/stage2_robustness_bridge_v2_best1000/Set14/img_014/base.png,/home/ubuntu/scratch/sr-diffusion/benchmarks/selfexsr/SelfExSR-master/data/Set14/image_SRF_4/img_014_SRF_4_HR.png,/home/ubuntu/scratch/sr-diffusion/benchmarks/selfexsr/SelfExSR-master/data/Set14/image_SRF_4/img_014_SRF_4_LR.png,27.318569042060197,25.916471795095617,0.7807785649475553,0.7615918645519907
Urban100,img_001,bicubic,generated:matlab_bicubic_resize,/home/ubuntu/scratch/sr-diffusion/benchmarks/selfexsr/SelfExSR-master/data/Urban100/image_SRF_4/img_001_SRF_4_HR.png,/home/ubuntu/scratch/sr-diffusion/benchmarks/selfexsr/SelfExSR-master/data/Urban100/image_SRF_4/img_001_SRF_4_LR.png,25.110482954456664,23.69721977262563,0.6683022129799351,0.6327362860643113
Urban100,img_001,v3,/home/ubuntu/scratch/sr-diffusion/benchmark_outputs/stage2_bicubic_generalization_v3_best11500/Urban100/img_001/base.png,/home/ubuntu/scratch/sr-diffusion/benchmarks/selfexsr/SelfExSR-master/data/Urban100/image_SRF_4/img_001_SRF_4_HR.png,/home/ubuntu/scratch/sr-diffusion/benchmarks/selfexsr/SelfExSR-master/data/Urban100/image_SRF_4/img_001_SRF_4_LR.png,27.489013213722444,26.072637347044292,0.7665661301390818,0.7366023296329286
Urban100,img_001,bridge_v2,/home/ubuntu/scratch/sr-diffusion/benchmark_outputs/stage2_robustness_bridge_v2_best1000/Urban100/img_001/base.png,/home/ubuntu/scratch/sr-diffusion/benchmarks/selfexsr/SelfExSR-master/data/Urban100/image_SRF_4/img_001_SRF_4_HR.png,/home/ubuntu/scratch/sr-diffusion/benchmarks/selfexsr/SelfExSR-master/data/Urban100/image_SRF_4/img_001_SRF_4_LR.png,27.495323032822455,26.07818709115641,0.7657617924490184,0.7359039105436597
Urban100,img_002,bicubic,generated:matlab_bicubic_resize,/home/ubuntu/scratch/sr-diffusion/benchmarks/selfexsr/SelfExSR-master/data/Urban100/image_SRF_4/img_002_SRF_4_HR.png,/home/ubuntu/scratch/sr-diffusion/benchmarks/selfexsr/SelfExSR-master/data/Urban100/image_SRF_4/img_002_SRF_4_LR.png,24.18377354976073,22.87118080890748,0.6785306447604319,0.6529762804661953
Urban100,img_002,v3,/home/ubuntu/scratch/sr-diffusion/benchmark_outputs/stage2_bicubic_generalization_v3_best11500/Urban100/img_002/base.png,/home/ubuntu/scratch/sr-diffusion/benchmarks/selfexsr/SelfExSR-master/data/Urban100/image_SRF_4/img_002_SRF_4_HR.png,/home/ubuntu/scratch/sr-diffusion/benchmarks/selfexsr/SelfExSR-master/data/Urban100/image_SRF_4/img_002_SRF_4_LR.png,26.294251818421124,24.912021071314964,0.80319197049674,0.7815248817756509
Urban100,img_002,bridge_v2,/home/ubuntu/scratch/sr-diffusion/benchmark_outputs/stage2_robustness_bridge_v2_best1000/Urban100/img_002/base.png,/home/ubuntu/scratch/sr-diffusion/benchmarks/selfexsr/SelfExSR-master/data/Urban100/image_SRF_4/img_002_SRF_4_HR.png,/home/ubuntu/scratch/sr-diffusion/benchmarks/selfexsr/SelfExSR-master/data/Urban100/image_SRF_4/img_002_SRF_4_LR.png,26.305135044026628,24.918036440443355,0.8054862229659728,0.7837079943161186
Urban100,img_003,bicubic,generated:matlab_bicubic_resize,/home/ubuntu/scratch/sr-diffusion/benchmarks/selfexsr/SelfExSR-master/data/Urban100/image_SRF_4/img_003_SRF_4_HR.png,/home/ubuntu/scratch/sr-diffusion/benchmarks/selfexsr/SelfExSR-master/data/Urban100/image_SRF_4/img_003_SRF_4_LR.png,22.021559986783167,20.458597006646123,0.5512587250901113,0.512082699357618
Urban100,img_003,v3,/home/ubuntu/scratch/sr-diffusion/benchmark_outputs/stage2_bicubic_generalization_v3_best11500/Urban100/img_003/base.png,/home/ubuntu/scratch/sr-diffusion/benchmarks/selfexsr/SelfExSR-master/data/Urban100/image_SRF_4/img_003_SRF_4_HR.png,/home/ubuntu/scratch/sr-diffusion/benchmarks/selfexsr/SelfExSR-master/data/Urban100/image_SRF_4/img_003_SRF_4_LR.png,23.629702007657777,22.032613528775997,0.6754853922888202,0.6392041243288521
Urban100,img_003,bridge_v2,/home/ubuntu/scratch/sr-diffusion/benchmark_outputs/stage2_robustness_bridge_v2_best1000/Urban100/img_003/base.png,/home/ubuntu/scratch/sr-diffusion/benchmarks/selfexsr/SelfExSR-master/data/Urban100/image_SRF_4/img_003_SRF_4_HR.png,/home/ubuntu/scratch/sr-diffusion/benchmarks/selfexsr/SelfExSR-master/data/Urban100/image_SRF_4/img_003_SRF_4_LR.png,23.62916134325539,22.0319179397114,0.6757027567320019,0.6393815546107787
Urban100,img_004,bicubic,generated:matlab_bicubic_resize,/home/ubuntu/scratch/sr-diffusion/benchmarks/selfexsr/SelfExSR-master/data/Urban100/image_SRF_4/img_004_SRF_4_HR.png,/home/ubuntu/scratch/sr-diffusion/benchmarks/selfexsr/SelfExSR-master/data/Urban100/image_SRF_4/img_004_SRF_4_LR.png,21.085270653159476,19.809291388948008,0.6794218742848984,0.6515208689708104
Urban100,img_004,v3,/home/ubuntu/scratch/sr-diffusion/benchmark_outputs/stage2_bicubic_generalization_v3_best11500/Urban100/img_004/base.png,/home/ubuntu/scratch/sr-diffusion/benchmarks/selfexsr/SelfExSR-master/data/Urban100/image_SRF_4/img_004_SRF_4_HR.png,/home/ubuntu/scratch/sr-diffusion/benchmarks/selfexsr/SelfExSR-master/data/Urban100/image_SRF_4/img_004_SRF_4_LR.png,22.848177491415807,21.542100098371563,0.814915831016905,0.7993178134642992
Urban100,img_004,bridge_v2,/home/ubuntu/scratch/sr-diffusion/benchmark_outputs/stage2_robustness_bridge_v2_best1000/Urban100/img_004/base.png,/home/ubuntu/scratch/sr-diffusion/benchmarks/selfexsr/SelfExSR-master/data/Urban100/image_SRF_4/img_004_SRF_4_HR.png,/home/ubuntu/scratch/sr-diffusion/benchmarks/selfexsr/SelfExSR-master/data/Urban100/image_SRF_4/img_004_SRF_4_LR.png,22.827199534716375,21.519224003352555,0.813471598004851,0.7977903618239338
Urban100,img_005,bicubic,generated:matlab_bicubic_resize,/home/ubuntu/scratch/sr-diffusion/benchmarks/selfexsr/SelfExSR-master/data/Urban100/image_SRF_4/img_005_SRF_4_HR.png,/home/ubuntu/scratch/sr-diffusion/benchmarks/selfexsr/SelfExSR-master/data/Urban100/image_SRF_4/img_005_SRF_4_LR.png,23.311374224937737,21.978461981947895,0.834758260244483,0.8124589627858788
Urban100,img_005,v3,/home/ubuntu/scratch/sr-diffusion/benchmark_outputs/stage2_bicubic_generalization_v3_best11500/Urban100/img_005/base.png,/home/ubuntu/scratch/sr-diffusion/benchmarks/selfexsr/SelfExSR-master/data/Urban100/image_SRF_4/img_005_SRF_4_HR.png,/home/ubuntu/scratch/sr-diffusion/benchmarks/selfexsr/SelfExSR-master/data/Urban100/image_SRF_4/img_005_SRF_4_LR.png,26.78201340312514,25.43083126670146,0.9377251245649818,0.9224776970623125
Urban100,img_005,bridge_v2,/home/ubuntu/scratch/sr-diffusion/benchmark_outputs/stage2_robustness_bridge_v2_best1000/Urban100/img_005/base.png,/home/ubuntu/scratch/sr-diffusion/benchmarks/selfexsr/SelfExSR-master/data/Urban100/image_SRF_4/img_005_SRF_4_HR.png,/home/ubuntu/scratch/sr-diffusion/benchmarks/selfexsr/SelfExSR-master/data/Urban100/image_SRF_4/img_005_SRF_4_LR.png,26.806116785421587,25.445849700107207,0.9376870490439292,0.9220029497034176
Urban100,img_006,bicubic,generated:matlab_bicubic_resize,/home/ubuntu/scratch/sr-diffusion/benchmarks/selfexsr/SelfExSR-master/data/Urban100/image_SRF_4/img_006_SRF_4_HR.png,/home/ubuntu/scratch/sr-diffusion/benchmarks/selfexsr/SelfExSR-master/data/Urban100/image_SRF_4/img_006_SRF_4_LR.png,20.518094027848935,19.166741325675908,0.4899617850676942,0.4594142985163327
Urban100,img_006,v3,/home/ubuntu/scratch/sr-diffusion/benchmark_outputs/stage2_bicubic_generalization_v3_best11500/Urban100/img_006/base.png,/home/ubuntu/scratch/sr-diffusion/benchmarks/selfexsr/SelfExSR-master/data/Urban100/image_SRF_4/img_006_SRF_4_HR.png,/home/ubuntu/scratch/sr-diffusion/benchmarks/selfexsr/SelfExSR-master/data/Urban100/image_SRF_4/img_006_SRF_4_LR.png,22.21725690403862,20.86893548116784,0.6126064024745714,0.5859566380381375
Urban100,img_006,bridge_v2,/home/ubuntu/scratch/sr-diffusion/benchmark_outputs/stage2_robustness_bridge_v2_best1000/Urban100/img_006/base.png,/home/ubuntu/scratch/sr-diffusion/benchmarks/selfexsr/SelfExSR-master/data/Urban100/image_SRF_4/img_006_SRF_4_HR.png,/home/ubuntu/scratch/sr-diffusion/benchmarks/selfexsr/SelfExSR-master/data/Urban100/image_SRF_4/img_006_SRF_4_LR.png,22.2171009004145,20.86998332560006,0.6093620075133476,0.5826116204582767
Urban100,img_007,bicubic,generated:matlab_bicubic_resize,/home/ubuntu/scratch/sr-diffusion/benchmarks/selfexsr/SelfExSR-master/data/Urban100/image_SRF_4/img_007_SRF_4_HR.png,/home/ubuntu/scratch/sr-diffusion/benchmarks/selfexsr/SelfExSR-master/data/Urban100/image_SRF_4/img_007_SRF_4_LR.png,26.1711519966253,24.716818522012044,0.7707393411138527,0.7449178324099822
Urban100,img_007,v3,/home/ubuntu/scratch/sr-diffusion/benchmark_outputs/stage2_bicubic_generalization_v3_best11500/Urban100/img_007/base.png,/home/ubuntu/scratch/sr-diffusion/benchmarks/selfexsr/SelfExSR-master/data/Urban100/image_SRF_4/img_007_SRF_4_HR.png,/home/ubuntu/scratch/sr-diffusion/benchmarks/selfexsr/SelfExSR-master/data/Urban100/image_SRF_4/img_007_SRF_4_LR.png,29.378559871838107,27.81613145224434,0.8596841260102387,0.8389341079799245
Urban100,img_007,bridge_v2,/home/ubuntu/scratch/sr-diffusion/benchmark_outputs/stage2_robustness_bridge_v2_best1000/Urban100/img_007/base.png,/home/ubuntu/scratch/sr-diffusion/benchmarks/selfexsr/SelfExSR-master/data/Urban100/image_SRF_4/img_007_SRF_4_HR.png,/home/ubuntu/scratch/sr-diffusion/benchmarks/selfexsr/SelfExSR-master/data/Urban100/image_SRF_4/img_007_SRF_4_LR.png,29.375773524182538,27.814032738598392,0.8600111817322057,0.8393381879282581
Urban100,img_008,bicubic,generated:matlab_bicubic_resize,/home/ubuntu/scratch/sr-diffusion/benchmarks/selfexsr/SelfExSR-master/data/Urban100/image_SRF_4/img_008_SRF_4_HR.png,/home/ubuntu/scratch/sr-diffusion/benchmarks/selfexsr/SelfExSR-master/data/Urban100/image_SRF_4/img_008_SRF_4_LR.png,19.72837325759844,18.479764705190938,0.49172464689950457,0.47930188207983715
Urban100,img_008,v3,/home/ubuntu/scratch/sr-diffusion/benchmark_outputs/stage2_bicubic_generalization_v3_best11500/Urban100/img_008/base.png,/home/ubuntu/scratch/sr-diffusion/benchmarks/selfexsr/SelfExSR-master/data/Urban100/image_SRF_4/img_008_SRF_4_HR.png,/home/ubuntu/scratch/sr-diffusion/benchmarks/selfexsr/SelfExSR-master/data/Urban100/image_SRF_4/img_008_SRF_4_LR.png,21.088719848957773,19.854137791700982,0.6363674720252153,0.6269073848081149
Urban100,img_008,bridge_v2,/home/ubuntu/scratch/sr-diffusion/benchmark_outputs/stage2_robustness_bridge_v2_best1000/Urban100/img_008/base.png,/home/ubuntu/scratch/sr-diffusion/benchmarks/selfexsr/SelfExSR-master/data/Urban100/image_SRF_4/img_008_SRF_4_HR.png,/home/ubuntu/scratch/sr-diffusion/benchmarks/selfexsr/SelfExSR-master/data/Urban100/image_SRF_4/img_008_SRF_4_LR.png,21.087460669387262,19.852576992767958,0.6353576941655145,0.6258598690338802
Urban100,img_009,bicubic,generated:matlab_bicubic_resize,/home/ubuntu/scratch/sr-diffusion/benchmarks/selfexsr/SelfExSR-master/data/Urban100/image_SRF_4/img_009_SRF_4_HR.png,/home/ubuntu/scratch/sr-diffusion/benchmarks/selfexsr/SelfExSR-master/data/Urban100/image_SRF_4/img_009_SRF_4_LR.png,30.886290260912315,29.316788091720575,0.8562595033270494,0.8347944565597789
Urban100,img_009,v3,/home/ubuntu/scratch/sr-diffusion/benchmark_outputs/stage2_bicubic_generalization_v3_best11500/Urban100/img_009/base.png,/home/ubuntu/scratch/sr-diffusion/benchmarks/selfexsr/SelfExSR-master/data/Urban100/image_SRF_4/img_009_SRF_4_HR.png,/home/ubuntu/scratch/sr-diffusion/benchmarks/selfexsr/SelfExSR-master/data/Urban100/image_SRF_4/img_009_SRF_4_LR.png,33.75638242949957,31.976109185933677,0.9251109660413868,0.9053283799121133
Urban100,img_009,bridge_v2,/home/ubuntu/scratch/sr-diffusion/benchmark_outputs/stage2_robustness_bridge_v2_best1000/Urban100/img_009/base.png,/home/ubuntu/scratch/sr-diffusion/benchmarks/selfexsr/SelfExSR-master/data/Urban100/image_SRF_4/img_009_SRF_4_HR.png,/home/ubuntu/scratch/sr-diffusion/benchmarks/selfexsr/SelfExSR-master/data/Urban100/image_SRF_4/img_009_SRF_4_LR.png,33.745298912797956,31.96827419780547,0.9251034705088073,0.9052953275034792
Urban100,img_010,bicubic,generated:matlab_bicubic_resize,/home/ubuntu/scratch/sr-diffusion/benchmarks/selfexsr/SelfExSR-master/data/Urban100/image_SRF_4/img_010_SRF_4_HR.png,/home/ubuntu/scratch/sr-diffusion/benchmarks/selfexsr/SelfExSR-master/data/Urban100/image_SRF_4/img_010_SRF_4_LR.png,23.595973487219002,22.2239239383996,0.7884330666099826,0.7646972902911452
Urban100,img_010,v3,/home/ubuntu/scratch/sr-diffusion/benchmark_outputs/stage2_bicubic_generalization_v3_best11500/Urban100/img_010/base.png,/home/ubuntu/scratch/sr-diffusion/benchmarks/selfexsr/SelfExSR-master/data/Urban100/image_SRF_4/img_010_SRF_4_HR.png,/home/ubuntu/scratch/sr-diffusion/benchmarks/selfexsr/SelfExSR-master/data/Urban100/image_SRF_4/img_010_SRF_4_LR.png,26.664703183210317,25.270758901467715,0.8747856976802175,0.8534470092128125
Urban100,img_010,bridge_v2,/home/ubuntu/scratch/sr-diffusion/benchmark_outputs/stage2_robustness_bridge_v2_best1000/Urban100/img_010/base.png,/home/ubuntu/scratch/sr-diffusion/benchmarks/selfexsr/SelfExSR-master/data/Urban100/image_SRF_4/img_010_SRF_4_HR.png,/home/ubuntu/scratch/sr-diffusion/benchmarks/selfexsr/SelfExSR-master/data/Urban100/image_SRF_4/img_010_SRF_4_LR.png,26.619456588507283,25.224907444179436,0.87358488676471,0.8521281630219802
Urban100,img_011,bicubic,generated:matlab_bicubic_resize,/home/ubuntu/scratch/sr-diffusion/benchmarks/selfexsr/SelfExSR-master/data/Urban100/image_SRF_4/img_011_SRF_4_HR.png,/home/ubuntu/scratch/sr-diffusion/benchmarks/selfexsr/SelfExSR-master/data/Urban100/image_SRF_4/img_011_SRF_4_LR.png,16.031358558877024,14.709437247000285,0.6068667465305941,0.565020670379502
Urban100,img_011,v3,/home/ubuntu/scratch/sr-diffusion/benchmark_outputs/stage2_bicubic_generalization_v3_best11500/Urban100/img_011/base.png,/home/ubuntu/scratch/sr-diffusion/benchmarks/selfexsr/SelfExSR-master/data/Urban100/image_SRF_4/img_011_SRF_4_HR.png,/home/ubuntu/scratch/sr-diffusion/benchmarks/selfexsr/SelfExSR-master/data/Urban100/image_SRF_4/img_011_SRF_4_LR.png,17.824430353895156,16.499835591650807,0.7875422446579854,0.7434531528024108
Urban100,img_011,bridge_v2,/home/ubuntu/scratch/sr-diffusion/benchmark_outputs/stage2_robustness_bridge_v2_best1000/Urban100/img_011/base.png,/home/ubuntu/scratch/sr-diffusion/benchmarks/selfexsr/SelfExSR-master/data/Urban100/image_SRF_4/img_011_SRF_4_HR.png,/home/ubuntu/scratch/sr-diffusion/benchmarks/selfexsr/SelfExSR-master/data/Urban100/image_SRF_4/img_011_SRF_4_LR.png,17.81185117120532,16.487748700490933,0.7865085586549446,0.7370844056270721
Urban100,img_012,bicubic,generated:matlab_bicubic_resize,/home/ubuntu/scratch/sr-diffusion/benchmarks/selfexsr/SelfExSR-master/data/Urban100/image_SRF_4/img_012_SRF_4_HR.png,/home/ubuntu/scratch/sr-diffusion/benchmarks/selfexsr/SelfExSR-master/data/Urban100/image_SRF_4/img_012_SRF_4_LR.png,22.536116494431294,20.666621513321285,0.6136292692255034,0.5890983187520201
Urban100,img_012,v3,/home/ubuntu/scratch/sr-diffusion/benchmark_outputs/stage2_bicubic_generalization_v3_best11500/Urban100/img_012/base.png,/home/ubuntu/scratch/sr-diffusion/benchmarks/selfexsr/SelfExSR-master/data/Urban100/image_SRF_4/img_012_SRF_4_HR.png,/home/ubuntu/scratch/sr-diffusion/benchmarks/selfexsr/SelfExSR-master/data/Urban100/image_SRF_4/img_012_SRF_4_LR.png,23.637248916638125,21.75615163463317,0.7170930619820011,0.6915444249179457
Urban100,img_012,bridge_v2,/home/ubuntu/scratch/sr-diffusion/benchmark_outputs/stage2_robustness_bridge_v2_best1000/Urban100/img_012/base.png,/home/ubuntu/scratch/sr-diffusion/benchmarks/selfexsr/SelfExSR-master/data/Urban100/image_SRF_4/img_012_SRF_4_HR.png,/home/ubuntu/scratch/sr-diffusion/benchmarks/selfexsr/SelfExSR-master/data/Urban100/image_SRF_4/img_012_SRF_4_LR.png,23.630823509150602,21.748887177860237,0.7158580177529391,0.6902021520802611
Urban100,img_013,bicubic,generated:matlab_bicubic_resize,/home/ubuntu/scratch/sr-diffusion/benchmarks/selfexsr/SelfExSR-master/data/Urban100/image_SRF_4/img_013_SRF_4_HR.png,/home/ubuntu/scratch/sr-diffusion/benchmarks/selfexsr/SelfExSR-master/data/Urban100/image_SRF_4/img_013_SRF_4_LR.png,26.44583405951056,25.244462678198474,0.7254128631762082,0.6781621029284265
Urban100,img_013,v3,/home/ubuntu/scratch/sr-diffusion/benchmark_outputs/stage2_bicubic_generalization_v3_best11500/Urban100/img_013/base.png,/home/ubuntu/scratch/sr-diffusion/benchmarks/selfexsr/SelfExSR-master/data/Urban100/image_SRF_4/img_013_SRF_4_HR.png,/home/ubuntu/scratch/sr-diffusion/benchmarks/selfexsr/SelfExSR-master/data/Urban100/image_SRF_4/img_013_SRF_4_LR.png,29.159529083751217,27.815687189689257,0.8281550451000693,0.782875040929751
Urban100,img_013,bridge_v2,/home/ubuntu/scratch/sr-diffusion/benchmark_outputs/stage2_robustness_bridge_v2_best1000/Urban100/img_013/base.png,/home/ubuntu/scratch/sr-diffusion/benchmarks/selfexsr/SelfExSR-master/data/Urban100/image_SRF_4/img_013_SRF_4_HR.png,/home/ubuntu/scratch/sr-diffusion/benchmarks/selfexsr/SelfExSR-master/data/Urban100/image_SRF_4/img_013_SRF_4_LR.png,29.166544062475314,27.817259976751252,0.8281540533292359,0.7828802386640578
Urban100,img_014,bicubic,generated:matlab_bicubic_resize,/home/ubuntu/scratch/sr-diffusion/benchmarks/selfexsr/SelfExSR-master/data/Urban100/image_SRF_4/img_014_SRF_4_HR.png,/home/ubuntu/scratch/sr-diffusion/benchmarks/selfexsr/SelfExSR-master/data/Urban100/image_SRF_4/img_014_SRF_4_LR.png,21.339486599437528,20.048655752752946,0.5807748130564734,0.5588578874082599
Urban100,img_014,v3,/home/ubuntu/scratch/sr-diffusion/benchmark_outputs/stage2_bicubic_generalization_v3_best11500/Urban100/img_014/base.png,/home/ubuntu/scratch/sr-diffusion/benchmarks/selfexsr/SelfExSR-master/data/Urban100/image_SRF_4/img_014_SRF_4_HR.png,/home/ubuntu/scratch/sr-diffusion/benchmarks/selfexsr/SelfExSR-master/data/Urban100/image_SRF_4/img_014_SRF_4_LR.png,22.301154535093573,21.00766076649872,0.6828542030093956,0.664503037856588
Urban100,img_014,bridge_v2,/home/ubuntu/scratch/sr-diffusion/benchmark_outputs/stage2_robustness_bridge_v2_best1000/Urban100/img_014/base.png,/home/ubuntu/scratch/sr-diffusion/benchmarks/selfexsr/SelfExSR-master/data/Urban100/image_SRF_4/img_014_SRF_4_HR.png,/home/ubuntu/scratch/sr-diffusion/benchmarks/selfexsr/SelfExSR-master/data/Urban100/image_SRF_4/img_014_SRF_4_LR.png,22.295067684808526,21.001946447049974,0.6828966753726043,0.6645505416293703
Urban100,img_015,bicubic,generated:matlab_bicubic_resize,/home/ubuntu/scratch/sr-diffusion/benchmarks/selfexsr/SelfExSR-master/data/Urban100/image_SRF_4/img_015_SRF_4_HR.png,/home/ubuntu/scratch/sr-diffusion/benchmarks/selfexsr/SelfExSR-master/data/Urban100/image_SRF_4/img_015_SRF_4_LR.png,23.002766171959212,21.7063326522903,0.60500655424017,0.558017262981414
Urban100,img_015,v3,/home/ubuntu/scratch/sr-diffusion/benchmark_outputs/stage2_bicubic_generalization_v3_best11500/Urban100/img_015/base.png,/home/ubuntu/scratch/sr-diffusion/benchmarks/selfexsr/SelfExSR-master/data/Urban100/image_SRF_4/img_015_SRF_4_HR.png,/home/ubuntu/scratch/sr-diffusion/benchmarks/selfexsr/SelfExSR-master/data/Urban100/image_SRF_4/img_015_SRF_4_LR.png,25.78068881055455,24.360662403948826,0.7271229877006361,0.6820241663707552
Urban100,img_015,bridge_v2,/home/ubuntu/scratch/sr-diffusion/benchmark_outputs/stage2_robustness_bridge_v2_best1000/Urban100/img_015/base.png,/home/ubuntu/scratch/sr-diffusion/benchmarks/selfexsr/SelfExSR-master/data/Urban100/image_SRF_4/img_015_SRF_4_HR.png,/home/ubuntu/scratch/sr-diffusion/benchmarks/selfexsr/SelfExSR-master/data/Urban100/image_SRF_4/img_015_SRF_4_LR.png,25.7684365798248,24.347413553890398,0.72569811554666,0.6805601386304104
Urban100,img_016,bicubic,generated:matlab_bicubic_resize,/home/ubuntu/scratch/sr-diffusion/benchmarks/selfexsr/SelfExSR-master/data/Urban100/image_SRF_4/img_016_SRF_4_HR.png,/home/ubuntu/scratch/sr-diffusion/benchmarks/selfexsr/SelfExSR-master/data/Urban100/image_SRF_4/img_016_SRF_4_LR.png,25.472137160590236,24.113360268811668,0.8257433416558179,0.8071895969020878
Urban100,img_016,v3,/home/ubuntu/scratch/sr-diffusion/benchmark_outputs/stage2_bicubic_generalization_v3_best11500/Urban100/img_016/base.png,/home/ubuntu/scratch/sr-diffusion/benchmarks/selfexsr/SelfExSR-master/data/Urban100/image_SRF_4/img_016_SRF_4_HR.png,/home/ubuntu/scratch/sr-diffusion/benchmarks/selfexsr/SelfExSR-master/data/Urban100/image_SRF_4/img_016_SRF_4_LR.png,29.536804903319936,28.11532625085333,0.9055022844710258,0.8917514879347914
Urban100,img_016,bridge_v2,/home/ubuntu/scratch/sr-diffusion/benchmark_outputs/stage2_robustness_bridge_v2_best1000/Urban100/img_016/base.png,/home/ubuntu/scratch/sr-diffusion/benchmarks/selfexsr/SelfExSR-master/data/Urban100/image_SRF_4/img_016_SRF_4_HR.png,/home/ubuntu/scratch/sr-diffusion/benchmarks/selfexsr/SelfExSR-master/data/Urban100/image_SRF_4/img_016_SRF_4_LR.png,29.46871173303126,28.044092603459024,0.9053989742821177,0.8915094770988894
Urban100,img_017,bicubic,generated:matlab_bicubic_resize,/home/ubuntu/scratch/sr-diffusion/benchmarks/selfexsr/SelfExSR-master/data/Urban100/image_SRF_4/img_017_SRF_4_HR.png,/home/ubuntu/scratch/sr-diffusion/benchmarks/selfexsr/SelfExSR-master/data/Urban100/image_SRF_4/img_017_SRF_4_LR.png,23.449101860001576,22.02103895989201,0.7141190695411981,0.6971294491763044
Urban100,img_017,v3,/home/ubuntu/scratch/sr-diffusion/benchmark_outputs/stage2_bicubic_generalization_v3_best11500/Urban100/img_017/base.png,/home/ubuntu/scratch/sr-diffusion/benchmarks/selfexsr/SelfExSR-master/data/Urban100/image_SRF_4/img_017_SRF_4_HR.png,/home/ubuntu/scratch/sr-diffusion/benchmarks/selfexsr/SelfExSR-master/data/Urban100/image_SRF_4/img_017_SRF_4_LR.png,25.38490656847818,23.906068361302346,0.8163201292783794,0.8007796774468012
Urban100,img_017,bridge_v2,/home/ubuntu/scratch/sr-diffusion/benchmark_outputs/stage2_robustness_bridge_v2_best1000/Urban100/img_017/base.png,/home/ubuntu/scratch/sr-diffusion/benchmarks/selfexsr/SelfExSR-master/data/Urban100/image_SRF_4/img_017_SRF_4_HR.png,/home/ubuntu/scratch/sr-diffusion/benchmarks/selfexsr/SelfExSR-master/data/Urban100/image_SRF_4/img_017_SRF_4_LR.png,25.371576907395532,23.889989794149265,0.8171752016277671,0.8016125315981982
Urban100,img_018,bicubic,generated:matlab_bicubic_resize,/home/ubuntu/scratch/sr-diffusion/benchmarks/selfexsr/SelfExSR-master/data/Urban100/image_SRF_4/img_018_SRF_4_HR.png,/home/ubuntu/scratch/sr-diffusion/benchmarks/selfexsr/SelfExSR-master/data/Urban100/image_SRF_4/img_018_SRF_4_LR.png,24.851534571243633,23.097980869944436,0.6183057502946545,0.5794852449779938
Urban100,img_018,v3,/home/ubuntu/scratch/sr-diffusion/benchmark_outputs/stage2_bicubic_generalization_v3_best11500/Urban100/img_018/base.png,/home/ubuntu/scratch/sr-diffusion/benchmarks/selfexsr/SelfExSR-master/data/Urban100/image_SRF_4/img_018_SRF_4_HR.png,/home/ubuntu/scratch/sr-diffusion/benchmarks/selfexsr/SelfExSR-master/data/Urban100/image_SRF_4/img_018_SRF_4_LR.png,26.28348724515274,24.487213076268937,0.7119007435529455,0.672826476170088
Urban100,img_018,bridge_v2,/home/ubuntu/scratch/sr-diffusion/benchmark_outputs/stage2_robustness_bridge_v2_best1000/Urban100/img_018/base.png,/home/ubuntu/scratch/sr-diffusion/benchmarks/selfexsr/SelfExSR-master/data/Urban100/image_SRF_4/img_018_SRF_4_HR.png,/home/ubuntu/scratch/sr-diffusion/benchmarks/selfexsr/SelfExSR-master/data/Urban100/image_SRF_4/img_018_SRF_4_LR.png,26.269042775178143,24.47573204918121,0.7111678815505332,0.6720941413841987
Urban100,img_019,bicubic,generated:matlab_bicubic_resize,/home/ubuntu/scratch/sr-diffusion/benchmarks/selfexsr/SelfExSR-master/data/Urban100/image_SRF_4/img_019_SRF_4_HR.png,/home/ubuntu/scratch/sr-diffusion/benchmarks/selfexsr/SelfExSR-master/data/Urban100/image_SRF_4/img_019_SRF_4_LR.png,19.04144760906948,17.699774648424395,0.6518664380843459,0.6018977901345693
Urban100,img_019,v3,/home/ubuntu/scratch/sr-diffusion/benchmark_outputs/stage2_bicubic_generalization_v3_best11500/Urban100/img_019/base.png,/home/ubuntu/scratch/sr-diffusion/benchmarks/selfexsr/SelfExSR-master/data/Urban100/image_SRF_4/img_019_SRF_4_HR.png,/home/ubuntu/scratch/sr-diffusion/benchmarks/selfexsr/SelfExSR-master/data/Urban100/image_SRF_4/img_019_SRF_4_LR.png,21.072578937714574,19.64037535219851,0.787444063776252,0.7355643826881817
Urban100,img_019,bridge_v2,/home/ubuntu/scratch/sr-diffusion/benchmark_outputs/stage2_robustness_bridge_v2_best1000/Urban100/img_019/base.png,/home/ubuntu/scratch/sr-diffusion/benchmarks/selfexsr/SelfExSR-master/data/Urban100/image_SRF_4/img_019_SRF_4_HR.png,/home/ubuntu/scratch/sr-diffusion/benchmarks/selfexsr/SelfExSR-master/data/Urban100/image_SRF_4/img_019_SRF_4_LR.png,21.06176096386394,19.62977695411197,0.7853801724596451,0.7334015135751027
Urban100,img_020,bicubic,generated:matlab_bicubic_resize,/home/ubuntu/scratch/sr-diffusion/benchmarks/selfexsr/SelfExSR-master/data/Urban100/image_SRF_4/img_020_SRF_4_HR.png,/home/ubuntu/scratch/sr-diffusion/benchmarks/selfexsr/SelfExSR-master/data/Urban100/image_SRF_4/img_020_SRF_4_LR.png,20.47143042494578,19.09909649288525,0.5949958970158172,0.5767426496533842
Urban100,img_020,v3,/home/ubuntu/scratch/sr-diffusion/benchmark_outputs/stage2_bicubic_generalization_v3_best11500/Urban100/img_020/base.png,/home/ubuntu/scratch/sr-diffusion/benchmarks/selfexsr/SelfExSR-master/data/Urban100/image_SRF_4/img_020_SRF_4_HR.png,/home/ubuntu/scratch/sr-diffusion/benchmarks/selfexsr/SelfExSR-master/data/Urban100/image_SRF_4/img_020_SRF_4_LR.png,21.856829505343978,20.486185925469425,0.711282165578154,0.6951749683062936
Urban100,img_020,bridge_v2,/home/ubuntu/scratch/sr-diffusion/benchmark_outputs/stage2_robustness_bridge_v2_best1000/Urban100/img_020/base.png,/home/ubuntu/scratch/sr-diffusion/benchmarks/selfexsr/SelfExSR-master/data/Urban100/image_SRF_4/img_020_SRF_4_HR.png,/home/ubuntu/scratch/sr-diffusion/benchmarks/selfexsr/SelfExSR-master/data/Urban100/image_SRF_4/img_020_SRF_4_LR.png,21.8660477828347,20.4946361503471,0.7099407730822391,0.693801868024048
Urban100,img_021,bicubic,generated:matlab_bicubic_resize,/home/ubuntu/scratch/sr-diffusion/benchmarks/selfexsr/SelfExSR-master/data/Urban100/image_SRF_4/img_021_SRF_4_HR.png,/home/ubuntu/scratch/sr-diffusion/benchmarks/selfexsr/SelfExSR-master/data/Urban100/image_SRF_4/img_021_SRF_4_LR.png,27.735499361159384,26.336831057074292,0.7207112520844714,0.6863556240964371
Urban100,img_021,v3,/home/ubuntu/scratch/sr-diffusion/benchmark_outputs/stage2_bicubic_generalization_v3_best11500/Urban100/img_021/base.png,/home/ubuntu/scratch/sr-diffusion/benchmarks/selfexsr/SelfExSR-master/data/Urban100/image_SRF_4/img_021_SRF_4_HR.png,/home/ubuntu/scratch/sr-diffusion/benchmarks/selfexsr/SelfExSR-master/data/Urban100/image_SRF_4/img_021_SRF_4_LR.png,29.501863564973938,28.111325856087063,0.7845284189498664,0.7573556460207597
Urban100,img_021,bridge_v2,/home/ubuntu/scratch/sr-diffusion/benchmark_outputs/stage2_robustness_bridge_v2_best1000/Urban100/img_021/base.png,/home/ubuntu/scratch/sr-diffusion/benchmarks/selfexsr/SelfExSR-master/data/Urban100/image_SRF_4/img_021_SRF_4_HR.png,/home/ubuntu/scratch/sr-diffusion/benchmarks/selfexsr/SelfExSR-master/data/Urban100/image_SRF_4/img_021_SRF_4_LR.png,29.46863080543125,28.065123665484627,0.784134896985171,0.7566953900191914
Urban100,img_022,bicubic,generated:matlab_bicubic_resize,/home/ubuntu/scratch/sr-diffusion/benchmarks/selfexsr/SelfExSR-master/data/Urban100/image_SRF_4/img_022_SRF_4_HR.png,/home/ubuntu/scratch/sr-diffusion/benchmarks/selfexsr/SelfExSR-master/data/Urban100/image_SRF_4/img_022_SRF_4_LR.png,25.082862403988138,23.75551337537223,0.6928358011919832,0.6706292351691059
Urban100,img_022,v3,/home/ubuntu/scratch/sr-diffusion/benchmark_outputs/stage2_bicubic_generalization_v3_best11500/Urban100/img_022/base.png,/home/ubuntu/scratch/sr-diffusion/benchmarks/selfexsr/SelfExSR-master/data/Urban100/image_SRF_4/img_022_SRF_4_HR.png,/home/ubuntu/scratch/sr-diffusion/benchmarks/selfexsr/SelfExSR-master/data/Urban100/image_SRF_4/img_022_SRF_4_LR.png,25.935370375677273,24.599587081297607,0.7520446045567588,0.7310739631611675
Urban100,img_022,bridge_v2,/home/ubuntu/scratch/sr-diffusion/benchmark_outputs/stage2_robustness_bridge_v2_best1000/Urban100/img_022/base.png,/home/ubuntu/scratch/sr-diffusion/benchmarks/selfexsr/SelfExSR-master/data/Urban100/image_SRF_4/img_022_SRF_4_HR.png,/home/ubuntu/scratch/sr-diffusion/benchmarks/selfexsr/SelfExSR-master/data/Urban100/image_SRF_4/img_022_SRF_4_LR.png,25.932743892442346,24.59534539651592,0.7533800457249195,0.7324258097272806
Urban100,img_023,bicubic,generated:matlab_bicubic_resize,/home/ubuntu/scratch/sr-diffusion/benchmarks/selfexsr/SelfExSR-master/data/Urban100/image_SRF_4/img_023_SRF_4_HR.png,/home/ubuntu/scratch/sr-diffusion/benchmarks/selfexsr/SelfExSR-master/data/Urban100/image_SRF_4/img_023_SRF_4_LR.png,26.437912811680576,24.787371565806126,0.8046619030325985,0.7828074913802666
Urban100,img_023,v3,/home/ubuntu/scratch/sr-diffusion/benchmark_outputs/stage2_bicubic_generalization_v3_best11500/Urban100/img_023/base.png,/home/ubuntu/scratch/sr-diffusion/benchmarks/selfexsr/SelfExSR-master/data/Urban100/image_SRF_4/img_023_SRF_4_HR.png,/home/ubuntu/scratch/sr-diffusion/benchmarks/selfexsr/SelfExSR-master/data/Urban100/image_SRF_4/img_023_SRF_4_LR.png,29.64229829124646,27.85982919403596,0.8995567369934467,0.8796239068220051
Urban100,img_023,bridge_v2,/home/ubuntu/scratch/sr-diffusion/benchmark_outputs/stage2_robustness_bridge_v2_best1000/Urban100/img_023/base.png,/home/ubuntu/scratch/sr-diffusion/benchmarks/selfexsr/SelfExSR-master/data/Urban100/image_SRF_4/img_023_SRF_4_HR.png,/home/ubuntu/scratch/sr-diffusion/benchmarks/selfexsr/SelfExSR-master/data/Urban100/image_SRF_4/img_023_SRF_4_LR.png,29.576774871391443,27.755929973623097,0.8985147711247768,0.8774111556755543
Urban100,img_024,bicubic,generated:matlab_bicubic_resize,/home/ubuntu/scratch/sr-diffusion/benchmarks/selfexsr/SelfExSR-master/data/Urban100/image_SRF_4/img_024_SRF_4_HR.png,/home/ubuntu/scratch/sr-diffusion/benchmarks/selfexsr/SelfExSR-master/data/Urban100/image_SRF_4/img_024_SRF_4_LR.png,18.140174179153,16.82093152536217,0.45926104901959813,0.4420837595672789
Urban100,img_024,v3,/home/ubuntu/scratch/sr-diffusion/benchmark_outputs/stage2_bicubic_generalization_v3_best11500/Urban100/img_024/base.png,/home/ubuntu/scratch/sr-diffusion/benchmarks/selfexsr/SelfExSR-master/data/Urban100/image_SRF_4/img_024_SRF_4_HR.png,/home/ubuntu/scratch/sr-diffusion/benchmarks/selfexsr/SelfExSR-master/data/Urban100/image_SRF_4/img_024_SRF_4_LR.png,19.541881806068982,18.189605862828344,0.607428742865751,0.5917727949440367
Urban100,img_024,bridge_v2,/home/ubuntu/scratch/sr-diffusion/benchmark_outputs/stage2_robustness_bridge_v2_best1000/Urban100/img_024/base.png,/home/ubuntu/scratch/sr-diffusion/benchmarks/selfexsr/SelfExSR-master/data/Urban100/image_SRF_4/img_024_SRF_4_HR.png,/home/ubuntu/scratch/sr-diffusion/benchmarks/selfexsr/SelfExSR-master/data/Urban100/image_SRF_4/img_024_SRF_4_LR.png,19.56980930567005,18.21645633350975,0.6090335163485524,0.5932250822903726
Urban100,img_025,bicubic,generated:matlab_bicubic_resize,/home/ubuntu/scratch/sr-diffusion/benchmarks/selfexsr/SelfExSR-master/data/Urban100/image_SRF_4/img_025_SRF_4_HR.png,/home/ubuntu/scratch/sr-diffusion/benchmarks/selfexsr/SelfExSR-master/data/Urban100/image_SRF_4/img_025_SRF_4_LR.png,26.168014348225917,24.845806912334307,0.8009403041606461,0.7701841103828319
Urban100,img_025,v3,/home/ubuntu/scratch/sr-diffusion/benchmark_outputs/stage2_bicubic_generalization_v3_best11500/Urban100/img_025/base.png,/home/ubuntu/scratch/sr-diffusion/benchmarks/selfexsr/SelfExSR-master/data/Urban100/image_SRF_4/img_025_SRF_4_HR.png,/home/ubuntu/scratch/sr-diffusion/benchmarks/selfexsr/SelfExSR-master/data/Urban100/image_SRF_4/img_025_SRF_4_LR.png,31.485805894140185,30.024571893543026,0.8954096108381531,0.8704794551627275
Urban100,img_025,bridge_v2,/home/ubuntu/scratch/sr-diffusion/benchmark_outputs/stage2_robustness_bridge_v2_best1000/Urban100/img_025/base.png,/home/ubuntu/scratch/sr-diffusion/benchmarks/selfexsr/SelfExSR-master/data/Urban100/image_SRF_4/img_025_SRF_4_HR.png,/home/ubuntu/scratch/sr-diffusion/benchmarks/selfexsr/SelfExSR-master/data/Urban100/image_SRF_4/img_025_SRF_4_LR.png,31.510613887486034,30.0473944969497,0.8952628506783573,0.8702391686963624
Urban100,img_026,bicubic,generated:matlab_bicubic_resize,/home/ubuntu/scratch/sr-diffusion/benchmarks/selfexsr/SelfExSR-master/data/Urban100/image_SRF_4/img_026_SRF_4_HR.png,/home/ubuntu/scratch/sr-diffusion/benchmarks/selfexsr/SelfExSR-master/data/Urban100/image_SRF_4/img_026_SRF_4_LR.png,25.468174238299003,24.082437383122645,0.6153236323313762,0.5583346002499285
Urban100,img_026,v3,/home/ubuntu/scratch/sr-diffusion/benchmark_outputs/stage2_bicubic_generalization_v3_best11500/Urban100/img_026/base.png,/home/ubuntu/scratch/sr-diffusion/benchmarks/selfexsr/SelfExSR-master/data/Urban100/image_SRF_4/img_026_SRF_4_HR.png,/home/ubuntu/scratch/sr-diffusion/benchmarks/selfexsr/SelfExSR-master/data/Urban100/image_SRF_4/img_026_SRF_4_LR.png,27.665924282652682,26.21677833410225,0.6993191549181663,0.6464201451368312
Urban100,img_026,bridge_v2,/home/ubuntu/scratch/sr-diffusion/benchmark_outputs/stage2_robustness_bridge_v2_best1000/Urban100/img_026/base.png,/home/ubuntu/scratch/sr-diffusion/benchmarks/selfexsr/SelfExSR-master/data/Urban100/image_SRF_4/img_026_SRF_4_HR.png,/home/ubuntu/scratch/sr-diffusion/benchmarks/selfexsr/SelfExSR-master/data/Urban100/image_SRF_4/img_026_SRF_4_LR.png,27.64128271115652,26.19144467655092,0.6980856689820889,0.6447922998243308
Urban100,img_027,bicubic,generated:matlab_bicubic_resize,/home/ubuntu/scratch/sr-diffusion/benchmarks/selfexsr/SelfExSR-master/data/Urban100/image_SRF_4/img_027_SRF_4_HR.png,/home/ubuntu/scratch/sr-diffusion/benchmarks/selfexsr/SelfExSR-master/data/Urban100/image_SRF_4/img_027_SRF_4_LR.png,26.571111713129145,25.350413226721493,0.722375305655982,0.697351647449011
Urban100,img_027,v3,/home/ubuntu/scratch/sr-diffusion/benchmark_outputs/stage2_bicubic_generalization_v3_best11500/Urban100/img_027/base.png,/home/ubuntu/scratch/sr-diffusion/benchmarks/selfexsr/SelfExSR-master/data/Urban100/image_SRF_4/img_027_SRF_4_HR.png,/home/ubuntu/scratch/sr-diffusion/benchmarks/selfexsr/SelfExSR-master/data/Urban100/image_SRF_4/img_027_SRF_4_LR.png,28.142028020655523,26.915697374055977,0.792781026252174,0.7716226829898408
Urban100,img_027,bridge_v2,/home/ubuntu/scratch/sr-diffusion/benchmark_outputs/stage2_robustness_bridge_v2_best1000/Urban100/img_027/base.png,/home/ubuntu/scratch/sr-diffusion/benchmarks/selfexsr/SelfExSR-master/data/Urban100/image_SRF_4/img_027_SRF_4_HR.png,/home/ubuntu/scratch/sr-diffusion/benchmarks/selfexsr/SelfExSR-master/data/Urban100/image_SRF_4/img_027_SRF_4_LR.png,28.149431400154135,26.92272951224385,0.7931743653864788,0.7720360781827429
Urban100,img_028,bicubic,generated:matlab_bicubic_resize,/home/ubuntu/scratch/sr-diffusion/benchmarks/selfexsr/SelfExSR-master/data/Urban100/image_SRF_4/img_028_SRF_4_HR.png,/home/ubuntu/scratch/sr-diffusion/benchmarks/selfexsr/SelfExSR-master/data/Urban100/image_SRF_4/img_028_SRF_4_LR.png,28.47685602262951,27.154934710752773,0.8123672591345243,0.79059496267949
Urban100,img_028,v3,/home/ubuntu/scratch/sr-diffusion/benchmark_outputs/stage2_bicubic_generalization_v3_best11500/Urban100/img_028/base.png,/home/ubuntu/scratch/sr-diffusion/benchmarks/selfexsr/SelfExSR-master/data/Urban100/image_SRF_4/img_028_SRF_4_HR.png,/home/ubuntu/scratch/sr-diffusion/benchmarks/selfexsr/SelfExSR-master/data/Urban100/image_SRF_4/img_028_SRF_4_LR.png,31.167809161990206,29.83791433626223,0.8731048792932968,0.8554320763252506
Urban100,img_028,bridge_v2,/home/ubuntu/scratch/sr-diffusion/benchmark_outputs/stage2_robustness_bridge_v2_best1000/Urban100/img_028/base.png,/home/ubuntu/scratch/sr-diffusion/benchmarks/selfexsr/SelfExSR-master/data/Urban100/image_SRF_4/img_028_SRF_4_HR.png,/home/ubuntu/scratch/sr-diffusion/benchmarks/selfexsr/SelfExSR-master/data/Urban100/image_SRF_4/img_028_SRF_4_LR.png,31.162896275544814,29.831625021470572,0.8725257497318909,0.8547565124229125
Urban100,img_029,bicubic,generated:matlab_bicubic_resize,/home/ubuntu/scratch/sr-diffusion/benchmarks/selfexsr/SelfExSR-master/data/Urban100/image_SRF_4/img_029_SRF_4_HR.png,/home/ubuntu/scratch/sr-diffusion/benchmarks/selfexsr/SelfExSR-master/data/Urban100/image_SRF_4/img_029_SRF_4_LR.png,22.79958062053137,21.490713410403337,0.7110182465975007,0.682164906893559
Urban100,img_029,v3,/home/ubuntu/scratch/sr-diffusion/benchmark_outputs/stage2_bicubic_generalization_v3_best11500/Urban100/img_029/base.png,/home/ubuntu/scratch/sr-diffusion/benchmarks/selfexsr/SelfExSR-master/data/Urban100/image_SRF_4/img_029_SRF_4_HR.png,/home/ubuntu/scratch/sr-diffusion/benchmarks/selfexsr/SelfExSR-master/data/Urban100/image_SRF_4/img_029_SRF_4_LR.png,26.589135231569614,25.212599238241978,0.854110822306014,0.8317852835885708
Urban100,img_029,bridge_v2,/home/ubuntu/scratch/sr-diffusion/benchmark_outputs/stage2_robustness_bridge_v2_best1000/Urban100/img_029/base.png,/home/ubuntu/scratch/sr-diffusion/benchmarks/selfexsr/SelfExSR-master/data/Urban100/image_SRF_4/img_029_SRF_4_HR.png,/home/ubuntu/scratch/sr-diffusion/benchmarks/selfexsr/SelfExSR-master/data/Urban100/image_SRF_4/img_029_SRF_4_LR.png,26.59104259132394,25.21456559059554,0.8539929356776851,0.8318322235370775
Urban100,img_030,bicubic,generated:matlab_bicubic_resize,/home/ubuntu/scratch/sr-diffusion/benchmarks/selfexsr/SelfExSR-master/data/Urban100/image_SRF_4/img_030_SRF_4_HR.png,/home/ubuntu/scratch/sr-diffusion/benchmarks/selfexsr/SelfExSR-master/data/Urban100/image_SRF_4/img_030_SRF_4_LR.png,21.64530328657936,19.984138515071017,0.6249268923872517,0.5920848201870732
Urban100,img_030,v3,/home/ubuntu/scratch/sr-diffusion/benchmark_outputs/stage2_bicubic_generalization_v3_best11500/Urban100/img_030/base.png,/home/ubuntu/scratch/sr-diffusion/benchmarks/selfexsr/SelfExSR-master/data/Urban100/image_SRF_4/img_030_SRF_4_HR.png,/home/ubuntu/scratch/sr-diffusion/benchmarks/selfexsr/SelfExSR-master/data/Urban100/image_SRF_4/img_030_SRF_4_LR.png,24.06370463909824,22.270717818416323,0.7875541664013699,0.7613828411713762
Urban100,img_030,bridge_v2,/home/ubuntu/scratch/sr-diffusion/benchmark_outputs/stage2_robustness_bridge_v2_best1000/Urban100/img_030/base.png,/home/ubuntu/scratch/sr-diffusion/benchmarks/selfexsr/SelfExSR-master/data/Urban100/image_SRF_4/img_030_SRF_4_HR.png,/home/ubuntu/scratch/sr-diffusion/benchmarks/selfexsr/SelfExSR-master/data/Urban100/image_SRF_4/img_030_SRF_4_LR.png,24.03502347695497,22.237741219792447,0.7861629258541731,0.7593017210937952
Urban100,img_031,bicubic,generated:matlab_bicubic_resize,/home/ubuntu/scratch/sr-diffusion/benchmarks/selfexsr/SelfExSR-master/data/Urban100/image_SRF_4/img_031_SRF_4_HR.png,/home/ubuntu/scratch/sr-diffusion/benchmarks/selfexsr/SelfExSR-master/data/Urban100/image_SRF_4/img_031_SRF_4_LR.png,22.79683221903957,21.391999868687815,0.6870075042678402,0.6649916990338259
Urban100,img_031,v3,/home/ubuntu/scratch/sr-diffusion/benchmark_outputs/stage2_bicubic_generalization_v3_best11500/Urban100/img_031/base.png,/home/ubuntu/scratch/sr-diffusion/benchmarks/selfexsr/SelfExSR-master/data/Urban100/image_SRF_4/img_031_SRF_4_HR.png,/home/ubuntu/scratch/sr-diffusion/benchmarks/selfexsr/SelfExSR-master/data/Urban100/image_SRF_4/img_031_SRF_4_LR.png,23.834561309214507,22.397028818572696,0.7763661119876077,0.754869718740871
Urban100,img_031,bridge_v2,/home/ubuntu/scratch/sr-diffusion/benchmark_outputs/stage2_robustness_bridge_v2_best1000/Urban100/img_031/base.png,/home/ubuntu/scratch/sr-diffusion/benchmarks/selfexsr/SelfExSR-master/data/Urban100/image_SRF_4/img_031_SRF_4_HR.png,/home/ubuntu/scratch/sr-diffusion/benchmarks/selfexsr/SelfExSR-master/data/Urban100/image_SRF_4/img_031_SRF_4_LR.png,23.845210018795132,22.407936854037786,0.774417221275884,0.7530587102672567
Urban100,img_032,bicubic,generated:matlab_bicubic_resize,/home/ubuntu/scratch/sr-diffusion/benchmarks/selfexsr/SelfExSR-master/data/Urban100/image_SRF_4/img_032_SRF_4_HR.png,/home/ubuntu/scratch/sr-diffusion/benchmarks/selfexsr/SelfExSR-master/data/Urban100/image_SRF_4/img_032_SRF_4_LR.png,26.00785081222884,24.597136549902846,0.7514998473682752,0.7285312638078062
Urban100,img_032,v3,/home/ubuntu/scratch/sr-diffusion/benchmark_outputs/stage2_bicubic_generalization_v3_best11500/Urban100/img_032/base.png,/home/ubuntu/scratch/sr-diffusion/benchmarks/selfexsr/SelfExSR-master/data/Urban100/image_SRF_4/img_032_SRF_4_HR.png,/home/ubuntu/scratch/sr-diffusion/benchmarks/selfexsr/SelfExSR-master/data/Urban100/image_SRF_4/img_032_SRF_4_LR.png,28.68000838689776,27.141741807026236,0.8430328841156512,0.8229268560018256
Urban100,img_032,bridge_v2,/home/ubuntu/scratch/sr-diffusion/benchmark_outputs/stage2_robustness_bridge_v2_best1000/Urban100/img_032/base.png,/home/ubuntu/scratch/sr-diffusion/benchmarks/selfexsr/SelfExSR-master/data/Urban100/image_SRF_4/img_032_SRF_4_HR.png,/home/ubuntu/scratch/sr-diffusion/benchmarks/selfexsr/SelfExSR-master/data/Urban100/image_SRF_4/img_032_SRF_4_LR.png,28.68372620062072,27.143651128831156,0.8428352554696975,0.8227456255317526
Urban100,img_033,bicubic,generated:matlab_bicubic_resize,/home/ubuntu/scratch/sr-diffusion/benchmarks/selfexsr/SelfExSR-master/data/Urban100/image_SRF_4/img_033_SRF_4_HR.png,/home/ubuntu/scratch/sr-diffusion/benchmarks/selfexsr/SelfExSR-master/data/Urban100/image_SRF_4/img_033_SRF_4_LR.png,24.167953582777212,22.66140686366622,0.6706355854112618,0.6407841406456082
Urban100,img_033,v3,/home/ubuntu/scratch/sr-diffusion/benchmark_outputs/stage2_bicubic_generalization_v3_best11500/Urban100/img_033/base.png,/home/ubuntu/scratch/sr-diffusion/benchmarks/selfexsr/SelfExSR-master/data/Urban100/image_SRF_4/img_033_SRF_4_HR.png,/home/ubuntu/scratch/sr-diffusion/benchmarks/selfexsr/SelfExSR-master/data/Urban100/image_SRF_4/img_033_SRF_4_LR.png,26.86763699293583,25.138978945734646,0.7870115763832096,0.7587270085469693
Urban100,img_033,bridge_v2,/home/ubuntu/scratch/sr-diffusion/benchmark_outputs/stage2_robustness_bridge_v2_best1000/Urban100/img_033/base.png,/home/ubuntu/scratch/sr-diffusion/benchmarks/selfexsr/SelfExSR-master/data/Urban100/image_SRF_4/img_033_SRF_4_HR.png,/home/ubuntu/scratch/sr-diffusion/benchmarks/selfexsr/SelfExSR-master/data/Urban100/image_SRF_4/img_033_SRF_4_LR.png,26.842630955407387,25.11752977523374,0.7863989768325086,0.7581629490630943
Urban100,img_034,bicubic,generated:matlab_bicubic_resize,/home/ubuntu/scratch/sr-diffusion/benchmarks/selfexsr/SelfExSR-master/data/Urban100/image_SRF_4/img_034_SRF_4_HR.png,/home/ubuntu/scratch/sr-diffusion/benchmarks/selfexsr/SelfExSR-master/data/Urban100/image_SRF_4/img_034_SRF_4_LR.png,21.412567909441897,19.597627017947644,0.47979171570901513,0.4673951596165613
Urban100,img_034,v3,/home/ubuntu/scratch/sr-diffusion/benchmark_outputs/stage2_bicubic_generalization_v3_best11500/Urban100/img_034/base.png,/home/ubuntu/scratch/sr-diffusion/benchmarks/selfexsr/SelfExSR-master/data/Urban100/image_SRF_4/img_034_SRF_4_HR.png,/home/ubuntu/scratch/sr-diffusion/benchmarks/selfexsr/SelfExSR-master/data/Urban100/image_SRF_4/img_034_SRF_4_LR.png,22.89926034345012,20.991801888699932,0.5854877025679678,0.5742022409726409
Urban100,img_034,bridge_v2,/home/ubuntu/scratch/sr-diffusion/benchmark_outputs/stage2_robustness_bridge_v2_best1000/Urban100/img_034/base.png,/home/ubuntu/scratch/sr-diffusion/benchmarks/selfexsr/SelfExSR-master/data/Urban100/image_SRF_4/img_034_SRF_4_HR.png,/home/ubuntu/scratch/sr-diffusion/benchmarks/selfexsr/SelfExSR-master/data/Urban100/image_SRF_4/img_034_SRF_4_LR.png,22.91756619836042,21.007891611039145,0.5818241390647904,0.5698680379692269
Urban100,img_035,bicubic,generated:matlab_bicubic_resize,/home/ubuntu/scratch/sr-diffusion/benchmarks/selfexsr/SelfExSR-master/data/Urban100/image_SRF_4/img_035_SRF_4_HR.png,/home/ubuntu/scratch/sr-diffusion/benchmarks/selfexsr/SelfExSR-master/data/Urban100/image_SRF_4/img_035_SRF_4_LR.png,24.730892723398036,23.351272276342495,0.7224750863577866,0.6977418310682971
Urban100,img_035,v3,/home/ubuntu/scratch/sr-diffusion/benchmark_outputs/stage2_bicubic_generalization_v3_best11500/Urban100/img_035/base.png,/home/ubuntu/scratch/sr-diffusion/benchmarks/selfexsr/SelfExSR-master/data/Urban100/image_SRF_4/img_035_SRF_4_HR.png,/home/ubuntu/scratch/sr-diffusion/benchmarks/selfexsr/SelfExSR-master/data/Urban100/image_SRF_4/img_035_SRF_4_LR.png,28.261877077210578,26.833545224598797,0.8505953907038012,0.8282898099200535
Urban100,img_035,bridge_v2,/home/ubuntu/scratch/sr-diffusion/benchmark_outputs/stage2_robustness_bridge_v2_best1000/Urban100/img_035/base.png,/home/ubuntu/scratch/sr-diffusion/benchmarks/selfexsr/SelfExSR-master/data/Urban100/image_SRF_4/img_035_SRF_4_HR.png,/home/ubuntu/scratch/sr-diffusion/benchmarks/selfexsr/SelfExSR-master/data/Urban100/image_SRF_4/img_035_SRF_4_LR.png,28.2382704726208,26.809480207364615,0.8499703985110795,0.8275605789830379
Urban100,img_036,bicubic,generated:matlab_bicubic_resize,/home/ubuntu/scratch/sr-diffusion/benchmarks/selfexsr/SelfExSR-master/data/Urban100/image_SRF_4/img_036_SRF_4_HR.png,/home/ubuntu/scratch/sr-diffusion/benchmarks/selfexsr/SelfExSR-master/data/Urban100/image_SRF_4/img_036_SRF_4_LR.png,25.2265927557459,23.90467144386917,0.7865896164860853,0.7683587246965725
Urban100,img_036,v3,/home/ubuntu/scratch/sr-diffusion/benchmark_outputs/stage2_bicubic_generalization_v3_best11500/Urban100/img_036/base.png,/home/ubuntu/scratch/sr-diffusion/benchmarks/selfexsr/SelfExSR-master/data/Urban100/image_SRF_4/img_036_SRF_4_HR.png,/home/ubuntu/scratch/sr-diffusion/benchmarks/selfexsr/SelfExSR-master/data/Urban100/image_SRF_4/img_036_SRF_4_LR.png,28.62012611451138,27.29126073002623,0.8818222302865499,0.868810009376381
Urban100,img_036,bridge_v2,/home/ubuntu/scratch/sr-diffusion/benchmark_outputs/stage2_robustness_bridge_v2_best1000/Urban100/img_036/base.png,/home/ubuntu/scratch/sr-diffusion/benchmarks/selfexsr/SelfExSR-master/data/Urban100/image_SRF_4/img_036_SRF_4_HR.png,/home/ubuntu/scratch/sr-diffusion/benchmarks/selfexsr/SelfExSR-master/data/Urban100/image_SRF_4/img_036_SRF_4_LR.png,28.624538747669153,27.29540099405046,0.8814286990613655,0.8683669490322935
Urban100,img_037,bicubic,generated:matlab_bicubic_resize,/home/ubuntu/scratch/sr-diffusion/benchmarks/selfexsr/SelfExSR-master/data/Urban100/image_SRF_4/img_037_SRF_4_HR.png,/home/ubuntu/scratch/sr-diffusion/benchmarks/selfexsr/SelfExSR-master/data/Urban100/image_SRF_4/img_037_SRF_4_LR.png,24.219663268886865,22.882611155539344,0.7049515228198201,0.6765738002356008
Urban100,img_037,v3,/home/ubuntu/scratch/sr-diffusion/benchmark_outputs/stage2_bicubic_generalization_v3_best11500/Urban100/img_037/base.png,/home/ubuntu/scratch/sr-diffusion/benchmarks/selfexsr/SelfExSR-master/data/Urban100/image_SRF_4/img_037_SRF_4_HR.png,/home/ubuntu/scratch/sr-diffusion/benchmarks/selfexsr/SelfExSR-master/data/Urban100/image_SRF_4/img_037_SRF_4_LR.png,26.076280193189284,24.68991698488912,0.792933470540933,0.7680950626251959
Urban100,img_037,bridge_v2,/home/ubuntu/scratch/sr-diffusion/benchmark_outputs/stage2_robustness_bridge_v2_best1000/Urban100/img_037/base.png,/home/ubuntu/scratch/sr-diffusion/benchmarks/selfexsr/SelfExSR-master/data/Urban100/image_SRF_4/img_037_SRF_4_HR.png,/home/ubuntu/scratch/sr-diffusion/benchmarks/selfexsr/SelfExSR-master/data/Urban100/image_SRF_4/img_037_SRF_4_LR.png,26.081880331901516,24.69418292383734,0.7920769414230853,0.7672710934832286
Urban100,img_038,bicubic,generated:matlab_bicubic_resize,/home/ubuntu/scratch/sr-diffusion/benchmarks/selfexsr/SelfExSR-master/data/Urban100/image_SRF_4/img_038_SRF_4_HR.png,/home/ubuntu/scratch/sr-diffusion/benchmarks/selfexsr/SelfExSR-master/data/Urban100/image_SRF_4/img_038_SRF_4_LR.png,24.610881305853823,23.30372851227349,0.5279054728153404,0.4780555847615065
Urban100,img_038,v3,/home/ubuntu/scratch/sr-diffusion/benchmark_outputs/stage2_bicubic_generalization_v3_best11500/Urban100/img_038/base.png,/home/ubuntu/scratch/sr-diffusion/benchmarks/selfexsr/SelfExSR-master/data/Urban100/image_SRF_4/img_038_SRF_4_HR.png,/home/ubuntu/scratch/sr-diffusion/benchmarks/selfexsr/SelfExSR-master/data/Urban100/image_SRF_4/img_038_SRF_4_LR.png,26.90197305211648,25.444478190655232,0.6753199697279256,0.6264215808089261
Urban100,img_038,bridge_v2,/home/ubuntu/scratch/sr-diffusion/benchmark_outputs/stage2_robustness_bridge_v2_best1000/Urban100/img_038/base.png,/home/ubuntu/scratch/sr-diffusion/benchmarks/selfexsr/SelfExSR-master/data/Urban100/image_SRF_4/img_038_SRF_4_HR.png,/home/ubuntu/scratch/sr-diffusion/benchmarks/selfexsr/SelfExSR-master/data/Urban100/image_SRF_4/img_038_SRF_4_LR.png,26.87725536718009,25.422841286346944,0.6726452169259359,0.6235680889295426
Urban100,img_039,bicubic,generated:matlab_bicubic_resize,/home/ubuntu/scratch/sr-diffusion/benchmarks/selfexsr/SelfExSR-master/data/Urban100/image_SRF_4/img_039_SRF_4_HR.png,/home/ubuntu/scratch/sr-diffusion/benchmarks/selfexsr/SelfExSR-master/data/Urban100/image_SRF_4/img_039_SRF_4_LR.png,20.86096248287879,19.540952563301733,0.580224226360583,0.5601706351998925
Urban100,img_039,v3,/home/ubuntu/scratch/sr-diffusion/benchmark_outputs/stage2_bicubic_generalization_v3_best11500/Urban100/img_039/base.png,/home/ubuntu/scratch/sr-diffusion/benchmarks/selfexsr/SelfExSR-master/data/Urban100/image_SRF_4/img_039_SRF_4_HR.png,/home/ubuntu/scratch/sr-diffusion/benchmarks/selfexsr/SelfExSR-master/data/Urban100/image_SRF_4/img_039_SRF_4_LR.png,22.751978633830397,21.37635599665044,0.7255650767377776,0.7061405514589985
Urban100,img_039,bridge_v2,/home/ubuntu/scratch/sr-diffusion/benchmark_outputs/stage2_robustness_bridge_v2_best1000/Urban100/img_039/base.png,/home/ubuntu/scratch/sr-diffusion/benchmarks/selfexsr/SelfExSR-master/data/Urban100/image_SRF_4/img_039_SRF_4_HR.png,/home/ubuntu/scratch/sr-diffusion/benchmarks/selfexsr/SelfExSR-master/data/Urban100/image_SRF_4/img_039_SRF_4_LR.png,22.759856783949594,21.38220341446369,0.7262227428762558,0.7066889126791817
Urban100,img_040,bicubic,generated:matlab_bicubic_resize,/home/ubuntu/scratch/sr-diffusion/benchmarks/selfexsr/SelfExSR-master/data/Urban100/image_SRF_4/img_040_SRF_4_HR.png,/home/ubuntu/scratch/sr-diffusion/benchmarks/selfexsr/SelfExSR-master/data/Urban100/image_SRF_4/img_040_SRF_4_LR.png,19.391685258669202,18.10707768593921,0.7048607787993993,0.6856945961240904
Urban100,img_040,v3,/home/ubuntu/scratch/sr-diffusion/benchmark_outputs/stage2_bicubic_generalization_v3_best11500/Urban100/img_040/base.png,/home/ubuntu/scratch/sr-diffusion/benchmarks/selfexsr/SelfExSR-master/data/Urban100/image_SRF_4/img_040_SRF_4_HR.png,/home/ubuntu/scratch/sr-diffusion/benchmarks/selfexsr/SelfExSR-master/data/Urban100/image_SRF_4/img_040_SRF_4_LR.png,26.524159232332313,25.115369085880307,0.9329148658057228,0.9237576603214864
Urban100,img_040,bridge_v2,/home/ubuntu/scratch/sr-diffusion/benchmark_outputs/stage2_robustness_bridge_v2_best1000/Urban100/img_040/base.png,/home/ubuntu/scratch/sr-diffusion/benchmarks/selfexsr/SelfExSR-master/data/Urban100/image_SRF_4/img_040_SRF_4_HR.png,/home/ubuntu/scratch/sr-diffusion/benchmarks/selfexsr/SelfExSR-master/data/Urban100/image_SRF_4/img_040_SRF_4_LR.png,26.44023827808497,25.03310465656209,0.9323322183297399,0.9231197671684869
Urban100,img_041,bicubic,generated:matlab_bicubic_resize,/home/ubuntu/scratch/sr-diffusion/benchmarks/selfexsr/SelfExSR-master/data/Urban100/image_SRF_4/img_041_SRF_4_HR.png,/home/ubuntu/scratch/sr-diffusion/benchmarks/selfexsr/SelfExSR-master/data/Urban100/image_SRF_4/img_041_SRF_4_LR.png,21.00269685618043,19.564343684985086,0.670134208158125,0.6540011303932478
Urban100,img_041,v3,/home/ubuntu/scratch/sr-diffusion/benchmark_outputs/stage2_bicubic_generalization_v3_best11500/Urban100/img_041/base.png,/home/ubuntu/scratch/sr-diffusion/benchmarks/selfexsr/SelfExSR-master/data/Urban100/image_SRF_4/img_041_SRF_4_HR.png,/home/ubuntu/scratch/sr-diffusion/benchmarks/selfexsr/SelfExSR-master/data/Urban100/image_SRF_4/img_041_SRF_4_LR.png,25.07692298354062,23.596443951891782,0.851382545080431,0.837656637172759
Urban100,img_041,bridge_v2,/home/ubuntu/scratch/sr-diffusion/benchmark_outputs/stage2_robustness_bridge_v2_best1000/Urban100/img_041/base.png,/home/ubuntu/scratch/sr-diffusion/benchmarks/selfexsr/SelfExSR-master/data/Urban100/image_SRF_4/img_041_SRF_4_HR.png,/home/ubuntu/scratch/sr-diffusion/benchmarks/selfexsr/SelfExSR-master/data/Urban100/image_SRF_4/img_041_SRF_4_LR.png,25.067245857845958,23.584189005685943,0.8510567010404515,0.8370905939462582
Urban100,img_042,bicubic,generated:matlab_bicubic_resize,/home/ubuntu/scratch/sr-diffusion/benchmarks/selfexsr/SelfExSR-master/data/Urban100/image_SRF_4/img_042_SRF_4_HR.png,/home/ubuntu/scratch/sr-diffusion/benchmarks/selfexsr/SelfExSR-master/data/Urban100/image_SRF_4/img_042_SRF_4_LR.png,24.833446070514263,23.511524758637524,0.7700563414029394,0.7541242615940987
Urban100,img_042,v3,/home/ubuntu/scratch/sr-diffusion/benchmark_outputs/stage2_bicubic_generalization_v3_best11500/Urban100/img_042/base.png,/home/ubuntu/scratch/sr-diffusion/benchmarks/selfexsr/SelfExSR-master/data/Urban100/image_SRF_4/img_042_SRF_4_HR.png,/home/ubuntu/scratch/sr-diffusion/benchmarks/selfexsr/SelfExSR-master/data/Urban100/image_SRF_4/img_042_SRF_4_LR.png,28.579211555163667,27.24866185878485,0.8799650486883491,0.8699039230656438
Urban100,img_042,bridge_v2,/home/ubuntu/scratch/sr-diffusion/benchmark_outputs/stage2_robustness_bridge_v2_best1000/Urban100/img_042/base.png,/home/ubuntu/scratch/sr-diffusion/benchmarks/selfexsr/SelfExSR-master/data/Urban100/image_SRF_4/img_042_SRF_4_HR.png,/home/ubuntu/scratch/sr-diffusion/benchmarks/selfexsr/SelfExSR-master/data/Urban100/image_SRF_4/img_042_SRF_4_LR.png,28.57644642985765,27.246031049707394,0.8793679851978705,0.8692759049790645
Urban100,img_043,bicubic,generated:matlab_bicubic_resize,/home/ubuntu/scratch/sr-diffusion/benchmarks/selfexsr/SelfExSR-master/data/Urban100/image_SRF_4/img_043_SRF_4_HR.png,/home/ubuntu/scratch/sr-diffusion/benchmarks/selfexsr/SelfExSR-master/data/Urban100/image_SRF_4/img_043_SRF_4_LR.png,22.09214145472089,20.8580983774256,0.7866731227688118,0.7546120155027055
Urban100,img_043,v3,/home/ubuntu/scratch/sr-diffusion/benchmark_outputs/stage2_bicubic_generalization_v3_best11500/Urban100/img_043/base.png,/home/ubuntu/scratch/sr-diffusion/benchmarks/selfexsr/SelfExSR-master/data/Urban100/image_SRF_4/img_043_SRF_4_HR.png,/home/ubuntu/scratch/sr-diffusion/benchmarks/selfexsr/SelfExSR-master/data/Urban100/image_SRF_4/img_043_SRF_4_LR.png,31.384099875905555,29.704433499145722,0.9302641734080088,0.9036094469869657
Urban100,img_043,bridge_v2,/home/ubuntu/scratch/sr-diffusion/benchmark_outputs/stage2_robustness_bridge_v2_best1000/Urban100/img_043/base.png,/home/ubuntu/scratch/sr-diffusion/benchmarks/selfexsr/SelfExSR-master/data/Urban100/image_SRF_4/img_043_SRF_4_HR.png,/home/ubuntu/scratch/sr-diffusion/benchmarks/selfexsr/SelfExSR-master/data/Urban100/image_SRF_4/img_043_SRF_4_LR.png,31.46474369815689,29.746173013807024,0.930548810747913,0.9038258070239404
Urban100,img_044,bicubic,generated:matlab_bicubic_resize,/home/ubuntu/scratch/sr-diffusion/benchmarks/selfexsr/SelfExSR-master/data/Urban100/image_SRF_4/img_044_SRF_4_HR.png,/home/ubuntu/scratch/sr-diffusion/benchmarks/selfexsr/SelfExSR-master/data/Urban100/image_SRF_4/img_044_SRF_4_LR.png,26.91824147945563,25.119099097292512,0.725331923031809,0.6917636583408248
Urban100,img_044,v3,/home/ubuntu/scratch/sr-diffusion/benchmark_outputs/stage2_bicubic_generalization_v3_best11500/Urban100/img_044/base.png,/home/ubuntu/scratch/sr-diffusion/benchmarks/selfexsr/SelfExSR-master/data/Urban100/image_SRF_4/img_044_SRF_4_HR.png,/home/ubuntu/scratch/sr-diffusion/benchmarks/selfexsr/SelfExSR-master/data/Urban100/image_SRF_4/img_044_SRF_4_LR.png,30.485716727484693,28.711329239627172,0.8471702141001076,0.8216673821289687
Urban100,img_044,bridge_v2,/home/ubuntu/scratch/sr-diffusion/benchmark_outputs/stage2_robustness_bridge_v2_best1000/Urban100/img_044/base.png,/home/ubuntu/scratch/sr-diffusion/benchmarks/selfexsr/SelfExSR-master/data/Urban100/image_SRF_4/img_044_SRF_4_HR.png,/home/ubuntu/scratch/sr-diffusion/benchmarks/selfexsr/SelfExSR-master/data/Urban100/image_SRF_4/img_044_SRF_4_LR.png,30.13929296483221,28.404218395322573,0.8431308904981077,0.8179889313103121
Urban100,img_045,bicubic,generated:matlab_bicubic_resize,/home/ubuntu/scratch/sr-diffusion/benchmarks/selfexsr/SelfExSR-master/data/Urban100/image_SRF_4/img_045_SRF_4_HR.png,/home/ubuntu/scratch/sr-diffusion/benchmarks/selfexsr/SelfExSR-master/data/Urban100/image_SRF_4/img_045_SRF_4_LR.png,20.942833540092014,19.62091222821528,0.5233487106974949,0.5020304116095443
Urban100,img_045,v3,/home/ubuntu/scratch/sr-diffusion/benchmark_outputs/stage2_bicubic_generalization_v3_best11500/Urban100/img_045/base.png,/home/ubuntu/scratch/sr-diffusion/benchmarks/selfexsr/SelfExSR-master/data/Urban100/image_SRF_4/img_045_SRF_4_HR.png,/home/ubuntu/scratch/sr-diffusion/benchmarks/selfexsr/SelfExSR-master/data/Urban100/image_SRF_4/img_045_SRF_4_LR.png,23.57240243488448,22.24712023131356,0.6862282814453645,0.6710442076449992
Urban100,img_045,bridge_v2,/home/ubuntu/scratch/sr-diffusion/benchmark_outputs/stage2_robustness_bridge_v2_best1000/Urban100/img_045/base.png,/home/ubuntu/scratch/sr-diffusion/benchmarks/selfexsr/SelfExSR-master/data/Urban100/image_SRF_4/img_045_SRF_4_HR.png,/home/ubuntu/scratch/sr-diffusion/benchmarks/selfexsr/SelfExSR-master/data/Urban100/image_SRF_4/img_045_SRF_4_LR.png,23.127214292594743,21.80389422210533,0.6614651230269921,0.6427616073390457
Urban100,img_046,bicubic,generated:matlab_bicubic_resize,/home/ubuntu/scratch/sr-diffusion/benchmarks/selfexsr/SelfExSR-master/data/Urban100/image_SRF_4/img_046_SRF_4_HR.png,/home/ubuntu/scratch/sr-diffusion/benchmarks/selfexsr/SelfExSR-master/data/Urban100/image_SRF_4/img_046_SRF_4_LR.png,22.6917189526936,21.248513202494657,0.676226715727056,0.668251983807448
Urban100,img_046,v3,/home/ubuntu/scratch/sr-diffusion/benchmark_outputs/stage2_bicubic_generalization_v3_best11500/Urban100/img_046/base.png,/home/ubuntu/scratch/sr-diffusion/benchmarks/selfexsr/SelfExSR-master/data/Urban100/image_SRF_4/img_046_SRF_4_HR.png,/home/ubuntu/scratch/sr-diffusion/benchmarks/selfexsr/SelfExSR-master/data/Urban100/image_SRF_4/img_046_SRF_4_LR.png,23.46589683017795,22.036721759805857,0.7478967551542905,0.7422221320771393
Urban100,img_046,bridge_v2,/home/ubuntu/scratch/sr-diffusion/benchmark_outputs/stage2_robustness_bridge_v2_best1000/Urban100/img_046/base.png,/home/ubuntu/scratch/sr-diffusion/benchmarks/selfexsr/SelfExSR-master/data/Urban100/image_SRF_4/img_046_SRF_4_HR.png,/home/ubuntu/scratch/sr-diffusion/benchmarks/selfexsr/SelfExSR-master/data/Urban100/image_SRF_4/img_046_SRF_4_LR.png,23.468053729981577,22.038175150814734,0.7484408854633209,0.742680728598855
Urban100,img_047,bicubic,generated:matlab_bicubic_resize,/home/ubuntu/scratch/sr-diffusion/benchmarks/selfexsr/SelfExSR-master/data/Urban100/image_SRF_4/img_047_SRF_4_HR.png,/home/ubuntu/scratch/sr-diffusion/benchmarks/selfexsr/SelfExSR-master/data/Urban100/image_SRF_4/img_047_SRF_4_LR.png,20.007095585686237,18.531197246602172,0.6283830771696631,0.6143848155612385
Urban100,img_047,v3,/home/ubuntu/scratch/sr-diffusion/benchmark_outputs/stage2_bicubic_generalization_v3_best11500/Urban100/img_047/base.png,/home/ubuntu/scratch/sr-diffusion/benchmarks/selfexsr/SelfExSR-master/data/Urban100/image_SRF_4/img_047_SRF_4_HR.png,/home/ubuntu/scratch/sr-diffusion/benchmarks/selfexsr/SelfExSR-master/data/Urban100/image_SRF_4/img_047_SRF_4_LR.png,21.515887431923698,20.03032072680556,0.7471796479723842,0.7351932829236625
Urban100,img_047,bridge_v2,/home/ubuntu/scratch/sr-diffusion/benchmark_outputs/stage2_robustness_bridge_v2_best1000/Urban100/img_047/base.png,/home/ubuntu/scratch/sr-diffusion/benchmarks/selfexsr/SelfExSR-master/data/Urban100/image_SRF_4/img_047_SRF_4_HR.png,/home/ubuntu/scratch/sr-diffusion/benchmarks/selfexsr/SelfExSR-master/data/Urban100/image_SRF_4/img_047_SRF_4_LR.png,21.52938168598295,20.042435075383924,0.7457189653984875,0.7337368165896748
Urban100,img_048,bicubic,generated:matlab_bicubic_resize,/home/ubuntu/scratch/sr-diffusion/benchmarks/selfexsr/SelfExSR-master/data/Urban100/image_SRF_4/img_048_SRF_4_HR.png,/home/ubuntu/scratch/sr-diffusion/benchmarks/selfexsr/SelfExSR-master/data/Urban100/image_SRF_4/img_048_SRF_4_LR.png,18.182879256931443,16.901513469311208,0.6728650110790243,0.6598791606787104
Urban100,img_048,v3,/home/ubuntu/scratch/sr-diffusion/benchmark_outputs/stage2_bicubic_generalization_v3_best11500/Urban100/img_048/base.png,/home/ubuntu/scratch/sr-diffusion/benchmarks/selfexsr/SelfExSR-master/data/Urban100/image_SRF_4/img_048_SRF_4_HR.png,/home/ubuntu/scratch/sr-diffusion/benchmarks/selfexsr/SelfExSR-master/data/Urban100/image_SRF_4/img_048_SRF_4_LR.png,19.659570155847586,18.359592556967563,0.7902334959797338,0.779300632181854
Urban100,img_048,bridge_v2,/home/ubuntu/scratch/sr-diffusion/benchmark_outputs/stage2_robustness_bridge_v2_best1000/Urban100/img_048/base.png,/home/ubuntu/scratch/sr-diffusion/benchmarks/selfexsr/SelfExSR-master/data/Urban100/image_SRF_4/img_048_SRF_4_HR.png,/home/ubuntu/scratch/sr-diffusion/benchmarks/selfexsr/SelfExSR-master/data/Urban100/image_SRF_4/img_048_SRF_4_LR.png,19.671084392114814,18.370969428077487,0.7885102049833583,0.7775381426303168
Urban100,img_049,bicubic,generated:matlab_bicubic_resize,/home/ubuntu/scratch/sr-diffusion/benchmarks/selfexsr/SelfExSR-master/data/Urban100/image_SRF_4/img_049_SRF_4_HR.png,/home/ubuntu/scratch/sr-diffusion/benchmarks/selfexsr/SelfExSR-master/data/Urban100/image_SRF_4/img_049_SRF_4_LR.png,20.491151262248792,19.012331275059587,0.5935690480451038,0.5686011087235571
Urban100,img_049,v3,/home/ubuntu/scratch/sr-diffusion/benchmark_outputs/stage2_bicubic_generalization_v3_best11500/Urban100/img_049/base.png,/home/ubuntu/scratch/sr-diffusion/benchmarks/selfexsr/SelfExSR-master/data/Urban100/image_SRF_4/img_049_SRF_4_HR.png,/home/ubuntu/scratch/sr-diffusion/benchmarks/selfexsr/SelfExSR-master/data/Urban100/image_SRF_4/img_049_SRF_4_LR.png,23.166698349505044,21.63271933136889,0.7402786078151561,0.7193824631579614
Urban100,img_049,bridge_v2,/home/ubuntu/scratch/sr-diffusion/benchmark_outputs/stage2_robustness_bridge_v2_best1000/Urban100/img_049/base.png,/home/ubuntu/scratch/sr-diffusion/benchmarks/selfexsr/SelfExSR-master/data/Urban100/image_SRF_4/img_049_SRF_4_HR.png,/home/ubuntu/scratch/sr-diffusion/benchmarks/selfexsr/SelfExSR-master/data/Urban100/image_SRF_4/img_049_SRF_4_LR.png,23.172110488394683,21.636364960682855,0.7388674120700528,0.7180732159986838
Urban100,img_050,bicubic,generated:matlab_bicubic_resize,/home/ubuntu/scratch/sr-diffusion/benchmarks/selfexsr/SelfExSR-master/data/Urban100/image_SRF_4/img_050_SRF_4_HR.png,/home/ubuntu/scratch/sr-diffusion/benchmarks/selfexsr/SelfExSR-master/data/Urban100/image_SRF_4/img_050_SRF_4_LR.png,23.72529140831636,22.305910161572218,0.6699619756516622,0.6516819966792108
Urban100,img_050,v3,/home/ubuntu/scratch/sr-diffusion/benchmark_outputs/stage2_bicubic_generalization_v3_best11500/Urban100/img_050/base.png,/home/ubuntu/scratch/sr-diffusion/benchmarks/selfexsr/SelfExSR-master/data/Urban100/image_SRF_4/img_050_SRF_4_HR.png,/home/ubuntu/scratch/sr-diffusion/benchmarks/selfexsr/SelfExSR-master/data/Urban100/image_SRF_4/img_050_SRF_4_LR.png,25.00166301981031,23.571725957003196,0.7597555775802707,0.7425365654378022
Urban100,img_050,bridge_v2,/home/ubuntu/scratch/sr-diffusion/benchmark_outputs/stage2_robustness_bridge_v2_best1000/Urban100/img_050/base.png,/home/ubuntu/scratch/sr-diffusion/benchmarks/selfexsr/SelfExSR-master/data/Urban100/image_SRF_4/img_050_SRF_4_HR.png,/home/ubuntu/scratch/sr-diffusion/benchmarks/selfexsr/SelfExSR-master/data/Urban100/image_SRF_4/img_050_SRF_4_LR.png,24.994618224222652,23.563977461628408,0.7600291395839887,0.7426949859518723
Urban100,img_051,bicubic,generated:matlab_bicubic_resize,/home/ubuntu/scratch/sr-diffusion/benchmarks/selfexsr/SelfExSR-master/data/Urban100/image_SRF_4/img_051_SRF_4_HR.png,/home/ubuntu/scratch/sr-diffusion/benchmarks/selfexsr/SelfExSR-master/data/Urban100/image_SRF_4/img_051_SRF_4_LR.png,24.84742653850928,23.367992046813278,0.7408279273793514,0.7158928348871253
Urban100,img_051,v3,/home/ubuntu/scratch/sr-diffusion/benchmark_outputs/stage2_bicubic_generalization_v3_best11500/Urban100/img_051/base.png,/home/ubuntu/scratch/sr-diffusion/benchmarks/selfexsr/SelfExSR-master/data/Urban100/image_SRF_4/img_051_SRF_4_HR.png,/home/ubuntu/scratch/sr-diffusion/benchmarks/selfexsr/SelfExSR-master/data/Urban100/image_SRF_4/img_051_SRF_4_LR.png,26.96388839598511,25.45321522716194,0.8363370931392816,0.8146781916132616
Urban100,img_051,bridge_v2,/home/ubuntu/scratch/sr-diffusion/benchmark_outputs/stage2_robustness_bridge_v2_best1000/Urban100/img_051/base.png,/home/ubuntu/scratch/sr-diffusion/benchmarks/selfexsr/SelfExSR-master/data/Urban100/image_SRF_4/img_051_SRF_4_HR.png,/home/ubuntu/scratch/sr-diffusion/benchmarks/selfexsr/SelfExSR-master/data/Urban100/image_SRF_4/img_051_SRF_4_LR.png,26.97427570746774,25.462862525025642,0.8361762359639685,0.8144897438959284
Urban100,img_052,bicubic,generated:matlab_bicubic_resize,/home/ubuntu/scratch/sr-diffusion/benchmarks/selfexsr/SelfExSR-master/data/Urban100/image_SRF_4/img_052_SRF_4_HR.png,/home/ubuntu/scratch/sr-diffusion/benchmarks/selfexsr/SelfExSR-master/data/Urban100/image_SRF_4/img_052_SRF_4_LR.png,23.785195376147236,22.445042963767087,0.7401753449221598,0.7185802140880594
Urban100,img_052,v3,/home/ubuntu/scratch/sr-diffusion/benchmark_outputs/stage2_bicubic_generalization_v3_best11500/Urban100/img_052/base.png,/home/ubuntu/scratch/sr-diffusion/benchmarks/selfexsr/SelfExSR-master/data/Urban100/image_SRF_4/img_052_SRF_4_HR.png,/home/ubuntu/scratch/sr-diffusion/benchmarks/selfexsr/SelfExSR-master/data/Urban100/image_SRF_4/img_052_SRF_4_LR.png,28.451859146492392,27.075515992231367,0.8977364297437522,0.8832131382554221
Urban100,img_052,bridge_v2,/home/ubuntu/scratch/sr-diffusion/benchmark_outputs/stage2_robustness_bridge_v2_best1000/Urban100/img_052/base.png,/home/ubuntu/scratch/sr-diffusion/benchmarks/selfexsr/SelfExSR-master/data/Urban100/image_SRF_4/img_052_SRF_4_HR.png,/home/ubuntu/scratch/sr-diffusion/benchmarks/selfexsr/SelfExSR-master/data/Urban100/image_SRF_4/img_052_SRF_4_LR.png,28.423434535929996,27.046285630926942,0.8964386162593097,0.8817620171452015
Urban100,img_053,bicubic,generated:matlab_bicubic_resize,/home/ubuntu/scratch/sr-diffusion/benchmarks/selfexsr/SelfExSR-master/data/Urban100/image_SRF_4/img_053_SRF_4_HR.png,/home/ubuntu/scratch/sr-diffusion/benchmarks/selfexsr/SelfExSR-master/data/Urban100/image_SRF_4/img_053_SRF_4_LR.png,20.27552170517115,18.948100146673607,0.5916167372659874,0.5738004048373174
Urban100,img_053,v3,/home/ubuntu/scratch/sr-diffusion/benchmark_outputs/stage2_bicubic_generalization_v3_best11500/Urban100/img_053/base.png,/home/ubuntu/scratch/sr-diffusion/benchmarks/selfexsr/SelfExSR-master/data/Urban100/image_SRF_4/img_053_SRF_4_HR.png,/home/ubuntu/scratch/sr-diffusion/benchmarks/selfexsr/SelfExSR-master/data/Urban100/image_SRF_4/img_053_SRF_4_LR.png,22.26133363591035,20.922005068685205,0.7225863968328627,0.7085940669897784
Urban100,img_053,bridge_v2,/home/ubuntu/scratch/sr-diffusion/benchmark_outputs/stage2_robustness_bridge_v2_best1000/Urban100/img_053/base.png,/home/ubuntu/scratch/sr-diffusion/benchmarks/selfexsr/SelfExSR-master/data/Urban100/image_SRF_4/img_053_SRF_4_HR.png,/home/ubuntu/scratch/sr-diffusion/benchmarks/selfexsr/SelfExSR-master/data/Urban100/image_SRF_4/img_053_SRF_4_LR.png,22.25866045994295,20.918571028915515,0.7224742717952961,0.7084154697694354
Urban100,img_054,bicubic,generated:matlab_bicubic_resize,/home/ubuntu/scratch/sr-diffusion/benchmarks/selfexsr/SelfExSR-master/data/Urban100/image_SRF_4/img_054_SRF_4_HR.png,/home/ubuntu/scratch/sr-diffusion/benchmarks/selfexsr/SelfExSR-master/data/Urban100/image_SRF_4/img_054_SRF_4_LR.png,19.9679984484084,18.462318399415004,0.5294832020168456,0.5077649767009186
Urban100,img_054,v3,/home/ubuntu/scratch/sr-diffusion/benchmark_outputs/stage2_bicubic_generalization_v3_best11500/Urban100/img_054/base.png,/home/ubuntu/scratch/sr-diffusion/benchmarks/selfexsr/SelfExSR-master/data/Urban100/image_SRF_4/img_054_SRF_4_HR.png,/home/ubuntu/scratch/sr-diffusion/benchmarks/selfexsr/SelfExSR-master/data/Urban100/image_SRF_4/img_054_SRF_4_LR.png,20.997081394594876,19.51374074139715,0.643317226974741,0.6242781637590843
Urban100,img_054,bridge_v2,/home/ubuntu/scratch/sr-diffusion/benchmark_outputs/stage2_robustness_bridge_v2_best1000/Urban100/img_054/base.png,/home/ubuntu/scratch/sr-diffusion/benchmarks/selfexsr/SelfExSR-master/data/Urban100/image_SRF_4/img_054_SRF_4_HR.png,/home/ubuntu/scratch/sr-diffusion/benchmarks/selfexsr/SelfExSR-master/data/Urban100/image_SRF_4/img_054_SRF_4_LR.png,20.991012432885157,19.50806936793118,0.6428377024344542,0.623812653052643
Urban100,img_055,bicubic,generated:matlab_bicubic_resize,/home/ubuntu/scratch/sr-diffusion/benchmarks/selfexsr/SelfExSR-master/data/Urban100/image_SRF_4/img_055_SRF_4_HR.png,/home/ubuntu/scratch/sr-diffusion/benchmarks/selfexsr/SelfExSR-master/data/Urban100/image_SRF_4/img_055_SRF_4_LR.png,25.068140830626966,23.25238087418668,0.7840401628465447,0.745199953423127
Urban100,img_055,v3,/home/ubuntu/scratch/sr-diffusion/benchmark_outputs/stage2_bicubic_generalization_v3_best11500/Urban100/img_055/base.png,/home/ubuntu/scratch/sr-diffusion/benchmarks/selfexsr/SelfExSR-master/data/Urban100/image_SRF_4/img_055_SRF_4_HR.png,/home/ubuntu/scratch/sr-diffusion/benchmarks/selfexsr/SelfExSR-master/data/Urban100/image_SRF_4/img_055_SRF_4_LR.png,32.45582703201211,30.458162568000215,0.940349691599453,0.9055922468357757
Urban100,img_055,bridge_v2,/home/ubuntu/scratch/sr-diffusion/benchmark_outputs/stage2_robustness_bridge_v2_best1000/Urban100/img_055/base.png,/home/ubuntu/scratch/sr-diffusion/benchmarks/selfexsr/SelfExSR-master/data/Urban100/image_SRF_4/img_055_SRF_4_HR.png,/home/ubuntu/scratch/sr-diffusion/benchmarks/selfexsr/SelfExSR-master/data/Urban100/image_SRF_4/img_055_SRF_4_LR.png,32.43195194145081,30.431725917878673,0.9406573311319408,0.9055779588660297
Urban100,img_056,bicubic,generated:matlab_bicubic_resize,/home/ubuntu/scratch/sr-diffusion/benchmarks/selfexsr/SelfExSR-master/data/Urban100/image_SRF_4/img_056_SRF_4_HR.png,/home/ubuntu/scratch/sr-diffusion/benchmarks/selfexsr/SelfExSR-master/data/Urban100/image_SRF_4/img_056_SRF_4_LR.png,22.174241841591886,20.839418622425082,0.6261250186854361,0.6029252339850175
Urban100,img_056,v3,/home/ubuntu/scratch/sr-diffusion/benchmark_outputs/stage2_bicubic_generalization_v3_best11500/Urban100/img_056/base.png,/home/ubuntu/scratch/sr-diffusion/benchmarks/selfexsr/SelfExSR-master/data/Urban100/image_SRF_4/img_056_SRF_4_HR.png,/home/ubuntu/scratch/sr-diffusion/benchmarks/selfexsr/SelfExSR-master/data/Urban100/image_SRF_4/img_056_SRF_4_LR.png,24.682481409723177,23.3107485434208,0.7698032433955867,0.751214662238077
Urban100,img_056,bridge_v2,/home/ubuntu/scratch/sr-diffusion/benchmark_outputs/stage2_robustness_bridge_v2_best1000/Urban100/img_056/base.png,/home/ubuntu/scratch/sr-diffusion/benchmarks/selfexsr/SelfExSR-master/data/Urban100/image_SRF_4/img_056_SRF_4_HR.png,/home/ubuntu/scratch/sr-diffusion/benchmarks/selfexsr/SelfExSR-master/data/Urban100/image_SRF_4/img_056_SRF_4_LR.png,24.670133937079214,23.297517954944308,0.7698992409065185,0.7513513343710444
Urban100,img_057,bicubic,generated:matlab_bicubic_resize,/home/ubuntu/scratch/sr-diffusion/benchmarks/selfexsr/SelfExSR-master/data/Urban100/image_SRF_4/img_057_SRF_4_HR.png,/home/ubuntu/scratch/sr-diffusion/benchmarks/selfexsr/SelfExSR-master/data/Urban100/image_SRF_4/img_057_SRF_4_LR.png,26.145526808060247,24.76279223334525,0.794574110439895,0.7698670534147487
Urban100,img_057,v3,/home/ubuntu/scratch/sr-diffusion/benchmark_outputs/stage2_bicubic_generalization_v3_best11500/Urban100/img_057/base.png,/home/ubuntu/scratch/sr-diffusion/benchmarks/selfexsr/SelfExSR-master/data/Urban100/image_SRF_4/img_057_SRF_4_HR.png,/home/ubuntu/scratch/sr-diffusion/benchmarks/selfexsr/SelfExSR-master/data/Urban100/image_SRF_4/img_057_SRF_4_LR.png,30.385682229344745,28.954915544411627,0.8861621843197274,0.8675345805804214
Urban100,img_057,bridge_v2,/home/ubuntu/scratch/sr-diffusion/benchmark_outputs/stage2_robustness_bridge_v2_best1000/Urban100/img_057/base.png,/home/ubuntu/scratch/sr-diffusion/benchmarks/selfexsr/SelfExSR-master/data/Urban100/image_SRF_4/img_057_SRF_4_HR.png,/home/ubuntu/scratch/sr-diffusion/benchmarks/selfexsr/SelfExSR-master/data/Urban100/image_SRF_4/img_057_SRF_4_LR.png,30.347548934613773,28.918340828174177,0.8852646175544622,0.8665964074350233
Urban100,img_058,bicubic,generated:matlab_bicubic_resize,/home/ubuntu/scratch/sr-diffusion/benchmarks/selfexsr/SelfExSR-master/data/Urban100/image_SRF_4/img_058_SRF_4_HR.png,/home/ubuntu/scratch/sr-diffusion/benchmarks/selfexsr/SelfExSR-master/data/Urban100/image_SRF_4/img_058_SRF_4_LR.png,22.335133607483645,20.924090155138636,0.715923789681161,0.6951134906191685
Urban100,img_058,v3,/home/ubuntu/scratch/sr-diffusion/benchmark_outputs/stage2_bicubic_generalization_v3_best11500/Urban100/img_058/base.png,/home/ubuntu/scratch/sr-diffusion/benchmarks/selfexsr/SelfExSR-master/data/Urban100/image_SRF_4/img_058_SRF_4_HR.png,/home/ubuntu/scratch/sr-diffusion/benchmarks/selfexsr/SelfExSR-master/data/Urban100/image_SRF_4/img_058_SRF_4_LR.png,25.18331405463359,23.73104270436039,0.835372124602303,0.8220817541083667
Urban100,img_058,bridge_v2,/home/ubuntu/scratch/sr-diffusion/benchmark_outputs/stage2_robustness_bridge_v2_best1000/Urban100/img_058/base.png,/home/ubuntu/scratch/sr-diffusion/benchmarks/selfexsr/SelfExSR-master/data/Urban100/image_SRF_4/img_058_SRF_4_HR.png,/home/ubuntu/scratch/sr-diffusion/benchmarks/selfexsr/SelfExSR-master/data/Urban100/image_SRF_4/img_058_SRF_4_LR.png,25.179678250228594,23.72584551041314,0.8342437374391005,0.8208335333378254
Urban100,img_059,bicubic,generated:matlab_bicubic_resize,/home/ubuntu/scratch/sr-diffusion/benchmarks/selfexsr/SelfExSR-master/data/Urban100/image_SRF_4/img_059_SRF_4_HR.png,/home/ubuntu/scratch/sr-diffusion/benchmarks/selfexsr/SelfExSR-master/data/Urban100/image_SRF_4/img_059_SRF_4_LR.png,20.449160975430836,19.04378153774288,0.6559406586703311,0.6338896868023464
Urban100,img_059,v3,/home/ubuntu/scratch/sr-diffusion/benchmark_outputs/stage2_bicubic_generalization_v3_best11500/Urban100/img_059/base.png,/home/ubuntu/scratch/sr-diffusion/benchmarks/selfexsr/SelfExSR-master/data/Urban100/image_SRF_4/img_059_SRF_4_HR.png,/home/ubuntu/scratch/sr-diffusion/benchmarks/selfexsr/SelfExSR-master/data/Urban100/image_SRF_4/img_059_SRF_4_LR.png,21.53200635684215,20.151225052533572,0.7382733615282813,0.719733738261883
Urban100,img_059,bridge_v2,/home/ubuntu/scratch/sr-diffusion/benchmark_outputs/stage2_robustness_bridge_v2_best1000/Urban100/img_059/base.png,/home/ubuntu/scratch/sr-diffusion/benchmarks/selfexsr/SelfExSR-master/data/Urban100/image_SRF_4/img_059_SRF_4_HR.png,/home/ubuntu/scratch/sr-diffusion/benchmarks/selfexsr/SelfExSR-master/data/Urban100/image_SRF_4/img_059_SRF_4_LR.png,21.52321160139015,20.141877815594388,0.7375824041435326,0.7190434530174761
Urban100,img_060,bicubic,generated:matlab_bicubic_resize,/home/ubuntu/scratch/sr-diffusion/benchmarks/selfexsr/SelfExSR-master/data/Urban100/image_SRF_4/img_060_SRF_4_HR.png,/home/ubuntu/scratch/sr-diffusion/benchmarks/selfexsr/SelfExSR-master/data/Urban100/image_SRF_4/img_060_SRF_4_LR.png,21.094933614459986,19.646111926582286,0.44162461676640524,0.42211323001803835
Urban100,img_060,v3,/home/ubuntu/scratch/sr-diffusion/benchmark_outputs/stage2_bicubic_generalization_v3_best11500/Urban100/img_060/base.png,/home/ubuntu/scratch/sr-diffusion/benchmarks/selfexsr/SelfExSR-master/data/Urban100/image_SRF_4/img_060_SRF_4_HR.png,/home/ubuntu/scratch/sr-diffusion/benchmarks/selfexsr/SelfExSR-master/data/Urban100/image_SRF_4/img_060_SRF_4_LR.png,22.432644330940107,21.035382096226037,0.5599753238188961,0.5427443155842044
Urban100,img_060,bridge_v2,/home/ubuntu/scratch/sr-diffusion/benchmark_outputs/stage2_robustness_bridge_v2_best1000/Urban100/img_060/base.png,/home/ubuntu/scratch/sr-diffusion/benchmarks/selfexsr/SelfExSR-master/data/Urban100/image_SRF_4/img_060_SRF_4_HR.png,/home/ubuntu/scratch/sr-diffusion/benchmarks/selfexsr/SelfExSR-master/data/Urban100/image_SRF_4/img_060_SRF_4_LR.png,22.426920424275085,21.028984177927263,0.560895481799422,0.5437207442643696
Urban100,img_061,bicubic,generated:matlab_bicubic_resize,/home/ubuntu/scratch/sr-diffusion/benchmarks/selfexsr/SelfExSR-master/data/Urban100/image_SRF_4/img_061_SRF_4_HR.png,/home/ubuntu/scratch/sr-diffusion/benchmarks/selfexsr/SelfExSR-master/data/Urban100/image_SRF_4/img_061_SRF_4_LR.png,22.90211902548743,21.388877699761313,0.6254687414841348,0.6068448148202013
Urban100,img_061,v3,/home/ubuntu/scratch/sr-diffusion/benchmark_outputs/stage2_bicubic_generalization_v3_best11500/Urban100/img_061/base.png,/home/ubuntu/scratch/sr-diffusion/benchmarks/selfexsr/SelfExSR-master/data/Urban100/image_SRF_4/img_061_SRF_4_HR.png,/home/ubuntu/scratch/sr-diffusion/benchmarks/selfexsr/SelfExSR-master/data/Urban100/image_SRF_4/img_061_SRF_4_LR.png,24.34264632442241,22.760874369810917,0.7419496843187632,0.7244819367457954
Urban100,img_061,bridge_v2,/home/ubuntu/scratch/sr-diffusion/benchmark_outputs/stage2_robustness_bridge_v2_best1000/Urban100/img_061/base.png,/home/ubuntu/scratch/sr-diffusion/benchmarks/selfexsr/SelfExSR-master/data/Urban100/image_SRF_4/img_061_SRF_4_HR.png,/home/ubuntu/scratch/sr-diffusion/benchmarks/selfexsr/SelfExSR-master/data/Urban100/image_SRF_4/img_061_SRF_4_LR.png,24.33011491740281,22.745862486004125,0.7431062726978718,0.7253664619739834
Urban100,img_062,bicubic,generated:matlab_bicubic_resize,/home/ubuntu/scratch/sr-diffusion/benchmarks/selfexsr/SelfExSR-master/data/Urban100/image_SRF_4/img_062_SRF_4_HR.png,/home/ubuntu/scratch/sr-diffusion/benchmarks/selfexsr/SelfExSR-master/data/Urban100/image_SRF_4/img_062_SRF_4_LR.png,19.8606624401761,18.431772770315842,0.6458850221229868,0.624203593745086
Urban100,img_062,v3,/home/ubuntu/scratch/sr-diffusion/benchmark_outputs/stage2_bicubic_generalization_v3_best11500/Urban100/img_062/base.png,/home/ubuntu/scratch/sr-diffusion/benchmarks/selfexsr/SelfExSR-master/data/Urban100/image_SRF_4/img_062_SRF_4_HR.png,/home/ubuntu/scratch/sr-diffusion/benchmarks/selfexsr/SelfExSR-master/data/Urban100/image_SRF_4/img_062_SRF_4_LR.png,21.01757363976635,19.59721257510788,0.7752176223391783,0.753882775010246
Urban100,img_062,bridge_v2,/home/ubuntu/scratch/sr-diffusion/benchmark_outputs/stage2_robustness_bridge_v2_best1000/Urban100/img_062/base.png,/home/ubuntu/scratch/sr-diffusion/benchmarks/selfexsr/SelfExSR-master/data/Urban100/image_SRF_4/img_062_SRF_4_HR.png,/home/ubuntu/scratch/sr-diffusion/benchmarks/selfexsr/SelfExSR-master/data/Urban100/image_SRF_4/img_062_SRF_4_LR.png,20.994857551682742,19.575029356791514,0.7737590371917948,0.7521806216589608
Urban100,img_063,bicubic,generated:matlab_bicubic_resize,/home/ubuntu/scratch/sr-diffusion/benchmarks/selfexsr/SelfExSR-master/data/Urban100/image_SRF_4/img_063_SRF_4_HR.png,/home/ubuntu/scratch/sr-diffusion/benchmarks/selfexsr/SelfExSR-master/data/Urban100/image_SRF_4/img_063_SRF_4_LR.png,17.954628605229544,16.747532272380383,0.43123074051208443,0.3862504228612314
Urban100,img_063,v3,/home/ubuntu/scratch/sr-diffusion/benchmark_outputs/stage2_bicubic_generalization_v3_best11500/Urban100/img_063/base.png,/home/ubuntu/scratch/sr-diffusion/benchmarks/selfexsr/SelfExSR-master/data/Urban100/image_SRF_4/img_063_SRF_4_HR.png,/home/ubuntu/scratch/sr-diffusion/benchmarks/selfexsr/SelfExSR-master/data/Urban100/image_SRF_4/img_063_SRF_4_LR.png,22.137840104394666,20.791024692502305,0.6148104121349088,0.5738632684835872
Urban100,img_063,bridge_v2,/home/ubuntu/scratch/sr-diffusion/benchmark_outputs/stage2_robustness_bridge_v2_best1000/Urban100/img_063/base.png,/home/ubuntu/scratch/sr-diffusion/benchmarks/selfexsr/SelfExSR-master/data/Urban100/image_SRF_4/img_063_SRF_4_HR.png,/home/ubuntu/scratch/sr-diffusion/benchmarks/selfexsr/SelfExSR-master/data/Urban100/image_SRF_4/img_063_SRF_4_LR.png,22.043412476132673,20.682954186622418,0.6096249573124561,0.5673734061987995
Urban100,img_064,bicubic,generated:matlab_bicubic_resize,/home/ubuntu/scratch/sr-diffusion/benchmarks/selfexsr/SelfExSR-master/data/Urban100/image_SRF_4/img_064_SRF_4_HR.png,/home/ubuntu/scratch/sr-diffusion/benchmarks/selfexsr/SelfExSR-master/data/Urban100/image_SRF_4/img_064_SRF_4_LR.png,24.911751884280868,23.597111586733543,0.7029744157187847,0.6828821297683958
Urban100,img_064,v3,/home/ubuntu/scratch/sr-diffusion/benchmark_outputs/stage2_bicubic_generalization_v3_best11500/Urban100/img_064/base.png,/home/ubuntu/scratch/sr-diffusion/benchmarks/selfexsr/SelfExSR-master/data/Urban100/image_SRF_4/img_064_SRF_4_HR.png,/home/ubuntu/scratch/sr-diffusion/benchmarks/selfexsr/SelfExSR-master/data/Urban100/image_SRF_4/img_064_SRF_4_LR.png,26.36277335817097,25.00518723218621,0.7763317926791499,0.7592318771414396
Urban100,img_064,bridge_v2,/home/ubuntu/scratch/sr-diffusion/benchmark_outputs/stage2_robustness_bridge_v2_best1000/Urban100/img_064/base.png,/home/ubuntu/scratch/sr-diffusion/benchmarks/selfexsr/SelfExSR-master/data/Urban100/image_SRF_4/img_064_SRF_4_HR.png,/home/ubuntu/scratch/sr-diffusion/benchmarks/selfexsr/SelfExSR-master/data/Urban100/image_SRF_4/img_064_SRF_4_LR.png,26.34180776383733,24.982977835273218,0.7761301534828885,0.7590311504414471
Urban100,img_065,bicubic,generated:matlab_bicubic_resize,/home/ubuntu/scratch/sr-diffusion/benchmarks/selfexsr/SelfExSR-master/data/Urban100/image_SRF_4/img_065_SRF_4_HR.png,/home/ubuntu/scratch/sr-diffusion/benchmarks/selfexsr/SelfExSR-master/data/Urban100/image_SRF_4/img_065_SRF_4_LR.png,23.92499605826941,22.26002238285279,0.6100779728996248,0.5861429211045038
Urban100,img_065,v3,/home/ubuntu/scratch/sr-diffusion/benchmark_outputs/stage2_bicubic_generalization_v3_best11500/Urban100/img_065/base.png,/home/ubuntu/scratch/sr-diffusion/benchmarks/selfexsr/SelfExSR-master/data/Urban100/image_SRF_4/img_065_SRF_4_HR.png,/home/ubuntu/scratch/sr-diffusion/benchmarks/selfexsr/SelfExSR-master/data/Urban100/image_SRF_4/img_065_SRF_4_LR.png,25.27702565558521,23.599133427465283,0.7136646837242543,0.6931373125285392
Urban100,img_065,bridge_v2,/home/ubuntu/scratch/sr-diffusion/benchmark_outputs/stage2_robustness_bridge_v2_best1000/Urban100/img_065/base.png,/home/ubuntu/scratch/sr-diffusion/benchmarks/selfexsr/SelfExSR-master/data/Urban100/image_SRF_4/img_065_SRF_4_HR.png,/home/ubuntu/scratch/sr-diffusion/benchmarks/selfexsr/SelfExSR-master/data/Urban100/image_SRF_4/img_065_SRF_4_LR.png,25.256946002458598,23.577657774445903,0.7148189260737979,0.6942090913547894
Urban100,img_066,bicubic,generated:matlab_bicubic_resize,/home/ubuntu/scratch/sr-diffusion/benchmarks/selfexsr/SelfExSR-master/data/Urban100/image_SRF_4/img_066_SRF_4_HR.png,/home/ubuntu/scratch/sr-diffusion/benchmarks/selfexsr/SelfExSR-master/data/Urban100/image_SRF_4/img_066_SRF_4_LR.png,21.337516884349167,20.014394519723876,0.5568841163810392,0.5298076075752408
Urban100,img_066,v3,/home/ubuntu/scratch/sr-diffusion/benchmark_outputs/stage2_bicubic_generalization_v3_best11500/Urban100/img_066/base.png,/home/ubuntu/scratch/sr-diffusion/benchmarks/selfexsr/SelfExSR-master/data/Urban100/image_SRF_4/img_066_SRF_4_HR.png,/home/ubuntu/scratch/sr-diffusion/benchmarks/selfexsr/SelfExSR-master/data/Urban100/image_SRF_4/img_066_SRF_4_LR.png,22.2402773227331,20.913555375850397,0.6464599433979481,0.623963020089501
Urban100,img_066,bridge_v2,/home/ubuntu/scratch/sr-diffusion/benchmark_outputs/stage2_robustness_bridge_v2_best1000/Urban100/img_066/base.png,/home/ubuntu/scratch/sr-diffusion/benchmarks/selfexsr/SelfExSR-master/data/Urban100/image_SRF_4/img_066_SRF_4_HR.png,/home/ubuntu/scratch/sr-diffusion/benchmarks/selfexsr/SelfExSR-master/data/Urban100/image_SRF_4/img_066_SRF_4_LR.png,22.21539867492195,20.88822605979161,0.6427905519476915,0.6198558609901713
Urban100,img_067,bicubic,generated:matlab_bicubic_resize,/home/ubuntu/scratch/sr-diffusion/benchmarks/selfexsr/SelfExSR-master/data/Urban100/image_SRF_4/img_067_SRF_4_HR.png,/home/ubuntu/scratch/sr-diffusion/benchmarks/selfexsr/SelfExSR-master/data/Urban100/image_SRF_4/img_067_SRF_4_LR.png,16.962489608668506,15.483680219744985,0.7029382744368726,0.6748043606725272
Urban100,img_067,v3,/home/ubuntu/scratch/sr-diffusion/benchmark_outputs/stage2_bicubic_generalization_v3_best11500/Urban100/img_067/base.png,/home/ubuntu/scratch/sr-diffusion/benchmarks/selfexsr/SelfExSR-master/data/Urban100/image_SRF_4/img_067_SRF_4_HR.png,/home/ubuntu/scratch/sr-diffusion/benchmarks/selfexsr/SelfExSR-master/data/Urban100/image_SRF_4/img_067_SRF_4_LR.png,18.891340936353487,17.455054883790453,0.8521024033592942,0.8275997872376323
Urban100,img_067,bridge_v2,/home/ubuntu/scratch/sr-diffusion/benchmark_outputs/stage2_robustness_bridge_v2_best1000/Urban100/img_067/base.png,/home/ubuntu/scratch/sr-diffusion/benchmarks/selfexsr/SelfExSR-master/data/Urban100/image_SRF_4/img_067_SRF_4_HR.png,/home/ubuntu/scratch/sr-diffusion/benchmarks/selfexsr/SelfExSR-master/data/Urban100/image_SRF_4/img_067_SRF_4_LR.png,18.858927930192074,17.42387464429728,0.8512220688088972,0.8271802552841875
Urban100,img_068,bicubic,generated:matlab_bicubic_resize,/home/ubuntu/scratch/sr-diffusion/benchmarks/selfexsr/SelfExSR-master/data/Urban100/image_SRF_4/img_068_SRF_4_HR.png,/home/ubuntu/scratch/sr-diffusion/benchmarks/selfexsr/SelfExSR-master/data/Urban100/image_SRF_4/img_068_SRF_4_LR.png,26.92462701535408,25.571603386377486,0.7504753116811578,0.7264514571759983
Urban100,img_068,v3,/home/ubuntu/scratch/sr-diffusion/benchmark_outputs/stage2_bicubic_generalization_v3_best11500/Urban100/img_068/base.png,/home/ubuntu/scratch/sr-diffusion/benchmarks/selfexsr/SelfExSR-master/data/Urban100/image_SRF_4/img_068_SRF_4_HR.png,/home/ubuntu/scratch/sr-diffusion/benchmarks/selfexsr/SelfExSR-master/data/Urban100/image_SRF_4/img_068_SRF_4_LR.png,30.047465978899254,28.62265805044792,0.8758908817926445,0.8583224711306965
Urban100,img_068,bridge_v2,/home/ubuntu/scratch/sr-diffusion/benchmark_outputs/stage2_robustness_bridge_v2_best1000/Urban100/img_068/base.png,/home/ubuntu/scratch/sr-diffusion/benchmarks/selfexsr/SelfExSR-master/data/Urban100/image_SRF_4/img_068_SRF_4_HR.png,/home/ubuntu/scratch/sr-diffusion/benchmarks/selfexsr/SelfExSR-master/data/Urban100/image_SRF_4/img_068_SRF_4_LR.png,30.028347795962205,28.604842820761306,0.8737287648949407,0.8560160307745015
Urban100,img_069,bicubic,generated:matlab_bicubic_resize,/home/ubuntu/scratch/sr-diffusion/benchmarks/selfexsr/SelfExSR-master/data/Urban100/image_SRF_4/img_069_SRF_4_HR.png,/home/ubuntu/scratch/sr-diffusion/benchmarks/selfexsr/SelfExSR-master/data/Urban100/image_SRF_4/img_069_SRF_4_LR.png,22.899728023100604,21.61501155011212,0.6307582042739128,0.6047569190455709
Urban100,img_069,v3,/home/ubuntu/scratch/sr-diffusion/benchmark_outputs/stage2_bicubic_generalization_v3_best11500/Urban100/img_069/base.png,/home/ubuntu/scratch/sr-diffusion/benchmarks/selfexsr/SelfExSR-master/data/Urban100/image_SRF_4/img_069_SRF_4_HR.png,/home/ubuntu/scratch/sr-diffusion/benchmarks/selfexsr/SelfExSR-master/data/Urban100/image_SRF_4/img_069_SRF_4_LR.png,24.596429243604653,23.272438435636815,0.7495961071295608,0.7286268944641754
Urban100,img_069,bridge_v2,/home/ubuntu/scratch/sr-diffusion/benchmark_outputs/stage2_robustness_bridge_v2_best1000/Urban100/img_069/base.png,/home/ubuntu/scratch/sr-diffusion/benchmarks/selfexsr/SelfExSR-master/data/Urban100/image_SRF_4/img_069_SRF_4_HR.png,/home/ubuntu/scratch/sr-diffusion/benchmarks/selfexsr/SelfExSR-master/data/Urban100/image_SRF_4/img_069_SRF_4_LR.png,24.59891524887619,23.27300239649054,0.7487891798675806,0.7275177893077006
Urban100,img_070,bicubic,generated:matlab_bicubic_resize,/home/ubuntu/scratch/sr-diffusion/benchmarks/selfexsr/SelfExSR-master/data/Urban100/image_SRF_4/img_070_SRF_4_HR.png,/home/ubuntu/scratch/sr-diffusion/benchmarks/selfexsr/SelfExSR-master/data/Urban100/image_SRF_4/img_070_SRF_4_LR.png,21.5011553622232,20.184022242586362,0.5264459858423846,0.5049707153824903
Urban100,img_070,v3,/home/ubuntu/scratch/sr-diffusion/benchmark_outputs/stage2_bicubic_generalization_v3_best11500/Urban100/img_070/base.png,/home/ubuntu/scratch/sr-diffusion/benchmarks/selfexsr/SelfExSR-master/data/Urban100/image_SRF_4/img_070_SRF_4_HR.png,/home/ubuntu/scratch/sr-diffusion/benchmarks/selfexsr/SelfExSR-master/data/Urban100/image_SRF_4/img_070_SRF_4_LR.png,22.10130987778839,20.777462903453948,0.5981263143778628,0.5780987639331515
Urban100,img_070,bridge_v2,/home/ubuntu/scratch/sr-diffusion/benchmark_outputs/stage2_robustness_bridge_v2_best1000/Urban100/img_070/base.png,/home/ubuntu/scratch/sr-diffusion/benchmarks/selfexsr/SelfExSR-master/data/Urban100/image_SRF_4/img_070_SRF_4_HR.png,/home/ubuntu/scratch/sr-diffusion/benchmarks/selfexsr/SelfExSR-master/data/Urban100/image_SRF_4/img_070_SRF_4_LR.png,22.103690350887607,20.779948692866085,0.5975615814939337,0.577496603983038
Urban100,img_071,bicubic,generated:matlab_bicubic_resize,/home/ubuntu/scratch/sr-diffusion/benchmarks/selfexsr/SelfExSR-master/data/Urban100/image_SRF_4/img_071_SRF_4_HR.png,/home/ubuntu/scratch/sr-diffusion/benchmarks/selfexsr/SelfExSR-master/data/Urban100/image_SRF_4/img_071_SRF_4_LR.png,25.7148361950504,24.323834417593467,0.5557747978767604,0.5119210460806672
Urban100,img_071,v3,/home/ubuntu/scratch/sr-diffusion/benchmark_outputs/stage2_bicubic_generalization_v3_best11500/Urban100/img_071/base.png,/home/ubuntu/scratch/sr-diffusion/benchmarks/selfexsr/SelfExSR-master/data/Urban100/image_SRF_4/img_071_SRF_4_HR.png,/home/ubuntu/scratch/sr-diffusion/benchmarks/selfexsr/SelfExSR-master/data/Urban100/image_SRF_4/img_071_SRF_4_LR.png,27.709751863449107,26.351865819452836,0.655153592389549,0.6181118140468298
Urban100,img_071,bridge_v2,/home/ubuntu/scratch/sr-diffusion/benchmark_outputs/stage2_robustness_bridge_v2_best1000/Urban100/img_071/base.png,/home/ubuntu/scratch/sr-diffusion/benchmarks/selfexsr/SelfExSR-master/data/Urban100/image_SRF_4/img_071_SRF_4_HR.png,/home/ubuntu/scratch/sr-diffusion/benchmarks/selfexsr/SelfExSR-master/data/Urban100/image_SRF_4/img_071_SRF_4_LR.png,27.6951650670454,26.336207684871763,0.6524533830378847,0.6149473065670122
Urban100,img_072,bicubic,generated:matlab_bicubic_resize,/home/ubuntu/scratch/sr-diffusion/benchmarks/selfexsr/SelfExSR-master/data/Urban100/image_SRF_4/img_072_SRF_4_HR.png,/home/ubuntu/scratch/sr-diffusion/benchmarks/selfexsr/SelfExSR-master/data/Urban100/image_SRF_4/img_072_SRF_4_LR.png,16.684619670248853,15.362698358372116,0.5620626042916426,0.5462410819094191
Urban100,img_072,v3,/home/ubuntu/scratch/sr-diffusion/benchmark_outputs/stage2_bicubic_generalization_v3_best11500/Urban100/img_072/base.png,/home/ubuntu/scratch/sr-diffusion/benchmarks/selfexsr/SelfExSR-master/data/Urban100/image_SRF_4/img_072_SRF_4_HR.png,/home/ubuntu/scratch/sr-diffusion/benchmarks/selfexsr/SelfExSR-master/data/Urban100/image_SRF_4/img_072_SRF_4_LR.png,19.83002973816757,18.50199346414008,0.8033099032227438,0.7965279144532378
Urban100,img_072,bridge_v2,/home/ubuntu/scratch/sr-diffusion/benchmark_outputs/stage2_robustness_bridge_v2_best1000/Urban100/img_072/base.png,/home/ubuntu/scratch/sr-diffusion/benchmarks/selfexsr/SelfExSR-master/data/Urban100/image_SRF_4/img_072_SRF_4_HR.png,/home/ubuntu/scratch/sr-diffusion/benchmarks/selfexsr/SelfExSR-master/data/Urban100/image_SRF_4/img_072_SRF_4_LR.png,19.82051148224205,18.49201506250736,0.8018855342791075,0.7951142325828341
Urban100,img_073,bicubic,generated:matlab_bicubic_resize,/home/ubuntu/scratch/sr-diffusion/benchmarks/selfexsr/SelfExSR-master/data/Urban100/image_SRF_4/img_073_SRF_4_HR.png,/home/ubuntu/scratch/sr-diffusion/benchmarks/selfexsr/SelfExSR-master/data/Urban100/image_SRF_4/img_073_SRF_4_LR.png,19.47599854140567,18.20376431177828,0.43737217106819615,0.42032032153526444
Urban100,img_073,v3,/home/ubuntu/scratch/sr-diffusion/benchmark_outputs/stage2_bicubic_generalization_v3_best11500/Urban100/img_073/base.png,/home/ubuntu/scratch/sr-diffusion/benchmarks/selfexsr/SelfExSR-master/data/Urban100/image_SRF_4/img_073_SRF_4_HR.png,/home/ubuntu/scratch/sr-diffusion/benchmarks/selfexsr/SelfExSR-master/data/Urban100/image_SRF_4/img_073_SRF_4_LR.png,19.93005651602202,18.626032703110084,0.5498639704908481,0.5308066240340358
Urban100,img_073,bridge_v2,/home/ubuntu/scratch/sr-diffusion/benchmark_outputs/stage2_robustness_bridge_v2_best1000/Urban100/img_073/base.png,/home/ubuntu/scratch/sr-diffusion/benchmarks/selfexsr/SelfExSR-master/data/Urban100/image_SRF_4/img_073_SRF_4_HR.png,/home/ubuntu/scratch/sr-diffusion/benchmarks/selfexsr/SelfExSR-master/data/Urban100/image_SRF_4/img_073_SRF_4_LR.png,19.91781813331811,18.602587932099524,0.5453953465596425,0.5253343094341071
Urban100,img_074,bicubic,generated:matlab_bicubic_resize,/home/ubuntu/scratch/sr-diffusion/benchmarks/selfexsr/SelfExSR-master/data/Urban100/image_SRF_4/img_074_SRF_4_HR.png,/home/ubuntu/scratch/sr-diffusion/benchmarks/selfexsr/SelfExSR-master/data/Urban100/image_SRF_4/img_074_SRF_4_LR.png,22.16004435238125,20.638845555173738,0.5552510470857125,0.5383828999443776
Urban100,img_074,v3,/home/ubuntu/scratch/sr-diffusion/benchmark_outputs/stage2_bicubic_generalization_v3_best11500/Urban100/img_074/base.png,/home/ubuntu/scratch/sr-diffusion/benchmarks/selfexsr/SelfExSR-master/data/Urban100/image_SRF_4/img_074_SRF_4_HR.png,/home/ubuntu/scratch/sr-diffusion/benchmarks/selfexsr/SelfExSR-master/data/Urban100/image_SRF_4/img_074_SRF_4_LR.png,23.374468494085786,21.891792771843832,0.6831894435154474,0.6714425965603791
Urban100,img_074,bridge_v2,/home/ubuntu/scratch/sr-diffusion/benchmark_outputs/stage2_robustness_bridge_v2_best1000/Urban100/img_074/base.png,/home/ubuntu/scratch/sr-diffusion/benchmarks/selfexsr/SelfExSR-master/data/Urban100/image_SRF_4/img_074_SRF_4_HR.png,/home/ubuntu/scratch/sr-diffusion/benchmarks/selfexsr/SelfExSR-master/data/Urban100/image_SRF_4/img_074_SRF_4_LR.png,23.331456926479703,21.847505277256406,0.6829778795587211,0.6712993397388627
Urban100,img_075,bicubic,generated:matlab_bicubic_resize,/home/ubuntu/scratch/sr-diffusion/benchmarks/selfexsr/SelfExSR-master/data/Urban100/image_SRF_4/img_075_SRF_4_HR.png,/home/ubuntu/scratch/sr-diffusion/benchmarks/selfexsr/SelfExSR-master/data/Urban100/image_SRF_4/img_075_SRF_4_LR.png,27.090153565785986,25.376615933932243,0.8028352842743274,0.7762417404025778
Urban100,img_075,v3,/home/ubuntu/scratch/sr-diffusion/benchmark_outputs/stage2_bicubic_generalization_v3_best11500/Urban100/img_075/base.png,/home/ubuntu/scratch/sr-diffusion/benchmarks/selfexsr/SelfExSR-master/data/Urban100/image_SRF_4/img_075_SRF_4_HR.png,/home/ubuntu/scratch/sr-diffusion/benchmarks/selfexsr/SelfExSR-master/data/Urban100/image_SRF_4/img_075_SRF_4_LR.png,31.25649915193465,29.445242196952258,0.8820621004085127,0.8578742971721921
Urban100,img_075,bridge_v2,/home/ubuntu/scratch/sr-diffusion/benchmark_outputs/stage2_robustness_bridge_v2_best1000/Urban100/img_075/base.png,/home/ubuntu/scratch/sr-diffusion/benchmarks/selfexsr/SelfExSR-master/data/Urban100/image_SRF_4/img_075_SRF_4_HR.png,/home/ubuntu/scratch/sr-diffusion/benchmarks/selfexsr/SelfExSR-master/data/Urban100/image_SRF_4/img_075_SRF_4_LR.png,31.230895586010877,29.422492431582533,0.8818978589029148,0.8576868243101688
Urban100,img_076,bicubic,generated:matlab_bicubic_resize,/home/ubuntu/scratch/sr-diffusion/benchmarks/selfexsr/SelfExSR-master/data/Urban100/image_SRF_4/img_076_SRF_4_HR.png,/home/ubuntu/scratch/sr-diffusion/benchmarks/selfexsr/SelfExSR-master/data/Urban100/image_SRF_4/img_076_SRF_4_LR.png,21.574132843644364,20.113184236409694,0.628848509706735,0.6098270398803406
Urban100,img_076,v3,/home/ubuntu/scratch/sr-diffusion/benchmark_outputs/stage2_bicubic_generalization_v3_best11500/Urban100/img_076/base.png,/home/ubuntu/scratch/sr-diffusion/benchmarks/selfexsr/SelfExSR-master/data/Urban100/image_SRF_4/img_076_SRF_4_HR.png,/home/ubuntu/scratch/sr-diffusion/benchmarks/selfexsr/SelfExSR-master/data/Urban100/image_SRF_4/img_076_SRF_4_LR.png,22.379960159673118,20.898974937329406,0.7112465915877035,0.6925037690082451
Urban100,img_076,bridge_v2,/home/ubuntu/scratch/sr-diffusion/benchmark_outputs/stage2_robustness_bridge_v2_best1000/Urban100/img_076/base.png,/home/ubuntu/scratch/sr-diffusion/benchmarks/selfexsr/SelfExSR-master/data/Urban100/image_SRF_4/img_076_SRF_4_HR.png,/home/ubuntu/scratch/sr-diffusion/benchmarks/selfexsr/SelfExSR-master/data/Urban100/image_SRF_4/img_076_SRF_4_LR.png,22.362700339714962,20.88369893901861,0.7106423590012518,0.691976507616015
Urban100,img_077,bicubic,generated:matlab_bicubic_resize,/home/ubuntu/scratch/sr-diffusion/benchmarks/selfexsr/SelfExSR-master/data/Urban100/image_SRF_4/img_077_SRF_4_HR.png,/home/ubuntu/scratch/sr-diffusion/benchmarks/selfexsr/SelfExSR-master/data/Urban100/image_SRF_4/img_077_SRF_4_LR.png,22.01419953080282,20.60811889634405,0.6000805835814893,0.5819953452372909
Urban100,img_077,v3,/home/ubuntu/scratch/sr-diffusion/benchmark_outputs/stage2_bicubic_generalization_v3_best11500/Urban100/img_077/base.png,/home/ubuntu/scratch/sr-diffusion/benchmarks/selfexsr/SelfExSR-master/data/Urban100/image_SRF_4/img_077_SRF_4_HR.png,/home/ubuntu/scratch/sr-diffusion/benchmarks/selfexsr/SelfExSR-master/data/Urban100/image_SRF_4/img_077_SRF_4_LR.png,22.593211136767724,21.19049144119984,0.6726930720535289,0.6554286459120614
Urban100,img_077,bridge_v2,/home/ubuntu/scratch/sr-diffusion/benchmark_outputs/stage2_robustness_bridge_v2_best1000/Urban100/img_077/base.png,/home/ubuntu/scratch/sr-diffusion/benchmarks/selfexsr/SelfExSR-master/data/Urban100/image_SRF_4/img_077_SRF_4_HR.png,/home/ubuntu/scratch/sr-diffusion/benchmarks/selfexsr/SelfExSR-master/data/Urban100/image_SRF_4/img_077_SRF_4_LR.png,22.586232568719048,21.183319101977787,0.6739556984632769,0.656742396766104
Urban100,img_078,bicubic,generated:matlab_bicubic_resize,/home/ubuntu/scratch/sr-diffusion/benchmarks/selfexsr/SelfExSR-master/data/Urban100/image_SRF_4/img_078_SRF_4_HR.png,/home/ubuntu/scratch/sr-diffusion/benchmarks/selfexsr/SelfExSR-master/data/Urban100/image_SRF_4/img_078_SRF_4_LR.png,25.704446418878426,24.545880840535965,0.679749846331392,0.6369629563270108
Urban100,img_078,v3,/home/ubuntu/scratch/sr-diffusion/benchmark_outputs/stage2_bicubic_generalization_v3_best11500/Urban100/img_078/base.png,/home/ubuntu/scratch/sr-diffusion/benchmarks/selfexsr/SelfExSR-master/data/Urban100/image_SRF_4/img_078_SRF_4_HR.png,/home/ubuntu/scratch/sr-diffusion/benchmarks/selfexsr/SelfExSR-master/data/Urban100/image_SRF_4/img_078_SRF_4_LR.png,27.04959780466107,25.84347008230159,0.7662097817497637,0.7307648055416643
Urban100,img_078,bridge_v2,/home/ubuntu/scratch/sr-diffusion/benchmark_outputs/stage2_robustness_bridge_v2_best1000/Urban100/img_078/base.png,/home/ubuntu/scratch/sr-diffusion/benchmarks/selfexsr/SelfExSR-master/data/Urban100/image_SRF_4/img_078_SRF_4_HR.png,/home/ubuntu/scratch/sr-diffusion/benchmarks/selfexsr/SelfExSR-master/data/Urban100/image_SRF_4/img_078_SRF_4_LR.png,27.04813852843586,25.841433575608384,0.7664414503662339,0.7310202712241844
Urban100,img_079,bicubic,generated:matlab_bicubic_resize,/home/ubuntu/scratch/sr-diffusion/benchmarks/selfexsr/SelfExSR-master/data/Urban100/image_SRF_4/img_079_SRF_4_HR.png,/home/ubuntu/scratch/sr-diffusion/benchmarks/selfexsr/SelfExSR-master/data/Urban100/image_SRF_4/img_079_SRF_4_LR.png,23.82218745021425,22.398722205031262,0.5927952265593148,0.5629260070884378
Urban100,img_079,v3,/home/ubuntu/scratch/sr-diffusion/benchmark_outputs/stage2_bicubic_generalization_v3_best11500/Urban100/img_079/base.png,/home/ubuntu/scratch/sr-diffusion/benchmarks/selfexsr/SelfExSR-master/data/Urban100/image_SRF_4/img_079_SRF_4_HR.png,/home/ubuntu/scratch/sr-diffusion/benchmarks/selfexsr/SelfExSR-master/data/Urban100/image_SRF_4/img_079_SRF_4_LR.png,25.11965749771964,23.684594135174528,0.6878557021173297,0.6599874124535412
Urban100,img_079,bridge_v2,/home/ubuntu/scratch/sr-diffusion/benchmark_outputs/stage2_robustness_bridge_v2_best1000/Urban100/img_079/base.png,/home/ubuntu/scratch/sr-diffusion/benchmarks/selfexsr/SelfExSR-master/data/Urban100/image_SRF_4/img_079_SRF_4_HR.png,/home/ubuntu/scratch/sr-diffusion/benchmarks/selfexsr/SelfExSR-master/data/Urban100/image_SRF_4/img_079_SRF_4_LR.png,25.111749607556717,23.675994074612028,0.6879895615397789,0.6600862315164086
Urban100,img_080,bicubic,generated:matlab_bicubic_resize,/home/ubuntu/scratch/sr-diffusion/benchmarks/selfexsr/SelfExSR-master/data/Urban100/image_SRF_4/img_080_SRF_4_HR.png,/home/ubuntu/scratch/sr-diffusion/benchmarks/selfexsr/SelfExSR-master/data/Urban100/image_SRF_4/img_080_SRF_4_LR.png,32.706356430289325,31.217245633222475,0.9169993844651327,0.9005277676179433
Urban100,img_080,v3,/home/ubuntu/scratch/sr-diffusion/benchmark_outputs/stage2_bicubic_generalization_v3_best11500/Urban100/img_080/base.png,/home/ubuntu/scratch/sr-diffusion/benchmarks/selfexsr/SelfExSR-master/data/Urban100/image_SRF_4/img_080_SRF_4_HR.png,/home/ubuntu/scratch/sr-diffusion/benchmarks/selfexsr/SelfExSR-master/data/Urban100/image_SRF_4/img_080_SRF_4_LR.png,35.25285218562647,33.714567441838064,0.9482159131558047,0.9337097559993642
Urban100,img_080,bridge_v2,/home/ubuntu/scratch/sr-diffusion/benchmark_outputs/stage2_robustness_bridge_v2_best1000/Urban100/img_080/base.png,/home/ubuntu/scratch/sr-diffusion/benchmarks/selfexsr/SelfExSR-master/data/Urban100/image_SRF_4/img_080_SRF_4_HR.png,/home/ubuntu/scratch/sr-diffusion/benchmarks/selfexsr/SelfExSR-master/data/Urban100/image_SRF_4/img_080_SRF_4_LR.png,35.299677090360305,33.75004825988957,0.9490073945220785,0.9345934071443557
Urban100,img_081,bicubic,generated:matlab_bicubic_resize,/home/ubuntu/scratch/sr-diffusion/benchmarks/selfexsr/SelfExSR-master/data/Urban100/image_SRF_4/img_081_SRF_4_HR.png,/home/ubuntu/scratch/sr-diffusion/benchmarks/selfexsr/SelfExSR-master/data/Urban100/image_SRF_4/img_081_SRF_4_LR.png,28.579735396030856,26.40244610994577,0.8933234270449036,0.8616432886350124
Urban100,img_081,v3,/home/ubuntu/scratch/sr-diffusion/benchmark_outputs/stage2_bicubic_generalization_v3_best11500/Urban100/img_081/base.png,/home/ubuntu/scratch/sr-diffusion/benchmarks/selfexsr/SelfExSR-master/data/Urban100/image_SRF_4/img_081_SRF_4_HR.png,/home/ubuntu/scratch/sr-diffusion/benchmarks/selfexsr/SelfExSR-master/data/Urban100/image_SRF_4/img_081_SRF_4_LR.png,35.72081881568987,32.8994152641127,0.9650998873260768,0.9204565160099253
Urban100,img_081,bridge_v2,/home/ubuntu/scratch/sr-diffusion/benchmark_outputs/stage2_robustness_bridge_v2_best1000/Urban100/img_081/base.png,/home/ubuntu/scratch/sr-diffusion/benchmarks/selfexsr/SelfExSR-master/data/Urban100/image_SRF_4/img_081_SRF_4_HR.png,/home/ubuntu/scratch/sr-diffusion/benchmarks/selfexsr/SelfExSR-master/data/Urban100/image_SRF_4/img_081_SRF_4_LR.png,35.73434414256304,32.900238751977966,0.965040695324679,0.9195473173291058
Urban100,img_082,bicubic,generated:matlab_bicubic_resize,/home/ubuntu/scratch/sr-diffusion/benchmarks/selfexsr/SelfExSR-master/data/Urban100/image_SRF_4/img_082_SRF_4_HR.png,/home/ubuntu/scratch/sr-diffusion/benchmarks/selfexsr/SelfExSR-master/data/Urban100/image_SRF_4/img_082_SRF_4_LR.png,27.710101765329625,26.25330802094092,0.8738831917033252,0.8489874052292788
Urban100,img_082,v3,/home/ubuntu/scratch/sr-diffusion/benchmark_outputs/stage2_bicubic_generalization_v3_best11500/Urban100/img_082/base.png,/home/ubuntu/scratch/sr-diffusion/benchmarks/selfexsr/SelfExSR-master/data/Urban100/image_SRF_4/img_082_SRF_4_HR.png,/home/ubuntu/scratch/sr-diffusion/benchmarks/selfexsr/SelfExSR-master/data/Urban100/image_SRF_4/img_082_SRF_4_LR.png,32.21139056353718,30.671265865593007,0.9381459113947159,0.9151335233921936
Urban100,img_082,bridge_v2,/home/ubuntu/scratch/sr-diffusion/benchmark_outputs/stage2_robustness_bridge_v2_best1000/Urban100/img_082/base.png,/home/ubuntu/scratch/sr-diffusion/benchmarks/selfexsr/SelfExSR-master/data/Urban100/image_SRF_4/img_082_SRF_4_HR.png,/home/ubuntu/scratch/sr-diffusion/benchmarks/selfexsr/SelfExSR-master/data/Urban100/image_SRF_4/img_082_SRF_4_LR.png,32.15611466791419,30.4825467547806,0.9381692570298013,0.9128580150276849
Urban100,img_083,bicubic,generated:matlab_bicubic_resize,/home/ubuntu/scratch/sr-diffusion/benchmarks/selfexsr/SelfExSR-master/data/Urban100/image_SRF_4/img_083_SRF_4_HR.png,/home/ubuntu/scratch/sr-diffusion/benchmarks/selfexsr/SelfExSR-master/data/Urban100/image_SRF_4/img_083_SRF_4_LR.png,20.492521283207495,19.238530480652592,0.5547641805052183,0.5321064364732476
Urban100,img_083,v3,/home/ubuntu/scratch/sr-diffusion/benchmark_outputs/stage2_bicubic_generalization_v3_best11500/Urban100/img_083/base.png,/home/ubuntu/scratch/sr-diffusion/benchmarks/selfexsr/SelfExSR-master/data/Urban100/image_SRF_4/img_083_SRF_4_HR.png,/home/ubuntu/scratch/sr-diffusion/benchmarks/selfexsr/SelfExSR-master/data/Urban100/image_SRF_4/img_083_SRF_4_LR.png,22.029405846264606,20.75981788260167,0.6831532717363538,0.6642470385096292
Urban100,img_083,bridge_v2,/home/ubuntu/scratch/sr-diffusion/benchmark_outputs/stage2_robustness_bridge_v2_best1000/Urban100/img_083/base.png,/home/ubuntu/scratch/sr-diffusion/benchmarks/selfexsr/SelfExSR-master/data/Urban100/image_SRF_4/img_083_SRF_4_HR.png,/home/ubuntu/scratch/sr-diffusion/benchmarks/selfexsr/SelfExSR-master/data/Urban100/image_SRF_4/img_083_SRF_4_LR.png,22.036190945098525,20.76604031557622,0.6835965190285218,0.6648686921212718
Urban100,img_084,bicubic,generated:matlab_bicubic_resize,/home/ubuntu/scratch/sr-diffusion/benchmarks/selfexsr/SelfExSR-master/data/Urban100/image_SRF_4/img_084_SRF_4_HR.png,/home/ubuntu/scratch/sr-diffusion/benchmarks/selfexsr/SelfExSR-master/data/Urban100/image_SRF_4/img_084_SRF_4_LR.png,26.475556054499076,25.087999910013018,0.7158806514340254,0.686546856856721
Urban100,img_084,v3,/home/ubuntu/scratch/sr-diffusion/benchmark_outputs/stage2_bicubic_generalization_v3_best11500/Urban100/img_084/base.png,/home/ubuntu/scratch/sr-diffusion/benchmarks/selfexsr/SelfExSR-master/data/Urban100/image_SRF_4/img_084_SRF_4_HR.png,/home/ubuntu/scratch/sr-diffusion/benchmarks/selfexsr/SelfExSR-master/data/Urban100/image_SRF_4/img_084_SRF_4_LR.png,28.40381731629882,26.857392418846114,0.803082404738815,0.7751359486395053
Urban100,img_084,bridge_v2,/home/ubuntu/scratch/sr-diffusion/benchmark_outputs/stage2_robustness_bridge_v2_best1000/Urban100/img_084/base.png,/home/ubuntu/scratch/sr-diffusion/benchmarks/selfexsr/SelfExSR-master/data/Urban100/image_SRF_4/img_084_SRF_4_HR.png,/home/ubuntu/scratch/sr-diffusion/benchmarks/selfexsr/SelfExSR-master/data/Urban100/image_SRF_4/img_084_SRF_4_LR.png,28.39504804928131,26.847647223604497,0.8042447281592299,0.7763456381863593
Urban100,img_085,bicubic,generated:matlab_bicubic_resize,/home/ubuntu/scratch/sr-diffusion/benchmarks/selfexsr/SelfExSR-master/data/Urban100/image_SRF_4/img_085_SRF_4_HR.png,/home/ubuntu/scratch/sr-diffusion/benchmarks/selfexsr/SelfExSR-master/data/Urban100/image_SRF_4/img_085_SRF_4_LR.png,25.903557171401093,24.36979725863731,0.837408964475899,0.8246066351645766
Urban100,img_085,v3,/home/ubuntu/scratch/sr-diffusion/benchmark_outputs/stage2_bicubic_generalization_v3_best11500/Urban100/img_085/base.png,/home/ubuntu/scratch/sr-diffusion/benchmarks/selfexsr/SelfExSR-master/data/Urban100/image_SRF_4/img_085_SRF_4_HR.png,/home/ubuntu/scratch/sr-diffusion/benchmarks/selfexsr/SelfExSR-master/data/Urban100/image_SRF_4/img_085_SRF_4_LR.png,27.840972298287298,26.271517941908684,0.893468702759202,0.8785160630913332
Urban100,img_085,bridge_v2,/home/ubuntu/scratch/sr-diffusion/benchmark_outputs/stage2_robustness_bridge_v2_best1000/Urban100/img_085/base.png,/home/ubuntu/scratch/sr-diffusion/benchmarks/selfexsr/SelfExSR-master/data/Urban100/image_SRF_4/img_085_SRF_4_HR.png,/home/ubuntu/scratch/sr-diffusion/benchmarks/selfexsr/SelfExSR-master/data/Urban100/image_SRF_4/img_085_SRF_4_LR.png,27.8132824743388,26.242163816337005,0.8931522899774018,0.877696303155596
Urban100,img_086,bicubic,generated:matlab_bicubic_resize,/home/ubuntu/scratch/sr-diffusion/benchmarks/selfexsr/SelfExSR-master/data/Urban100/image_SRF_4/img_086_SRF_4_HR.png,/home/ubuntu/scratch/sr-diffusion/benchmarks/selfexsr/SelfExSR-master/data/Urban100/image_SRF_4/img_086_SRF_4_LR.png,28.00742953694785,26.61515987427469,0.832379757879749,0.8120987792030729
Urban100,img_086,v3,/home/ubuntu/scratch/sr-diffusion/benchmark_outputs/stage2_bicubic_generalization_v3_best11500/Urban100/img_086/base.png,/home/ubuntu/scratch/sr-diffusion/benchmarks/selfexsr/SelfExSR-master/data/Urban100/image_SRF_4/img_086_SRF_4_HR.png,/home/ubuntu/scratch/sr-diffusion/benchmarks/selfexsr/SelfExSR-master/data/Urban100/image_SRF_4/img_086_SRF_4_LR.png,30.270063115382023,28.813223750716354,0.8843907267959628,0.8659816986773196
Urban100,img_086,bridge_v2,/home/ubuntu/scratch/sr-diffusion/benchmark_outputs/stage2_robustness_bridge_v2_best1000/Urban100/img_086/base.png,/home/ubuntu/scratch/sr-diffusion/benchmarks/selfexsr/SelfExSR-master/data/Urban100/image_SRF_4/img_086_SRF_4_HR.png,/home/ubuntu/scratch/sr-diffusion/benchmarks/selfexsr/SelfExSR-master/data/Urban100/image_SRF_4/img_086_SRF_4_LR.png,30.224219699825493,28.752542034133274,0.8856384718060377,0.8671386850130859
Urban100,img_087,bicubic,generated:matlab_bicubic_resize,/home/ubuntu/scratch/sr-diffusion/benchmarks/selfexsr/SelfExSR-master/data/Urban100/image_SRF_4/img_087_SRF_4_HR.png,/home/ubuntu/scratch/sr-diffusion/benchmarks/selfexsr/SelfExSR-master/data/Urban100/image_SRF_4/img_087_SRF_4_LR.png,22.854783608600584,21.57692792936598,0.7409205376535272,0.7136399195167463
Urban100,img_087,v3,/home/ubuntu/scratch/sr-diffusion/benchmark_outputs/stage2_bicubic_generalization_v3_best11500/Urban100/img_087/base.png,/home/ubuntu/scratch/sr-diffusion/benchmarks/selfexsr/SelfExSR-master/data/Urban100/image_SRF_4/img_087_SRF_4_HR.png,/home/ubuntu/scratch/sr-diffusion/benchmarks/selfexsr/SelfExSR-master/data/Urban100/image_SRF_4/img_087_SRF_4_LR.png,27.358262165379728,25.91727240485063,0.8764510375182126,0.8523959534118903
Urban100,img_087,bridge_v2,/home/ubuntu/scratch/sr-diffusion/benchmark_outputs/stage2_robustness_bridge_v2_best1000/Urban100/img_087/base.png,/home/ubuntu/scratch/sr-diffusion/benchmarks/selfexsr/SelfExSR-master/data/Urban100/image_SRF_4/img_087_SRF_4_HR.png,/home/ubuntu/scratch/sr-diffusion/benchmarks/selfexsr/SelfExSR-master/data/Urban100/image_SRF_4/img_087_SRF_4_LR.png,27.320043171408535,25.88017815971227,0.8751071154314004,0.8509712008313429
Urban100,img_088,bicubic,generated:matlab_bicubic_resize,/home/ubuntu/scratch/sr-diffusion/benchmarks/selfexsr/SelfExSR-master/data/Urban100/image_SRF_4/img_088_SRF_4_HR.png,/home/ubuntu/scratch/sr-diffusion/benchmarks/selfexsr/SelfExSR-master/data/Urban100/image_SRF_4/img_088_SRF_4_LR.png,18.644704344038225,17.255712839961348,0.4173516924383566,0.3979057756018543
Urban100,img_088,v3,/home/ubuntu/scratch/sr-diffusion/benchmark_outputs/stage2_bicubic_generalization_v3_best11500/Urban100/img_088/base.png,/home/ubuntu/scratch/sr-diffusion/benchmarks/selfexsr/SelfExSR-master/data/Urban100/image_SRF_4/img_088_SRF_4_HR.png,/home/ubuntu/scratch/sr-diffusion/benchmarks/selfexsr/SelfExSR-master/data/Urban100/image_SRF_4/img_088_SRF_4_LR.png,19.689787302605822,18.34445602077035,0.5635564565756985,0.5436606484068925
Urban100,img_088,bridge_v2,/home/ubuntu/scratch/sr-diffusion/benchmark_outputs/stage2_robustness_bridge_v2_best1000/Urban100/img_088/base.png,/home/ubuntu/scratch/sr-diffusion/benchmarks/selfexsr/SelfExSR-master/data/Urban100/image_SRF_4/img_088_SRF_4_HR.png,/home/ubuntu/scratch/sr-diffusion/benchmarks/selfexsr/SelfExSR-master/data/Urban100/image_SRF_4/img_088_SRF_4_LR.png,19.704800685044884,18.357420189577947,0.5596594852518094,0.5397539858095387
Urban100,img_089,bicubic,generated:matlab_bicubic_resize,/home/ubuntu/scratch/sr-diffusion/benchmarks/selfexsr/SelfExSR-master/data/Urban100/image_SRF_4/img_089_SRF_4_HR.png,/home/ubuntu/scratch/sr-diffusion/benchmarks/selfexsr/SelfExSR-master/data/Urban100/image_SRF_4/img_089_SRF_4_LR.png,25.44994008394699,24.107622115883313,0.6229809491015779,0.5966288481692756
Urban100,img_089,v3,/home/ubuntu/scratch/sr-diffusion/benchmark_outputs/stage2_bicubic_generalization_v3_best11500/Urban100/img_089/base.png,/home/ubuntu/scratch/sr-diffusion/benchmarks/selfexsr/SelfExSR-master/data/Urban100/image_SRF_4/img_089_SRF_4_HR.png,/home/ubuntu/scratch/sr-diffusion/benchmarks/selfexsr/SelfExSR-master/data/Urban100/image_SRF_4/img_089_SRF_4_LR.png,26.627746219172955,25.280814756124673,0.7169117856229529,0.6962981538286549
Urban100,img_089,bridge_v2,/home/ubuntu/scratch/sr-diffusion/benchmark_outputs/stage2_robustness_bridge_v2_best1000/Urban100/img_089/base.png,/home/ubuntu/scratch/sr-diffusion/benchmarks/selfexsr/SelfExSR-master/data/Urban100/image_SRF_4/img_089_SRF_4_HR.png,/home/ubuntu/scratch/sr-diffusion/benchmarks/selfexsr/SelfExSR-master/data/Urban100/image_SRF_4/img_089_SRF_4_LR.png,26.603887389941058,25.256034074294465,0.7178091277363257,0.6972730867734676
Urban100,img_090,bicubic,generated:matlab_bicubic_resize,/home/ubuntu/scratch/sr-diffusion/benchmarks/selfexsr/SelfExSR-master/data/Urban100/image_SRF_4/img_090_SRF_4_HR.png,/home/ubuntu/scratch/sr-diffusion/benchmarks/selfexsr/SelfExSR-master/data/Urban100/image_SRF_4/img_090_SRF_4_LR.png,30.489126990740566,29.08928910023015,0.8877037437147648,0.8744792277239869
Urban100,img_090,v3,/home/ubuntu/scratch/sr-diffusion/benchmark_outputs/stage2_bicubic_generalization_v3_best11500/Urban100/img_090/base.png,/home/ubuntu/scratch/sr-diffusion/benchmarks/selfexsr/SelfExSR-master/data/Urban100/image_SRF_4/img_090_SRF_4_HR.png,/home/ubuntu/scratch/sr-diffusion/benchmarks/selfexsr/SelfExSR-master/data/Urban100/image_SRF_4/img_090_SRF_4_LR.png,37.4969217828062,35.81295391786882,0.9730318269365147,0.9622949642263124
Urban100,img_090,bridge_v2,/home/ubuntu/scratch/sr-diffusion/benchmark_outputs/stage2_robustness_bridge_v2_best1000/Urban100/img_090/base.png,/home/ubuntu/scratch/sr-diffusion/benchmarks/selfexsr/SelfExSR-master/data/Urban100/image_SRF_4/img_090_SRF_4_HR.png,/home/ubuntu/scratch/sr-diffusion/benchmarks/selfexsr/SelfExSR-master/data/Urban100/image_SRF_4/img_090_SRF_4_LR.png,37.3452471510095,35.67149922441156,0.9725168669918293,0.9617211842861962
Urban100,img_091,bicubic,generated:matlab_bicubic_resize,/home/ubuntu/scratch/sr-diffusion/benchmarks/selfexsr/SelfExSR-master/data/Urban100/image_SRF_4/img_091_SRF_4_HR.png,/home/ubuntu/scratch/sr-diffusion/benchmarks/selfexsr/SelfExSR-master/data/Urban100/image_SRF_4/img_091_SRF_4_LR.png,22.170031135555753,20.335570160185238,0.5264059432229115,0.4885278364312444
Urban100,img_091,v3,/home/ubuntu/scratch/sr-diffusion/benchmark_outputs/stage2_bicubic_generalization_v3_best11500/Urban100/img_091/base.png,/home/ubuntu/scratch/sr-diffusion/benchmarks/selfexsr/SelfExSR-master/data/Urban100/image_SRF_4/img_091_SRF_4_HR.png,/home/ubuntu/scratch/sr-diffusion/benchmarks/selfexsr/SelfExSR-master/data/Urban100/image_SRF_4/img_091_SRF_4_LR.png,23.451174698837516,21.644391977667862,0.6433897424866725,0.6093472687704335
Urban100,img_091,bridge_v2,/home/ubuntu/scratch/sr-diffusion/benchmark_outputs/stage2_robustness_bridge_v2_best1000/Urban100/img_091/base.png,/home/ubuntu/scratch/sr-diffusion/benchmarks/selfexsr/SelfExSR-master/data/Urban100/image_SRF_4/img_091_SRF_4_HR.png,/home/ubuntu/scratch/sr-diffusion/benchmarks/selfexsr/SelfExSR-master/data/Urban100/image_SRF_4/img_091_SRF_4_LR.png,23.465171901375676,21.656746586268657,0.6404380058792082,0.6061170943251821
Urban100,img_092,bicubic,generated:matlab_bicubic_resize,/home/ubuntu/scratch/sr-diffusion/benchmarks/selfexsr/SelfExSR-master/data/Urban100/image_SRF_4/img_092_SRF_4_HR.png,/home/ubuntu/scratch/sr-diffusion/benchmarks/selfexsr/SelfExSR-master/data/Urban100/image_SRF_4/img_092_SRF_4_LR.png,16.579708965098842,15.257800488179388,0.4376793156427288,0.41495884881514894
Urban100,img_092,v3,/home/ubuntu/scratch/sr-diffusion/benchmark_outputs/stage2_bicubic_generalization_v3_best11500/Urban100/img_092/base.png,/home/ubuntu/scratch/sr-diffusion/benchmarks/selfexsr/SelfExSR-master/data/Urban100/image_SRF_4/img_092_SRF_4_HR.png,/home/ubuntu/scratch/sr-diffusion/benchmarks/selfexsr/SelfExSR-master/data/Urban100/image_SRF_4/img_092_SRF_4_LR.png,18.47634338079683,17.150382413577642,0.6215392615344695,0.6014721360852059
Urban100,img_092,bridge_v2,/home/ubuntu/scratch/sr-diffusion/benchmark_outputs/stage2_robustness_bridge_v2_best1000/Urban100/img_092/base.png,/home/ubuntu/scratch/sr-diffusion/benchmarks/selfexsr/SelfExSR-master/data/Urban100/image_SRF_4/img_092_SRF_4_HR.png,/home/ubuntu/scratch/sr-diffusion/benchmarks/selfexsr/SelfExSR-master/data/Urban100/image_SRF_4/img_092_SRF_4_LR.png,18.427337208859832,17.100819240961833,0.617423626543168,0.5971772876785576
Urban100,img_093,bicubic,generated:matlab_bicubic_resize,/home/ubuntu/scratch/sr-diffusion/benchmarks/selfexsr/SelfExSR-master/data/Urban100/image_SRF_4/img_093_SRF_4_HR.png,/home/ubuntu/scratch/sr-diffusion/benchmarks/selfexsr/SelfExSR-master/data/Urban100/image_SRF_4/img_093_SRF_4_LR.png,23.62163465546349,22.2849320653021,0.8064754805791969,0.7851331521289729
Urban100,img_093,v3,/home/ubuntu/scratch/sr-diffusion/benchmark_outputs/stage2_bicubic_generalization_v3_best11500/Urban100/img_093/base.png,/home/ubuntu/scratch/sr-diffusion/benchmarks/selfexsr/SelfExSR-master/data/Urban100/image_SRF_4/img_093_SRF_4_HR.png,/home/ubuntu/scratch/sr-diffusion/benchmarks/selfexsr/SelfExSR-master/data/Urban100/image_SRF_4/img_093_SRF_4_LR.png,28.518696539424266,27.062426743331685,0.920985848116229,0.9031072993188012
Urban100,img_093,bridge_v2,/home/ubuntu/scratch/sr-diffusion/benchmark_outputs/stage2_robustness_bridge_v2_best1000/Urban100/img_093/base.png,/home/ubuntu/scratch/sr-diffusion/benchmarks/selfexsr/SelfExSR-master/data/Urban100/image_SRF_4/img_093_SRF_4_HR.png,/home/ubuntu/scratch/sr-diffusion/benchmarks/selfexsr/SelfExSR-master/data/Urban100/image_SRF_4/img_093_SRF_4_LR.png,28.572405763502232,27.102996457035037,0.9211406622017771,0.9032294848287868
Urban100,img_094,bicubic,generated:matlab_bicubic_resize,/home/ubuntu/scratch/sr-diffusion/benchmarks/selfexsr/SelfExSR-master/data/Urban100/image_SRF_4/img_094_SRF_4_HR.png,/home/ubuntu/scratch/sr-diffusion/benchmarks/selfexsr/SelfExSR-master/data/Urban100/image_SRF_4/img_094_SRF_4_LR.png,25.35078280652025,24.005260783022546,0.702365251061718,0.6598044661493275
Urban100,img_094,v3,/home/ubuntu/scratch/sr-diffusion/benchmark_outputs/stage2_bicubic_generalization_v3_best11500/Urban100/img_094/base.png,/home/ubuntu/scratch/sr-diffusion/benchmarks/selfexsr/SelfExSR-master/data/Urban100/image_SRF_4/img_094_SRF_4_HR.png,/home/ubuntu/scratch/sr-diffusion/benchmarks/selfexsr/SelfExSR-master/data/Urban100/image_SRF_4/img_094_SRF_4_LR.png,27.055114248017645,25.65709787306361,0.7828112957353907,0.744193934775261
Urban100,img_094,bridge_v2,/home/ubuntu/scratch/sr-diffusion/benchmark_outputs/stage2_robustness_bridge_v2_best1000/Urban100/img_094/base.png,/home/ubuntu/scratch/sr-diffusion/benchmarks/selfexsr/SelfExSR-master/data/Urban100/image_SRF_4/img_094_SRF_4_HR.png,/home/ubuntu/scratch/sr-diffusion/benchmarks/selfexsr/SelfExSR-master/data/Urban100/image_SRF_4/img_094_SRF_4_LR.png,27.043244344779662,25.644988778234243,0.7822949244497851,0.743552415979568
Urban100,img_095,bicubic,generated:matlab_bicubic_resize,/home/ubuntu/scratch/sr-diffusion/benchmarks/selfexsr/SelfExSR-master/data/Urban100/image_SRF_4/img_095_SRF_4_HR.png,/home/ubuntu/scratch/sr-diffusion/benchmarks/selfexsr/SelfExSR-master/data/Urban100/image_SRF_4/img_095_SRF_4_LR.png,18.738898452137253,17.416977140260517,0.28046515620843215,0.2571851351658216
Urban100,img_095,v3,/home/ubuntu/scratch/sr-diffusion/benchmark_outputs/stage2_bicubic_generalization_v3_best11500/Urban100/img_095/base.png,/home/ubuntu/scratch/sr-diffusion/benchmarks/selfexsr/SelfExSR-master/data/Urban100/image_SRF_4/img_095_SRF_4_HR.png,/home/ubuntu/scratch/sr-diffusion/benchmarks/selfexsr/SelfExSR-master/data/Urban100/image_SRF_4/img_095_SRF_4_LR.png,20.191198561150795,18.8676006103438,0.44416844984042864,0.4259468251948139
Urban100,img_095,bridge_v2,/home/ubuntu/scratch/sr-diffusion/benchmark_outputs/stage2_robustness_bridge_v2_best1000/Urban100/img_095/base.png,/home/ubuntu/scratch/sr-diffusion/benchmarks/selfexsr/SelfExSR-master/data/Urban100/image_SRF_4/img_095_SRF_4_HR.png,/home/ubuntu/scratch/sr-diffusion/benchmarks/selfexsr/SelfExSR-master/data/Urban100/image_SRF_4/img_095_SRF_4_LR.png,20.09445882437012,18.770106864105493,0.42142735228416706,0.40166332094114116
Urban100,img_096,bicubic,generated:matlab_bicubic_resize,/home/ubuntu/scratch/sr-diffusion/benchmarks/selfexsr/SelfExSR-master/data/Urban100/image_SRF_4/img_096_SRF_4_HR.png,/home/ubuntu/scratch/sr-diffusion/benchmarks/selfexsr/SelfExSR-master/data/Urban100/image_SRF_4/img_096_SRF_4_LR.png,21.327421052126798,20.05920811161748,0.6858057978565768,0.6679038897495114
Urban100,img_096,v3,/home/ubuntu/scratch/sr-diffusion/benchmark_outputs/stage2_bicubic_generalization_v3_best11500/Urban100/img_096/base.png,/home/ubuntu/scratch/sr-diffusion/benchmarks/selfexsr/SelfExSR-master/data/Urban100/image_SRF_4/img_096_SRF_4_HR.png,/home/ubuntu/scratch/sr-diffusion/benchmarks/selfexsr/SelfExSR-master/data/Urban100/image_SRF_4/img_096_SRF_4_LR.png,23.707892154108166,22.404846629690127,0.8263239375273169,0.8116229111267727
Urban100,img_096,bridge_v2,/home/ubuntu/scratch/sr-diffusion/benchmark_outputs/stage2_robustness_bridge_v2_best1000/Urban100/img_096/base.png,/home/ubuntu/scratch/sr-diffusion/benchmarks/selfexsr/SelfExSR-master/data/Urban100/image_SRF_4/img_096_SRF_4_HR.png,/home/ubuntu/scratch/sr-diffusion/benchmarks/selfexsr/SelfExSR-master/data/Urban100/image_SRF_4/img_096_SRF_4_LR.png,23.804419799494426,22.49863868294065,0.829243639960293,0.8147144945455592
Urban100,img_097,bicubic,generated:matlab_bicubic_resize,/home/ubuntu/scratch/sr-diffusion/benchmarks/selfexsr/SelfExSR-master/data/Urban100/image_SRF_4/img_097_SRF_4_HR.png,/home/ubuntu/scratch/sr-diffusion/benchmarks/selfexsr/SelfExSR-master/data/Urban100/image_SRF_4/img_097_SRF_4_LR.png,23.01924917937921,21.616160742138646,0.6425917195725455,0.6207394537234351
Urban100,img_097,v3,/home/ubuntu/scratch/sr-diffusion/benchmark_outputs/stage2_bicubic_generalization_v3_best11500/Urban100/img_097/base.png,/home/ubuntu/scratch/sr-diffusion/benchmarks/selfexsr/SelfExSR-master/data/Urban100/image_SRF_4/img_097_SRF_4_HR.png,/home/ubuntu/scratch/sr-diffusion/benchmarks/selfexsr/SelfExSR-master/data/Urban100/image_SRF_4/img_097_SRF_4_LR.png,24.48081342551461,23.064451627050573,0.7441782719865354,0.7260134382511744
Urban100,img_097,bridge_v2,/home/ubuntu/scratch/sr-diffusion/benchmark_outputs/stage2_robustness_bridge_v2_best1000/Urban100/img_097/base.png,/home/ubuntu/scratch/sr-diffusion/benchmarks/selfexsr/SelfExSR-master/data/Urban100/image_SRF_4/img_097_SRF_4_HR.png,/home/ubuntu/scratch/sr-diffusion/benchmarks/selfexsr/SelfExSR-master/data/Urban100/image_SRF_4/img_097_SRF_4_LR.png,24.471575598613175,23.054962884281885,0.7458078330905805,0.7277584515068544
Urban100,img_098,bicubic,generated:matlab_bicubic_resize,/home/ubuntu/scratch/sr-diffusion/benchmarks/selfexsr/SelfExSR-master/data/Urban100/image_SRF_4/img_098_SRF_4_HR.png,/home/ubuntu/scratch/sr-diffusion/benchmarks/selfexsr/SelfExSR-master/data/Urban100/image_SRF_4/img_098_SRF_4_LR.png,19.650224898986636,18.258377424138242,0.3910293974969752,0.3688940507314927
Urban100,img_098,v3,/home/ubuntu/scratch/sr-diffusion/benchmark_outputs/stage2_bicubic_generalization_v3_best11500/Urban100/img_098/base.png,/home/ubuntu/scratch/sr-diffusion/benchmarks/selfexsr/SelfExSR-master/data/Urban100/image_SRF_4/img_098_SRF_4_HR.png,/home/ubuntu/scratch/sr-diffusion/benchmarks/selfexsr/SelfExSR-master/data/Urban100/image_SRF_4/img_098_SRF_4_LR.png,20.51341581279749,19.126905374489457,0.5203467646254688,0.49979040220199106
Urban100,img_098,bridge_v2,/home/ubuntu/scratch/sr-diffusion/benchmark_outputs/stage2_robustness_bridge_v2_best1000/Urban100/img_098/base.png,/home/ubuntu/scratch/sr-diffusion/benchmarks/selfexsr/SelfExSR-master/data/Urban100/image_SRF_4/img_098_SRF_4_HR.png,/home/ubuntu/scratch/sr-diffusion/benchmarks/selfexsr/SelfExSR-master/data/Urban100/image_SRF_4/img_098_SRF_4_LR.png,20.517421311379135,19.130907779321035,0.5193266905162386,0.49881538322457014
Urban100,img_099,bicubic,generated:matlab_bicubic_resize,/home/ubuntu/scratch/sr-diffusion/benchmarks/selfexsr/SelfExSR-master/data/Urban100/image_SRF_4/img_099_SRF_4_HR.png,/home/ubuntu/scratch/sr-diffusion/benchmarks/selfexsr/SelfExSR-master/data/Urban100/image_SRF_4/img_099_SRF_4_LR.png,22.41167859246712,20.391473192480497,0.5877647141808264,0.5395311834601922
Urban100,img_099,v3,/home/ubuntu/scratch/sr-diffusion/benchmark_outputs/stage2_bicubic_generalization_v3_best11500/Urban100/img_099/base.png,/home/ubuntu/scratch/sr-diffusion/benchmarks/selfexsr/SelfExSR-master/data/Urban100/image_SRF_4/img_099_SRF_4_HR.png,/home/ubuntu/scratch/sr-diffusion/benchmarks/selfexsr/SelfExSR-master/data/Urban100/image_SRF_4/img_099_SRF_4_LR.png,25.171714799741885,22.815366043779246,0.7608182274899206,0.7103534887389186
Urban100,img_099,bridge_v2,/home/ubuntu/scratch/sr-diffusion/benchmark_outputs/stage2_robustness_bridge_v2_best1000/Urban100/img_099/base.png,/home/ubuntu/scratch/sr-diffusion/benchmarks/selfexsr/SelfExSR-master/data/Urban100/image_SRF_4/img_099_SRF_4_HR.png,/home/ubuntu/scratch/sr-diffusion/benchmarks/selfexsr/SelfExSR-master/data/Urban100/image_SRF_4/img_099_SRF_4_LR.png,25.26334269509161,22.89031732388837,0.7630796264992746,0.7127645911896453
Urban100,img_100,bicubic,generated:matlab_bicubic_resize,/home/ubuntu/scratch/sr-diffusion/benchmarks/selfexsr/SelfExSR-master/data/Urban100/image_SRF_4/img_100_SRF_4_HR.png,/home/ubuntu/scratch/sr-diffusion/benchmarks/selfexsr/SelfExSR-master/data/Urban100/image_SRF_4/img_100_SRF_4_LR.png,22.284320491581596,19.6234725089187,0.599815193772396,0.5319749851254348
Urban100,img_100,v3,/home/ubuntu/scratch/sr-diffusion/benchmark_outputs/stage2_bicubic_generalization_v3_best11500/Urban100/img_100/base.png,/home/ubuntu/scratch/sr-diffusion/benchmarks/selfexsr/SelfExSR-master/data/Urban100/image_SRF_4/img_100_SRF_4_HR.png,/home/ubuntu/scratch/sr-diffusion/benchmarks/selfexsr/SelfExSR-master/data/Urban100/image_SRF_4/img_100_SRF_4_LR.png,26.085446372015767,22.08942917519048,0.7457586626356821,0.6733916321287691
Urban100,img_100,bridge_v2,/home/ubuntu/scratch/sr-diffusion/benchmark_outputs/stage2_robustness_bridge_v2_best1000/Urban100/img_100/base.png,/home/ubuntu/scratch/sr-diffusion/benchmarks/selfexsr/SelfExSR-master/data/Urban100/image_SRF_4/img_100_SRF_4_HR.png,/home/ubuntu/scratch/sr-diffusion/benchmarks/selfexsr/SelfExSR-master/data/Urban100/image_SRF_4/img_100_SRF_4_LR.png,26.078214389851112,22.085299679853108,0.7453305357350237,0.6728030928114047
